方案ID,推广单元,序号_x,类型,关键词,序号_y,关键词ID,推广单元ID,消费额,点击量,浏览量,跳出率,平均停留秒,是否零点击词,CPC,浏览深度,单元键,单元消费,单元点击,单元浏览,qj,dj,eta0,eta,eta26,depth,候选消费,share,日期,月份_x,星期_x,CPC预测,CPC下限,CPC上限,CTR预测,CTR下限,CTR上限,展位预测,展位下限,展位上限,月份_y,星期_y,注册率预测,注册率下限,注册率上限,参考预算,同期CPC,同期CTR,同期展位,cpc,cpc_lo,cpc_hi,obj_center,obj_robust,obj,投入金额,预期点击量,预期展现量,预期浏览量,预期注册量,竞价下限,竞价上限,竞价代理值,展现量下限,展现量上限,点击量下限,点击量上限,浏览量下限,浏览量上限,注册量下限,注册量上限
495403620,8878077181,1,重点词,1048,295,1048,8878077181,1263.59,2840,29775,0.082,670.0,0,0.4449,10.4842,495403620_8878077181,124225.7,168752,1694374,1.358430662898257,10.040615814923674,1.6503815856832873,1.6503815856832873,1.3251907928416435,10.482909033187987,1263.59,0.010171727750376934,2026-09-11,9,4,0.6776633964897383,0.46530648996565843,1.038362081435162,0.6766815240076366,0.437242774596772,0.8720936331321385,1.357224589325837,1.0,1.6619867441963114,9,4,0.12164750140735366,0.09182918760446235,0.16054160597588862,875.6,0.7089878542510122,0.7480314960629921,1.2071471835251364,0.5113704382420329,0.35112414942748643,0.7835566674958352,0.23788528297714698,0.11719533687070623,0.23788528297714698,43.78,85.61308344398043,126.51902025776938,897.4741657939793,10.414617688739495,0.35112414942748643,0.7835566674958352,0.5113704382420329,64.06815695956607,285.16250134802317,55.87343177094808,124.6852433003654,585.7161026268843,1307.0640632986424,5.130811848199518,20.01716920093507
495403620,8878077181,3,重点词,3989,297,3989,8878077181,75197.1,124758,1230619,0.0814,631.0,0,0.6027,9.864,495403620_8878077181,124225.7,168752,1694374,1.358430662898257,10.040615814923674,1.2212973113764143,1.2212973113764143,1.1106486556882071,9.864060119956713,75197.1,0.6053264340631609,2026-09-11,9,4,0.6776633964897383,0.46530648996565843,1.038362081435162,0.6766815240076366,0.437242774596772,0.8720936331321385,1.357224589325837,1.0,1.6619867441963114,9,4,0.12164750140735366,0.09182918760446235,0.16054160597588862,875.6,0.7089878542510122,0.7480314960629921,1.2071471835251364,0.6101510077188433,0.41895021218688994,0.9349149941497447,0.19937277799827652,0.0982219647551766,0.19937277799827652,636.0285907988444,1042.4117681567864,1540.4761784880984,10282.41235084892,126.80678703389468,0.41895021218688994,0.9349149941497447,0.6101510077188433,780.0840489814591,3472.094863125799,680.3063324246698,1518.1483916163236,6710.5825630242,14975.107005919004,62.471977828728726,243.72598089979687
495403620,8878077181,4,重点词,5778,298,5778,8878077181,46615.59,40349,425786,0.0839,653.0,0,1.1553,10.5526,495403620_8878077181,124225.7,168752,1694374,1.358430662898257,10.040615814923674,0.6372456247369999,0.6372456247369999,0.8186228123685,10.552477263585486,46615.59,0.3752491634178757,2026-09-11,9,4,0.6776633964897383,0.46530648996565843,1.038362081435162,0.6766815240076366,0.437242774596772,0.8720936331321385,1.357224589325837,1.0,1.6619867441963114,9,4,0.12164750140735366,0.09182918760446235,0.16054160597588862,875.6,0.7089878542510122,0.7480314960629921,1.2071471835251364,0.8278090791643986,0.568401567773807,1.268425538290212,0.14695115633443673,0.07239619893513378,0.14695115633443673,327.1314092011555,395.1773632772502,583.993133042584,4170.100141066845,48.0723388554236,0.568401567773807,1.268425538290212,0.8278090791643986,295.729160997699,1316.2680381906098,257.90351843760243,575.5286891315121,2721.5210145114997,6073.2534066014405,23.683070578457507,92.39630003837091
495403620,9628223555,4,黄金词,652,343,652,9628223555,2.01,4,7,0.5,63.0,0,0.5025,1.75,495403620_9628223555,91605.25,72103,210914,0.7871055425316781,2.9251764836414575,1.3050556703191387,1.3050556703191387,1.1525278351595694,2.533450989094305,2.01,2.2223698888118487e-05,2026-09-11,9,4,0.8366190026784509,0.5744507576937935,1.2819247040481998,0.012260661197866651,0.005241378420975704,0.027124086533175877,3.727615131481388,3.3630966355904555,4.0,9,4,0.12164750140735366,0.09182918760446235,0.16054160597588862,51.62,0.8065625,0.012429597980190329,3.810642843270538,0.7258991732400282,0.4984267973139754,1.112272228870477,0.16758181561825433,0.082559993157175,0.16758181561825433,2.581,3.555590218514491,289.9998753030678,9.007913555909573,0.43252866611071444,0.4984267973139754,1.112272228870477,0.7258991732400282,85.55034975311382,987.9639653985179,2.3204750896469206,5.178293008941378,5.878809911034687,13.118951545322659,0.21308734233866866,0.8313314758691654
495403620,9628223555,9,黄金词,1439,385,1439,9628223555,5.2,9,3,0.5,99.0,0,0.5778,0.3333,495403620_9628223555,91605.25,72103,210914,0.7871055425316781,2.9251764836414575,1.4701582843330228,1.4701582843330228,1.2350791421665113,1.55302422759598,5.2,5.749414637722197e-05,2026-09-11,9,4,0.8366190026784509,0.5744507576937935,1.2819247040481998,0.012260661197866651,0.005241378420975704,0.027124086533175877,3.727615131481388,3.3630966355904555,4.0,9,4,0.12164750140735366,0.09182918760446235,0.16054160597588862,51.62,0.8065625,0.012429597980190329,3.810642843270538,0.6773808852531487,0.4651125082447122,1.0379291984475703,0.17958508138577298,0.08847346017609985,0.17958508138577298,2.581,3.8102639979801567,310.77149400744725,5.917432302399904,0.4635090950566801,0.4651125082447122,1.0379291984475703,0.6773808852531487,91.67800495724411,1058.728170939911,2.4866821396492162,5.549194988843526,3.861877609205443,8.6180342613282,0.22835000071451372,0.8908766753822931
495403620,9628223555,11,黄金词,1531,391,1531,9628223555,3.87,9,16,0.5714,63.0,0,0.43,1.7778,495403620_9628223555,91605.25,72103,210914,0.7871055425316781,2.9251764836414575,1.6340569027875846,1.6340569027875846,1.3170284513937922,2.3177301099489216,3.87,4.278891278458635e-05,2026-09-11,9,4,0.8366190026784509,0.5744507576937935,1.2819247040481998,0.012260661197866651,0.005241378420975704,0.027124086533175877,3.727615131481388,3.3630966355904555,4.0,9,4,0.12164750140735366,0.09182918760446235,0.16054160597588862,51.62,0.8065625,0.012429597980190329,3.810642843270538,0.6352322926608526,0.4361718663601083,0.9733462498031514,0.19150081444663059,0.09434380378311807,0.19150081444663059,2.581,4.063080592437676,331.39163760145743,9.417124228241905,0.4942636020867535,0.4361718663601083,0.9733462498031514,0.6352322926608526,97.76097480191541,1128.9763350501032,2.65167714009478,5.917392200323847,6.145871949460917,13.71491807506748,0.24350135756422775,0.9499876470291876
495403620,9628223555,22,黄金词,3973,511,3973,9628223555,4.8,7,35,0.8,77.0,0,0.6857,5.0,495403620_9628223555,91605.25,72103,210914,0.7871055425316781,2.9251764836414575,1.318300431586238,1.318300431586238,1.159150215793119,3.893427457942111,4.8,5.307151973282027e-05,2026-09-11,9,4,0.8366190026784509,0.5744507576937935,1.2819247040481998,0.012260661197866651,0.005241378420975704,0.027124086533175877,3.727615131481388,3.3630966355904555,4.0,9,4,0.12164750140735366,0.09182918760446235,0.16054160597588862,51.62,0.8065625,0.012429597980190329,3.810642843270538,0.7217520139147933,0.4955792181781549,1.1059176684629053,0.16854473428835462,0.08303437970395577,0.16854473428835462,2.581,3.576020503220516,291.66620343793056,13.922976417402722,0.43501395919824326,0.4955792181781549,1.1059176684629053,0.7217520139147933,86.0419187739349,993.6407683628421,2.3338084503047,5.208047281498718,9.086513901993646,20.277154288047875,0.21431173401590983,0.8361082745701651
495403620,9628223555,26,黄金词,5495,590,5495,9628223555,1.56,9,18,0.625,174.0,0,0.1733,2.0,495403620_9628223555,91605.25,72103,210914,0.7871055425316781,2.9251764836414575,2.026434391918491,2.026434391918491,1.5132171959592455,2.435377168772451,1.56,1.724824391316659e-05,2026-09-11,9,4,0.8366190026784509,0.5744507576937935,1.2819247040481998,0.012260661197866651,0.005241378420975704,0.027124086533175877,3.727615131481388,3.3630966355904555,4.0,9,4,0.12164750140735366,0.09182918760446235,0.16054160597588862,51.62,0.8065625,0.012429597980190329,3.810642843270538,0.5528743691999275,0.3796221449424137,0.8471518216098339,0.22002738449132941,0.10839755668583735,0.22002738449132941,2.581,4.668329992824595,380.756789335055,11.369144280820679,0.5678906793721212,0.3796221449424137,0.8471518216098339,0.5528743691999275,112.32376036177571,1297.152238602668,3.046679395784515,6.798865752132351,7.419813441063054,16.557802426292067,0.2797740938061462,1.0915008266617956
495403620,9628223555,34,黄金词,6106,628,6106,9628223555,1.1,3,9,0.0,47.0,0,0.3667,3.0,495403620_9628223555,91605.25,72103,210914,0.7871055425316781,2.9251764836414575,1.296007963983111,1.296007963983111,1.1480039819915555,2.9455828971937876,1.1,1.2162223272104648e-05,2026-09-11,9,4,0.8366190026784509,0.5744507576937935,1.2819247040481998,0.012260661197866651,0.005241378420975704,0.027124086533175877,3.727615131481388,3.3630966355904555,4.0,9,4,0.12164750140735366,0.09182918760446235,0.16054160597588862,51.62,0.8065625,0.012429597980190329,3.810642843270538,0.7287596696547042,0.5003909104019284,1.11665527659958,0.16692403061353797,0.08223593218857932,0.16692403061353797,2.581,3.54163396723492,288.86158014472846,10.432176442007764,0.4308309230135415,0.5003909104019284,1.11665527659958,0.7287596696547042,85.21455116417843,984.0860513226876,2.311366859662919,5.157967393785923,6.808322690963608,15.19322053941903,0.21225094097872318,0.8280683689696609
495403620,9628223555,8,重点词,700,345,700,9628223555,111.9,117,191,0.6778,186.0,0,0.9564,1.6325,495403620_9628223555,91605.25,72103,210914,0.7871055425316781,2.9251764836414575,1.3063178147159593,1.3063178147159593,1.1531589073579798,1.7152112949530534,111.9,0.0012372298037713727,2026-09-11,9,4,0.8366190026784509,0.5744507576937935,1.2819247040481998,0.012260661197866651,0.005241378420975704,0.027124086533175877,3.727615131481388,3.3630966355904555,4.0,9,4,0.12164750140735366,0.09182918760446235,0.16054160597588862,51.62,0.8065625,0.012429597980190329,3.810642843270538,0.7255019211491343,0.49815403066167746,1.1116635321191226,0.16767357585307865,0.08260519928130754,0.16767357585307865,2.581,3.5575370991601405,290.1586661394045,6.101927814693994,0.43276549927679603,0.49815403066167746,1.1116635321191226,0.7255019211491343,85.59719326148425,988.5049298529754,2.321745677021478,5.181128408359487,3.9822844092356626,8.886729966620328,0.21320401934505476,0.8317866754453317
495403620,9628223555,15,重点词,1316,378,1316,9628223555,45.15,213,54,1.0,112.0,0,0.212,0.2535,495403620_9628223555,91605.25,72103,210914,0.7871055425316781,2.9251764836414575,5.237206154032248,2.7815627886031566,1.8907813943015783,0.35023263289199846,45.15,0.0004992039824868407,2026-09-11,9,4,0.8366190026784509,0.5744507576937935,1.2819247040481998,0.012260661197866651,0.005241378420975704,0.027124086533175877,3.727615131481388,3.3630966355904555,4.0,9,4,0.12164750140735366,0.09182918760446235,0.16054160597588862,51.62,0.8065625,0.012429597980190329,3.810642843270538,0.44247262280020655,0.3038165910797877,0.677986734961352,0.27492661723905615,0.13544392960681892,0.27492661723905615,2.581,5.8331292536610135,475.7597620164217,2.042952216509035,0.7095855990940039,0.3038165910797877,0.677986734961352,0.44247262280020655,140.34976393154506,1620.805872994204,3.8068591417900346,8.495256927302508,1.3332863002780975,2.975316200743146,0.3495807823151996,1.3638421902869375
495403620,9628223555,20,重点词,1735,402,1735,9628223555,62.35,65,76,0.8718,170.0,0,0.9592,1.1692,495403620_9628223555,91605.25,72103,210914,0.7871055425316781,2.9251764836414575,1.2873320160751038,1.2873320160751038,1.143666008037552,1.3616631762894749,62.35,0.0006893769281961134,2026-09-11,9,4,0.8366190026784509,0.5744507576937935,1.2819247040481998,0.012260661197866651,0.005241378420975704,0.027124086533175877,3.727615131481388,3.3630966355904555,4.0,9,4,0.12164750140735366,0.09182918760446235,0.16054160597588862,51.62,0.8065625,0.012429597980190329,3.810642843270538,0.7315238861685052,0.5022889144703263,1.1208907976970388,0.16629327313494227,0.08192518646163648,0.16629327313494227,2.0524464047251567,2.805713447684167,228.83867373909325,3.820436684931716,0.3413080305757908,0.5022889144703263,1.1208907976970388,0.7315238861685052,67.50771377042393,779.6015888197887,1.8310850699658474,4.086186944598414,2.493321112425931,5.564010293894461,0.16814705440962385,0.6560030144035388
495403620,9628223555,21,重点词,1764,405,1764,9628223555,12.51,20,178,0.2727,582.0,0,0.6255,8.9,495403620_9628223555,91605.25,72103,210914,0.7871055425316781,2.9251764836414575,1.627105153163278,1.627105153163278,1.313552576581639,7.192907566754703,12.51,0.00013831764830366284,2026-09-11,9,4,0.8366190026784509,0.5744507576937935,1.2819247040481998,0.012260661197866651,0.005241378420975704,0.027124086533175877,3.727615131481388,3.3630966355904555,4.0,9,4,0.12164750140735366,0.09182918760446235,0.16054160597588862,51.62,0.8065625,0.012429597980190329,3.810642843270538,0.6369132211332189,0.4373260484089124,0.9759218830693882,0.19099540937604348,0.09409481352713277,0.19099540937604348,2.581,4.052357392436903,330.51703550392625,29.148232151253758,0.49295915159956816,0.4373260484089124,0.9759218830693882,0.6369132211332189,97.502966017393,1125.996763574358,2.644678887497075,5.901775138687121,19.02293078151412,42.45092305234738,0.24285871371352966,0.9474804588734033
495403620,9628223555,25,重点词,2541,437,2541,9628223555,21686.91,29926,87461,0.4974,328.0,0,0.7247,2.9226,495403620_9628223555,91605.25,72103,210914,0.7871055425316781,2.9251764836414575,1.7528659479478812,1.7528659479478812,1.3764329739739405,2.9225763817688626,21686.91,0.2397827650018536,2026-09-11,9,4,0.8366190026784509,0.5744507576937935,1.2819247040481998,0.012260661197866651,0.005241378420975704,0.027124086533175877,3.727615131481388,3.3630966355904555,4.0,9,4,0.12164750140735366,0.09182918760446235,0.16054160597588862,51.62,0.8065625,0.012429597980190329,3.810642843270538,0.6078167397160091,0.41734742523297713,0.931338269488791,0.20013845203439304,0.09859917777765874,0.20013845203439304,14.853103595274817,24.436812323093715,1993.1072173616303,71.41845054119199,2.97267716146478,0.41734742523297713,0.931338269488791,0.6078167397160091,587.9692857196866,6790.06536768732,15.948129784710389,35.589302095210776,46.60962744217912,104.01245374710011,1.464503801940484,5.713563713926196
495403620,9628223555,26,重点词,2584,442,2584,9628223555,115.98,262,182,0.9412,39.0,0,0.4427,0.6947,495403620_9628223555,91605.25,72103,210914,0.7871055425316781,2.9251764836414575,2.748509709024904,2.748509709024904,1.874254854512452,0.7607459698856728,115.98,0.00128234059554427,2026-09-11,9,4,0.8366190026784509,0.5744507576937935,1.2819247040481998,0.012260661197866651,0.005241378420975704,0.027124086533175877,3.727615131481388,3.3630966355904555,4.0,9,4,0.12164750140735366,0.09182918760446235,0.16054160597588862,51.62,0.8065625,0.012429597980190329,3.810642843270538,0.446374195411157,0.3064955421141085,0.6839649906531338,0.2725235971476883,0.1342600701196308,0.2725235971476883,2.581,5.782144278350658,471.60134229602136,4.3987429570527645,0.7033834042381836,0.3064955421141085,0.6839649906531338,0.446374195411157,139.12302457129977,1606.6390778103626,3.773584957229089,8.421003392731539,2.870739548233228,6.406244393414095,0.346525240978767,1.351921408597528
495403620,9628223555,36,重点词,3008,470,3008,9628223555,45.41,54,204,0.6042,319.0,0,0.8409,3.7778,495403620_9628223555,91605.25,72103,210914,0.7871055425316781,2.9251764836414575,1.4338094838514177,1.4338094838514177,1.2169047419257089,3.6677647075666395,45.41,0.0005020786898057018,2026-09-11,9,4,0.8366190026784509,0.5744507576937935,1.2819247040481998,0.012260661197866651,0.005241378420975704,0.027124086533175877,3.727615131481388,3.3630966355904555,4.0,9,4,0.12164750140735366,0.09182918760446235,0.16054160597588862,51.62,0.8065625,0.012429597980190329,3.810642843270538,0.6874975286516929,0.4720589360057431,1.0534306095476291,0.17694245628188138,0.08717155811895026,0.17694245628188138,2.581,3.7541953133443378,306.1984384657465,13.769505075596443,0.4566884796635358,0.4720589360057431,1.0534306095476291,0.6874975286516929,90.32894747705018,1043.1488053203752,2.450090187818208,5.4675376380728,8.986354321234943,20.05364158621568,0.2249897915050106,0.8777672731498242
495403620,9628223555,59,重点词,5313,580,5313,9628223555,11.64,18,32,0.7857,171.0,0,0.6467,1.7778,495403620_9628223555,91605.25,72103,210914,0.7871055425316781,2.9251764836414575,1.5699795787061808,1.5699795787061808,1.2849897893530904,2.130823533428141,11.64,0.00012869843535208918,2026-09-11,9,4,0.8366190026784509,0.5744507576937935,1.2819247040481998,0.012260661197866651,0.005241378420975704,0.027124086533175877,3.727615131481388,3.3630966355904555,4.0,9,4,0.12164750140735366,0.09182918760446235,0.16054160597588862,51.62,0.8065625,0.012429597980190329,3.810642843270538,0.6510705451594558,0.4470469434492491,0.9976147006534319,0.18684227433074946,0.09204875143110336,0.18684227433074946,2.581,3.96424015675272,323.33004662444273,8.447096218169559,0.48223991004766437,0.4470469434492491,0.9976147006534319,0.6510705451594558,95.38279471846052,1101.5123184509619,2.587171177719674,5.773442896367789,5.512805230492082,12.302187992484013,0.23757782744367775,0.9268777945929708
495403620,9628223555,72,重点词,6377,649,6377,9628223555,20.2,24,370,0.08,761.0,0,0.8417,15.4167,495403620_9628223555,91605.25,72103,210914,0.7871055425316781,2.9251764836414575,1.3641706865068068,1.3641706865068068,1.1820853432534033,12.293794120910364,20.2,0.0002233426455422853,2026-09-11,9,4,0.8366190026784509,0.5744507576937935,1.2819247040481998,0.012260661197866651,0.005241378420975704,0.027124086533175877,3.727615131481388,3.3630966355904555,4.0,9,4,0.12164750140735366,0.09182918760446235,0.16054160597588862,51.62,0.8065625,0.012429597980190329,3.810642843270538,0.7077483935092707,0.4859638612156015,1.0844603660510779,0.17187958676130888,0.08467731092731996,0.17187958676130888,2.581,3.646776204185325,297.4371565556238,44.832715859289365,0.44362121343093813,0.4859638612156015,1.0844603660510779,0.7077483935092707,87.74435763571553,1013.3011000106636,2.3799855493090796,5.3110945195468355,29.259052353947588,65.29350258000414,0.21855213950341285,0.8526516436577896
495403620,9628223555,36,潜力词,2690,447,2690,9628223555,5.24,9,8,1.0,48.0,0,0.5822,0.8889,495403620_9628223555,91605.25,72103,210914,0.7871055425316781,2.9251764836414575,1.4657367556583372,1.4657367556583372,1.2328683778291687,1.8471418746548036,5.24,5.7936409041662137e-05,2026-09-11,9,4,0.8366190026784509,0.5744507576937935,1.2819247040481998,0.012260661197866651,0.005241378420975704,0.027124086533175877,3.727615131481388,3.3630966355904555,4.0,9,4,0.12164750140735366,0.09182918760446235,0.16054160597588862,51.62,0.8065625,0.012429597980190329,3.810642843270538,0.6785955562844165,0.4659465422458842,1.0397904002578193,0.17926362806355914,0.08831509463993224,0.17926362806355914,1.161449999999998,1.711549669378037,139.596848959161,3.1614750648597565,0.20820574081442045,0.4659465422458842,1.0397904002578193,0.6785955562844165,41.181256510569575,475.57488192261883,1.1170039651376016,2.4926679236672826,2.0632647981611183,4.604311301414682,0.10257356666954913,0.4001769116301293
495403620,9628223555,39,潜力词,2813,457,2813,9628223555,5.37,11,3,1.0,51.0,0,0.4882,0.2727,495403620_9628223555,91605.25,72103,210914,0.7871055425316781,2.9251764836414575,1.6407486336792814,1.6407486336792814,1.3203743168396407,1.3895479931121926,5.37,5.937376270109269e-05,2026-09-11,9,4,0.8366190026784509,0.5744507576937935,1.2819247040481998,0.012260661197866651,0.005241378420975704,0.027124086533175877,3.727615131481388,3.3630966355904555,4.0,9,4,0.12164750140735366,0.09182918760446235,0.16054160597588862,51.62,0.8065625,0.012429597980190329,3.810642843270538,0.6336225962656756,0.4350665946523106,0.9708797631845254,0.19198731567386731,0.09458348096911491,0.19198731567386731,2.581,4.073402708822897,332.23352664957963,5.660188559182625,0.49551926175425154,0.4350665946523106,0.9708797631845254,0.6336225962656756,98.00933319325921,1131.8444605675338,2.6584136345928298,5.932425131519557,3.693993330810556,8.243389435791336,0.24411996438128558,0.952401057945872
495403620,9628223555,61,潜力词,4637,550,4637,9628223555,5.75,11,9,1.0,54.0,0,0.5227,0.8182,495403620_9628223555,91605.25,72103,210914,0.7871055425316781,2.9251764836414575,1.5956013142876717,1.5956013142876717,1.2978006571438359,1.7053374667964034,5.75,6.357525801327429e-05,2026-09-11,9,4,0.8366190026784509,0.5744507576937935,1.2819247040481998,0.012260661197866651,0.005241378420975704,0.027124086533175877,3.727615131481388,3.3630966355904555,4.0,9,4,0.12164750140735366,0.09182918760446235,0.16054160597588862,51.62,0.8065625,0.012429597980190329,3.810642843270538,0.6446436885920979,0.4426340474800105,0.987767032626894,0.188705021952564,0.09296644306932308,0.188705021952564,2.581,4.003762149036013,326.5535263084071,6.827765600892398,0.4870476616595677,0.4426340474800105,0.987767032626894,0.6446436885920979,96.33372552178245,1112.4939844521034,2.612964307116041,5.831001963572535,4.455985932326689,9.943826117443642,0.23994638956192288,0.9361184196804948
495403620,9628223555,62,潜力词,4706,551,4706,9628223555,6.41,11,14,0.8889,94.0,0,0.5827,1.2727,495403620_9628223555,91605.25,72103,210914,0.7871055425316781,2.9251764836414575,1.5228233690610051,1.5228233690610051,1.2614116845305026,1.9684953615332454,6.41,7.087259197653708e-05,2026-09-11,9,4,0.8366190026784509,0.5744507576937935,1.2819247040481998,0.012260661197866651,0.005241378420975704,0.027124086533175877,3.727615131481388,3.3630966355904555,4.0,9,4,0.12164750140735366,0.09182918760446235,0.16054160597588862,51.62,0.8065625,0.012429597980190329,3.810642843270538,0.6632402513298745,0.4554030731906563,1.0162619545777651,0.18341393056805003,0.09035976127101539,0.18341393056805003,2.581,3.8915008472793864,317.397307084589,7.660401367272167,0.4733913547961371,0.4554030731906563,1.0162619545777651,0.6632402513298745,93.63262864649865,1081.3008170655046,2.5396995217363516,5.667506769150532,4.99938672822621,11.156460786531092,0.23321854384049073,0.9098706385986463
495817671,9630806627,1,黄金词,370,685,370,9630806627,3.46,8,31,0.1429,236.0,0,0.4325,3.875,495817671_9630806627,171870.0,107520,166126,0.6255891080467796,1.5450706845238096,1.809717571924603,1.809717571924603,1.4048587859623014,2.7100353422619046,3.46,2.0263679667535095e-05,2026-09-11,9,4,0.8448759426015778,0.580120250473526,1.2945765506275997,0.01252959509774921,0.005354523050073537,0.02773904768510795,3.724700363960036,3.360181868069103,4.0,9,4,0.12164750140735366,0.09182918760446235,0.16054160597588862,41.9,0.838,0.013642564802182811,3.783901773533424,0.6013956356637326,0.4129384791341535,0.9214994158582562,0.20227533123531388,0.09965192166609836,0.20227533123531388,2.095,3.4835636904611813,278.02683672411416,9.44058071817011,0.4237668189379826,0.4129384791341535,0.9214994158582562,0.6013956356637326,81.95914438211919,947.4970815123153,2.2734686142462515,5.073394962835097,6.161180294130538,13.749079654536636,0.20877077589047607,0.8144909750835303
495817671,9630806627,6,黄金词,2096,803,2096,9630806627,5.78,12,18,0.6667,49.0,0,0.4817,1.5,495817671_9630806627,171870.0,107520,166126,0.6255891080467796,1.5450706845238096,1.9683467950041287,1.9683467950041287,1.4841733975020643,1.5180282738095239,5.78,3.3850886843454585e-05,2026-09-11,9,4,0.8448759426015778,0.580120250473526,1.2945765506275997,0.01252959509774921,0.005354523050073537,0.02773904768510795,3.724700363960036,3.360181868069103,4.0,9,4,0.12164750140735366,0.09182918760446235,0.16054160597588862,41.9,0.838,0.013642564802182811,3.783901773533424,0.5692568968178146,0.390870939642158,0.8722542479244235,0.21369526146696088,0.10527800560785448,0.21369526146696088,2.095,3.680236483231376,293.7234966110346,5.586703035850559,0.4476915727732831,0.390870939642158,0.8722542479244235,0.5692568968178146,86.58634091158844,1000.9902608312116,2.401822639425565,5.359825424519845,3.646034675323825,8.136366537104259,0.22055742174845513,0.8604749814028149
495817671,9630806627,2,重点词,136,671,136,9630806627,20.16,35,42,0.7931,118.0,0,0.576,1.2,495817671_9630806627,171870.0,107520,166126,0.6255891080467796,1.5450706845238096,2.268152573529412,2.268152573529412,1.634076286764706,1.2641991971207087,20.16,0.00011806814511488657,2026-09-11,9,4,0.8448759426015778,0.580120250473526,1.2945765506275997,0.01252959509774921,0.005354523050073537,0.02773904768510795,3.724700363960036,3.360181868069103,4.0,9,4,0.12164750140735366,0.09182918760446235,0.16054160597588862,41.9,0.838,0.013642564802182811,3.783901773533424,0.5170358014767723,0.3550141784519138,0.7922375234945248,0.23527868101183827,0.11591118178725977,0.23527868101183827,2.095,4.051943780326627,323.3898421070693,5.122464073867171,0.49290883671980124,0.3550141784519138,0.7922375234945248,0.5170358014767723,95.33164162589337,1102.091205286157,2.644408952960278,5.901172761988055,3.3430596751911974,7.460257867775894,0.24283392584430924,0.9473837523507327
495817671,9630806627,10,重点词,456,693,456,9630806627,26.44,31,39,0.7727,76.0,0,0.8529,1.2581,495817671_9630806627,171870.0,107520,166126,0.6255891080467796,1.5450706845238096,1.669950504658385,1.669950504658385,1.3349752523291925,1.3169375763125761,26.44,0.0001548473093669445,2026-09-11,9,4,0.8448759426015778,0.580120250473526,1.2945765506275997,0.01252959509774921,0.005354523050073537,0.02773904768510795,3.724700363960036,3.360181868069103,4.0,9,4,0.12164750140735366,0.09182918760446235,0.16054160597588862,41.9,0.838,0.013642564802182811,3.783901773533424,0.6328776066279013,0.43455505969969377,0.9697382392436809,0.19221331286394525,0.09469481957943811,0.19221331286394525,1.152250000000004,1.820652189195669,145.30814244130897,2.3976852813475302,0.22147778974748167,0.43455505969969377,0.9697382392436809,0.6328776066279013,42.83518514459957,495.2005443263553,1.1882072433264752,2.651562729004432,1.5647947671834157,3.491942593775857,0.10911210586040794,0.4256861388601815
495817671,9630806627,12,重点词,530,697,530,9630806627,74.08,84,140,0.8169,56.0,0,0.8819,1.6667,495817671_9630806627,171870.0,107520,166126,0.6255891080467796,1.5450706845238096,1.7328151631361088,1.7328151631361088,1.3664075815680543,1.6560931030020705,74.08,0.00043385358085867046,2026-09-11,9,4,0.8448759426015778,0.580120250473526,1.2945765506275997,0.01252959509774921,0.005354523050073537,0.02773904768510795,3.724700363960036,3.360181868069103,4.0,9,4,0.12164750140735366,0.09182918760446235,0.16054160597588862,41.9,0.838,0.013642564802182811,3.783901773533424,0.618319126736709,0.4245587175444349,0.9474307432793785,0.19673902382636996,0.09692443300563633,0.19673902382636996,2.095,3.388218008161484,270.4171987784455,5.611204474783647,0.41216825491624515,0.4245587175444349,0.9474307432793785,0.618319126736709,79.7159097993239,921.5639384033962,2.2112434231852096,4.934535350297534,3.6620249821957143,8.172049960147653,0.20305668714680813,0.7921982298815603
495817671,9630806627,13,重点词,679,710,679,9630806627,200.65,252,174,0.925,85.0,0,0.7962,0.6905,495817671_9630806627,171870.0,107520,166126,0.6255891080467796,1.5450706845238096,1.968666151597911,1.968666151597911,1.4843330757989555,0.7167714056776557,200.65,0.0011751177240725194,2026-09-11,9,4,0.8448759426015778,0.580120250473526,1.2945765506275997,0.01252959509774921,0.005354523050073537,0.02773904768510795,3.724700363960036,3.360181868069103,4.0,9,4,0.12164750140735366,0.09182918760446235,0.16054160597588862,41.9,0.838,0.013642564802182811,3.783901773533424,0.5691956585598659,0.3908288913937131,0.8721604144883602,0.2137182523758818,0.10528933219049222,0.2137182523758818,2.095,3.6806324301569773,293.7550975464609,2.638172080746383,0.4477397387274724,0.3908288913937131,0.8721604144883602,0.5691956585598659,86.59565650737669,1001.0979547302688,2.4020810451813506,5.360402073984699,1.7217430073062892,3.842182929567434,0.22058115093908123,0.8605675576339877
495817671,9630806627,14,重点词,815,717,815,9630806627,2298.65,2510,2693,0.7592,154.0,0,0.9158,1.0729,495817671_9630806627,171870.0,107520,166126,0.6255891080467796,1.5450706845238096,1.7428624282914997,1.7428624282914997,1.3714312141457499,1.0744084850977722,2298.65,0.013462169730572123,2026-09-11,9,4,0.8448759426015778,0.580120250473526,1.2945765506275997,0.01252959509774921,0.005354523050073537,0.02773904768510795,3.724700363960036,3.360181868069103,4.0,9,4,0.12164750140735366,0.09182918760446235,0.16054160597588862,41.9,0.838,0.013642564802182811,3.783901773533424,0.6160541876887659,0.42300353418372266,0.9439602491722328,0.19746233990184428,0.0972807781736447,0.19746233990184428,2.095,3.400674878714413,271.41139455698,3.6537139447496028,0.4136836020943638,0.42300353418372266,0.9439602491722328,0.6160541876887659,80.00898738966407,924.952091898622,2.219373116439092,4.952677296284908,2.3845133079000465,5.321198511079598,0.20380323027378566,0.7951107670259011
495817671,9630806627,24,重点词,1575,770,1575,9630806627,33.9,202,144,0.5,508.0,0,0.1678,0.7129,495817671_9630806627,171870.0,107520,166126,0.6255891080467796,1.5450706845238096,7.887408182112216,2.7815627886031566,1.8907813943015783,0.7445741213151928,33.9,0.00019853720830330629,2026-09-11,9,4,0.8448759426015778,0.580120250473526,1.2945765506275997,0.01252959509774921,0.005354523050073537,0.02773904768510795,3.724700363960036,3.360181868069103,4.0,9,4,0.12164750140735366,0.09182918760446235,0.16054160597588862,41.9,0.838,0.013642564802182811,3.783901773533424,0.4468395686290642,0.30681508302434524,0.6846780672420323,0.27223977003777194,0.1341202413191964,0.27223977003777194,2.095,4.688483623837545,374.1927482301303,3.490923574519511,0.5703423182291323,0.30681508302434524,0.6846780672420323,0.4468395686290642,110.30775964036728,1275.2241511956531,3.059832204701574,6.828217111587587,2.278271875187604,5.084113756009692,0.2809819055637165,1.0962129410463146
495817671,9630806627,28,重点词,1785,786,1785,9630806627,44.38,65,68,0.902,142.0,0,0.6828,1.0462,495817671_9630806627,171870.0,107520,166126,0.6255891080467796,1.5450706845238096,2.1350508148768657,2.1350508148768657,1.5675254074384328,1.1008296640574038,44.38,0.00025991390278763227,2026-09-11,9,4,0.8448759426015778,0.580120250473526,1.2945765506275997,0.01252959509774921,0.005354523050073537,0.02773904768510795,3.724700363960036,3.360181868069103,4.0,9,4,0.12164750140735366,0.09182918760446235,0.16054160597588862,41.9,0.838,0.013642564802182811,3.783901773533424,0.5389870802682742,0.37008666508412635,0.8258727702175674,0.22569650713483724,0.11119047741490608,0.22569650713483724,2.095,3.8869206270347694,310.2191728233107,4.278837528076479,0.47283418244748404,0.37008666508412635,0.8258727702175674,0.5389870802682742,91.44907835194637,1057.2064349705915,2.5367103451638133,5.660836224736102,2.7924859970776215,6.231616439560225,0.23294405018422826,0.9087997386856203
495817671,9630806627,30,重点词,1844,791,1844,9630806627,8.64,13,68,0.6364,329.0,0,0.6646,5.2308,495817671_9630806627,171870.0,107520,166126,0.6255891080467796,1.5450706845238096,1.726970835115483,1.726970835115483,1.3634854175577416,3.826693594104308,8.64,5.060063362066568e-05,2026-09-11,9,4,0.8448759426015778,0.580120250473526,1.2945765506275997,0.01252959509774921,0.005354523050073537,0.02773904768510795,3.724700363960036,3.360181868069103,4.0,9,4,0.12164750140735366,0.09182918760446235,0.16054160597588862,41.9,0.838,0.013642564802182811,3.783901773533424,0.6196442820157984,0.4254686137477219,0.9494612365905822,0.19631828282448696,0.09671715291317372,0.19631828282448696,2.095,3.3809720525212343,269.83889153198453,12.937944095228701,0.4112868025173002,0.4254686137477219,0.9494612365905822,0.6196442820157984,79.5454314107324,919.5931055345429,2.20651451503479,4.923982480273417,8.443654959981805,18.842572214744127,0.20262243535309896,0.7905040551802337
495817671,9630806627,34,重点词,2019,800,2019,9630806627,901.8,964,1186,0.7208,166.0,0,0.9355,1.2303,495817671_9630806627,171870.0,107520,166126,0.6255891080467796,1.5450706845238096,1.7024680111696935,1.7024680111696935,1.3512340055848466,1.232881240201842,901.8,0.005281441134156979,2026-09-11,9,4,0.8448759426015778,0.580120250473526,1.2945765506275997,0.01252959509774921,0.005354523050073537,0.02773904768510795,3.724700363960036,3.360181868069103,4.0,9,4,0.12164750140735366,0.09182918760446235,0.16054160597588862,41.9,0.838,0.013642564802182811,3.783901773533424,0.6252624927359604,0.42932626626905823,0.9580698422900301,0.1945542917104476,0.09584811414684266,0.1945542917104476,2.095,3.350592789970355,267.41429103102047,4.130882994310002,0.4075912411333878,0.42932626626905823,0.9580698422900301,0.6252624927359604,78.83068680237412,911.3302272974457,2.1866881802608655,4.879738708292929,2.695926835614725,6.0161383105411215,0.2008017991376354,0.7834010889720551
495817671,9630806627,35,重点词,2128,807,2128,9630806627,32.54,38,55,0.8571,125.0,0,0.8563,1.4474,495817671_9630806627,171870.0,107520,166126,0.6255891080467796,1.5450706845238096,1.6946489048205489,1.6946489048205489,1.3473244524102745,1.464360119047619,32.54,0.0001905722937519052,2026-09-11,9,4,0.8448759426015778,0.580120250473526,1.2945765506275997,0.01252959509774921,0.005354523050073537,0.02773904768510795,3.724700363960036,3.360181868069103,4.0,9,4,0.12164750140735366,0.09182918760446235,0.16054160597588862,41.9,0.838,0.013642564802182811,3.783901773533424,0.6270768270331252,0.4305720492459921,0.960849889061011,0.19399138377174902,0.09557079482436354,0.19399138377174902,2.095,3.3408984508517525,266.64057575586816,4.892278453215278,0.4064119490018142,0.4305720492459921,0.960849889061011,0.6270768270331252,78.60260435287378,908.6934567836128,2.1803613903180397,4.865620059798856,3.1928342650929564,7.1250199700075365,0.20022081515704163,0.7811344584686076
495817671,9630806627,45,重点词,2899,856,2899,9630806627,1569.85,1892,1578,0.822,176.0,0,0.8297,0.834,495817671_9630806627,171870.0,107520,166126,0.6255891080467796,1.5450706845238096,1.9217885242866468,1.9217885242866468,1.4608942621433234,0.837031876566416,1569.85,0.009193912579791899,2026-09-11,9,4,0.8448759426015778,0.580120250473526,1.2945765506275997,0.01252959509774921,0.005354523050073537,0.02773904768510795,3.724700363960036,3.360181868069103,4.0,9,4,0.12164750140735366,0.09182918760446235,0.16054160597588862,41.9,0.838,0.013642564802182811,3.783901773533424,0.5783279218045762,0.3970994106188175,0.8861534911693651,0.21034346919957253,0.10362672891271338,0.21034346919957253,2.095,3.6225122824139304,289.1164681821738,3.0321582536338227,0.4406695679731045,0.3970994106188175,0.8861534911693651,0.5783279218045762,85.22824141075424,985.2898124780138,2.364150252610804,5.275757011916158,1.9788691224277875,4.41597679199261,0.21709799707213456,0.8469785034315754
495817671,9630806627,47,重点词,2987,860,2987,9630806627,442.84,485,133,0.9145,111.0,0,0.9131,0.2742,495817671_9630806627,171870.0,107520,166126,0.6255891080467796,1.5450706845238096,1.7372571573123594,1.7372571573123594,1.3686285786561796,0.29484901719308415,442.84,0.0025935167352518036,2026-09-11,9,4,0.8448759426015778,0.580120250473526,1.2945765506275997,0.01252959509774921,0.005354523050073537,0.02773904768510795,3.724700363960036,3.360181868069103,4.0,9,4,0.12164750140735366,0.09182918760446235,0.16054160597588862,41.9,0.838,0.013642564802182811,3.783901773533424,0.6173157244978322,0.42386974780486525,0.9458932619240717,0.19705880893656197,0.0970819766890713,0.19705880893656197,2.095,3.3937253124472404,270.8567424542619,1.0006365729983613,0.4128382047220974,0.42386974780486525,0.9458932619240717,0.6173157244978322,79.84548226798537,923.0618741959994,2.2148376400720875,4.942556082026559,0.6530427014175049,1.4573078032072315,0.2033867411636044,0.7934858910344397
495817671,9630806627,49,重点词,3132,872,3132,9630806627,36.2,53,318,0.7111,443.0,0,0.683,6.0,495817671_9630806627,171870.0,107520,166126,0.6255891080467796,1.5450706845238096,2.0962527132689943,2.0962527132689943,1.5481263566344972,5.415746975019515,36.2,0.00021200728438288164,2026-09-11,9,4,0.8448759426015778,0.580120250473526,1.2945765506275997,0.01252959509774921,0.005354523050073537,0.02773904768510795,3.724700363960036,3.360181868069103,4.0,9,4,0.12164750140735366,0.09182918760446235,0.16054160597588862,41.9,0.838,0.013642564802182811,3.783901773533424,0.5457409461319879,0.3747240966394119,0.836221504194209,0.22290337983533512,0.10981442972212228,0.22290337983533512,2.095,3.8388176933554163,306.3800277189335,20.79006531044099,0.46698258075502713,0.3747240966394119,0.836221504194209,0.5457409461319879,90.31734210798874,1044.122882228849,2.5053170595257077,5.590780040003589,13.568163286591139,30.278250089648925,0.23006123026784617,0.8975528062801191
495817671,9630806627,62,重点词,3830,921,3830,9630806627,53.31,116,129,0.7935,134.0,0,0.4596,1.1121,495817671_9630806627,171870.0,107520,166126,0.6255891080467796,1.5450706845238096,3.152765572988198,2.7815627886031566,1.8907813943015783,1.1400045602918587,53.31,0.0003122129373052879,2026-09-11,9,4,0.8448759426015778,0.580120250473526,1.2945765506275997,0.01252959509774921,0.005354523050073537,0.02773904768510795,3.724700363960036,3.360181868069103,4.0,9,4,0.12164750140735366,0.09182918760446235,0.16054160597588862,41.9,0.838,0.013642564802182811,3.783901773533424,0.4468395686290642,0.30681508302434524,0.6846780672420323,0.27223977003777194,0.1341202413191964,0.27223977003777194,2.095,4.688483623837545,374.1927482301303,5.344892712028501,0.5703423182291323,0.30681508302434524,0.6846780672420323,0.4468395686290642,110.30775964036728,1275.2241511956531,3.059832204701574,6.828217111587587,3.4882226670876864,7.784198645872753,0.2809819055637165,1.0962129410463146
495817671,9630806627,77,重点词,4721,976,4721,9630806627,18.53,32,59,0.72,191.0,0,0.5791,1.8438,495817671_9630806627,171870.0,107520,166126,0.6255891080467796,1.5450706845238096,2.22684414119164,2.22684414119164,1.61342207059582,1.7840141369047617,18.53,0.00010852196076283969,2026-09-11,9,4,0.8448759426015778,0.580120250473526,1.2945765506275997,0.01252959509774921,0.005354523050073537,0.02773904768510795,3.724700363960036,3.360181868069103,4.0,9,4,0.12164750140735366,0.09182918760446235,0.16054160597588862,41.9,0.838,0.013642564802182811,3.783901773533424,0.5236546332166969,0.3595588910341939,0.8023793489756379,0.23230483164084584,0.1144461004906178,0.23230483164084584,2.095,4.000728470845124,319.30229505690943,7.137356149905072,0.4866786222875721,0.3595588910341939,0.8023793489756379,0.5236546332166969,94.12667931793749,1088.1611151329755,2.6109844460411322,5.826583773173242,4.658033162975828,10.394707821200951,0.23976458052784433,0.935409116298285
495817671,9630806627,83,重点词,4887,992,4887,9630806627,167.05,190,239,0.8592,128.0,0,0.8792,1.2579,495817671_9630806627,171870.0,107520,166126,0.6255891080467796,1.5450706845238096,1.7804450212927383,1.7804450212927383,1.3902225106463693,1.2694978054353054,167.05,0.0009783374822143751,2026-09-11,9,4,0.8448759426015778,0.580120250473526,1.2945765506275997,0.01252959509774921,0.005354523050073537,0.02773904768510795,3.724700363960036,3.360181868069103,4.0,9,4,0.12164750140735366,0.09182918760446235,0.16054160597588862,41.9,0.838,0.013642564802182811,3.783901773533424,0.6077271344202028,0.41728589922184844,0.9312009701423264,0.2001679611087474,0.09861371556606842,0.2001679611087474,2.095,3.447270792012139,275.1302627992663,4.376302705200637,0.41935187852282585,0.41728589922184844,0.9312009701423264,0.6077271344202028,81.10526738478579,937.6257490448622,2.2497828795000037,5.020538685603181,2.856094428231177,6.37356284347629,0.20659573411091334,0.8060053434508117
495817671,9630806627,92,重点词,5621,1032,5621,9630806627,200.67,223,215,0.9398,63.0,0,0.8999,0.9641,495817671_9630806627,171870.0,107520,166126,0.6255891080467796,1.5450706845238096,1.7463901053822095,1.7463901053822095,1.3731950526911048,0.9842448721913009,200.67,0.0011752348551688635,2026-09-11,9,4,0.8448759426015778,0.580120250473526,1.2945765506275997,0.01252959509774921,0.005354523050073537,0.02773904768510795,3.724700363960036,3.360181868069103,4.0,9,4,0.12164750140735366,0.09182918760446235,0.16054160597588862,41.9,0.838,0.013642564802182811,3.783901773533424,0.6152628797677657,0.42246019553933095,0.9427477531983287,0.19771630210044552,0.09740589388086716,0.19771630210044552,2.095,3.4050485879966774,271.760464838034,3.351401612297959,0.4142156529004334,0.42246019553933095,0.9427477531983287,0.6152628797677657,80.11188933215821,926.1417003423189,2.2222275183288276,4.959047082117245,2.1872160397575486,4.880916661529132,0.2040653476804167,0.796133382673147
495817671,9630806627,94,重点词,5630,1034,5630,9630806627,5131.63,5913,4780,0.9174,91.0,0,0.8679,0.8084,495817671_9630806627,171870.0,107520,166126,0.6255891080467796,1.5450706845238096,1.8405683813649958,1.8405683813649958,1.420284190682498,0.809383645579495,5131.63,0.03005367239662229,2026-09-11,9,4,0.8448759426015778,0.580120250473526,1.2945765506275997,0.01252959509774921,0.005354523050073537,0.02773904768510795,3.724700363960036,3.360181868069103,4.0,9,4,0.12164750140735366,0.09182918760446235,0.16054160597588862,41.9,0.838,0.013642564802182811,3.783901773533424,0.594864005488637,0.40845364208043267,0.9114912065630393,0.20449632232736822,0.10074610368510603,0.20449632232736822,2.095,3.521813356784147,281.0795823255931,2.850498133764512,0.4284197952758364,0.40845364208043267,0.9114912065630393,0.594864005488637,82.85905901072667,957.9006367305154,2.2984313890417205,5.129101039053663,1.8603127767769303,4.15141049753483,0.21106308722029712,0.8234341180222741
495817671,9630806627,50,潜力词,3443,894,3443,9630806627,7.46,22,21,1.0,105.0,0,0.3391,0.9545,495817671_9630806627,171870.0,107520,166126,0.6255891080467796,1.5450706845238096,2.7852353530007363,2.7815627886031566,1.8907813943015783,1.1120188492063492,7.46,4.36898989363618e-05,2026-09-11,9,4,0.8448759426015778,0.580120250473526,1.2945765506275997,0.01252959509774921,0.005354523050073537,0.02773904768510795,3.724700363960036,3.360181868069103,4.0,9,4,0.12164750140735366,0.09182918760446235,0.16054160597588862,41.9,0.838,0.013642564802182811,3.783901773533424,0.4468395686290642,0.30681508302434524,0.6846780672420323,0.27223977003777194,0.1341202413191964,0.27223977003777194,2.095,4.688483623837545,374.1927482301303,5.21368216390264,0.5703423182291323,0.30681508302434524,0.6846780672420323,0.4468395686290642,110.30775964036728,1275.2241511956531,3.059832204701574,6.828217111587587,3.402591087036771,7.59310613455873,0.2809819055637165,1.0962129410463146
495817671,9630806627,52,潜力词,3678,912,3678,9630806627,3.98,11,11,0.75,127.0,0,0.3618,1.0,495817671_9630806627,171870.0,107520,166126,0.6255891080467796,1.5450706845238096,2.1298526859871854,2.1298526859871854,1.5649263429935927,1.2295034461152883,3.98,2.3309088172482567e-05,2026-09-11,9,4,0.8448759426015778,0.580120250473526,1.2945765506275997,0.01252959509774921,0.005354523050073537,0.02773904768510795,3.724700363960036,3.360181868069103,4.0,9,4,0.12164750140735366,0.09182918760446235,0.16054160597588862,41.9,0.838,0.013642564802182811,3.783901773533424,0.5398822419880736,0.3707013132412336,0.8272443980661524,0.2253222868738864,0.11100611599078974,0.2253222868738864,2.095,3.8804758465203983,309.7048081958753,4.77105842586397,0.47205019100079204,0.3707013132412336,0.8272443980661524,0.5398822419880736,91.29744951905468,1055.453514320662,2.5325043057377936,5.6514501707111044,3.113722771206423,6.948477460438137,0.23255781300070452,0.9072928864986707
495817671,9630806627,54,潜力词,3774,916,3774,9630806627,2.56,9,9,0.875,68.0,0,0.2844,1.0,495817671_9630806627,171870.0,107520,166126,0.6255891080467796,1.5450706845238096,2.113600728073715,2.113600728073715,1.5568003640368575,1.2565038515406162,2.56,1.4992780332049089e-05,2026-09-11,9,4,0.8448759426015778,0.580120250473526,1.2945765506275997,0.01252959509774921,0.005354523050073537,0.02773904768510795,3.724700363960036,3.360181868069103,4.0,9,4,0.12164750140735366,0.09182918760446235,0.16054160597588862,41.9,0.838,0.013642564802182811,3.783901773533424,0.5427002473270075,0.3726362505268476,0.8315623380705673,0.22415228665642045,0.11042970971668707,0.22415228665642045,0.942750000000002,1.7371468036791624,138.64349088113946,2.1827316495143383,0.21131956824534082,0.3726362505268476,0.8315623380705673,0.5427002473270075,40.870521783636065,472.48785235402164,1.133709352671524,2.529947096309351,1.4245101681593888,3.1788882707066977,0.10410760883540696,0.40616176987553937
495817671,9630806627,55,潜力词,3784,917,3784,9630806627,6.91,15,11,1.0,58.0,0,0.4607,0.7333,495817671_9630806627,171870.0,107520,166126,0.6255891080467796,1.5450706845238096,2.1401068506059735,2.1401068506059735,1.5700534253029867,1.0156767598343686,6.91,4.046879378689812e-05,2026-09-11,9,4,0.8448759426015778,0.580120250473526,1.2945765506275997,0.01252959509774921,0.005354523050073537,0.02773904768510795,3.724700363960036,3.360181868069103,4.0,9,4,0.12164750140735366,0.09182918760446235,0.16054160597588862,41.9,0.838,0.013642564802182811,3.783901773533424,0.538119231476811,0.36949077090263677,0.8245429931008711,0.2260604979188442,0.11136979923765886,0.2260604979188442,2.095,3.8931892366130376,310.71947706533643,3.954221829265169,0.4735967431399786,0.36949077090263677,0.8245429931008711,0.538119231476811,91.59656234338513,1058.9114387564596,2.5408014106351233,5.669965706807996,2.580632944136475,5.75885239746273,0.2333197294028953,0.91026540039917
500635396,9657930100,2,黄金词,3587,1126,3587,9657930100,7.03,6,11,0.3333,77.0,0,1.1717,1.8333,500635396_9657930100,808153.2999999999,358634,812358,0.44376976496909687,2.2651449667348884,1.43012091092882,1.43012091092882,1.21506045546441,2.080082838134222,7.03,8.699457789896685e-06,2026-09-11,9,4,2.1341487095055243,1.4653783135235232,3.2700882290133815,0.035096727129381576,0.015181921548895935,0.07576071255925501,3.046146905455238,2.6816284095643055,3.3509090603257126,9,4,0.12164750140735366,0.09182918760446235,0.16054160597588862,4794.35,2.950369230769231,0.03806601232167537,2.8802618941647733,1.756413600580745,1.2060126777506217,2.69129672874056,0.06925902951738237,0.03412079635211218,0.06925902951738237,239.71750000000003,136.48123649278236,3888.716916242761,283.8922777559747,16.602601408333108,1.2060126777506217,2.69129672874056,1.756413600580745,1175.6934686981542,13092.456020331412,89.07137493983434,198.76864018304178,185.27583838136803,413.4552372040215,8.179351999537454,31.910636712629078
500635396,9657930100,2,重点词,797,1107,797,9657930100,8332.06,3712,9168,0.6722,213.0,0,2.2446,2.4698,500635396_9657930100,808153.2999999999,358634,812358,0.44376976496909687,2.2651449667348884,1.0039133552522785,1.0039133552522785,1.0019566776261393,2.4693874085306127,8332.06,0.010310726070111888,2026-09-11,9,4,2.1341487095055243,1.4653783135235232,3.2700882290133815,0.035096727129381576,0.015181921548895935,0.07576071255925501,3.046146905455238,2.6816284095643055,3.3509090603257126,9,4,0.12164750140735366,0.09182918760446235,0.16054160597588862,4794.35,2.950369230769231,0.03806601232167537,2.8802618941647733,2.1299810232931455,1.4625166399363034,3.263702215909131,0.05711201183345544,0.028136509255297537,0.05711201183345544,132.1543437265782,62.04484560254696,1767.824258194306,153.2127604951554,7.547600442754871,1.4625166399363034,3.263702215909131,2.1299810232931455,534.4743469198969,5951.8761202208,40.492157367293856,90.36091632593929,99.99082354703553,223.13610899856275,3.7183619153906395,14.506686624419187
500635396,9657930100,5,重点词,1934,1113,1934,9657930100,4656.78,2449,5135,0.6731,189.0,0,1.9015,2.0968,500635396_9657930100,808153.2999999999,358634,812358,0.44376976496909687,2.2651449667348884,1.1847539112791299,1.1847539112791299,1.092376955639565,2.097322409334098,4656.78,0.00576265448745876,2026-09-11,9,4,2.1341487095055243,1.4653783135235232,3.2700882290133815,0.035096727129381576,0.015181921548895935,0.07576071255925501,3.046146905455238,2.6816284095643055,3.3509090603257126,9,4,0.12164750140735366,0.09182918760446235,0.16054160597588862,4794.35,2.950369230769231,0.03806601232167537,2.8802618941647733,1.9536742316721818,1.341458464459801,2.993552923403451,0.06226601110628027,0.0306756519607675,0.06226601110628027,239.71750000000003,122.70085570756692,3496.076863669908,257.3432543199497,14.926252517369745,1.341458464459801,2.993552923403451,1.9536742316721818,1056.9848161266473,11770.523174394786,80.07792283406793,178.69915942312318,167.94922205281733,374.78975158728275,7.3534905989052834,28.688650040329545
500635396,9657930100,9,重点词,2818,1118,2818,9657930100,13968.87,6980,12860,0.6439,136.0,0,2.0013,1.8424,500635396_9657930100,808153.2999999999,358634,812358,0.44376976496909687,2.2651449667348884,1.1259222796719657,1.1259222796719657,1.0629611398359828,1.8428908356802918,13968.87,0.017286144372340558,2026-09-11,9,4,2.1341487095055243,1.4653783135235232,3.2700882290133815,0.035096727129381576,0.015181921548895935,0.07576071255925501,3.046146905455238,2.6816284095643055,3.3509090603257126,9,4,0.12164750140735366,0.09182918760446235,0.16054160597588862,4794.35,2.950369230769231,0.03806601232167537,2.8802618941647733,2.0077391632913577,1.3785812656797916,3.0763948995519845,0.06058929547797066,0.029849609885205387,0.06058929547797066,239.71750000000003,119.39673458728706,3401.9335805056558,220.03514798106343,14.524314438740433,1.3785812656797916,3.0763948995519845,2.0077391632913577,1028.5220492238425,11453.5634108056,77.92156333210346,173.88710115815556,143.60093496661491,320.4549451673767,7.155473857656723,27.916114478422095
500635396,9657930100,10,重点词,2832,1119,2832,9657930100,164553.1,74970,173306,0.5672,212.0,0,2.1949,2.3117,500635396_9657930100,808153.2999999999,358634,812358,0.44376976496909687,2.2651449667348884,1.0266518186990117,1.0266518186990117,1.013325909349506,2.311666370931925,164553.1,0.20363054731815766,2026-09-11,9,4,2.1341487095055243,1.4653783135235232,3.2700882290133815,0.035096727129381576,0.015181921548895935,0.07576071255925501,3.046146905455238,2.6816284095643055,3.3509090603257126,9,4,0.12164750140735366,0.09182918760446235,0.16054160597588862,4794.35,2.950369230769231,0.03806601232167537,2.8802618941647733,2.1060832352303307,1.4461076145424996,3.22708439490369,0.05776006350197728,0.028455775048672978,0.05776006350197728,1171.531337441771,556.2607013077749,15849.361088775016,1285.8891566841914,67.66772444519307,1.4461076145424996,3.22708439490369,2.1060832352303307,4791.809410780002,53361.318778027715,363.03089540883684,810.1273554336443,839.2063125259131,1872.7441637279703,33.33683220071403,130.0591466863168
500635396,9657930100,13,重点词,3366,1123,3366,9657930100,513.5,239,700,0.5176,236.0,0,2.1485,2.9289,500635396_9657930100,808153.2999999999,358634,812358,0.44376976496909687,2.2651449667348884,1.0480626602480694,1.0480626602480694,1.0240313301240347,2.9073731163314944,513.5,0.0006354440362890396,2026-09-11,9,4,2.1341487095055243,1.4653783135235232,3.2700882290133815,0.035096727129381576,0.015181921548895935,0.07576071255925501,3.046146905455238,2.6816284095643055,3.3509090603257126,9,4,0.12164750140735366,0.09182918760446235,0.16054160597588862,4794.35,2.950369230769231,0.03806601232167537,2.8802618941647733,2.0840658354144574,1.4309897269901213,3.1933478330368033,0.058370277627607506,0.0287563999932744,0.058370277627607506,239.71750000000003,115.02395746165452,3277.3414181221774,334.41756165807175,13.992377027196005,1.4309897269901213,3.1933478330368033,2.0840658354144574,990.8535342045583,11034.08895647588,75.06776979319349,167.51867290075583,218.2500157996922,487.03928607518674,6.8934123153877565,26.893716778436914
500635396,9657930100,14,重点词,3408,1124,3408,9657930100,12956.21,6733,12890,0.5714,229.0,0,1.9243,1.9145,500635396_9657930100,808153.2999999999,358634,812358,0.44376976496909687,2.2651449667348884,1.170936887404789,1.170936887404789,1.0854684437023945,1.9148674024230647,12956.21,0.016033001708682406,2026-09-11,9,4,2.1341487095055243,1.4653783135235232,3.2700882290133815,0.035096727129381576,0.015181921548895935,0.07576071255925501,3.046146905455238,2.6816284095643055,3.3509090603257126,9,4,0.12164750140735366,0.09182918760446235,0.16054160597588862,4794.35,2.950369230769231,0.03806601232167537,2.8802618941647733,1.9661084777611915,1.34999623621052,3.0126055234360636,0.0618722226079172,0.030481650149710094,0.0618722226079172,239.71750000000003,121.92485954435558,3473.9666492231113,233.4699390864972,14.831854523013392,1.34999623621052,3.0126055234360636,1.9661084777611915,1050.3001344497588,11696.082937041518,79.57148658699508,177.56901357954467,152.368845827781,340.0211157838886,7.30698496976313,28.507214611614476
500635396,9657930100,16,重点词,4196,1129,4196,9657930100,657.56,352,563,0.659,152.0,0,1.8681,1.5994,500635396_9657930100,808153.2999999999,358634,812358,0.44376976496909687,2.2651449667348884,1.2037861042242304,1.2037861042242304,1.101893052112115,1.61422544370522,657.56,0.0008137148597901087,2026-09-11,9,4,2.1341487095055243,1.4653783135235232,3.2700882290133815,0.035096727129381576,0.015181921548895935,0.07576071255925501,3.046146905455238,2.6816284095643055,3.3509090603257126,9,4,0.12164750140735366,0.09182918760446235,0.16054160597588862,4794.35,2.950369230769231,0.03806601232167537,2.8802618941647733,1.9368020384689562,1.3298734488929551,2.9677001980775333,0.06280843317550208,0.030942878820424315,0.06280843317550208,239.71750000000003,123.76974788269892,3526.5324720003264,199.79227619323288,15.056280579748424,1.3298734488929551,2.9677001980775333,1.9368020384689562,1066.192598685913,11873.060520575205,80.77551100184859,180.2558733686663,130.3898850874749,290.9736171690073,7.417549553635066,28.938567397192102
500635396,9657930100,18,重点词,4536,1132,4536,9657930100,48121.97,23315,52173,0.575,196.0,0,2.064,2.2377,500635396_9657930100,808153.2999999999,358634,812358,0.44376976496909687,2.2651449667348884,1.0917625641345226,1.0917625641345226,1.0458812820672612,2.2377533404679446,48121.97,0.059549793283310754,2026-09-11,9,4,2.1341487095055243,1.4653783135235232,3.2700882290133815,0.035096727129381576,0.015181921548895935,0.07576071255925501,3.046146905455238,2.6816284095643055,3.3509090603257126,9,4,0.12164750140735366,0.09182918760446235,0.16054160597588862,4794.35,2.950369230769231,0.03806601232167537,2.8802618941647733,2.0405267271704326,1.4010943102711384,3.126634241459807,0.059615735382226726,0.029369980788538873,0.059615735382226726,342.60306171340915,167.8993257728565,4783.902645791092,375.71727711052534,20.424533468247294,1.4010943102711384,3.126634241459807,2.0405267271704326,1446.3390410476698,16106.349817842323,109.57567635204104,244.52533937355648,245.2033357908142,547.1873950122339,10.062245340617425,39.25649068482995
500635396,9657930100,21,重点词,5331,1136,5331,9657930100,4160.45,2130,3953,0.7037,152.0,0,1.9533,1.8559,500635396_9657930100,808153.2999999999,358634,812358,0.44376976496909687,2.2651449667348884,1.153372839167986,1.153372839167986,1.076686419583993,1.8573999811664543,4160.45,0.005148457917777477,2026-09-11,9,4,2.1341487095055243,1.4653783135235232,3.2700882290133815,0.035096727129381576,0.015181921548895935,0.07576071255925501,3.046146905455238,2.6816284095643055,3.3509090603257126,9,4,0.12164750140735366,0.09182918760446235,0.16054160597588862,4794.35,2.950369230769231,0.03806601232167537,2.8802618941647733,1.9821450987838323,1.361007519802945,3.0371779280701516,0.06137164301543407,0.030235037188885205,0.06137164301543407,239.71750000000003,120.93842178712418,3445.8603886708106,224.63102234970518,14.71185683455232,1.361007519802945,3.0371779280701516,1.9821450987838323,1041.8026408875903,11601.455328989114,78.9277104197575,176.1323846577334,146.60032784716896,327.1482879460767,7.24786752732659,28.27657589731549
500635396,9657930100,23,重点词,5553,1138,5553,9657930100,71798.68,51724,100920,0.5765,187.0,0,1.3881,1.9511,500635396_9657930100,808153.2999999999,358634,812358,0.44376976496909687,2.2651449667348884,1.6233015907535366,1.6233015907535366,1.3116507953767682,1.9511737640093922,71798.68,0.0888491587525319,2026-09-11,9,4,2.1341487095055243,1.4653783135235232,3.2700882290133815,0.035096727129381576,0.015181921548895935,0.07576071255925501,3.046146905455238,2.6816284095643055,3.3509090603257126,9,4,0.12164750140735366,0.09182918760446235,0.16054160597588862,4794.35,2.950369230769231,0.03806601232167537,2.8802618941647733,1.6270708004202412,1.1172015590495619,2.4931088674970514,0.07476472528173601,0.036833204037597427,0.07476472528173601,511.1687571182416,314.1650363255345,8951.405501925794,612.9905764474406,38.21739169855177,1.1172015590495619,2.4931088674970514,1.6270708004202412,2706.319130694442,30137.416885400227,205.0326657541545,457.5438988405179,400.0543581844132,892.7476513001859,18.827983128581277,73.45483232432626
500635396,9657930100,24,重点词,5573,1139,5573,9657930100,10656.71,10553,10503,0.5927,209.0,0,1.0098,0.9953,500635396_9657930100,808153.2999999999,358634,812358,0.44376976496909687,2.2651449667348884,2.230559989151984,2.230559989151984,1.615279994575992,0.996223952252048,10656.71,0.013187425152797994,2026-09-11,9,4,2.1341487095055243,1.4653783135235232,3.2700882290133815,0.035096727129381576,0.015181921548895935,0.07576071255925501,3.046146905455238,2.6816284095643055,3.3509090603257126,9,4,0.12164750140735366,0.09182918760446235,0.16054160597588862,4794.35,2.950369230769231,0.03806601232167537,2.8802618941647733,1.3212252468128503,0.9071977108886206,2.0244714476710732,0.0920717354597939,0.04535958642938704,0.0920717354597939,239.71750000000003,181.43575486334595,5169.59185950576,180.75064478979624,22.07120624508315,0.9071977108886206,2.0244714476710732,1.3212252468128503,1562.9462148991881,17404.880715523188,118.40991893255301,264.2395335909648,117.96279742483256,263.24175249522875,10.873486659886588,42.42143908501326
500635396,9657930100,25,重点词,5867,1140,5867,9657930100,24613.57,15146,13988,0.5599,213.0,0,1.6251,0.9235,500635396_9657930100,808153.2999999999,358634,812358,0.44376976496909687,2.2651449667348884,1.3865195275620263,1.3865195275620263,1.1932597637810132,0.9242524191456961,24613.57,0.030458707435799055,2026-09-11,9,4,2.1341487095055243,1.4653783135235232,3.2700882290133815,0.035096727129381576,0.015181921548895935,0.07576071255925501,3.046146905455238,2.6816284095643055,3.3509090603257126,9,4,0.12164750140735366,0.09182918760446235,0.16054160597588862,4794.35,2.950369230769231,0.03806601232167537,2.8802618941647733,1.7885030353685696,1.2280463634173533,2.7404663496334125,0.06801637962123161,0.033508598861922236,0.06801637962123161,239.71750000000003,134.03248149959094,3818.9453109257106,123.87984527009769,16.30471648185259,1.2280463634173533,2.7404663496334125,1.7885030353685696,1154.599101985779,12857.550344820322,87.47325068671857,195.202320646042,80.84736355773757,180.4162170799582,8.032597547682844,31.338094046735947
500635396,9657930100,26,重点词,5874,1141,5874,9657930100,18.64,22,61,0.6,100.0,0,0.8473,2.7727,500635396_9657930100,808153.2999999999,358634,812358,0.44376976496909687,2.2651449667348884,2.1586238452568636,2.1586238452568636,1.5793119226284318,2.637371991129304,18.64,2.3066556643481396e-05,2026-09-11,9,4,2.1341487095055243,1.4653783135235232,3.2700882290133815,0.035096727129381576,0.015181921548895935,0.07576071255925501,3.046146905455238,2.6816284095643055,3.3509090603257126,9,4,0.12164750140735366,0.09182918760446235,0.16054160597588862,4794.35,2.950369230769231,0.03806601232167537,2.8802618941647733,1.3513155184402608,0.9278587038618121,2.070577814400976,0.09002153808443182,0.04434954676215769,0.09002153808443182,239.71750000000003,177.39565388599326,5054.478533911064,467.85832890698686,21.579738055754788,0.9278587038618121,2.070577814400976,1.3513155184402608,1528.143479709976,17017.31942341484,115.77323891560722,258.3556084587871,305.3370976383436,681.3798455003742,10.631362475957538,41.47682429485156
500635396,9657930100,30,重点词,6434,1147,6434,9657930100,89.74,49,76,0.7619,68.0,0,1.8314,1.551,500635396_9657930100,808153.2999999999,358634,812358,0.44376976496909687,2.2651449667348884,1.2114275779650283,1.2114275779650283,1.1057137889825142,1.6512484163838441,89.74,0.00011105111551427148,2026-09-11,9,4,2.1341487095055243,1.4653783135235232,3.2700882290133815,0.035096727129381576,0.015181921548895935,0.07576071255925501,3.046146905455238,2.6816284095643055,3.3509090603257126,9,4,0.12164750140735366,0.09182918760446235,0.16054160597588862,4794.35,2.950369230769231,0.03806601232167537,2.8802618941647733,1.9301095190911777,1.3252781398990918,2.9574454633712586,0.06302621701209644,0.031050171082371944,0.06302621701209644,239.71750000000003,124.19891080215737,3538.7604759927317,205.08325477866066,15.10848717659723,1.3252781398990918,2.9574454633712586,1.9301095190911777,1069.8895467381196,11914.229525142831,81.05559442057832,180.88089796625815,133.8429219260311,298.67929632087146,7.443269386438498,29.03890984986393
500635396,9657930100,31,重点词,6660,1149,6660,9657930100,4349.38,2727,5333,0.7072,181.0,0,1.5949,1.9556,500635396_9657930100,808153.2999999999,358634,812358,0.44376976496909687,2.2651449667348884,1.4120993992157715,1.4120993992157715,1.2060496996078858,1.9565342448752756,4349.38,0.005382254299035682,2026-09-11,9,4,2.1341487095055243,1.4653783135235232,3.2700882290133815,0.035096727129381576,0.015181921548895935,0.07576071255925501,3.046146905455238,2.6816284095643055,3.3509090603257126,9,4,0.12164750140735366,0.09182918760446235,0.16054160597588862,4794.35,2.950369230769231,0.03806601232167537,2.8802618941647733,1.7695362887610557,1.215023157005844,2.7114042067060433,0.06874541210597347,0.033867760246644035,0.06874541210597347,239.71750000000003,135.46910652385586,3859.878615588818,265.0499460365806,16.479478326513696,1.215023157005844,2.7114042067060433,1.7695362887610557,1166.9746541232034,12995.363793989145,88.41083133496406,197.29459361970584,172.97881912474926,386.01362874570555,8.118694816924894,31.673990910067882
500635396,9657930100,2,潜力词,6133,1144,6133,9657930100,2.08,2,2,1.0,120.0,0,1.04,1.0,500635396_9657930100,808153.2999999999,358634,812358,0.44376976496909687,2.2651449667348884,1.2393334827717255,1.2393334827717255,1.1196667413858628,2.012115973387911,2.08,2.5739505267404132e-06,2026-09-11,9,4,2.1341487095055243,1.4653783135235232,3.2700882290133815,0.035096727129381576,0.015181921548895935,0.07576071255925501,3.046146905455238,2.6816284095643055,3.3509090603257126,9,4,0.12164750140735366,0.09182918760446235,0.16054160597588862,4794.35,2.950369230769231,0.03806601232167537,2.8802618941647733,1.9060570709316513,1.3087629196789015,2.920590661615834,0.06382154200025827,0.03144199178999542,0.06382154200025827,239.71750000000003,125.76617125258994,3583.4159347383575,253.0561220891757,15.299140494446917,1.3087629196789015,2.920590661615834,1.9060570709316513,1083.3904346453005,12064.574649842654,82.07843130860897,183.16342585470983,165.1513227066745,368.5460549027139,7.537195666918229,29.405350542760715
500635396,9657930100,3,潜力词,6452,1148,6452,9657930100,5.59,5,4,1.0,33.0,0,1.118,0.8,500635396_9657930100,808153.2999999999,358634,812358,0.44376976496909687,2.2651449667348884,1.4159050394332047,1.4159050394332047,1.2079525197166023,1.7016276718368544,5.59,6.9174920406148606e-06,2026-09-11,9,4,2.1341487095055243,1.4653783135235232,3.2700882290133815,0.035096727129381576,0.015181921548895935,0.07576071255925501,3.046146905455238,2.6816284095643055,3.3509090603257126,9,4,0.12164750140735366,0.09182918760446235,0.16054160597588862,4794.35,2.950369230769231,0.03806601232167537,2.8802618941647733,1.7667488371200357,1.2131091989172849,2.707133083161726,0.0688538737660359,0.03392119440881452,0.0688538737660359,239.71750000000003,135.68284012047903,3865.9684596883903,230.88167534242285,16.505478484509712,1.2131091989172849,2.707133083161726,1.7667488371200357,1168.8158243825635,13015.866961939297,88.55031970575608,197.60587110702886,150.67967436131485,336.25161839314706,8.131503920694994,31.723963897786863
525368335,9811363528,83,黄金词,4042,1827,4042,9811363528,1.73,7,20,0.25,350.0,0,0.2471,2.8571,525368335_9811363528,181497.5,100380,138303,0.5530654692213391,1.3777943813508666,2.116111279690801,2.116111279690801,1.5580556398454004,2.068157003387129,1.73,9.698401030788666e-06,2026-09-11,9,4,0.6762404766124834,0.46432946529969976,1.0361817865378498,0.0036381055468740916,0.0015478996742561216,0.008130550601699146,3.880637988059105,3.516119492168172,4.0,9,4,0.12164750140735366,0.09182918760446235,0.16054160597588862,47.04,0.672,0.0034173013083382154,3.95298769771529,0.4340284514355239,0.2980185388923423,0.6650479995956151,0.2802754082249945,0.13807903739323993,0.2802754082249945,2.352,5.418999589130382,1489.5113732438188,11.207341951611975,0.659207760145187,0.2980185388923423,0.6650479995956151,0.4340284514355239,434.975072197627,5098.603354895963,3.536586834980546,7.89212647220463,7.314216830851737,16.322156635106964,0.32476189594890026,1.2670146584125557
525368335,9811363528,87,黄金词,4255,1856,4255,9811363528,7.61,25,149,0.381,369.0,0,0.3044,5.96,525368335_9811363528,181497.5,100380,138303,0.5530654692213391,1.3777943813508666,3.399017555878599,2.7815627886031566,1.8907813943015783,4.8491622742668765,7.61,4.266175251115708e-05,2026-09-11,9,4,0.6762404766124834,0.46432946529969976,1.0361817865378498,0.0036381055468740916,0.0015478996742561216,0.008130550601699146,3.880637988059105,3.516119492168172,4.0,9,4,0.12164750140735366,0.09182918760446235,0.16054160597588862,47.04,0.672,0.0034173013083382154,3.95298769771529,0.3576513279909203,0.24557543600708795,0.5480177611545608,0.34012875638040946,0.16756607926538206,0.34012875638040946,2.352,6.576237290134458,1807.5993687936975,31.88924177394705,0.7999828350067231,0.24557543600708795,0.5480177611545608,0.3576513279909203,527.8648287412037,6187.419828805001,4.29183170093761,9.577505137493128,20.8117883716893,46.44287659432887,0.39411541843217857,1.5375880560154709
525368335,9811363528,12,重点词,709,1295,709,9811363528,1363.47,2319,263,0.9787,79.0,0,0.588,0.1134,525368335_9811363528,181497.5,100380,138303,0.5530654692213391,1.3777943813508666,3.0630417483637205,2.7815627886031566,1.8907813943015783,0.11775778042578726,1363.47,0.00764362939505747,2026-09-11,9,4,0.6762404766124834,0.46432946529969976,1.0361817865378498,0.0036381055468740916,0.0015478996742561216,0.008130550601699146,3.880637988059105,3.516119492168172,4.0,9,4,0.12164750140735366,0.09182918760446235,0.16054160597588862,47.04,0.672,0.0034173013083382154,3.95298769771529,0.3576513279909203,0.24557543600708795,0.5480177611545608,0.34012875638040946,0.16756607926538206,0.34012875638040946,2.352,6.576237290134458,1807.5993687936975,0.7744031068395277,0.7999828350067231,0.24557543600708795,0.5480177611545608,0.3576513279909203,527.8648287412037,6187.419828805001,4.29183170093761,9.577505137493128,0.5053965750634442,1.1278257470077653,0.39411541843217857,1.5375880560154709
525368335,9811363528,16,重点词,836,1321,836,9811363528,22.95,53,54,0.7895,119.0,0,0.433,1.0189,525368335_9811363528,181497.5,100380,138303,0.5530654692213391,1.3777943813508666,3.3501942216481595,2.7815627886031566,1.8907813943015783,1.06594024673454,22.95,0.00012865797899225427,2026-09-11,9,4,0.6762404766124834,0.46432946529969976,1.0361817865378498,0.0036381055468740916,0.0015478996742561216,0.008130550601699146,3.880637988059105,3.516119492168172,4.0,9,4,0.12164750140735366,0.09182918760446235,0.16054160597588862,47.04,0.672,0.0034173013083382154,3.95298769771529,0.3576513279909203,0.24557543600708795,0.5480177611545608,0.34012875638040946,0.16756607926538206,0.34012875638040946,2.352,6.576237290134458,1807.5993687936975,7.009875999630807,0.7999828350067231,0.24557543600708795,0.5480177611545608,0.3576513279909203,527.8648287412037,6187.419828805001,4.29183170093761,9.577505137493128,4.574836142240557,10.20904818936075,0.39411541843217857,1.5375880560154709
525368335,9811363528,22,重点词,954,1336,954,9811363528,22.07,35,90,0.72,249.0,0,0.6306,2.5714,525368335_9811363528,181497.5,100380,138303,0.5530654692213391,1.3777943813508666,2.367860841050936,2.367860841050936,1.683930420525468,2.3493570942048123,22.07,0.00012372468829451207,2026-09-11,9,4,0.6762404766124834,0.46432946529969976,1.0361817865378498,0.0036381055468740916,0.0015478996742561216,0.008130550601699146,3.880637988059105,3.516119492168172,4.0,9,4,0.12164750140735366,0.09182918760446235,0.16054160597588862,47.04,0.672,0.0034173013083382154,3.95298769771529,0.40158457164843164,0.2757414793627913,0.6153352738971903,0.30291876231203996,0.14923439545870254,0.30291876231203996,2.352,5.856798707045611,1609.848486138026,13.759711591727179,0.712464928957918,0.2757414793627913,0.6153352738971903,0.40158457164843164,470.1165590700764,5510.517770953574,3.8223064722159417,8.529728662641606,8.979962826725492,20.039378545219183,0.3509992981188684,1.3693763380390522
525368335,9811363528,42,重点词,1672,1454,1672,9811363528,662.43,3390,507,0.9859,66.0,0,0.1954,0.1496,525368335_9811363528,181497.5,100380,138303,0.5530654692213391,1.3777943813508666,9.153802818302667,2.7815627886031566,1.8907813943015783,0.15244919218681782,662.43,0.003713590632847015,2026-09-11,9,4,0.6762404766124834,0.46432946529969976,1.0361817865378498,0.0036381055468740916,0.0015478996742561216,0.008130550601699146,3.880637988059105,3.516119492168172,4.0,9,4,0.12164750140735366,0.09182918760446235,0.16054160597588862,47.04,0.672,0.0034173013083382154,3.95298769771529,0.3576513279909203,0.24557543600708795,0.5480177611545608,0.34012875638040946,0.16756607926538206,0.34012875638040946,2.352,6.576237290134458,1807.5993687936975,1.002542062509826,0.7999828350067231,0.24557543600708795,0.5480177611545608,0.3576513279909203,527.8648287412037,6187.419828805001,4.29183170093761,9.577505137493128,0.654286275809715,1.460082921375925,0.39411541843217857,1.5375880560154709
525368335,9811363528,45,重点词,1719,1465,1719,9811363528,49.34,66,98,0.7381,114.0,0,0.7476,1.4848,525368335_9811363528,181497.5,100380,138303,0.5530654692213391,1.3777943813508666,2.219422952362902,2.219422952362902,1.609711476181451,1.4732750682541478,49.34,0.0002766006398029554,2026-09-11,9,4,0.6762404766124834,0.46432946529969976,1.0361817865378498,0.0036381055468740916,0.0015478996742561216,0.008130550601699146,3.880637988059105,3.516119492168172,4.0,9,4,0.12164750140735366,0.09182918760446235,0.16054160597588862,47.04,0.672,0.0034173013083382154,3.95298769771529,0.42010042583324153,0.28845508786529844,0.6437065286978475,0.2895676698400718,0.142656915085549,0.2895676698400718,2.352,5.598661308983353,1538.8946903406352,8.248368122124305,0.6810631594638489,0.28845508786529844,0.6437065286978475,0.42010042583324153,449.3962523949735,5267.6426457322505,3.653838970311293,8.153782335426605,5.383109858375035,12.012764226755097,0.33552906428121126,1.309021310907219
525368335,9811363528,48,重点词,1952,1486,1952,9811363528,23556.53,28520,31283,0.6368,210.0,0,0.826,1.0969,525368335_9811363528,181497.5,100380,138303,0.5530654692213391,1.3777943813508666,2.1886734247777966,2.1886734247777966,1.5943367123888983,1.0969581588281971,23556.53,0.1320581935455515,2026-09-11,9,4,0.6762404766124834,0.46432946529969976,1.0361817865378498,0.0036381055468740916,0.0015478996742561216,0.008130550601699146,3.880637988059105,3.516119492168172,4.0,9,4,0.12164750140735366,0.09182918760446235,0.16054160597588862,47.04,0.672,0.0034173013083382154,3.95298769771529,0.42415160571647903,0.2912367642867389,0.649914022857362,0.2868019353642811,0.14129436260004546,0.2868019353642811,7.454420909259291,17.574897298024478,4830.782689393127,19.27892698163559,2.1379423437955287,0.2912367642867389,0.649914022857362,0.42415160571647903,1410.7109800133526,16535.788359422888,11.469857007371155,25.595741415118855,12.581953224828558,28.077457376571413,1.0532676509262429,4.1091814329267455
525368335,9811363528,53,重点词,2206,1524,2206,9811363528,32.01,43,63,0.8378,162.0,0,0.7444,1.4651,525368335_9811363528,181497.5,100380,138303,0.5530654692213391,1.3777943813508666,2.1414644565276353,2.1414644565276353,1.5707322282638176,1.4514187264864105,32.01,0.00017944844913037294,2026-09-11,9,4,0.6762404766124834,0.46432946529969976,1.0361817865378498,0.0036381055468740916,0.0015478996742561216,0.008130550601699146,3.880637988059105,3.516119492168172,4.0,9,4,0.12164750140735366,0.09182918760446235,0.16054160597588862,47.04,0.672,0.0034173013083382154,3.95298769771529,0.4305256264843782,0.29561338141825644,0.65968073226789,0.28255577351042466,0.13920247039619674,0.28255577351042466,2.352,5.463089431414701,1501.6302746105484,7.929230305225294,0.6645711792965188,0.29561338141825644,0.65968073226789,0.4305256264843782,438.51409854656265,5140.086402475183,3.5653610677913132,7.9563380680396545,5.1748318204778965,11.547978066209463,0.3274042103718547,1.277323291130185
525368335,9811363528,62,重点词,2557,1582,2557,9811363528,126.11,148,160,0.844,71.0,0,0.8521,1.0811,525368335_9811363528,181497.5,100380,138303,0.5530654692213391,1.3777943813508666,2.054553344232366,2.054553344232366,1.527276672116183,1.0962971477615828,126.11,0.0007069741930593981,2026-09-11,9,4,0.6762404766124834,0.46432946529969976,1.0361817865378498,0.0036381055468740916,0.0015478996742561216,0.008130550601699146,3.880637988059105,3.516119492168172,4.0,9,4,0.12164750140735366,0.09182918760446235,0.16054160597588862,47.04,0.672,0.0034173013083382154,3.95298769771529,0.4427753588847067,0.30402445986183263,0.6784506078405061,0.2747386433467477,0.13535132335831004,0.2747386433467477,2.352,5.31194871802347,1460.0864789608886,5.823474228624927,0.6461852891515505,0.30402445986183263,0.6784506078405061,0.4427753588847067,426.3822573020606,4997.881824732897,3.466722518661109,7.736219648474642,3.8005580092890243,8.481195535079864,0.3183463125387452,1.2419851265483437
525368335,9811363528,70,重点词,2742,1620,2742,9811363528,2201.88,6284,4228,0.9227,58.0,0,0.3504,0.6728,525368335_9811363528,181497.5,100380,138303,0.5530654692213391,1.3777943813508666,5.145020596980575,2.7815627886031566,1.8907813943015783,0.6737162039178015,2201.88,0.012343766047209798,2026-09-11,9,4,0.6762404766124834,0.46432946529969976,1.0361817865378498,0.0036381055468740916,0.0015478996742561216,0.008130550601699146,3.880637988059105,3.516119492168172,4.0,9,4,0.12164750140735366,0.09182918760446235,0.16054160597588862,47.04,0.672,0.0034173013083382154,3.95298769771529,0.3576513279909203,0.24557543600708795,0.5480177611545608,0.34012875638040946,0.16756607926538206,0.34012875638040946,2.352,6.576237290134458,1807.5993687936975,4.430517623172077,0.7999828350067231,0.24557543600708795,0.5480177611545608,0.3576513279909203,527.8648287412037,6187.419828805001,4.29183170093761,9.577505137493128,2.891476561409768,6.452520404235112,0.39411541843217857,1.5375880560154709
525368335,9811363528,73,重点词,2843,1639,2843,9811363528,4124.08,5431,5542,0.7917,117.0,0,0.7594,1.0204,525368335_9811363528,181497.5,100380,138303,0.5530654692213391,1.3777943813508666,2.3783981017240894,2.3783981017240894,1.6891990508620447,1.0209638453853296,4124.08,0.023119642614482613,2026-09-11,9,4,0.6762404766124834,0.46432946529969976,1.0361817865378498,0.0036381055468740916,0.0015478996742561216,0.008130550601699146,3.880637988059105,3.516119492168172,4.0,9,4,0.12164750140735366,0.09182918760446235,0.16054160597588862,47.04,0.672,0.0034173013083382154,3.95298769771529,0.4003320249720596,0.2748814386692555,0.6134160364399078,0.3038665253319262,0.14970131550099802,0.3038665253319262,2.352,5.875123280892037,1614.8853311691357,5.998288456972408,0.7146940675806903,0.2748814386692555,0.6134160364399078,0.4003320249720596,471.58744547645824,5527.758911528273,3.8342655885723804,8.556416218520987,3.9146465395375016,8.735791605178587,0.35209749405834734,1.373660801119499
525368335,9811363528,74,重点词,2914,1653,2914,9811363528,4623.04,5627,3428,0.7333,205.0,0,0.8216,0.6092,525368335_9811363528,181497.5,100380,138303,0.5530654692213391,1.3777943813508666,2.1986703711962643,2.1986703711962643,1.5993351855981321,0.6102967799557776,4623.04,0.02591681844010245,2026-09-11,9,4,0.6762404766124834,0.46432946529969976,1.0361817865378498,0.0036381055468740916,0.0015478996742561216,0.008130550601699146,3.880637988059105,3.516119492168172,4.0,9,4,0.12164750140735366,0.09182918760446235,0.16054160597588862,47.04,0.672,0.0034173013083382154,3.95298769771529,0.42282598588586523,0.29032654910674405,0.647882817728624,0.28770110037700086,0.141737340598723,0.28770110037700086,2.352,5.562572023742369,1528.974888736201,3.394819794362061,0.676672988086706,0.29032654910674405,0.647882817728624,0.42282598588586523,446.4994189121394,5233.68712538592,3.630286119094414,8.101222596543323,2.215551928801477,4.944150064375374,0.33336622508819647,1.3005832860172235
525368335,9811363528,75,重点词,2919,1655,2919,9811363528,90.58,106,104,0.9079,95.0,0,0.8545,0.9811,525368335_9811363528,181497.5,100380,138303,0.5530654692213391,1.3777943813508666,2.024726739929226,2.024726739929226,1.512363369964613,1.0089680267614645,90.58,0.0005077925811380563,2026-09-11,9,4,0.6762404766124834,0.46432946529969976,1.0361817865378498,0.0036381055468740916,0.0015478996742561216,0.008130550601699146,3.880637988059105,3.516119492168172,4.0,9,4,0.12164750140735366,0.09182918760446235,0.16054160597588862,47.04,0.672,0.0034173013083382154,3.95298769771529,0.44714153360399517,0.3070224223366137,0.685140758574505,0.27205592025161573,0.13402966683155879,0.27205592025161573,1.9535790907407318,4.369039652824765,1200.9106378397134,4.408221317353196,0.5314827573157845,0.3070224223366137,0.685140758574505,0.44714153360399517,350.6963429622107,4110.721889746553,2.851354362285092,6.362985074096197,2.876925384512483,6.42004849452349,0.2618375546610798,1.021523842596012
525368335,9811363528,76,重点词,2961,1660,2961,9811363528,3144.54,4114,5321,0.9121,95.0,0,0.7644,1.2934,525368335_9811363528,181497.5,100380,138303,0.5530654692213391,1.3777943813508666,2.362050591688651,2.362050591688651,1.6810252958443255,1.2935522452816126,3144.54,0.01762832946667988,2026-09-11,9,4,0.6762404766124834,0.46432946529969976,1.0361817865378498,0.0036381055468740916,0.0015478996742561216,0.008130550601699146,3.880637988059105,3.516119492168172,4.0,9,4,0.12164750140735366,0.09182918760446235,0.16054160597588862,47.04,0.672,0.0034173013083382154,3.95298769771529,0.40227858455445153,0.27621801197612667,0.6163986878123738,0.30239616543864944,0.14897693557779657,0.30239616543864944,2.352,5.846694530371249,1607.0711679585015,7.563004837237453,0.7112357811117035,0.27621801197612667,0.6163986878123738,0.40227858455445153,469.30551177137505,5501.010999778744,3.8157122111134787,8.51501313463686,4.935823098034307,11.014614358911933,0.35039375247897747,1.3670138835403869
525368335,9811363528,77,重点词,2978,1664,2978,9811363528,2698.76,4658,6365,0.9164,86.0,0,0.5794,1.3665,525368335_9811363528,181497.5,100380,138303,0.5530654692213391,1.3777943813508666,3.1144329443210412,2.7815627886031566,1.8907813943015783,1.3664857168990157,2698.76,0.01512928136754406,2026-09-11,9,4,0.6762404766124834,0.46432946529969976,1.0361817865378498,0.0036381055468740916,0.0015478996742561216,0.008130550601699146,3.880637988059105,3.516119492168172,4.0,9,4,0.12164750140735366,0.09182918760446235,0.16054160597588862,47.04,0.672,0.0034173013083382154,3.95298769771529,0.3576513279909203,0.24557543600708795,0.5480177611545608,0.34012875638040946,0.16756607926538206,0.34012875638040946,2.352,6.576237290134458,1807.5993687936975,8.986334327907425,0.7999828350067231,0.24557543600708795,0.5480177611545608,0.3576513279909203,527.8648287412037,6187.419828805001,4.29183170093761,9.577505137493128,5.864726718665652,13.087523973911303,0.39411541843217857,1.5375880560154709
525368335,9811363528,100,重点词,4091,1834,4091,9811363528,44.79,64,337,0.4,581.0,0,0.6998,5.2656,525368335_9811363528,181497.5,100380,138303,0.5530654692213391,1.3777943813508666,2.3420751004272695,2.3420751004272695,1.6710375502136348,4.833643820150097,44.79,0.00025109328449076556,2026-09-11,9,4,0.6762404766124834,0.46432946529969976,1.0361817865378498,0.0036381055468740916,0.0015478996742561216,0.008130550601699146,3.880637988059105,3.516119492168172,4.0,9,4,0.12164750140735366,0.09182918760446235,0.16054160597588862,47.04,0.672,0.0034173013083382154,3.95298769771529,0.40468299262696344,0.2778689594619446,0.6200828858725398,0.3005994905239031,0.1480917949787412,0.3005994905239031,2.352,5.811956624942902,1597.5228178678358,28.092928223135672,0.7070100017122201,0.2778689594619446,0.6200828858725398,0.40468299262696344,466.5171515448864,5468.3269594414305,3.7930413071962477,8.464421519245358,18.334210674103186,40.913998767645815,0.3483119017899993,1.3588918243565207
525368335,9811363528,103,重点词,4352,1870,4352,9811363528,29.26,39,434,0.2927,677.0,0,0.7503,11.1282,525368335_9811363528,181497.5,100380,138303,0.5530654692213391,1.3777943813508666,2.1054679516871255,2.1054679516871255,1.5527339758435628,9.46856074576185,29.26,0.00016403191569992856,2026-09-11,9,4,0.6762404766124834,0.46432946529969976,1.0361817865378498,0.0036381055468740916,0.0015478996742561216,0.008130550601699146,3.880637988059105,3.516119492168172,4.0,9,4,0.12164750140735366,0.09182918760446235,0.16054160597588862,47.04,0.672,0.0034173013083382154,3.95298769771529,0.4355159912341703,0.29903993377065174,0.6673273095443908,0.27931810508869614,0.13760741736638585,0.27931810508869614,2.352,5.400490561402521,1484.4238276821557,51.13487293755329,0.6569561831686134,0.29903993377065174,0.6673273095443908,0.4355159912341703,433.4893799513344,5081.1886662035295,3.5245073389935113,7.8651702812503395,33.372011838143514,74.47184258377966,0.32365264564573953,1.2626870682257612
525368335,9811363528,146,重点词,6554,2211,6554,9811363528,22.07,120,24,0.5714,127.0,0,0.1839,0.2,525368335_9811363528,181497.5,100380,138303,0.5530654692213391,1.3777943813508666,7.468719033619804,2.7815627886031566,1.8907813943015783,0.2736121488344292,22.07,0.00012372468829451207,2026-09-11,9,4,0.6762404766124834,0.46432946529969976,1.0361817865378498,0.0036381055468740916,0.0015478996742561216,0.008130550601699146,3.880637988059105,3.516119492168172,4.0,9,4,0.12164750140735366,0.09182918760446235,0.16054160597588862,47.04,0.672,0.0034173013083382154,3.95298769771529,0.3576513279909203,0.24557543600708795,0.5480177611545608,0.34012875638040946,0.16756607926538206,0.34012875638040946,2.352,6.576237290134458,1807.5993687936975,1.7993384161987926,0.7999828350067231,0.24557543600708795,0.5480177611545608,0.3576513279909203,527.8648287412037,6187.419828805001,4.29183170093761,9.577505137493128,1.1742972941292629,2.62052176114228,0.39411541843217857,1.5375880560154709
525368335,9811363528,176,潜力词,5309,2031,5309,9811363528,4.65,10,5,1.0,200.0,0,0.465,0.5,525368335_9811363528,181497.5,100380,138303,0.5530654692213391,1.3777943813508666,2.056730294275929,2.056730294275929,1.5283651471379645,0.8901308361559407,4.65,2.6067956527842372e-05,2026-09-11,9,4,0.6762404766124834,0.46432946529969976,1.0361817865378498,0.0036381055468740916,0.0015478996742561216,0.008130550601699146,3.880637988059105,3.516119492168172,4.0,9,4,0.12164750140735366,0.09182918760446235,0.16054160597588862,47.04,0.672,0.0034173013083382154,3.95298769771529,0.44246002199070017,0.30380793893999014,0.6779674271414895,0.27493444686831053,0.13544778691159437,0.27493444686831053,2.352,5.315734491486861,1461.127068194657,4.7316991876901735,0.6466458190342663,0.30380793893999014,0.6779674271414895,0.44246002199070017,426.68613573173707,5001.443765818857,3.469193217610358,7.741733175921318,3.088035859578026,6.891155425179029,0.31857319481606994,1.242870277099225
525368335,9811363528,188,潜力词,5624,2082,5624,9811363528,5.22,14,5,1.0,54.0,0,0.3729,0.3571,525368335_9811363528,181497.5,100380,138303,0.5530654692213391,1.3777943813508666,2.5130616608694187,2.5130616608694187,1.7565308304347094,0.7282888659457697,5.22,2.9263383457061755e-05,2026-09-11,9,4,0.6762404766124834,0.46432946529969976,1.0361817865378498,0.0036381055468740916,0.0015478996742561216,0.008130550601699146,3.880637988059105,3.516119492168172,4.0,9,4,0.12164750140735366,0.09182918760446235,0.16054160597588862,47.04,0.672,0.0034173013083382154,3.95298769771529,0.384986397560199,0.2643446145404614,0.5899024193508825,0.31597869997038547,0.1556684370026986,0.31597869997038547,2.352,6.109306757084127,1679.2549524390033,4.449340089831627,0.7431819023303465,0.2643446145404614,0.5899024193508825,0.384986397560199,490.38500631563375,5748.096381154433,3.987100108163815,8.897476515981738,2.9037606161868807,6.479933081603458,0.3661321638303471,1.4284151690084625
63563817,1841014603,2,黄金词,4048,38,4048,1841014603,2.81,2,23,0.0,477.0,0,1.405,11.5,63563817_1841014603,4767.6,4023,12090,0.8438207903347595,3.005219985085757,0.9595373977732911,0.9595373977732911,0.9797686988866455,4.704175988068606,2.81,0.0006002875398678513,2026-09-11,9,4,1.023842880934586,0.7030049721908123,1.5688019013815928,0.03677879509694916,0.01591944720115935,0.0792909096023621,3.5361721992579835,3.171653703367051,3.840934354128458,9,4,0.12164750140735366,0.09182918760446235,0.16054160597588862,30.95,0.9983870967741936,0.04046997389033943,3.573107049608355,1.0449842724084,0.71752136293971,1.6011961835117734,0.11641084427710073,0.057350366276205364,0.11641084427710073,1.5475,1.4808835318003783,40.2646015971094,6.966336751421571,0.18014578151881339,0.71752136293971,1.6011961835117734,1.0449842724084,12.188849408376464,135.47770742693072,0.966464956596383,2.1567302103171375,4.546421242130473,10.145638468116033,0.08874969181242781,0.3462449316210293
63563817,1841014603,4,黄金词,4675,42,4675,1841014603,1.45,1,3,0.0,42.0,0,1.45,3.0,63563817_1841014603,4767.6,4023,12090,0.8438207903347595,3.005219985085757,0.9721436127127064,0.9721436127127064,0.9860718063563532,3.004639986742895,1.45,0.00030975691559017237,2026-09-11,9,4,1.023842880934586,0.7030049721908123,1.5688019013815928,0.03677879509694916,0.01591944720115935,0.0792909096023621,3.5361721992579835,3.171653703367051,3.840934354128458,9,4,0.12164750140735366,0.09182918760446235,0.16054160597588862,30.95,0.9983870967741936,0.04046997389033943,3.573107049608355,1.038304588301537,0.7129348670747369,1.5909611158831254,0.11715974558712598,0.05771931613393892,0.11715974558712598,1.5475,1.4904104416329385,40.523634276332494,4.4781468095894645,0.18130470629607748,0.7129348670747369,1.5909611158831254,1.038304588301537,12.267263454304224,136.3492708384093,0.9726824776235964,2.170605018028633,2.922560666672009,6.521886632593613,0.08932064171727049,0.3484724155336394
63563817,1841014603,7,黄金词,5801,63,5801,1841014603,0.5,1,2,0.0,32.0,0,0.5,2.0,63563817_1841014603,4767.6,4023,12090,0.8438207903347595,3.005219985085757,1.0800333828151678,1.0800333828151678,1.040016691407584,2.893528875631784,0.5,0.00010681272951385254,2026-09-11,9,4,1.023842880934586,0.7030049721908123,1.5688019013815928,0.03677879509694916,0.01591944720115935,0.0792909096023621,3.5361721992579835,3.171653703367051,3.840934354128458,9,4,0.12164750140735366,0.09182918760446235,0.16054160597588862,30.95,0.9983870967741936,0.04046997389033943,3.573107049608355,0.9844485087531549,0.6759554707139827,1.5084391571238516,0.12356918653005558,0.06087695825899502,0.12356918653005558,1.5475,1.5719461061096769,42.74055476711556,4.548471448965294,0.19122331615526103,0.6759554707139827,1.5084391571238516,0.9844485087531549,12.938366828997461,143.808510312435,1.025894874640238,2.2893519869961887,2.968456443134178,6.624306080858472,0.0942070929057948,0.36753624463645984
63563817,1841014603,1,重点词,9,1,9,1841014603,3424.41,3271,9750,0.6109,196.0,0,1.0469,2.9807,63563817_1841014603,4767.6,4023,12090,0.8438207903347595,3.005219985085757,1.131685203603477,1.131685203603477,1.0658426018017386,2.9807995608053326,3424.41,0.7315411581490635,2026-09-11,9,4,1.023842880934586,0.7030049721908123,1.5688019013815928,0.03677879509694916,0.01591944720115935,0.0792909096023621,3.5361721992579835,3.171653703367051,3.840934354128458,9,4,0.12164750140735366,0.09182918760446235,0.16054160597588862,30.95,0.9983870967741936,0.04046997389033943,3.573107049608355,0.9605948187882951,0.6595767245580421,1.4718889062321525,0.1266376822236051,0.06238866752487002,0.1266376822236051,27.169438613656215,28.283973723622665,769.029372742253,84.30885645320402,3.440674733349942,0.6595767245580421,1.4718889062321525,0.9605948187882951,232.79960171384053,2587.5417173026394,18.45889217495803,41.19223374939656,55.02225768806789,122.78579226879185,1.6950650725047631,6.613067359862323
63563817,1841014603,1,潜力词,1186,7,1186,1841014603,1.79,1,1,1.0,13.0,0,1.79,1.0,63563817_1841014603,4767.6,4023,12090,0.8438207903347595,3.005219985085757,0.93858738648709,0.93858738648709,0.969293693243545,2.7824177645206727,1.79,0.0003823895716595921,2026-09-11,9,4,1.023842880934586,0.7030049721908123,1.5688019013815928,0.03677879509694916,0.01591944720115935,0.0792909096023621,3.5361721992579835,3.171653703367051,3.840934354128458,9,4,0.12164750140735366,0.09182918760446235,0.16054160597588862,30.95,0.9983870967741936,0.04046997389033943,3.573107049608355,1.0562772543257795,0.7252755043090692,1.6185000607317634,0.11516626047675439,0.05673721603874647,0.11516626047675439,1.5475,1.4650509548156156,39.83412047495659,4.0763838026069426,0.17821978808777741,0.7252755043090692,1.6185000607317634,1.0562772543257795,12.05853470605873,134.02927398399257,0.9561321853150487,2.1336719505978903,2.6603591776505633,5.936766739003045,0.08780084181996017,0.3425431215746922
63563817,1841014603,4,潜力词,3169,30,3169,1841014603,5.66,4,4,1.0,7.0,0,1.415,1.0,63563817_1841014603,4767.6,4023,12090,0.8438207903347595,3.005219985085757,0.9329696084250255,0.9329696084250255,0.9664848042125127,2.3368133233905044,5.66,0.0012091200980968108,2026-09-11,9,4,1.023842880934586,0.7030049721908123,1.5688019013815928,0.03677879509694916,0.01591944720115935,0.0792909096023621,3.5361721992579835,3.171653703367051,3.840934354128458,9,4,0.12164750140735366,0.09182918760446235,0.16054160597588862,30.95,0.9983870967741936,0.04046997389033943,3.573107049608355,1.0593471066198588,0.7273833681882018,1.623203897820044,0.11483252339783492,0.05657279885034071,0.11483252339783492,0.6855613863437782,0.6471546314326115,17.59586277165164,1.512279565025598,0.07872474393797405,0.7273833681882018,1.623203897820044,1.0593471066198588,5.326597383978999,59.204538327615786,0.42235075166125724,0.9425035219754946,0.9869548636260201,2.2024547874948106,0.038784126409187276,0.15131102905587715
63563817,1841014603,8,潜力词,6414,76,6414,1841014603,1.78,1,1,1.0,260.0,0,1.78,1.0,63563817_1841014603,4767.6,4023,12090,0.8438207903347595,3.005219985085757,0.9395412354570973,0.9395412354570973,0.9697706177285487,2.7824177645206727,1.78,0.000380253317069315,2026-09-11,9,4,1.023842880934586,0.7030049721908123,1.5688019013815928,0.03677879509694916,0.01591944720115935,0.0792909096023621,3.5361721992579835,3.171653703367051,3.840934354128458,9,4,0.12164750140735366,0.09182918760446235,0.16054160597588862,30.95,0.9983870967741936,0.04046997389033943,3.573107049608355,1.055757786653393,0.7249188203262232,1.617704096929776,0.11522292607754238,0.056765132621438015,0.11522292607754238,1.5475,1.4657718082339344,39.85372017680704,4.0783895179636875,0.17830747810499684,0.7249188203262232,1.617704096929776,1.055757786653393,12.064467903081132,134.09522080992966,0.9566026339038051,2.1347217876114795,2.6616681621612126,5.939687824159507,0.08784404273167533,0.34271166409486675
63563817,2874903000,1,黄金词,1307,116,1307,2874903000,0.81,1,0,0.0,0.0,0,0.81,0.0,63563817_2874903000,2847.9100000000003,2019,2179,0.7089409426561935,1.079247152055473,1.0677062829835837,1.0677062829835837,1.0338531414917917,0.9593308018270871,0.81,0.000409991648318275,2026-09-11,9,4,1.2057100265664151,0.8278810738252924,1.8474711475901673,0.027253520803366967,0.011720746251783156,0.05953975302825523,3.5625189040770477,3.198000408186115,3.867281058947522,9,4,0.12164750140735366,0.09182918760446235,0.16054160597588862,19.98,1.24875,0.033126293995859216,3.5527950310559007,1.1662294944779523,0.8007724120571967,1.7869763832456615,0.10430837325187664,0.051388025306565166,0.10430837325187664,0.9990000000000001,0.8566067011083351,31.431047287017236,0.8217691934247151,0.10420406487862477,0.8007724120571967,1.7869763832456615,1.1662294944779523,9.389439035841088,106.43908239637122,0.5590448812678372,1.2475454760405065,0.536308974204003,1.1968088018456942,0.051336637281258604,0.2002829542514974
63563817,2874903000,2,黄金词,2499,129,2499,2874903000,1.08,1,0,0.0,0.0,0,1.08,0.0,63563817_2874903000,2847.9100000000003,2019,2179,0.7089409426561935,1.079247152055473,1.0361657253899768,1.0361657253899768,1.0180828626949885,0.9593308018270871,1.08,0.0005466555310910333,2026-09-11,9,4,1.2057100265664151,0.8278810738252924,1.8474711475901673,0.027253520803366967,0.011720746251783156,0.05953975302825523,3.5625189040770477,3.198000408186115,3.867281058947522,9,4,0.12164750140735366,0.09182918760446235,0.16054160597588862,19.98,1.24875,0.033126293995859216,3.5527950310559007,1.184294590103162,0.8131765145656131,1.8146569550337854,0.10271726513312632,0.05060415818523268,0.10271726513312632,0.9990000000000001,0.8435401194503293,30.951601649432256,0.8092340191656012,0.1026145478679932,0.8131765145656131,1.8146569550337854,1.184294590103162,9.246213595594188,104.81547268150919,0.5505172739281737,1.2285155585606786,0.528128177817177,1.1785528158510676,0.050553554027047455,0.19722786073769719
63563817,2874903000,3,黄金词,4345,150,4345,2874903000,0.56,1,0,0.0,0.0,0,0.56,0.0,63563817_2874903000,2847.9100000000003,2019,2179,0.7089409426561935,1.079247152055473,1.0986722424668662,1.0986722424668662,1.0493361212334331,0.9593308018270871,0.56,0.00028345101612127656,2026-09-11,9,4,1.2057100265664151,0.8278810738252924,1.8474711475901673,0.027253520803366967,0.011720746251783156,0.05953975302825523,3.5625189040770477,3.198000408186115,3.867281058947522,9,4,0.12164750140735366,0.09182918760446235,0.16054160597588862,19.98,1.24875,0.033126293995859216,3.5527950310559007,1.1490217501987576,0.7889569958310085,1.7606095036722582,0.10587049495478314,0.05215761212973469,0.10587049495478314,0.9990000000000001,0.869435238999778,31.901758502056214,0.8340760049663821,0.10576462445982836,0.7889569958310085,1.7606095036722582,1.1490217501987576,9.530055230291621,108.03311358931605,0.5674171347571951,1.26622871117044,0.5443407348570484,1.2147322047836173,0.05210545451760496,0.20328239082408206
63563817,2874903000,4,黄金词,5351,166,5351,2874903000,4.07,3,6,0.75,558.0,0,1.3567,2.0,63563817_2874903000,2847.9100000000003,2019,2179,0.7089409426561935,1.079247152055473,1.0133276331568972,1.0133276331568972,1.0066638165784485,1.330361565131253,4.07,0.002060081492167135,2026-09-11,9,4,1.2057100265664151,0.8278810738252924,1.8474711475901673,0.027253520803366967,0.011720746251783156,0.05953975302825523,3.5625189040770477,3.198000408186115,3.867281058947522,9,4,0.12164750140735366,0.09182918760446235,0.16054160597588862,19.98,1.24875,0.033126293995859216,3.5527950310559007,1.1977285829786801,0.8224007460993075,1.8352414352882378,0.10156516521032129,0.05003657057799587,0.10156516521032129,0.9990000000000001,0.8340787839558327,30.604441531561257,1.1096263564662538,0.10146360004511099,0.8224007460993075,1.8352414352882378,1.1977285829786801,9.142505986596648,103.6398387914457,0.5443425485013094,1.2147362520502476,0.724172404791737,1.6160384214992396,0.049986534007417885,0.19501570874127858
63563817,2874903000,5,黄金词,5995,169,5995,2874903000,0.92,1,0,0.0,0.0,0,0.92,0.0,63563817_2874903000,2847.9100000000003,2019,2179,0.7089409426561935,1.079247152055473,1.0546274755082838,1.0546274755082838,1.027313737754142,0.9593308018270871,0.92,0.0004656695264849543,2026-09-11,9,4,1.2057100265664151,0.8278810738252924,1.8474711475901673,0.027253520803366967,0.011720746251783156,0.05953975302825523,3.5625189040770477,3.198000408186115,3.867281058947522,9,4,0.12164750140735366,0.09182918760446235,0.16054160597588862,19.98,1.24875,0.033126293995859216,3.5527950310559007,1.173653171622404,0.8058697585755658,1.7983514477563685,0.10364859427695643,0.05106298199889063,0.10364859427695643,0.9990000000000001,0.8511884295588182,31.232237320825732,0.8165712786346001,0.1035449456826795,0.8058697585755658,1.7983514477563685,1.173653171622404,9.330048267209465,105.76582610365396,0.5555087695713522,1.2396544098711513,0.5329166733348638,1.189238659010176,0.05101191901689175,0.1990161098158071
63563817,2874903000,1,重点词,431,109,431,2874903000,121.72,94,161,0.9146,114.0,0,1.2949,1.7128,63563817_2874903000,2847.9100000000003,2019,2179,0.7089409426561935,1.079247152055473,1.083773652535464,1.083773652535464,1.0418868262677319,1.663078208004351,121.72,0.06161010300407461,2026-09-11,9,4,1.2057100265664151,0.8278810738252924,1.8474711475901673,0.027253520803366967,0.011720746251783156,0.05953975302825523,3.5625189040770477,3.198000408186115,3.867281058947522,9,4,0.12164750140735366,0.09182918760446235,0.16054160597588862,19.98,1.24875,0.033126293995859216,3.5527950310559007,1.1572370397325533,0.7945978900519789,1.773197530684034,0.10511891447535016,0.051787342366215704,0.10511891447535016,1.4771638296256928,1.2764574403590445,46.836423431990035,2.1228485525061402,0.1552778582725039,0.7945978900519789,1.773197530684034,1.1572370397325533,13.991507774325985,158.60833039718955,0.8330509173762822,1.8590079940044437,1.385428826846528,3.0916756833346732,0.07649838897581608,0.2984481288794885
63563817,2874903000,2,重点词,2275,128,2275,2874903000,264.04,180,181,0.9463,87.0,0,1.4669,1.0056,63563817_2874903000,2847.9100000000003,2019,2179,0.7089409426561935,1.079247152055473,0.9627337427842334,0.9627337427842334,0.9813668713921166,1.0086913681725733,264.04,0.1336471541011819,2026-09-11,9,4,1.2057100265664151,0.8278810738252924,1.8474711475901673,0.027253520803366967,0.011720746251783156,0.05953975302825523,3.5625189040770477,3.198000408186115,3.867281058947522,9,4,0.12164750140735366,0.09182918760446235,0.16054160597588862,19.98,1.24875,0.033126293995859216,3.5527950310559007,1.2286027394179884,0.843599980760409,1.8825489237979265,0.09901288472218474,0.04877917723338771,0.09901288472218474,2.9256910750892144,2.3813157672716634,87.37644521061183,2.4020126593401754,0.28968111315053313,0.843599980760409,1.8825489237979265,1.2286027394179884,26.102083013073056,295.8943291436507,1.554111576121386,3.4681023492343352,1.5676189320107152,3.498244903611697,0.14271280348191742,0.5567747208348324
63563817,2874903000,3,重点词,2561,130,2561,2874903000,402.98,281,248,0.9607,79.0,0,1.4341,0.8826,63563817_2874903000,2847.9100000000003,2019,2179,0.7089409426561935,1.079247152055473,0.9839088145876147,0.9839088145876147,0.9919544072938073,0.8880068415793902,402.98,0.20397337585098574,2026-09-11,9,4,1.2057100265664151,0.8278810738252924,1.8474711475901673,0.027253520803366967,0.011720746251783156,0.05953975302825523,3.5625189040770477,3.198000408186115,3.867281058947522,9,4,0.12164750140735366,0.09182918760446235,0.16054160597588862,19.98,1.24875,0.033126293995859216,3.5527950310559007,1.215489358886729,0.8345958924502082,1.8624557076472206,0.10008109122302068,0.049305434339948495,0.10008109122302068,4.890465659403234,4.023454112245317,147.6306177566698,3.5728547784545737,0.48944313978178505,0.8345958924502082,1.8624557076472206,1.215489358886729,44.10189302926518,499.94094514693353,2.6258158190409797,5.85968095894385,2.33174241203578,5.203436781014621,0.24112653346147908,0.9407225916551807
63563817,2874903000,6,重点词,4667,156,4667,2874903000,8.06,19,37,0.7059,196.0,0,0.4242,1.9474,63563817_2874903000,2847.9100000000003,2019,2179,0.7089409426561935,1.079247152055473,2.162564508140408,2.162564508140408,1.581282254070204,1.6901473043127326,8.06,0.00407966998203123,2026-09-11,9,4,1.2057100265664151,0.8278810738252924,1.8474711475901673,0.027253520803366967,0.011720746251783156,0.05953975302825523,3.5625189040770477,3.198000408186115,3.867281058947522,9,4,0.12164750140735366,0.09182918760446235,0.16054160597588862,19.98,1.24875,0.033126293995859216,3.5527950310559007,0.7624888115090965,0.5235504741132301,1.1683373685088767,0.15954004776357614,0.07859817727277003,0.15954004776357614,0.9990000000000001,1.310183159308013,48.07390460707557,2.214402534860378,0.15938050771581258,0.5235504741132301,1.1683373685088767,0.7624888115090965,14.361182190369576,162.79897538448824,0.8550612408083821,1.9081254805318788,1.4451794511745872,3.2250131372113926,0.07851957909549727,0.306333529048102
63563817,2874903000,7,重点词,4798,159,4798,2874903000,105.25,107,116,0.973,83.0,0,0.9836,1.0841,63563817_2874903000,2847.9100000000003,2019,2179,0.7089409426561935,1.079247152055473,1.4031361408250778,1.4031361408250778,1.2015680704125389,1.0837737149255982,105.25,0.05327360615493635,2026-09-11,9,4,1.2057100265664151,0.8278810738252924,1.8474711475901673,0.027253520803366967,0.011720746251783156,0.05953975302825523,3.5625189040770477,3.198000408186115,3.867281058947522,9,4,0.12164750140735366,0.09182918760446235,0.16054160597588862,19.98,1.24875,0.033126293995859216,3.5527950310559007,1.0034471256817388,0.6890005603603072,1.5375501339311288,0.12122960771321831,0.0597243534229861,0.12122960771321831,1.277287981170754,1.2729001344270816,46.70589695955263,1.3795357074173316,0.15484512089413907,0.6890005603603072,1.5375501339311288,1.0034471256817388,13.952515425635761,158.16631146515067,0.8307293225652747,1.8538272022635318,0.9003226040141933,2.009129193827276,0.07628519881037452,0.29761639625317593
63563817,2874903000,8,重点词,4860,164,4860,2874903000,46.03,41,111,0.5625,173.0,0,1.1227,2.7073,63563817_2874903000,2847.9100000000003,2019,2179,0.7089409426561935,1.079247152055473,1.2182056559926036,1.2182056559926036,1.1091028279963018,2.4415097391110976,46.03,0.023298661200111356,2026-09-11,9,4,1.2057100265664151,0.8278810738252924,1.8474711475901673,0.027253520803366967,0.011720746251783156,0.05953975302825523,3.5625189040770477,3.198000408186115,3.867281058947522,9,4,0.12164750140735366,0.09182918760446235,0.16054160597588862,19.98,1.24875,0.033126293995859216,3.5527950310559007,1.0871039151028434,0.7464421268503455,1.665734773147948,0.1119005273712453,0.055128336806538066,0.1119005273712453,0.9990000000000001,0.9189553879083322,33.718776907341905,2.2436385293868097,0.11178862684387407,0.7464421268503455,1.665734773147948,1.0871039151028434,10.072855582683257,114.18632159380441,0.5997353336822431,1.338348900825489,1.4642596580742404,3.267591875694064,0.05507320846973152,0.2148606818945893
63563817,2874903000,10,重点词,6282,172,6282,2874903000,162.07,119,149,0.947,76.0,0,1.3619,1.2521,63563817_2874903000,2847.9100000000003,2019,2179,0.7089409426561935,1.079247152055473,1.0340093627088827,1.0340093627088827,1.0170046813544413,1.2412124190271163,162.07,0.08203376104067016,2026-09-11,9,4,1.2057100265664151,0.8278810738252924,1.8474711475901673,0.027253520803366967,0.011720746251783156,0.05953975302825523,3.5625189040770477,3.198000408186115,3.867281058947522,9,4,0.12164750140735366,0.09182918760446235,0.16054160597588862,19.98,1.24875,0.033126293995859216,3.5527950310559007,1.185550124470083,0.8140386067080093,1.816580770434326,0.10260848436225135,0.050550566811574764,0.10260848436225135,1.9668414547111077,1.6590116386603613,60.87329599100469,2.0591858492157673,0.20181462064875239,0.8140386067080093,1.816580770434326,1.185550124470083,18.184761595721202,206.14323501722927,1.0827162142869409,2.416152549158644,1.3438808114549756,2.9989585502797342,0.09942495036414875,0.3878930105246659
63563817,2874903000,1,潜力词,193,106,193,2874903000,4.83,5,4,1.0,63.0,0,0.966,0.8,63563817_2874903000,2847.9100000000003,2019,2179,0.7089409426561935,1.079247152055473,1.1724417106533702,1.1724417106533702,1.086220855326685,0.9718444012649065,4.83,0.0024447650140460102,2026-09-11,9,4,1.2057100265664151,0.8278810738252924,1.8474711475901673,0.027253520803366967,0.011720746251783156,0.05953975302825523,3.5625189040770477,3.198000408186115,3.867281058947522,9,4,0.12164750140735366,0.09182918760446235,0.16054160597588862,19.98,1.24875,0.033126293995859216,3.5527950310559007,1.1100044900203958,0.7621664321445053,1.7008245961494943,0.1095919003040415,0.053990980499902766,0.1095919003040415,0.9990000000000001,0.8999963594576487,33.02312262518613,0.8746564230977141,0.10948230840373749,0.7621664321445053,1.7008245961494943,1.1100044900203958,9.865041843208488,111.83053615714316,0.5873621549580371,1.3107373374987363,0.5708246218108588,1.273832742977017,0.05393698951940287,0.21042787717460748
63563817,2874903000,8,潜力词,2669,133,2669,2874903000,7.34,7,9,0.8571,23.0,0,1.0486,1.2857,63563817_2874903000,2847.9100000000003,2019,2179,0.7089409426561935,1.079247152055473,1.1645378643149817,1.1645378643149817,1.0822689321574908,1.175598481096252,7.34,0.0037152329613038743,2026-09-11,9,4,1.2057100265664151,0.8278810738252924,1.8474711475901673,0.027253520803366967,0.011720746251783156,0.05953975302825523,3.5625189040770477,3.198000408186115,3.867281058947522,9,4,0.12164750140735366,0.09182918760446235,0.16054160597588862,19.98,1.24875,0.033126293995859216,3.5527950310559007,1.1140576900446046,0.7649494956627101,1.7070351857068045,0.10919317957625976,0.0537945488021327,0.10919317957625976,0.9990000000000001,0.8967219641560952,32.902976853005796,1.0541849790275533,0.10908398639668353,0.7649494956627101,1.7070351857068045,1.1140576900446046,9.829150535069756,111.42367075339438,0.585225195335596,1.3059685713427676,0.6879898507357841,1.53529466883,0.053740754253330573,0.20966229179740478
63563817,2874903000,10,潜力词,2959,140,2959,2874903000,1.27,2,2,1.0,25.0,0,0.635,1.0,63563817_2874903000,2847.9100000000003,2019,2179,0.7089409426561935,1.079247152055473,1.1662496741831487,1.1662496741831487,1.0831248370915745,1.0633977216443784,1.27,0.0006428264115607522,2026-09-11,9,4,1.2057100265664151,0.8278810738252924,1.8474711475901673,0.027253520803366967,0.011720746251783156,0.05953975302825523,3.5625189040770477,3.198000408186115,3.867281058947522,9,4,0.12164750140735366,0.09182918760446235,0.16054160597588862,19.98,1.24875,0.033126293995859216,3.5527950310559007,1.1131773414078552,0.7643450186668538,1.705686255474511,0.10927953425058391,0.05383709185070267,0.10927953425058391,0.9990000000000001,0.8974311305479387,32.92899794572846,0.9543262195574167,0.10917025471633335,0.7643450186668538,1.705686255474511,1.1131773414078552,9.836923851101334,111.51178939631006,0.5856880166523267,1.307001387596434,0.622819302502499,1.389862297756089,0.05378325475885198,0.20982810177744637
63563817,2874903000,13,潜力词,4363,152,4363,2874903000,0.15,1,1,1.0,15.0,0,0.15,1.0,63563817_2874903000,2847.9100000000003,2019,2179,0.7089409426561935,1.079247152055473,1.15353894397861,1.15353894397861,1.076769471989305,1.0704419129381981,0.15,7.592437931819907e-05,2026-09-11,9,4,1.2057100265664151,0.8278810738252924,1.8474711475901673,0.027253520803366967,0.011720746251783156,0.05953975302825523,3.5625189040770477,3.198000408186115,3.867281058947522,9,4,0.12164750140735366,0.09182918760446235,0.16054160597588862,19.98,1.24875,0.033126293995859216,3.5527950310559007,1.1197475949414646,0.7688563758181243,1.7157536461142513,0.10863832345512905,0.05352119624657786,0.10863832345512905,0.44954999999999945,0.401474405509663,14.731102392468275,0.42975503062948955,0.048838358309253205,0.7688563758181243,1.7157536461142513,1.1197475949414646,4.400642033393081,49.885866259027516,0.26201313983398294,0.5846995799724526,0.2804698466188323,0.6258869368798731,0.024060453772649048,0.09386860958220507
63563817,4190988309,1,黄金词,2397,186,2397,4190988309,2.26,2,36,0.5,1490.0,0,1.13,18.0,63563817_4190988309,2478.0,1635,12179,0.6598062953995157,7.4489296636085625,1.0747279709835715,1.0747279709835715,1.0373639854917858,9.55914373088685,2.26,0.0009261384126151524,2026-09-11,9,4,1.0456045629834836,0.7179472753200244,1.6021466350426878,0.007901423458147433,0.0033673434391081557,0.017596170977238083,3.812396122212854,3.4478776263219215,3.9996065303070396,9,4,0.12164750140735366,0.09182918760446235,0.16054160597588862,13.33,0.9521428571428572,0.009283819628647215,3.812002652519894,1.0079437667076818,0.692088105391152,1.5444401940396593,0.12068877791139035,0.0594579110015731,0.12068877791139035,0.6665000000000001,0.6612472064558088,83.68709890797889,6.320957088158488,0.08043907047794167,0.692088105391152,1.5444401940396593,1.0079437667076818,24.525105535420174,285.9903344627717,0.4315479502360615,0.9630276764015615,4.125228883076118,9.205719975544516,0.039628697682548474,0.15460600976873506
63563817,4190988309,2,黄金词,2706,188,2706,4190988309,0.48,2,0,0.0,0.0,0,0.24,0.0,63563817_4190988309,2478.0,1635,12179,0.6598062953995157,7.4489296636085625,1.298734503577337,1.298734503577337,1.1493672517886684,5.95914373088685,0.48,0.00019670196374127133,2026-09-11,9,4,1.0456045629834836,0.7179472753200244,1.6021466350426878,0.007901423458147433,0.0033673434391081557,0.017596170977238083,3.812396122212854,3.4478776263219215,3.9996065303070396,9,4,0.12164750140735366,0.09182918760446235,0.16054160597588862,13.33,0.9521428571428572,0.009283819628647215,3.812002652519894,0.9097219025131373,0.6246456684777998,1.3939379537301024,0.13371943785380822,0.065877528737009,0.13371943785380822,0.6665000000000001,0.7326414788505932,92.72272049856296,4.365915875680183,0.0891240053295632,0.6246456684777998,1.3939379537301024,0.9097219025131373,27.173059353616967,316.8684563535977,0.4781417983608827,1.0670049175626162,2.8493157001772187,6.358435665318704,0.04390737290321651,0.17129868304967305
63563817,4190988309,3,重点词,2941,191,2941,4190988309,38.41,28,269,0.4138,643.0,0,1.3718,9.6071,63563817_4190988309,2478.0,1635,12179,0.6598062953995157,7.4489296636085625,1.08665154395753,1.08665154395753,1.043325771978765,9.127539925246346,38.41,0.01574025505687965,2026-09-11,9,4,1.0456045629834836,0.7179472753200244,1.6021466350426878,0.007901423458147433,0.0033673434391081557,0.017596170977238083,3.812396122212854,3.4478776263219215,3.9996065303070396,9,4,0.12164750140735366,0.09182918760446235,0.16054160597588862,13.33,0.9521428571428572,0.009283819628647215,3.812002652519894,1.0021841605622341,0.6881333660131583,1.5356149326246076,0.1213823827939052,0.05979961880646199,0.1213823827939052,0.6665000000000001,0.6650474296321823,84.16805315584355,6.070246966150204,0.08090135813213783,0.6881333660131583,1.5356149326246076,1.0021841605622341,24.666052632888082,287.63393626045564,0.4340280794618523,0.9685622481314987,3.9616086239660504,8.840590589906613,0.03985644593450693,0.15549453880264794
63563817,4190988309,6,重点词,4101,199,4101,4190988309,33.58,27,56,0.6538,97.0,0,1.2437,2.0741,63563817_4190988309,2478.0,1635,12179,0.6598062953995157,7.4489296636085625,1.1762992535406145,1.1762992535406145,1.0881496267703072,3.3026124945391,33.58,0.013760941546733105,2026-09-11,9,4,1.0456045629834836,0.7179472753200244,1.6021466350426878,0.007901423458147433,0.0033673434391081557,0.017596170977238083,3.812396122212854,3.4478776263219215,3.9996065303070396,9,4,0.12164750140735366,0.09182918760446235,0.16054160597588862,13.33,0.9521428571428572,0.009283819628647215,3.812002652519894,0.9609014580898217,0.6597872734202324,1.4723587598866843,0.12659727007718044,0.06236875828519518,0.12659727007718044,0.6665000000000001,0.6936195115417318,87.78412082528202,2.290756465273831,0.08437708050644079,0.6597872734202324,1.4723587598866843,0.9609014580898217,25.725767240915243,299.99140133831514,0.45267499889177504,1.010174077085437,1.4950101073054496,3.3362135286418684,0.0415687773970826,0.16217496865050718
63563817,4190988309,7,重点词,4177,202,4177,4190988309,2053.55,1402,10918,0.4145,483.0,0,1.4647,7.7874,63563817_4190988309,2478.0,1635,12179,0.6598062953995157,7.4489296636085625,1.0345924083827065,1.0345924083827065,1.0172962041913531,7.785525842063028,2053.55,0.8415360784185162,2026-09-11,9,4,1.0456045629834836,0.7179472753200244,1.6021466350426878,0.007901423458147433,0.0033673434391081557,0.017596170977238083,3.812396122212854,3.4478776263219215,3.9996065303070396,9,4,0.12164750140735366,0.09182918760446235,0.16054160597588862,13.33,0.9521428571428572,0.009283819628647215,3.812002652519894,1.0278270563435679,0.7057406410856703,1.574906726715088,0.11835405641111184,0.058307699146093565,0.11835405641111184,11.997,11.672197113275649,1477.2271319340618,90.87419225906105,1.4198936147641088,0.7057406410856703,1.574906726715088,1.0278270563435679,432.91202327739876,5048.2414500214445,7.617593979691182,16.999162725763554,59.30697478322944,132.34742069486674,0.6995174666556845,2.7290728842395455
63563817,4190988309,10,重点词,6083,217,6083,4190988309,22.89,16,84,0.4375,371.0,0,1.4306,5.25,63563817_4190988309,2478.0,1635,12179,0.6598062953995157,7.4489296636085625,1.0439270204976954,1.0439270204976954,1.0219635102488476,5.9829765545361875,22.89,0.009380224895911877,2026-09-11,9,4,1.0456045629834836,0.7179472753200244,1.6021466350426878,0.007901423458147433,0.0033673434391081557,0.017596170977238083,3.812396122212854,3.4478776263219215,3.9996065303070396,9,4,0.12164750140735366,0.09182918760446235,0.16054160597588862,13.33,0.9521428571428572,0.009283819628647215,3.812002652519894,1.023132971478482,0.7025175244713039,1.567714129688022,0.11889705912963247,0.05857521206543984,0.11889705912963247,0.6665000000000001,0.6514304773473109,82.44469883152487,3.8974932728792777,0.07924488990990006,0.7025175244713039,1.567714129688022,1.023132971478482,24.16101126772721,281.744585499812,0.42514128524990386,0.9487307814870388,2.543610342015556,5.676234022203748,0.03904037884161566,0.1523107632986891
63563817,4190988310,1,黄金词,3180,258,3180,4190988310,3.89,3,14,0.6667,676.0,0,1.2967,4.6667,63563817_4190988310,4981.89,3283,7520,0.6589868503720475,2.2905878769418213,1.0554345512638328,1.0554345512638328,1.0277172756319164,2.938609365048597,3.89,0.0008100437090422951,2026-09-11,9,4,1.2721458907644012,0.8734981736095335,1.949268710492193,0.02603652818396061,0.01121537633386772,0.05669176053682435,3.7198014390442538,3.355282943153321,4.0,9,4,0.12164750140735366,0.09182918760446235,0.16054160597588862,23.61,1.2426315789473683,0.02695035460992908,3.7361702127659573,1.2378364370514177,0.8499401482498603,1.896697425168453,0.09827429357074308,0.04841530672521825,0.09827429357074308,1.1805,0.9536801185235785,36.62854401267977,2.802493327554044,0.11601280356026221,0.8499401482498603,1.896697425168453,1.2378364370514177,10.978626055422366,123.84081348025038,0.6223976393573453,1.3889213286733266,1.8289835317996341,4.0814972237551785,0.057154269589120156,0.2229796606793809
63563817,4190988310,2,黄金词,3501,261,3501,4190988310,1.01,1,0,0.0,0.0,0,1.01,0.0,63563817_4190988310,4981.89,3283,7520,0.6589868503720475,2.2905878769418213,1.055951594546226,1.055951594546226,1.027975797273113,2.0360781128371745,1.01,0.00021031983191072443,2026-09-11,9,4,1.2721458907644012,0.8734981736095335,1.949268710492193,0.02603652818396061,0.01121537633386772,0.05669176053682435,3.7198014390442538,3.355282943153321,4.0,9,4,0.12164750140735366,0.09182918760446235,0.16054160597588862,23.61,1.2426315789473683,0.02695035460992908,3.7361702127659573,1.2375251383729,0.8497264001026498,1.8962204320986662,0.09829901440814041,0.04842748556549895,0.09829901440814041,1.1805,0.9539200161639734,36.637757900134346,1.94225566630875,0.11604198650880977,0.8497264001026498,1.8962204320986662,1.2375251383729,10.981387721975247,123.87196555982239,0.6225542030962438,1.3892707109693094,1.2675689869790512,2.8286636874103515,0.057168646710071526,0.22303575107427753
63563817,4190988310,1,重点词,925,228,925,4190988310,109.28,74,122,0.9231,44.0,0,1.4768,1.6486,63563817_4190988310,4981.89,3283,7520,0.6589868503720475,2.2905878769418213,1.0256825569075831,1.0256825569075831,1.0128412784537915,1.7112768660431046,109.28,0.022756189337825708,2026-09-11,9,4,1.2721458907644012,0.8734981736095335,1.949268710492193,0.02603652818396061,0.01121537633386772,0.05669176053682435,3.7198014390442538,3.355282943153321,4.0,9,4,0.12164750140735366,0.09182918760446235,0.16054160597588862,23.61,1.2426315789473683,0.02695035460992908,3.7361702127659573,1.256017026385877,0.8624235526251657,1.924554964296041,0.09685179328929,0.0477145050715927,0.09685179328929,1.1805,0.9398757940382598,36.09835333641969,1.6083877032915677,0.11433354197800685,0.8624235526251657,1.924554964296041,1.256017026385877,10.819712690732906,122.04824305689523,0.6133885609402694,1.3688169767704381,1.049677654232554,2.3424248261943124,0.05632697323701518,0.21975207573778677
63563817,4190988310,3,重点词,1186,231,1186,4190988310,55.07,39,57,0.8974,146.0,0,1.4121,1.4615,63563817_4190988310,4981.89,3283,7520,0.6589868503720475,2.2905878769418213,1.0651315941523276,1.0651315941523276,1.0325657970761637,1.6026532556496715,55.07,0.011467636775567915,2026-09-11,9,4,1.2721458907644012,0.8734981736095335,1.949268710492193,0.02603652818396061,0.01121537633386772,0.05669176053682435,3.7198014390442538,3.355282943153321,4.0,9,4,0.12164750140735366,0.09182918760446235,0.16054160597588862,23.61,1.2426315789473683,0.02695035460992908,3.7361702127659573,1.2320240456992066,0.8459491647727926,1.8877912826589702,0.09873792790977179,0.04864371842798222,0.09873792790977179,1.1805,0.9581793505743103,36.80134862084191,1.5356292556942064,0.11656012389748562,0.8459491647727926,1.8877912826589702,1.2320240456992066,11.030420556809295,124.42506447424365,0.6253339608270972,1.3954739234443976,1.0021935081878515,2.2364608265823844,0.05742390960423302,0.22403162476723784
63563817,4190988310,7,重点词,2892,253,2892,4190988310,148.25,104,175,0.82,140.0,0,1.4255,1.6827,63563817_4190988310,4981.89,3283,7520,0.6589868503720475,2.2905878769418213,1.0612118233226526,1.0612118233226526,1.0306059116613264,1.7261134197815586,148.25,0.030871203050262273,2026-09-11,9,4,1.2721458907644012,0.8734981736095335,1.949268710492193,0.02603652818396061,0.01121537633386772,0.05669176053682435,3.7198014390442538,3.355282943153321,4.0,9,4,0.12164750140735366,0.09182918760446235,0.16054160597588862,23.61,1.2426315789473683,0.02695035460992908,3.7361702127659573,1.2343669644915143,0.8475578916498385,1.8913812626496498,0.09855051609993888,0.048551389092127396,0.09855051609993888,1.1805,0.9563606560762875,36.73149696914807,1.6507869626043756,0.11633888425597785,0.8475578916498385,1.8913812626496498,1.2343669644915143,11.009484011719358,124.18889660020234,0.6241470312263901,1.3928252118590547,1.0773485665166915,2.404174289600007,0.0573149148232564,0.22360639635555996
63563817,4190988310,8,重点词,2985,255,2985,4190988310,1810.51,1217,1985,0.8828,84.0,0,1.4877,1.6311,63563817_4190988310,4981.89,3283,7520,0.6589868503720475,2.2905878769418213,1.0199411248421582,1.0199411248421582,1.009970562421079,1.6353671045024774,1810.51,0.37701599888384724,2026-09-11,9,4,1.2721458907644012,0.8734981736095335,1.949268710492193,0.02603652818396061,0.01121537633386772,0.05669176053682435,3.7198014390442538,3.355282943153321,4.0,9,4,0.12164750140735366,0.09182918760446235,0.16054160597588862,23.61,1.2426315789473683,0.02695035460992908,3.7361702127659573,1.2595870989693414,0.8648748845863419,1.9300252730331557,0.09657728433936158,0.04757926690780946,0.09657728433936158,8.912774999999998,7.075949735665669,271.770094909378,11.571775430820635,0.8607716054277532,0.8648748845863419,1.9300252730331557,1.2595870989693414,81.45729854901812,918.8525108049988,4.6179576633175445,10.305276703997318,7.552056052574639,16.85291052451293,0.42406330061425135,1.6544256720856416
63563817,4190988310,11,重点词,4048,265,4048,4190988310,9.39,8,49,0.5,563.0,0,1.1738,6.125,63563817_4190988310,4981.89,3283,7520,0.6589868503720475,2.2905878769418213,1.1575843954311826,1.1575843954311826,1.0787921977155914,4.20779393847091,9.39,0.0019553497243977253,2026-09-11,9,4,1.2721458907644012,0.8734981736095335,1.949268710492193,0.02603652818396061,0.01121537633386772,0.05669176053682435,3.7198014390442538,3.355282943153321,4.0,9,4,0.12164750140735366,0.09182918760446235,0.16054160597588862,23.61,1.2426315789473683,0.02695035460992908,3.7361702127659573,1.1792316383620942,0.8097001215426098,1.8068991550178886,0.1031582748036825,0.05082142373548967,0.1031582748036825,1.1805,1.0010755831141602,38.44888903931734,4.212319770578995,0.12177834340574718,0.8097001215426098,1.8068991550178886,1.1792316383620942,11.524235712535233,129.99538541287993,0.6533292113849668,1.4579471690716268,2.7490746954916436,6.134741260630415,0.05999469071974555,0.2340611799507594
63563817,4190988310,12,重点词,4403,268,4403,4190988310,25.77,19,160,0.4444,413.0,0,1.3563,8.4211,63563817_4190988310,4981.89,3283,7520,0.6589868503720475,2.2905878769418213,1.0905154681688172,1.0905154681688172,1.0452577340844087,6.604618630204984,25.77,0.005366279275583533,2026-09-11,9,4,1.2721458907644012,0.8734981736095335,1.949268710492193,0.02603652818396061,0.01121537633386772,0.05669176053682435,3.7198014390442538,3.355282943153321,4.0,9,4,0.12164750140735366,0.09182918760446235,0.16054160597588862,23.61,1.2426315789473683,0.02695035460992908,3.7361702127659573,1.2170643175185254,0.8356773120408169,1.864868966695234,0.09995157992585056,0.04924162997210169,0.09995157992585056,1.1805,0.9699569554441656,37.25369790438082,6.406195778423442,0.1179928401024666,0.8356773120408169,1.864868966695234,1.2170643175185254,11.166002621679054,125.95445377323612,0.6330203467817818,1.4126265999935883,4.180857975653775,9.329859959840777,0.058129744182066054,0.22678534300722988
63563817,4190988310,13,重点词,4675,269,4675,4190988310,22.54,16,61,0.7059,172.0,0,1.4088,3.8125,63563817_4190988310,4981.89,3283,7520,0.6589868503720475,2.2905878769418213,1.0568527908675909,1.0568527908675909,1.0284263954337955,3.305195958980607,22.54,0.00469367228838389,2026-09-11,9,4,1.2721458907644012,0.8734981736095335,1.949268710492193,0.02603652818396061,0.01121537633386772,0.05669176053682435,3.7198014390442538,3.355282943153321,4.0,9,4,0.12164750140735366,0.09182918760446235,0.16054160597588862,23.61,1.2426315789473683,0.02695035460992908,3.7361702127659573,1.236982924993678,0.8493540981521458,1.8953896157731167,0.09834210234387462,0.04844871304573748,0.09834210234387462,1.1805,0.9543381530557776,36.65381752562857,3.154274606980972,0.116092851816944,0.8493540981521458,1.8953896157731167,1.236982924993678,10.986201252724113,123.92626302479138,0.6228270906287952,1.3898796774729116,2.058565583089942,4.593824693452737,0.0571937057504931,0.22313351553475133
63563817,4190988310,17,重点词,5010,275,5010,4190988310,63.52,44,78,0.8444,114.0,0,1.4436,1.7727,63563817_4190988310,4981.89,3283,7520,0.6589868503720475,2.2905878769418213,1.0453920417925089,1.0453920417925089,1.0226960208962543,1.8523981349141263,63.52,0.013227243290068531,2026-09-11,9,4,1.2721458907644012,0.8734981736095335,1.949268710492193,0.02603652818396061,0.01121537633386772,0.05669176053682435,3.7198014390442538,3.355282943153321,4.0,9,4,0.12164750140735366,0.09182918760446235,0.16054160597588862,23.61,1.2426315789473683,0.02695035460992908,3.7361702127659573,1.2439139927908762,0.8541132025174312,1.9060098706396877,0.09779414180752345,0.048178757633423476,0.09779414180752345,1.1805,0.9490205969557438,36.44958307230735,1.7579639837959107,0.11544598440378145,0.8541132025174312,1.9060098706396877,1.2439139927908762,10.924986324555764,123.23574797643893,0.6193567085797962,1.38213529134144,1.1472952118197666,2.560264835879876,0.05687502338625642,0.22189021934790748
63563817,4190988310,18,重点词,5134,276,5134,4190988310,168.35,129,782,0.6371,296.0,0,1.305,6.062,63563817_4190988310,4981.89,3283,7520,0.6589868503720475,2.2905878769418213,1.1553485866272917,1.1553485866272917,1.0776742933136458,5.841786153398063,168.35,0.03505677594274303,2026-09-11,9,4,1.2721458907644012,0.8734981736095335,1.949268710492193,0.02603652818396061,0.01121537633386772,0.05669176053682435,3.7198014390442538,3.355282943153321,4.0,9,4,0.12164750140735366,0.09182918760446235,0.16054160597588862,23.61,1.2426315789473683,0.02695035460992908,3.7361702127659573,1.1804548912944668,0.8105400481658432,1.808773506602406,0.10305137646891113,0.05076875975309589,0.10305137646891113,1.1805,1.000038212985406,38.40904616466736,5.842009385487088,0.1216521499215496,0.8105400481658432,1.808773506602406,1.1804548912944668,11.512293659321111,129.86067697329963,0.6526521953638338,1.4564363632263855,3.8126545578612916,8.50818978000133,0.059932520888529704,0.23381863275404657
63563817,4190988310,19,重点词,5267,277,5267,4190988310,110.96,83,183,0.8214,167.0,0,1.3369,2.2048,63563817_4190988310,4981.89,3283,7520,0.6589868503720475,2.2905878769418213,1.1259529481628652,1.1259529481628652,1.0629764740814327,2.2123593737970833,110.96,0.02310602826615246,2026-09-11,9,4,1.2721458907644012,0.8734981736095335,1.949268710492193,0.02603652818396061,0.01121537633386772,0.05669176053682435,3.7198014390442538,3.355282943153321,4.0,9,4,0.12164750140735366,0.09182918760446235,0.16054160597588862,23.61,1.2426315789473683,0.02695035460992908,3.7361702127659573,1.1967770894118062,0.8217474186005517,1.8337834919410108,0.10164591425053195,0.0500763519837686,0.10164591425053195,1.1805,0.9863992304366338,37.885205871813945,2.182269583762716,0.11999300177275297,0.8217474186005517,1.8337834919410108,1.1967770894118062,11.35528368682508,128.08957714530095,0.6437510236011954,1.4365728121305321,1.424208611455572,3.1782153270590188,0.05911513351683884,0.23062970636073415
63563817,4190988310,22,重点词,6325,291,6325,4190988310,83.51,64,118,0.9153,94.0,0,1.3048,1.8438,63563817_4190988310,4981.89,3283,7520,0.6589868503720475,2.2905878769418213,1.1486161581543421,1.1486161581543421,1.074308079077171,1.8933986529935356,83.51,0.017389910062242178,2026-09-11,9,4,1.2721458907644012,0.8734981736095335,1.949268710492193,0.02603652818396061,0.01121537633386772,0.05669176053682435,3.7198014390442538,3.355282943153321,4.0,9,4,0.12164750140735366,0.09182918760446235,0.16054160597588862,23.61,1.2426315789473683,0.02695035460992908,3.7361702127659573,1.1841537037096217,0.8130797772272802,1.8144410792913443,0.10272948606778505,0.05061017888788515,0.10272948606778505,1.1805,0.9969145021476726,38.28907199546697,1.8875565755161245,0.12127215830302028,0.8130797772272802,1.8144410792913443,1.1841537037096217,11.476333956977902,129.45504526964115,0.650613576529617,1.4518870510169077,1.2318708694204834,2.74900098669417,0.05974531617714843,0.23308827886585132
63563817,4190988310,1,潜力词,228,224,228,4190988310,4.64,4,3,1.0,62.0,0,1.16,0.75,63563817_4190988310,4981.89,3283,7520,0.6589868503720475,2.2905878769418213,1.1125924291446512,1.1125924291446512,1.0562962145723256,1.7770585846278808,4.64,0.0009662218020453083,2026-09-11,9,4,1.2721458907644012,0.8734981736095335,1.949268710492193,0.02603652818396061,0.01121537633386772,0.05669176053682435,3.7198014390442538,3.355282943153321,4.0,9,4,0.12164750140735366,0.09182918760446235,0.16054160597588862,23.61,1.2426315789473683,0.02695035460992908,3.7361702127659573,1.2043457821909067,0.826944337733139,1.8453807592990525,0.10100712204600948,0.04976164791018123,0.10100712204600948,1.1805,0.9802002194523178,37.64711687083359,1.741873214631874,0.11923890757531419,0.826944337733139,1.8453807592990525,1.2043457821909067,11.283921578935463,127.28460014288724,0.6397053800693142,1.4275446921083534,1.1367939372848161,2.5368305500511146,0.05874362535796895,0.2291803174734305
63563817,4190988310,3,潜力词,1583,236,1583,4190988310,0.48,1,1,1.0,120.0,0,0.48,1.0,63563817_4190988310,4981.89,3283,7520,0.6589868503720475,2.2905878769418213,1.121484890226495,1.121484890226495,1.0607424451132474,2.1471892239482857,0.48,9.995397952192844e-05,2026-09-11,9,4,1.2721458907644012,0.8734981736095335,1.949268710492193,0.02603652818396061,0.01121537633386772,0.05669176053682435,3.7198014390442538,3.355282943153321,4.0,9,4,0.12164750140735366,0.09182918760446235,0.16054160597588862,23.61,1.2426315789473683,0.02695035460992908,3.7361702127659573,1.1992976208551585,0.8234781003000938,1.8376456221510815,0.10143228777575075,0.04997110786625466,0.10143228777575075,1.1805,0.984326141794766,37.805583557071344,2.113534484512314,0.11974081571927378,0.8234781003000938,1.8376456221510815,1.1992976208551585,11.331418593554552,127.82037473787,0.6423980694483137,1.4335536058212106,1.3793502122046015,3.078110854371512,0.058990892836113626,0.23014499813106315
63563817,4190988310,7,潜力词,4155,267,4155,4190988310,5.39,4,6,0.6667,30.0,0,1.3475,1.5,63563817_4190988310,4981.89,3283,7520,0.6589868503720475,2.2905878769418213,1.050551959117998,1.050551959117998,1.025275979558999,2.027058584627881,5.39,0.0011223998950483213,2026-09-11,9,4,1.2721458907644012,0.8734981736095335,1.949268710492193,0.02603652818396061,0.01121537633386772,0.05669176053682435,3.7198014390442538,3.355282943153321,4.0,9,4,0.12164750140735366,0.09182918760446235,0.16054160597588862,23.61,1.2426315789473683,0.02695035460992908,3.7361702127659573,1.240783863200997,0.8519639502187991,1.9012136725670978,0.09804084741521799,0.04830029834598799,0.09804084741521799,0.531225000000001,0.4281366124713589,16.44369055068969,0.8678579957035684,0.05208174916814926,0.8519639502187991,1.9012136725670978,1.240783863200997,4.928646070796872,55.59598584399024,0.2794136228163765,0.623529903892733,0.5663877827919127,1.263931644457962,0.025658325988847517,0.10010249214493085
63563817,4190988310,10,潜力词,6364,293,6364,4190988310,0.9,1,1,1.0,7.0,0,0.9,1.0,63563817_4190988310,4981.89,3283,7520,0.6589868503720475,2.2905878769418213,1.0689152859971283,1.0689152859971283,1.0344576429985641,2.1471892239482857,0.9,0.00018741371160361584,2026-09-11,9,4,1.2721458907644012,0.8734981736095335,1.949268710492193,0.02603652818396061,0.01121537633386772,0.05669176053682435,3.7198014390442538,3.355282943153321,4.0,9,4,0.12164750140735366,0.09182918760446235,0.16054160597588862,23.61,1.2426315789473683,0.02695035460992908,3.7361702127659573,1.2297708846510664,0.8444020685830498,1.8843388356065331,0.09891883352066004,0.04873284245341378,0.09891883352066004,1.1805,0.9599349071717157,36.86877529866168,2.061161888370906,0.11677368297113919,0.8444020685830498,1.8843388356065331,1.2297708846510664,11.0506302676208,124.65303353106943,0.6264796849129416,1.3980306822091755,1.3451704284675856,3.001836415588612,0.05752912051625497,0.22444209092542822
495403620,8878077181,1,重点词,1048,295,1048,8878077181,1263.59,2840,29775,0.082,670.0,0,0.4449,10.4842,495403620_8878077181,124225.7,168752,1694374,1.358430662898257,10.040615814923674,1.6503815856832873,1.6503815856832873,1.3251907928416435,10.482909033187987,1263.59,0.010171727750376934,2026-09-12,9,5,0.6833591575692041,0.4692173911730979,1.047089515085064,0.681741018732403,0.4422681279403546,0.8757761621705581,1.367473935221516,1.0029554393305833,1.6722360900919904,9,5,0.1162520589302086,0.08775627945829563,0.15342108981065458,795.66,0.7104107142857142,0.7531943510423672,1.2128446536650974,0.5156685069505034,0.354075348023617,0.7901424615543554,0.2254395165950421,0.1110638697807265,0.2254395165950421,39.783,77.14839953144276,113.16379301173464,808.7396543441572,8.968660288700562,0.354075348023617,0.7901424615543554,0.5156685069505034,57.49088694872053,254.048243205563,50.34914833173189,112.35744092906026,527.805541860034,1177.8328324611314,4.418453931486643,17.23800103567267
495403620,8878077181,3,重点词,3989,297,3989,8878077181,75197.1,124758,1230619,0.0814,631.0,0,0.6027,9.864,495403620_8878077181,124225.7,168752,1694374,1.358430662898257,10.040615814923674,1.2212973113764143,1.2212973113764143,1.1106486556882071,9.864060119956713,75197.1,0.6053264340631609,2026-09-12,9,5,0.6833591575692041,0.4692173911730979,1.047089515085064,0.681741018732403,0.4422681279403546,0.8757761621705581,1.367473935221516,1.0029554393305833,1.6722360900919904,9,5,0.1162520589302086,0.08775627945829563,0.15342108981065458,795.66,0.7104107142857142,0.7531943510423672,1.2128446536650974,0.6152793271475797,0.4224714888637307,0.9427729549956021,0.18894192247470815,0.09308315325899967,0.18894192247470815,577.9608366320335,939.3470755980803,1377.864980670604,9265.776027204987,109.20103158834715,0.4224714888637307,0.9427729549956021,0.6152793271475797,700.0002184985124,3093.2524299316806,613.0435048751792,1368.0469614328372,6047.097988237744,13494.49747449761,53.798417133919244,209.88725573518042
495403620,8878077181,4,重点词,5778,298,5778,8878077181,46615.59,40349,425786,0.0839,653.0,0,1.1553,10.5526,495403620_8878077181,124225.7,168752,1694374,1.358430662898257,10.040615814923674,0.6372456247369999,0.6372456247369999,0.8186228123685,10.552477263585486,46615.59,0.3752491634178757,2026-09-12,9,5,0.6833591575692041,0.4692173911730979,1.047089515085064,0.681741018732403,0.4422681279403546,0.8757761621705581,1.367473935221516,1.0029554393305833,1.6722360900919904,9,5,0.1162520589302086,0.08775627945829563,0.15342108981065458,795.66,0.7104107142857142,0.7531943510423672,1.2128446536650974,0.8347668147581411,0.5731789831455142,1.2790866553737337,0.13926291375620936,0.06860854899049378,0.13926291375620936,297.26516336796635,356.1056310726651,522.3473742782722,3757.7965753290596,41.39801280883859,0.5731789831455142,1.2790866553737337,0.8347668147581411,265.36945292633607,1172.6492126741734,232.40424104112716,518.6253720201374,2452.4404695473354,5472.782446561065,20.394931524098254,79.56806977878566
495403620,9628223555,4,黄金词,652,343,652,9628223555,2.01,4,7,0.5,63.0,0,0.5025,1.75,495403620_9628223555,91605.25,72103,210914,0.7871055425316781,2.9251764836414575,1.3050556703191387,1.3050556703191387,1.1525278351595694,2.533450989094305,2.01,2.2223698888118487e-05,2026-09-12,9,5,0.84001721692439,0.5767840859377563,1.287131679717616,0.013942794600451424,0.0059612687389918075,0.030836839772220775,3.7201519642940184,3.3556334684030857,4.0,9,5,0.1162520589302086,0.08775627945829563,0.15342108981065458,64.9,0.8012345679012346,0.015774099318403116,3.780915287244401,0.7288476610268491,0.5004513282387663,1.1167901029821206,0.15950117582379966,0.07857902682336054,0.15950117582379966,3.2450000000000006,4.45223353729122,319.32146064513285,11.279515458729277,0.51758131554823,0.5004513282387663,1.1167901029821206,0.7288476610268491,94.22654786700558,1087.7125871307867,2.9056489588643424,6.484147042670661,7.361319228795705,16.427268738686898,0.254988942041805,0.9948049057790658
495403620,9628223555,9,黄金词,1439,385,1439,9628223555,5.2,9,3,0.5,99.0,0,0.5778,0.3333,495403620_9628223555,91605.25,72103,210914,0.7871055425316781,2.9251764836414575,1.4701582843330228,1.4701582843330228,1.2350791421665113,1.55302422759598,5.2,5.749414637722197e-05,2026-09-12,9,5,0.84001721692439,0.5767840859377563,1.287131679717616,0.013942794600451424,0.0059612687389918075,0.030836839772220775,3.7201519642940184,3.3556334684030857,4.0,9,5,0.1162520589302086,0.08775627945829563,0.15342108981065458,64.9,0.8012345679012346,0.015774099318403116,3.780915287244401,0.6801322994175707,0.4670017217892546,1.0421451029120263,0.1709256552434882,0.08420735194463957,0.1709256552434882,3.2450000000000006,4.77113056206689,342.1932760819998,7.409681355913507,0.5546537512651194,0.4670017217892546,1.0421451029120263,0.6801322994175707,100.97564705912751,1165.6214175957073,3.113769849258631,6.948582518212604,4.835760015056537,10.791316998234059,0.27325285706035546,1.0660591025834403
495403620,9628223555,11,黄金词,1531,391,1531,9628223555,3.87,9,16,0.5714,63.0,0,0.43,1.7778,495403620_9628223555,91605.25,72103,210914,0.7871055425316781,2.9251764836414575,1.6340569027875846,1.6340569027875846,1.3170284513937922,2.3177301099489216,3.87,4.278891278458635e-05,2026-09-12,9,5,0.84001721692439,0.5767840859377563,1.287131679717616,0.013942794600451424,0.0059612687389918075,0.030836839772220775,3.7201519642940184,3.3556334684030857,4.0,9,5,0.1162520589302086,0.08775627945829563,0.15342108981065458,64.9,0.8012345679012346,0.015774099318403116,3.780915287244401,0.637812505899483,0.4379435275884542,0.9772998285310109,0.1822668227024848,0.0897946330249571,0.1822668227024848,3.2450000000000006,5.087702059751398,364.89830091785717,11.791920254334961,0.5914558396695632,0.4379435275884542,0.9772998285310109,0.637812505899483,107.67552906892152,1242.9621051122438,3.320373037287433,7.409631140957067,7.6957285647836375,17.173525199011376,0.29138358416598586,1.1367936847405973
495403620,9628223555,22,黄金词,3973,511,3973,9628223555,4.8,7,35,0.8,77.0,0,0.6857,5.0,495403620_9628223555,91605.25,72103,210914,0.7871055425316781,2.9251764836414575,1.318300431586238,1.318300431586238,1.159150215793119,3.893427457942111,4.8,5.307151973282027e-05,2026-09-12,9,5,0.84001721692439,0.5767840859377563,1.287131679717616,0.013942794600451424,0.0059612687389918075,0.030836839772220775,3.7201519642940184,3.3556334684030857,4.0,9,5,0.1162520589302086,0.08775627945829563,0.15342108981065458,64.9,0.8012345679012346,0.015774099318403116,3.780915287244401,0.7246836565954737,0.4975921826862677,1.1104097313538686,0.16041766344828962,0.07903053889062973,0.16041766344828962,3.2450000000000006,4.477815900036773,321.1562694821449,17.43405137681294,0.5205553178897,0.4975921826862677,1.1104097313538686,0.7246836565954737,94.7679699886451,1093.962541840892,2.922344706078476,6.521404702304127,11.377937120217705,25.390616132303688,0.25645409870009356,1.0005210165238265
495403620,9628223555,26,黄金词,5495,590,5495,9628223555,1.56,9,18,0.625,174.0,0,0.1733,2.0,495403620_9628223555,91605.25,72103,210914,0.7871055425316781,2.9251764836414575,2.026434391918491,2.026434391918491,1.5132171959592455,2.435377168772451,1.56,1.724824391316659e-05,2026-09-12,9,5,0.84001721692439,0.5767840859377563,1.287131679717616,0.013942794600451424,0.0059612687389918075,0.030836839772220775,3.7201519642940184,3.3556334684030857,4.0,9,5,0.1162520589302086,0.08775627945829563,0.15342108981065458,64.9,0.8012345679012346,0.015774099318403116,3.780915287244401,0.5551200575617921,0.3811641101343197,0.8505928185026266,0.20941786798483358,0.10317072699106575,0.20941786798483358,3.2450000000000006,5.84558233087946,419.25471172688714,14.236197746803484,0.6795609816107852,0.3811641101343197,0.8505928185026266,0.5551200575617921,123.71521814784512,1428.1176913004808,3.81498635941044,8.513393348750709,9.290930678886518,20.73332379032672,0.3347890090860084,1.306134085552112
495403620,9628223555,34,黄金词,6106,628,6106,9628223555,1.1,3,9,0.0,47.0,0,0.3667,3.0,495403620_9628223555,91605.25,72103,210914,0.7871055425316781,2.9251764836414575,1.296007963983111,1.296007963983111,1.1480039819915555,2.9455828971937876,1.1,1.2162223272104648e-05,2026-09-12,9,5,0.84001721692439,0.5767840859377563,1.287131679717616,0.013942794600451424,0.0059612687389918075,0.030836839772220775,3.7201519642940184,3.3556334684030857,4.0,9,5,0.1162520589302086,0.08775627945829563,0.15342108981065458,64.9,0.8012345679012346,0.015774099318403116,3.780915287244401,0.7317197763261496,0.5024234192438534,1.1211909539588025,0.15887510860221926,0.07827059177425381,0.15887510860221926,3.2450000000000006,4.434757819848245,318.06807364892694,13.062946787341398,0.5155497274142016,0.5024234192438534,1.1211909539588025,0.7317197763261496,93.85669383478593,1083.4431440136068,2.894243829333675,6.458695744883313,8.525235123993928,19.024623724306576,0.2539880703074537,0.9909001399354354
495403620,9628223555,8,重点词,700,345,700,9628223555,111.9,117,191,0.6778,186.0,0,0.9564,1.6325,495403620_9628223555,91605.25,72103,210914,0.7871055425316781,2.9251764836414575,1.3063178147159593,1.3063178147159593,1.1531589073579798,1.7152112949530534,111.9,0.0012372298037713727,2026-09-12,9,5,0.84001721692439,0.5767840859377563,1.287131679717616,0.013942794600451424,0.0059612687389918075,0.030836839772220775,3.7201519642940184,3.3556334684030857,4.0,9,5,0.1162520589302086,0.08775627945829563,0.15342108981065458,64.9,0.8012345679012346,0.015774099318403116,3.780915287244401,0.7284487953607075,0.5001774536514099,1.116178933800705,0.15958851146516595,0.0786220531500952,0.15958851146516595,3.2450000000000006,4.454671379328958,319.4963066575426,7.640702665129126,0.5178647197044636,0.5001774536514099,1.116178933800705,0.7284487953607075,94.27814206967646,1088.3081694262062,2.90723996102528,6.487697468789842,4.986530818289435,11.127771976706672,0.25512856247205895,0.9953496160235628
495403620,9628223555,15,重点词,1316,378,1316,9628223555,45.15,213,54,1.0,112.0,0,0.212,0.2535,495403620_9628223555,91605.25,72103,210914,0.7871055425316781,2.9251764836414575,5.237206154032248,2.7815627886031566,1.8907813943015783,0.35023263289199846,45.15,0.0004992039824868407,2026-09-12,9,5,0.84001721692439,0.5767840859377563,1.287131679717616,0.013942794600451424,0.0059612687389918075,0.030836839772220775,3.7201519642940184,3.3556334684030857,4.0,9,5,0.1162520589302086,0.08775627945829563,0.15342108981065458,64.9,0.8012345679012346,0.015774099318403116,3.780915287244401,0.44426987670601537,0.3050506460852976,0.6807406099915956,0.2616699106231223,0.12891294888280438,0.2616699106231223,3.2450000000000006,7.304118892911795,523.8633360255706,2.558140790820687,0.849118859972032,0.3050506460852976,0.6807406099915956,0.44426987670601537,154.58351470664,1784.448634865103,4.766867074435391,10.637577863357945,1.669512406125685,3.725626902677493,0.41832251912470025,1.6320287887420704
495403620,9628223555,20,重点词,1735,402,1735,9628223555,62.35,65,76,0.8718,170.0,0,0.9592,1.1692,495403620_9628223555,91605.25,72103,210914,0.7871055425316781,2.9251764836414575,1.2873320160751038,1.2873320160751038,1.143666008037552,1.3616631762894749,62.35,0.0006893769281961134,2026-09-12,9,5,0.84001721692439,0.5767840859377563,1.287131679717616,0.013942794600451424,0.0059612687389918075,0.030836839772220775,3.7201519642940184,3.3556334684030857,4.0,9,5,0.1162520589302086,0.08775627945829563,0.15342108981065458,64.9,0.8012345679012346,0.015774099318403116,3.780915287244401,0.7344952206508251,0.5043291327049896,1.1254436790739637,0.1582747656645055,0.07797482991819116,0.1582747656645055,2.5804682616556405,3.5132539860084138,251.9763136935737,4.783868581699875,0.4084230094182404,0.5043291327049896,1.1254436790739637,0.7344952206508251,74.35409488491901,858.3131478529184,2.292845310374748,5.116635336561256,3.122083028065306,6.967133924296966,0.20121157381188895,0.7849997694989332
495403620,9628223555,21,重点词,1764,405,1764,9628223555,12.51,20,178,0.2727,582.0,0,0.6255,8.9,495403620_9628223555,91605.25,72103,210914,0.7871055425316781,2.9251764836414575,1.627105153163278,1.627105153163278,1.313552576581639,7.192907566754703,12.51,0.00013831764830366284,2026-09-12,9,5,0.84001721692439,0.5767840859377563,1.287131679717616,0.013942794600451424,0.0059612687389918075,0.030836839772220775,3.7201519642940184,3.3556334684030857,4.0,9,5,0.1162520589302086,0.08775627945829563,0.15342108981065458,64.9,0.8012345679012346,0.015774099318403116,3.780915287244401,0.6395002620378035,0.439102397742439,0.9798859236127571,0.18178578779587184,0.08955764884829205,0.18178578779587184,3.2450000000000006,5.0742746995280745,363.9352687131879,36.49878888202743,0.5898948813976043,0.439102397742439,0.9798859236127571,0.6395002620378035,107.3913539935996,1239.6817047009627,3.3116099760224724,7.390075792533922,23.8201044546724,53.156132087008004,0.2906145705127078,1.1337934818738913
495403620,9628223555,25,重点词,2541,437,2541,9628223555,21686.91,29926,87461,0.4974,328.0,0,0.7247,2.9226,495403620_9628223555,91605.25,72103,210914,0.7871055425316781,2.9251764836414575,1.7528659479478812,1.7528659479478812,1.3764329739739405,2.9225763817688626,21686.91,0.2397827650018536,2026-09-12,9,5,0.84001721692439,0.5767840859377563,1.287131679717616,0.013942794600451424,0.0059612687389918075,0.030836839772220775,3.7201519642940184,3.3556334684030857,4.0,9,5,0.1162520589302086,0.08775627945829563,0.15342108981065458,64.9,0.8012345679012346,0.015774099318403116,3.780915287244401,0.6102855953088303,0.41904262455476193,0.9351212184357223,0.1904879614131809,0.09384481683037306,0.1904879614131809,18.67428173834436,30.599250386852702,2194.628212185095,89.42864648044744,3.5572258591926085,0.41904262455476193,0.9351212184357223,0.6102855953088303,647.5989426703497,7475.616344868576,19.96990483178516,44.56415802136124,58.3635722075472,130.24215570664575,1.7524845491737069,6.837081690131465
495403620,9628223555,26,重点词,2584,442,2584,9628223555,115.98,262,182,0.9412,39.0,0,0.4427,0.6947,495403620_9628223555,91605.25,72103,210914,0.7871055425316781,2.9251764836414575,2.748509709024904,2.748509709024904,1.874254854512452,0.7607459698856728,115.98,0.00128234059554427,2026-09-12,9,5,0.84001721692439,0.5767840859377563,1.287131679717616,0.013942794600451424,0.0059612687389918075,0.030836839772220775,3.7201519642940184,3.3556334684030857,4.0,9,5,0.1162520589302086,0.08775627945829563,0.15342108981065458,64.9,0.8012345679012346,0.015774099318403116,3.780915287244401,0.4481872968886629,0.3077404785955828,0.6867431484137392,0.2593827619328701,0.1277861740026061,0.2593827619328701,3.2450000000000006,7.240276604283392,519.2844628184492,5.508011247566114,0.8416970624721635,0.3077404785955828,0.6867431484137392,0.4481872968886629,153.23236400553742,1768.851505839701,4.7252018567573675,10.544599185680795,3.5946782694244654,8.021761334566412,0.4146661346384569,1.6177638986836884
495403620,9628223555,36,重点词,3008,470,3008,9628223555,45.41,54,204,0.6042,319.0,0,0.8409,3.7778,495403620_9628223555,91605.25,72103,210914,0.7871055425316781,2.9251764836414575,1.4338094838514177,1.4338094838514177,1.2169047419257089,3.6677647075666395,45.41,0.0005020786898057018,2026-09-12,9,5,0.84001721692439,0.5767840859377563,1.287131679717616,0.013942794600451424,0.0059612687389918075,0.030836839772220775,3.7201519642940184,3.3556334684030857,4.0,9,5,0.1162520589302086,0.08775627945829563,0.15342108981065458,64.9,0.8012345679012346,0.015774099318403116,3.780915287244401,0.6902900350236884,0.47397636484267114,1.0577094782955447,0.16841045507229324,0.08296822639777347,0.16841045507229324,3.2450000000000006,4.700922562048348,337.157843657551,17.241877866084675,0.5464919267095917,0.47397636484267114,1.0577094782955447,0.6902900350236884,99.48977318953287,1148.4690996191641,3.0679501948202113,6.846332941257791,11.252519449133766,25.110738338196235,0.26923189466077496,1.0503718610543544
495403620,9628223555,59,重点词,5313,580,5313,9628223555,11.64,18,32,0.7857,171.0,0,0.6467,1.7778,495403620_9628223555,91605.25,72103,210914,0.7871055425316781,2.9251764836414575,1.5699795787061808,1.5699795787061808,1.2849897893530904,2.130823533428141,11.64,0.00012869843535208918,2026-09-12,9,5,0.84001721692439,0.5767840859377563,1.287131679717616,0.013942794600451424,0.0059612687389918075,0.030836839772220775,3.7201519642940184,3.3556334684030857,4.0,9,5,0.1162520589302086,0.08775627945829563,0.15342108981065458,64.9,0.8012345679012346,0.015774099318403116,3.780915287244401,0.6537150908781031,0.44886277752302606,1.0016668539954734,0.17783291307234925,0.08761024596975653,0.17783291307234925,3.2450000000000006,4.963936193734113,356.0216108737194,10.57727206004436,0.5770678029197734,0.44886277752302606,1.0016668539954734,0.6537150908781031,105.05616281131175,1212.7252163244984,3.2396000596967593,7.229380921062309,6.903016046097066,15.40453499871598,0.28429524817186,1.1091394995657333
495403620,9628223555,72,重点词,6377,649,6377,9628223555,20.2,24,370,0.08,761.0,0,0.8417,15.4167,495403620_9628223555,91605.25,72103,210914,0.7871055425316781,2.9251764836414575,1.3641706865068068,1.3641706865068068,1.1820853432534033,12.293794120910364,20.2,0.0002233426455422853,2026-09-12,9,5,0.84001721692439,0.5767840859377563,1.287131679717616,0.013942794600451424,0.0059612687389918075,0.030836839772220775,3.7201519642940184,3.3556334684030857,4.0,9,5,0.1162520589302086,0.08775627945829563,0.15342108981065458,64.9,0.8012345679012346,0.015774099318403116,3.780915287244401,0.7106231556957184,0.48793776966246616,1.0888652727687986,0.16359171242653192,0.08059424949346247,0.16359171242653192,3.2450000000000006,4.566414665763405,327.5107176588228,56.13856177160102,0.5308551068240962,0.48793776966246616,1.0888652727687986,0.7106231556957184,96.64306386451071,1115.607855789033,2.9801666754864162,6.650438235688843,36.63755555442789,81.75911848338899,0.26152833960628574,1.020317481837829
495403620,9628223555,36,潜力词,2690,447,2690,9628223555,5.24,9,8,1.0,48.0,0,0.5822,0.8889,495403620_9628223555,91605.25,72103,210914,0.7871055425316781,2.9251764836414575,1.4657367556583372,1.4657367556583372,1.2328683778291687,1.8471418746548036,5.24,5.7936409041662137e-05,2026-09-12,9,5,0.84001721692439,0.5767840859377563,1.287131679717616,0.013942794600451424,0.0059612687389918075,0.030836839772220775,3.7201519642940184,3.3556334684030857,4.0,9,5,0.1162520589302086,0.08775627945829563,0.15342108981065458,64.9,0.8012345679012346,0.015774099318403116,3.780915287244401,0.6813519042507117,0.46783914350480477,1.044013864630054,0.1706197021024722,0.08405662264781516,0.1706197021024722,1.4602500000000007,2.1431656547666798,153.71134096010357,3.9587310252415144,0.24914741999513515,0.46783914350480477,1.044013864630054,0.6813519042507117,45.35770629827719,523.590741471842,1.3986883215554229,3.1212651191616327,2.5835757683356646,5.7654195035028675,0.12274368322147215,0.47886789616976033
495403620,9628223555,39,潜力词,2813,457,2813,9628223555,5.37,11,3,1.0,51.0,0,0.4882,0.2727,495403620_9628223555,91605.25,72103,210914,0.7871055425316781,2.9251764836414575,1.6407486336792814,1.6407486336792814,1.3203743168396407,1.3895479931121926,5.37,5.937376270109269e-05,2026-09-12,9,5,0.84001721692439,0.5767840859377563,1.287131679717616,0.013942794600451424,0.0059612687389918075,0.030836839772220775,3.7201519642940184,3.3556334684030857,4.0,9,5,0.1162520589302086,0.08775627945829563,0.15342108981065458,64.9,0.8012345679012346,0.015774099318403116,3.780915287244401,0.6361962711717983,0.43683376644155575,0.9748233234333185,0.18272986529154917,0.09002275319923496,0.18272986529154917,3.2450000000000006,5.100627191704683,365.82531249076425,7.0875662778467206,0.5929584128710771,0.43683376644155575,0.9748233234333185,0.6361962711717983,107.94907504410065,1246.1198075548848,3.328808330694368,7.428455053815422,4.625538935371507,10.322194811953343,0.29212383413151755,1.1396816699658268
495403620,9628223555,61,潜力词,4637,550,4637,9628223555,5.75,11,9,1.0,54.0,0,0.5227,0.8182,495403620_9628223555,91605.25,72103,210914,0.7871055425316781,2.9251764836414575,1.5956013142876717,1.5956013142876717,1.2978006571438359,1.7053374667964034,5.75,6.357525801327429e-05,2026-09-12,9,5,0.84001721692439,0.5767840859377563,1.287131679717616,0.013942794600451424,0.0059612687389918075,0.030836839772220775,3.7201519642940184,3.3556334684030857,4.0,9,5,0.1162520589302086,0.08775627945829563,0.15342108981065458,64.9,0.8012345679012346,0.015774099318403116,3.780915287244401,0.6472621294344826,0.44443195706737193,0.9917791862968386,0.17960584073067712,0.08848368736791605,0.17960584073067712,3.2450000000000006,5.013424781757554,359.571013231109,8.54958111729674,0.5828209531710474,0.44443195706737193,0.9917791862968386,0.6472621294344826,106.10353347801278,1224.8156333391407,3.271897661127943,7.301455146053072,5.5796896690450035,12.451445022697708,0.28712956550888763,1.1201972057110743
495403620,9628223555,62,潜力词,4706,551,4706,9628223555,6.41,11,14,0.8889,94.0,0,0.5827,1.2727,495403620_9628223555,91605.25,72103,210914,0.7871055425316781,2.9251764836414575,1.5228233690610051,1.5228233690610051,1.2614116845305026,1.9684953615332454,6.41,7.087259197653708e-05,2026-09-12,9,5,0.84001721692439,0.5767840859377563,1.287131679717616,0.013942794600451424,0.0059612687389918075,0.030836839772220775,3.7201519642940184,3.3556334684030857,4.0,9,5,0.1162520589302086,0.08775627945829563,0.15342108981065458,64.9,0.8012345679012346,0.015774099318403116,3.780915287244401,0.6659342284727959,0.45725284854360243,1.0203898501199364,0.17456988086768332,0.08600269734943049,0.17456988086768332,3.2450000000000006,4.872853596130421,349.48901821824535,9.592189701413327,0.5664792634156326,0.45725284854360243,1.0203898501199364,0.6659342284727959,103.12850140921533,1190.4730844333262,3.1801570739052174,7.096729982843542,6.260124448929559,13.969880053281422,0.279078752898902,1.0887880480598042
495817671,9630806627,1,黄金词,370,685,370,9630806627,3.46,8,31,0.1429,236.0,0,0.4325,3.875,495817671_9630806627,171870.0,107520,166126,0.6255891080467796,1.5450706845238096,1.809717571924603,1.809717571924603,1.4048587859623014,2.7100353422619046,3.46,2.0263679667535095e-05,2026-09-12,9,5,0.8560533792141286,0.5877950545487354,1.3117033814498595,0.01295934308561376,0.00553887064037113,0.02868283256761451,3.7211636015325356,3.356645105641603,4.0,9,5,0.1162520589302086,0.08775627945829563,0.15342108981065458,44.93,0.8477358490566038,0.014324324324324324,3.762027027027027,0.6093519062328734,0.4184015222185531,0.9336905563439729,0.1907798395985998,0.09398861203214964,0.1907798395985998,2.2465,3.6867038192893826,284.4823070840692,9.991097646726173,0.4285869096582544,0.4184015222185531,0.9336905563439729,0.6093519062328734,83.88444180128798,969.3752890469644,2.4060433992141466,5.369244328003509,6.520462646886306,14.55084189012878,0.2111454169302242,0.8237553162619741
495817671,9630806627,6,黄金词,2096,803,2096,9630806627,5.78,12,18,0.6667,49.0,0,0.4817,1.5,495817671_9630806627,171870.0,107520,166126,0.6255891080467796,1.5450706845238096,1.9683467950041287,1.9683467950041287,1.4841733975020643,1.5180282738095239,5.78,3.3850886843454585e-05,2026-09-12,9,5,0.8560533792141286,0.5877950545487354,1.3117033814498595,0.01295934308561376,0.00553887064037113,0.02868283256761451,3.7211636015325356,3.356645105641603,4.0,9,5,0.1162520589302086,0.08775627945829563,0.15342108981065458,44.93,0.8477358490566038,0.014324324324324324,3.762027027027027,0.5767879822229046,0.39604203628634155,0.8837938906987013,0.20155076477526537,0.09929496049007322,0.20155076477526537,2.2465,3.894845366476136,300.54342575433674,5.912485388426791,0.45278379306763367,0.39604203628634155,0.8837938906987013,0.5767879822229046,88.62033553109202,1024.1036541006379,2.5418822461241315,5.672377662394814,3.8586491183108906,8.610829671240902,0.22306612874094947,0.8702623627822256
495817671,9630806627,2,重点词,136,671,136,9630806627,20.16,35,42,0.7931,118.0,0,0.576,1.2,495817671_9630806627,171870.0,107520,166126,0.6255891080467796,1.5450706845238096,2.268152573529412,2.268152573529412,1.634076286764706,1.2641991971207087,20.16,0.00011806814511488657,2026-09-12,9,5,0.8560533792141286,0.5877950545487354,1.3117033814498595,0.01295934308561376,0.00553887064037113,0.02868283256761451,3.7211636015325356,3.356645105641603,4.0,9,5,0.1162520589302086,0.08775627945829563,0.15342108981065458,44.93,0.8477358490566038,0.014324324324324324,3.762027027027027,0.5238760186092789,0.35971090169388964,0.8027185707754747,0.22190757889399126,0.10932384356514607,0.22190757889399126,2.2465,4.288228359762926,330.8985904172344,5.421174849482545,0.49851537598535145,0.35971090169388964,0.8027185707754747,0.5238760186092789,97.57107158787205,1127.5390727063677,2.7986147097976635,6.2452930656845895,3.5380064691764113,7.895294479421987,0.24559601456910068,0.9581596683242537
495817671,9630806627,10,重点词,456,693,456,9630806627,26.44,31,39,0.7727,76.0,0,0.8529,1.2581,495817671_9630806627,171870.0,107520,166126,0.6255891080467796,1.5450706845238096,1.669950504658385,1.669950504658385,1.3349752523291925,1.3169375763125761,26.44,0.0001548473093669445,2026-09-12,9,5,0.8560533792141286,0.5877950545487354,1.3117033814498595,0.01295934308561376,0.00553887064037113,0.02868283256761451,3.7211636015325356,3.356645105641603,4.0,9,5,0.1162520589302086,0.08775627945829563,0.15342108981065458,44.93,0.8477358490566038,0.014324324324324324,3.762027027027027,0.6412503735335416,0.4403040831829522,0.9825675638265733,0.18128965491218985,0.08931322658009595,0.18128965491218985,1.2355750000000008,1.9268214896959774,148.6820340326473,2.537503622627208,0.22399696536812908,0.4403040831829522,0.9825675638265733,0.6412503735335416,43.841423948460196,506.63498617471373,1.2574962226394888,2.806185650307955,1.656044027665068,3.695571328999689,0.11035318993170212,0.4305280606812669
495817671,9630806627,12,重点词,530,697,530,9630806627,74.08,84,140,0.8169,56.0,0,0.8819,1.6667,495817671_9630806627,171870.0,107520,166126,0.6255891080467796,1.5450706845238096,1.7328151631361088,1.7328151631361088,1.3664075815680543,1.6560931030020705,74.08,0.00043385358085867046,2026-09-12,9,5,0.8560533792141286,0.5877950545487354,1.3117033814498595,0.01295934308561376,0.00553887064037113,0.02868283256761451,3.7211636015325356,3.356645105641603,4.0,9,5,0.1162520589302086,0.08775627945829563,0.15342108981065458,44.93,0.8477358490566038,0.014324324324324324,3.762027027027027,0.6264992896422191,0.4301754926404879,0.9599649468752086,0.1855581655912136,0.0914161290409113,0.1855581655912136,2.2465,3.585798159935553,276.69598190637976,5.938415601426784,0.41685641900066145,0.4301754926404879,0.9599649468752086,0.6264992896422191,81.58851152742113,942.8433359807026,2.340189615581907,5.222287272133086,3.8755718820822627,8.648593933275102,0.20536633389040723,0.8012090045949686
495817671,9630806627,13,重点词,679,710,679,9630806627,200.65,252,174,0.925,85.0,0,0.7962,0.6905,495817671_9630806627,171870.0,107520,166126,0.6255891080467796,1.5450706845238096,1.968666151597911,1.968666151597911,1.4843330757989555,0.7167714056776557,200.65,0.0011751177240725194,2026-09-12,9,5,0.8560533792141286,0.5877950545487354,1.3117033814498595,0.01295934308561376,0.00553887064037113,0.02868283256761451,3.7211636015325356,3.356645105641603,4.0,9,5,0.1162520589302086,0.08775627945829563,0.15342108981065458,44.93,0.8477358490566038,0.014324324324324324,3.762027027027027,0.5767259338025262,0.3959994317531121,0.8836988158764997,0.20157244908985464,0.09930564337268492,0.20157244908985464,2.2465,3.8952644026048127,300.5757604279315,2.7920141413411854,0.4528325068803585,0.3959994317531121,0.8836988158764997,0.5767259338025262,88.62986995899064,1024.2138347086463,2.5421557205231755,5.67298793852965,1.8221445292508902,4.066235539092284,0.22309012783673668,0.8703559920119177
495817671,9630806627,14,重点词,815,717,815,9630806627,2298.65,2510,2693,0.7592,154.0,0,0.9158,1.0729,495817671_9630806627,171870.0,107520,166126,0.6255891080467796,1.5450706845238096,1.7428624282914997,1.7428624282914997,1.3714312141457499,1.0744084850977722,2298.65,0.013462169730572123,2026-09-12,9,5,0.8560533792141286,0.5877950545487354,1.3117033814498595,0.01295934308561376,0.00553887064037113,0.02868283256761451,3.7211636015325356,3.356645105641603,4.0,9,5,0.1162520589302086,0.08775627945829563,0.15342108981065458,44.93,0.8477358490566038,0.014324324324324324,3.762027027027027,0.6242043861801376,0.42859973470478924,0.9564485392487627,0.18624037495414153,0.0917522227878808,0.18624037495414153,2.2465,3.5989814389924653,277.7132617923909,3.866776195762895,0.418389002334479,0.42859973470478924,0.9564485392487627,0.6242043861801376,81.88847378612326,946.3097237278054,2.348793382824863,5.2414871454536565,2.523563540248533,5.63149826360631,0.20612136849297424,0.804154670084037
495817671,9630806627,24,重点词,1575,770,1575,9630806627,33.9,202,144,0.5,508.0,0,0.1678,0.7129,495817671_9630806627,171870.0,107520,166126,0.6255891080467796,1.5450706845238096,7.887408182112216,2.7815627886031566,1.8907813943015783,0.7445741213151928,33.9,0.00019853720830330629,2026-09-12,9,5,0.8560533792141286,0.5877950545487354,1.3117033814498595,0.01295934308561376,0.00553887064037113,0.02868283256761451,3.7211636015325356,3.356645105641603,4.0,9,5,0.1162520589302086,0.08775627945829563,0.15342108981065458,44.93,0.8477358490566038,0.014324324324324324,3.762027027027027,0.45275111220900277,0.3108741477572327,0.6937361375582923,0.2567681355060777,0.12649806562934277,0.2567681355060777,2.2465,4.961887313847066,382.8810828656342,3.6944928867726814,0.5768296164144036,0.3108741477572327,0.6937361375582923,0.45275111220900277,112.89899270595089,1304.6697496860722,3.238262904837121,7.226396971916536,2.4111267569566834,5.3805881756395255,0.2841779044363186,1.1086816988358492
495817671,9630806627,28,重点词,1785,786,1785,9630806627,44.38,65,68,0.902,142.0,0,0.6828,1.0462,495817671_9630806627,171870.0,107520,166126,0.6255891080467796,1.5450706845238096,2.1350508148768657,2.1350508148768657,1.5675254074384328,1.1008296640574038,44.38,0.00025991390278763227,2026-09-12,9,5,0.8560533792141286,0.5877950545487354,1.3117033814498595,0.01295934308561376,0.00553887064037113,0.02868283256761451,3.7211636015325356,3.356645105641603,4.0,9,5,0.1162520589302086,0.08775627945829563,0.15342108981065458,44.93,0.8477358490566038,0.014324324324324324,3.762027027027027,0.5461177057493733,0.3749827924698707,0.8367988009798041,0.21286996870150826,0.10487142112959792,0.21286996870150826,2.2465,4.113582065458565,317.4221130101166,4.528353163191313,0.47821238468793825,0.3749827924698707,0.8367988009798041,0.5461177057493733,93.59730324940854,1081.6178893619183,2.6846357778830265,5.9909415714869185,2.955326701483459,6.595006197527479,0.23559364756764176,0.9191367848894786
495817671,9630806627,30,重点词,1844,791,1844,9630806627,8.64,13,68,0.6364,329.0,0,0.6646,5.2308,495817671_9630806627,171870.0,107520,166126,0.6255891080467796,1.5450706845238096,1.726970835115483,1.726970835115483,1.3634854175577416,3.826693594104308,8.64,5.060063362066568e-05,2026-09-12,9,5,0.8560533792141286,0.5877950545487354,1.3117033814498595,0.01295934308561376,0.00553887064037113,0.02868283256761451,3.7211636015325356,3.356645105641603,4.0,9,5,0.1162520589302086,0.08775627945829563,0.15342108981065458,44.93,0.8477358490566038,0.014324324324324324,3.762027027027027,0.6278419762988598,0.4310974264774952,0.9620223029589613,0.18516133568436544,0.09122062886523245,0.18516133568436544,2.2465,3.5781296644788863,276.10424701626954,13.692405865935951,0.415964940614927,0.4310974264774952,0.9620223029589613,0.6278419762988598,81.41402844107378,940.8269955410483,2.335184946430325,5.211119023270892,8.936037275553737,19.94135578446582,0.20492714274574472,0.7994955596832541
495817671,9630806627,34,重点词,2019,800,2019,9630806627,901.8,964,1186,0.7208,166.0,0,0.9355,1.2303,495817671_9630806627,171870.0,107520,166126,0.6255891080467796,1.5450706845238096,1.7024680111696935,1.7024680111696935,1.3512340055848466,1.232881240201842,901.8,0.005281441134156979,2026-09-12,9,5,0.8560533792141286,0.5877950545487354,1.3117033814498595,0.01295934308561376,0.00553887064037113,0.02868283256761451,3.7211636015325356,3.356645105641603,4.0,9,5,0.1162520589302086,0.08775627945829563,0.15342108981065458,44.93,0.8477358490566038,0.014324324324324324,3.762027027027027,0.6335345141373999,0.4350061144992599,0.9707447977392507,0.18349759379486,0.09040097836493131,0.18349759379486,2.2465,3.545978869136691,273.6233500194236,4.371770825910769,0.412227344460153,0.4350061144992599,0.9707447977392507,0.6335345141373999,80.68249380934213,932.3733230857605,2.3142024610709546,5.1642952251049845,2.8531368002833135,6.3669627018958845,0.20308579789681822,0.7923118015395665
495817671,9630806627,35,重点词,2128,807,2128,9630806627,32.54,38,55,0.8571,125.0,0,0.8563,1.4474,495817671_9630806627,171870.0,107520,166126,0.6255891080467796,1.5450706845238096,1.6946489048205489,1.6946489048205489,1.3473244524102745,1.464360119047619,32.54,0.0001905722937519052,2026-09-12,9,5,0.8560533792141286,0.5877950545487354,1.3117033814498595,0.01295934308561376,0.00553887064037113,0.02868283256761451,3.7211636015325356,3.356645105641603,4.0,9,5,0.1162520589302086,0.08775627945829563,0.15342108981065458,44.93,0.8477358490566038,0.014324324324324324,3.762027027027027,0.6353728514929761,0.43626837878375085,0.9735616236336457,0.18296667642793318,0.09013941935258388,0.18296667642793318,2.2465,3.535719215451614,272.83166994603573,5.1775662112576795,0.41103463859535194,0.43626837878375085,0.9735616236336457,0.6353728514929761,80.44905348849396,929.6756681495391,2.307506731433536,5.149353263380895,3.379020831945195,7.540507557782694,0.2024982055755797,0.7900193894879476
495817671,9630806627,45,重点词,2899,856,2899,9630806627,1569.85,1892,1578,0.822,176.0,0,0.8297,0.834,495817671_9630806627,171870.0,107520,166126,0.6255891080467796,1.5450706845238096,1.9217885242866468,1.9217885242866468,1.4608942621433234,0.837031876566416,1569.85,0.009193912579791899,2026-09-12,9,5,0.8560533792141286,0.5877950545487354,1.3117033814498595,0.01295934308561376,0.00553887064037113,0.02868283256761451,3.7211636015325356,3.356645105641603,4.0,9,5,0.1162520589302086,0.08775627945829563,0.15342108981065458,44.93,0.8477358490566038,0.014324324324324324,3.762027027027027,0.5859790139487481,0.40235290792802686,0.8978770164552626,0.19838945792071735,0.09773752735619573,0.19838945792071735,2.2465,3.833755043310284,295.82942730840705,3.208975178197968,0.4456819172188915,0.40235290792802686,0.8978770164552626,0.5859790139487481,87.23033299510973,1008.040674111026,2.502013036115992,5.583406894133484,2.0942646668138045,4.673489550230414,0.2195673552056937,0.8566123705542812
495817671,9630806627,47,重点词,2987,860,2987,9630806627,442.84,485,133,0.9145,111.0,0,0.9131,0.2742,495817671_9630806627,171870.0,107520,166126,0.6255891080467796,1.5450706845238096,1.7372571573123594,1.7372571573123594,1.3686285786561796,0.29484901719308415,442.84,0.0025935167352518036,2026-09-12,9,5,0.8560533792141286,0.5877950545487354,1.3117033814498595,0.01295934308561376,0.00553887064037113,0.02868283256761451,3.7211636015325356,3.356645105641603,4.0,9,5,0.1162520589302086,0.08775627945829563,0.15342108981065458,44.93,0.8477358490566038,0.014324324324324324,3.762027027027027,0.6254826127148864,0.4294774080531592,0.9584071251367458,0.18585977702181108,0.09156471937306866,0.18585977702181108,2.2465,3.591626616524386,277.1457312918485,1.0589875780067373,0.4175339890794986,0.4294774080531592,0.9584071251367458,0.6254826127148864,81.72112777528982,944.3758599011045,2.3439934252152694,5.230775723881467,0.6911241577317732,1.5422890813438939,0.20570014207159876,0.8025113121130103
495817671,9630806627,49,重点词,3132,872,3132,9630806627,36.2,53,318,0.7111,443.0,0,0.683,6.0,495817671_9630806627,171870.0,107520,166126,0.6255891080467796,1.5450706845238096,2.0962527132689943,2.0962527132689943,1.5481263566344972,5.415746975019515,36.2,0.00021200728438288164,2026-09-12,9,5,0.8560533792141286,0.5877950545487354,1.3117033814498595,0.01295934308561376,0.00553887064037113,0.02868283256761451,3.7211636015325356,3.356645105641603,4.0,9,5,0.1162520589302086,0.08775627945829563,0.15342108981065458,44.93,0.8477358490566038,0.014324324324324324,3.762027027027027,0.5529609230832554,0.3796815757510613,0.8472844453739536,0.21023557737497728,0.10357357548274584,0.21023557737497728,2.2465,4.062674062886286,313.4938272755726,22.00241476656665,0.4722942245728865,0.3796815757510613,0.8472844453739536,0.5529609230832554,92.43898145619833,1068.232230484168,2.651411827828959,5.9168001385269235,14.359375586095648,32.043892452022234,0.23267803732198855,0.9077619254446326
495817671,9630806627,62,重点词,3830,921,3830,9630806627,53.31,116,129,0.7935,134.0,0,0.4596,1.1121,495817671_9630806627,171870.0,107520,166126,0.6255891080467796,1.5450706845238096,3.152765572988198,2.7815627886031566,1.8907813943015783,1.1400045602918587,53.31,0.0003122129373052879,2026-09-12,9,5,0.8560533792141286,0.5877950545487354,1.3117033814498595,0.01295934308561376,0.00553887064037113,0.02868283256761451,3.7211636015325356,3.356645105641603,4.0,9,5,0.1162520589302086,0.08775627945829563,0.15342108981065458,44.93,0.8477358490566038,0.014324324324324324,3.762027027027027,0.45275111220900277,0.3108741477572327,0.6937361375582923,0.2567681355060777,0.12649806562934277,0.2567681355060777,2.2465,4.961887313847066,382.8810828656342,5.656574165439976,0.5768296164144036,0.3108741477572327,0.6937361375582923,0.45275111220900277,112.89899270595089,1304.6697496860722,3.238262904837121,7.226396971916536,3.6916344789382793,8.23812550246413,0.2841779044363186,1.1086816988358492
495817671,9630806627,77,重点词,4721,976,4721,9630806627,18.53,32,59,0.72,191.0,0,0.5791,1.8438,495817671_9630806627,171870.0,107520,166126,0.6255891080467796,1.5450706845238096,2.22684414119164,2.22684414119164,1.61342207059582,1.7840141369047617,18.53,0.00010852196076283969,2026-09-12,9,5,0.8560533792141286,0.5877950545487354,1.3117033814498595,0.01295934308561376,0.00553887064037113,0.02868283256761451,3.7211636015325356,3.356645105641603,4.0,9,5,0.1162520589302086,0.08775627945829563,0.15342108981065458,44.93,0.8477358490566038,0.014324324324324324,3.762027027027027,0.5305824153614045,0.36431573935992384,0.8129945693413386,0.21910273609618947,0.10794202417538025,0.21910273609618947,2.2465,4.2340264866671165,326.71613512318635,7.5535631082433365,0.4922142966400897,0.36431573935992384,0.8129945693413386,0.5305824153614045,96.33780358151982,1113.2873294216947,2.7632410900604665,6.166354503231007,4.929661168343996,11.000863606930457,0.24249175730999173,0.9460488280445387
495817671,9630806627,83,重点词,4887,992,4887,9630806627,167.05,190,239,0.8592,128.0,0,0.8792,1.2579,495817671_9630806627,171870.0,107520,166126,0.6255891080467796,1.5450706845238096,1.7804450212927383,1.7804450212927383,1.3902225106463693,1.2694978054353054,167.05,0.0009783374822143751,2026-09-12,9,5,0.8560533792141286,0.5877950545487354,1.3117033814498595,0.01295934308561376,0.00553887064037113,0.02868283256761451,3.7211636015325356,3.356645105641603,4.0,9,5,0.1162520589302086,0.08775627945829563,0.15342108981065458,44.93,0.8477358490566038,0.014324324324324324,3.762027027027027,0.6157671686787144,0.4228064572738405,0.9435204590666547,0.1887922332391593,0.09300940813207752,0.1887922332391593,2.2465,3.6482945409714507,281.5184779714215,4.631501913344862,0.4241217519717714,0.4228064572738405,0.9435204590666547,0.6157671686787144,83.01050642985065,959.2760223044824,2.380976457280294,5.313305795954299,3.0226443873104616,6.745230047570671,0.20894563536871216,0.815173165712576
495817671,9630806627,92,重点词,5621,1032,5621,9630806627,200.67,223,215,0.9398,63.0,0,0.8999,0.9641,495817671_9630806627,171870.0,107520,166126,0.6255891080467796,1.5450706845238096,1.7463901053822095,1.7463901053822095,1.3731950526911048,0.9842448721913009,200.67,0.0011752348551688635,2026-09-12,9,5,0.8560533792141286,0.5877950545487354,1.3117033814498595,0.01295934308561376,0.00553887064037113,0.02868283256761451,3.7211636015325356,3.356645105641603,4.0,9,5,0.1162520589302086,0.08775627945829563,0.15342108981065458,44.93,0.8477358490566038,0.014324324324324324,3.762027027027027,0.623402609510198,0.42804920786512457,0.955220002343631,0.1864799042492729,0.09187022805530215,0.1864799042492729,2.2465,3.6036101962503104,278.0704370926562,3.5468348570356554,0.41892710489599166,0.42804920786512457,0.955220002343631,0.623402609510198,81.99379299206987,947.5268008581337,2.351814235975184,5.248228378237899,2.3147611021050767,5.165541869369519,0.20638646732623625,0.8051889173644627
495817671,9630806627,94,重点词,5630,1034,5630,9630806627,5131.63,5913,4780,0.9174,91.0,0,0.8679,0.8084,495817671_9630806627,171870.0,107520,166126,0.6255891080467796,1.5450706845238096,1.8405683813649958,1.8405683813649958,1.420284190682498,0.809383645579495,5131.63,0.03005367239662229,2026-09-12,9,5,0.8560533792141286,0.5877950545487354,1.3117033814498595,0.01295934308561376,0.00553887064037113,0.02868283256761451,3.7211636015325356,3.356645105641603,4.0,9,5,0.1162520589302086,0.08775627945829563,0.15342108981065458,44.93,0.8477358490566038,0.014324324324324324,3.762027027027027,0.6027338646941948,0.41385735221503706,0.9235499416631109,0.19287460974038792,0.09502061068864973,0.19287460974038792,2.2465,3.727183972215984,287.6059340039814,3.0167217511776365,0.4332928107817815,0.41385735221503706,0.9235499416631109,0.6027338646941948,84.80549627127607,980.0190678443219,2.432461850362468,5.428198841886797,1.9687948401794184,4.393495367576729,0.21346380191205164,0.8328001820312054
495817671,9630806627,50,潜力词,3443,894,3443,9630806627,7.46,22,21,1.0,105.0,0,0.3391,0.9545,495817671_9630806627,171870.0,107520,166126,0.6255891080467796,1.5450706845238096,2.7852353530007363,2.7815627886031566,1.8907813943015783,1.1120188492063492,7.46,4.36898989363618e-05,2026-09-12,9,5,0.8560533792141286,0.5877950545487354,1.3117033814498595,0.01295934308561376,0.00553887064037113,0.02868283256761451,3.7211636015325356,3.356645105641603,4.0,9,5,0.1162520589302086,0.08775627945829563,0.15342108981065458,44.93,0.8477358490566038,0.014324324324324324,3.762027027027027,0.45275111220900277,0.3108741477572327,0.6937361375582923,0.2567681355060777,0.12649806562934277,0.2567681355060777,2.2465,4.961887313847066,382.8810828656342,5.517712220635797,0.5768296164144036,0.3108741477572327,0.6937361375582923,0.45275111220900277,112.89899270595089,1304.6697496860722,3.238262904837121,7.226396971916536,3.601009388864585,8.035889644618873,0.2841779044363186,1.1086816988358492
495817671,9630806627,52,潜力词,3678,912,3678,9630806627,3.98,11,11,0.75,127.0,0,0.3618,1.0,495817671_9630806627,171870.0,107520,166126,0.6255891080467796,1.5450706845238096,2.1298526859871854,2.1298526859871854,1.5649263429935927,1.2295034461152883,3.98,2.3309088172482567e-05,2026-09-12,9,5,0.8560533792141286,0.5877950545487354,1.3117033814498595,0.01295934308561376,0.00553887064037113,0.02868283256761451,3.7211636015325356,3.356645105641603,4.0,9,5,0.1162520589302086,0.08775627945829563,0.15342108981065458,44.93,0.8477358490566038,0.014324324324324324,3.762027027027027,0.5470247101704221,0.3756055722241376,0.8381885750230674,0.21251701571943798,0.1046975371334315,0.21251701571943798,2.2465,4.106761464761102,316.89580541470815,5.049277373297244,0.4774194758137174,0.3756055722241376,0.8381885750230674,0.5470247101704221,93.44211251256044,1079.8244928492982,2.680184467961968,5.981008180196622,3.29529603958391,7.353670168795476,0.23520301717025385,0.9176127931722057
495817671,9630806627,54,潜力词,3774,916,3774,9630806627,2.56,9,9,0.875,68.0,0,0.2844,1.0,495817671_9630806627,171870.0,107520,166126,0.6255891080467796,1.5450706845238096,2.113600728073715,2.113600728073715,1.5568003640368575,1.2565038515406162,2.56,1.4992780332049089e-05,2026-09-12,9,5,0.8560533792141286,0.5877950545487354,1.3117033814498595,0.01295934308561376,0.00553887064037113,0.02868283256761451,3.7211636015325356,3.356645105641603,4.0,9,5,0.1162520589302086,0.08775627945829563,0.15342108981065458,44.93,0.8477358490566038,0.014324324324324324,3.762027027027027,0.5498799968123989,0.3775661081068576,0.8425636399830677,0.21141350768187703,0.10415388855381796,0.21141350768187703,1.0109249999999967,1.8384465808180535,141.86263676118918,2.3100152096495608,0.21372320025330085,0.3775661081068576,0.8425636399830677,0.5498799968123989,41.8306087965413,483.3978461609684,1.1998203483125767,2.677478137719628,1.5075788888115562,3.364261592460509,0.10529176978626809,0.4107816138331472
495817671,9630806627,55,潜力词,3784,917,3784,9630806627,6.91,15,11,1.0,58.0,0,0.4607,0.7333,495817671_9630806627,171870.0,107520,166126,0.6255891080467796,1.5450706845238096,2.1401068506059735,2.1401068506059735,1.5700534253029867,1.0156767598343686,6.91,4.046879378689812e-05,2026-09-12,9,5,0.8560533792141286,0.5877950545487354,1.3117033814498595,0.01295934308561376,0.00553887064037113,0.02868283256761451,3.7211636015325356,3.356645105641603,4.0,9,5,0.1162520589302086,0.08775627945829563,0.15342108981065458,44.93,0.8477358490566038,0.014324324324324324,3.762027027027027,0.5452383755979059,0.37437901480027885,0.8354514313401334,0.213213273557143,0.10504055192954458,0.213213273557143,2.2465,4.120216222008398,317.93403375378443,4.184807862186493,0.47898361904612174,0.37437901480027885,0.8354514313401334,0.5452383755979059,93.74825177857798,1083.3622625848036,2.688965409271521,6.000603429117008,2.7311196741955954,6.094673447936564,0.2359735999097219,0.9206191176166822
500635396,9657930100,2,黄金词,3587,1126,3587,9657930100,7.03,6,11,0.3333,77.0,0,1.1717,1.8333,500635396_9657930100,808153.2999999999,358634,812358,0.44376976496909687,2.2651449667348884,1.43012091092882,1.43012091092882,1.21506045546441,2.080082838134222,7.03,8.699457789896685e-06,2026-09-12,9,5,2.141028453077178,1.470102176948598,3.2806298414006023,0.035042785849324874,0.015163884969129286,0.07559035724207747,3.055840811622793,2.69132231573186,3.3606029664932673,9,5,0.1162520589302086,0.08775627945829563,0.15342108981065458,4587.95,2.925988520408163,0.03726678550207962,2.8848484848484848,1.7620756592385787,1.2099004377413536,2.6999725212411,0.06597449906347551,0.03250265651516949,0.06597449906347551,229.3975,130.18595359243903,3715.057191862706,270.7975678337707,15.134385148913625,1.2099004377413536,2.6999725212411,1.7620756592385787,1123.9912712599394,12503.4126798891,84.96290173151561,189.60031159939084,176.72987376981,394.38435426279375,7.456028147938594,29.088686434018236
500635396,9657930100,5,重点词,1934,1113,1934,9657930100,4656.78,2449,5135,0.6731,189.0,0,1.9015,2.0968,500635396_9657930100,808153.2999999999,358634,812358,0.44376976496909687,2.2651449667348884,1.1847539112791299,1.1847539112791299,1.092376955639565,2.097322409334098,4656.78,0.00576265448745876,2026-09-12,9,5,2.141028453077178,1.470102176948598,3.2806298414006023,0.035042785849324874,0.015163884969129286,0.07559035724207747,3.055840811622793,2.69132231573186,3.3606029664932673,9,5,0.1162520589302086,0.08775627945829563,0.15342108981065458,4587.95,2.925988520408163,0.03726678550207962,2.8848484848484848,1.9599721891090682,1.3457828539488754,3.0032030833897063,0.059313116571849185,0.02922089416585354,0.059313116571849185,229.3975,117.04120154086255,3339.9513966757704,245.47313480703957,13.606280658790773,1.3457828539488754,3.0032030833897063,1.9599721891090682,1010.5029404443003,11240.954980418632,76.38427826235439,170.45654826622908,160.20245852044727,357.5023384965015,6.703200069411388,26.15162940036731
500635396,9657930100,9,重点词,2818,1118,2818,9657930100,13968.87,6980,12860,0.6439,136.0,0,2.0013,1.8424,500635396_9657930100,808153.2999999999,358634,812358,0.44376976496909687,2.2651449667348884,1.1259222796719657,1.1259222796719657,1.0629611398359828,1.8428908356802918,13968.87,0.017286144372340558,2026-09-12,9,5,2.141028453077178,1.470102176948598,3.2806298414006023,0.035042785849324874,0.015163884969129286,0.07559035724207747,3.055840811622793,2.69132231573186,3.3606029664932673,9,5,0.1162520589302086,0.08775627945829563,0.15342108981065458,4587.95,2.925988520408163,0.03726678550207962,2.8848484848484848,2.0142114070205266,1.383025326001511,3.0863121128838356,0.057715917269166715,0.028434026193253855,0.057715917269166715,229.3975,113.88948508604203,3250.01230141171,209.88588834541412,13.23988713175367,1.383025326001511,3.0863121128838356,2.0142114070205266,983.2918497931939,10938.25556932866,74.3273821990907,165.86644921623756,136.9772514948107,305.6737592074347,6.522694523666952,25.44741140177876
500635396,9657930100,13,重点词,3366,1123,3366,9657930100,513.5,239,700,0.5176,236.0,0,2.1485,2.9289,500635396_9657930100,808153.2999999999,358634,812358,0.44376976496909687,2.2651449667348884,1.0480626602480694,1.0480626602480694,1.0240313301240347,2.9073731163314944,513.5,0.0006354440362890396,2026-09-12,9,5,2.141028453077178,1.470102176948598,3.2806298414006023,0.035042785849324874,0.015163884969129286,0.07559035724207747,3.055840811622793,2.69132231573186,3.3606029664932673,9,5,0.1162520589302086,0.08775627945829563,0.15342108981065458,4587.95,2.925988520408163,0.03726678550207962,2.8848484848484848,2.090784129444407,1.4356027337274275,3.203642061423296,0.055602133808572936,0.027392660533151997,0.055602133808572936,100.57363360858653,48.103308319693625,1372.7021740373525,139.85426541528236,5.592108633519016,1.4356027337274275,3.203642061423296,2.090784129444407,415.3113080027507,4619.972420926397,31.39353013860239,70.05673035147763,91.27270555171512,203.6810544419707,2.754979404025618,10.74817991909486
500635396,9657930100,14,重点词,3408,1124,3408,9657930100,12956.21,6733,12890,0.5714,229.0,0,1.9243,1.9145,500635396_9657930100,808153.2999999999,358634,812358,0.44376976496909687,2.2651449667348884,1.170936887404789,1.170936887404789,1.0854684437023945,1.9148674024230647,12956.21,0.016033001708682406,2026-09-12,9,5,2.141028453077178,1.470102176948598,3.2806298414006023,0.035042785849324874,0.015163884969129286,0.07559035724207747,3.055840811622793,2.69132231573186,3.3606029664932673,9,5,0.1162520589302086,0.08775627945829563,0.15342108981065458,4587.95,2.925988520408163,0.03726678550207962,2.8848484848484848,1.972446518826842,1.3543481484678328,3.0223171022925293,0.05893800304372875,0.02903609266933954,0.05893800304372875,229.3975,116.300998688897,3318.8285654274723,222.70099125861645,13.520230553223767,1.3543481484678328,3.0223171022925293,1.972446518826842,1004.1122237685552,11169.86388748913,75.90120170580191,169.37853111071644,145.340736951178,324.3374278942118,6.660807068114817,25.986238833533978
500635396,9657930100,16,重点词,4196,1129,4196,9657930100,657.56,352,563,0.659,152.0,0,1.8681,1.5994,500635396_9657930100,808153.2999999999,358634,812358,0.44376976496909687,2.2651449667348884,1.2037861042242304,1.2037861042242304,1.101893052112115,1.61422544370522,657.56,0.0008137148597901087,2026-09-12,9,5,2.141028453077178,1.470102176948598,3.2806298414006023,0.035042785849324874,0.015163884969129286,0.07559035724207747,3.055840811622793,2.69132231573186,3.3606029664932673,9,5,0.1162520589302086,0.08775627945829563,0.15342108981065458,4587.95,2.925988520408163,0.03726678550207962,2.8848484848484848,1.9430456058990861,1.3341604923732822,2.9772670179853407,0.05982981489331355,0.029475448096583094,0.05982981489331355,229.3975,118.0607903919235,3369.0469387780718,190.5767317545917,13.724809961988896,1.3341604923732822,2.9772670179853407,1.9430456058990861,1019.3058023294938,11338.879063753606,77.04968973700883,171.94145780162805,124.37556960307262,277.55227601115536,6.76159410473592,26.37944583955845
500635396,9657930100,18,重点词,4536,1132,4536,9657930100,48121.97,23315,52173,0.575,196.0,0,2.064,2.2377,500635396_9657930100,808153.2999999999,358634,812358,0.44376976496909687,2.2651449667348884,1.0917625641345226,1.0917625641345226,1.0458812820672612,2.2377533404679446,48121.97,0.059549793283310754,2026-09-12,9,5,2.141028453077178,1.470102176948598,3.2806298414006023,0.035042785849324874,0.015163884969129286,0.07559035724207747,3.055840811622793,2.69132231573186,3.3606029664932673,9,5,0.1162520589302086,0.08775627945829563,0.15342108981065458,4587.95,2.925988520408163,0.03726678550207962,2.8848484848484848,2.047104666454378,1.4056109447171987,3.136713408730479,0.05678852715018194,0.02797714295926487,0.05678852715018194,327.8537689129987,160.15486373779183,4570.266314625135,358.38708132143216,18.618332657205304,1.4056109447171987,3.136713408730479,2.047104666454378,1382.7349566040878,15381.70823155009,104.52142934081148,233.24645425193464,233.89317765788513,521.9480321545703,9.172411762612752,35.7849252058028
500635396,9657930100,21,重点词,5331,1136,5331,9657930100,4160.45,2130,3953,0.7037,152.0,0,1.9533,1.8559,500635396_9657930100,808153.2999999999,358634,812358,0.44376976496909687,2.2651449667348884,1.153372839167986,1.153372839167986,1.076686419583993,1.8573999811664543,4160.45,0.005148457917777477,2026-09-12,9,5,2.141028453077178,1.470102176948598,3.2806298414006023,0.035042785849324874,0.015163884969129286,0.07559035724207747,3.055840811622793,2.69132231573186,3.3606029664932673,9,5,0.1162520589302086,0.08775627945829563,0.15342108981065458,4587.95,2.925988520408163,0.03726678550207962,2.8848484848484848,1.988534836265904,1.3653949285592475,3.0469687197022166,0.058461162867283825,0.02880117504680919,0.058461162867283825,229.3975,115.36006099383481,3291.9774554983705,214.2697751173098,13.410844608847743,1.3653949285592475,3.0469687197022166,1.988534836265904,995.9884152710554,11079.49367486037,75.28712011930968,168.00816760177818,139.83829549168237,312.0583673393533,6.606917552800412,25.775996170555917
500635396,9657930100,23,重点词,5553,1138,5553,9657930100,71798.68,51724,100920,0.5765,187.0,0,1.3881,1.9511,500635396_9657930100,808153.2999999999,358634,812358,0.44376976496909687,2.2651449667348884,1.6233015907535366,1.6233015907535366,1.3116507953767682,1.9511737640093922,71798.68,0.0888491587525319,2026-09-12,9,5,2.141028453077178,1.470102176948598,3.2806298414006023,0.035042785849324874,0.015163884969129286,0.07559035724207747,3.055840811622793,2.69132231573186,3.3606029664932673,9,5,0.1162520589302086,0.08775627945829563,0.15342108981065458,4587.95,2.925988520408163,0.03726678550207962,2.8848484848484848,1.6323159034582624,1.120803023282058,2.5011457721551946,0.07121909348791755,0.03508643136088687,0.07121909348791755,489.16259747841445,299.673976368216,8551.659609961902,584.7160004460337,34.83771676060778,1.120803023282058,2.5011457721551946,1.6323159034582624,2587.306267434328,28781.50286232381,195.5754050500269,436.43939864294356,381.6015992191225,851.5691042121479,17.162969900739522,66.95900817610712
500635396,9657930100,24,重点词,5573,1139,5573,9657930100,10656.71,10553,10503,0.5927,209.0,0,1.0098,0.9953,500635396_9657930100,808153.2999999999,358634,812358,0.44376976496909687,2.2651449667348884,2.230559989151984,2.230559989151984,1.615279994575992,0.996223952252048,10656.71,0.013187425152797994,2026-09-12,9,5,2.141028453077178,1.470102176948598,3.2806298414006023,0.035042785849324874,0.015163884969129286,0.07559035724207747,3.055840811622793,2.69132231573186,3.3606029664932673,9,5,0.1162520589302086,0.08775627945829563,0.15342108981065458,4587.95,2.925988520408163,0.03726678550207962,2.8848484848484848,1.325484411536462,0.9101221966997104,2.030997630390242,0.08770533845468065,0.04320845979590526,0.08770533845468065,229.3975,173.06691652004363,4938.731676876024,172.41340757967313,20.119385378157602,0.9101221966997104,2.030997630390242,1.325484411536462,1494.2142231517928,16621.816860983527,112.94818692423728,252.05131885788782,112.52168917736674,251.09956104294616,9.911912656031179,38.66998802738994
500635396,9657930100,25,重点词,5867,1140,5867,9657930100,24613.57,15146,13988,0.5599,213.0,0,1.6251,0.9235,500635396_9657930100,808153.2999999999,358634,812358,0.44376976496909687,2.2651449667348884,1.3865195275620263,1.3865195275620263,1.1932597637810132,0.9242524191456961,24613.57,0.030458707435799055,2026-09-12,9,5,2.141028453077178,1.470102176948598,3.2806298414006023,0.035042785849324874,0.015163884969129286,0.07559035724207747,3.055840811622793,2.69132231573186,3.3606029664932673,9,5,0.1162520589302086,0.08775627945829563,0.15342108981065458,4587.95,2.925988520408163,0.03726678550207962,2.8848484848484848,1.794268539058943,1.2320051522481328,2.749300647669088,0.06479078042085072,0.03191949179246626,0.06479078042085072,229.3975,127.85014896394175,3648.4014003243087,118.16580946806077,14.862843051592103,1.2320051522481328,2.749300647669088,1.794268539058943,1103.8245486500741,12279.075657316545,83.43849196503402,186.19849079478368,77.11822804855142,172.09440555835644,7.32225161846228,28.566775378834848
500635396,9657930100,26,重点词,5874,1141,5874,9657930100,18.64,22,61,0.6,100.0,0,0.8473,2.7727,500635396_9657930100,808153.2999999999,358634,812358,0.44376976496909687,2.2651449667348884,2.1586238452568636,2.1586238452568636,1.5793119226284318,2.637371991129304,18.64,2.3066556643481396e-05,2026-09-12,9,5,2.141028453077178,1.470102176948598,3.2806298414006023,0.035042785849324874,0.015163884969129286,0.07559035724207747,3.055840811622793,2.69132231573186,3.3606029664932673,9,5,0.1162520589302086,0.08775627945829563,0.15342108981065458,4587.95,2.925988520408163,0.03726678550207962,2.8848484848484848,1.3556716835986948,0.93084979343531,2.077252627803053,0.0857523693506764,0.04224632010749148,0.0857523693506764,229.3975,169.21316774209922,4828.759005339161,446.2780691332771,19.67137914812179,0.93084979343531,2.077252627803053,1.3556716835986948,1460.941970128255,16251.692358257942,110.43312543193926,246.4387934743009,291.2532319070658,649.9507714368202,9.691200216858276,37.808908266450075
500635396,9657930100,30,重点词,6434,1147,6434,9657930100,89.74,49,76,0.7619,68.0,0,1.8314,1.551,500635396_9657930100,808153.2999999999,358634,812358,0.44376976496909687,2.2651449667348884,1.2114275779650283,1.2114275779650283,1.1057137889825142,1.6512484163838441,89.74,0.00011105111551427148,2026-09-12,9,5,2.141028453077178,1.470102176948598,3.2806298414006023,0.035042785849324874,0.015163884969129286,0.07559035724207747,3.055840811622793,2.69132231573186,3.3606029664932673,9,5,0.1162520589302086,0.08775627945829563,0.15342108981065458,4587.95,2.925988520408163,0.03726678550207962,2.8848484848484848,1.9363315121966307,1.3295503697221653,2.9669792256271506,0.06003727057993746,0.029577652145422753,0.06003727057993746,229.3975,118.47015790171427,3380.728872730211,195.62366062394966,13.772399777861205,1.3295503697221653,2.9669792256271506,1.9363315121966307,1022.840173704018,11378.19583158769,77.31685413183529,172.53765274642205,127.66933294497369,284.90252586411503,6.785039458029616,26.470914717728352
500635396,9657930100,31,重点词,6660,1149,6660,9657930100,4349.38,2727,5333,0.7072,181.0,0,1.5949,1.9556,500635396_9657930100,808153.2999999999,358634,812358,0.44376976496909687,2.2651449667348884,1.4120993992157715,1.4120993992157715,1.2060496996078858,1.9565342448752756,4349.38,0.005382254299035682,2026-09-12,9,5,2.141028453077178,1.470102176948598,3.2806298414006023,0.035042785849324874,0.015163884969129286,0.07559035724207747,3.055840811622793,2.69132231573186,3.3606029664932673,9,5,0.1162520589302086,0.08775627945829563,0.15342108981065458,4587.95,2.925988520408163,0.03726678550207962,2.8848484848484848,1.7752406503424154,1.2189399636072724,2.7201448186316117,0.0654852393717919,0.03226162035830212,0.0654852393717919,229.3975,129.22050875511042,3687.5067327901943,252.8243505195789,15.022150198790632,1.2189399636072724,2.7201448186316117,1.7752406503424154,1115.6558745439656,12410.688734734626,84.33282611600072,188.19425636118456,165.00006226306738,368.20850725949424,7.400735056143611,28.87296790703865
500635396,9657930100,2,潜力词,6133,1144,6133,9657930100,2.08,2,2,1.0,120.0,0,1.04,1.0,500635396_9657930100,808153.2999999999,358634,812358,0.44376976496909687,2.2651449667348884,1.2393334827717255,1.2393334827717255,1.1196667413858628,2.012115973387911,2.08,2.5739505267404132e-06,2026-09-12,9,5,2.141028453077178,1.470102176948598,3.2806298414006023,0.035042785849324874,0.015163884969129286,0.07559035724207747,3.055840811622793,2.69132231573186,3.3606029664932673,9,5,0.1162520589302086,0.08775627945829563,0.15342108981065458,4587.95,2.925988520408163,0.03726678550207962,2.8848484848484848,1.9122015274179969,1.312981910250353,2.9300056169749373,0.06079487818796022,0.029950891203034263,0.06079487818796022,229.3975,119.96512747782936,3423.3901378060837,241.38374924765742,13.946193069122605,1.312981910250353,2.9300056169749373,1.9122015274179969,1035.7473476961752,11521.776771299234,78.29251202488811,174.7148975999674,157.53361404194246,351.54663624972756,6.870659564748053,26.804949995943918
500635396,9657930100,3,潜力词,6452,1148,6452,9657930100,5.59,5,4,1.0,33.0,0,1.118,0.8,500635396_9657930100,808153.2999999999,358634,812358,0.44376976496909687,2.2651449667348884,1.4159050394332047,1.4159050394332047,1.2079525197166023,1.7016276718368544,5.59,6.9174920406148606e-06,2026-09-12,9,5,2.141028453077178,1.470102176948598,3.2806298414006023,0.035042785849324874,0.015163884969129286,0.07559035724207747,3.055840811622793,2.69132231573186,3.3606029664932673,9,5,0.1162520589302086,0.08775627945829563,0.15342108981065458,4587.95,2.925988520408163,0.03726678550207962,2.8848484848484848,1.7724442129393334,1.2170198355921296,2.7158599264897187,0.06558855736137498,0.03231252046629727,0.06558855736137498,229.3975,129.42438375511892,3693.3246206968556,220.2321128081426,15.045851087306017,1.2170198355921296,2.7158599264897187,1.7724442129393334,1117.4160776543185,12430.26944363506,84.46588049793091,188.49117597856474,143.72947958134415,320.74180094219594,7.412411413667428,28.918521638323277
525368335,9811363528,83,黄金词,4042,1827,4042,9811363528,1.73,7,20,0.25,350.0,0,0.2471,2.8571,525368335_9811363528,181497.5,100380,138303,0.5530654692213391,1.3777943813508666,2.116111279690801,2.116111279690801,1.5580556398454004,2.068157003387129,1.73,9.698401030788666e-06,2026-09-12,9,5,0.6913910861079591,0.47473238356516473,1.0593965838726673,0.003548915676175488,0.0015100161598695819,0.007930504181403328,3.8815059007070216,3.516987404816089,4.0,9,5,0.1162520589302086,0.08775627945829563,0.15342108981065458,47.76,0.6921739130434782,0.003191194154102303,3.939922301359726,0.4437525005054139,0.30469539817735297,0.6799478508853426,0.2619749946147972,0.12906324998899613,0.2619749946147972,2.388,5.3813781269517955,1516.3443197813797,11.129534861129667,0.6255962871401357,0.30469539817735297,0.6799478508853426,0.4437525005054139,442.8512945706432,5190.232733046472,3.5120340433323625,7.837335300384239,7.263437802851842,16.208839889382833,0.30820304097372275,1.2024125229964637
525368335,9811363528,87,黄金词,4255,1856,4255,9811363528,7.61,25,149,0.381,369.0,0,0.3044,5.96,525368335_9811363528,181497.5,100380,138303,0.5530654692213391,1.3777943813508666,3.399017555878599,2.7815627886031566,1.8907813943015783,4.8491622742668765,7.61,4.266175251115708e-05,2026-09-12,9,5,0.6913910861079591,0.47473238356516473,1.0593965838726673,0.003548915676175488,0.0015100161598695819,0.007930504181403328,3.8815059007070216,3.516987404816089,4.0,9,5,0.1162520589302086,0.08775627945829563,0.15342108981065458,47.76,0.6921739130434782,0.003191194154102303,3.939922301359726,0.36566421067589727,0.2510773508750982,0.5602956465858339,0.3179202545289493,0.15662495326001413,0.3179202545289493,2.388,6.530581692930784,1840.1625422581208,31.667850374377867,0.7591935678151309,0.2510773508750982,0.5602956465858339,0.36566421067589727,537.4230334287837,6298.616835476468,4.26203561378943,9.511013206396074,20.667302309969575,46.12044643050988,0.37402038838491375,1.4591900113288139
525368335,9811363528,12,重点词,709,1295,709,9811363528,1363.47,2319,263,0.9787,79.0,0,0.588,0.1134,525368335_9811363528,181497.5,100380,138303,0.5530654692213391,1.3777943813508666,3.0630417483637205,2.7815627886031566,1.8907813943015783,0.11775778042578726,1363.47,0.00764362939505747,2026-09-12,9,5,0.6913910861079591,0.47473238356516473,1.0593965838726673,0.003548915676175488,0.0015100161598695819,0.007930504181403328,3.8815059007070216,3.516987404816089,4.0,9,5,0.1162520589302086,0.08775627945829563,0.15342108981065458,47.76,0.6921739130434782,0.003191194154102303,3.939922301359726,0.36566421067589727,0.2510773508750982,0.5602956465858339,0.3179202545289493,0.15662495326001413,0.3179202545289493,2.388,6.530581692930784,1840.1625422581208,0.7690268050488093,0.7591935678151309,0.2510773508750982,0.5602956465858339,0.36566421067589727,537.4230334287837,6298.616835476468,4.26203561378943,9.511013206396074,0.5018878539755012,1.1199958047855516,0.37402038838491375,1.4591900113288139
525368335,9811363528,16,重点词,836,1321,836,9811363528,22.95,53,54,0.7895,119.0,0,0.433,1.0189,525368335_9811363528,181497.5,100380,138303,0.5530654692213391,1.3777943813508666,3.3501942216481595,2.7815627886031566,1.8907813943015783,1.06594024673454,22.95,0.00012865797899225427,2026-09-12,9,5,0.6913910861079591,0.47473238356516473,1.0593965838726673,0.003548915676175488,0.0015100161598695819,0.007930504181403328,3.8815059007070216,3.516987404816089,4.0,9,5,0.1162520589302086,0.08775627945829563,0.15342108981065458,47.76,0.6921739130434782,0.003191194154102303,3.939922301359726,0.36566421067589727,0.2510773508750982,0.5602956465858339,0.3179202545289493,0.15662495326001413,0.3179202545289493,2.388,6.530581692930784,1840.1625422581208,6.961209861082709,0.7591935678151309,0.2510773508750982,0.5602956465858339,0.36566421067589727,537.4230334287837,6298.616835476468,4.26203561378943,9.511013206396074,4.543075293754102,10.1381717639213,0.37402038838491375,1.4591900113288139
525368335,9811363528,22,重点词,954,1336,954,9811363528,22.07,35,90,0.72,249.0,0,0.6306,2.5714,525368335_9811363528,181497.5,100380,138303,0.5530654692213391,1.3777943813508666,2.367860841050936,2.367860841050936,1.683930420525468,2.3493570942048123,22.07,0.00012372468829451207,2026-09-12,9,5,0.6913910861079591,0.47473238356516473,1.0593965838726673,0.003548915676175488,0.0015100161598695819,0.007930504181403328,3.8815059007070216,3.516987404816089,4.0,9,5,0.1162520589302086,0.08775627945829563,0.15342108981065458,47.76,0.6921739130434782,0.003191194154102303,3.939922301359726,0.410581742381144,0.2819192395235815,0.6291213526162703,0.28313986456390344,0.13949022568277405,0.28313986456390344,2.388,5.816137819842982,1638.8492572217947,13.66418464792102,0.6761379965786013,0.2819192395235815,0.6291213526162703,0.410581742381144,478.6290987468117,5609.549855133048,3.7957700689528964,8.470510930844975,8.917619339464776,19.90025494692005,0.3331026589304644,1.2995550182632982
525368335,9811363528,42,重点词,1672,1454,1672,9811363528,662.43,3390,507,0.9859,66.0,0,0.1954,0.1496,525368335_9811363528,181497.5,100380,138303,0.5530654692213391,1.3777943813508666,9.153802818302667,2.7815627886031566,1.8907813943015783,0.15244919218681782,662.43,0.003713590632847015,2026-09-12,9,5,0.6913910861079591,0.47473238356516473,1.0593965838726673,0.003548915676175488,0.0015100161598695819,0.007930504181403328,3.8815059007070216,3.516987404816089,4.0,9,5,0.1162520589302086,0.08775627945829563,0.15342108981065458,47.76,0.6921739130434782,0.003191194154102303,3.939922301359726,0.36566421067589727,0.2510773508750982,0.5602956465858339,0.3179202545289493,0.15662495326001413,0.3179202545289493,2.388,6.530581692930784,1840.1625422581208,0.9955819035973191,0.7591935678151309,0.2510773508750982,0.5602956465858339,0.36566421067589727,537.4230334287837,6298.616835476468,4.26203561378943,9.511013206396074,0.6497438863936469,1.4499462801932375,0.37402038838491375,1.4591900113288139
525368335,9811363528,45,重点词,1719,1465,1719,9811363528,49.34,66,98,0.7381,114.0,0,0.7476,1.4848,525368335_9811363528,181497.5,100380,138303,0.5530654692213391,1.3777943813508666,2.219422952362902,2.219422952362902,1.609711476181451,1.4732750682541478,49.34,0.0002766006398029554,2026-09-12,9,5,0.6913910861079591,0.47473238356516473,1.0593965838726673,0.003548915676175488,0.0015100161598695819,0.007930504181403328,3.8815059007070216,3.516987404816089,4.0,9,5,0.1162520589302086,0.08775627945829563,0.15342108981065458,47.76,0.6921739130434782,0.003191194154102303,3.939922301359726,0.4295124289901152,0.29491768592674905,0.6581282419541186,0.2706605236163818,0.13334221792052128,0.2706605236163818,2.388,5.5597925434072994,1566.617257415044,8.191103738867291,0.6463373303959197,0.29491768592674905,0.6581282419541186,0.4295124289901152,457.5336033460982,5362.309907794136,3.628472154468763,8.097174614997913,5.345737561033242,11.929365483576802,0.3184212163942048,1.2422773538201473
525368335,9811363528,48,重点词,1952,1486,1952,9811363528,23556.53,28520,31283,0.6368,210.0,0,0.826,1.0969,525368335_9811363528,181497.5,100380,138303,0.5530654692213391,1.3777943813508666,2.1886734247777966,2.1886734247777966,1.5943367123888983,1.0969581588281971,23556.53,0.1320581935455515,2026-09-12,9,5,0.6913910861079591,0.47473238356516473,1.0593965838726673,0.003548915676175488,0.0015100161598695819,0.007930504181403328,3.8815059007070216,3.516987404816089,4.0,9,5,0.1162520589302086,0.08775627945829563,0.15342108981065458,47.76,0.6921739130434782,0.003191194154102303,3.939922301359726,0.43365437221350994,0.29776168351153526,0.6644748098946456,0.26807537610383375,0.13206863247714334,0.26807537610383375,7.5685191884826475,17.452883386948265,4917.807290861438,19.14508282639,2.0289336280015684,0.29776168351153526,0.6644748098946456,0.43365437221350994,1436.2551412603505,16832.9607219577,11.390227403327236,25.418042708606073,12.494602880988321,27.882529330649,0.9995639790999219,3.899663813208106
525368335,9811363528,53,重点词,2206,1524,2206,9811363528,32.01,43,63,0.8378,162.0,0,0.7444,1.4651,525368335_9811363528,181497.5,100380,138303,0.5530654692213391,1.3777943813508666,2.1414644565276353,2.1414644565276353,1.5707322282638176,1.4514187264864105,32.01,0.00017944844913037294,2026-09-12,9,5,0.6913910861079591,0.47473238356516473,1.0593965838726673,0.003548915676175488,0.0015100161598695819,0.007930504181403328,3.8815059007070216,3.516987404816089,4.0,9,5,0.1162520589302086,0.08775627945829563,0.15342108981065458,47.76,0.6921739130434782,0.003191194154102303,3.939922301359726,0.44017119765357876,0.3022363551360388,0.6744603343649818,0.26410646482530803,0.1301133291121115,0.26410646482530803,2.388,5.425161875037974,1528.6815382676082,7.874181539650243,0.6306862380028355,0.3022363551360388,0.6744603343649818,0.44017119765357876,446.45440311713406,5232.4612918155,3.5406085107263587,7.901101106533473,5.138905495625398,11.467806105885183,0.31071062991972226,1.2121955424685342
525368335,9811363528,62,重点词,2557,1582,2557,9811363528,126.11,148,160,0.844,71.0,0,0.8521,1.0811,525368335_9811363528,181497.5,100380,138303,0.5530654692213391,1.3777943813508666,2.054553344232366,2.054553344232366,1.527276672116183,1.0962971477615828,126.11,0.0007069741930593981,2026-09-12,9,5,0.6913910861079591,0.47473238356516473,1.0593965838726673,0.003548915676175488,0.0015100161598695819,0.007930504181403328,3.8815059007070216,3.516987404816089,4.0,9,5,0.1162520589302086,0.08775627945829563,0.15342108981065458,47.76,0.6921739130434782,0.003191194154102303,3.939922301359726,0.4526953751935285,0.31083587684697567,0.6936507335012034,0.25679974945737083,0.12651364039557148,0.25679974945737083,2.388,5.275070457654054,1486.3893478976,5.783044696967527,0.6132378017042015,0.31083587684697567,0.6936507335012034,0.4526953751935285,434.1028870325244,5087.701089302725,3.442654760770691,7.682510861433189,3.774172594960743,8.422314745036585,0.30211457326462465,1.1786591888432707
525368335,9811363528,70,重点词,2742,1620,2742,9811363528,2201.88,6284,4228,0.9227,58.0,0,0.3504,0.6728,525368335_9811363528,181497.5,100380,138303,0.5530654692213391,1.3777943813508666,5.145020596980575,2.7815627886031566,1.8907813943015783,0.6737162039178015,2201.88,0.012343766047209798,2026-09-12,9,5,0.6913910861079591,0.47473238356516473,1.0593965838726673,0.003548915676175488,0.0015100161598695819,0.007930504181403328,3.8815059007070216,3.516987404816089,4.0,9,5,0.1162520589302086,0.08775627945829563,0.15342108981065458,47.76,0.6921739130434782,0.003191194154102303,3.939922301359726,0.36566421067589727,0.2510773508750982,0.5602956465858339,0.3179202545289493,0.15662495326001413,0.3179202545289493,2.388,6.530581692930784,1840.1625422581208,4.399758707536417,0.7591935678151309,0.2510773508750982,0.5602956465858339,0.36566421067589727,537.4230334287837,6298.616835476468,4.26203561378943,9.511013206396074,2.871402454684692,6.4077237128252404,0.37402038838491375,1.4591900113288139
525368335,9811363528,73,重点词,2843,1639,2843,9811363528,4124.08,5431,5542,0.7917,117.0,0,0.7594,1.0204,525368335_9811363528,181497.5,100380,138303,0.5530654692213391,1.3777943813508666,2.3783981017240894,2.3783981017240894,1.6891990508620447,1.0209638453853296,4124.08,0.023119642614482613,2026-09-12,9,5,0.6913910861079591,0.47473238356516473,1.0593965838726673,0.003548915676175488,0.0015100161598695819,0.007930504181403328,3.8815059007070216,3.516987404816089,4.0,9,5,0.1162520589302086,0.08775627945829563,0.15342108981065458,47.76,0.6921739130434782,0.003191194154102303,3.939922301359726,0.40930113343073643,0.281039930328457,0.6271591162285037,0.2840257439694611,0.1399266584627335,0.2840257439694611,2.388,5.834335175140938,1643.9768389843364,5.956645275678782,0.6782534765990732,0.281039930328457,0.6271591162285037,0.40930113343073643,480.126618928696,5627.100844283819,3.807646159017066,8.497013208084335,3.8874690643767438,8.675143279215717,0.3341448604090076,1.303621026519825
525368335,9811363528,74,重点词,2914,1653,2914,9811363528,4623.04,5627,3428,0.7333,205.0,0,0.8216,0.6092,525368335_9811363528,181497.5,100380,138303,0.5530654692213391,1.3777943813508666,2.1986703711962643,2.1986703711962643,1.5993351855981321,0.6102967799557776,4623.04,0.02591681844010245,2026-09-12,9,5,0.6913910861079591,0.47473238356516473,1.0593965838726673,0.003548915676175488,0.0015100161598695819,0.007930504181403328,3.8815059007070216,3.516987404816089,4.0,9,5,0.1162520589302086,0.08775627945829563,0.15342108981065458,47.76,0.6921739130434782,0.003191194154102303,3.939922301359726,0.4322990529651776,0.2968310757120125,0.6623980972921981,0.26891583067976993,0.1324826864947718,0.26891583067976993,2.388,5.523953808412245,1556.5187545862373,3.3712512218984476,0.6421710036632905,0.2968310757120125,0.6623980972921981,0.4322990529651776,454.5843160420069,5327.744156959663,3.6050828191715074,8.044979772659833,2.2001704360142678,4.909825250063659,0.3163686553495151,1.2342695642261436
525368335,9811363528,75,重点词,2919,1655,2919,9811363528,90.58,106,104,0.9079,95.0,0,0.8545,0.9811,525368335_9811363528,181497.5,100380,138303,0.5530654692213391,1.3777943813508666,2.024726739929226,2.024726739929226,1.512363369964613,1.0089680267614645,90.58,0.0005077925811380563,2026-09-12,9,5,0.6913910861079591,0.47473238356516473,1.0593965838726673,0.003548915676175488,0.0015100161598695819,0.007930504181403328,3.8815059007070216,3.516987404816089,4.0,9,5,0.1162520589302086,0.08775627945829563,0.15342108981065458,47.76,0.6921739130434782,0.003191194154102303,3.939922301359726,0.45715937045217947,0.3139010061955367,0.7004907715382286,0.2542921931474857,0.1252782806340032,0.2542921931474857,1.9834808115173672,4.338707548650906,1222.5445585471173,4.377617194057375,0.504383685626706,0.3139010061955367,0.7004907715382286,0.45715937045217947,357.04650544075906,4184.597589480163,2.831558804353386,6.318809982666345,2.8569522994874874,6.375477239691505,0.24848706573743318,0.969438713847114
525368335,9811363528,76,重点词,2961,1660,2961,9811363528,3144.54,4114,5321,0.9121,95.0,0,0.7644,1.2934,525368335_9811363528,181497.5,100380,138303,0.5530654692213391,1.3777943813508666,2.362050591688651,2.362050591688651,1.6810252958443255,1.2935522452816126,3144.54,0.01762832946667988,2026-09-12,9,5,0.6913910861079591,0.47473238356516473,1.0593965838726673,0.003548915676175488,0.0015100161598695819,0.007930504181403328,3.8815059007070216,3.516987404816089,4.0,9,5,0.1162520589302086,0.08775627945829563,0.15342108981065458,47.76,0.6921739130434782,0.003191194154102303,3.939922301359726,0.4112913040732652,0.28240644845663776,0.6302085914421449,0.28265139033792963,0.13924957648939307,0.28265139033792963,2.388,5.806103791522455,1636.0219067756043,7.5104985958619555,0.674971520126976,0.28240644845663776,0.6302085914421449,0.4112913040732652,477.80336557462493,5599.872233340836,3.7892215885781457,8.455897565549629,4.901556093774819,10.938145281788044,0.33252798865667066,1.297313019833885
525368335,9811363528,77,重点词,2978,1664,2978,9811363528,2698.76,4658,6365,0.9164,86.0,0,0.5794,1.3665,525368335_9811363528,181497.5,100380,138303,0.5530654692213391,1.3777943813508666,3.1144329443210412,2.7815627886031566,1.8907813943015783,1.3664857168990157,2698.76,0.01512928136754406,2026-09-12,9,5,0.6913910861079591,0.47473238356516473,1.0593965838726673,0.003548915676175488,0.0015100161598695819,0.007930504181403328,3.8815059007070216,3.516987404816089,4.0,9,5,0.1162520589302086,0.08775627945829563,0.15342108981065458,47.76,0.6921739130434782,0.003191194154102303,3.939922301359726,0.36566421067589727,0.2510773508750982,0.5602956465858339,0.3179202545289493,0.15662495326001413,0.3179202545289493,2.388,6.530581692930784,1840.1625422581208,8.923946606432109,0.7591935678151309,0.2510773508750982,0.5602956465858339,0.36566421067589727,537.4230334287837,6298.616835476468,4.26203561378943,9.511013206396074,5.8240107911581855,12.996663699778145,0.37402038838491375,1.4591900113288139
525368335,9811363528,100,重点词,4091,1834,4091,9811363528,44.79,64,337,0.4,581.0,0,0.6998,5.2656,525368335_9811363528,181497.5,100380,138303,0.5530654692213391,1.3777943813508666,2.3420751004272695,2.3420751004272695,1.6710375502136348,4.833643820150097,44.79,0.00025109328449076556,2026-09-12,9,5,0.6913910861079591,0.47473238356516473,1.0593965838726673,0.003548915676175488,0.0015100161598695819,0.007930504181403328,3.8815059007070216,3.516987404816089,4.0,9,5,0.1162520589302086,0.08775627945829563,0.15342108981065458,47.76,0.6921739130434782,0.003191194154102303,3.939922301359726,0.41374958092328196,0.28409438405766063,0.6339753309177452,0.2809720282272968,0.13842223061149603,0.2809720282272968,2.388,5.771607054371341,1626.3015470097475,27.897892770696735,0.6709612034067848,0.28409438405766063,0.6339753309177452,0.41374958092328196,474.9645156842368,5566.6008128754565,3.7667080776520465,8.40565718298509,18.206925221852266,40.62995289683615,0.3305522867002525,1.2896050855883292
525368335,9811363528,103,重点词,4352,1870,4352,9811363528,29.26,39,434,0.2927,677.0,0,0.7503,11.1282,525368335_9811363528,181497.5,100380,138303,0.5530654692213391,1.3777943813508666,2.1054679516871255,2.1054679516871255,1.5527339758435628,9.46856074576185,29.26,0.00016403191569992856,2026-09-12,9,5,0.6913910861079591,0.47473238356516473,1.0593965838726673,0.003548915676175488,0.0015100161598695819,0.007930504181403328,3.8815059007070216,3.516987404816089,4.0,9,5,0.1162520589302086,0.08775627945829563,0.15342108981065458,47.76,0.6921739130434782,0.003191194154102303,3.939922301359726,0.4452733674049626,0.30573967656452816,0.6822782268914563,0.26108019800897025,0.12862242410713304,0.26108019800897025,2.388,5.362997598345437,1511.1651241386794,50.77986853930869,0.6234595128454209,0.30573967656452816,0.6822782268914563,0.4452733674049626,441.33870045512253,5172.505076863826,3.50003840937446,7.81056625307183,33.14032629166176,73.95482102600815,0.30715034876783365,1.198305586584601
525368335,9811363528,146,重点词,6554,2211,6554,9811363528,22.07,120,24,0.5714,127.0,0,0.1839,0.2,525368335_9811363528,181497.5,100380,138303,0.5530654692213391,1.3777943813508666,7.468719033619804,2.7815627886031566,1.8907813943015783,0.2736121488344292,22.07,0.00012372468829451207,2026-09-12,9,5,0.6913910861079591,0.47473238356516473,1.0593965838726673,0.003548915676175488,0.0015100161598695819,0.007930504181403328,3.8815059007070216,3.516987404816089,4.0,9,5,0.1162520589302086,0.08775627945829563,0.15342108981065458,47.76,0.6921739130434782,0.003191194154102303,3.939922301359726,0.36566421067589727,0.2510773508750982,0.5602956465858339,0.3179202545289493,0.15662495326001413,0.3179202545289493,2.388,6.530581692930784,1840.1625422581208,1.7868464901415761,0.7591935678151309,0.2510773508750982,0.5602956465858339,0.36566421067589727,537.4230334287837,6298.616835476468,4.26203561378943,9.511013206396074,1.1661447226977912,2.602328760994664,0.37402038838491375,1.4591900113288139
525368335,9811363528,176,潜力词,5309,2031,5309,9811363528,4.65,10,5,1.0,200.0,0,0.465,0.5,525368335_9811363528,181497.5,100380,138303,0.5530654692213391,1.3777943813508666,2.056730294275929,2.056730294275929,1.5283651471379645,0.8901308361559407,4.65,2.6067956527842372e-05,2026-09-12,9,5,0.6913910861079591,0.47473238356516473,1.0593965838726673,0.003548915676175488,0.0015100161598695819,0.007930504181403328,3.8815059007070216,3.516987404816089,4.0,9,5,0.1162520589302086,0.08775627945829563,0.15342108981065458,47.76,0.6921739130434782,0.003191194154102303,3.939922301359726,0.45237297343679067,0.3106145049526643,0.6931567275375956,0.2569827681061771,0.126603805419368,0.2569827681061771,2.388,5.278829948344983,1487.4486829266532,4.698849315845341,0.613674850237551,0.3106145049526643,0.6931567275375956,0.45237297343679067,434.4122678788667,5091.32704369272,3.445108306866255,7.687986111157031,3.0665971378386367,6.8433135054794665,0.3023298873414508,1.1794992076228878
525368335,9811363528,188,潜力词,5624,2082,5624,9811363528,5.22,14,5,1.0,54.0,0,0.3729,0.3571,525368335_9811363528,181497.5,100380,138303,0.5530654692213391,1.3777943813508666,2.5130616608694187,2.5130616608694187,1.7565308304347094,0.7282888659457697,5.22,2.9263383457061755e-05,2026-09-12,9,5,0.6913910861079591,0.47473238356516473,1.0593965838726673,0.003548915676175488,0.0015100161598695819,0.007930504181403328,3.8815059007070216,3.516987404816089,4.0,9,5,0.1162520589302086,0.08775627945829563,0.15342108981065458,47.76,0.6921739130434782,0.003191194154102303,3.939922301359726,0.3936116999078532,0.27026703735548846,0.6031186959641841,0.29534706147562145,0.14550416036764177,0.29534706147562145,2.388,6.066892830063345,1709.50605301543,4.418450499021355,0.705288782803784,0.27026703735548846,0.6031186959641841,0.3936116999078532,499.2645527655508,5851.398101310525,3.959419623333663,8.835705690809082,2.8836012272811,6.43494607738993,0.34746393495792854,1.355583596330132
63563817,1841014603,2,黄金词,4048,38,4048,1841014603,2.81,2,23,0.0,477.0,0,1.405,11.5,63563817_1841014603,4767.6,4023,12090,0.8438207903347595,3.005219985085757,0.9595373977732911,0.9595373977732911,0.9797686988866455,4.704175988068606,2.81,0.0006002875398678513,2026-09-12,9,5,1.0510007817226648,0.7216525006776601,1.610415089486177,0.038830312660018525,0.016813495303224124,0.0836522717233962,3.530082015906811,3.1655635200158785,3.8348441707772856,9,5,0.1162520589302086,0.08775627945829563,0.15342108981065458,37.32,1.0366666666666666,0.04428044280442804,3.5461254612546127,1.0727029582767478,0.736553945331899,1.6436686447690796,0.1083730197938138,0.05339049311281629,0.1083730197938138,1.866,1.7395309536552883,44.79827316575767,8.18305974268729,0.20222405493525653,0.736553945331899,1.6436686447690796,1.0727029582767478,13.57124308211798,150.67773123057208,1.1352653139295943,2.5334193263456903,5.340487829874765,11.91765036270434,0.09962666014851519,0.3886799539953302
63563817,1841014603,4,黄金词,4675,42,4675,1841014603,1.45,1,3,0.0,42.0,0,1.45,3.0,63563817_1841014603,4767.6,4023,12090,0.8438207903347595,3.005219985085757,0.9721436127127064,0.9721436127127064,0.9860718063563532,3.004639986742895,1.45,0.00030975691559017237,2026-09-12,9,5,1.0510007817226648,0.7216525006776601,1.610415089486177,0.038830312660018525,0.016813495303224124,0.0836522717233962,3.530082015906811,3.1655635200158785,3.8348441707772856,9,5,0.1162520589302086,0.08775627945829563,0.15342108981065458,37.32,1.0366666666666666,0.04428044280442804,3.5461254612546127,1.065846092493235,0.7318457905659504,1.6331620872894064,0.10907021168344384,0.05373396807413438,0.10907021168344384,1.866,1.7507218097830985,45.086472136128904,5.260288755337187,0.2035250150013062,0.7318457905659504,1.6331620872894064,1.065846092493235,13.658550426944695,151.64708035788883,1.1425687716624868,2.549717473345015,3.4330078189408204,7.660983075309494,0.10026758442633477,0.3911804334698608
63563817,1841014603,7,黄金词,5801,63,5801,1841014603,0.5,1,2,0.0,32.0,0,0.5,2.0,63563817_1841014603,4767.6,4023,12090,0.8438207903347595,3.005219985085757,1.0800333828151678,1.0800333828151678,1.040016691407584,2.893528875631784,0.5,0.00010681272951385254,2026-09-12,9,5,1.0510007817226648,0.7216525006776601,1.610415089486177,0.038830312660018525,0.016813495303224124,0.0836522717233962,3.530082015906811,3.1655635200158785,3.8348441707772856,9,5,0.1162520589302086,0.08775627945829563,0.15342108981065458,37.32,1.0366666666666666,0.04428044280442804,3.5461254612546127,1.010561455797613,0.6938854987999837,1.5484511958232152,0.11503709968678105,0.05667358434996789,0.11503709968678105,1.866,1.8464982899305307,47.55301112555218,5.3428961207187005,0.21465922801553344,0.6938854987999837,1.5484511958232152,1.010561455797613,14.405766733098465,159.94321484376286,1.2050751131410145,2.689204491558174,3.4869196371787643,7.781290848802266,0.10575290839704009,0.4125806838185623
63563817,1841014603,1,重点词,9,1,9,1841014603,3424.41,3271,9750,0.6109,196.0,0,1.0469,2.9807,63563817_1841014603,4767.6,4023,12090,0.8438207903347595,3.005219985085757,1.131685203603477,1.131685203603477,1.0658426018017386,2.9807995608053326,3424.41,0.7315411581490635,2026-09-12,9,5,1.0510007817226648,0.7216525006776601,1.610415089486177,0.038830312660018525,0.016813495303224124,0.0836522717233962,3.530082015906811,3.1655635200158785,3.8348441707772856,9,5,0.1162520589302086,0.08775627945829563,0.15342108981065458,37.32,1.0366666666666666,0.04428044280442804,3.5461254612546127,0.9860750357942301,0.6770722989095695,1.5109314328061887,0.11789372482853078,0.05808091456229064,0.11789372482853078,32.76133922654766,33.22398198648258,855.6197390780095,99.03403091351154,3.8623563117887616,0.6770722989095695,1.5109314328061887,0.9860750357942301,259.2024791205953,2877.8529164135925,21.68287621477397,48.38676649348979,64.63230789799464,144.23125231258453,1.9028085445633358,7.423550447844868
63563817,1841014603,1,潜力词,1186,7,1186,1841014603,1.79,1,1,1.0,13.0,0,1.79,1.0,63563817_1841014603,4767.6,4023,12090,0.8438207903347595,3.005219985085757,0.93858738648709,0.93858738648709,0.969293693243545,2.7824177645206727,1.79,0.0003823895716595921,2026-09-12,9,5,1.0510007817226648,0.7216525006776601,1.610415089486177,0.038830312660018525,0.016813495303224124,0.0836522717233962,3.530082015906811,3.1655635200158785,3.8348441707772856,9,5,0.1162520589302086,0.08775627945829563,0.15342108981065458,37.32,1.0366666666666666,0.04428044280442804,3.5461254612546127,1.0842954917056187,0.7445137688483211,1.661431515248231,0.107214370823715,0.052819679085709496,0.107214370823715,1.866,1.7209330982873907,44.31932117969636,4.788354824226436,0.2000620159570522,0.7445137688483211,1.661431515248231,1.0842954917056187,13.426148787892602,149.06678970251207,1.1231278466035386,2.5063337685298848,3.1250108722175347,6.973667601375595,0.09856152117393392,0.3845244581970998
63563817,1841014603,4,潜力词,3169,30,3169,1841014603,5.66,4,4,1.0,7.0,0,1.415,1.0,63563817_1841014603,4767.6,4023,12090,0.8438207903347595,3.005219985085757,0.9329696084250255,0.9329696084250255,0.9664848042125127,2.3368133233905044,5.66,0.0012091200980968108,2026-09-12,9,5,1.0510007817226648,0.7216525006776601,1.610415089486177,0.038830312660018525,0.016813495303224124,0.0836522717233962,3.530082015906811,3.1655635200158785,3.8348441707772856,9,5,0.1162520589302086,0.08775627945829563,0.15342108981065458,37.32,1.0366666666666666,0.04428044280442804,3.5461254612546127,1.0874467732361455,0.7466775447811196,1.6662601237671146,0.10690367730298445,0.052666614417858394,0.10690367730298445,0.826660773452339,0.7601850442686676,19.57710335542544,1.776410539689223,0.08837307656418437,0.7466775447811196,1.6662601237671146,1.0874467732361455,5.930711380261585,65.84703626292188,0.4961174798946803,1.1071188349378656,1.1593339369848097,2.5871300440593767,0.043537424209782925,0.16985537820606952
63563817,1841014603,8,潜力词,6414,76,6414,1841014603,1.78,1,1,1.0,260.0,0,1.78,1.0,63563817_1841014603,4767.6,4023,12090,0.8438207903347595,3.005219985085757,0.9395412354570973,0.9395412354570973,0.9697706177285487,2.7824177645206727,1.78,0.000380253317069315,2026-09-12,9,5,1.0510007817226648,0.7216525006776601,1.610415089486177,0.038830312660018525,0.016813495303224124,0.0836522717233962,3.530082015906811,3.1655635200158785,3.8348441707772856,9,5,0.1162520589302086,0.08775627945829563,0.15342108981065458,37.32,1.0366666666666666,0.04428044280442804,3.5461254612546127,1.0837622449155841,0.74414762365966,1.6606144381422712,0.10726712383237122,0.052845668110936425,0.10726712383237122,1.866,1.721779854164735,44.34112774831089,4.790710852821771,0.20016045307120472,0.74414762365966,1.6606144381422712,1.0837622449155841,13.432754896176277,149.14013548243983,1.1236804625687187,2.5075669674562118,3.1265484806960098,6.977098875975395,0.09861001669500738,0.3847136569203302
63563817,2526158329,1,黄金词,934,81,934,2526158329,3.84,2,4,0.5,16.0,0,1.92,2.0,63563817_2526158329,149.2,87,216,0.5831099195710456,2.4827586206896552,0.9655365594513666,0.9655365594513666,0.9827682797256834,2.386206896551724,3.84,0.043961076130509445,2026-09-12,9,5,1.0591353393426954,0.7272379616501817,1.6228794135527305,0.03363802332169839,0.01450149811177074,0.0731208040920559,3.8233590501316397,3.458840554240707,3.9532366945492114,9,5,0.1162520589302086,0.08775627945829563,0.15342108981065458,1.79,0.895,0.0425531914893617,3.776595744680851,1.0777060688592108,0.7399892494018764,1.651334752079828,0.10786991211181117,0.053142634676444665,0.10786991211181117,0.09442839152833428,0.08761980122120867,2.604784484012443,0.2090789739485393,0.010185982295021113,0.7399892494018764,1.651334752079828,1.0777060688592108,0.7820355806883023,8.799627968030661,0.05718307048852653,0.12760778836268163,0.13645063716572536,0.3044985846447438,0.005018173514074552,0.01957772595892998
63563817,2526158329,2,黄金词,5236,95,5236,2526158329,7.11,5,36,0.5,1272.0,0,1.422,7.2,63563817_2526158329,149.2,87,216,0.5831099195710456,2.4827586206896552,1.096553239530531,1.096553239530531,1.0482766197652655,4.297082228116711,7.11,0.0813966800228964,2026-09-12,9,5,1.0591353393426954,0.7272379616501817,1.6228794135527305,0.03363802332169839,0.01450149811177074,0.0731208040920559,3.8233590501316397,3.458840554240707,3.9532366945492114,9,5,0.1162520589302086,0.08775627945829563,0.15342108981065458,1.79,0.895,0.0425531914893617,3.776595744680851,1.010358639478062,0.6937462382906412,1.5481404268237255,0.11506019188420351,0.056684960832876524,0.11506019188420351,0.17484006868918148,0.17304753169577644,5.144402512621816,0.7435994730693842,0.020117131852424544,0.6937462382906412,1.5481404268237255,1.010358639478062,1.544506208074197,17.37910698820712,0.11293553585955748,0.2520230871737472,0.485293284064942,1.0829639289694177,0.009910802445663693,0.0386656566916419
63563817,2526158329,3,黄金词,6207,100,6207,2526158329,2.68,2,3,0.0,19.0,0,1.34,1.5,63563817_2526158329,149.2,87,216,0.5831099195710456,2.4827586206896552,1.0698216999507693,1.0698216999507693,1.0349108499753847,2.2862068965517244,2.68,0.03068116771608472,2026-09-12,9,5,1.0591353393426954,0.7272379616501817,1.6228794135527305,0.03363802332169839,0.01450149811177074,0.0731208040920559,3.8233590501316397,3.458840554240707,3.9532366945492114,9,5,0.1162520589302086,0.08775627945829563,0.15342108981065458,1.79,0.895,0.0425531914893617,3.776595744680851,1.0234073199328104,0.7027059013512894,1.5681345051038267,0.11359314777799408,0.055962214448233995,0.11359314777799408,0.08950000000000001,0.087452960572801,2.599824601357862,0.19993556158540368,0.01016658672613047,0.7027059013512894,1.5681345051038267,1.0234073199328104,0.7805464729576134,8.782872216300225,0.05707418573387886,0.12736480486060142,0.1304833970398679,0.29118229525027156,0.005008618193116943,0.019540447165234825
63563817,2526158329,4,黄金词,6604,102,6604,2526158329,1.8,1,2,0.0,9.0,0,1.8,2.0,63563817_2526158329,149.2,87,216,0.5831099195710456,2.4827586206896552,0.9913734816161897,0.9913734816161897,0.9956867408080948,2.42911877394636,1.8,0.020606754436176305,2026-09-12,9,5,1.0591353393426954,0.7272379616501817,1.6228794135527305,0.03363802332169839,0.01450149811177074,0.0731208040920559,3.8233590501316397,3.458840554240707,3.9532366945492114,9,5,0.1162520589302086,0.08775627945829563,0.15342108981065458,1.79,0.895,0.0425531914893617,3.776595744680851,1.0637234543096417,0.7303883157668232,1.6299096362733614,0.10928785903818994,0.05384119309763841,0.10928785903818994,0.08950000000000001,0.08413840988218659,2.5012887671051893,0.2043821910548134,0.009781263383918,0.7303883157668232,1.6299096362733614,1.0637234543096417,0.7509630165022475,8.44999297494073,0.05491101961004018,0.12253755717057901,0.13338538863128535,0.2976582806365789,0.004818786782238638,0.018799845563845622
63563817,2526158329,1,重点词,770,79,770,2526158329,41.28,30,49,0.75,107.0,0,1.376,1.6333,63563817_2526158329,149.2,87,216,0.5831099195710456,2.4827586206896552,1.206085850467551,1.206085850467551,1.1030429252337755,1.8121597096188746,41.28,0.47258156840297655,2026-09-12,9,5,1.0591353393426954,0.7272379616501817,1.6228794135527305,0.03363802332169839,0.01450149811177074,0.0731208040920559,3.8233590501316397,3.458840554240707,3.9532366945492114,9,5,0.1162520589302086,0.08775627945829563,0.15342108981065458,1.79,0.895,0.0425531914893617,3.776595744680851,0.9601941276385283,0.659301596532205,1.4712749399202052,0.12107141210716973,0.05964641759143611,0.12107141210716973,1.0151052089295935,1.057187478771727,31.428347280138258,1.9157925545436831,0.12290022108244945,0.659301596532205,1.4712749399202052,0.9601941276385283,9.435746399040335,106.17299258834338,0.6899493639065503,1.5396674515409103,1.2502984389486214,2.7901233218940087,0.06054738919105653,0.23621745836139968
63563817,2526158329,2,重点词,2397,87,2397,2526158329,8.06,6,24,0.75,293.0,0,1.3433,4.0,63563817_2526158329,149.2,87,216,0.5831099195710456,2.4827586206896552,1.1383160776931631,1.1383160776931631,1.0691580388465816,3.133004926108374,8.06,0.0922724670864339,2026-09-12,9,5,1.0591353393426954,0.7272379616501817,1.6228794135527305,0.03363802332169839,0.01450149811177074,0.0731208040920559,3.8233590501316397,3.458840554240707,3.9532366945492114,9,5,0.1162520589302086,0.08775627945829563,0.15342108981065458,1.79,0.895,0.0425531914893617,3.776595744680851,0.9906256146053967,0.6801968794386407,1.517904140068487,0.11735216333621269,0.057814111670013706,0.11735216333621269,0.19820125930166002,0.20007685686646717,5.947937396708043,0.6268417781629217,0.023259346555011454,0.6801968794386407,1.517904140068487,0.9906256146053967,1.7857518364694094,20.09365327128444,0.13057561019150873,0.2913880749721072,0.4090940299596037,0.9129202742968482,0.011458829738403516,0.04470507602004941
63563817,2526158329,3,重点词,6545,101,6545,2526158329,14.84,6,37,0.5714,180.0,0,2.4733,6.1667,63563817_2526158329,149.2,87,216,0.5831099195710456,2.4827586206896552,0.8012949856949254,0.8012949856949254,0.9006474928474627,4.0615763546798025,14.84,0.16989124212936463,2026-09-12,9,5,1.0591353393426954,0.7272379616501817,1.6228794135527305,0.03363802332169839,0.01450149811177074,0.0731208040920559,3.8233590501316397,3.458840554240707,3.9532366945492114,9,5,0.1162520589302086,0.08775627945829563,0.15342108981065458,1.79,0.895,0.0425531914893617,3.776595744680851,1.1759710072518625,0.8074612625090044,1.8019029936139375,0.09885622877887024,0.048701999924141114,0.09885622877887024,0.12842507155123095,0.10920768518889652,3.246554773581226,0.4435553519125378,0.012695618254211267,0.8074612625090044,1.8019029936139375,1.1759710072518625,0.9747145543814767,10.967692091493713,0.07127191197660353,0.15904796615527897,0.2894763124369931,0.6459854585961946,0.006254557824945867,0.024401312299711004
63563817,2526158329,1,潜力词,1262,82,1262,2526158329,2.21,1,1,1.0,11.0,0,2.21,1.0,63563817_2526158329,149.2,87,216,0.5831099195710456,2.4827586206896552,0.9517957671602368,0.9517957671602368,0.9758978835801184,2.318007662835249,2.21,0.025300515168860907,2026-09-12,9,5,1.0591353393426954,0.7272379616501817,1.6228794135527305,0.03363802332169839,0.01450149811177074,0.0731208040920559,3.8233590501316397,3.458840554240707,3.9532366945492114,9,5,0.1162520589302086,0.08775627945829563,0.15342108981065458,1.79,0.895,0.0425531914893617,3.776595744680851,1.0852932024580453,0.7451988306217877,1.6629602757197666,0.10711580858233802,0.05277112192010284,0.10711580858233802,0.08950000000000001,0.08246619420198557,2.4515766997756465,0.19115727008506234,0.009586864868119254,0.7451988306217877,1.6629602757197666,1.0852932024580453,0.736037940865514,8.282052901315973,0.05381968607834748,0.12010217451001896,0.12475444474099703,0.27839776083740025,0.004723015411849205,0.01842620650195653
63563817,2526158329,2,潜力词,3286,90,3286,2526158329,1.9,1,1,1.0,19.0,0,1.9,1.0,63563817_2526158329,149.2,87,216,0.5831099195710456,2.4827586206896552,0.981419932603979,0.981419932603979,0.9907099663019895,2.318007662835249,1.9,0.021751574127074985,2026-09-12,9,5,1.0591353393426954,0.7272379616501817,1.6228794135527305,0.03363802332169839,0.01450149811177074,0.0731208040920559,3.8233590501316397,3.458840554240707,3.9532366945492114,9,5,0.1162520589302086,0.08775627945829563,0.15342108981065458,1.79,0.895,0.0425531914893617,3.776595744680851,1.0690670078712505,0.7340573794414662,1.6380973935393341,0.10874160185870128,0.05357207685233303,0.10874160185870128,0.08950000000000001,0.08371785803980085,2.488786491380966,0.19405863645241192,0.009732373366353766,0.7340573794414662,1.6380973935393341,1.0690670078712505,0.7472094528136086,8.407757091011693,0.05463655601491617,0.1219250735795331,0.126647955513503,0.2826232548491093,0.004794700878283807,0.018705877663816216
63563817,2526158329,3,潜力词,5700,96,5700,2526158329,3.63,2,1,1.0,3.0,0,1.815,0.5,63563817_2526158329,149.2,87,216,0.5831099195710456,2.4827586206896552,0.9828815275852234,0.9828815275852234,0.9914407637926117,2.086206896551724,3.63,0.041556954779622214,2026-09-12,9,5,1.0591353393426954,0.7272379616501817,1.6228794135527305,0.03363802332169839,0.01450149811177074,0.0731208040920559,3.8233590501316397,3.458840554240707,3.9532366945492114,9,5,0.1162520589302086,0.08775627945829563,0.15342108981065458,1.79,0.895,0.0425531914893617,3.776595744680851,1.068278991566907,0.733516300931827,1.636889941205002,0.10882181513248232,0.053611594310179186,0.10882181513248232,0.08950000000000001,0.083779612541781,2.490622345449725,0.17478160547509486,0.009739552454357168,0.733516300931827,1.636889941205002,1.068278991566907,0.7477606320806587,8.413959075439896,0.05467685868612174,0.12201501164500793,0.11406723967277121,0.2545485587766545,0.004798237690761038,0.018719676059836828
63563817,2874903000,1,黄金词,1307,116,1307,2874903000,0.81,1,0,0.0,0.0,0,0.81,0.0,63563817_2874903000,2847.9100000000003,2019,2179,0.7089409426561935,1.079247152055473,1.0677062829835837,1.0677062829835837,1.0338531414917917,0.9593308018270871,0.81,0.000409991648318275,2026-09-12,9,5,1.1132977221497937,0.7644276761348253,1.7058707110588194,0.021618662562761477,0.00929965847440242,0.04720564848904349,3.606371161385969,3.241852665495036,3.9111333162564432,9,5,0.1162520589302086,0.08775627945829563,0.15342108981065458,11.54,1.049090909090909,0.020484171322160148,3.625698324022346,1.0768431970360586,0.7393967725742936,1.650012601013471,0.1079563480088697,0.05318521773978814,0.1079563480088697,0.577,0.5358254587001666,24.785319496273342,0.5140338669341976,0.062290812801117826,0.7393967725742936,1.650012601013471,1.0768431970360586,7.407891010553832,83.91338933919495,0.34969429908934935,0.780365862284074,0.33547251233974673,0.7486290083834669,0.030687870635857758,0.11972458104265382
63563817,2874903000,2,黄金词,2499,129,2499,2874903000,1.08,1,0,0.0,0.0,0,1.08,0.0,63563817_2874903000,2847.9100000000003,2019,2179,0.7089409426561935,1.079247152055473,1.0361657253899768,1.0361657253899768,1.0180828626949885,0.9593308018270871,1.08,0.0005466555310910333,2026-09-12,9,5,1.1132977221497937,0.7644276761348253,1.7058707110588194,0.021618662562761477,0.00929965847440242,0.04720564848904349,3.606371161385969,3.241852665495036,3.9111333162564432,9,5,0.1162520589302086,0.08775627945829563,0.15342108981065458,11.54,1.049090909090909,0.020484171322160148,3.625698324022346,1.0935236835268596,0.7508501558618645,1.675571580237755,0.10630959409609637,0.0523739364485064,0.10630959409609637,0.577,0.5276520378041062,24.407247038167664,0.5061928525123096,0.061340635793447604,0.7508501558618645,1.675571580237755,1.0935236835268596,7.294891879590033,82.63338399650739,0.34436010183350485,0.7684622497516693,0.3303552526091936,0.7372095062281162,0.030219761330788193,0.11789831583524853
63563817,2874903000,3,黄金词,4345,150,4345,2874903000,0.56,1,0,0.0,0.0,0,0.56,0.0,63563817_2874903000,2847.9100000000003,2019,2179,0.7089409426561935,1.079247152055473,1.0986722424668662,1.0986722424668662,1.0493361212334331,0.9593308018270871,0.56,0.00028345101612127656,2026-09-12,9,5,1.1132977221497937,0.7644276761348253,1.7058707110588194,0.021618662562761477,0.00929965847440242,0.04720564848904349,3.606371161385969,3.241852665495036,3.9111333162564432,9,5,0.1162520589302086,0.08775627945829563,0.15342108981065458,11.54,1.049090909090909,0.020484171322160148,3.625698324022346,1.0609543497284526,0.7284869553868835,1.6256666253456218,0.1095731017644283,0.053981719308310444,0.1095731017644283,0.577,0.5438499782273205,25.15650432345022,0.5217320356864592,0.06322367971807513,0.7284869553868835,1.6256666253456218,1.0609543497284526,7.518831551179545,85.17007585979351,0.35493131925331123,0.7920526177350258,0.3404965470928249,0.7598404728609855,0.031147452040895123,0.12151757580028945
63563817,2874903000,4,黄金词,5351,166,5351,2874903000,4.07,3,6,0.75,558.0,0,1.3567,2.0,63563817_2874903000,2847.9100000000003,2019,2179,0.7089409426561935,1.079247152055473,1.0133276331568972,1.0133276331568972,1.0066638165784485,1.330361565131253,4.07,0.002060081492167135,2026-09-12,9,5,1.1132977221497937,0.7644276761348253,1.7058707110588194,0.021618662562761477,0.00929965847440242,0.04720564848904349,3.606371161385969,3.241852665495036,3.9111333162564432,9,5,0.1162520589302086,0.08775627945829563,0.15342108981065458,11.54,1.049090909090909,0.020484171322160148,3.625698324022346,1.105928020671075,0.7593673911247153,1.6945783517449813,0.10511720180456867,0.05178649861065979,0.10511720180456867,0.577,0.5217337740026493,24.133489871910246,0.694094560164,0.06065262544123612,0.7593673911247153,1.6945783517449813,1.105928020671075,7.21307073335474,81.70654939669488,0.340497681565351,0.7598430045111536,0.45298502857084333,1.010865928735492,0.029880809698350698,0.1165759418371033
63563817,2874903000,5,黄金词,5995,169,5995,2874903000,0.92,1,0,0.0,0.0,0,0.92,0.0,63563817_2874903000,2847.9100000000003,2019,2179,0.7089409426561935,1.079247152055473,1.0546274755082838,1.0546274755082838,1.027313737754142,0.9593308018270871,0.92,0.0004656695264849543,2026-09-12,9,5,1.1132977221497937,0.7644276761348253,1.7058707110588194,0.021618662562761477,0.00929965847440242,0.04720564848904349,3.606371161385969,3.241852665495036,3.9111333162564432,9,5,0.1162520589302086,0.08775627945829563,0.15342108981065458,11.54,1.049090909090909,0.020484171322160148,3.625698324022346,1.0836978823855947,0.7441034301809066,1.6605158174834713,0.10727349459638835,0.052848806698686655,0.10727349459638835,0.577,0.5324362161987647,24.6285455750577,0.5107824622077413,0.06189680638211608,0.7441034301809066,1.6605158174834713,1.0836978823855947,7.3610340748650565,83.38261421276664,0.3474823870539513,0.775429834881583,0.33335055699325733,0.7438937252575948,0.030493761465142197,0.1189672903392284
63563817,2874903000,1,重点词,431,109,431,2874903000,121.72,94,161,0.9146,114.0,0,1.2949,1.7128,63563817_2874903000,2847.9100000000003,2019,2179,0.7089409426561935,1.079247152055473,1.083773652535464,1.083773652535464,1.0418868262677319,1.663078208004351,121.72,0.06161010300407461,2026-09-12,9,5,1.1132977221497937,0.7644276761348253,1.7058707110588194,0.021618662562761477,0.00929965847440242,0.04720564848904349,3.606371161385969,3.241852665495036,3.9111333162564432,9,5,0.1162520589302086,0.08775627945829563,0.15342108981065458,11.54,1.049090909090909,0.020484171322160148,3.625698324022346,1.0685399739028003,0.7336955001851532,1.6372898361423995,0.10879523627516012,0.05359850010738308,0.10879523627516012,0.8531767064004251,0.7984509023880788,36.93340881148792,1.327886295923023,0.09282156135729717,0.7336955001851532,1.6372898361423995,1.0685399739028003,11.038738764891397,125.0420642625982,0.5210908218978414,1.1628484925764435,0.8666147902893765,1.9339079872145923,0.04572899178961993,0.17840548301575485
63563817,2874903000,2,重点词,2275,128,2275,2874903000,264.04,180,181,0.9463,87.0,0,1.4669,1.0056,63563817_2874903000,2847.9100000000003,2019,2179,0.7089409426561935,1.079247152055473,0.9627337427842334,0.9627337427842334,0.9813668713921166,1.0086913681725733,264.04,0.1336471541011819,2026-09-12,9,5,1.1132977221497937,0.7644276761348253,1.7058707110588194,0.021618662562761477,0.00929965847440242,0.04720564848904349,3.606371161385969,3.241852665495036,3.9111333162564432,9,5,0.1162520589302086,0.08775627945829563,0.15342108981065458,11.54,1.049090909090909,0.020484171322160148,3.625698324022346,1.1344358105043089,0.7789417988508696,1.7382599319242953,0.10247566045938661,0.0504851304724877,0.10247566045938661,1.6898135638903642,1.4895629600577969,68.9017165485341,1.5025093001598873,0.17316476101289496,0.7789417988508696,1.7382599319242953,1.1344358105043089,20.593497159008134,233.2742399284111,0.9721293880482537,2.1693707622100318,0.9805785224711594,2.188225562207215,0.08531045824718446,0.3328272265416335
63563817,2874903000,3,重点词,2561,130,2561,2874903000,402.98,281,248,0.9607,79.0,0,1.4341,0.8826,63563817_2874903000,2847.9100000000003,2019,2179,0.7089409426561935,1.079247152055473,0.9839088145876147,0.9839088145876147,0.9919544072938073,0.8880068415793902,402.98,0.20397337585098574,2026-09-12,9,5,1.1132977221497937,0.7644276761348253,1.7058707110588194,0.021618662562761477,0.00929965847440242,0.04720564848904349,3.606371161385969,3.241852665495036,3.9111333162564432,9,5,0.1162520589302086,0.08775627945829563,0.15342108981065458,11.54,1.049090909090909,0.020484171322160148,3.625698324022346,1.1223275121958762,0.7706278338137462,1.7197067713149006,0.10358122532589177,0.051029792358842974,0.10358122532589177,2.8246233087844503,2.5167549383672934,116.41584816178442,2.234895603848873,0.2925779434079681,0.7706278338137462,1.7197067713149006,1.1223275121958762,34.7946257143609,394.1384896620453,1.6425028707799543,3.6653533454738105,1.4585537865663885,3.2548588475866502,0.1441399409392185,0.5623425048037207
63563817,2874903000,6,重点词,4667,156,4667,2874903000,8.06,19,37,0.7059,196.0,0,0.4242,1.9474,63563817_2874903000,2847.9100000000003,2019,2179,0.7089409426561935,1.079247152055473,2.162564508140408,2.162564508140408,1.581282254070204,1.6901473043127326,8.06,0.00407966998203123,2026-09-12,9,5,1.1132977221497937,0.7644276761348253,1.7058707110588194,0.021618662562761477,0.00929965847440242,0.04720564848904349,3.606371161385969,3.241852665495036,3.9111333162564432,9,5,0.1162520589302086,0.08775627945829563,0.15342108981065458,11.54,1.049090909090909,0.020484171322160148,3.625698324022346,0.7040474395283808,0.48342266168307174,1.0787895119090383,0.16511963882445505,0.08134698983400489,0.16511963882445505,0.577,0.8195470469809735,37.90923904759296,1.3851552322123528,0.09527403160171057,0.48342266168307174,1.0787895119090383,0.7040474395283808,11.330397060236594,128.34584344299378,0.5348587408668204,1.1935725106289634,0.9039900590641589,2.0173133613413228,0.046937213134220813,0.18311919534873466
63563817,2874903000,7,重点词,4798,159,4798,2874903000,105.25,107,116,0.973,83.0,0,0.9836,1.0841,63563817_2874903000,2847.9100000000003,2019,2179,0.7089409426561935,1.079247152055473,1.4031361408250778,1.4031361408250778,1.2015680704125389,1.0837737149255982,105.25,0.05327360615493635,2026-09-12,9,5,1.1132977221497937,0.7644276761348253,1.7058707110588194,0.021618662562761477,0.00929965847440242,0.04720564848904349,3.606371161385969,3.241852665495036,3.9111333162564432,9,5,0.1162520589302086,0.08775627945829563,0.15342108981065458,11.54,1.049090909090909,0.020484171322160148,3.625698324022346,0.926537371925638,0.6361917355812988,1.4197037629945812,0.12546936848170517,0.06181309210112348,0.12546936848170517,0.7377328980335585,0.7962257329138445,36.83048063691771,0.8629285204793943,0.09256288082444877,0.6361917355812988,1.4197037629945812,0.926537371925638,11.007975364837348,124.6935897558249,0.5196386156485621,1.159607798676416,0.5631706729002371,1.2567524518282345,0.04560155157217709,0.17790829222586987
63563817,2874903000,8,重点词,4860,164,4860,2874903000,46.03,41,111,0.5625,173.0,0,1.1227,2.7073,63563817_2874903000,2847.9100000000003,2019,2179,0.7089409426561935,1.079247152055473,1.2182056559926036,1.2182056559926036,1.1091028279963018,2.4415097391110976,46.03,0.023298661200111356,2026-09-12,9,5,1.1132977221497937,0.7644276761348253,1.7058707110588194,0.021618662562761477,0.00929965847440242,0.04720564848904349,3.606371161385969,3.241852665495036,3.9111333162564432,9,5,0.1162520589302086,0.08775627945829563,0.15342108981065458,11.54,1.049090909090909,0.020484171322160148,3.625698324022346,1.0037822409677473,0.6892306617915992,1.538063620431511,0.11581402239008522,0.05705633908282363,0.11581402239008522,0.577,0.5748258700449949,26.589335412225843,1.403442960007865,0.06682469091907917,0.6892306617915992,1.538063620431511,1.0037822409677473,7.947079270309369,90.02108102951945,0.3751470305487883,0.8371653090710376,0.9159251286834751,2.0439472553428906,0.03292150765078923,0.12843881406935206
63563817,2874903000,10,重点词,6282,172,6282,2874903000,162.07,119,149,0.947,76.0,0,1.3619,1.2521,63563817_2874903000,2847.9100000000003,2019,2179,0.7089409426561935,1.079247152055473,1.0340093627088827,1.0340093627088827,1.0170046813544413,1.2412124190271163,162.07,0.08203376104067016,2026-09-12,9,5,1.1132977221497937,0.7644276761348253,1.7058707110588194,0.021618662562761477,0.00929965847440242,0.04720564848904349,3.606371161385969,3.241852665495036,3.9111333162564432,9,5,0.1162520589302086,0.08775627945829563,0.15342108981065458,11.54,1.049090909090909,0.020484171322160148,3.625698324022346,1.0946829867755474,0.7516461724805088,1.6773479437547425,0.10619700893738726,0.05231847082475521,0.10619700893738726,1.1360035228912002,1.0377465774245427,48.00234863798093,1.2880639397022273,0.12064017627338021,0.7516461724805088,1.6773479437547425,1.0946829867755474,14.347047937559832,162.51716146165936,0.6772617017959058,1.5113540978227469,0.8406256352005178,1.8759114757651167,0.05943396716920239,0.23187359277776448
63563817,2874903000,1,潜力词,193,106,193,2874903000,4.83,5,4,1.0,63.0,0,0.966,0.8,63563817_2874903000,2847.9100000000003,2019,2179,0.7089409426561935,1.079247152055473,1.1724417106533702,1.1724417106533702,1.086220855326685,0.9718444012649065,4.83,0.0024447650140460102,2026-09-12,9,5,1.1132977221497937,0.7644276761348253,1.7058707110588194,0.021618662562761477,0.00929965847440242,0.04720564848904349,3.606371161385969,3.241852665495036,3.9111333162564432,9,5,0.1162520589302086,0.08775627945829563,0.15342108981065458,11.54,1.049090909090909,0.020484171322160148,3.625698324022346,1.0249275887958949,0.7037497691065053,1.5704639647576757,0.11342465575229935,0.055879206035674,0.11342465575229935,0.577,0.5629666000872032,26.040769101827927,0.5471159383938881,0.06544602636907673,0.7037497691065053,1.5704639647576757,1.0249275887958949,7.783122560366596,88.16385024459021,0.3674073477318097,0.8198936970630493,0.3570627738767479,0.7968090991231097,0.032242301882583896,0.1257889845322997
63563817,2874903000,8,潜力词,2669,133,2669,2874903000,7.34,7,9,0.8571,23.0,0,1.0486,1.2857,63563817_2874903000,2847.9100000000003,2019,2179,0.7089409426561935,1.079247152055473,1.1645378643149817,1.1645378643149817,1.0822689321574908,1.175598481096252,7.34,0.0037152329613038743,2026-09-12,9,5,1.1132977221497937,0.7644276761348253,1.7058707110588194,0.021618662562761477,0.00929965847440242,0.04720564848904349,3.606371161385969,3.241852665495036,3.9111333162564432,9,5,0.1162520589302086,0.08775627945829563,0.15342108981065458,11.54,1.049090909090909,0.020484171322160148,3.625698324022346,1.0286701290874602,0.7063195231992362,1.576198540281652,0.11301199057207632,0.055675904535867925,0.11301199057207632,0.577,0.5609183971462847,25.94602674970636,0.6594148157041165,0.06520791856008804,0.7063195231992362,1.576198540281652,1.0286701290874602,7.7548057569981514,87.84308972820132,0.36607063466566553,0.8169107338085596,0.4303520820868974,0.9603590178565674,0.03212499691719579,0.12533133505893077
63563817,2874903000,10,潜力词,2959,140,2959,2874903000,1.27,2,2,1.0,25.0,0,0.635,1.0,63563817_2874903000,2847.9100000000003,2019,2179,0.7089409426561935,1.079247152055473,1.1662496741831487,1.1662496741831487,1.0831248370915745,1.0633977216443784,1.27,0.0006428264115607522,2026-09-12,9,5,1.1132977221497937,0.7644276761348253,1.7058707110588194,0.021618662562761477,0.00929965847440242,0.04720564848904349,3.606371161385969,3.241852665495036,3.9111333162564432,9,5,0.1162520589302086,0.08775627945829563,0.15342108981065458,11.54,1.049090909090909,0.020484171322160148,3.625698324022346,1.0278572552534573,0.7057613766733295,1.5749529995447735,0.1131013653267858,0.055719935441667666,0.1131013653267858,0.577,0.5613619955990082,25.966545986335163,0.5969510671377269,0.0652594877935554,0.7057613766733295,1.5749529995447735,1.0278572552534573,7.760938591742879,87.91255983095446,0.36636013910686654,0.8175567820383456,0.3895865372275594,0.8693880193344864,0.032150402749842245,0.12543045248241477
63563817,2874903000,13,潜力词,4363,152,4363,2874903000,0.15,1,1,1.0,15.0,0,0.15,1.0,63563817_2874903000,2847.9100000000003,2019,2179,0.7089409426561935,1.079247152055473,1.15353894397861,1.15353894397861,1.076769471989305,1.0704419129381981,0.15,7.592437931819907e-05,2026-09-12,9,5,1.1132977221497937,0.7644276761348253,1.7058707110588194,0.021618662562761477,0.00929965847440242,0.04720564848904349,3.606371161385969,3.241852665495036,3.9111333162564432,9,5,0.1162520589302086,0.08775627945829563,0.15342108981065458,11.54,1.049090909090909,0.020484171322160148,3.625698324022346,1.033923928111561,0.7099269583883763,1.5842487695228444,0.11243772947835765,0.05539299202657844,0.11243772947835765,0.25964999999999927,0.2511306614929052,11.616382871227295,0.2688207856859005,0.02919445645905548,0.7099269583883763,1.5842487695228444,1.033923928111561,3.471930158489782,39.32852504616757,0.1638947146401777,0.36574185123134006,0.17543977185989193,0.39150540687363355,0.014382790379701051,0.056112513405278494
63563817,4190988309,1,黄金词,2397,186,2397,4190988309,2.26,2,36,0.5,1490.0,0,1.13,18.0,63563817_4190988309,2478.0,1635,12179,0.6598062953995157,7.4489296636085625,1.0747279709835715,1.0747279709835715,1.0373639854917858,9.55914373088685,2.26,0.0009261384126151524,2026-09-12,9,5,1.0622542827980215,0.7293795331724399,1.62765847146692,0.005528853862366044,0.002356400399109286,0.012310614827471079,3.8362861130983084,3.4717676172073757,4.0,9,5,0.1162520589302086,0.08775627945829563,0.15342108981065458,5.81,0.9683333333333333,0.0044609665427509295,3.844981412639405,1.0239937935520635,0.7031085938718618,1.5690331399882673,0.1135280893910007,0.055930163118767424,0.1135280893910007,0.2905,0.2836931257095846,51.31138076204814,2.711863364122471,0.032979909968085704,0.7031085938718618,1.5690331399882673,1.0239937935520635,15.039530431457282,175.337432535389,0.18514586632770053,0.41316519600518814,1.7698359474060532,3.949505493213631,0.016247712386001933,0.06338825464294867
63563817,4190988309,2,黄金词,2706,188,2706,4190988309,0.48,2,0,0.0,0.0,0,0.24,0.0,63563817_4190988309,2478.0,1635,12179,0.6598062953995157,7.4489296636085625,1.298734503577337,1.298734503577337,1.1493672517886684,5.95914373088685,0.48,0.00019670196374127133,2026-09-12,9,5,1.0622542827980215,0.7293795331724399,1.62765847146692,0.005528853862366044,0.002356400399109286,0.012310614827471079,3.8362861130983084,3.4717676172073757,4.0,9,5,0.1162520589302086,0.08775627945829563,0.15342108981065458,5.81,0.9683333333333333,0.0044609665427509295,3.844981412639405,0.9242078901629744,0.6345922350209342,1.4161343721373,0.12578561616662756,0.06196889305486562,0.12578561616662756,0.2905,0.3143232200157622,56.851424877641676,1.873097246029097,0.03654072149640531,0.6345922350209342,1.4161343721373,0.9242078901629744,16.663335147500145,194.2684590822214,0.20513590074193525,0.45777427451569247,1.2224343168861305,2.7279426981414647,0.018001963432438463,0.0702322280834793
63563817,4190988309,3,重点词,2941,191,2941,4190988309,38.41,28,269,0.4138,643.0,0,1.3718,9.6071,63563817_4190988309,2478.0,1635,12179,0.6598062953995157,7.4489296636085625,1.08665154395753,1.08665154395753,1.043325771978765,9.127539925246346,38.41,0.01574025505687965,2026-09-12,9,5,1.0622542827980215,0.7293795331724399,1.62765847146692,0.005528853862366044,0.002356400399109286,0.012310614827471079,3.8362861130983084,3.4717676172073757,4.0,9,5,0.1162520589302086,0.08775627945829563,0.15342108981065458,5.81,0.9683333333333333,0.0044609665427509295,3.844981412639405,1.0181424741223029,0.6990908810669014,1.5600673492229693,0.11418054141236425,0.0562515967672837,0.11418054141236425,0.2905,0.2853235253253015,51.606270020528044,2.6043018690187263,0.033169447280291815,0.6990908810669014,1.5600673492229693,1.0181424741223029,15.12596341983047,176.34510616833816,0.18620990955595013,0.4155396785560414,1.699638383948446,3.7928550065443005,0.016341088860895914,0.06375255034363696
63563817,4190988309,6,重点词,4101,199,4101,4190988309,33.58,27,56,0.6538,97.0,0,1.2437,2.0741,63563817_4190988309,2478.0,1635,12179,0.6598062953995157,7.4489296636085625,1.1762992535406145,1.1762992535406145,1.0881496267703072,3.3026124945391,33.58,0.013760941546733105,2026-09-12,9,5,1.0622542827980215,0.7293795331724399,1.62765847146692,0.005528853862366044,0.002356400399109286,0.012310614827471079,3.8362861130983084,3.4717676172073757,4.0,9,5,0.1162520589302086,0.08775627945829563,0.15342108981065458,5.81,0.9683333333333333,0.0044609665427509295,3.844981412639405,0.9762024051332493,0.6702934185046606,1.4958039146674222,0.11908601978330556,0.05866830444671446,0.11908601978330556,0.2905,0.297581729436886,53.823402977328364,0.9827971377848136,0.03459448874705026,0.6702934185046606,1.4958039146674222,0.9762024051332493,15.775812207354202,183.92132794334248,0.19420994767525387,0.4333922905704021,0.6414001997560783,1.43132679387473,0.01704314244177055,0.06649151753484696
63563817,4190988309,7,重点词,4177,202,4177,4190988309,2053.55,1402,10918,0.4145,483.0,0,1.4647,7.7874,63563817_4190988309,2478.0,1635,12179,0.6598062953995157,7.4489296636085625,1.0345924083827065,1.0345924083827065,1.0172962041913531,7.785525842063028,2053.55,0.8415360784185162,2026-09-12,9,5,1.0622542827980215,0.7293795331724399,1.62765847146692,0.005528853862366044,0.002356400399109286,0.012310614827471079,3.8362861130983084,3.4717676172073757,4.0,9,5,0.1162520589302086,0.08775627945829563,0.15342108981065458,5.81,0.9683333333333333,0.0044609665427509295,3.844981412639405,1.0441936954265993,0.7169785261827673,1.5999848075327703,0.11133189123758737,0.05484819546106736,0.11133189123758737,5.228999999999999,5.007691602527557,905.7377400791963,38.98751238056031,0.5821544592813442,0.7169785261827673,1.5999848075327703,1.0441936954265993,265.47463939843294,3095.0196143104677,3.2681560320958867,7.293105454412254,25.444313243776694,56.78066098421743,0.28680121406592124,1.1189161869199573
63563817,4190988309,10,重点词,6083,217,6083,4190988309,22.89,16,84,0.4375,371.0,0,1.4306,5.25,63563817_4190988309,2478.0,1635,12179,0.6598062953995157,7.4489296636085625,1.0439270204976954,1.0439270204976954,1.0219635102488476,5.9829765545361875,22.89,0.009380224895911877,2026-09-12,9,5,1.0622542827980215,0.7293795331724399,1.62765847146692,0.005528853862366044,0.002356400399109286,0.012310614827471079,3.8362861130983084,3.4717676172073757,4.0,9,5,0.1162520589302086,0.08775627945829563,0.15342108981065458,5.81,0.9683333333333333,0.0044609665427509295,3.844981412639405,1.0394248641415418,0.7137040861613898,1.5926776789423587,0.11184267660002617,0.05509983634389319,0.11184267660002617,0.2905,0.27948148059737166,50.54962340382225,1.672131145841135,0.0324902975523076,0.7137040861613898,1.5926776789423587,1.0394248641415418,14.816256904214796,172.73441196913956,0.18239723193264742,0.4070314373039883,1.0912783622653288,2.435259546348928,0.01600650245790097,0.062447206698375
63563817,4190988310,1,黄金词,3180,258,3180,4190988310,3.89,3,14,0.6667,676.0,0,1.2967,4.6667,63563817_4190988310,4981.89,3283,7520,0.6589868503720475,2.2905878769418213,1.0554345512638328,1.0554345512638328,1.0277172756319164,2.938609365048597,3.89,0.0008100437090422951,2026-09-12,9,5,1.341765719074713,0.9213014902869356,2.055944960394305,0.021248697356106107,0.009155486987161184,0.04624070778355181,3.7600603397133883,3.3955418438224556,4.0,9,5,0.1162520589302086,0.08775627945829563,0.15342108981065458,19.07,1.362142857142857,0.01761006289308176,3.80188679245283,1.3055786361572024,0.8964542215371942,2.000496643524999,0.08904255608255135,0.0438672465371717,0.08904255608255135,0.9535,0.7303275142480126,34.3704605514626,2.1461472729218727,0.08490207722471271,0.8964542215371942,2.000496643524999,1.3055786361572024,10.30761994867517,116.1745853215691,0.4766316419905978,1.0636349041504725,1.400634206832061,3.1256074903291453,0.04182741957319322,0.1631840261554166
63563817,4190988310,2,黄金词,3501,261,3501,4190988310,1.01,1,0,0.0,0.0,0,1.01,0.0,63563817_4190988310,4981.89,3283,7520,0.6589868503720475,2.2905878769418213,1.055951594546226,1.055951594546226,1.027975797273113,2.0360781128371745,1.01,0.00021031983191072443,2026-09-12,9,5,1.341765719074713,0.9213014902869356,2.055944960394305,0.021248697356106107,0.009155486987161184,0.04624070778355181,3.7600603397133883,3.3955418438224556,4.0,9,5,0.1162520589302086,0.08775627945829563,0.15342108981065458,19.07,1.362142857142857,0.01761006289308176,3.80188679245283,1.3052503012561028,0.8962287757463262,1.9999935463928837,0.08906495468212791,0.04387828131574209,0.08906495468212791,0.9535,0.7305112276797813,34.37910641942758,1.4873779218606167,0.08492343428940896,0.8962287757463262,1.9999935463928837,1.3052503012561028,10.310212824059425,116.20380896621806,0.4767515383835604,1.0639024608487735,0.9707033725642195,2.166188514727797,0.04183794123456008,0.1632250749956561
63563817,4190988310,1,重点词,925,228,925,4190988310,109.28,74,122,0.9231,44.0,0,1.4768,1.6486,63563817_4190988310,4981.89,3283,7520,0.6589868503720475,2.2905878769418213,1.0256825569075831,1.0256825569075831,1.0128412784537915,1.7112768660431046,109.28,0.022756189337825708,2026-09-12,9,5,1.341765719074713,0.9213014902869356,2.055944960394305,0.021248697356106107,0.009155486987161184,0.04624070778355181,3.7600603397133883,3.3955418438224556,4.0,9,5,0.1162520589302086,0.08775627945829563,0.15342108981065458,19.07,1.362142857142857,0.01761006289308176,3.80188679245283,1.3247541817441122,0.9096207963535995,2.0298787224913672,0.08775368331138712,0.04323227712372301,0.08775368331138712,0.9535,0.7197561729864966,33.87295517104557,1.2317020880235106,0.08367313703740761,0.9096207963535995,2.0298787224913672,1.3247541817441122,10.158419260017489,114.4929819814376,0.4697324965452733,1.0482390066523317,0.8038423545665988,1.7938271621681392,0.04122197623746989,0.16082197078263874
63563817,4190988310,3,重点词,1186,231,1186,4190988310,55.07,39,57,0.8974,146.0,0,1.4121,1.4615,63563817_4190988310,4981.89,3283,7520,0.6589868503720475,2.2905878769418213,1.0651315941523276,1.0651315941523276,1.0325657970761637,1.6026532556496715,55.07,0.011467636775567915,2026-09-12,9,5,1.341765719074713,0.9213014902869356,2.055944960394305,0.021248697356106107,0.009155486987161184,0.04624070778355181,3.7600603397133883,3.3955418438224556,4.0,9,5,0.1162520589302086,0.08775627945829563,0.15342108981065458,19.07,1.362142857142857,0.01761006289308176,3.80188679245283,1.299448154174859,0.8922448263304028,1.991103100854168,0.08946263731778348,0.04407420159239813,0.08946263731778348,0.9535,0.7337730227532365,34.53261206821117,1.175983723823375,0.08530262468250654,0.8922448263304028,1.991103100854168,1.299448154174859,10.356248805604302,116.72266890599832,0.47888027475370604,1.068652876275591,0.7674790314004362,1.7126800113224614,0.04202475121835162,0.16395388890749177
63563817,4190988310,7,重点词,2892,253,2892,4190988310,148.25,104,175,0.82,140.0,0,1.4255,1.6827,63563817_4190988310,4981.89,3283,7520,0.6589868503720475,2.2905878769418213,1.0612118233226526,1.0612118233226526,1.0306059116613264,1.7261134197815586,148.25,0.030871203050262273,2026-09-12,9,5,1.341765719074713,0.9213014902869356,2.055944960394305,0.021248697356106107,0.009155486987161184,0.04624070778355181,3.7600603397133883,3.3955418438224556,4.0,9,5,0.1162520589302086,0.08775627945829563,0.15342108981065458,19.07,1.362142857142857,0.01761006289308176,3.80188679245283,1.3019192922266476,0.8939415928653144,1.994889547140422,0.08929283068797984,0.0439905455337565,0.08929283068797984,0.9535,0.7323802678806973,34.46706664445186,1.2641714087720846,0.08514071406098879,0.8939415928653144,1.994889547140422,1.3019192922266476,10.336591887813684,116.50112074217427,0.4779713249622248,1.0666244949446704,0.8250327182880685,1.8411148545917229,0.041944985166436834,0.16364269243315036
63563817,4190988310,8,重点词,2985,255,2985,4190988310,1810.51,1217,1985,0.8828,84.0,0,1.4877,1.6311,63563817_4190988310,4981.89,3283,7520,0.6589868503720475,2.2905878769418213,1.0199411248421582,1.0199411248421582,1.009970562421079,1.6353671045024774,1810.51,0.37701599888384724,2026-09-12,9,5,1.341765719074713,0.9213014902869356,2.055944960394305,0.021248697356106107,0.009155486987161184,0.04624070778355181,3.7600603397133883,3.3955418438224556,4.0,9,5,0.1162520589302086,0.08775627945829563,0.15342108981065458,19.07,1.362142857142857,0.01761006289308176,3.80188679245283,1.3285196311645577,0.912206280625063,2.03564840094531,0.08750496131419903,0.043109743027108,0.08750496131419903,7.198924999999999,5.418756961603604,255.0159603099834,8.861656882300327,0.6299416536288203,0.912206280625063,2.03564840094531,1.3285196311645577,76.4786842406708,861.9719655788355,3.5364284896433875,7.891773114154776,5.783358819388176,12.905946147085794,0.31034380682142343,1.2107644317120492
63563817,4190988310,11,重点词,4048,265,4048,4190988310,9.39,8,49,0.5,563.0,0,1.1738,6.125,63563817_4190988310,4981.89,3283,7520,0.6589868503720475,2.2905878769418213,1.1575843954311826,1.1575843954311826,1.0787921977155914,4.20779393847091,9.39,0.0019553497243977253,2026-09-12,9,5,1.341765719074713,0.9213014902869356,2.055944960394305,0.021248697356106107,0.009155486987161184,0.04624070778355181,3.7600603397133883,3.3955418438224556,4.0,9,5,0.1162520589302086,0.08775627945829563,0.15342108981065458,19.07,1.362142857142857,0.01761006289308176,3.80188679245283,1.243766614104166,0.8540120073521554,1.905784046962793,0.09346774355568323,0.046047336579478106,0.09346774355568323,0.9535,0.7666229252236095,36.07858460101367,3.225791297848742,0.08912149348034396,0.8540120073521554,1.905784046962793,1.243766614104166,10.819882317158768,121.94816530712883,0.5003190164801581,1.116494840577599,2.1052393248469365,4.697980222516466,0.04390613542853237,0.17129385520938828
63563817,4190988310,12,重点词,4403,268,4403,4190988310,25.77,19,160,0.4444,413.0,0,1.3563,8.4211,63563817_4190988310,4981.89,3283,7520,0.6589868503720475,2.2905878769418213,1.0905154681688172,1.0905154681688172,1.0452577340844087,6.604618630204984,25.77,0.005366279275583533,2026-09-12,9,5,1.341765719074713,0.9213014902869356,2.055944960394305,0.021248697356106107,0.009155486987161184,0.04624070778355181,3.7600603397133883,3.3955418438224556,4.0,9,5,0.1162520589302086,0.08775627945829563,0.15342108981065458,19.07,1.362142857142857,0.01761006289308176,3.80188679245283,1.283669735531811,0.8814108331797685,1.9669263315188055,0.0905622807115933,0.04461594623654903,0.0905622807115933,0.9535,0.7427923036644429,34.95707483691895,4.905859887155057,0.08635113465850422,0.8814108331797685,1.9669263315188055,1.283669735531811,10.483544187510844,118.15738305727473,0.484766503310642,1.081788383017898,3.2016978790647923,7.144799708419334,0.0425413047365495,0.16596915266711174
63563817,4190988310,13,重点词,4675,269,4675,4190988310,22.54,16,61,0.7059,172.0,0,1.4088,3.8125,63563817_4190988310,4981.89,3283,7520,0.6589868503720475,2.2905878769418213,1.0568527908675909,1.0568527908675909,1.0284263954337955,3.305195958980607,22.54,0.00469367228838389,2026-09-12,9,5,1.341765719074713,0.9213014902869356,2.055944960394305,0.021248697356106107,0.009155486987161184,0.04624070778355181,3.7600603397133883,3.3955418438224556,4.0,9,5,0.1162520589302086,0.08775627945829563,0.15342108981065458,19.07,1.362142857142857,0.01761006289308176,3.80188679245283,1.304678414548811,0.8958360990903252,1.9991172625699645,0.08910399500279258,0.04389751471881173,0.08910399500279258,0.9535,0.7308314365956173,34.394175998069024,2.415541110931826,0.08496065923516272,0.8958360990903252,1.9991172625699645,1.304678414548811,10.314732155105052,116.25474520686046,0.4769605154498183,1.06436880693715,1.5764479682580468,3.5179474795536776,0.04185628028438699,0.16329662232076375
63563817,4190988310,17,重点词,5010,275,5010,4190988310,63.52,44,78,0.8444,114.0,0,1.4436,1.7727,63563817_4190988310,4981.89,3283,7520,0.6589868503720475,2.2905878769418213,1.0453920417925089,1.0453920417925089,1.0226960208962543,1.8523981349141263,63.52,0.013227243290068531,2026-09-12,9,5,1.341765719074713,0.9213014902869356,2.055944960394305,0.021248697356106107,0.009155486987161184,0.04624070778355181,3.7600603397133883,3.3955418438224556,4.0,9,5,0.1162520589302086,0.08775627945829563,0.15342108981065458,19.07,1.362142857142857,0.01761006289308176,3.80188679245283,1.3119887939906496,0.9008556515938527,2.0103187246123713,0.08860750904480447,0.04365291850684859,0.08860750904480447,0.9535,0.726759256151692,34.202532229244994,1.3462474906269721,0.08448725987422107,0.9008556515938527,2.0103187246123713,1.3119887939906496,10.257258641428617,115.6069757264586,0.4743028994986123,1.0584381618886505,0.8785978064155917,1.9606488770044723,0.04162305779628013,0.1623867362941428
63563817,4190988310,18,重点词,5134,276,5134,4190988310,168.35,129,782,0.6371,296.0,0,1.305,6.062,63563817_4190988310,4981.89,3283,7520,0.6589868503720475,2.2905878769418213,1.1553485866272917,1.1553485866272917,1.0776742933136458,5.841786153398063,168.35,0.03505677594274303,2026-09-12,9,5,1.341765719074713,0.9213014902869356,2.055944960394305,0.021248697356106107,0.009155486987161184,0.04624070778355181,3.7600603397133883,3.3955418438224556,4.0,9,5,0.1162520589302086,0.08775627945829563,0.15342108981065458,19.07,1.362142857142857,0.01761006289308176,3.80188679245283,1.2450568111344993,0.8548979000455758,1.9077609748606519,0.09337088708769795,0.04599961977139489,0.09337088708769795,0.9535,0.7658285079627556,36.04119796749254,4.473806373694324,0.08902914083811998,0.8548979000455758,1.9077609748606519,1.2450568111344993,10.808670154059614,121.82179584404344,0.49980055812266855,1.115337866602746,2.919727979901629,6.515565305480457,0.04386063745202503,0.17111635100128378
63563817,4190988310,19,重点词,5267,277,5267,4190988310,110.96,83,183,0.8214,167.0,0,1.3369,2.2048,63563817_4190988310,4981.89,3283,7520,0.6589868503720475,2.2905878769418213,1.1259529481628652,1.1259529481628652,1.0629764740814327,2.2123593737970833,110.96,0.02310602826615246,2026-09-12,9,5,1.341765719074713,0.9213014902869356,2.055944960394305,0.021248697356106107,0.009155486987161184,0.04624070778355181,3.7600603397133883,3.3955418438224556,4.0,9,5,0.1162520589302086,0.08775627945829563,0.15342108981065458,19.07,1.362142857142857,0.01761006289308176,3.80188679245283,1.2622722626426846,0.8667186083145209,1.9341396639760466,0.09209745184990763,0.04537225573353551,0.09209745184990763,0.9535,0.7553837854313292,35.5496514808358,1.6711803985133258,0.08781492033888694,0.8667186083145209,1.9341396639760466,1.2622722626426846,10.661256523567873,120.16033398588421,0.4929840475117875,1.1001263741807046,1.0906578786451298,2.4338748962800794,0.043262445841926116,0.16878258725624767
63563817,4190988310,22,重点词,6325,291,6325,4190988310,83.51,64,118,0.9153,94.0,0,1.3048,1.8438,63563817_4190988310,4981.89,3283,7520,0.6589868503720475,2.2905878769418213,1.1486161581543421,1.1486161581543421,1.074308079077171,1.8933986529935356,83.51,0.017389910062242178,2026-09-12,9,5,1.341765719074713,0.9213014902869356,2.055944960394305,0.021248697356106107,0.009155486987161184,0.04624070778355181,3.7600603397133883,3.3955418438224556,4.0,9,5,0.1162520589302086,0.08775627945829563,0.15342108981065458,19.07,1.362142857142857,0.01761006289308176,3.80188679245283,1.24895804584034,0.8575766190628783,1.913738712791175,0.09307923458068633,0.045855935751178745,0.09307923458068633,0.9535,0.7634363725632224,35.92861998873726,1.4454893994574762,0.08875105017268442,0.8575766190628783,1.913738712791175,1.24895804584034,10.77490828409974,121.44127432095667,0.4982393853596277,1.1118540067497904,0.9433657811082462,2.1051828787055187,0.043723634738748934,0.17058185342589574
63563817,4190988310,1,潜力词,228,224,228,4190988310,4.64,4,3,1.0,62.0,0,1.16,0.75,63563817_4190988310,4981.89,3283,7520,0.6589868503720475,2.2905878769418213,1.1125924291446512,1.1125924291446512,1.0562962145723256,1.7770585846278808,4.64,0.0009662218020453083,2026-09-12,9,5,1.341765719074713,0.9213014902869356,2.055944960394305,0.021248697356106107,0.009155486987161184,0.04624070778355181,3.7600603397133883,3.3955418438224556,4.0,9,5,0.1162520589302086,0.08775627945829563,0.15342108981065458,19.07,1.362142857142857,0.01761006289308176,3.80188679245283,1.270255161917785,0.8721999355644319,1.9463716067814543,0.09151866681233986,0.04508711448139678,0.09151866681233986,0.9535,0.7506365875029709,35.326240235958046,1.3339251917579318,0.08726304880556605,0.8721999355644319,1.9463716067814543,1.270255161917785,10.594256018846318,119.40518819169309,0.48988589675160754,1.0932126466885783,0.8705559383105719,1.9427029186217044,0.04299056365801183,0.16772187564975177
63563817,4190988310,3,潜力词,1583,236,1583,4190988310,0.48,1,1,1.0,120.0,0,0.48,1.0,63563817_4190988310,4981.89,3283,7520,0.6589868503720475,2.2905878769418213,1.121484890226495,1.121484890226495,1.0607424451132474,2.1471892239482857,0.48,9.995397952192844e-05,2026-09-12,9,5,1.341765719074713,0.9213014902869356,2.055944960394305,0.021248697356106107,0.009155486987161184,0.04624070778355181,3.7600603397133883,3.3955418438224556,4.0,9,5,0.1162520589302086,0.08775627945829563,0.15342108981065458,19.07,1.362142857142857,0.01761006289308176,3.80188679245283,1.2649307334274371,0.8685440038072345,1.9382131542542427,0.09190389312086186,0.0452768980881575,0.09190389312086186,0.9535,0.7537962157156313,35.47493773772525,1.6185431114376008,0.08763036209074179,0.8685440038072345,1.9382131542542427,1.2649307334274371,10.6388500484561,119.9077962548086,0.49194795624368454,1.0978142682700747,1.0563053503898223,2.357214966726177,0.04317152232705817,0.16842786144768115
63563817,4190988310,7,潜力词,4155,267,4155,4190988310,5.39,4,6,0.6667,30.0,0,1.3475,1.5,63563817_4190988310,4981.89,3283,7520,0.6589868503720475,2.2905878769418213,1.050551959117998,1.050551959117998,1.025275979558999,2.027058584627881,5.39,0.0011223998950483213,2026-09-12,9,5,1.341765719074713,0.9213014902869356,2.055944960394305,0.021248697356106107,0.009155486987161184,0.04624070778355181,3.7600603397133883,3.3955418438224556,4.0,9,5,0.1162520589302086,0.08775627945829563,0.15342108981065458,19.07,1.362142857142857,0.01761006289308176,3.80188679245283,1.3086873640128052,0.898588778684949,2.005260048400458,0.08883103950338983,0.043763041869954195,0.08883103950338983,0.4290749999999992,0.32786669436796123,15.429966782116374,0.6646049974321415,0.03811517827491692,0.898588778684949,2.005260048400458,1.3086873640128052,4.627410597905703,52.15437802335979,0.2139747412522684,0.4774987293163558,0.4337393361489402,0.9679178984096238,0.018777627190350563,0.07325837543491806
63563817,4190988310,10,潜力词,6364,293,6364,4190988310,0.9,1,1,1.0,7.0,0,0.9,1.0,63563817_4190988310,4981.89,3283,7520,0.6589868503720475,2.2905878769418213,1.0689152859971283,1.0689152859971283,1.0344576429985641,2.1471892239482857,0.9,0.00018741371160361584,2026-09-12,9,5,1.341765719074713,0.9213014902869356,2.055944960394305,0.021248697356106107,0.009155486987161184,0.04624070778355181,3.7600603397133883,3.3955418438224556,4.0,9,5,0.1162520589302086,0.08775627945829563,0.15342108981065458,19.07,1.362142857142857,0.01761006289308176,3.80188679245283,1.2970716859758127,0.8906130633018238,1.9874617141739837,0.0896265489310638,0.04415495344259668,0.0896265489310638,0.9535,0.7351174266691846,34.59588201334791,1.5784362168806672,0.08545891440576935,0.8906130633018238,1.9874617141739837,1.2970716859758127,10.375223312729878,116.93652579129008,0.47975766939303666,1.0706108402059944,1.0301304978272725,2.2988040591325314,0.04210174810751593,0.16425428186750424
495403620,8878077181,1,重点词,1048,295,1048,8878077181,1263.59,2840,29775,0.082,670.0,0,0.4449,10.4842,495403620_8878077181,124225.7,168752,1694374,1.358430662898257,10.040615814923674,1.6503815856832873,1.6503815856832873,1.3251907928416435,10.482909033187987,1263.59,0.010171727750376934,2026-09-13,9,6,0.6601612211025889,0.4532889074337663,1.011544054434173,0.6372636241088608,0.40340412967396194,0.835436776762645,1.3681427570006786,1.003624261109746,1.672904911871153,9,6,0.11179948718100376,0.08439512496067153,0.14754490648530594,687.78,0.696838905775076,0.6975265017667844,1.1908127208480566,0.4981631510486024,0.3420555816432789,0.7633195611517123,0.22442343827654213,0.11056329387567958,0.22442343827654213,34.389,69.03160124873408,108.32503007725688,723.6519963057856,7.717697618892008,0.3420555816432789,0.7633195611517123,0.4981631510486024,53.92616866984793,249.21978999019709,45.05190453669649,100.53629247852302,472.2750170300585,1053.9128085863385,3.802161113090745,14.833617872123046
495403620,8878077181,3,重点词,3989,297,3989,8878077181,75197.1,124758,1230619,0.0814,631.0,0,0.6027,9.864,495403620_8878077181,124225.7,168752,1694374,1.358430662898257,10.040615814923674,1.2212973113764143,1.2212973113764143,1.1106486556882071,9.864060119956713,75197.1,0.6053264340631609,2026-09-13,9,6,0.6601612211025889,0.4532889074337663,1.011544054434173,0.6372636241088608,0.40340412967396194,0.835436776762645,1.3681427570006786,1.003624261109746,1.672904911871153,9,6,0.11179948718100376,0.08439512496067153,0.14754490648530594,687.78,0.696838905775076,0.6975265017667844,1.1908127208480566,0.5943924910200551,0.4081298843808427,0.9107687199309447,0.18809034244214837,0.09266361823127879,0.18809034244214837,499.5976977839529,840.518185091097,1318.9489456054614,8290.921909655486,93.96950205949265,0.4081298843808427,0.9107687199309447,0.5943924910200551,656.5967556797501,3034.4619244245946,548.5450771979004,1224.1144716512792,5410.881619986386,12074.738742077267,46.294530336678015,180.61185524709768
495403620,8878077181,4,重点词,5778,298,5778,8878077181,46615.59,40349,425786,0.0839,653.0,0,1.1553,10.5526,495403620_8878077181,124225.7,168752,1694374,1.358430662898257,10.040615814923674,0.6372456247369999,0.6372456247369999,0.8186228123685,10.552477263585486,46615.59,0.3752491634178757,2026-09-13,9,6,0.6601612211025889,0.4532889074337663,1.011544054434173,0.6372636241088608,0.40340412967396194,0.835436776762645,1.3681427570006786,1.003624261109746,1.672904911871153,9,6,0.11179948718100376,0.08439512496067153,0.14754490648530594,687.78,0.696838905775076,0.6975265017667844,1.1908127208480566,0.8064290551500289,0.553721323893085,1.2356656071035927,0.13863524195591448,0.06829932343791148,0.13863524195591448,256.960302216047,318.6396876142339,500.01235840161826,3362.4380588251847,35.623753670786584,0.553721323893085,1.2356656071035927,0.8064290551500289,248.91523922904716,1150.361784940019,207.95294514861786,464.06069466391375,2194.4187255764296,4896.989929364636,17.550214791757277,68.46979179769326
495403620,9628223555,4,黄金词,652,343,652,9628223555,2.01,4,7,0.5,63.0,0,0.5025,1.75,495403620_9628223555,91605.25,72103,210914,0.7871055425316781,2.9251764836414575,1.3050556703191387,1.3050556703191387,1.1525278351595694,2.533450989094305,2.01,2.2223698888118487e-05,2026-09-13,9,6,0.8369529306495307,0.574680043874705,1.282436371263658,0.011796398968177033,0.005039662605469295,0.02613264478318525,3.7420125930223964,3.3774940971314638,4.0,9,6,0.11179948718100376,0.08439512496067153,0.14754490648530594,58.52,0.8360000000000001,0.012669683257918552,3.801266968325792,0.7261889085166027,0.49862573930384907,1.1127161810249055,0.15395372453343897,0.07584604807574245,0.15395372453343897,2.926,4.029254599849212,341.5664908179921,10.207919051300763,0.4504685979848424,0.49862573930384907,1.1127161810249055,0.7261889085166027,100.62515283735925,1164.3891936007149,2.6296013753524345,5.86812867720207,6.66196620531037,14.866616401390239,0.22192553666962245,0.8658124969215214
495403620,9628223555,9,黄金词,1439,385,1439,9628223555,5.2,9,3,0.5,99.0,0,0.5778,0.3333,495403620_9628223555,91605.25,72103,210914,0.7871055425316781,2.9251764836414575,1.4701582843330228,1.4701582843330228,1.2350791421665113,1.55302422759598,5.2,5.749414637722197e-05,2026-09-13,9,6,0.8369529306495307,0.574680043874705,1.282436371263658,0.011796398968177033,0.005039662605469295,0.02613264478318525,3.7420125930223964,3.3774940971314638,4.0,9,6,0.11179948718100376,0.08439512496067153,0.14754490648530594,58.52,0.8360000000000001,0.012669683257918552,3.801266968325792,0.6776512549482389,0.46529815317472795,1.0383434773370677,0.1649808605306034,0.08127862003535766,0.1649808605306034,2.926,4.317855207430402,366.0316355083119,6.705733748390881,0.48273399791254556,0.46529815317472795,1.0383434773370677,0.6776512549482389,107.83256044270114,1247.7900858517814,2.817949998110462,6.288441035142544,4.376344619219593,9.766101281385113,0.23782124222345652,0.9278274444684671
495403620,9628223555,11,黄金词,1531,391,1531,9628223555,3.87,9,16,0.5714,63.0,0,0.43,1.7778,495403620_9628223555,91605.25,72103,210914,0.7871055425316781,2.9251764836414575,1.6340569027875846,1.6340569027875846,1.3170284513937922,2.3177301099489216,3.87,4.278891278458635e-05,2026-09-13,9,6,0.8369529306495307,0.574680043874705,1.282436371263658,0.011796398968177033,0.005039662605469295,0.02613264478318525,3.7420125930223964,3.3774940971314638,4.0,9,6,0.11179948718100376,0.08439512496067153,0.14754490648530594,58.52,0.8360000000000001,0.012669683257918552,3.801266968325792,0.6354858391736302,0.43634595992708386,0.9737347510651528,0.17592758215727514,0.08667157546585767,0.17592758215727514,2.926,4.604351221743818,390.31837039124457,10.671643463415752,0.514764105392187,0.43634595992708386,0.9737347510651528,0.6354858391736302,114.98740869395351,1330.582784801285,3.0049251059380344,6.705688304044234,6.9646053961740355,15.54197569021564,0.25360102981309957,0.9893901537398162
495403620,9628223555,22,黄金词,3973,511,3973,9628223555,4.8,7,35,0.8,77.0,0,0.6857,5.0,495403620_9628223555,91605.25,72103,210914,0.7871055425316781,2.9251764836414575,1.318300431586238,1.318300431586238,1.159150215793119,3.893427457942111,4.8,5.307151973282027e-05,2026-09-13,9,6,0.8369529306495307,0.574680043874705,1.282436371263658,0.011796398968177033,0.005039662605469295,0.02613264478318525,3.7420125930223964,3.3774940971314638,4.0,9,6,0.11179948718100376,0.08439512496067153,0.14754490648530594,58.52,0.8360000000000001,0.012669683257918552,3.801266968325792,0.7220400938948771,0.4957770235857608,1.1063590842591384,0.15483833671607827,0.0762818565521933,0.15483833671607827,2.926,4.05240654188104,343.52911874319915,15.777750900903877,0.4530569732312451,0.4957770235857608,1.1063590842591384,0.7220400938948771,101.20334109717325,1171.0797291438746,2.644710963763962,5.901846718989495,10.296990284639152,22.97841206827926,0.2232007122717176,0.8707874222439148
495403620,9628223555,26,黄金词,5495,590,5495,9628223555,1.56,9,18,0.625,174.0,0,0.1733,2.0,495403620_9628223555,91605.25,72103,210914,0.7871055425316781,2.9251764836414575,2.026434391918491,2.026434391918491,1.5132171959592455,2.435377168772451,1.56,1.724824391316659e-05,2026-09-13,9,6,0.8369529306495307,0.574680043874705,1.282436371263658,0.011796398968177033,0.005039662605469295,0.02613264478318525,3.7420125930223964,3.3774940971314638,4.0,9,6,0.11179948718100376,0.08439512496067153,0.14754490648530594,58.52,0.8360000000000001,0.012669683257918552,3.801266968325792,0.5530950433846853,0.3797736672628867,0.847489953648529,0.20213431401742948,0.09958244885068204,0.20213431401742948,2.926,5.290230015612211,448.46143555194976,12.883705397576707,0.5914450028149987,0.3797736672628867,0.847489953648529,0.5530950433846853,132.11629860413527,1528.7906259563554,3.4525483014911003,7.70458894922424,8.40825730753553,18.763580021717242,0.29137824533709566,1.136772856021012
495403620,9628223555,34,黄金词,6106,628,6106,9628223555,1.1,3,9,0.0,47.0,0,0.3667,3.0,495403620_9628223555,91605.25,72103,210914,0.7871055425316781,2.9251764836414575,1.296007963983111,1.296007963983111,1.1480039819915555,2.9455828971937876,1.1,1.2162223272104648e-05,2026-09-13,9,6,0.8369529306495307,0.574680043874705,1.282436371263658,0.011796398968177033,0.005039662605469295,0.02613264478318525,3.7420125930223964,3.3774940971314638,4.0,9,6,0.11179948718100376,0.08439512496067153,0.14754490648530594,58.52,0.8360000000000001,0.012669683257918552,3.801266968325792,0.729050546669347,0.5005906363475768,1.1171009782029582,0.15334943193137637,0.0755483403984079,0.15334943193137637,2.926,4.013439141315199,340.2257885768524,11.82191769358617,0.4487004378312073,0.5005906363475768,1.1171009782029582,0.729050546669347,100.23018327345093,1159.8187827337686,2.619279776038649,5.84509534846429,7.715305711265019,17.217212890903376,0.22105444400574153,0.8624140465868604
495403620,9628223555,8,重点词,700,345,700,9628223555,111.9,117,191,0.6778,186.0,0,0.9564,1.6325,495403620_9628223555,91605.25,72103,210914,0.7871055425316781,2.9251764836414575,1.3063178147159593,1.3063178147159593,1.1531589073579798,1.7152112949530534,111.9,0.0012372298037713727,2026-09-13,9,6,0.8369529306495307,0.574680043874705,1.282436371263658,0.011796398968177033,0.005039662605469295,0.02613264478318525,3.7420125930223964,3.3774940971314638,4.0,9,6,0.11179948718100376,0.08439512496067153,0.14754490648530594,58.52,0.8360000000000001,0.012669683257918552,3.801266968325792,0.7257914978665746,0.4983528637795144,1.11210724131843,0.15403802264098213,0.07588757794672667,0.15403802264098213,2.926,4.031460837721055,341.7535172044169,6.914807164020052,0.4507152542475138,0.4983528637795144,1.11210724131843,0.7257914978665746,100.6802506271733,1165.0267605433903,2.6310412263219836,5.871341799481555,4.512791628874599,10.070591771000748,0.22204705307212227,0.8662865767477739
495403620,9628223555,15,重点词,1316,378,1316,9628223555,45.15,213,54,1.0,112.0,0,0.212,0.2535,495403620_9628223555,91605.25,72103,210914,0.7871055425316781,2.9251764836414575,5.237206154032248,2.7815627886031566,1.8907813943015783,0.35023263289199846,45.15,0.0004992039824868407,2026-09-13,9,6,0.8369529306495307,0.574680043874705,1.282436371263658,0.011796398968177033,0.005039662605469295,0.02613264478318525,3.7420125930223964,3.3774940971314638,4.0,9,6,0.11179948718100376,0.08439512496067153,0.14754490648530594,58.52,0.8360000000000001,0.012669683257918552,3.801266968325792,0.44264923125007083,0.3039378563839643,0.678257346475195,0.2525690304832894,0.12442935620124242,0.2525690304832894,2.926,6.610200116550032,560.3574560662341,2.3151077907623128,0.7390169831941048,0.3039378563839643,0.678257346475195,0.44264923125007083,165.08075638562752,1910.240564976233,4.313996767165144,9.62696794276126,1.5109024460518181,3.371678329360142,0.36408029624483534,1.4204100848517482
495403620,9628223555,20,重点词,1735,402,1735,9628223555,62.35,65,76,0.8718,170.0,0,0.9592,1.1692,495403620_9628223555,91605.25,72103,210914,0.7871055425316781,2.9251764836414575,1.2873320160751038,1.2873320160751038,1.143666008037552,1.3616631762894749,62.35,0.0006893769281961134,2026-09-13,9,6,0.8369529306495307,0.574680043874705,1.282436371263658,0.011796398968177033,0.005039662605469295,0.02613264478318525,3.7420125930223964,3.3774940971314638,4.0,9,6,0.11179948718100376,0.08439512496067153,0.14754490648530594,58.52,0.8360000000000001,0.012669683257918552,3.801266968325792,0.7318158664920725,0.5024893979850064,1.121338189865611,0.1527699689225238,0.07526286514043193,0.1527699689225238,2.326795110509819,3.1794816388215383,269.52984952431484,4.3293830672718006,0.3554644167216654,0.5024893979850064,1.121338189865611,0.7318158664920725,79.40322903942774,918.8185977709717,2.0750163791252647,4.630535728396099,2.825473393652393,6.30522998784973,0.1751212666117169,0.6832119610230705
495403620,9628223555,21,重点词,1764,405,1764,9628223555,12.51,20,178,0.2727,582.0,0,0.6255,8.9,495403620_9628223555,91605.25,72103,210914,0.7871055425316781,2.9251764836414575,1.627105153163278,1.627105153163278,1.313552576581639,7.192907566754703,12.51,0.00013831764830366284,2026-09-13,9,6,0.8369529306495307,0.574680043874705,1.282436371263658,0.011796398968177033,0.005039662605469295,0.02613264478318525,3.7420125930223964,3.3774940971314638,4.0,9,6,0.11179948718100376,0.08439512496067153,0.14754490648530594,58.52,0.8360000000000001,0.012669683257918552,3.801266968325792,0.6371674385715105,0.43750060265592106,0.9763114123692276,0.17546327764590608,0.08644283359944424,0.17546327764590608,2.926,4.5921995112617635,389.2882500541115,33.03126661260199,0.5134055503919213,0.43750060265592106,0.9763114123692276,0.6371674385715105,114.6839362540293,1327.0711376669494,2.9969945684640087,6.68799078729772,21.55710490902751,48.10609954033951,0.25293173111197387,0.9867789752864297
495403620,9628223555,25,重点词,2541,437,2541,9628223555,21686.91,29926,87461,0.4974,328.0,0,0.7247,2.9226,495403620_9628223555,91605.25,72103,210914,0.7871055425316781,2.9251764836414575,1.7528659479478812,1.7528659479478812,1.3764329739739405,2.9225763817688626,21686.91,0.2397827650018536,2026-09-13,9,6,0.8369529306495307,0.574680043874705,1.282436371263658,0.011796398968177033,0.005039662605469295,0.02613264478318525,3.7420125930223964,3.3774940971314638,4.0,9,6,0.11179948718100376,0.08439512496067153,0.14754490648530594,58.52,0.8360000000000001,0.012669683257918552,3.801266968325792,0.608059343589495,0.41751400521561843,0.9317100036924413,0.18386278964324304,0.09058089386848579,0.18386278964324304,16.838504889490167,27.692206471311057,2347.5135544343575,80.93258859212055,3.09597448240305,0.41751400521561843,0.9317100036924413,0.608059343589495,691.5751882950422,8002.5982878721725,18.07268873657879,40.33039533798199,52.818813256585315,117.86866088218721,1.525246824298888,5.950544408657971
495403620,9628223555,26,重点词,2584,442,2584,9628223555,115.98,262,182,0.9412,39.0,0,0.4427,0.6947,495403620_9628223555,91605.25,72103,210914,0.7871055425316781,2.9251764836414575,2.748509709024904,2.748509709024904,1.874254854512452,0.7607459698856728,115.98,0.00128234059554427,2026-09-13,9,6,0.8369529306495307,0.574680043874705,1.282436371263658,0.011796398968177033,0.005039662605469295,0.02613264478318525,3.7420125930223964,3.3774940971314638,4.0,9,6,0.11179948718100376,0.08439512496067153,0.14754490648530594,58.52,0.8360000000000001,0.012669683257918552,3.801266968325792,0.44655236113407126,0.30661787669436014,0.68423798832697,0.25036142883015117,0.12334177055416932,0.25036142883015117,2.926,6.552423085546083,555.4596028179833,4.984729455315028,0.7325575407570224,0.30661787669436014,0.68423798832697,0.44655236113407126,163.6378536275147,1893.5439406075845,4.276289901930703,9.542822589293015,3.253170308956581,7.259663826138622,0.36089802064149945,1.407994866543103
495403620,9628223555,36,重点词,3008,470,3008,9628223555,45.41,54,204,0.6042,319.0,0,0.8409,3.7778,495403620_9628223555,91605.25,72103,210914,0.7871055425316781,2.9251764836414575,1.4338094838514177,1.4338094838514177,1.2169047419257089,3.6677647075666395,45.41,0.0005020786898057018,2026-09-13,9,6,0.8369529306495307,0.574680043874705,1.282436371263658,0.011796398968177033,0.005039662605469295,0.02613264478318525,3.7420125930223964,3.3774940971314638,4.0,9,6,0.11179948718100376,0.08439512496067153,0.14754490648530594,58.52,0.8360000000000001,0.012669683257918552,3.801266968325792,0.6877719363021646,0.4722473535317925,1.0538510756678026,0.1625531390275947,0.08008259127808184,0.1625531390275947,2.926,4.254317231569181,360.6454175588659,15.603834596742052,0.47563048479474207,0.4722473535317925,1.0538510756678026,0.6877719363021646,106.24578592310363,1229.428641906582,2.7764833832388107,6.195905552709502,10.18348776418853,22.725123717644085,0.23432166207966748,0.9141743053663113
495403620,9628223555,59,重点词,5313,580,5313,9628223555,11.64,18,32,0.7857,171.0,0,0.6467,1.7778,495403620_9628223555,91605.25,72103,210914,0.7871055425316781,2.9251764836414575,1.5699795787061808,1.5699795787061808,1.2849897893530904,2.130823533428141,11.64,0.00012869843535208918,2026-09-13,9,6,0.8369529306495307,0.574680043874705,1.282436371263658,0.011796398968177033,0.005039662605469295,0.02613264478318525,3.7420125930223964,3.3774940971314638,4.0,9,6,0.11179948718100376,0.08439512496067153,0.14754490648530594,58.52,0.8360000000000001,0.012669683257918552,3.801266968325792,0.6513304133497299,0.44722537769270476,0.9980128884209127,0.17164788391506197,0.08456316139784942,0.17164788391506197,2.926,4.49234357866365,380.82329961733046,9.572391417661299,0.5022417083354713,0.44722537769270476,0.9980128884209127,0.6513304133497299,112.1901701664313,1298.2143935836848,2.9318258651244564,6.542562533225694,6.247203549320511,13.941046214722544,0.2474318102501074,0.9653217771390513
495403620,9628223555,72,重点词,6377,649,6377,9628223555,20.2,24,370,0.08,761.0,0,0.8417,15.4167,495403620_9628223555,91605.25,72103,210914,0.7871055425316781,2.9251764836414575,1.3641706865068068,1.3641706865068068,1.1820853432534033,12.293794120910364,20.2,0.0002233426455422853,2026-09-13,9,6,0.8369529306495307,0.574680043874705,1.282436371263658,0.011796398968177033,0.005039662605469295,0.02613264478318525,3.7420125930223964,3.3774940971314638,4.0,9,6,0.11179948718100376,0.08439512496067153,0.14754490648530594,58.52,0.8360000000000001,0.012669683257918552,3.801266968325792,0.7080308840866097,0.4861578287512114,1.0848932173831567,0.15790199226299273,0.07779118129638497,0.15790199226299273,2.926,4.132588091513361,350.3262396144604,50.80518718359114,0.46202122936151674,0.4861578287512114,1.0848932173831567,0.7080308840866097,103.2057662322815,1194.2508958210876,2.6970396285246676,6.018621581217742,33.15684992901883,73.99169461115892,0.22761699647322245,0.8880169583712159
495403620,9628223555,36,潜力词,2690,447,2690,9628223555,5.24,9,8,1.0,48.0,0,0.5822,0.8889,495403620_9628223555,91605.25,72103,210914,0.7871055425316781,2.9251764836414575,1.4657367556583372,1.4657367556583372,1.2328683778291687,1.8471418746548036,5.24,5.7936409041662137e-05,2026-09-13,9,6,0.8369529306495307,0.574680043874705,1.282436371263658,0.011796398968177033,0.005039662605469295,0.02613264478318525,3.7420125930223964,3.3774940971314638,4.0,9,6,0.11179948718100376,0.08439512496067153,0.14754490648530594,58.52,0.8360000000000001,0.012669683257918552,3.801266968325792,0.6788664108031023,0.466132520072094,1.040205422027101,0.16468554844058997,0.08113313310385026,0.16468554844058997,1.316699999999999,1.939556853965328,164.41940114077536,3.582636683233089,0.21684146163172466,0.466132520072094,1.040205422027101,0.6788664108031023,48.43779414542646,560.5004561429166,1.2658076684834798,2.824733189171939,2.338126349715001,5.217682958446698,0.10682799635783956,0.4167749942423138
495403620,9628223555,39,潜力词,2813,457,2813,9628223555,5.37,11,3,1.0,51.0,0,0.4882,0.2727,495403620_9628223555,91605.25,72103,210914,0.7871055425316781,2.9251764836414575,1.6407486336792814,1.6407486336792814,1.3203743168396407,1.3895479931121926,5.37,5.937376270109269e-05,2026-09-13,9,6,0.8369529306495307,0.574680043874705,1.282436371263658,0.011796398968177033,0.005039662605469295,0.02613264478318525,3.7420125930223964,3.3774940971314638,4.0,9,6,0.11179948718100376,0.08439512496067153,0.14754490648530594,58.52,0.8360000000000001,0.012669683257918552,3.801266968325792,0.6338755002844989,0.4352402470613186,0.9712672799734635,0.17637452012394453,0.08689176161990893,0.17637452012394453,2.926,4.616048417531108,391.309960775636,6.414220814689063,0.5160718458826618,0.4352402470613186,0.9712672799734635,0.6338755002844989,115.27953024762961,1333.9630845645863,3.012559014733764,6.72272387435662,4.186095333055346,9.341547467859666,0.2542452944998535,0.9919036653684812
495403620,9628223555,61,潜力词,4637,550,4637,9628223555,5.75,11,9,1.0,54.0,0,0.5227,0.8182,495403620_9628223555,91605.25,72103,210914,0.7871055425316781,2.9251764836414575,1.5956013142876717,1.5956013142876717,1.2978006571438359,1.7053374667964034,5.75,6.357525801327429e-05,2026-09-13,9,6,0.8369529306495307,0.574680043874705,1.282436371263658,0.011796398968177033,0.005039662605469295,0.02613264478318525,3.7420125930223964,3.3774940971314638,4.0,9,6,0.11179948718100376,0.08439512496067153,0.14754490648530594,58.52,0.8360000000000001,0.012669683257918552,3.801266968325792,0.644900991567899,0.4428107203608951,0.988161289797779,0.17335914914504025,0.08540622450201674,0.17335914914504025,2.926,4.53713056462549,384.61996553908006,7.737338743602968,0.5072488703983877,0.4428107203608951,0.988161289797779,0.644900991567899,113.3086642193272,1311.1571057344297,2.96105507290089,6.607789435665156,5.049598157065444,11.268510897341253,0.24989861289290097,0.974945674359808
495403620,9628223555,62,潜力词,4706,551,4706,9628223555,6.41,11,14,0.8889,94.0,0,0.5827,1.2727,495403620_9628223555,91605.25,72103,210914,0.7871055425316781,2.9251764836414575,1.5228233690610051,1.5228233690610051,1.2614116845305026,1.9684953615332454,6.41,7.087259197653708e-05,2026-09-13,9,6,0.8369529306495307,0.574680043874705,1.282436371263658,0.011796398968177033,0.005039662605469295,0.02613264478318525,3.7420125930223964,3.3774940971314638,4.0,9,6,0.11179948718100376,0.08439512496067153,0.14754490648530594,58.52,0.8360000000000001,0.012669683257918552,3.801266968325792,0.6635049769346671,0.4555848426983621,1.0166675852071092,0.1684983399785594,0.08301152332252147,0.1684983399785594,2.926,4.409914170527936,373.83562411075576,8.680895589443972,0.4930261427772648,0.4555848426983621,1.0166675852071092,0.6635049769346671,110.13160782285051,1274.3936322766879,2.8780301866356184,6.422513933233011,5.665389072744875,12.642688886951822,0.2428917172416978,0.9476092176794391
495817671,9630806627,1,黄金词,370,685,370,9630806627,3.46,8,31,0.1429,236.0,0,0.4325,3.875,495817671_9630806627,171870.0,107520,166126,0.6255891080467796,1.5450706845238096,1.809717571924603,1.809717571924603,1.4048587859623014,2.7100353422619046,3.46,2.0263679667535095e-05,2026-09-13,9,6,0.8310620814048459,0.5706351885687231,1.2734100102194927,0.010336366024146783,0.004414540948184317,0.022913264543187678,3.749776669599469,3.3852581737085363,4.0,9,6,0.11179948718100376,0.08439512496067153,0.14754490648530594,32.75,0.8397435897435898,0.010225485055060305,3.795883586785527,0.5915627176973409,0.4061868668015974,0.9064327482190541,0.18899008310764323,0.09310687982808416,0.18899008310764323,1.6375000000000002,2.768091955446368,267.8012706767377,7.501627029890522,0.3094712610887658,0.4061868668015974,0.9064327482190541,0.5915627176973409,78.84220318301617,913.2083666951742,1.806532258700203,4.031395729000366,4.895766268013777,10.925224904234687,0.15246251571848782,0.5948119058406207
495817671,9630806627,6,黄金词,2096,803,2096,9630806627,5.78,12,18,0.6667,49.0,0,0.4817,1.5,495817671_9630806627,171870.0,107520,166126,0.6255891080467796,1.5450706845238096,1.9683467950041287,1.9683467950041287,1.4841733975020643,1.5180282738095239,5.78,3.3850886843454585e-05,2026-09-13,9,6,0.8310620814048459,0.5706351885687231,1.2734100102194927,0.010336366024146783,0.004414540948184317,0.022913264543187678,3.749776669599469,3.3852581737085363,4.0,9,6,0.11179948718100376,0.08439512496067153,0.14754490648530594,32.75,0.8397435897435898,0.010225485055060305,3.795883586785527,0.559949452539416,0.3844801352248529,0.8579927469140084,0.19965996336630754,0.0983634480177371,0.19965996336630754,1.6375000000000002,2.924371106309338,282.92062214880116,4.439278022489212,0.32694319001232863,0.3844801352248529,0.8579927469140084,0.559949452539416,83.29342545594844,964.765695860949,1.9085242921804293,4.258997669781697,2.8971938367822005,6.465278880817493,0.16107014612904452,0.6283934129090764
495817671,9630806627,2,重点词,136,671,136,9630806627,20.16,35,42,0.7931,118.0,0,0.576,1.2,495817671_9630806627,171870.0,107520,166126,0.6255891080467796,1.5450706845238096,2.268152573529412,2.268152573529412,1.634076286764706,1.2641991971207087,20.16,0.00011806814511488657,2026-09-13,9,6,0.8310620814048459,0.5706351885687231,1.2734100102194927,0.010336366024146783,0.004414540948184317,0.022913264543187678,3.749776669599469,3.3852581737085363,4.0,9,6,0.11179948718100376,0.08439512496067153,0.14754490648530594,32.75,0.8397435897435898,0.010225485055060305,3.795883586785527,0.5085821807317569,0.34920963800198024,0.7792843091436732,0.21982580478959116,0.10829824746941231,0.21982580478959116,1.6375000000000002,3.2197352995025046,311.49586730780254,4.070386780572271,0.3599647553429556,0.34920963800198024,0.7792843091436732,0.5085821807317569,91.70613865606613,1062.2079256667412,2.101287015260693,4.689160383341752,2.6564453576127383,5.928032791790878,0.1773383802311627,0.6918617302547602
495817671,9630806627,10,重点词,456,693,456,9630806627,26.44,31,39,0.7727,76.0,0,0.8529,1.2581,495817671_9630806627,171870.0,107520,166126,0.6255891080467796,1.5450706845238096,1.669950504658385,1.669950504658385,1.3349752523291925,1.3169375763125761,26.44,0.0001548473093669445,2026-09-13,9,6,0.8310620814048459,0.5706351885687231,1.2734100102194927,0.010336366024146783,0.004414540948184317,0.022913264543187678,3.749776669599469,3.3852581737085363,4.0,9,6,0.11179948718100376,0.08439512496067153,0.14754490648530594,32.75,0.8397435897435898,0.010225485055060305,3.795883586785527,0.6225299532368513,0.42745001270481214,0.9538828588752608,0.17958892837156043,0.08847535541228116,0.17958892837156043,0.900624999999996,1.4467175359469635,139.96384537537534,1.9052366853988965,0.1617422786146359,0.42745001270481214,0.9538828588752608,0.6225299532368513,41.206144793397904,477.27986618072845,0.9441672964560218,2.106971512998757,1.243409391028391,2.7747499576882246,0.07968311696818536,0.31087291485260515
495817671,9630806627,12,重点词,530,697,530,9630806627,74.08,84,140,0.8169,56.0,0,0.8819,1.6667,495817671_9630806627,171870.0,107520,166126,0.6255891080467796,1.5450706845238096,1.7328151631361088,1.7328151631361088,1.3664075815680543,1.6560931030020705,74.08,0.00043385358085867046,2026-09-13,9,6,0.8310620814048459,0.5706351885687231,1.2734100102194927,0.010336366024146783,0.004414540948184317,0.022913264543187678,3.749776669599469,3.3852581737085363,4.0,9,6,0.11179948718100376,0.08439512496067153,0.14754490648530594,32.75,0.8397435897435898,0.010225485055060305,3.795883586785527,0.6082095068962808,0.4176171123947342,0.9319400941541616,0.18381739501495353,0.0905585299849873,0.18381739501495353,1.6375000000000002,2.692328846282316,260.4715080708991,4.458747233341665,0.3010009843369864,0.4176171123947342,0.9319400941541616,0.6082095068962808,76.68427976766995,888.2137110662952,1.757087188620436,3.921055798240914,2.909899974447602,6.493633463953056,0.14828959285041673,0.5785318110751223
495817671,9630806627,13,重点词,679,710,679,9630806627,200.65,252,174,0.925,85.0,0,0.7962,0.6905,495817671_9630806627,171870.0,107520,166126,0.6255891080467796,1.5450706845238096,1.968666151597911,1.968666151597911,1.4843330757989555,0.7167714056776557,200.65,0.0011751177240725194,2026-09-13,9,6,0.8310620814048459,0.5706351885687231,1.2734100102194927,0.010336366024146783,0.004414540948184317,0.022913264543187678,3.749776669599469,3.3852581737085363,4.0,9,6,0.11179948718100376,0.08439512496067153,0.14754490648530594,32.75,0.8397435897435898,0.010225485055060305,3.795883586785527,0.5598892155370986,0.3844387744722145,0.8579004476701219,0.19968144425456585,0.09837403068138155,0.19968144425456585,1.6375000000000002,2.9246857316748915,282.9510608314889,2.096331103057995,0.3269783649668516,0.3844387744722145,0.8579004476701219,0.5598892155370986,83.30238677565772,964.8694924547118,1.9087296252695842,4.259455884095145,1.368122816563065,3.0530561814648385,0.1610874752407623,0.6284610200971043
495817671,9630806627,14,重点词,815,717,815,9630806627,2298.65,2510,2693,0.7592,154.0,0,0.9158,1.0729,495817671_9630806627,171870.0,107520,166126,0.6255891080467796,1.5450706845238096,1.7428624282914997,1.7428624282914997,1.3714312141457499,1.0744084850977722,2298.65,0.013462169730572123,2026-09-13,9,6,0.8310620814048459,0.5706351885687231,1.2734100102194927,0.010336366024146783,0.004414540948184317,0.022913264543187678,3.749776669599469,3.3852581737085363,4.0,9,6,0.11179948718100376,0.08439512496067153,0.14754490648530594,32.75,0.8397435897435898,0.010225485055060305,3.795883586785527,0.6059815999758368,0.4160873565388154,0.9285263431988359,0.1844932043901361,0.09089147074699533,0.1844932043901361,1.6375000000000002,2.7022272624536696,261.42913826203494,2.9032958994427474,0.3021076221888479,0.4160873565388154,0.9285263431988359,0.6059815999758368,76.96621149231385,891.4792515939231,1.763547164810319,3.935471660618083,1.894770037742326,4.228304145029888,0.14883478334820485,0.5806587981414667
495817671,9630806627,24,重点词,1575,770,1575,9630806627,33.9,202,144,0.5,508.0,0,0.1678,0.7129,495817671_9630806627,171870.0,107520,166126,0.6255891080467796,1.5450706845238096,7.887408182112216,2.7815627886031566,1.8907813943015783,0.7445741213151928,33.9,0.00019853720830330629,2026-09-13,9,6,0.8310620814048459,0.5706351885687231,1.2734100102194927,0.010336366024146783,0.004414540948184317,0.022913264543187678,3.749776669599469,3.3852581737085363,4.0,9,6,0.11179948718100376,0.08439512496067153,0.14754490648530594,32.75,0.8397435897435898,0.010225485055060305,3.795883586785527,0.43953366788434356,0.3017986057449575,0.673483467764854,0.2543593252347214,0.12531135358193823,0.2543593252347214,1.6375000000000002,3.7255394060754474,360.4302902366475,2.7739402297037516,0.4165133950718563,0.3017986057449575,0.673483467764854,0.43953366788434356,106.1127085183008,1229.0754103694685,2.431388561673991,5.425803727482462,1.8103490018842223,4.039913042818952,0.20519734149042387,0.8005497035790242
495817671,9630806627,28,重点词,1785,786,1785,9630806627,44.38,65,68,0.902,142.0,0,0.6828,1.0462,495817671_9630806627,171870.0,107520,166126,0.6255891080467796,1.5450706845238096,2.1350508148768657,2.1350508148768657,1.5675254074384328,1.1008296640574038,44.38,0.00025991390278763227,2026-09-13,9,6,0.8310620814048459,0.5706351885687231,1.2734100102194927,0.010336366024146783,0.004414540948184317,0.022913264543187678,3.749776669599469,3.3852581737085363,4.0,9,6,0.11179948718100376,0.08439512496067153,0.14754490648530594,32.75,0.8397435897435898,0.010225485055060305,3.795883586785527,0.5301745524896618,0.3640356869884648,0.8123696140277765,0.21087297882556102,0.10388759439466909,0.21087297882556102,1.6375000000000002,3.0886054268550183,298.809602875878,3.400028474450684,0.34530450282685626,0.3640356869884648,0.8123696140277765,0.5301745524896618,87.97123091851988,1018.9474781264256,2.015708086225897,4.49818536623825,2.2189512553978465,4.951735885583982,0.17011593582127066,0.6636843392151942
495817671,9630806627,30,重点词,1844,791,1844,9630806627,8.64,13,68,0.6364,329.0,0,0.6646,5.2308,495817671_9630806627,171870.0,107520,166126,0.6255891080467796,1.5450706845238096,1.726970835115483,1.726970835115483,1.3634854175577416,3.826693594104308,8.64,5.060063362066568e-05,2026-09-13,9,6,0.8310620814048459,0.5706351885687231,1.2734100102194927,0.010336366024146783,0.004414540948184317,0.022913264543187678,3.749776669599469,3.3852581737085363,4.0,9,6,0.11179948718100376,0.08439512496067153,0.14754490648530594,32.75,0.8397435897435898,0.010225485055060305,3.795883586785527,0.6095129956677016,0.4185121316448238,0.9339373885643817,0.18342428787516019,0.09036486384852949,0.18342428787516019,1.6375000000000002,2.6865711012546543,259.91447042205704,10.280684423276941,0.3003572713955749,0.4185121316448238,0.9339373885643817,0.6095129956677016,76.52028474486958,886.3142001334257,1.7533295272792453,3.912670329446238,6.709454870393422,14.972590485533912,0.14797246455196705,0.5772945778659764
495817671,9630806627,34,重点词,2019,800,2019,9630806627,901.8,964,1186,0.7208,166.0,0,0.9355,1.2303,495817671_9630806627,171870.0,107520,166126,0.6255891080467796,1.5450706845238096,1.7024680111696935,1.7024680111696935,1.3512340055848466,1.232881240201842,901.8,0.005281441134156979,2026-09-13,9,6,0.8310620814048459,0.5706351885687231,1.2734100102194927,0.010336366024146783,0.004414540948184317,0.022913264543187678,3.749776669599469,3.3852581737085363,4.0,9,6,0.11179948718100376,0.08439512496067153,0.14754490648530594,32.75,0.8397435897435898,0.010225485055060305,3.795883586785527,0.6150393477147152,0.42230671091032707,0.9424052421388923,0.18177615399147068,0.0895529027078919,0.18177615399147068,1.6375000000000002,2.662431283599031,257.5790444513406,3.2824615828757557,0.29765845216103326,0.42230671091032707,0.9424052421388923,0.6150393477147152,75.83272217865466,878.3503449550468,1.7375752243095697,3.8775135646558745,2.1422238974907764,4.7805137324924,0.146642878184173,0.5721073762926563
495817671,9630806627,35,重点词,2128,807,2128,9630806627,32.54,38,55,0.8571,125.0,0,0.8563,1.4474,495817671_9630806627,171870.0,107520,166126,0.6255891080467796,1.5450706845238096,1.6946489048205489,1.6946489048205489,1.3473244524102745,1.464360119047619,32.54,0.0001905722937519052,2026-09-13,9,6,0.8310620814048459,0.5706351885687231,1.2734100102194927,0.010336366024146783,0.004414540948184317,0.022913264543187678,3.749776669599469,3.3852581737085363,4.0,9,6,0.11179948718100376,0.08439512496067153,0.14754490648530594,32.75,0.8397435897435898,0.010225485055060305,3.795883586785527,0.6168240173464756,0.4235321251298411,0.94513983468603,0.18125021730177698,0.08929379745030755,0.18125021730177698,1.6375000000000002,2.654728016338251,256.83378569765637,3.8874778340441307,0.2967972308316598,0.4235321251298411,0.94513983468603,0.6168240173464756,75.61331380193779,875.8089958139562,1.7325478621308648,3.866294674808897,2.537073993645651,5.661647730276332,0.14621859332487863,0.5704520862393151
495817671,9630806627,45,重点词,2899,856,2899,9630806627,1569.85,1892,1578,0.822,176.0,0,0.8297,0.834,495817671_9630806627,171870.0,107520,166126,0.6255891080467796,1.5450706845238096,1.9217885242866468,1.9217885242866468,1.4608942621433234,0.837031876566416,1569.85,0.009193912579791899,2026-09-13,9,6,0.8310620814048459,0.5706351885687231,1.2734100102194927,0.010336366024146783,0.004414540948184317,0.022913264543187678,3.749776669599469,3.3852581737085363,4.0,9,6,0.11179948718100376,0.08439512496067153,0.14754490648530594,32.75,0.8397435897435898,0.010225485055060305,3.795883586785527,0.568872164769522,0.39060676967238306,0.8716647352363704,0.19652831357340048,0.09682062557892283,0.19652831357340048,1.6375000000000002,2.878502590583654,278.48303590054616,2.409398425097526,0.3218151134764433,0.39060676967238306,0.8716647352363704,0.568872164769522,81.98697505807333,949.6334267735119,1.8785892486013642,4.192195648256262,1.5724390840542932,3.5090013903935016,0.15854377438548617,0.6185371148900767
495817671,9630806627,47,重点词,2987,860,2987,9630806627,442.84,485,133,0.9145,111.0,0,0.9131,0.2742,495817671_9630806627,171870.0,107520,166126,0.6255891080467796,1.5450706845238096,1.7372571573123594,1.7372571573123594,1.3686285786561796,0.29484901719308415,442.84,0.0025935167352518036,2026-09-13,9,6,0.8310620814048459,0.5706351885687231,1.2734100102194927,0.010336366024146783,0.004414540948184317,0.022913264543187678,3.749776669599469,3.3852581737085363,4.0,9,6,0.11179948718100376,0.08439512496067153,0.14754490648530594,32.75,0.8397435897435898,0.010225485055060305,3.795883586785527,0.6072225104497262,0.41693940742419305,0.9304277508729363,0.18411617694838403,0.09070572635166052,0.18411617694838403,1.6375000000000002,2.6967050328671465,260.8948857429559,0.7951208286005218,0.30149023975297884,0.41693940742419305,0.9304277508729363,0.6072225104497262,76.80892454011297,889.6574384669053,1.7599432072653485,3.927429191968923,0.5189175249778324,1.1579986373474656,0.14853062690084412,0.5794721728567154
495817671,9630806627,49,重点词,3132,872,3132,9630806627,36.2,53,318,0.7111,443.0,0,0.683,6.0,495817671_9630806627,171870.0,107520,166126,0.6255891080467796,1.5450706845238096,2.0962527132689943,2.0962527132689943,1.5481263566344972,5.415746975019515,36.2,0.00021200728438288164,2026-09-13,9,6,0.8310620814048459,0.5706351885687231,1.2734100102194927,0.010336366024146783,0.004414540948184317,0.022913264543187678,3.749776669599469,3.3852581737085363,4.0,9,6,0.11179948718100376,0.08439512496067153,0.14754490648530594,32.75,0.8397435897435898,0.010225485055060305,3.795883586785527,0.5368179915310715,0.368597295771928,0.8225491444947584,0.20826330142575467,0.10260192418352133,0.20826330142575467,1.6375000000000002,3.0503821142984555,295.11165792430904,16.520097708165494,0.3410311560846733,0.368597295771928,0.8225491444947584,0.5368179915310715,86.88253508636626,1006.3374025251513,1.9907625106166955,4.4425176711367245,10.781466044854625,24.059551638929456,0.1680106508505162,0.6554708543471871
495817671,9630806627,62,重点词,3830,921,3830,9630806627,53.31,116,129,0.7935,134.0,0,0.4596,1.1121,495817671_9630806627,171870.0,107520,166126,0.6255891080467796,1.5450706845238096,3.152765572988198,2.7815627886031566,1.8907813943015783,1.1400045602918587,53.31,0.0003122129373052879,2026-09-13,9,6,0.8310620814048459,0.5706351885687231,1.2734100102194927,0.010336366024146783,0.004414540948184317,0.022913264543187678,3.749776669599469,3.3852581737085363,4.0,9,6,0.11179948718100376,0.08439512496067153,0.14754490648530594,32.75,0.8397435897435898,0.010225485055060305,3.795883586785527,0.43953366788434356,0.3017986057449575,0.673483467764854,0.2543593252347214,0.12531135358193823,0.2543593252347214,1.6375000000000002,3.7255394060754474,360.4302902366475,4.247131912473033,0.4165133950718563,0.3017986057449575,0.673483467764854,0.43953366788434356,106.1127085183008,1229.0754103694685,2.431388561673991,5.425803727482462,2.771794048149813,6.185440992578572,0.20519734149042387,0.8005497035790242
495817671,9630806627,77,重点词,4721,976,4721,9630806627,18.53,32,59,0.72,191.0,0,0.5791,1.8438,495817671_9630806627,171870.0,107520,166126,0.6255891080467796,1.5450706845238096,2.22684414119164,2.22684414119164,1.61342207059582,1.7840141369047617,18.53,0.00010852196076283969,2026-09-13,9,6,0.8310620814048459,0.5706351885687231,1.2734100102194927,0.010336366024146783,0.004414540948184317,0.022913264543187678,3.749776669599469,3.3852581737085363,4.0,9,6,0.11179948718100376,0.08439512496067153,0.14754490648530594,32.75,0.8397435897435898,0.010225485055060305,3.795883586785527,0.5150927934796029,0.3536800437829597,0.7892603141032003,0.21704727496916706,0.10692939129540015,0.21704727496916706,1.6375000000000002,3.1790388464536794,307.5586564008209,5.67145024384277,0.3554149127620111,0.3536800437829597,0.7892603141032003,0.5150927934796029,90.54700157834353,1048.781947766736,2.0747274007570176,4.629890854132762,3.7013430131741902,8.25979073609891,0.17509687824621772,0.6831168131101917
495817671,9630806627,83,重点词,4887,992,4887,9630806627,167.05,190,239,0.8592,128.0,0,0.8792,1.2579,495817671_9630806627,171870.0,107520,166126,0.6255891080467796,1.5450706845238096,1.7804450212927383,1.7804450212927383,1.3902225106463693,1.2694978054353054,167.05,0.0009783374822143751,2026-09-13,9,6,0.8310620814048459,0.5706351885687231,1.2734100102194927,0.010336366024146783,0.004414540948184317,0.022913264543187678,3.749776669599469,3.3852581737085363,4.0,9,6,0.11179948718100376,0.08439512496067153,0.14754490648530594,32.75,0.8397435897435898,0.010225485055060305,3.795883586785527,0.5977906954034663,0.41046320585286183,0.9159756804883229,0.187021123012875,0.09213686210061711,0.187021123012875,1.6375000000000002,2.739253074012475,265.0112300215865,3.4774757659907514,0.3062470889335828,0.41046320585286183,0.9159756804883229,0.5977906954034663,78.0207994918894,903.6942652001917,1.7877112186286648,3.989395338365584,2.2694954688011655,5.064528627068946,0.15087411168976056,0.5886149621320655
495817671,9630806627,92,重点词,5621,1032,5621,9630806627,200.67,223,215,0.9398,63.0,0,0.8999,0.9641,495817671_9630806627,171870.0,107520,166126,0.6255891080467796,1.5450706845238096,1.7463901053822095,1.7463901053822095,1.3731950526911048,0.9842448721913009,200.67,0.0011752348551688635,2026-09-13,9,6,0.8310620814048459,0.5706351885687231,1.2734100102194927,0.010336366024146783,0.004414540948184317,0.022913264543187678,3.749776669599469,3.3852581737085363,4.0,9,6,0.11179948718100376,0.08439512496067153,0.14754490648530594,32.75,0.8397435897435898,0.010225485055060305,3.795883586785527,0.6052032300700332,0.4155529015709944,0.9273336717343547,0.18473048659714936,0.09100836897557138,0.18473048659714936,1.6375000000000002,2.7057026774468986,261.76537006585363,2.6630739859513834,0.30249617180283206,0.4155529015709944,0.9273336717343547,0.6052032300700332,77.06520003006902,892.6258096204042,1.7658153153626464,3.940533187975453,1.7379946693825494,3.878449583964479,0.14902620419749815,0.5814056007220827
495817671,9630806627,94,重点词,5630,1034,5630,9630806627,5131.63,5913,4780,0.9174,91.0,0,0.8679,0.8084,495817671_9630806627,171870.0,107520,166126,0.6255891080467796,1.5450706845238096,1.8405683813649958,1.8405683813649958,1.420284190682498,0.809383645579495,5131.63,0.03005367239662229,2026-09-13,9,6,0.8310620814048459,0.5706351885687231,1.2734100102194927,0.010336366024146783,0.004414540948184317,0.022913264543187678,3.749776669599469,3.3852581737085363,4.0,9,6,0.11179948718100376,0.08439512496067153,0.14754490648530594,32.75,0.8397435897435898,0.010225485055060305,3.795883586785527,0.5851378807543374,0.4017753575743966,0.8965881747987163,0.19106520165277308,0.09412919703030681,0.19106520165277308,1.6375000000000002,2.798485713980776,270.74173916086505,2.2650485692838966,0.31286926770641593,0.4017753575743966,0.8965881747987163,0.5851378807543374,79.70789367467432,923.2354304761745,1.8263680539480884,4.075660612651648,1.4782324336744317,3.298773044812749,0.1541365601371274,0.601342963959532
495817671,9630806627,50,潜力词,3443,894,3443,9630806627,7.46,22,21,1.0,105.0,0,0.3391,0.9545,495817671_9630806627,171870.0,107520,166126,0.6255891080467796,1.5450706845238096,2.7852353530007363,2.7815627886031566,1.8907813943015783,1.1120188492063492,7.46,4.36898989363618e-05,2026-09-13,9,6,0.8310620814048459,0.5706351885687231,1.2734100102194927,0.010336366024146783,0.004414540948184317,0.022913264543187678,3.749776669599469,3.3852581737085363,4.0,9,6,0.11179948718100376,0.08439512496067153,0.14754490648530594,32.75,0.8397435897435898,0.010225485055060305,3.795883586785527,0.43953366788434356,0.3017986057449575,0.673483467764854,0.2543593252347214,0.12531135358193823,0.2543593252347214,1.6375000000000002,3.7255394060754474,360.4302902366475,4.1428700430169245,0.4165133950718563,0.3017986057449575,0.673483467764854,0.43953366788434356,106.1127085183008,1229.0754103694685,2.431388561673991,5.425803727482462,2.703749910326192,6.033596017054567,0.20519734149042387,0.8005497035790242
495817671,9630806627,52,潜力词,3678,912,3678,9630806627,3.98,11,11,0.75,127.0,0,0.3618,1.0,495817671_9630806627,171870.0,107520,166126,0.6255891080467796,1.5450706845238096,2.1298526859871854,2.1298526859871854,1.5649263429935927,1.2295034461152883,3.98,2.3309088172482567e-05,2026-09-13,9,6,0.8310620814048459,0.5706351885687231,1.2734100102194927,0.010336366024146783,0.004414540948184317,0.022913264543187678,3.749776669599469,3.3852581737085363,4.0,9,6,0.11179948718100376,0.08439512496067153,0.14754490648530594,32.75,0.8397435897435898,0.010225485055060305,3.795883586785527,0.5310550781675023,0.36464028554669137,0.8137188155345063,0.21052333698942732,0.10371534165058605,0.21052333698942732,1.6375000000000002,3.0834843075985225,298.31415609656193,3.791154582234797,0.34473196432018727,0.36464028554669137,0.8137188155345063,0.5310550781675023,87.82536859478073,1017.2579934463106,2.012365904215178,4.490727066936552,2.4742108140774692,5.521364404361692,0.1698338719528347,0.6625839051421858
495817671,9630806627,54,潜力词,3774,916,3774,9630806627,2.56,9,9,0.875,68.0,0,0.2844,1.0,495817671_9630806627,171870.0,107520,166126,0.6255891080467796,1.5450706845238096,2.113600728073715,2.113600728073715,1.5568003640368575,1.2565038515406162,2.56,1.4992780332049089e-05,2026-09-13,9,6,0.8310620814048459,0.5706351885687231,1.2734100102194927,0.010336366024146783,0.004414540948184317,0.022913264543187678,3.749776669599469,3.3852581737085363,4.0,9,6,0.11179948718100376,0.08439512496067153,0.14754490648530594,32.75,0.8397435897435898,0.010225485055060305,3.795883586785527,0.533827008653738,0.36654358628812167,0.8179661565067212,0.20943018125469456,0.10317679318310287,0.20943018125469456,0.7368749999999997,1.3803629041893737,133.5443134429168,1.7344313056377385,0.154323864812053,0.36654358628812167,0.8179661565067212,0.533827008653738,39.316198417565715,455.3891176559971,0.90086245517414,2.010333907249925,1.1319371446346427,2.525992297342227,0.0760283994767989,0.2966145283494299
495817671,9630806627,55,潜力词,3784,917,3784,9630806627,6.91,15,11,1.0,58.0,0,0.4607,0.7333,495817671_9630806627,171870.0,107520,166126,0.6255891080467796,1.5450706845238096,2.1401068506059735,2.1401068506059735,1.5700534253029867,1.0156767598343686,6.91,4.046879378689812e-05,2026-09-13,9,6,0.8310620814048459,0.5706351885687231,1.2734100102194927,0.010336366024146783,0.004414540948184317,0.022913264543187678,3.749776669599469,3.3852581737085363,4.0,9,6,0.11179948718100376,0.08439512496067153,0.14754490648530594,32.75,0.8397435897435898,0.010225485055060305,3.795883586785527,0.5293208931692682,0.36344953577525724,0.811061578986557,0.21121306304690318,0.10405513853353217,0.21121306304690318,1.6375000000000002,3.093586558043448,299.29150639755994,3.142083971540726,0.345861390739304,0.36344953577525724,0.811061578986557,0.5293208931692682,88.1131060308935,1020.5907799928721,2.0189589082078085,4.505439789617905,2.0506096421272413,4.576070487147953,0.17039028934865896,0.6647546924343503
500635396,9657930100,2,黄金词,3587,1126,3587,9657930100,7.03,6,11,0.3333,77.0,0,1.1717,1.8333,500635396_9657930100,808153.2999999999,358634,812358,0.44376976496909687,2.2651449667348884,1.43012091092882,1.43012091092882,1.21506045546441,2.080082838134222,7.03,8.699457789896685e-06,2026-09-13,9,6,2.1095254897726057,1.4484711823357888,3.232358852119264,0.03321894246495106,0.014345100354266227,0.07195864198781414,3.0654788490073304,2.7009603531163977,3.370241003877805,9,6,0.11179948718100376,0.08439512496067153,0.14754490648530594,4439.45,2.985507733691997,0.03747196532520223,2.8807549832421944,1.7361485844474471,1.1920980357986932,2.660245288687154,0.06439511467077887,0.03172456514426194,0.06439511467077887,221.9725,127.85340033015997,3848.8100716949884,265.94566382387,14.29394459125946,1.1920980357986932,2.660245288687154,1.7361485844474471,1159.5634880016116,12980.266531662859,83.44061389524899,186.20322602182694,173.56338896689132,387.3181348532298,7.0419810364846835,27.473337570652742
500635396,9657930100,5,重点词,1934,1113,1934,9657930100,4656.78,2449,5135,0.6731,189.0,0,1.9015,2.0968,500635396_9657930100,808153.2999999999,358634,812358,0.44376976496909687,2.2651449667348884,1.1847539112791299,1.1847539112791299,1.092376955639565,2.097322409334098,4656.78,0.00576265448745876,2026-09-13,9,6,2.1095254897726057,1.4484711823357888,3.232358852119264,0.03321894246495106,0.014345100354266227,0.07195864198781414,3.0654788490073304,2.7009603531163977,3.370241003877805,9,6,0.11179948718100376,0.08439512496067153,0.14754490648530594,4439.45,2.985507733691997,0.03747196532520223,2.8807549832421944,1.9311332767336897,1.3259810863437134,2.9590141346645145,0.0578932011207952,0.028521365941443885,0.0578932011207952,221.9725,114.94416396544277,3460.1993753027837,241.07497090689603,12.850698585785713,1.3259810863437134,2.9590141346645145,1.9311332767336897,1042.48346425681,11669.661351811916,75.01569438267204,167.402463192044,157.33209688053606,351.0969374304004,6.330958901437152,24.699380777080002
500635396,9657930100,9,重点词,2818,1118,2818,9657930100,13968.87,6980,12860,0.6439,136.0,0,2.0013,1.8424,500635396_9657930100,808153.2999999999,358634,812358,0.44376976496909687,2.2651449667348884,1.1259222796719657,1.1259222796719657,1.0629611398359828,1.8428908356802918,13968.87,0.017286144372340558,2026-09-13,9,6,2.1095254897726057,1.4484711823357888,3.232358852119264,0.03321894246495106,0.014345100354266227,0.07195864198781414,3.0654788490073304,2.7009603531163977,3.370241003877805,9,6,0.11179948718100376,0.08439512496067153,0.14754490648530594,4439.45,2.985507733691997,0.03747196532520223,2.8807549832421944,1.984574422069757,1.362675574912636,3.0409003029198454,0.05633423767721725,0.027753335050029783,0.05633423767721725,221.9725,111.84891709351969,3367.0222106417223,206.12534429241217,12.504651572806106,1.362675574912636,3.0409003029198454,1.984574422069757,1014.4111935955304,11355.417622078436,72.995651908372,162.89460535331833,134.52301794644737,300.19697538738814,6.160477164392736,24.034269313816168
500635396,9657930100,13,重点词,3366,1123,3366,9657930100,513.5,239,700,0.5176,236.0,0,2.1485,2.9289,500635396_9657930100,808153.2999999999,358634,812358,0.44376976496909687,2.2651449667348884,1.0480626602480694,1.0480626602480694,1.0240313301240347,2.9073731163314944,513.5,0.0006354440362890396,2026-09-13,9,6,2.1095254897726057,1.4484711823357888,3.232358852119264,0.03321894246495106,0.014345100354266227,0.07195864198781414,3.0654788490073304,2.7009603531163977,3.370241003877805,9,6,0.11179948718100376,0.08439512496067153,0.14754490648530594,4439.45,2.985507733691997,0.03747196532520223,2.8807549832421944,2.060020458082168,1.41447936183783,3.156503865685192,0.05427105674721625,0.026736898971720924,0.05427105674721625,97.31832686137477,47.241437083579214,1422.1234506012086,137.34848415366392,5.28156843963781,1.41447936183783,3.156503865685192,2.060020458082168,428.4551323733672,4796.168448395874,30.831049478296645,68.80151770820416,89.63736440148581,200.03168294763802,2.601990273389492,10.151313496304104
500635396,9657930100,14,重点词,3408,1124,3408,9657930100,12956.21,6733,12890,0.5714,229.0,0,1.9243,1.9145,500635396_9657930100,808153.2999999999,358634,812358,0.44376976496909687,2.2651449667348884,1.170936887404789,1.170936887404789,1.0854684437023945,1.9148674024230647,12956.21,0.016033001708682406,2026-09-13,9,6,2.1095254897726057,1.4484711823357888,3.232358852119264,0.03321894246495106,0.014345100354266227,0.07195864198781414,3.0654788490073304,2.7009603531163977,3.370241003877805,9,6,0.11179948718100376,0.08439512496067153,0.14754490648530594,4439.45,2.985507733691997,0.03747196532520223,2.8807549832421944,1.9434240599176547,1.334420351636606,2.977846911048008,0.0575270675540267,0.02834098846638491,0.0575270675540267,221.9725,114.21722339354245,3438.316060604632,218.71083787156755,12.769427002636192,1.334420351636606,2.977846911048008,1.9434240599176547,1035.8904933780861,11595.858994177477,74.54127315157385,166.34376096539654,142.73665409306236,318.5262454690921,6.290920062354624,24.543174656053516
500635396,9657930100,16,重点词,4196,1129,4196,9657930100,657.56,352,563,0.659,152.0,0,1.8681,1.5994,500635396_9657930100,808153.2999999999,358634,812358,0.44376976496909687,2.2651449667348884,1.2037861042242304,1.2037861042242304,1.101893052112115,1.61422544370522,657.56,0.0008137148597901087,2026-09-13,9,6,2.1095254897726057,1.4484711823357888,3.232358852119264,0.03321894246495106,0.014345100354266227,0.07195864198781414,3.0654788490073304,2.7009603531163977,3.370241003877805,9,6,0.11179948718100376,0.08439512496067153,0.14754490648530594,4439.45,2.985507733691997,0.03747196532520223,2.8807549832421944,1.91445575024641,1.3145297354941576,2.9334596909595354,0.05839753003777393,0.02876982602514162,0.05839753003777393,221.9725,115.94548475274495,3490.3424416679654,187.16215157061652,12.962645736309774,1.3145297354941576,2.9334596909595354,1.91445575024641,1051.5649202191412,11771.320053647873,75.66918362099352,168.86076747176523,122.14712150541003,272.5793472965142,6.386110207365748,24.91454614565859
500635396,9657930100,18,重点词,4536,1132,4536,9657930100,48121.97,23315,52173,0.575,196.0,0,2.064,2.2377,500635396_9657930100,808153.2999999999,358634,812358,0.44376976496909687,2.2651449667348884,1.0917625641345226,1.0917625641345226,1.0458812820672612,2.2377533404679446,48121.97,0.059549793283310754,2026-09-13,9,6,2.1095254897726057,1.4484711823357888,3.232358852119264,0.03321894246495106,0.014345100354266227,0.07195864198781414,3.0654788490073304,2.7009603531163977,3.370241003877805,9,6,0.11179948718100376,0.08439512496067153,0.14754490648530594,4439.45,2.985507733691997,0.03747196532520223,2.8807549832421944,2.0169836920716024,1.384928870199091,3.090559997144484,0.055429048643510254,0.02730738928823521,0.055429048643510254,317.2419957499127,157.2853548578174,4734.809213862465,351.96582823976695,17.58442201418618,1.384928870199091,3.090559997144484,2.0169836920716024,1426.4959259552745,15968.334219579128,102.64870963289103,229.06735687032608,229.70249287572597,512.596243028735,8.663050676519525,33.797721748268465
500635396,9657930100,21,重点词,5331,1136,5331,9657930100,4160.45,2130,3953,0.7037,152.0,0,1.9533,1.8559,500635396_9657930100,808153.2999999999,358634,812358,0.44376976496909687,2.2651449667348884,1.153372839167986,1.153372839167986,1.076686419583993,1.8573999811664543,4160.45,0.005148457917777477,2026-09-13,9,6,2.1095254897726057,1.4484711823357888,3.232358852119264,0.03321894246495106,0.014345100354266227,0.07195864198781414,3.0654788490073304,2.7009603531163977,3.370241003877805,9,6,0.11179948718100376,0.08439512496067153,0.14754490648530594,4439.45,2.985507733691997,0.03747196532520223,2.8807549832421944,1.9592756548259225,1.3453045900731664,3.0021358060485,0.057061642605331565,0.028111694611095858,0.057061642605331565,221.9725,113.29314456251016,3410.49823250829,210.43068457669477,12.66611546321196,1.3453045900731664,3.0021358060485,1.9592756548259225,1027.5095815702405,11502.042251782734,73.93819411926164,164.9979503808336,137.3328003645982,306.4671899298639,6.2400231320614745,24.344607159207243
500635396,9657930100,23,重点词,5553,1138,5553,9657930100,71798.68,51724,100920,0.5765,187.0,0,1.3881,1.9511,500635396_9657930100,808153.2999999999,358634,812358,0.44376976496909687,2.2651449667348884,1.6233015907535366,1.6233015907535366,1.3116507953767682,1.9511737640093922,71798.68,0.0888491587525319,2026-09-13,9,6,2.1095254897726057,1.4484711823357888,3.232358852119264,0.03321894246495106,0.014345100354266227,0.07195864198781414,3.0654788490073304,2.7009603531163977,3.370241003877805,9,6,0.11179948718100376,0.08439512496067153,0.14754490648530594,4439.45,2.985507733691997,0.03747196532520223,2.8807549832421944,1.6082981058740182,1.1043115953127747,2.4643440643748304,0.06951415709107431,0.03424648618701764,0.06951415709107431,473.32967738871326,294.30469118875544,8859.54426451935,574.2395920723858,32.90311354986653,1.1043115953127747,2.4643440643748304,1.6082981058740182,2669.1896607271365,29879.16882369863,192.07126319383912,428.6196752780196,374.7644095639617,836.3114651406969,16.20987825859808,63.2406499066576
500635396,9657930100,24,重点词,5573,1139,5573,9657930100,10656.71,10553,10503,0.5927,209.0,0,1.0098,0.9953,500635396_9657930100,808153.2999999999,358634,812358,0.44376976496909687,2.2651449667348884,2.230559989151984,2.230559989151984,1.615279994575992,0.996223952252048,10656.71,0.013187425152797994,2026-09-13,9,6,2.1095254897726057,1.4484711823357888,3.232358852119264,0.03321894246495106,0.014345100354266227,0.07195864198781414,3.0654788490073304,2.7009603531163977,3.370241003877805,9,6,0.11179948718100376,0.08439512496067153,0.14754490648530594,4439.45,2.985507733691997,0.03747196532520223,2.8807549832421944,1.30598131398659,0.8967307136841064,2.001113653962979,0.08560573262700735,0.042174078815331924,0.08560573262700735,221.9725,169.96606124663072,5116.540402391197,169.3242612838321,19.00211848554839,0.8967307136841064,2.001113653962979,1.30598131398659,1541.5033023141814,17255.73798288545,110.92448425425941,247.53529305141524,110.50562810529837,246.6005879655498,9.361485709836264,36.52257166508386
500635396,9657930100,25,重点词,5867,1140,5867,9657930100,24613.57,15146,13988,0.5599,213.0,0,1.6251,0.9235,500635396_9657930100,808153.2999999999,358634,812358,0.44376976496909687,2.2651449667348884,1.3865195275620263,1.3865195275620263,1.1932597637810132,0.9242524191456961,24613.57,0.030458707435799055,2026-09-13,9,6,2.1095254897726057,1.4484711823357888,3.232358852119264,0.03321894246495106,0.014345100354266227,0.07195864198781414,3.0654788490073304,2.7009603531163977,3.370241003877805,9,6,0.11179948718100376,0.08439512496067153,0.14754490648530594,4439.45,2.985507733691997,0.03747196532520223,2.8807549832421944,1.767867780179124,1.213877502871715,2.708847604043126,0.06323973344300443,0.03115536098623875,0.06323973344300443,221.9725,125.55944652009512,3779.7544775114834,116.04862219279258,14.037481731677302,1.213877502871715,2.708847604043126,1.767867780179124,1138.7585264249587,12747.373767066269,81.94351711358439,182.86235594190634,75.73649392553712,169.0109748499883,6.915633366517881,26.9804092071313
500635396,9657930100,26,重点词,5874,1141,5874,9657930100,18.64,22,61,0.6,100.0,0,0.8473,2.7727,500635396_9657930100,808153.2999999999,358634,812358,0.44376976496909687,2.2651449667348884,2.1586238452568636,2.1586238452568636,1.5793119226284318,2.637371991129304,18.64,2.3066556643481396e-05,2026-09-13,9,6,2.1095254897726057,1.4484711823357888,3.232358852119264,0.03321894246495106,0.014345100354266227,0.07195864198781414,3.0654788490073304,2.7009603531163977,3.370241003877805,9,6,0.11179948718100376,0.08439512496067153,0.14754490648530594,4439.45,2.985507733691997,0.03747196532520223,2.8807549832421944,1.3357244123515164,0.9171533258136327,2.0466880581384355,0.08369951626786769,0.04123497209312546,0.08369951626786769,221.9725,166.1813604269026,5002.608394359294,438.2820654376766,18.57899087476926,0.9171533258136327,2.0466880581384355,1.3357244123515164,1507.1780448534203,16871.49771038731,108.45448534150096,242.0233277822788,286.03482195201826,638.3055458928889,9.153029842941292,35.70930926489888
500635396,9657930100,30,重点词,6434,1147,6434,9657930100,89.74,49,76,0.7619,68.0,0,1.8314,1.551,500635396_9657930100,808153.2999999999,358634,812358,0.44376976496909687,2.2651449667348884,1.2114275779650283,1.2114275779650283,1.1057137889825142,1.6512484163838441,89.74,0.00011105111551427148,2026-09-13,9,6,2.1095254897726057,1.4484711823357888,3.232358852119264,0.03321894246495106,0.014345100354266227,0.07195864198781414,3.0654788490073304,2.7009603531163977,3.370241003877805,9,6,0.11179948718100376,0.08439512496067153,0.14754490648530594,4439.45,2.985507733691997,0.03747196532520223,2.8807549832421944,1.9078404473130486,1.309987445909201,2.9233232725565483,0.05860001937712305,0.028869583378941546,0.05860001937712305,221.9725,116.34751758860135,3502.444959268596,192.11865416836943,13.007592801188446,1.309987445909201,2.9233232725565483,1.9078404473130486,1055.2111478222632,11812.136280282599,75.93156120769267,169.44628033892286,125.38187019775545,279.7979020717793,6.408253596582101,25.00093558688931
500635396,9657930100,31,重点词,6660,1149,6660,9657930100,4349.38,2727,5333,0.7072,181.0,0,1.5949,1.9556,500635396_9657930100,808153.2999999999,358634,812358,0.44376976496909687,2.2651449667348884,1.4120993992157715,1.4120993992157715,1.2060496996078858,1.9565342448752756,4349.38,0.005382254299035682,2026-09-13,9,6,2.1095254897726057,1.4484711823357888,3.232358852119264,0.03321894246495106,0.014345100354266227,0.07195864198781414,3.0654788490073304,2.7009603531163977,3.370241003877805,9,6,0.11179948718100376,0.08439512496067153,0.14754490648530594,4439.45,2.985507733691997,0.03747196532520223,2.8807549832421944,1.749119866667568,1.20100455462716,2.680120772112607,0.0639175675215471,0.031489299228163896,0.0639175675215471,221.9725,126.90525345350008,3820.2677158490646,248.29447423634923,14.187942256676616,1.20100455462716,2.680120772112607,1.749119866667568,1150.9642916048128,12884.006290336247,82.82182740034884,184.82236319987078,162.04374153193191,361.6112828193231,6.98975847292361,27.269598294718183
500635396,9657930100,2,潜力词,6133,1144,6133,9657930100,2.08,2,2,1.0,120.0,0,1.04,1.0,500635396_9657930100,808153.2999999999,358634,812358,0.44376976496909687,2.2651449667348884,1.2393334827717255,1.2393334827717255,1.1196667413858628,2.012115973387911,2.08,2.5739505267404132e-06,2026-09-13,9,6,2.1095254897726057,1.4484711823357888,3.232358852119264,0.03321894246495106,0.014345100354266227,0.07195864198781414,3.0654788490073304,2.7009603531163977,3.370241003877805,9,6,0.11179948718100376,0.08439512496067153,0.14754490648530594,4439.45,2.985507733691997,0.03747196532520223,2.8807549832421944,1.884065509672592,1.293662773749044,2.8868936913482184,0.059339490377079286,0.0292338873487433,0.059339490377079286,221.9725,117.81570166239803,3546.6421541475647,237.0588552308157,13.171735027726232,1.293662773749044,2.8868936913482184,1.884065509672592,1068.5268096759473,11961.193094932902,76.88973815185271,171.5845153035687,154.7110703249567,345.24794402833305,6.489119059518923,25.31642126479159
500635396,9657930100,3,潜力词,6452,1148,6452,9657930100,5.59,5,4,1.0,33.0,0,1.118,0.8,500635396_9657930100,808153.2999999999,358634,812358,0.44376976496909687,2.2651449667348884,1.4159050394332047,1.4159050394332047,1.2079525197166023,1.7016276718368544,5.59,6.9174920406148606e-06,2026-09-13,9,6,2.1095254897726057,1.4484711823357888,3.232358852119264,0.03321894246495106,0.014345100354266227,0.07195864198781414,3.0654788490073304,2.7009603531163977,3.370241003877805,9,6,0.11179948718100376,0.08439512496067153,0.14754490648530594,4439.45,2.985507733691997,0.03747196532520223,2.8807549832421944,1.7463645758754833,1.199112679259624,2.6758989276148104,0.06401841214911079,0.031538980822380304,0.06401841214911079,221.9725,127.10547560707435,3826.2950646662503,216.28619453498203,14.210326990768495,1.199112679259624,2.6758989276148104,1.7463645758754833,1152.780201843995,12904.333766275298,82.95249783513215,185.11396288216542,141.1542657642476,314.99504168367304,7.000786420595812,27.31262234257349
525368335,9811363528,83,黄金词,4042,1827,4042,9811363528,1.73,7,20,0.25,350.0,0,0.2471,2.8571,525368335_9811363528,181497.5,100380,138303,0.5530654692213391,1.3777943813508666,2.116111279690801,2.116111279690801,1.5580556398454004,2.068157003387129,1.73,9.698401030788666e-06,2026-09-13,9,6,0.6553569257832751,0.449990116613179,1.0041825854313722,0.0034532758284416946,0.0014689566107724357,0.007720919642624225,3.899603970788549,3.5350854748976164,4.0,9,6,0.11179948718100376,0.08439512496067153,0.14754490648530594,48.37,0.6536486486486486,0.0033930945939749644,3.952748865147416,0.4206248538391758,0.28881517778006294,0.644510093061255,0.2657938211700392,0.13094461338815763,0.2657938211700392,2.4185,5.749779115346103,1665.0216782540406,11.891445945332093,0.6428223564997397,0.28881517778006294,0.644510093061255,0.4206248538391758,486.0123849721791,5700.554619672454,3.7524625696903446,8.373867393637198,7.760681743453149,17.318472495585898,0.31668954747925926,1.235521481514553
525368335,9811363528,87,黄金词,4255,1856,4255,9811363528,7.61,25,149,0.381,369.0,0,0.3044,5.96,525368335_9811363528,181497.5,100380,138303,0.5530654692213391,1.3777943813508666,3.399017555878599,2.7815627886031566,1.8907813943015783,4.8491622742668765,7.61,4.266175251115708e-05,2026-09-13,9,6,0.6553569257832751,0.449990116613179,1.0041825854313722,0.0034532758284416946,0.0014689566107724357,0.007720919642624225,3.899603970788549,3.5350854748976164,4.0,9,6,0.11179948718100376,0.08439512496067153,0.14754490648530594,48.37,0.6536486486486486,0.0033930945939749644,3.952748865147416,0.34660639657148334,0.23799161445598924,0.5310939638277431,0.3225545987808868,0.15890808540246287,0.3225545987808868,2.4185,6.97765541525779,2020.5902342896504,33.83578340250205,0.7800982971515747,0.23799161445598924,0.5310939638277431,0.34660639657148334,589.8012570313057,6917.918934619109,4.553808110657467,10.162122751796545,22.082154494450712,49.277782274480906,0.3843192045458565,1.4993694511060212
525368335,9811363528,12,重点词,709,1295,709,9811363528,1363.47,2319,263,0.9787,79.0,0,0.588,0.1134,525368335_9811363528,181497.5,100380,138303,0.5530654692213391,1.3777943813508666,3.0630417483637205,2.7815627886031566,1.8907813943015783,0.11775778042578726,1363.47,0.00764362939505747,2026-09-13,9,6,0.6553569257832751,0.449990116613179,1.0041825854313722,0.0034532758284416946,0.0014689566107724357,0.007720919642624225,3.899603970788549,3.5350854748976164,4.0,9,6,0.11179948718100376,0.08439512496067153,0.14754490648530594,48.37,0.6536486486486486,0.0033930945939749644,3.952748865147416,0.34660639657148334,0.23799161445598924,0.5310939638277431,0.3225545987808868,0.15890808540246287,0.3225545987808868,2.4185,6.97765541525779,2020.5902342896504,0.8216732142767323,0.7800982971515747,0.23799161445598924,0.5310939638277431,0.34660639657148334,589.8012570313057,6917.918934619109,4.553808110657467,10.162122751796545,0.5362463355959711,1.1966690196659546,0.3843192045458565,1.4993694511060212
525368335,9811363528,16,重点词,836,1321,836,9811363528,22.95,53,54,0.7895,119.0,0,0.433,1.0189,525368335_9811363528,181497.5,100380,138303,0.5530654692213391,1.3777943813508666,3.3501942216481595,2.7815627886031566,1.8907813943015783,1.06594024673454,22.95,0.00012865797899225427,2026-09-13,9,6,0.6553569257832751,0.449990116613179,1.0041825854313722,0.0034532758284416946,0.0014689566107724357,0.007720919642624225,3.899603970788549,3.5350854748976164,4.0,9,6,0.11179948718100376,0.08439512496067153,0.14754490648530594,48.37,0.6536486486486486,0.0033930945939749644,3.952748865147416,0.34660639657148334,0.23799161445598924,0.5310939638277431,0.3225545987808868,0.15890808540246287,0.3225545987808868,2.4185,6.97765541525779,2020.5902342896504,7.437763734968488,0.7800982971515747,0.23799161445598924,0.5310939638277431,0.34660639657148334,589.8012570313057,6917.918934619109,4.553808110657467,10.162122751796545,4.85408734105597,10.832215633396691,0.3843192045458565,1.4993694511060212
525368335,9811363528,22,重点词,954,1336,954,9811363528,22.07,35,90,0.72,249.0,0,0.6306,2.5714,525368335_9811363528,181497.5,100380,138303,0.5530654692213391,1.3777943813508666,2.367860841050936,2.367860841050936,1.683930420525468,2.3493570942048123,22.07,0.00012372468829451207,2026-09-13,9,6,0.6553569257832751,0.449990116613179,1.0041825854313722,0.0034532758284416946,0.0014689566107724357,0.007720919642624225,3.899603970788549,3.5350854748976164,4.0,9,6,0.11179948718100376,0.08439512496067153,0.14754490648530594,48.37,0.6536486486486486,0.0033930945939749644,3.952748865147416,0.3891829007868223,0.26722607485929273,0.5963325878500482,0.2872672128065635,0.14152358378558585,0.2872672128065635,2.4185,6.214301797716315,1799.5382084843611,14.599614013994543,0.6947557541726738,0.26722607485929273,0.5963325878500482,0.3891829007868223,525.2771588362499,6161.100471922774,4.0556227334806465,9.050389267864132,9.52810604032107,21.262596231771695,0.3422747873854394,1.3353388381826299
525368335,9811363528,42,重点词,1672,1454,1672,9811363528,662.43,3390,507,0.9859,66.0,0,0.1954,0.1496,525368335_9811363528,181497.5,100380,138303,0.5530654692213391,1.3777943813508666,9.153802818302667,2.7815627886031566,1.8907813943015783,0.15244919218681782,662.43,0.003713590632847015,2026-09-13,9,6,0.6553569257832751,0.449990116613179,1.0041825854313722,0.0034532758284416946,0.0014689566107724357,0.007720919642624225,3.899603970788549,3.5350854748976164,4.0,9,6,0.11179948718100376,0.08439512496067153,0.14754490648530594,48.37,0.6536486486486486,0.0033930945939749644,3.952748865147416,0.34660639657148334,0.23799161445598924,0.5310939638277431,0.3225545987808868,0.15890808540246287,0.3225545987808868,2.4185,6.97765541525779,2020.5902342896504,1.063737931414025,0.7800982971515747,0.23799161445598924,0.5310939638277431,0.34660639657148334,589.8012570313057,6917.918934619109,4.553808110657467,10.162122751796545,0.6942243678435099,1.5492074044146655,0.3843192045458565,1.4993694511060212
525368335,9811363528,45,重点词,1719,1465,1719,9811363528,49.34,66,98,0.7381,114.0,0,0.7476,1.4848,525368335_9811363528,181497.5,100380,138303,0.5530654692213391,1.3777943813508666,2.219422952362902,2.219422952362902,1.609711476181451,1.4732750682541478,49.34,0.0002766006398029554,2026-09-13,9,6,0.6553569257832751,0.449990116613179,1.0041825854313722,0.0034532758284416946,0.0014689566107724357,0.007720919642624225,3.899603970788549,3.5350854748976164,4.0,9,6,0.11179948718100376,0.08439512496067153,0.14754490648530594,48.37,0.6536486486486486,0.0033930945939749644,3.952748865147416,0.40712695130801285,0.27954706372637855,0.6238276860729656,0.2746059596934461,0.13528595611384955,0.2746059596934461,2.4185,5.940407512275644,1720.2238707228544,8.75185428310535,0.6641345135185992,0.27954706372637855,0.6238276860729656,0.40712695130801285,502.125658191297,5889.551025787795,3.8768718573948027,8.651494913812561,5.711698650315912,12.746031759647613,0.3271890848613451,1.2764840080165742
525368335,9811363528,48,重点词,1952,1486,1952,9811363528,23556.53,28520,31283,0.6368,210.0,0,0.826,1.0969,525368335_9811363528,181497.5,100380,138303,0.5530654692213391,1.3777943813508666,2.1886734247777966,2.1886734247777966,1.5943367123888983,1.0969581588281971,23556.53,0.1320581935455515,2026-09-13,9,6,0.6553569257832751,0.449990116613179,1.0041825854313722,0.0034532758284416946,0.0014689566107724357,0.007720919642624225,3.899603970788549,3.5350854748976164,4.0,9,6,0.11179948718100376,0.08439512496067153,0.14754490648530594,48.37,0.6536486486486486,0.0033930945939749644,3.952748865147416,0.4110530232985172,0.28224283685905316,0.6298434813852716,0.2719831283172734,0.13399380553253282,0.2719831283172734,7.66518578615799,18.64768132502297,5399.9976403384535,20.45572617271215,2.0848012092523485,0.28224283685905316,0.6298434813852716,0.4110530232985172,1576.235172371494,18488.036460360738,12.169985103758249,27.158123378648728,13.349964452385235,29.791325018671525,1.0270874136011885,4.007042774219127
525368335,9811363528,53,重点词,2206,1524,2206,9811363528,32.01,43,63,0.8378,162.0,0,0.7444,1.4651,525368335_9811363528,181497.5,100380,138303,0.5530654692213391,1.3777943813508666,2.1414644565276353,2.1414644565276353,1.5707322282638176,1.4514187264864105,32.01,0.00017944844913037294,2026-09-13,9,6,0.6553569257832751,0.449990116613179,1.0041825854313722,0.0034532758284416946,0.0014689566107724357,0.007720919642624225,3.899603970788549,3.5350854748976164,4.0,9,6,0.11179948718100376,0.08439512496067153,0.14754490648530594,48.37,0.6536486486486486,0.0033930945939749644,3.952748865147416,0.41723020257097726,0.2864842959965035,0.6393085768293737,0.26795636196060124,0.1320099995830275,0.26795636196060124,2.4185,5.7965602324500365,1678.568559368673,8.413236070584404,0.648052461401714,0.2864842959965035,0.6393085768293737,0.41723020257097726,489.9666590128398,5746.935238452837,3.7829932018032006,8.441998510206359,5.49070717526795,12.252874726683888,0.319266183991552,1.2455738807374892
525368335,9811363528,62,重点词,2557,1582,2557,9811363528,126.11,148,160,0.844,71.0,0,0.8521,1.0811,525368335_9811363528,181497.5,100380,138303,0.5530654692213391,1.3777943813508666,2.054553344232366,2.054553344232366,1.527276672116183,1.0962971477615828,126.11,0.0007069741930593981,2026-09-13,9,6,0.6553569257832751,0.449990116613179,1.0041825854313722,0.0034532758284416946,0.0014689566107724357,0.007720919642624225,3.899603970788549,3.5350854748976164,4.0,9,6,0.11179948718100376,0.08439512496067153,0.14754490648530594,48.37,0.6536486486486486,0.0033930945939749644,3.952748865147416,0.42910164068388307,0.29463562485353495,0.6574988040902795,0.26054313612696217,0.12835783796966946,0.26054313612696217,2.4185,5.636193784170814,1632.1296253691298,6.178943169818026,0.630123574723058,0.29463562485353495,0.6574988040902795,0.42910164068388307,476.41134176775086,5587.941705094545,3.6783336866235907,8.208443908309627,4.03254672916079,8.998893644240784,0.31043343112964555,1.2111140888414231
525368335,9811363528,70,重点词,2742,1620,2742,9811363528,2201.88,6284,4228,0.9227,58.0,0,0.3504,0.6728,525368335_9811363528,181497.5,100380,138303,0.5530654692213391,1.3777943813508666,5.145020596980575,2.7815627886031566,1.8907813943015783,0.6737162039178015,2201.88,0.012343766047209798,2026-09-13,9,6,0.6553569257832751,0.449990116613179,1.0041825854313722,0.0034532758284416946,0.0014689566107724357,0.007720919642624225,3.899603970788549,3.5350854748976164,4.0,9,6,0.11179948718100376,0.08439512496067153,0.14754490648530594,48.37,0.6536486486486486,0.0033930945939749644,3.952748865147416,0.34660639657148334,0.23799161445598924,0.5310939638277431,0.3225545987808868,0.15890808540246287,0.3225545987808868,2.4185,6.97765541525779,2020.5902342896504,4.70095951861397,0.7800982971515747,0.23799161445598924,0.5310939638277431,0.34660639657148334,589.8012570313057,6917.918934619109,4.553808110657467,10.162122751796545,3.0679743136822446,6.846386764087091,0.3843192045458565,1.4993694511060212
525368335,9811363528,73,重点词,2843,1639,2843,9811363528,4124.08,5431,5542,0.7917,117.0,0,0.7594,1.0204,525368335_9811363528,181497.5,100380,138303,0.5530654692213391,1.3777943813508666,2.3783981017240894,2.3783981017240894,1.6891990508620447,1.0209638453853296,4124.08,0.023119642614482613,2026-09-13,9,6,0.6553569257832751,0.449990116613179,1.0041825854313722,0.0034532758284416946,0.0014689566107724357,0.007720919642624225,3.899603970788549,3.5350854748976164,4.0,9,6,0.11179948718100376,0.08439512496067153,0.14754490648530594,48.37,0.6536486486486486,0.0033930945939749644,3.952748865147416,0.3879690350576674,0.2663925938056481,0.5944726199786284,0.28816600573390083,0.1419663784745975,0.28816600573390083,2.4185,6.2337449163707515,1805.1685489553713,6.364428180969132,0.6969294848674391,0.2663925938056481,0.5944726199786284,0.3879690350576674,526.9206300512254,6180.377135885492,4.068311842666439,9.078705850825806,4.153599303115404,9.269030436581405,0.343345686340814,1.3395168057676934
525368335,9811363528,74,重点词,2914,1653,2914,9811363528,4623.04,5627,3428,0.7333,205.0,0,0.8216,0.6092,525368335_9811363528,181497.5,100380,138303,0.5530654692213391,1.3777943813508666,2.1986703711962643,2.1986703711962643,1.5993351855981321,0.6102967799557776,4623.04,0.02591681844010245,2026-09-13,9,6,0.6553569257832751,0.449990116613179,1.0041825854313722,0.0034532758284416946,0.0014689566107724357,0.007720919642624225,3.899603970788549,3.5350854748976164,4.0,9,6,0.11179948718100376,0.08439512496067153,0.14754490648530594,48.37,0.6536486486486486,0.0033930945939749644,3.952748865147416,0.40976834104864607,0.2813607307994591,0.6278750036102156,0.27283583425429,0.13441389524253775,0.27283583425429,2.4185,5.902115311814402,1709.1352110375026,3.60204196972802,0.6598534651440002,0.2813607307994591,0.6278750036102156,0.40976834104864607,498.88892799720486,5851.5866490947565,3.851881323661362,8.595726891695467,2.3507907686023275,5.2459444433810285,0.32508000564407746,1.268255720408437
525368335,9811363528,75,重点词,2919,1655,2919,9811363528,90.58,106,104,0.9079,95.0,0,0.8545,0.9811,525368335_9811363528,181497.5,100380,138303,0.5530654692213391,1.3777943813508666,2.024726739929226,2.024726739929226,1.512363369964613,1.0089680267614645,90.58,0.0005077925811380563,2026-09-13,9,6,0.6553569257832751,0.449990116613179,1.0041825854313722,0.0034532758284416946,0.0014689566107724357,0.007720919642624225,3.899603970788549,3.5350854748976164,4.0,9,6,0.11179948718100376,0.08439512496067153,0.14754490648530594,48.37,0.6536486486486486,0.0033930945939749644,3.952748865147416,0.43333297989001773,0.29754100472805556,0.6639823506535129,0.25799902700546606,0.12710447028841523,0.25799902700546606,2.008814213841987,4.635728889944714,1342.4148895851758,4.677302230688632,0.5182721126059828,0.29754100472805556,0.6639823506535129,0.43333297989001773,391.84490546309354,4596.0419016083715,3.0254030274522314,6.751386134754734,3.0525349227666387,6.8119327462881945,0.255329266558225,0.9961326358985783
525368335,9811363528,76,重点词,2961,1660,2961,9811363528,3144.54,4114,5321,0.9121,95.0,0,0.7644,1.2934,525368335_9811363528,181497.5,100380,138303,0.5530654692213391,1.3777943813508666,2.362050591688651,2.362050591688651,1.6810252958443255,1.2935522452816126,3144.54,0.01762832946667988,2026-09-13,9,6,0.6553569257832751,0.449990116613179,1.0041825854313722,0.0034532758284416946,0.0014689566107724357,0.007720919642624225,3.899603970788549,3.5350854748976164,4.0,9,6,0.11179948718100376,0.08439512496067153,0.14754490648530594,48.37,0.6536486486486486,0.0033930945939749644,3.952748865147416,0.3898554812966751,0.26768789126826514,0.5973631615858601,0.2867716180599902,0.14127942663324286,0.2867716180599902,2.4185,6.203580855028564,1796.4336367037197,8.024655943808225,0.6935571582780863,0.26768789126826514,0.5973631615858601,0.3898554812966751,524.3709482114074,6150.47131241249,4.048625954066946,9.034775493734546,5.237109193188709,11.686954125535612,0.3416842933124979,1.3330351053387974
525368335,9811363528,77,重点词,2978,1664,2978,9811363528,2698.76,4658,6365,0.9164,86.0,0,0.5794,1.3665,525368335_9811363528,181497.5,100380,138303,0.5530654692213391,1.3777943813508666,3.1144329443210412,2.7815627886031566,1.8907813943015783,1.3664857168990157,2698.76,0.01512928136754406,2026-09-13,9,6,0.6553569257832751,0.449990116613179,1.0041825854313722,0.0034532758284416946,0.0014689566107724357,0.007720919642624225,3.899603970788549,3.5350854748976164,4.0,9,6,0.11179948718100376,0.08439512496067153,0.14754490648530594,48.37,0.6536486486486486,0.0033930945939749644,3.952748865147416,0.34660639657148334,0.23799161445598924,0.5310939638277431,0.3225545987808868,0.15890808540246287,0.3225545987808868,2.4185,6.97765541525779,2020.5902342896504,9.53486646239284,0.7800982971515747,0.23799161445598924,0.5310939638277431,0.34660639657148334,589.8012570313057,6917.918934619109,4.553808110657467,10.162122751796545,6.222713740712321,13.8863955937045,0.3843192045458565,1.4993694511060212
525368335,9811363528,100,重点词,4091,1834,4091,9811363528,44.79,64,337,0.4,581.0,0,0.6998,5.2656,525368335_9811363528,181497.5,100380,138303,0.5530654692213391,1.3777943813508666,2.3420751004272695,2.3420751004272695,1.6710375502136348,4.833643820150097,44.79,0.00025109328449076556,2026-09-13,9,6,0.6553569257832751,0.449990116613179,1.0041825854313722,0.0034532758284416946,0.0014689566107724357,0.007720919642624225,3.899603970788549,3.5350854748976164,4.0,9,6,0.11179948718100376,0.08439512496067153,0.14754490648530594,48.37,0.6536486486486486,0.0033930945939749644,3.952748865147416,0.3921856368215607,0.2692878544564422,0.6009335848275773,0.2850677757785175,0.1404400204806103,0.2850677757785175,2.4185,6.166722523549187,1785.760196958245,29.807740216533936,0.6894364157203445,0.2692878544564422,0.6009335848275773,0.3921856368215607,521.2554188616665,6113.928529190194,4.024571202313359,8.98109573074413,19.45334372081601,43.41141787708778,0.339654189532356,1.325114929728223
525368335,9811363528,103,重点词,4352,1870,4352,9811363528,29.26,39,434,0.2927,677.0,0,0.7503,11.1282,525368335_9811363528,181497.5,100380,138303,0.5530654692213391,1.3777943813508666,2.1054679516871255,2.1054679516871255,1.5527339758435628,9.46856074576185,29.26,0.00016403191569992856,2026-09-13,9,6,0.6553569257832751,0.449990116613179,1.0041825854313722,0.0034532758284416946,0.0014689566107724357,0.007720919642624225,3.899603970788549,3.5350854748976164,4.0,9,6,0.11179948718100376,0.08439512496067153,0.14754490648530594,48.37,0.6536486486486486,0.0033930945939749644,3.952748865147416,0.4220664556703833,0.2898050301042136,0.6467190137227622,0.26488598105582356,0.13049736155870983,0.26488598105582356,2.4185,5.73014028361626,1659.3346631688005,54.256181357157594,0.6406267451835093,0.2898050301042136,0.6467190137227622,0.4220664556703833,484.35237069065425,5681.083918155639,3.7396457328170825,8.345265777927697,35.40906278880764,79.01765595783593,0.31560786892973974,1.231301458799366
525368335,9811363528,146,重点词,6554,2211,6554,9811363528,22.07,120,24,0.5714,127.0,0,0.1839,0.2,525368335_9811363528,181497.5,100380,138303,0.5530654692213391,1.3777943813508666,7.468719033619804,2.7815627886031566,1.8907813943015783,0.2736121488344292,22.07,0.00012372468829451207,2026-09-13,9,6,0.6553569257832751,0.449990116613179,1.0041825854313722,0.0034532758284416946,0.0014689566107724357,0.007720919642624225,3.899603970788549,3.5350854748976164,4.0,9,6,0.11179948718100376,0.08439512496067153,0.14754490648530594,48.37,0.6536486486486486,0.0033930945939749644,3.952748865147416,0.34660639657148334,0.23799161445598924,0.5310939638277431,0.3225545987808868,0.15890808540246287,0.3225545987808868,2.4185,6.97765541525779,2020.5902342896504,1.9091712919948753,0.7800982971515747,0.23799161445598924,0.5310939638277431,0.34660639657148334,589.8012570313057,6917.918934619109,4.553808110657467,10.162122751796545,1.2459772225366417,2.7804802428382955,0.3843192045458565,1.4993694511060212
525368335,9811363528,176,潜力词,5309,2031,5309,9811363528,4.65,10,5,1.0,200.0,0,0.465,0.5,525368335_9811363528,181497.5,100380,138303,0.5530654692213391,1.3777943813508666,2.056730294275929,2.056730294275929,1.5283651471379645,0.8901308361559407,4.65,2.6067956527842372e-05,2026-09-13,9,6,0.6553569257832751,0.449990116613179,1.0041825854313722,0.0034532758284416946,0.0014689566107724357,0.007720919642624225,3.899603970788549,3.5350854748976164,4.0,9,6,0.11179948718100376,0.08439512496067153,0.14754490648530594,48.37,0.6536486486486486,0.0033930945939749644,3.952748865147416,0.42879604197367666,0.29442579049635886,0.6570305449007503,0.26072882265052955,0.12844931733488904,0.26072882265052955,2.4185,5.640210643895051,1633.292828056605,5.020525416545938,0.6305726575803057,0.29442579049635886,0.6570305449007503,0.42879604197367666,476.750875432525,5591.9241760379,3.6809551987652775,8.214293985329078,3.2765317289294935,7.311796373591687,0.3106546739744291,1.21197723790819
525368335,9811363528,188,潜力词,5624,2082,5624,9811363528,5.22,14,5,1.0,54.0,0,0.3729,0.3571,525368335_9811363528,181497.5,100380,138303,0.5530654692213391,1.3777943813508666,2.5130616608694187,2.5130616608694187,1.7565308304347094,0.7282888659457697,5.22,2.9263383457061755e-05,2026-09-13,9,6,0.6553569257832751,0.449990116613179,1.0041825854313722,0.0034532758284416946,0.0014689566107724357,0.007720919642624225,3.899603970788549,3.5350854748976164,4.0,9,6,0.11179948718100376,0.08439512496067153,0.14754490648530594,48.37,0.6536486486486486,0.0033930945939749644,3.952748865147416,0.3730973088705117,0.25618116620350734,0.5716851466722365,0.29965235482254643,0.14762518398795776,0.29965235482254643,2.4185,6.482223115791414,1877.1228936891916,4.720930921807183,0.7247092201383284,0.25618116620350734,0.5716851466722365,0.3730973088705117,547.9237816317293,6426.728085927177,4.230475488261366,9.440584707459609,3.0810081957572466,6.875472730460734,0.3570315074748759,1.3929101878287373
63563817,1841014603,2,黄金词,4048,38,4048,1841014603,2.81,2,23,0.0,477.0,0,1.405,11.5,63563817_1841014603,4767.6,4023,12090,0.8438207903347595,3.005219985085757,0.9595373977732911,0.9595373977732911,0.9797686988866455,4.704175988068606,2.81,0.0006002875398678513,2026-09-13,9,6,1.0178844201049255,0.6989136924955998,1.5596719412549505,0.0366090467204302,0.01581803482442092,0.07921007594035374,3.4960625640332252,3.1315440681422926,3.8008247189036997,9,6,0.11179948718100376,0.08439512496067153,0.14754490648530594,35.77,1.022,0.0440251572327044,3.4547169811320755,1.0389027749729018,0.7133456021710086,1.5918776983049925,0.10761304125298912,0.05301608600367616,0.10761304125298912,1.7885000000000002,1.7215277917095277,47.02465499460287,8.098369700552732,0.19246592428097106,0.7133456021710086,1.5918776983049925,1.0389027749729018,14.184003062768502,158.50261403444438,1.1235159597401032,2.507199868558589,5.285216800021248,11.79430941896208,0.09481926981757481,0.36992457014644836
63563817,1841014603,4,黄金词,4675,42,4675,1841014603,1.45,1,3,0.0,42.0,0,1.45,3.0,63563817_1841014603,4767.6,4023,12090,0.8438207903347595,3.005219985085757,0.9721436127127064,0.9721436127127064,0.9860718063563532,3.004639986742895,1.45,0.00030975691559017237,2026-09-13,9,6,1.0178844201049255,0.6989136924955998,1.5596719412549505,0.0366090467204302,0.01581803482442092,0.07921007594035374,3.4960625640332252,3.1315440681422926,3.8008247189036997,9,6,0.11179948718100376,0.08439512496067153,0.14754490648530594,35.77,1.022,0.0440251572327044,3.4547169811320755,1.0322619646393942,0.7087857983468414,1.5817021957235697,0.1083053440025365,0.05335715230645166,0.1083053440025365,1.7885000000000002,1.732602828803042,47.32717685970605,5.205847740565474,0.19370410774853652,0.7087857983468414,1.5817021957235697,1.0322619646393942,14.275252452299815,159.52230267281786,1.1307438308143893,2.523329338950447,3.397478128827757,7.58169623153203,0.09542926690008882,0.3723043913470726
63563817,1841014603,7,黄金词,5801,63,5801,1841014603,0.5,1,2,0.0,32.0,0,0.5,2.0,63563817_1841014603,4767.6,4023,12090,0.8438207903347595,3.005219985085757,1.0800333828151678,1.0800333828151678,1.040016691407584,2.893528875631784,0.5,0.00010681272951385254,2026-09-13,9,6,1.0178844201049255,0.6989136924955998,1.5596719412549505,0.0366090467204302,0.01581803482442092,0.07921007594035374,3.4960625640332252,3.1315440681422926,3.8008247189036997,9,6,0.11179948718100376,0.08439512496067153,0.14754490648530594,35.77,1.022,0.0440251572327044,3.4547169811320755,0.9787193114442192,0.6720216110663311,1.499660490202376,0.11423038850232764,0.05627615417759162,0.11423038850232764,1.7885000000000002,1.827388076527121,49.91629775236188,5.287600166416449,0.20430104983641298,0.6720216110663311,1.499660490202376,0.9787193114442192,15.056206585307768,168.24926578576878,1.1926032669958824,2.6613727453825415,3.4508319902253874,7.700758887583819,0.10064990174662261,0.39267199284000903
63563817,1841014603,1,重点词,9,1,9,1841014603,3424.41,3271,9750,0.6109,196.0,0,1.0469,2.9807,63563817_1841014603,4767.6,4023,12090,0.8438207903347595,3.005219985085757,1.131685203603477,1.131685203603477,1.0658426018017386,2.9807995608053326,3424.41,0.7315411581490635,2026-09-13,9,6,1.0178844201049255,0.6989136924955998,1.5596719412549505,0.0366090467204302,0.01581803482442092,0.07921007594035374,3.4960625640332252,3.1315440681422926,3.8008247189036997,9,6,0.11179948718100376,0.08439512496067153,0.14754490648530594,35.77,1.022,0.0440251572327044,3.4547169811320755,0.9550044428551243,0.6557381843380354,1.463322950892022,0.11706698122446736,0.05767361532136525,0.11706698122446736,31.400672672390403,32.88013255573297,898.1422763293026,98.00908468134996,3.6759819581743725,0.6557381843380354,1.463322950892022,0.9550044428551243,270.9058216316275,3027.303413270751,21.458470704125137,47.885990815205055,63.96340005041031,142.7385403906914,1.8109903165395502,7.065334036785649
63563817,1841014603,1,潜力词,1186,7,1186,1841014603,1.79,1,1,1.0,13.0,0,1.79,1.0,63563817_1841014603,4767.6,4023,12090,0.8438207903347595,3.005219985085757,0.93858738648709,0.93858738648709,0.969293693243545,2.7824177645206727,1.79,0.0003823895716595921,2026-09-13,9,6,1.0178844201049255,0.6989136924955998,1.5596719412549505,0.0366090467204302,0.01581803482442092,0.07921007594035374,3.4960625640332252,3.1315440681422926,3.8008247189036997,9,6,0.11179948718100376,0.08439512496067153,0.14754490648530594,35.77,1.022,0.0440251572327044,3.4547169811320755,1.050130035096774,0.7210546167455466,1.6090808721099013,0.10646251744499524,0.052449274877035074,0.10646251744499524,1.7885000000000002,1.703122413630596,46.521900082149486,4.738798058839095,0.190408212450374,0.7210546167455466,1.6090808721099013,1.050130035096774,14.032357564914685,156.8080143005034,1.1115041083390895,2.4803946309536564,3.092668776380393,6.901494084187152,0.09380552811757725,0.36596959387071215
63563817,1841014603,4,潜力词,3169,30,3169,1841014603,5.66,4,4,1.0,7.0,0,1.415,1.0,63563817_1841014603,4767.6,4023,12090,0.8438207903347595,3.005219985085757,0.9329696084250255,0.9329696084250255,0.9664848042125127,2.3368133233905044,5.66,0.0012091200980968108,2026-09-13,9,6,1.0178844201049255,0.6989136924955998,1.5596719412549505,0.0366090467204302,0.01581803482442092,0.07921007594035374,3.4960625640332252,3.1315440681422926,3.8008247189036997,9,6,0.11179948718100376,0.08439512496067153,0.14754490648530594,35.77,1.022,0.0440251572327044,3.4547169811320755,1.053182021764215,0.723150213484289,1.6137573342663818,0.10615400269910161,0.05229728359316041,0.10615400269910161,0.7923273276095983,0.752317558822689,20.550045035803883,1.7580256948774793,0.08410871727364126,0.723150213484289,1.6137573342663818,1.053182021764215,6.198491020536505,69.26655510974643,0.49098294445229734,1.0956607808936398,1.1473354861536285,2.560354710708702,0.041436566950610085,0.16165916745656936
63563817,1841014603,8,潜力词,6414,76,6414,1841014603,1.78,1,1,1.0,260.0,0,1.78,1.0,63563817_1841014603,4767.6,4023,12090,0.8438207903347595,3.005219985085757,0.9395412354570973,0.9395412354570973,0.9697706177285487,2.7824177645206727,1.78,0.000380253317069315,2026-09-13,9,6,1.0178844201049255,0.6989136924955998,1.5596719412549505,0.0366090467204302,0.01581803482442092,0.07921007594035374,3.4960625640332252,3.1315440681422926,3.8008247189036997,9,6,0.11179948718100376,0.08439512496067153,0.14754490648530594,35.77,1.022,0.0440251572327044,3.4547169811320755,1.0496135905716257,0.7207000085573172,1.6082895405803301,0.10651490051697701,0.05247508165116752,0.10651490051697701,1.7885000000000002,1.7039604060633138,46.54479039227193,4.741129703870423,0.19050189957461341,0.7207000085573172,1.6082895405803301,1.0496135905716257,14.039261947922315,156.88516901840367,1.1120510050414452,2.481615066968271,3.094190471480385,6.904889847034676,0.09385168353311313,0.36614966298835977
63563817,2874903000,1,黄金词,1307,116,1307,2874903000,0.81,1,0,0.0,0.0,0,0.81,0.0,63563817_2874903000,2847.9100000000003,2019,2179,0.7089409426561935,1.079247152055473,1.0677062829835837,1.0677062829835837,1.0338531414917917,0.9593308018270871,0.81,0.000409991648318275,2026-09-13,9,6,1.1160915398486708,0.7663460053729135,1.710151589111232,0.02127071013727383,0.009136897781703374,0.046584415547913746,3.5930855754412665,3.228567079550334,3.897847730311741,9,6,0.11179948718100376,0.08439512496067153,0.14754490648530594,12.19,1.1081818181818182,0.022222222222222223,3.5757575757575757,1.0795455322002636,0.7412522868258827,1.6541533032859772,0.10356162278133918,0.051020135070323006,0.10356162278133918,0.6095,0.564589433071669,26.543045785871907,0.5416280335317447,0.06312080908522623,0.7412522868258827,1.6541533032859772,1.0795455322002636,7.909650651112791,89.99303476554957,0.3684664527702648,0.8222571597181044,0.35348121758248063,0.7888166203404323,0.03109677232536187,0.12131985573748098
63563817,2874903000,2,黄金词,2499,129,2499,2874903000,1.08,1,0,0.0,0.0,0,1.08,0.0,63563817_2874903000,2847.9100000000003,2019,2179,0.7089409426561935,1.079247152055473,1.0361657253899768,1.0361657253899768,1.0180828626949885,0.9593308018270871,1.08,0.0005466555310910333,2026-09-13,9,6,1.1160915398486708,0.7663460053729135,1.710151589111232,0.02127071013727383,0.009136897781703374,0.046584415547913746,3.5930855754412665,3.228567079550334,3.897847730311741,9,6,0.11179948718100376,0.08439512496067153,0.14754490648530594,12.19,1.1081818181818182,0.022222222222222223,3.5757575757575757,1.0962678783279403,0.7527344123486206,1.6797764227012464,0.10198190550974055,0.05024187970501207,0.10198190550974055,0.6095,0.5559772497663866,26.138161169904585,0.5333661008160063,0.062157971408186866,0.7527344123486206,1.6797764227012464,1.0962678783279403,7.788997735386893,88.62029119969333,0.36284590720702214,0.8097145420763849,0.3480892551005894,0.776784100901191,0.03062242568020486,0.11946925639045254
63563817,2874903000,3,黄金词,4345,150,4345,2874903000,0.56,1,0,0.0,0.0,0,0.56,0.0,63563817_2874903000,2847.9100000000003,2019,2179,0.7089409426561935,1.079247152055473,1.0986722424668662,1.0986722424668662,1.0493361212334331,0.9593308018270871,0.56,0.00028345101612127656,2026-09-13,9,6,1.1160915398486708,0.7663460053729135,1.710151589111232,0.02127071013727383,0.009136897781703374,0.046584415547913746,3.5930855754412665,3.228567079550334,3.897847730311741,9,6,0.11179948718100376,0.08439512496067153,0.14754490648530594,12.19,1.1081818181818182,0.022222222222222223,3.5757575757575757,1.0636168118722251,0.730315091481001,1.6297462314563698,0.105112561152742,0.05178421237106011,0.105112561152742,0.6095,0.5730447217425337,26.94055431362191,0.5497394523920449,0.06406610602259627,0.730315091481001,1.6297462314563698,1.0636168118722251,8.02810554173481,91.34077002720704,0.3739846046186836,0.834571279040666,0.3587749506198279,0.8006299343039397,0.031562477440161135,0.12313674132137722
63563817,2874903000,4,黄金词,5351,166,5351,2874903000,4.07,3,6,0.75,558.0,0,1.3567,2.0,63563817_2874903000,2847.9100000000003,2019,2179,0.7089409426561935,1.079247152055473,1.0133276331568972,1.0133276331568972,1.0066638165784485,1.330361565131253,4.07,0.002060081492167135,2026-09-13,9,6,1.1160915398486708,0.7663460053729135,1.710151589111232,0.02127071013727383,0.009136897781703374,0.046584415547913746,3.5930855754412665,3.228567079550334,3.897847730311741,9,6,0.11179948718100376,0.08439512496067153,0.14754490648530594,12.19,1.1081818181818182,0.022222222222222223,3.5757575757575757,1.1087033441235192,0.7612730215909105,1.6988308916514645,0.10083805354568166,0.04967835549460105,0.10083805354568166,0.6095,0.5497412840238501,25.84498968186814,0.731354675031234,0.06146079363609298,0.7612730215909105,1.6988308916514645,1.1087033441235192,7.701634586864222,87.6263061036357,0.35877614599266794,0.8006326018571698,0.47730199511456467,1.0651308413018117,0.030278957673959342,0.1181292623701033
63563817,2874903000,5,黄金词,5995,169,5995,2874903000,0.92,1,0,0.0,0.0,0,0.92,0.0,63563817_2874903000,2847.9100000000003,2019,2179,0.7089409426561935,1.079247152055473,1.0546274755082838,1.0546274755082838,1.027313737754142,0.9593308018270871,0.92,0.0004656695264849543,2026-09-13,9,6,1.1160915398486708,0.7663460053729135,1.710151589111232,0.02127071013727383,0.009136897781703374,0.046584415547913746,3.5930855754412665,3.228567079550334,3.897847730311741,9,6,0.11179948718100376,0.08439512496067153,0.14754490648530594,12.19,1.1081818181818182,0.022222222222222223,3.5757575757575757,1.0864174193646141,0.745970755777352,1.6646828775500204,0.10290656720727945,0.05069741876896047,0.10290656720727945,0.6095,0.5610182505693466,26.375153765376343,0.5382020881583209,0.06272155271283682,0.745970755777352,1.6646828775500204,1.0864174193646141,7.859619948534711,89.42380421984642,0.3661358017312134,0.8170561584077916,0.3512453522524083,0.7838271395831061,0.030900076739681412,0.12055247448552092
63563817,2874903000,1,重点词,431,109,431,2874903000,121.72,94,161,0.9146,114.0,0,1.2949,1.7128,63563817_2874903000,2847.9100000000003,2019,2179,0.7089409426561935,1.079247152055473,1.083773652535464,1.083773652535464,1.0418868262677319,1.663078208004351,121.72,0.06161010300407461,2026-09-13,9,6,1.1160915398486708,0.7663460053729135,1.710151589111232,0.02127071013727383,0.009136897781703374,0.046584415547913746,3.5930855754412665,3.228567079550334,3.897847730311741,9,6,0.11179948718100376,0.08439512496067153,0.14754490648530594,12.19,1.1081818181818182,0.022222222222222223,3.5757575757575757,1.0712214721504414,0.7355367071087113,1.6413986106700011,0.10436636128714823,0.051416593393010336,0.10436636128714823,0.9012325867436033,0.8413130339279038,39.552653790040836,1.399169372835522,0.09405836575183406,0.7355367071087113,1.6413986106700011,1.0712214721504414,11.786427086305034,134.10154118377366,0.54906381721362,1.2252720741650251,0.9131360692116556,2.037723285420144,0.04633830946512677,0.18078265360173548
63563817,2874903000,2,重点词,2275,128,2275,2874903000,264.04,180,181,0.9463,87.0,0,1.4669,1.0056,63563817_2874903000,2847.9100000000003,2019,2179,0.7089409426561935,1.079247152055473,0.9627337427842334,0.9627337427842334,0.9813668713921166,1.0086913681725733,264.04,0.1336471541011819,2026-09-13,9,6,1.1160915398486708,0.7663460053729135,1.710151589111232,0.02127071013727383,0.009136897781703374,0.046584415547913746,3.5930855754412665,3.228567079550334,3.897847730311741,9,6,0.11179948718100376,0.08439512496067153,0.14754490648530594,12.19,1.1081818181818182,0.022222222222222223,3.5757575757575757,1.1372826741801878,0.7808965512416518,1.7426220906410859,0.09830404500059285,0.04842996391123664,0.09830404500059285,1.7849937039708426,1.5695251009231794,73.78809126700546,1.583166421431398,0.17547210140092462,0.7808965512416518,1.7426220906410859,1.1372826741801878,21.988359167322592,250.17529322914655,1.0243148606673342,2.28582608174238,1.0332175582460321,2.305693037797274,0.08644718066509252,0.33726199547235275
63563817,2874903000,3,重点词,2561,130,2561,2874903000,402.98,281,248,0.9607,79.0,0,1.4341,0.8826,63563817_2874903000,2847.9100000000003,2019,2179,0.7089409426561935,1.079247152055473,0.9839088145876147,0.9839088145876147,0.9919544072938073,0.8880068415793902,402.98,0.20397337585098574,2026-09-13,9,6,1.1160915398486708,0.7663460053729135,1.710151589111232,0.02127071013727383,0.009136897781703374,0.046584415547913746,3.5930855754412665,3.228567079550334,3.897847730311741,9,6,0.11179948718100376,0.08439512496067153,0.14754490648530594,12.19,1.1081818181818182,0.022222222222222223,3.5757575757575757,1.1251439901290698,0.7725617223311849,1.7240223709240514,0.09936460414118088,0.048952453508730835,0.09936460414118088,2.983722541948219,2.6518584004576553,124.67183198602564,2.354868402506176,0.2964764092478028,0.7725617223311849,1.7240223709240514,1.1251439901290698,37.15137460104787,422.69438860611194,1.7306750725914224,3.8621154215936477,1.5368513050120909,3.4295849173444304,0.14606053901767235,0.5698354587144927
63563817,2874903000,6,重点词,4667,156,4667,2874903000,8.06,19,37,0.7059,196.0,0,0.4242,1.9474,63563817_2874903000,2847.9100000000003,2019,2179,0.7089409426561935,1.079247152055473,2.162564508140408,2.162564508140408,1.581282254070204,1.6901473043127326,8.06,0.00407966998203123,2026-09-13,9,6,1.1160915398486708,0.7663460053729135,1.710151589111232,0.02127071013727383,0.009136897781703374,0.046584415547913746,3.5930855754412665,3.228567079550334,3.897847730311741,9,6,0.11179948718100376,0.08439512496067153,0.14754490648530594,12.19,1.1081818181818182,0.022222222222222223,3.5757575757575757,0.7058142447218786,0.4846358095781742,1.0814967313452861,0.15839789012059058,0.07803548777784235,0.15839789012059058,0.6095,0.8635416535694451,40.59768799426277,1.4595125979421573,0.09654351402849996,0.4846358095781742,1.0814967313452861,0.7058142447218786,12.097840310715732,137.6446839048622,0.5635708202666836,1.2576454070335976,0.9525177026630508,2.1256059944791246,0.04756262980059492,0.18555917397244667
63563817,2874903000,7,重点词,4798,159,4798,2874903000,105.25,107,116,0.973,83.0,0,0.9836,1.0841,63563817_2874903000,2847.9100000000003,2019,2179,0.7089409426561935,1.079247152055473,1.4031361408250778,1.4031361408250778,1.2015680704125389,1.0837737149255982,105.25,0.05327360615493635,2026-09-13,9,6,1.1160915398486708,0.7663460053729135,1.710151589111232,0.02127071013727383,0.009136897781703374,0.046584415547913746,3.5930855754412665,3.228567079550334,3.897847730311741,9,6,0.11179948718100376,0.08439512496067153,0.14754490648530594,12.19,1.1081818181818182,0.022222222222222223,3.5757575757575757,0.9288625150179622,0.6377882570646215,1.4232665058452154,0.12036171701776748,0.05929678286819022,0.12036171701776748,0.7792863108344089,0.8389684137693285,39.44242615102719,0.9092519144960215,0.09379623842047109,0.6377882570646215,1.4232665058452154,0.9288625150179622,11.753579984893676,133.72781919911884,0.5475336541919288,1.2218574145924588,0.5934025824503745,1.3242169493222558,0.046209171165700946,0.180278837974422
63563817,2874903000,8,重点词,4860,164,4860,2874903000,46.03,41,111,0.5625,173.0,0,1.1227,2.7073,63563817_2874903000,2847.9100000000003,2019,2179,0.7089409426561935,1.079247152055473,1.2182056559926036,1.2182056559926036,1.1091028279963018,2.4415097391110976,46.03,0.023298661200111356,2026-09-13,9,6,1.1160915398486708,0.7663460053729135,1.710151589111232,0.02127071013727383,0.009136897781703374,0.046584415547913746,3.5930855754412665,3.228567079550334,3.897847730311741,9,6,0.11179948718100376,0.08439512496067153,0.14754490648530594,12.19,1.1081818181818182,0.022222222222222223,3.5757575757575757,1.006301229855301,0.6909602843204263,1.5419233870323648,0.11109942417250125,0.05473366943548414,0.11109942417250125,0.6095,0.6056834493659934,28.47499897545128,1.4787820404454761,0.06771509903313952,0.6909602843204263,1.5419233870323648,1.006301229855301,8.48535981904896,96.54323747995593,0.3952855278841469,0.8821056923690713,0.965093466058816,2.1536696388444256,0.03336017152092759,0.1301502018907507
63563817,2874903000,10,重点词,6282,172,6282,2874903000,162.07,119,149,0.947,76.0,0,1.3619,1.2521,63563817_2874903000,2847.9100000000003,2019,2179,0.7089409426561935,1.079247152055473,1.0340093627088827,1.0340093627088827,1.0170046813544413,1.2412124190271163,162.07,0.08203376104067016,2026-09-13,9,6,1.1160915398486708,0.7663460053729135,1.710151589111232,0.02127071013727383,0.009136897781703374,0.046584415547913746,3.5930855754412665,3.228567079550334,3.897847730311741,9,6,0.11179948718100376,0.08439512496067153,0.14754490648530594,12.19,1.1081818181818182,0.022222222222222223,3.5757575757575757,1.0974300908450747,0.7535324265688709,1.6815572439977968,0.10187390350752339,0.05018867199550544,0.10187390350752339,1.199989856502923,1.0934544865439877,51.40658113843917,1.3572092883393163,0.1222476508513856,0.7535324265688709,1.6815572439977968,1.0974300908450747,15.31881839233249,174.29176293068866,0.7136182016914407,1.5924860220905797,0.8857517743832137,1.9766134277459182,0.06022589730595884,0.2349632012085114
63563817,2874903000,1,潜力词,193,106,193,2874903000,4.83,5,4,1.0,63.0,0,0.966,0.8,63563817_2874903000,2847.9100000000003,2019,2179,0.7089409426561935,1.079247152055473,1.1724417106533702,1.1724417106533702,1.086220855326685,0.9718444012649065,4.83,0.0024447650140460102,2026-09-13,9,6,1.1160915398486708,0.7663460053729135,1.710151589111232,0.02127071013727383,0.009136897781703374,0.046584415547913746,3.5930855754412665,3.228567079550334,3.897847730311741,9,6,0.11179948718100376,0.08439512496067153,0.14754490648530594,12.19,1.1081818181818182,0.022222222222222223,3.5757575757575757,1.0274996418780802,0.7055158272968641,1.5744050399372027,0.1088073247175589,0.05360445553708196,0.1088073247175589,0.6095,0.5931875546797722,27.887529417285286,0.5764860039155573,0.06631806441535217,0.7055158272968641,1.5744050399372027,1.0274996418780802,8.310297808052093,94.55144766057226,0.3871303664172155,0.8639069123867253,0.37623047916220265,0.8395830960170911,0.03267191564985146,0.12746506460010879
63563817,2874903000,8,潜力词,2669,133,2669,2874903000,7.34,7,9,0.8571,23.0,0,1.0486,1.2857,63563817_2874903000,2847.9100000000003,2019,2179,0.7089409426561935,1.079247152055473,1.1645378643149817,1.1645378643149817,1.0822689321574908,1.175598481096252,7.34,0.0037152329613038743,2026-09-13,9,6,1.1160915398486708,0.7663460053729135,1.710151589111232,0.02127071013727383,0.009136897781703374,0.046584415547913746,3.5930855754412665,3.228567079550334,3.897847730311741,9,6,0.11179948718100376,0.08439512496067153,0.14754490648530594,12.19,1.1081818181818182,0.022222222222222223,3.5757575757575757,1.0312515740646413,0.7080920301807163,1.5801540063633392,0.10841145845756149,0.05340943010669163,0.10841145845756149,0.6095,0.5910294009032903,27.786068123207468,0.6948132659851358,0.06607678392988373,0.7080920301807163,1.5801540063633392,1.0312515740646413,8.280063018976286,94.20744758465925,0.38572189643890453,0.8607638188562099,0.453454075579142,1.01191263802997,0.03255304765002855,0.1270013171590743
63563817,2874903000,10,潜力词,2959,140,2959,2874903000,1.27,2,2,1.0,25.0,0,0.635,1.0,63563817_2874903000,2847.9100000000003,2019,2179,0.7089409426561935,1.079247152055473,1.1662496741831487,1.1662496741831487,1.0831248370915745,1.0633977216443784,1.27,0.0006428264115607522,2026-09-13,9,6,1.1160915398486708,0.7663460053729135,1.710151589111232,0.02127071013727383,0.009136897781703374,0.046584415547913746,3.5930855754412665,3.228567079550334,3.897847730311741,9,6,0.11179948718100376,0.08439512496067153,0.14754490648530594,12.19,1.1081818181818182,0.022222222222222223,3.5757575757575757,1.0304366603258948,0.7075324829875742,1.5789053399452648,0.10849719491312071,0.05345166858679268,0.10849719491312071,0.6095,0.5914968124360349,27.808042543888682,0.6289963627043917,0.06612904029954707,0.7075324829875742,1.5789053399452648,1.0304366603258948,8.286611249810502,94.28195089600757,0.3860269419451893,0.861444547996398,0.410500170557861,0.916058169662341,0.032578792003650145,0.1271017552764052
63563817,2874903000,13,潜力词,4363,152,4363,2874903000,0.15,1,1,1.0,15.0,0,0.15,1.0,63563817_2874903000,2847.9100000000003,2019,2179,0.7089409426561935,1.079247152055473,1.15353894397861,1.15353894397861,1.076769471989305,1.0704419129381981,0.15,7.592437931819907e-05,2026-09-13,9,6,1.1160915398486708,0.7663460053729135,1.710151589111232,0.02127071013727383,0.009136897781703374,0.046584415547913746,3.5930855754412665,3.228567079550334,3.897847730311741,9,6,0.11179948718100376,0.08439512496067153,0.14754490648530594,12.19,1.1081818181818182,0.022222222222222223,3.5757575757575757,1.0365185574835432,0.7117085182189538,1.5882244376335903,0.10786057458771432,0.05313803449997148,0.10786057458771432,0.2742749999999994,0.2646117602234575,12.44019398110098,0.28325151879954164,0.029583459095045277,0.7117085182189538,1.5882244376335903,1.0365185574835432,3.7070948532575336,42.17793310017552,0.17269284711968128,0.38537546337982703,0.1848576616215354,0.4125220482197466,0.014574434412479647,0.05686018670610802
63563817,4190988309,1,黄金词,2397,186,2397,4190988309,2.26,2,36,0.5,1490.0,0,1.13,18.0,63563817_4190988309,2478.0,1635,12179,0.6598062953995157,7.4489296636085625,1.0747279709835715,1.0747279709835715,1.0373639854917858,9.55914373088685,2.26,0.0009261384126151524,2026-09-13,9,6,1.036495654163096,0.7116927920284869,1.5881893436037013,0.005888466723485464,0.0025085834242574634,0.013123457744365583,3.85388928587538,3.4893707899844473,4.0,9,6,0.11179948718100376,0.08439512496067153,0.14754490648530594,9.69,0.969,0.005681818181818182,3.856818181818182,0.9991629444044386,0.686058897341701,1.5309856191419489,0.11189314796661419,0.055124701307103945,0.11189314796661419,0.4845,0.48490589319121635,82.34841359589002,4.6352851289689045,0.05421223018982457,0.686058897341701,1.5309856191419489,0.9991629444044386,24.11428519160776,281.5164855421106,0.31646280274764516,0.7062075892861545,3.025113416944034,6.750739849829459,0.02670791778329186,0.104197332720439
63563817,4190988309,2,黄金词,2706,188,2706,4190988309,0.48,2,0,0.0,0.0,0,0.24,0.0,63563817_4190988309,2478.0,1635,12179,0.6598062953995157,7.4489296636085625,1.298734503577337,1.298734503577337,1.1493672517886684,5.95914373088685,0.48,0.00019670196374127133,2026-09-13,9,6,1.036495654163096,0.7116927920284869,1.5881893436037013,0.005888466723485464,0.0025085834242574634,0.013123457744365583,3.85388928587538,3.4893707899844473,4.0,9,6,0.11179948718100376,0.08439512496067153,0.14754490648530594,9.69,0.969,0.005681818181818182,3.856818181818182,0.901796751691055,0.6192039932588442,1.3817944970435945,0.12397415157168913,0.061076466248228906,0.12397415157168913,0.4845,0.5372607509302539,91.23949852470966,3.201614035757584,0.06006547643648338,0.6192039932588442,1.3817944970435945,0.901796751691055,26.71788310289847,311.9115699465375,0.35063100991978724,0.7824561942020063,2.089460584618025,4.662768924372469,0.029591547897266902,0.1154474260023834
63563817,4190988309,3,重点词,2941,191,2941,4190988309,38.41,28,269,0.4138,643.0,0,1.3718,9.6071,63563817_4190988309,2478.0,1635,12179,0.6598062953995157,7.4489296636085625,1.08665154395753,1.08665154395753,1.043325771978765,9.127539925246346,38.41,0.01574025505687965,2026-09-13,9,6,1.036495654163096,0.7116927920284869,1.5881893436037013,0.005888466723485464,0.0025085834242574634,0.013123457744365583,3.85388928587538,3.4893707899844473,4.0,9,6,0.11179948718100376,0.08439512496067153,0.14754490648530594,9.69,0.969,0.005681818181818182,3.856818181818182,0.9934535137546588,0.6821386101473319,1.5222372400439717,0.11253620389188489,0.05544150592336952,0.11253620389188489,0.4845,0.4876926733782242,82.82167434743559,4.451434347509867,0.054523790785618226,0.6821386101473319,1.5222372400439717,0.9934535137546588,24.252871282516185,283.1343758899919,0.3182815314556387,0.7102662021951156,2.9051273858298927,6.482983118089011,0.026861409619872535,0.10479616038255173
63563817,4190988309,6,重点词,4101,199,4101,4190988309,33.58,27,56,0.6538,97.0,0,1.2437,2.0741,63563817_4190988309,2478.0,1635,12179,0.6598062953995157,7.4489296636085625,1.1762992535406145,1.1762992535406145,1.0881496267703072,3.3026124945391,33.58,0.013760941546733105,2026-09-13,9,6,1.036495654163096,0.7116927920284869,1.5881893436037013,0.005888466723485464,0.0025085834242574634,0.013123457744365583,3.85388928587538,3.4893707899844473,4.0,9,6,0.11179948718100376,0.08439512496067153,0.14754490648530594,9.69,0.969,0.005681818181818182,3.856818181818182,0.9525304504670711,0.6540394579198022,1.459532130997041,0.11737103745731503,0.05782341009719273,0.11737103745731503,0.4845,0.5086451564487272,86.37989825433762,1.6798578489743619,0.05686626764806913,0.6540394579198022,1.459532130997041,0.9525304504670711,25.294834598138756,295.29852872915444,0.33195569299939054,0.7407809943775732,1.096321019333173,2.446512567748472,0.02801544219208988,0.10929846254153097
63563817,4190988309,7,重点词,4177,202,4177,4190988309,2053.55,1402,10918,0.4145,483.0,0,1.4647,7.7874,63563817_4190988309,2478.0,1635,12179,0.6598062953995157,7.4489296636085625,1.0345924083827065,1.0345924083827065,1.0172962041913531,7.785525842063028,2053.55,0.8415360784185162,2026-09-13,9,6,1.036495654163096,0.7116927920284869,1.5881893436037013,0.005888466723485464,0.0025085834242574634,0.013123457744365583,3.85388928587538,3.4893707899844473,4.0,9,6,0.11179948718100376,0.08439512496067153,0.14754490648530594,9.69,0.969,0.005681818181818182,3.856818181818182,1.018873018391929,0.6995924973436918,1.5611867389853775,0.10972857771565597,0.0540583152887401,0.10972857771565597,8.720999999999998,8.559457206712779,1453.5969393482992,66.63987527689495,0.9569429262582355,0.6995924973436918,1.5611867389853775,1.018873018391929,425.66030866249156,4969.270006441572,5.586135074185819,12.465828368819107,43.49099897732836,97.05302890816355,0.4714425676331023,1.8392694809392889
63563817,4190988309,10,重点词,6083,217,6083,4190988309,22.89,16,84,0.4375,371.0,0,1.4306,5.25,63563817_4190988309,2478.0,1635,12179,0.6598062953995157,7.4489296636085625,1.0439270204976954,1.0439270204976954,1.0219635102488476,5.9829765545361875,22.89,0.009380224895911877,2026-09-13,9,6,1.036495654163096,0.7116927920284869,1.5881893436037013,0.005888466723485464,0.0025085834242574634,0.013123457744365583,3.85388928587538,3.4893707899844473,4.0,9,6,0.11179948718100376,0.08439512496067153,0.14754490648530594,9.69,0.969,0.005681818181818182,3.856818181818182,1.0142198266068325,0.6963974592940114,1.5540568011249032,0.11023200715276826,0.05430633223932495,0.11023200715276826,0.4845,0.4777070880392273,81.12588734414481,2.858110307674451,0.05340740746551623,0.6963974592940114,1.5540568011249032,1.0142198266068325,23.756289871461334,277.3371543462094,0.3117646662910229,0.6957233883236346,1.8652806889519884,4.162496720782781,0.026311417969952938,0.10265044226985084
63563817,4190988310,1,黄金词,3180,258,3180,4190988310,3.89,3,14,0.6667,676.0,0,1.2967,4.6667,63563817_4190988310,4981.89,3283,7520,0.6589868503720475,2.2905878769418213,1.0554345512638328,1.0554345512638328,1.0277172756319164,2.938609365048597,3.89,0.0008100437090422951,2026-09-13,9,6,1.2839295607274916,0.8815892379016895,1.967324453407038,0.01889650287482033,0.00812893188989814,0.04125891242952158,3.780376199759763,3.4158577038688303,4.0,9,6,0.11179948718100376,0.08439512496067153,0.14754490648530594,14.42,1.3109090909090908,0.015602836879432624,3.8191489361702127,1.2493023044086098,0.857812998579423,1.9142662092523275,0.08948953891022157,0.044087454792212266,0.08948953891022157,0.7210000000000001,0.5771221244495378,30.541213274894133,1.6959364796841538,0.06452195755426976,0.857812998579423,1.9142662092523275,1.2493023044086098,9.128830756372968,103.3972902069562,0.37664562876111557,0.8405095296923789,1.1068143719820314,2.469929175366617,0.03178705490518505,0.12401289995847052
63563817,4190988310,2,黄金词,3501,261,3501,4190988310,1.01,1,0,0.0,0.0,0,1.01,0.0,63563817_4190988310,4981.89,3283,7520,0.6589868503720475,2.2905878769418213,1.055951594546226,1.055951594546226,1.027975797273113,2.0360781128371745,1.01,0.00021031983191072443,2026-09-13,9,6,1.2839295607274916,0.8815892379016895,1.967324453407038,0.01889650287482033,0.00812893188989814,0.04125891242952158,3.780376199759763,3.4158577038688303,4.0,9,6,0.11179948718100376,0.08439512496067153,0.14754490648530594,14.42,1.3109090909090908,0.015602836879432624,3.8191489361702127,1.2489881222236372,0.8575972705196566,1.9137847978772584,0.08951204994805029,0.044098544964032184,0.08951204994805029,0.7210000000000001,0.5772672991608335,30.54889589808941,1.1753613130780025,0.06453818801254427,0.8575972705196566,1.9137847978772584,1.2489881222236372,9.131127108069393,103.42329973096965,0.37674037373466573,0.8407209593415729,0.76707282918325,1.7117735443188486,0.03179505091906721,0.12404409532628906
63563817,4190988310,1,重点词,925,228,925,4190988310,109.28,74,122,0.9231,44.0,0,1.4768,1.6486,63563817_4190988310,4981.89,3283,7520,0.6589868503720475,2.2905878769418213,1.0256825569075831,1.0256825569075831,1.0128412784537915,1.7112768660431046,109.28,0.022756189337825708,2026-09-13,9,6,1.2839295607274916,0.8815892379016895,1.967324453407038,0.01889650287482033,0.00812893188989814,0.04125891242952158,3.780376199759763,3.4158577038688303,4.0,9,6,0.11179948718100376,0.08439512496067153,0.14754490648530594,14.42,1.3109090909090908,0.015602836879432624,3.8191489361702127,1.267651297434821,0.8704120345959122,1.942381788003709,0.08819419615412981,0.043449297909351266,0.08819419615412981,0.7210000000000001,0.5687683998422853,30.09913546491037,0.9733202047864574,0.0635880154271276,0.8704120345959122,1.942381788003709,1.267651297434821,8.996692799960895,101.90063559793576,0.3711937603888939,0.8283433263129496,0.6352152949730614,1.4175247714605452,0.03132694379264227,0.12221783861857141
63563817,4190988310,3,重点词,1186,231,1186,4190988310,55.07,39,57,0.8974,146.0,0,1.4121,1.4615,63563817_4190988310,4981.89,3283,7520,0.6589868503720475,2.2905878769418213,1.0651315941523276,1.0651315941523276,1.0325657970761637,1.6026532556496715,55.07,0.011467636775567915,2026-09-13,9,6,1.2839295607274916,0.8815892379016895,1.967324453407038,0.01889650287482033,0.00812893188989814,0.04125891242952158,3.780376199759763,3.4158577038688303,4.0,9,6,0.11179948718100376,0.08439512496067153,0.14754490648530594,14.42,1.3109090909090908,0.015602836879432624,3.8191489361702127,1.2434360738687018,0.8537850473045081,1.9052775706669325,0.08991172890228454,0.04429544873670531,0.08991172890228454,0.7210000000000001,0.5798448469946293,30.68529932950054,0.9292902318076284,0.06482635653854715,0.8537850473045081,1.9052775706669325,1.2434360738687018,9.171898371107735,103.88509360457569,0.37842255170600564,0.8444748502872886,0.6064801345028861,1.353400368127192,0.03193701853916453,0.12459796281483074
63563817,4190988310,7,重点词,2892,253,2892,4190988310,148.25,104,175,0.82,140.0,0,1.4255,1.6827,63563817_4190988310,4981.89,3283,7520,0.6589868503720475,2.2905878769418213,1.0612118233226526,1.0612118233226526,1.0306059116613264,1.7261134197815586,148.25,0.030871203050262273,2026-09-13,9,6,1.2839295607274916,0.8815892379016895,1.967324453407038,0.01889650287482033,0.00812893188989814,0.04125891242952158,3.780376199759763,3.4158577038688303,4.0,9,6,0.11179948718100376,0.08439512496067153,0.14754490648530594,14.42,1.3109090909090908,0.015602836879432624,3.8191489361702127,1.2458006947173532,0.8554086755436678,1.9089008040287005,0.08974106986380256,0.0442113727347996,0.08974106986380256,0.7210000000000001,0.5787442590594961,30.62705638674949,0.9989782321841312,0.06470331137180166,0.8554086755436678,1.9089008040287005,1.2458006947173532,9.154489437076794,103.68791209773985,0.3777042780213318,0.8428719752482726,0.6519604230015256,1.4548926276338332,0.03187639974179052,0.12436146676709149
63563817,4190988310,8,重点词,2985,255,2985,4190988310,1810.51,1217,1985,0.8828,84.0,0,1.4877,1.6311,63563817_4190988310,4981.89,3283,7520,0.6589868503720475,2.2905878769418213,1.0199411248421582,1.0199411248421582,1.009970562421079,1.6353671045024774,1810.51,0.37701599888384724,2026-09-13,9,6,1.2839295607274916,0.8815892379016895,1.967324453407038,0.01889650287482033,0.00812893188989814,0.04125891242952158,3.780376199759763,3.4158577038688303,4.0,9,6,0.11179948718100376,0.08439512496067153,0.14754490648530594,14.42,1.3109090909090908,0.015602836879432624,3.8191489361702127,1.2712544389904634,0.8728860728260864,1.9479027672757228,0.08794422560269419,0.04332614870643876,0.08794422560269419,5.4435499999999974,4.2820302789446805,226.60437792701336,7.002691458669697,0.47872878927954576,0.8728860728260864,1.9479027672757228,1.2712544389904634,67.73250938427411,767.169215439998,2.794569673317514,6.236266300338336,4.570147314983696,10.19858476249068,0.2358480567909346,0.9201293281008847
63563817,4190988310,11,重点词,4048,265,4048,4190988310,9.39,8,49,0.5,563.0,0,1.1738,6.125,63563817_4190988310,4981.89,3283,7520,0.6589868503720475,2.2905878769418213,1.1575843954311826,1.1575843954311826,1.0787921977155914,4.20779393847091,9.39,0.0019553497243977253,2026-09-13,9,6,1.2839295607274916,0.8815892379016895,1.967324453407038,0.01889650287482033,0.00812893188989814,0.04125891242952158,3.780376199759763,3.4158577038688303,4.0,9,6,0.11179948718100376,0.08439512496067153,0.14754490648530594,14.42,1.3109090909090908,0.015602836879432624,3.8191489361702127,1.1901546594852013,0.8172002353822254,1.8236361530728236,0.09393694028754412,0.04627848862201262,0.09393694028754412,0.7210000000000001,0.605803619095914,32.05903352112575,2.549096796335527,0.06772853394731931,0.8172002353822254,1.8236361530728236,1.1901546594852013,9.582510314605672,108.53587127998162,0.3953639539253027,0.8822807052457223,1.663610048816781,3.7124554035627906,0.033366790296471105,0.13017602414926988
63563817,4190988310,12,重点词,4403,268,4403,4190988310,25.77,19,160,0.4444,413.0,0,1.3563,8.4211,63563817_4190988310,4981.89,3283,7520,0.6589868503720475,2.2905878769418213,1.0905154681688172,1.0905154681688172,1.0452577340844087,6.604618630204984,25.77,0.005366279275583533,2026-09-13,9,6,1.2839295607274916,0.8815892379016895,1.967324453407038,0.01889650287482033,0.00812893188989814,0.04125891242952158,3.780376199759763,3.4158577038688303,4.0,9,6,0.11179948718100376,0.08439512496067153,0.14754490648530594,14.42,1.3109090909090908,0.015602836879432624,3.8191489361702127,1.2283377762826573,0.8434180481562432,1.8821429292080882,0.09101689237250746,0.04483991287323794,0.09101689237250746,0.7210000000000001,0.5869720966996362,31.06247227796732,3.8767268452728985,0.06562317940057788,0.8434180481562432,1.8821429292080882,1.2283377762826573,9.284636132422076,105.16201277801568,0.38307398912757434,0.8548548392770874,2.5300576053389188,5.645990197610338,0.03232957718160456,0.1261294773196491
63563817,4190988310,13,重点词,4675,269,4675,4190988310,22.54,16,61,0.7059,172.0,0,1.4088,3.8125,63563817_4190988310,4981.89,3283,7520,0.6589868503720475,2.2905878769418213,1.0568527908675909,1.0568527908675909,1.0284263954337955,3.305195958980607,22.54,0.00469367228838389,2026-09-13,9,6,1.2839295607274916,0.8815892379016895,1.967324453407038,0.01889650287482033,0.00812893188989814,0.04125891242952158,3.780376199759763,3.4158577038688303,4.0,9,6,0.11179948718100376,0.08439512496067153,0.14754490648530594,14.42,1.3109090909090908,0.015602836879432624,3.8191489361702127,1.2484408864145533,0.8572215199998154,1.9129462858420805,0.08955128624638778,0.044117874916451576,0.08955128624638778,0.7210000000000001,0.5775203358411855,30.5622865599504,1.908817880251409,0.0645664773836456,0.8572215199998154,1.9129462858420805,1.2484408864145533,9.135129604130848,103.46863382225285,0.37690551236916475,0.8410894770819045,1.2457465764000784,2.7799655407922224,0.03180898781476159,0.12409846824182447
63563817,4190988310,17,重点词,5010,275,5010,4190988310,63.52,44,78,0.8444,114.0,0,1.4436,1.7727,63563817_4190988310,4981.89,3283,7520,0.6589868503720475,2.2905878769418213,1.0453920417925089,1.0453920417925089,1.0226960208962543,1.8523981349141263,63.52,0.013227243290068531,2026-09-13,9,6,1.2839295607274916,0.8815892379016895,1.967324453407038,0.01889650287482033,0.00812893188989814,0.04125891242952158,3.780376199759763,3.4158577038688303,4.0,9,6,0.11179948718100376,0.08439512496067153,0.14754490648530594,14.42,1.3109090909090908,0.015602836879432624,3.8191489361702127,1.2554361555081652,0.8620247071354556,1.9236649143143678,0.08905230798913105,0.04387205086118214,0.08905230798913105,0.7210000000000001,0.5743024022660551,30.39199401447532,1.0638366988343428,0.0642067140601635,0.8620247071354556,1.9236649143143678,1.2554361555081652,9.084228815982009,102.89210833893023,0.37480540120833816,0.8364029406951843,0.6942888261540664,1.54935124738045,0.03163174867091233,0.12340699366890585
63563817,4190988310,18,重点词,5134,276,5134,4190988310,168.35,129,782,0.6371,296.0,0,1.305,6.062,63563817_4190988310,4981.89,3283,7520,0.6589868503720475,2.2905878769418213,1.1553485866272917,1.1553485866272917,1.0776742933136458,5.841786153398063,168.35,0.03505677594274303,2026-09-13,9,6,1.2839295607274916,0.8815892379016895,1.967324453407038,0.01889650287482033,0.00812893188989814,0.04125891242952158,3.780376199759763,3.4158577038688303,4.0,9,6,0.11179948718100376,0.08439512496067153,0.14754490648530594,14.42,1.3109090909090908,0.015602836879432624,3.8191489361702127,1.1913892432004196,0.8180479421022175,1.8255278664557222,0.0938395976118415,0.04623053228134248,0.0938395976118415,0.7210000000000001,0.6051758517335472,32.0258121697188,3.535307911027915,0.06765834987813774,0.8180479421022175,1.8255278664557222,1.1913892432004196,9.572580385111307,108.42340038101719,0.3949542558338634,0.8813664369684447,2.3072383029558994,5.148754247552048,0.033332213774847935,0.13004112852179647
63563817,4190988310,19,重点词,5267,277,5267,4190988310,110.96,83,183,0.8214,167.0,0,1.3369,2.2048,63563817_4190988310,4981.89,3283,7520,0.6589868503720475,2.2905878769418213,1.1259529481628652,1.1259529481628652,1.0629764740814327,2.2123593737970833,110.96,0.02310602826615246,2026-09-13,9,6,1.2839295607274916,0.8815892379016895,1.967324453407038,0.01889650287482033,0.00812893188989814,0.04125891242952158,3.780376199759763,3.4158577038688303,4.0,9,6,0.11179948718100376,0.08439512496067153,0.14754490648530594,14.42,1.3109090909090908,0.015602836879432624,3.8191489361702127,1.2078626310492853,0.8293591244938057,1.85076951501405,0.09255976988366811,0.04560001895213346,0.09255976988366811,0.7210000000000001,0.5969221842500901,31.58902936720061,1.3206063897531166,0.06673559408612471,0.8293591244938057,1.85076951501405,1.2078626310492853,9.442025117198606,106.9446720219672,0.3895676874678405,0.8693459548540665,0.8618637250979294,1.92330567229397,0.03287761366448823,0.12826756761232225
63563817,4190988310,22,重点词,6325,291,6325,4190988310,83.51,64,118,0.9153,94.0,0,1.3048,1.8438,63563817_4190988310,4981.89,3283,7520,0.6589868503720475,2.2905878769418213,1.1486161581543421,1.1486161581543421,1.074308079077171,1.8933986529935356,83.51,0.017389910062242178,2026-09-13,9,6,1.2839295607274916,0.8815892379016895,1.967324453407038,0.01889650287482033,0.00812893188989814,0.04125891242952158,3.780376199759763,3.4158577038688303,4.0,9,6,0.11179948718100376,0.08439512496067153,0.14754490648530594,14.42,1.3109090909090908,0.015602836879432624,3.8191489361702127,1.1951223170828102,0.8206111962398842,1.8312479369018304,0.09354648104463198,0.04608612698477857,0.09354648104463198,0.7210000000000001,0.6032855296016046,31.925776615814197,1.14226000911817,0.06744701283317966,0.8206111962398842,1.8312479369018304,1.1951223170828102,9.542679554617262,108.08472997179054,0.3937205800869396,0.8786134082787174,0.7454700159924449,1.663565443736983,0.03322809755602535,0.12963493316121927
63563817,4190988310,1,潜力词,228,224,228,4190988310,4.64,4,3,1.0,62.0,0,1.16,0.75,63563817_4190988310,4981.89,3283,7520,0.6589868503720475,2.2905878769418213,1.1125924291446512,1.1125924291446512,1.0562962145723256,1.7770585846278808,4.64,0.0009662218020453083,2026-09-13,9,6,1.2839295607274916,0.8815892379016895,1.967324453407038,0.01889650287482033,0.00812893188989814,0.04125891242952158,3.780376199759763,3.4158577038688303,4.0,9,6,0.11179948718100376,0.08439512496067153,0.14754490648530594,14.42,1.3109090909090908,0.015602836879432624,3.8191489361702127,1.2155014313360297,0.8346041818001103,1.8624742058775345,0.09197807941543788,0.04531344632550625,0.09197807941543788,0.7210000000000001,0.5931708358479728,31.39050859185037,1.0540993259945355,0.06631619525853072,0.8346041818001103,1.8624742058775345,1.2155014313360297,9.382686853735247,106.27257985469654,0.38711945525188596,0.8638825634025894,0.6879339512318327,1.535169925404911,0.03267099480069001,0.12746147203152142
63563817,4190988310,3,潜力词,1583,236,1583,4190988310,0.48,1,1,1.0,120.0,0,0.48,1.0,63563817_4190988310,4981.89,3283,7520,0.6589868503720475,2.2905878769418213,1.121484890226495,1.121484890226495,1.0607424451132474,2.1471892239482857,0.48,9.995397952192844e-05,2026-09-13,9,6,1.2839295607274916,0.8815892379016895,1.967324453407038,0.01889650287482033,0.00812893188989814,0.04125891242952158,3.780376199759763,3.4158577038688303,4.0,9,6,0.11179948718100376,0.08439512496067153,0.14754490648530594,14.42,1.3109090909090908,0.015602836879432624,3.8191489361702127,1.2104065097446122,0.831105837202139,1.854667419476178,0.09236523951328775,0.04550418262294575,0.09236523951328775,0.7210000000000001,0.5956676490050655,31.522639556697825,1.2790111569982865,0.06659533768908046,0.831105837202139,1.854667419476178,1.2104065097446122,9.42218106782923,106.71990929097956,0.3887489435726624,0.8675188739224805,0.8347175424605008,1.8627271776581016,0.03280851567114389,0.1279979911271303
63563817,4190988310,7,潜力词,4155,267,4155,4190988310,5.39,4,6,0.6667,30.0,0,1.3475,1.5,63563817_4190988310,4981.89,3283,7520,0.6589868503720475,2.2905878769418213,1.050551959117998,1.050551959117998,1.025275979558999,2.027058584627881,5.39,0.0011223998950483213,2026-09-13,9,6,1.2839295607274916,0.8815892379016895,1.967324453407038,0.01889650287482033,0.00812893188989814,0.04125891242952158,3.780376199759763,3.4158577038688303,4.0,9,6,0.11179948718100376,0.08439512496067153,0.14754490648530594,14.42,1.3109090909090908,0.015602836879432624,3.8191489361702127,1.2522770320628667,0.8598555466801111,1.918824289878752,0.08927696054349675,0.043982727030208876,0.08927696054349675,0.3244499999999997,0.2590880385832323,13.710898799611659,0.5251866327845407,0.02896590984833749,0.8598555466801111,1.918824289878752,1.2522770320628667,4.098215533640944,46.41825357170813,0.16908791581979674,0.37733082173243643,0.3427511113193555,0.7648716814374279,0.014270195784951254,0.055673240806535976
63563817,4190988310,10,潜力词,6364,293,6364,4190988310,0.9,1,1,1.0,7.0,0,0.9,1.0,63563817_4190988310,4981.89,3283,7520,0.6589868503720475,2.2905878769418213,1.0689152859971283,1.0689152859971283,1.0344576429985641,2.1471892239482857,0.9,0.00018741371160361584,2026-09-13,9,6,1.2839295607274916,0.8815892379016895,1.967324453407038,0.01889650287482033,0.00812893188989814,0.04125891242952158,3.780376199759763,3.4158577038688303,4.0,9,6,0.11179948718100376,0.08439512496067153,0.14754490648530594,14.42,1.3109090909090908,0.015602836879432624,3.8191489361702127,1.2411620421748615,0.8522236206271746,1.901793144187508,0.09007646333197551,0.04437660595139392,0.09007646333197551,0.7210000000000001,0.5809072268570246,30.741520306970973,1.2473177376210853,0.06494513006235436,0.8522236206271746,1.901793144187508,1.2411620421748615,9.188702935604434,104.07542974711548,0.3791158897609912,0.8460220798261805,0.8140335531223665,1.816569493025091,0.031995532890955025,0.12482624865245784
495403620,8878077181,1,重点词,1048,295,1048,8878077181,1263.59,2840,29775,0.082,670.0,0,0.4449,10.4842,495403620_8878077181,124225.7,168752,1694374,1.358430662898257,10.040615814923674,1.6503815856832873,1.6503815856832873,1.3251907928416435,10.482909033187987,1263.59,0.010171727750376934,2026-09-14,9,0,0.6361588596789525,0.43680807845175035,0.9747659989920363,0.645501512588494,0.4056088538007848,0.8515918249541579,1.3592025914409316,1.0,1.663964746311406,9,0,0.11757945755483325,0.08875830527811401,0.15517289485804164,593.84,0.6518551042810099,0.7195892575039494,1.1445497630331753,0.4800507693800221,0.32961901094640916,0.7355665344624214,0.2449312969682045,0.12066658979120332,0.2449312969682045,29.692000000000004,61.85179129771367,95.81974649398548,648.3867017136607,7.2725000695799285,0.32961901094640916,0.7355665344624214,0.4800507693800221,47.40083650772781,222.08527973733547,40.366164865969594,90.0797557602873,423.1548343086282,944.2978853668833,3.5828323840804095,13.977936469429132
495403620,8878077181,3,重点词,3989,297,3989,8878077181,75197.1,124758,1230619,0.0814,631.0,0,0.6027,9.864,495403620_8878077181,124225.7,168752,1694374,1.358430662898257,10.040615814923674,1.2212973113764143,1.2212973113764143,1.1106486556882071,9.864060119956713,75197.1,0.6053264340631609,2026-09-14,9,0,0.6361588596789525,0.43680807845175035,0.9747659989920363,0.645501512588494,0.4056088538007848,0.8515918249541579,1.3592025914409316,1.0,1.663964746311406,9,0,0.11757945755483325,0.08875830527811401,0.15517289485804164,593.84,0.6518551042810099,0.7195892575039494,1.1445497630331753,0.5727813709770893,0.39329096219099524,0.8776546876455976,0.2052780755670497,0.10113123820510507,0.2052780755670497,431.360459524881,753.0979207459857,1166.6865314165177,7428.603166452799,88.5488450069858,0.39329096219099524,0.8776546876455976,0.5727813709770893,577.1453124739131,2704.0762909102737,491.49222991339735,1096.7972849459936,4848.108904357338,10818.874358112575,43.62401738447432,170.19320977751022
495403620,8878077181,4,重点词,5778,298,5778,8878077181,46615.59,40349,425786,0.0839,653.0,0,1.1553,10.5526,495403620_8878077181,124225.7,168752,1694374,1.358430662898257,10.040615814923674,0.6372456247369999,0.6372456247369999,0.8186228123685,10.552477263585486,46615.59,0.3752491634178757,2026-09-14,9,0,0.6361588596789525,0.43680807845175035,0.9747659989920363,0.645501512588494,0.4056088538007848,0.8515918249541579,1.3592025914409316,1.0,1.663964746311406,9,0,0.11757945755483325,0.08875830527811401,0.15517289485804164,593.84,0.6518551042810099,0.7195892575039494,1.1445497630331753,0.7771086391281604,0.5335889396826665,1.1907388656465256,0.15130375810355917,0.07454052927878663,0.15130375810355917,221.86354047511895,285.49874406753224,442.2898141983707,3012.7190055548454,33.56878746004661,0.5335889396826665,1.1907388656465256,0.7771086391281604,218.79526860537277,1025.1128885775631,186.32426208298455,415.794863752357,1966.1825392850376,4387.665846062372,16.537825734680865,64.52009267555825
495403620,9628223555,4,黄金词,652,343,652,9628223555,2.01,4,7,0.5,63.0,0,0.5025,1.75,495403620_9628223555,91605.25,72103,210914,0.7871055425316781,2.9251764836414575,1.3050556703191387,1.3050556703191387,1.1525278351595694,2.533450989094305,2.01,2.2223698888118487e-05,2026-09-14,9,0,0.8258687857100662,0.5670692970013034,1.2654524883065892,0.01260453631267151,0.005383742067498897,0.027935834976965206,3.7621011754898483,3.3975826795989157,4.0,9,0,0.11757945755483325,0.08875830527811401,0.15517289485804164,53.3,0.82,0.014973508408200876,3.8130615065653077,0.716571661452084,0.4920222138693871,1.0979799790530744,0.16408611152242114,0.08083781760270475,0.16408611152242114,2.665,3.7190976748920797,295.0602531211895,9.422151682993668,0.4372894872072523,0.4920222138693871,1.0979799790530744,0.716571661452084,86.88426583010173,1006.0701360755575,2.427184512324499,5.416422114444318,6.14915300346288,13.722239963191223,0.21543278391120815,0.8404818992714398
495403620,9628223555,9,黄金词,1439,385,1439,9628223555,5.2,9,3,0.5,99.0,0,0.5778,0.3333,495403620_9628223555,91605.25,72103,210914,0.7871055425316781,2.9251764836414575,1.4701582843330228,1.4701582843330228,1.2350791421665113,1.55302422759598,5.2,5.749414637722197e-05,2026-09-14,9,0,0.8258687857100662,0.5670692970013034,1.2654524883065892,0.01260453631267151,0.005383742067498897,0.027935834976965206,3.7621011754898483,3.3975826795989157,4.0,9,0,0.11757945755483325,0.08875830527811401,0.15517289485804164,53.3,0.82,0.014973508408200876,3.8130615065653077,0.6686768139095688,0.459135999986673,1.024592226605656,0.17583899293199448,0.08662793155493578,0.17583899293199448,2.665,3.98548288883905,316.1943279763803,6.189551485036261,0.46861091616376527,0.459135999986673,1.024592226605656,0.6686768139095688,93.10746451026242,1078.1312196694216,2.6010347636823354,5.804380401618159,4.039470004818051,9.014343389896286,0.23086343759390388,0.9006825097763722
495403620,9628223555,11,黄金词,1531,391,1531,9628223555,3.87,9,16,0.5714,63.0,0,0.43,1.7778,495403620_9628223555,91605.25,72103,210914,0.7871055425316781,2.9251764836414575,1.6340569027875846,1.6340569027875846,1.3170284513937922,2.3177301099489216,3.87,4.278891278458635e-05,2026-09-14,9,0,0.8258687857100662,0.5670692970013034,1.2654524883065892,0.01260453631267151,0.005383742067498897,0.027935834976965206,3.7621011754898483,3.3975826795989157,4.0,9,0,0.11757945755483325,0.08875830527811401,0.15517289485804164,53.3,0.82,0.014973508408200876,3.8130615065653077,0.6270698137432499,0.4305672336851813,0.9608391428198678,0.18750616753970473,0.0923758216361028,0.18750616753970473,2.665,4.249925513223905,337.17428454320833,9.850180327039169,0.4997039364933131,0.4305672336851813,0.9608391428198678,0.6270698137432499,99.28528108899215,1149.6668044687021,2.773617228143689,6.18950953882518,6.428496163141696,14.345612623951183,0.24618156466021396,0.9604441128909655
495403620,9628223555,22,黄金词,3973,511,3973,9628223555,4.8,7,35,0.8,77.0,0,0.6857,5.0,495403620_9628223555,91605.25,72103,210914,0.7871055425316781,2.9251764836414575,1.318300431586238,1.318300431586238,1.159150215793119,3.893427457942111,4.8,5.307151973282027e-05,2026-09-14,9,0,0.8258687857100662,0.5670692970013034,1.2654524883065892,0.01260453631267151,0.005383742067498897,0.027935834976965206,3.7621011754898483,3.3975826795989157,4.0,9,0,0.11757945755483325,0.08875830527811401,0.15517289485804164,53.3,0.82,0.014973508408200876,3.8130615065653077,0.7124777914525827,0.4892112249776882,1.0917070721854074,0.1650289440111741,0.0813023085949561,0.1650289440111741,2.665,3.7404674671566416,296.7556579924562,14.563238742166849,0.43980213578977895,0.4892112249776882,1.0917070721854074,0.7124777914525827,87.3834994814207,1011.8509764005262,2.4411310212226933,5.447544667687346,9.5043665464627,21.209619987540044,0.21667065240555802,0.845311275953534
495403620,9628223555,26,黄金词,5495,590,5495,9628223555,1.56,9,18,0.625,174.0,0,0.1733,2.0,495403620_9628223555,91605.25,72103,210914,0.7871055425316781,2.9251764836414575,2.026434391918491,2.026434391918491,1.5132171959592455,2.435377168772451,1.56,1.724824391316659e-05,2026-09-14,9,0,0.8258687857100662,0.5670692970013034,1.2654524883065892,0.01260453631267151,0.005383742067498897,0.027935834976965206,3.7621011754898483,3.3975826795989157,4.0,9,0,0.11757945755483325,0.08875830527811401,0.15517289485804164,53.3,0.82,0.014973508408200876,3.8130615065653077,0.5457701564027883,0.374744153394207,0.8362662621636443,0.21543768228334104,0.10613641766256665,0.21543768228334104,2.665,4.883007926936155,387.40083774658183,11.891966020195207,0.5741414232851039,0.374744153394207,0.8362662621636443,0.5457701564027883,114.0751321586965,1320.9248261147745,3.186784066960842,7.111518554357777,7.761021158484253,17.319229922584597,0.28285355307074017,1.1035149209163717
495403620,9628223555,34,黄金词,6106,628,6106,9628223555,1.1,3,9,0.0,47.0,0,0.3667,3.0,495403620_9628223555,91605.25,72103,210914,0.7871055425316781,2.9251764836414575,1.296007963983111,1.296007963983111,1.1480039819915555,2.9455828971937876,1.1,1.2162223272104648e-05,2026-09-14,9,0,0.8258687857100662,0.5670692970013034,1.2654524883065892,0.01260453631267151,0.005383742067498897,0.027935834976965206,3.7621011754898483,3.3975826795989157,4.0,9,0,0.11757945755483325,0.08875830527811401,0.15517289485804164,53.3,0.82,0.014973508408200876,3.8130615065653077,0.7193954016408116,0.49396108889583507,1.1023067063855339,0.1634420477065264,0.08052051644424145,0.1634420477065264,2.665,3.7044996311091425,293.9020951833793,10.911910756055786,0.43557305713789285,0.49396108889583507,1.1023067063855339,0.7193954016408116,86.54323141059753,1002.1211524297963,2.4176574310597645,5.395161805066769,7.121410380203111,15.891896340597837,0.21458717632390345,0.8371828755197479
495403620,9628223555,8,重点词,700,345,700,9628223555,111.9,117,191,0.6778,186.0,0,0.9564,1.6325,495403620_9628223555,91605.25,72103,210914,0.7871055425316781,2.9251764836414575,1.3063178147159593,1.3063178147159593,1.1531589073579798,1.7152112949530534,111.9,0.0012372298037713727,2026-09-14,9,0,0.8258687857100662,0.5670692970013034,1.2654524883065892,0.01260453631267151,0.005383742067498897,0.027935834976965206,3.7621011754898483,3.3975826795989157,4.0,9,0,0.11757945755483325,0.08875830527811401,0.15517289485804164,53.3,0.82,0.014973508408200876,3.8130615065653077,0.7161795138904377,0.49175295215862713,1.0973791038096277,0.16417595766753634,0.0808820807412711,0.16417595766753634,2.665,3.7211340848374173,295.2218147919104,6.382531212347931,0.43752892718398434,0.49175295215862713,1.0973791038096277,0.7161795138904377,86.93183973068096,1006.6210146514665,2.428513528960291,5.419387902607523,4.16541383481899,9.295395342284362,0.21555074517548747,0.84094210920626
495403620,9628223555,15,重点词,1316,378,1316,9628223555,45.15,213,54,1.0,112.0,0,0.212,0.2535,495403620_9628223555,91605.25,72103,210914,0.7871055425316781,2.9251764836414575,5.237206154032248,2.7815627886031566,1.8907813943015783,0.35023263289199846,45.15,0.0004992039824868407,2026-09-14,9,0,0.8258687857100662,0.5670692970013034,1.2654524883065892,0.01260453631267151,0.005383742067498897,0.027935834976965206,3.7621011754898483,3.3975826795989157,4.0,9,0,0.11757945755483325,0.08875830527811401,0.15517289485804164,53.3,0.82,0.014973508408200876,3.8130615065653077,0.4367870279446703,0.29991267034377017,0.6692748786932216,0.26919173426031223,0.1326186117300819,0.26919173426031223,2.665,6.1013716742924595,484.0615729877083,2.136899465740109,0.7173959718037322,0.29991267034377017,0.6692748786932216,0.4367870279446703,142.53812209781816,1650.509980429887,3.9819214568511656,8.885920014467164,1.394598835802126,3.11213916233454,0.35342860026066825,1.3788539321218811
495403620,9628223555,20,重点词,1735,402,1735,9628223555,62.35,65,76,0.8718,170.0,0,0.9592,1.1692,495403620_9628223555,91605.25,72103,210914,0.7871055425316781,2.9251764836414575,1.2873320160751038,1.2873320160751038,1.143666008037552,1.3616631762894749,62.35,0.0006893769281961134,2026-09-14,9,0,0.8258687857100662,0.5670692970013034,1.2654524883065892,0.01260453631267151,0.005383742067498897,0.027935834976965206,3.7621011754898483,3.3975826795989157,4.0,9,0,0.11757945755483325,0.08875830527811401,0.15517289485804164,53.3,0.82,0.014973508408200876,3.8130615065653077,0.7221240990865831,0.49583470437698257,1.1064878027441019,0.16282444763103715,0.0802162527756677,0.16282444763103715,2.11924435048145,2.934737053038513,232.83181389926912,3.9961233772148343,0.3450647907623382,0.49583470437698257,1.1064878027441019,0.7221240990865831,68.56030589867382,793.889153874431,1.915289391555606,4.274094434644879,2.607979036419142,5.819877003639713,0.16999784051162573,0.6632236063204907
495403620,9628223555,21,重点词,1764,405,1764,9628223555,12.51,20,178,0.2727,582.0,0,0.6255,8.9,495403620_9628223555,91605.25,72103,210914,0.7871055425316781,2.9251764836414575,1.627105153163278,1.627105153163278,1.313552576581639,7.192907566754703,12.51,0.00013831764830366284,2026-09-14,9,0,0.8258687857100662,0.5670692970013034,1.2654524883065892,0.01260453631267151,0.005383742067498897,0.027935834976965206,3.7621011754898483,3.3975826795989157,4.0,9,0,0.11757945755483325,0.08875830527811401,0.15517289485804164,53.3,0.82,0.014973508408200876,3.8130615065653077,0.6287291429622782,0.4317065849598745,0.9633816802367939,0.18701130506032174,0.09213202523873788,0.18701130506032174,2.665,4.238709195892788,336.2844210009976,30.488643448409977,0.49838512798575746,0.4317065849598745,0.9633816802367939,0.6287291429622782,99.02324938619213,1146.6326271251583,2.7662971537355348,6.1731743106204915,19.897719728996325,44.40307220975788,0.24553184726123647,0.9579093282422773
495403620,9628223555,25,重点词,2541,437,2541,9628223555,21686.91,29926,87461,0.4974,328.0,0,0.7247,2.9226,495403620_9628223555,91605.25,72103,210914,0.7871055425316781,2.9251764836414575,1.7528659479478812,1.7528659479478812,1.3764329739739405,2.9225763817688626,21686.91,0.2397827650018536,2026-09-14,9,0,0.8258687857100662,0.5670692970013034,1.2654524883065892,0.01260453631267151,0.005383742067498897,0.027935834976965206,3.7621011754898483,3.3975826795989157,4.0,9,0,0.11757945755483325,0.08875830527811401,0.15517289485804164,53.3,0.82,0.014973508408200876,3.8130615065653077,0.6000065396033604,0.411984679038966,0.9193709481203896,0.19596362671740242,0.09654242986421985,0.19596362671740242,15.336505649518553,25.56056415594551,2027.88611352955,74.70270110685411,3.005397268251587,0.411984679038966,0.9193709481203896,0.6000065396033604,597.1370060768794,6914.505212419928,16.681520860402774,37.22591258804556,48.75301887859774,108.79557291961414,1.4806235210308565,5.776452620019443
495403620,9628223555,26,重点词,2584,442,2584,9628223555,115.98,262,182,0.9412,39.0,0,0.4427,0.6947,495403620_9628223555,91605.25,72103,210914,0.7871055425316781,2.9251764836414575,2.748509709024904,2.748509709024904,1.874254854512452,0.7607459698856728,115.98,0.00128234059554427,2026-09-14,9,0,0.8258687857100662,0.5670692970013034,1.2654524883065892,0.01260453631267151,0.005383742067498897,0.027935834976965206,3.7621011754898483,3.3975826795989157,4.0,9,0,0.11757945755483325,0.08875830527811401,0.15517289485804164,53.3,0.82,0.014973508408200876,3.8130615065653077,0.44063846692017694,0.3025571979371047,0.6751763162090195,0.2668388404141147,0.13145944718036648,0.2668388404141147,2.665,6.048042102694528,479.830590563998,4.601023655323733,0.7111255097036157,0.3025571979371047,0.6751763162090195,0.44063846692017694,141.29225520203823,1636.083553902668,3.9471171248473937,8.808251855088892,3.002753445394379,6.700842100496876,0.35033942673567664,1.366801938992859
495403620,9628223555,36,重点词,3008,470,3008,9628223555,45.41,54,204,0.6042,319.0,0,0.8409,3.7778,495403620_9628223555,91605.25,72103,210914,0.7871055425316781,2.9251764836414575,1.4338094838514177,1.4338094838514177,1.2169047419257089,3.6677647075666395,45.41,0.0005020786898057018,2026-09-14,9,0,0.8258687857100662,0.5670692970013034,1.2654524883065892,0.01260453631267151,0.005383742067498897,0.027935834976965206,3.7621011754898483,3.3975826795989157,4.0,9,0,0.11757945755483325,0.08875830527811401,0.15517289485804164,53.3,0.82,0.014973508408200876,3.8130615065653077,0.6786634625181572,0.4659931689508714,1.0398944508212329,0.17325149215865954,0.08535318676623302,0.17325149215865954,2.665,3.9268358283376714,311.5414745078699,14.402709863585121,0.4617152266028277,0.4659931689508714,1.0398944508212329,0.6786634625181572,91.73737228892712,1062.26633487831,2.562760093483889,5.7189679539722285,9.39960102484039,20.975828825283934,0.22746624273201102,0.8874288130182422
495403620,9628223555,59,重点词,5313,580,5313,9628223555,11.64,18,32,0.7857,171.0,0,0.6467,1.7778,495403620_9628223555,91605.25,72103,210914,0.7871055425316781,2.9251764836414575,1.5699795787061808,1.5699795787061808,1.2849897893530904,2.130823533428141,11.64,0.00012869843535208918,2026-09-14,9,0,0.8258687857100662,0.5670692970013034,1.2654524883065892,0.01260453631267151,0.005383742067498897,0.027935834976965206,3.7621011754898483,3.3975826795989157,4.0,9,0,0.11757945755483325,0.08875830527811401,0.15517289485804164,53.3,0.82,0.014973508408200876,3.8130615065653077,0.6427045510811707,0.44130257041714416,0.984795753858607,0.18294480310904704,0.09012864335608983,0.18294480310904704,2.665,4.146539798912086,328.97202213964135,8.835544585818264,0.48754790028561035,0.44130257041714416,0.984795753858607,0.6427045510811707,96.87002000403994,1121.6994616456934,2.706144893048178,6.038940578752785,5.766317222973438,12.867916702180592,0.24019283454397938,0.937079891480767
495403620,9628223555,72,重点词,6377,649,6377,9628223555,20.2,24,370,0.08,761.0,0,0.8417,15.4167,495403620_9628223555,91605.25,72103,210914,0.7871055425316781,2.9251764836414575,1.3641706865068068,1.3641706865068068,1.1820853432534033,12.293794120910364,20.2,0.0002233426455422853,2026-09-14,9,0,0.8258687857100662,0.5670692970013034,1.2654524883065892,0.01260453631267151,0.005383742067498897,0.027935834976965206,3.7621011754898483,3.3975826795989157,4.0,9,0,0.11757945755483325,0.08875830527811401,0.15517289485804164,53.3,0.82,0.014973508408200876,3.8130615065653077,0.6986541119248315,0.4797194214764415,1.0705254874607768,0.16829423250783596,0.08291096878846245,0.16829423250783596,2.665,3.814476941469327,302.62731185395387,46.89439419738376,0.4485041296333829,0.4797194214764415,1.0705254874607768,0.6986541119248315,89.11248306890229,1031.87161807265,2.4894316214004606,5.555330638475882,30.604559831581337,68.29609114300801,0.22095773182125242,0.8620367370658754
495403620,9628223555,36,潜力词,2690,447,2690,9628223555,5.24,9,8,1.0,48.0,0,0.5822,0.8889,495403620_9628223555,91605.25,72103,210914,0.7871055425316781,2.9251764836414575,1.4657367556583372,1.4657367556583372,1.2328683778291687,1.8471418746548036,5.24,5.7936409041662137e-05,2026-09-14,9,0,0.8258687857100662,0.5670692970013034,1.2654524883065892,0.01260453631267151,0.005383742067498897,0.027935834976965206,3.7621011754898483,3.3975826795989157,4.0,9,0,0.11757945755483325,0.08875830527811401,0.15517289485804164,53.3,0.82,0.014973508408200876,3.8130615065653077,0.6698758769076824,0.45995931698710407,1.0264295127228378,0.17552424502522762,0.08647286947416624,0.17552424502522762,1.199250000000001,1.7902570331925438,142.03275620641233,3.3068587324052223,0.2104974508465044,0.45995931698710407,1.0264295127228378,0.6698758769076824,41.82336189399055,484.29062488833694,1.168370536052415,2.6072958101066677,2.158146142255296,4.816045270460045,0.10370258871689397,0.40458163860549445
495403620,9628223555,39,潜力词,2813,457,2813,9628223555,5.37,11,3,1.0,51.0,0,0.4882,0.2727,495403620_9628223555,91605.25,72103,210914,0.7871055425316781,2.9251764836414575,1.6407486336792814,1.6407486336792814,1.3203743168396407,1.3895479931121926,5.37,5.937376270109269e-05,2026-09-14,9,0,0.8258687857100662,0.5670692970013034,1.2654524883065892,0.01260453631267151,0.005383742067498897,0.027935834976965206,3.7621011754898483,3.3975826795989157,4.0,9,0,0.11757945755483325,0.08875830527811401,0.15517289485804164,53.3,0.82,0.014973508408200876,3.8130615065653077,0.6254808012979306,0.42947616427332697,0.9584043495601242,0.18798252050397868,0.09261049923119728,0.18798252050397868,2.665,4.260722302698785,338.0308642068351,5.920478124923456,0.5009734171431032,0.42947616427332697,0.9584043495601242,0.6254808012979306,99.53751192798842,1152.5874934114809,2.7806635072379904,6.205233774752497,3.8638653960028604,8.622470138499327,0.24680698045114075,0.962884088099238
495403620,9628223555,61,潜力词,4637,550,4637,9628223555,5.75,11,9,1.0,54.0,0,0.5227,0.8182,495403620_9628223555,91605.25,72103,210914,0.7871055425316781,2.9251764836414575,1.5956013142876717,1.5956013142876717,1.2978006571438359,1.7053374667964034,5.75,6.357525801327429e-05,2026-09-14,9,0,0.8258687857100662,0.5670692970013034,1.2654524883065892,0.01260453631267151,0.005383742067498897,0.027935834976965206,3.7621011754898483,3.3975826795989157,4.0,9,0,0.11757945755483325,0.08875830527811401,0.15517289485804164,53.3,0.82,0.014973508408200876,3.8130615065653077,0.6363602770302302,0.43694637838240424,0.9750746243969104,0.18476869439989832,0.0910271922346575,0.18476869439989832,2.665,4.187879250472762,332.2517502101708,7.141747392250441,0.492408570575729,0.43694637838240424,0.9750746243969104,0.6363602770302302,97.8357778874418,1132.8823859172767,2.7331241459065954,6.099146558591362,4.660899007420437,10.401103141848195,0.2425874673053622,0.9464222276600839
495403620,9628223555,62,潜力词,4706,551,4706,9628223555,6.41,11,14,0.8889,94.0,0,0.5827,1.2727,495403620_9628223555,91605.25,72103,210914,0.7871055425316781,2.9251764836414575,1.5228233690610051,1.5228233690610051,1.2614116845305026,1.9684953615332454,6.41,7.087259197653708e-05,2026-09-14,9,0,0.8258687857100662,0.5670692970013034,1.2654524883065892,0.01260453631267151,0.005383742067498897,0.027935834976965206,3.7621011754898483,3.3975826795989157,4.0,9,0,0.11757945755483325,0.08875830527811401,0.15517289485804164,53.3,0.82,0.014973508408200876,3.8130615065653077,0.6547178814325432,0.4495513272594796,1.0032033980861614,0.17958797352161165,0.088474885000829,0.17958797352161165,2.665,4.070455497822813,322.93575874986607,8.012672766791706,0.4786019494350951,0.4495513272594796,1.0032033980861614,0.6547178814325432,95.09256503533449,1101.1175490847872,2.6564902043634357,5.92813287026905,5.229288645247927,11.66950205767739,0.2357855685272093,0.91988553858276
495817671,9630806627,1,黄金词,370,685,370,9630806627,3.46,8,31,0.1429,236.0,0,0.4325,3.875,495817671_9630806627,171870.0,107520,166126,0.6255891080467796,1.5450706845238096,1.809717571924603,1.809717571924603,1.4048587859623014,2.7100353422619046,3.46,2.0263679667535095e-05,2026-09-14,9,0,0.8279037569912316,0.5684665767554186,1.2685706101147276,0.011096731934212999,0.004738301695388773,0.02460965395803549,3.756874403840113,3.3923559079491805,4.0,9,0,0.11757945755483325,0.08875830527811401,0.15517289485804164,34.42,0.8395121951219513,0.012202380952380952,3.7816964285714287,0.5893145740083288,0.4046432156994554,0.9029879891065214,0.19951900519801416,0.09829400429338778,0.19951900519801416,1.721,2.9203418274459256,263.17134132456107,7.914229563864175,0.3433722079457824,0.4046432156994554,0.9029879891065214,0.5893145740083288,77.44500098294577,897.6063111191453,1.9058946749700139,4.253129505767508,5.165041927797503,11.526131275846854,0.1691639813889204,0.6599704176160962
495817671,9630806627,6,黄金词,2096,803,2096,9630806627,5.78,12,18,0.6667,49.0,0,0.4817,1.5,495817671_9630806627,171870.0,107520,166126,0.6255891080467796,1.5450706845238096,1.9683467950041287,1.9683467950041287,1.4841733975020643,1.5180282738095239,5.78,3.3850886843454585e-05,2026-09-14,9,0,0.8279037569912316,0.5684665767554186,1.2685706101147276,0.011096731934212999,0.004738301695388773,0.02460965395803549,3.756874403840113,3.3923559079491805,4.0,9,0,0.11757945755483325,0.08875830527811401,0.15517289485804164,34.42,0.8395121951219513,0.012202380952380952,3.7816964285714287,0.5578214502325899,0.38301897723822254,0.8547320766224441,0.2107833205514187,0.10384342381164749,0.2107833205514187,1.721,3.0852166034174733,278.02929923045696,4.68344603481431,0.3627580946689916,0.38301897723822254,0.8547320766224441,0.5578214502325899,81.8173409149279,948.2827894908048,2.013496447682994,4.4932499491522755,3.056544536797824,6.820880464106359,0.17871453237984533,0.697230601930707
495817671,9630806627,2,重点词,136,671,136,9630806627,20.16,35,42,0.7931,118.0,0,0.576,1.2,495817671_9630806627,171870.0,107520,166126,0.6255891080467796,1.5450706845238096,2.268152573529412,2.268152573529412,1.634076286764706,1.2641991971207087,20.16,0.00011806814511488657,2026-09-14,9,0,0.8279037569912316,0.5684665767554186,1.2685706101147276,0.011096731934212999,0.004738301695388773,0.02460965395803549,3.756874403840113,3.3923559079491805,4.0,9,0,0.11757945755483325,0.08875830527811401,0.15517289485804164,34.42,0.8395121951219513,0.012202380952380952,3.7816964285714287,0.5066493918900147,0.34788252014899546,0.776322758239372,0.23207263136389558,0.11433170589950192,0.23207263136389558,1.721,3.3968263409533535,306.110516239506,4.294265132991704,0.39939699857726435,0.34788252014899546,0.776322758239372,0.5066493918900147,90.08096820778752,1044.06023047038,2.216861455798447,4.947072360125794,2.8025544725482425,6.254084905769079,0.19676486585304284,0.7676515391929238
495817671,9630806627,10,重点词,456,693,456,9630806627,26.44,31,39,0.7727,76.0,0,0.8529,1.2581,495817671_9630806627,171870.0,107520,166126,0.6255891080467796,1.5450706845238096,1.669950504658385,1.669950504658385,1.3349752523291925,1.3169375763125761,26.44,0.0001548473093669445,2026-09-14,9,0,0.8279037569912316,0.5684665767554186,1.2685706101147276,0.011096731934212999,0.004738301695388773,0.02460965395803549,3.756874403840113,3.3923559079491805,4.0,9,0,0.11757945755483325,0.08875830527811401,0.15517289485804164,34.42,0.8395121951219513,0.012202380952380952,3.7816964285714287,0.6201641233024733,0.42582555426670937,0.9502577728698673,0.18959409797636118,0.09340445067874123,0.18959409797636118,0.9465499999999911,1.5262895166515935,137.54405582654465,2.010028016810443,0.179460293439523,0.42582555426670937,0.9502577728698673,0.6201641233024733,40.475910048078504,469.125596827698,0.9960981399197837,2.2228586107989514,1.3117990701554252,2.927366031391111,0.0884119827899617,0.3449274054977982
495817671,9630806627,12,重点词,530,697,530,9630806627,74.08,84,140,0.8169,56.0,0,0.8819,1.6667,495817671_9630806627,171870.0,107520,166126,0.6255891080467796,1.5450706845238096,1.7328151631361088,1.7328151631361088,1.3664075815680543,1.6560931030020705,74.08,0.00043385358085867046,2026-09-14,9,0,0.8279037569912316,0.5684665767554186,1.2685706101147276,0.011096731934212999,0.004738301695388773,0.02460965395803549,3.756874403840113,3.3923559079491805,4.0,9,0,0.11757945755483325,0.08875830527811401,0.15517289485804164,34.42,0.8395121951219513,0.012202380952380952,3.7816964285714287,0.6058980996293584,0.4160300223913138,0.9283983982721674,0.19405813886321688,0.09560368204350758,0.19405813886321688,1.721,2.840411615505602,255.96830060823214,4.703986086125797,0.3339740569835963,0.4160300223913138,0.9283983982721674,0.6058980996293584,75.32531921004207,873.0386861882403,1.8537300400376986,4.136720686905726,3.0699495341341847,6.85079459863056,0.16453393679687656,0.641906924206308
495817671,9630806627,13,重点词,679,710,679,9630806627,200.65,252,174,0.925,85.0,0,0.7962,0.6905,495817671_9630806627,171870.0,107520,166126,0.6255891080467796,1.5450706845238096,1.968666151597911,1.968666151597911,1.4843330757989555,0.7167714056776557,200.65,0.0011751177240725194,2026-09-14,9,0,0.8279037569912316,0.5684665767554186,1.2685706101147276,0.011096731934212999,0.004738301695388773,0.02460965395803549,3.756874403840113,3.3923559079491805,4.0,9,0,0.11757945755483325,0.08875830527811401,0.15517289485804164,34.42,0.8395121951219513,0.012202380952380952,3.7816964285714287,0.5577614421517927,0.38297777367080255,0.854640128147726,0.21080599817230541,0.10385459605141778,0.21080599817230541,1.721,3.085548533725349,278.05921166862737,2.211632959804948,0.36279712285453763,0.38297777367080255,0.854640128147726,0.5577614421517927,81.82614342659899,948.3848127321943,2.0137130744491816,4.49373336604992,1.4433719510044136,3.2209795815241846,0.17873375980449,0.6973056151301378
495817671,9630806627,14,重点词,815,717,815,9630806627,2298.65,2510,2693,0.7592,154.0,0,0.9158,1.0729,495817671_9630806627,171870.0,107520,166126,0.6255891080467796,1.5450706845238096,1.7428624282914997,1.7428624282914997,1.3714312141457499,1.0744084850977722,2298.65,0.013462169730572123,2026-09-14,9,0,0.8279037569912316,0.5684665767554186,1.2685706101147276,0.011096731934212999,0.004738301695388773,0.02460965395803549,3.756874403840113,3.3923559079491805,4.0,9,0,0.11757945755483325,0.08875830527811401,0.15517289485804164,34.42,0.8395121951219513,0.012202380952380952,3.7816964285714287,0.6036786595286328,0.41450608013870416,0.92499762075556,0.1947715985962502,0.09595517143667258,0.1947715985962502,1.721,2.8508544617823652,256.9093746414406,3.0629822235178157,0.3352019211841466,0.41450608013870416,0.92499762075556,0.6036786595286328,75.60225468128311,876.2484353470461,1.8605453261536462,4.151929446786668,1.9989856853284795,4.460868227154895,0.16513885004251352,0.6442669115042347
495817671,9630806627,24,重点词,1575,770,1575,9630806627,33.9,202,144,0.5,508.0,0,0.1678,0.7129,495817671_9630806627,171870.0,107520,166126,0.6255891080467796,1.5450706845238096,7.887408182112216,2.7815627886031566,1.8907813943015783,0.7445741213151928,33.9,0.00019853720830330629,2026-09-14,9,0,0.8279037569912316,0.5684665767554186,1.2685706101147276,0.011096731934212999,0.004738301695388773,0.02460965395803549,3.756874403840113,3.3923559079491805,4.0,9,0,0.11757945755483325,0.08875830527811401,0.15517289485804164,34.42,0.8395121951219513,0.012202380952380952,3.7816964285714287,0.43786328736170205,0.30065166627335055,0.6709239967866912,0.2685300662297942,0.13229263777001732,0.2685300662297942,1.721,3.9304505531160188,354.19892779403017,2.9265117669591736,0.4621402439814758,0.30065166627335055,0.6709239967866912,0.43786328736170205,104.23223202460059,1208.0768041815818,2.5651191613990854,5.724232369413439,1.9099213456674884,4.262115286659996,0.22767562960219984,0.8882457076019902
495817671,9630806627,28,重点词,1785,786,1785,9630806627,44.38,65,68,0.902,142.0,0,0.6828,1.0462,495817671_9630806627,171870.0,107520,166126,0.6255891080467796,1.5450706845238096,2.1350508148768657,2.1350508148768657,1.5675254074384328,1.1008296640574038,44.38,0.00025991390278763227,2026-09-14,9,0,0.8279037569912316,0.5684665767554186,1.2685706101147276,0.011096731934212999,0.004738301695388773,0.02460965395803549,3.756874403840113,3.3923559079491805,4.0,9,0,0.11757945755483325,0.08875830527811401,0.15517289485804164,34.42,0.8395121951219513,0.012202380952380952,3.7816964285714287,0.5281597051394199,0.3626522250024493,0.8092823274793094,0.2226210299852304,0.10967532870088932,0.2226210299852304,1.721,3.2584840972404407,293.64358052067684,3.5870359541015873,0.38313079260458155,0.3626522250024493,0.8092823274793094,0.5281597051394199,86.41224864227708,1001.5388824952714,2.126575536822161,4.7455933849251215,2.3409974337926323,5.22408997168016,0.18875124069423055,0.7363874633580039
495817671,9630806627,30,重点词,1844,791,1844,9630806627,8.64,13,68,0.6364,329.0,0,0.6646,5.2308,495817671_9630806627,171870.0,107520,166126,0.6255891080467796,1.5450706845238096,1.726970835115483,1.726970835115483,1.3634854175577416,3.826693594104308,8.64,5.060063362066568e-05,2026-09-14,9,0,0.8279037569912316,0.5684665767554186,1.2685706101147276,0.011096731934212999,0.004738301695388773,0.02460965395803549,3.756874403840113,3.3923559079491805,4.0,9,0,0.11757945755483325,0.08875830527811401,0.15517289485804164,34.42,0.8395121951219513,0.012202380952380952,3.7816964285714287,0.6071966346909399,0.41692164025754597,0.9303881022702655,0.19364313113276824,0.09539922647498657,0.19364313113276824,1.721,2.8343371844871648,255.42089340271886,10.846139947408673,0.33325982867949416,0.41692164025754597,0.9303881022702655,0.6071966346909399,75.1642304252387,871.1716281721668,1.849765700787167,4.127874002742776,7.0784865577961185,15.79610900356549,0.16418206876345187,0.6405341586148483
495817671,9630806627,34,重点词,2019,800,2019,9630806627,901.8,964,1186,0.7208,166.0,0,0.9355,1.2303,495817671_9630806627,171870.0,107520,166126,0.6255891080467796,1.5450706845238096,1.7024680111696935,1.7024680111696935,1.3512340055848466,1.232881240201842,901.8,0.005281441134156979,2026-09-14,9,0,0.8279037569912316,0.5684665767554186,1.2685706101147276,0.011096731934212999,0.004738301695388773,0.02460965395803549,3.756874403840113,3.3923559079491805,4.0,9,0,0.11757945755483325,0.08875830527811401,0.15517289485804164,34.42,0.8395121951219513,0.012202380952380952,3.7816964285714287,0.6127019846816947,0.4207017988045472,0.9388237750615666,0.19190317722883998,0.09454202975664244,0.19190317722883998,1.721,2.808869634874903,253.12584385450538,3.4630026790098656,0.3302653680108336,0.4207017988045472,0.9388237750615666,0.6127019846816947,74.4888524998813,863.3438345057319,1.8331448837532258,4.090783554741954,2.2600499377513388,5.04345030236756,0.16270683321118165,0.6347787264269791
495817671,9630806627,35,重点词,2128,807,2128,9630806627,32.54,38,55,0.8571,125.0,0,0.8563,1.4474,495817671_9630806627,171870.0,107520,166126,0.6255891080467796,1.5450706845238096,1.6946489048205489,1.6946489048205489,1.3473244524102745,1.464360119047619,32.54,0.0001905722937519052,2026-09-14,9,0,0.8279037569912316,0.5684665767554186,1.2685706101147276,0.011096731934212999,0.004738301695388773,0.02460965395803549,3.756874403840113,3.3923559079491805,4.0,9,0,0.11757945755483325,0.08875830527811401,0.15517289485804164,34.42,0.8395121951219513,0.012202380952380952,3.7816964285714287,0.614479871949304,0.421922556024623,0.9415479752077077,0.19134793981426593,0.09426848935502594,0.19134793981426593,1.721,2.8007426745167443,252.39346963781352,4.101295876277087,0.3293098044203517,0.421922556024623,0.9415479752077077,0.614479871949304,74.27333236898059,860.8459040103563,1.8278410079107688,4.078947606440752,2.676617475944333,5.973048202556581,0.16223607017999964,0.6329421080656915
495817671,9630806627,45,重点词,2899,856,2899,9630806627,1569.85,1892,1578,0.822,176.0,0,0.8297,0.834,495817671_9630806627,171870.0,107520,166126,0.6255891080467796,1.5450706845238096,1.9217885242866468,1.9217885242866468,1.4608942621433234,0.837031876566416,1569.85,0.009193912579791899,2026-09-14,9,0,0.8279037569912316,0.5684665767554186,1.2685706101147276,0.011096731934212999,0.004738301695388773,0.02460965395803549,3.756874403840113,3.3923559079491805,4.0,9,0,0.11757945755483325,0.08875830527811401,0.15517289485804164,34.42,0.8395121951219513,0.012202380952380952,3.7816964285714287,0.5667102530586904,0.38912232834798294,0.8683521066429327,0.20747720183325558,0.10221464841175484,0.20747720183325558,1.721,3.0368252395492967,273.66843297225904,2.5419195290642036,0.35706826435503286,0.38912232834798294,0.8683521066429327,0.5667102530586904,80.5340427793755,933.4090534084345,1.9819149246420578,4.422773700256415,1.6589259685681286,3.7020025699542183,0.1759114099166301,0.6862945983708004
495817671,9630806627,47,重点词,2987,860,2987,9630806627,442.84,485,133,0.9145,111.0,0,0.9131,0.2742,495817671_9630806627,171870.0,107520,166126,0.6255891080467796,1.5450706845238096,1.7372571573123594,1.7372571573123594,1.3686285786561796,0.29484901719308415,442.84,0.0025935167352518036,2026-09-14,9,0,0.8279037569912316,0.5684665767554186,1.2685706101147276,0.011096731934212999,0.004738301695388773,0.02460965395803549,3.756874403840113,3.3923559079491805,4.0,9,0,0.11757945755483325,0.08875830527811401,0.15517289485804164,34.42,0.8395121951219513,0.012202380952380952,3.7816964285714287,0.6049148541119378,0.41535489293492683,0.9268918024204227,0.1943735663880317,0.09575907894140025,0.1943735663880317,1.721,2.8450284999639535,256.3843586409685,0.8388538571006862,0.33451690775380255,0.41535489293492683,0.9268918024204227,0.6049148541119378,75.4477550899979,874.4577476791168,1.8567431446754592,4.143444628373807,0.5474588913875557,1.2216905764699808,0.16480137485814983,0.6429502976687662
495817671,9630806627,49,重点词,3132,872,3132,9630806627,36.2,53,318,0.7111,443.0,0,0.683,6.0,495817671_9630806627,171870.0,107520,166126,0.6255891080467796,1.5450706845238096,2.0962527132689943,2.0962527132689943,1.5481263566344972,5.415746975019515,36.2,0.00021200728438288164,2026-09-14,9,0,0.8279037569912316,0.5684665767554186,1.2685706101147276,0.011096731934212999,0.004738301695388773,0.02460965395803549,3.756874403840113,3.3923559079491805,4.0,9,0,0.11757945755483325,0.08875830527811401,0.15517289485804164,34.42,0.8395121951219513,0.012202380952380952,3.7816964285714287,0.5347778968061936,0.367196498088967,0.8194231721966795,0.2198659635281162,0.10831803186645798,0.2198659635281162,1.721,3.2181584360127355,290.00956814056565,17.428731814969506,0.378389323231888,0.367196498088967,0.8194231721966795,0.5347778968061936,85.3428461346436,989.1442485254192,2.1002579111674455,4.686863869772048,11.374465429165898,25.382868825046227,0.18641533284217418,0.7272742344780921
495817671,9630806627,62,重点词,3830,921,3830,9630806627,53.31,116,129,0.7935,134.0,0,0.4596,1.1121,495817671_9630806627,171870.0,107520,166126,0.6255891080467796,1.5450706845238096,3.152765572988198,2.7815627886031566,1.8907813943015783,1.1400045602918587,53.31,0.0003122129373052879,2026-09-14,9,0,0.8279037569912316,0.5684665767554186,1.2685706101147276,0.011096731934212999,0.004738301695388773,0.02460965395803549,3.756874403840113,3.3923559079491805,4.0,9,0,0.11757945755483325,0.08875830527811401,0.15517289485804164,34.42,0.8395121951219513,0.012202380952380952,3.7816964285714287,0.43786328736170205,0.30065166627335055,0.6709239967866912,0.2685300662297942,0.13229263777001732,0.2685300662297942,1.721,3.9304505531160188,354.19892779403017,4.48073155455392,0.4621402439814758,0.30065166627335055,0.6709239967866912,0.43786328736170205,104.23223202460059,1208.0768041815818,2.5651191613990854,5.724232369413439,2.9242475416869858,6.525651005301592,0.22767562960219984,0.8882457076019902
495817671,9630806627,77,重点词,4721,976,4721,9630806627,18.53,32,59,0.72,191.0,0,0.5791,1.8438,495817671_9630806627,171870.0,107520,166126,0.6255891080467796,1.5450706845238096,2.22684414119164,2.22684414119164,1.61342207059582,1.7840141369047617,18.53,0.00010852196076283969,2026-09-14,9,0,0.8279037569912316,0.5684665767554186,1.2685706101147276,0.011096731934212999,0.004738301695388773,0.02460965395803549,3.756874403840113,3.3923559079491805,4.0,9,0,0.11757945755483325,0.08875830527811401,0.15517289485804164,34.42,0.8395121951219513,0.012202380952380952,3.7816964285714287,0.5131352620492513,0.35233593683610004,0.7862608509168699,0.22913930546357159,0.11288658868696272,0.22913930546357159,1.721,3.353891512204859,302.24137449551927,5.983389871418358,0.39434874470280673,0.35233593683610004,0.7862608509168699,0.5131352620492513,88.9423727792045,1030.8636337948556,2.1888410163028182,4.884542903724795,3.904923316521214,8.71409359256287,0.19427781913026287,0.757948662429281
495817671,9630806627,83,重点词,4887,992,4887,9630806627,167.05,190,239,0.8592,128.0,0,0.8792,1.2579,495817671_9630806627,171870.0,107520,166126,0.6255891080467796,1.5450706845238096,1.7804450212927383,1.7804450212927383,1.3902225106463693,1.2694978054353054,167.05,0.0009783374822143751,2026-09-14,9,0,0.8279037569912316,0.5684665767554186,1.2685706101147276,0.011096731934212999,0.004738301695388773,0.02460965395803549,3.756874403840113,3.3923559079491805,4.0,9,0,0.11757945755483325,0.08875830527811401,0.15517289485804164,34.42,0.8395121951219513,0.012202380952380952,3.7816964285714287,0.5955188832371204,0.40890330317778845,0.9124946549203258,0.19744035137172317,0.09726994541777773,0.19744035137172317,1.721,2.889916757374664,260.42953677781367,3.6687429813778496,0.3397948447107356,0.40890330317778845,0.9124946549203258,0.5955188832371204,76.63815379833525,888.2547569087632,1.8860384449597338,4.208819020597935,2.3943216668429983,5.34308651012345,0.1674015760639955,0.6530946313597692
495817671,9630806627,92,重点词,5621,1032,5621,9630806627,200.67,223,215,0.9398,63.0,0,0.8999,0.9641,495817671_9630806627,171870.0,107520,166126,0.6255891080467796,1.5450706845238096,1.7463901053822095,1.7463901053822095,1.3731950526911048,0.9842448721913009,200.67,0.0011752348551688635,2026-09-14,9,0,0.8279037569912316,0.5684665767554186,1.2685706101147276,0.011096731934212999,0.004738301695388773,0.02460965395803549,3.756874403840113,3.3923559079491805,4.0,9,0,0.11757945755483325,0.08875830527811401,0.15517289485804164,34.42,0.8395121951219513,0.012202380952380952,3.7816964285714287,0.6029032476986833,0.41397365628529764,0.9238094818566812,0.19502210015228955,0.09607858224157509,0.19502210015228955,1.721,2.854521030644895,257.2397934426036,2.809547686974465,0.3356330343620903,0.41397365628529764,0.9238094818566812,0.6029032476986833,75.69948899354546,877.3754045669604,1.8629382289312701,4.157269366952039,1.8335873990347464,4.091771056740519,0.16535124003775073,0.6450955223746061
495817671,9630806627,94,重点词,5630,1034,5630,9630806627,5131.63,5913,4780,0.9174,91.0,0,0.8679,0.8084,495817671_9630806627,171870.0,107520,166126,0.6255891080467796,1.5450706845238096,1.8405683813649958,1.8405683813649958,1.420284190682498,0.809383645579495,5131.63,0.03005367239662229,2026-09-14,9,0,0.8279037569912316,0.5684665767554186,1.2685706101147276,0.011096731934212999,0.004738301695388773,0.02460965395803549,3.756874403840113,3.3923559079491805,4.0,9,0,0.11757945755483325,0.08875830527811401,0.15517289485804164,34.42,0.8395121951219513,0.012202380952380952,3.7816964285714287,0.5829141536760991,0.40024847173877914,0.8931808284827374,0.20170973172177803,0.09937327632623885,0.20170973172177803,1.721,2.9524072955625766,266.06097300231545,2.389630180117936,0.34714244829318,0.40024847173877914,0.8931808284827374,0.5829141536760991,78.29535013949794,907.4620637163226,1.92682147345627,4.299829035008046,1.5595377885668902,3.4802112997233747,0.17102140855745707,0.6672169187568582
495817671,9630806627,50,潜力词,3443,894,3443,9630806627,7.46,22,21,1.0,105.0,0,0.3391,0.9545,495817671_9630806627,171870.0,107520,166126,0.6255891080467796,1.5450706845238096,2.7852353530007363,2.7815627886031566,1.8907813943015783,1.1120188492063492,7.46,4.36898989363618e-05,2026-09-14,9,0,0.8279037569912316,0.5684665767554186,1.2685706101147276,0.011096731934212999,0.004738301695388773,0.02460965395803549,3.756874403840113,3.3923559079491805,4.0,9,0,0.11757945755483325,0.08875830527811401,0.15517289485804164,34.42,0.8395121951219513,0.012202380952380952,3.7816964285714287,0.43786328736170205,0.30065166627335055,0.6709239967866912,0.2685300662297942,0.13229263777001732,0.2685300662297942,1.721,3.9304505531160188,354.19892779403017,4.370735100938534,0.4621402439814758,0.30065166627335055,0.6709239967866912,0.43786328736170205,104.23223202460059,1208.0768041815818,2.5651191613990854,5.724232369413439,2.8524608579361663,6.365454292024866,0.22767562960219984,0.8882457076019902
495817671,9630806627,52,潜力词,3678,912,3678,9630806627,3.98,11,11,0.75,127.0,0,0.3618,1.0,495817671_9630806627,171870.0,107520,166126,0.6255891080467796,1.5450706845238096,2.1298526859871854,2.1298526859871854,1.5649263429935927,1.2295034461152883,3.98,2.3309088172482567e-05,2026-09-14,9,0,0.8279037569912316,0.5684665767554186,1.2685706101147276,0.011096731934212999,0.004738301695388773,0.02460965395803549,3.756874403840113,3.3923559079491805,4.0,9,0,0.11757945755483325,0.08875830527811401,0.15517289485804164,34.42,0.8395121951219513,0.012202380952380952,3.7816964285714287,0.529036884514009,0.36325452587626744,0.8106264015519365,0.22225190907595352,0.10949347949707422,0.22225190907595352,1.721,3.253081307517846,293.15669936011307,3.9996746780864196,0.38249553551971605,0.36325452587626744,0.8106264015519365,0.529036884514009,86.26897121788632,999.8782624585778,2.123049528987906,4.737724866189859,2.61029671216407,5.825049049726525,0.1884382782144647,0.7351664825276085
495817671,9630806627,54,潜力词,3774,916,3774,9630806627,2.56,9,9,0.875,68.0,0,0.2844,1.0,495817671_9630806627,171870.0,107520,166126,0.6255891080467796,1.5450706845238096,2.113600728073715,2.113600728073715,1.5568003640368575,1.2565038515406162,2.56,1.4992780332049089e-05,2026-09-14,9,0,0.8279037569912316,0.5684665767554186,1.2685706101147276,0.011096731934212999,0.004738301695388773,0.02460965395803549,3.756874403840113,3.3923559079491805,4.0,9,0,0.11757945755483325,0.08875830527811401,0.15517289485804164,34.42,0.8395121951219513,0.012202380952380952,3.7816964285714287,0.5317982807021177,0.36515059341414696,0.8148576011539871,0.2210978519892854,0.10892492768358061,0.2210978519892854,0.7744499999999983,1.4562852647389433,131.23550910056528,1.8298280440863282,0.17122923147310168,0.36515059341414696,0.8148576011539871,0.5317982807021177,38.619456359255686,447.6088491198023,0.9504114570487355,2.1209057686553767,1.194195656330065,2.664926267070192,0.08435691024454882,0.3291070878433748
495817671,9630806627,55,潜力词,3784,917,3784,9630806627,6.91,15,11,1.0,58.0,0,0.4607,0.7333,495817671_9630806627,171870.0,107520,166126,0.6255891080467796,1.5450706845238096,2.1401068506059735,2.1401068506059735,1.5700534253029867,1.0156767598343686,6.91,4.046879378689812e-05,2026-09-14,9,0,0.8279037569912316,0.5684665767554186,1.2685706101147276,0.011096731934212999,0.004738301695388773,0.02460965395803549,3.756874403840113,3.3923559079491805,4.0,9,0,0.11757945755483325,0.08875830527811401,0.15517289485804164,34.42,0.8395121951219513,0.012202380952380952,3.7816964285714287,0.5273092900207927,0.3620683013673351,0.8079792634253326,0.22298006081060487,0.10985220697599797,0.22298006081060487,1.721,3.2637391993077496,294.11715256859725,3.3149040548973114,0.38374868465505096,0.3620683013673351,0.8079792634253326,0.5273092900207927,86.55160951467336,1003.1541087461369,2.1300051596671232,4.753246814208034,2.1633967390011906,4.827762322947851,0.1890556482056925,0.7375750681354247
500635396,9657930100,2,黄金词,3587,1126,3587,9657930100,7.03,6,11,0.3333,77.0,0,1.1717,1.8333,500635396_9657930100,808153.2999999999,358634,812358,0.44376976496909687,2.2651449667348884,1.43012091092882,1.43012091092882,1.21506045546441,2.080082838134222,7.03,8.699457789896685e-06,2026-09-14,9,0,2.1363761289209524,1.4669077346420945,3.273501232980268,0.035200743820670295,0.015192103888439595,0.0763424509661389,3.045499254847488,2.6809807589565553,3.3502614097179624,9,0,0.11757945755483325,0.08875830527811401,0.15517289485804164,4441.75,3.084548611111111,0.04349139232860163,2.812413168227122,1.7582467763749294,1.2072713979333856,2.694105645738506,0.06687312562418175,0.03294536924285449,0.06687312562418175,222.0875,126.31190512283467,3588.330569556397,262.7392260980465,14.851685287060464,1.2072713979333856,2.694105645738506,1.7582467763749294,1079.8001775408602,12108.804908609303,82.4345921071412,183.95822213643984,171.4707803106592,382.6483407996915,7.316754691722447,28.54532986185005
500635396,9657930100,5,重点词,1934,1113,1934,9657930100,4656.78,2449,5135,0.6731,189.0,0,1.9015,2.0968,500635396_9657930100,808153.2999999999,358634,812358,0.44376976496909687,2.2651449667348884,1.1847539112791299,1.1847539112791299,1.092376955639565,2.097322409334098,4656.78,0.00576265448745876,2026-09-14,9,0,2.1363761289209524,1.4669077346420945,3.273501232980268,0.035200743820670295,0.015192103888439595,0.0763424509661389,3.045499254847488,2.6809807589565553,3.3502614097179624,9,0,0.11757945755483325,0.08875830527811401,0.15517289485804164,4441.75,3.084548611111111,0.04349139232860163,2.812413168227122,1.9557132891641298,1.3428585499437318,2.996677306382482,0.06012100966245753,0.029618906610021666,0.06012100966245753,222.0875,113.55831206470965,3226.020241027602,238.16839265947021,13.352124733411037,1.3428585499437318,2.996677306382482,1.9557132891641298,970.7737794744622,10886.190380909398,74.11124965874247,165.38413521610738,155.43518469303459,346.8638529370825,6.577988921753187,25.663135025077175
500635396,9657930100,9,重点词,2818,1118,2818,9657930100,13968.87,6980,12860,0.6439,136.0,0,2.0013,1.8424,500635396_9657930100,808153.2999999999,358634,812358,0.44376976496909687,2.2651449667348884,1.1259222796719657,1.1259222796719657,1.0629611398359828,1.8428908356802918,13968.87,0.017286144372340558,2026-09-14,9,0,2.1363761289209524,1.4669077346420945,3.273501232980268,0.035200743820670295,0.015192103888439595,0.0763424509661389,3.045499254847488,2.6809807589565553,3.3502614097179624,9,0,0.11757945755483325,0.08875830527811401,0.15517289485804164,4441.75,3.084548611111111,0.04349139232860163,2.812413168227122,2.0098346485654215,1.380020096377598,3.079605745027872,0.0585020552007893,0.02882132085297519,0.0585020552007893,222.0875,110.50038377959176,3139.149114079363,203.6401446065648,12.992575184405293,1.380020096377598,3.079605745027872,2.0098346485654215,944.6325261858946,10593.04416485793,72.11556231136657,160.93062744735053,132.9011088935485,296.5775785030015,6.400855094935128,24.972071332326394
500635396,9657930100,10,重点词,2832,1119,2832,9657930100,164553.1,74970,173306,0.5672,212.0,0,2.1949,2.3117,500635396_9657930100,808153.2999999999,358634,812358,0.44376976496909687,2.2651449667348884,1.0266518186990117,1.0266518186990117,1.013325909349506,2.311666370931925,164553.1,0.20363054731815766,2026-09-14,9,0,2.1363761289209524,1.4669077346420945,3.273501232980268,0.035200743820670295,0.015192103888439595,0.0763424509661389,3.045499254847488,2.6809807589565553,3.3502614097179624,9,0,0.11757945755483325,0.08875830527811401,0.15517289485804164,4441.75,3.084548611111111,0.04349139232860163,2.812413168227122,2.108281362599696,1.447616922756629,3.2304525155995054,0.055770287420198725,0.027475502224381807,0.055770287420198725,392.8232457535483,186.3239189617285,5293.181300683677,430.718737564073,21.907865321010746,1.447616922756629,3.2304525155995054,2.108281362599696,1592.8237372346598,17861.81581475673,121.60006805753912,271.35856149395755,281.09878803164656,627.2904610700444,10.793015962490498,42.107493531531304
500635396,9657930100,13,重点词,3366,1123,3366,9657930100,513.5,239,700,0.5176,236.0,0,2.1485,2.9289,500635396_9657930100,808153.2999999999,358634,812358,0.44376976496909687,2.2651449667348884,1.0480626602480694,1.0480626602480694,1.0240313301240347,2.9073731163314944,513.5,0.0006354440362890396,2026-09-14,9,0,2.1363761289209524,1.4669077346420945,3.273501232980268,0.035200743820670295,0.015192103888439595,0.0763424509661389,3.045499254847488,2.6809807589565553,3.3502614097179624,9,0,0.11757945755483325,0.08875830527811401,0.15517289485804164,4441.75,3.084548611111111,0.04349139232860163,2.812413168227122,2.086240983136899,1.4324832566054564,3.196680742750096,0.05635948028306838,0.02776577094206645,0.05635948028306838,222.0875,106.45342594414302,3024.1811504458124,309.499828731387,12.516736077365948,1.4324832566054564,3.196680742750096,2.086240983136899,910.0363748178324,10205.085303377997,69.47440732193317,155.03671611930662,201.98802412085243,450.74958048958973,6.1664306540961835,24.057496049517216
500635396,9657930100,14,重点词,3408,1124,3408,9657930100,12956.21,6733,12890,0.5714,229.0,0,1.9243,1.9145,500635396_9657930100,808153.2999999999,358634,812358,0.44376976496909687,2.2651449667348884,1.170936887404789,1.170936887404789,1.0854684437023945,1.9148674024230647,12956.21,0.016033001708682406,2026-09-14,9,0,2.1363761289209524,1.4669077346420945,3.273501232980268,0.035200743820670295,0.015192103888439595,0.0763424509661389,3.045499254847488,2.6809807589565553,3.3502614097179624,9,0,0.11757945755483325,0.08875830527811401,0.15517289485804164,4441.75,3.084548611111111,0.04349139232860163,2.812413168227122,1.9681605129247661,1.3514052326004606,3.015749791688805,0.059740786781717015,0.029431587966191917,0.059740786781717015,222.0875,112.84013602628832,3205.6179437897913,216.073898161724,13.267681984384577,1.3514052326004606,3.015749791688805,1.9681605129247661,964.6343216534532,10817.342923254279,73.6425484010834,164.33819748695586,141.01571536459738,314.6858573407358,6.536387792441648,25.500833839803487
500635396,9657930100,16,重点词,4196,1129,4196,9657930100,657.56,352,563,0.659,152.0,0,1.8681,1.5994,500635396_9657930100,808153.2999999999,358634,812358,0.44376976496909687,2.2651449667348884,1.2037861042242304,1.2037861042242304,1.101893052112115,1.61422544370522,657.56,0.0008137148597901087,2026-09-14,9,0,2.1363761289209524,1.4669077346420945,3.273501232980268,0.035200743820670295,0.015192103888439595,0.0763424509661389,3.045499254847488,2.6809807589565553,3.3502614097179624,9,0,0.11757945755483325,0.08875830527811401,0.15517289485804164,4441.75,3.084548611111111,0.04349139232860163,2.812413168227122,1.9388234863863911,1.3312614430505003,2.970797598465297,0.060644745837064126,0.02987692777319001,0.060644745837064126,222.0875,114.54756018761155,3254.1232870297436,184.90558616919765,13.46843999108898,1.3312614430505003,2.970797598465297,1.9388234863863911,979.2305460611323,10981.02397964879,74.75685994721741,166.8248571002708,120.674425418306,269.29292897374455,6.6352921968283365,25.886696010528144
500635396,9657930100,18,重点词,4536,1132,4536,9657930100,48121.97,23315,52173,0.575,196.0,0,2.064,2.2377,500635396_9657930100,808153.2999999999,358634,812358,0.44376976496909687,2.2651449667348884,1.0917625641345226,1.0917625641345226,1.0458812820672612,2.2377533404679446,48121.97,0.059549793283310754,2026-09-14,9,0,2.1363761289209524,1.4669077346420945,3.273501232980268,0.035200743820670295,0.015192103888439595,0.0763424509661389,3.045499254847488,2.6809807589565553,3.3502614097179624,9,0,0.11757945755483325,0.08875830527811401,0.15517289485804164,4441.75,3.084548611111111,0.04349139232860163,2.812413168227122,2.0426564329540806,1.4025566379222731,3.129897521934758,0.0575620332709551,0.028358214496188278,0.0575620332709551,317.40635317937466,155.38900622673142,4414.367122989178,347.7222677558625,18.270555062123687,1.4025566379222731,3.129897521934758,2.0426564329540806,1328.371037934646,14896.261437212825,101.41110082836474,226.30555130349373,226.93302963920473,506.4160033958329,9.001077445913598,35.11648751820818
500635396,9657930100,21,重点词,5331,1136,5331,9657930100,4160.45,2130,3953,0.7037,152.0,0,1.9533,1.8559,500635396_9657930100,808153.2999999999,358634,812358,0.44376976496909687,2.2651449667348884,1.153372839167986,1.153372839167986,1.076686419583993,1.8573999811664543,4160.45,0.005148457917777477,2026-09-14,9,0,2.1363761289209524,1.4669077346420945,3.273501232980268,0.035200743820670295,0.015192103888439595,0.0763424509661389,3.045499254847488,2.6809807589565553,3.3502614097179624,9,0,0.11757945755483325,0.08875830527811401,0.15517289485804164,4441.75,3.084548611111111,0.04349139232860163,2.812413168227122,1.9842138714319435,1.3624280087129492,3.040347842638411,0.059257451652618434,0.02919347057377804,0.059257451652618434,222.0875,111.92719857347161,3179.6827687415694,207.89357652238016,13.160339293900899,1.3624280087129492,3.040347842638411,1.9842138714319435,956.8299106386992,10729.824795021077,73.04674053586996,163.00861299071528,135.67701449559573,302.7721946989244,6.483504896053931,25.294518364563462
500635396,9657930100,23,重点词,5553,1138,5553,9657930100,71798.68,51724,100920,0.5765,187.0,0,1.3881,1.9511,500635396_9657930100,808153.2999999999,358634,812358,0.44376976496909687,2.2651449667348884,1.6233015907535366,1.6233015907535366,1.3116507953767682,1.9511737640093922,71798.68,0.0888491587525319,2026-09-14,9,0,2.1363761289209524,1.4669077346420945,3.273501232980268,0.035200743820670295,0.015192103888439595,0.0763424509661389,3.045499254847488,2.6809807589565553,3.3502614097179624,9,0,0.11757945755483325,0.08875830527811401,0.15517289485804164,4441.75,3.084548611111111,0.04349139232860163,2.812413168227122,1.628768980624362,1.1183675867178726,2.495710935043472,0.07218915570811098,0.03556433721222124,0.07218915570811098,473.57490106687027,290.7563360430238,8259.948639843464,567.3161346066464,34.18697227256955,1.1183675867178726,2.495710935043472,1.628768980624362,2485.583152079539,27873.158477526184,189.75550990989316,423.45191928951857,370.2459725124078,826.2282752371314,16.842377476786485,65.7082601493484
500635396,9657930100,24,重点词,5573,1139,5573,9657930100,10656.71,10553,10503,0.5927,209.0,0,1.0098,0.9953,500635396_9657930100,808153.2999999999,358634,812358,0.44376976496909687,2.2651449667348884,2.230559989151984,2.230559989151984,1.615279994575992,0.996223952252048,10656.71,0.013187425152797994,2026-09-14,9,0,2.1363761289209524,1.4669077346420945,3.273501232980268,0.035200743820670295,0.015192103888439595,0.0763424509661389,3.045499254847488,2.6809807589565553,3.3502614097179624,9,0,0.11757945755483325,0.08875830527811401,0.15517289485804164,4441.75,3.084548611111111,0.04349139232860163,2.812413168227122,1.3226042148078156,0.9081445567133115,2.0265843964962595,0.08889995679615949,0.0437969943080423,0.08889995679615949,222.0875,167.9168246354568,4770.263534512417,167.28276268794883,19.743569154967073,0.9081445567133115,2.0265843964962595,1.3226042148078156,1435.4673605559078,16097.232231646009,109.58709658673222,244.5508243795045,109.17329047746128,243.62738878984644,9.726764973387343,37.94765935888826
500635396,9657930100,25,重点词,5867,1140,5867,9657930100,24613.57,15146,13988,0.5599,213.0,0,1.6251,0.9235,500635396_9657930100,808153.2999999999,358634,812358,0.44376976496909687,2.2651449667348884,1.3865195275620263,1.3865195275620263,1.1932597637810132,0.9242524191456961,24613.57,0.030458707435799055,2026-09-14,9,0,2.1363761289209524,1.4669077346420945,3.273501232980268,0.035200743820670295,0.015192103888439595,0.0763424509661389,3.045499254847488,2.6809807589565553,3.3502614097179624,9,0,0.11757945755483325,0.08875830527811401,0.15517289485804164,4441.75,3.084548611111111,0.04349139232860163,2.812413168227122,1.7903697030322558,1.2293280802446476,2.743326585158385,0.06567328376686393,0.032354261340338954,0.06567328376686393,222.0875,124.04560891745543,3523.9485151053645,114.64945412635912,14.585215408573395,1.2293280802446476,2.743326585158385,1.7903697030322558,1060.4263343346404,11891.547963673096,80.9555454321447,180.65763205848398,74.82335870891905,166.97325346718688,7.185477015422528,28.033167744713907
500635396,9657930100,26,重点词,5874,1141,5874,9657930100,18.64,22,61,0.6,100.0,0,0.8473,2.7727,500635396_9657930100,808153.2999999999,358634,812358,0.44376976496909687,2.2651449667348884,2.1586238452568636,2.1586238452568636,1.5793119226284318,2.637371991129304,18.64,2.3066556643481396e-05,2026-09-14,9,0,2.1363761289209524,1.4669077346420945,3.273501232980268,0.035200743820670295,0.015192103888439595,0.0763424509661389,3.045499254847488,2.6809807589565553,3.3502614097179624,9,0,0.11757945755483325,0.08875830527811401,0.15517289485804164,4441.75,3.084548611111111,0.04349139232860163,2.812413168227122,1.352725891770262,0.9288271136462617,2.072738884622751,0.08692038665790701,0.04282174949126237,0.08692038665790701,222.0875,164.1777549695322,4664.0422090491475,432.9978125231341,19.303931371887924,0.9288271136462617,2.072738884622751,1.352725891770262,1403.5032469185057,15738.788860212802,107.14687780869276,239.1053154425687,282.5861744696003,630.6096618783677,9.510175290140733,37.102663973168596
500635396,9657930100,30,重点词,6434,1147,6434,9657930100,89.74,49,76,0.7619,68.0,0,1.8314,1.551,500635396_9657930100,808153.2999999999,358634,812358,0.44376976496909687,2.2651449667348884,1.2114275779650283,1.2114275779650283,1.1057137889825142,1.6512484163838441,89.74,0.00011105111551427148,2026-09-14,9,0,2.1363761289209524,1.4669077346420945,3.273501232980268,0.035200743820670295,0.015192103888439595,0.0763424509661389,3.045499254847488,2.6809807589565553,3.3502614097179624,9,0,0.11757945755483325,0.08875830527811401,0.15517289485804164,4441.75,3.084548611111111,0.04349139232860163,2.812413168227122,1.9321239819997733,1.326661337914537,2.960532160852012,0.06085502723957548,0.029980523924648145,0.06085502723957548,222.0875,114.94474581809008,3265.4067312802963,189.80232950376475,13.51514086206922,1.326661337914537,2.960532160852012,1.9321239819997733,982.6259592954611,11019.099910079025,75.01607411556894,167.40331059101595,123.8701735866663,276.4244515108279,6.6582996071152944,25.976456313227807
500635396,9657930100,31,重点词,6660,1149,6660,9657930100,4349.38,2727,5333,0.7072,181.0,0,1.5949,1.9556,500635396_9657930100,808153.2999999999,358634,812358,0.44376976496909687,2.2651449667348884,1.4120993992157715,1.4120993992157715,1.2060496996078858,1.9565342448752756,4349.38,0.005382254299035682,2026-09-14,9,0,2.1363761289209524,1.4669077346420945,3.273501232980268,0.035200743820670295,0.015192103888439595,0.0763424509661389,3.045499254847488,2.6809807589565553,3.3502614097179624,9,0,0.11757945755483325,0.08875830527811401,0.15517289485804164,4441.75,3.084548611111111,0.04349139232860163,2.812413168227122,1.7713831607565897,1.2162912814613025,2.714234109957954,0.06637720181590354,0.03270104997666873,0.06637720181590354,222.0875,125.37518980655909,3561.719901297577,245.30085231427046,14.741546808289478,1.2162912814613025,2.714234109957954,1.7713831607565897,1071.7924971576374,12019.007331661533,81.82326616013249,182.59400801851916,160.0900222698435,357.2514295972634,7.262494436693415,28.333640807966088
500635396,9657930100,2,潜力词,6133,1144,6133,9657930100,2.08,2,2,1.0,120.0,0,1.04,1.0,500635396_9657930100,808153.2999999999,358634,812358,0.44376976496909687,2.2651449667348884,1.2393334827717255,1.2393334827717255,1.1196667413858628,2.012115973387911,2.08,2.5739505267404132e-06,2026-09-14,9,0,2.1363761289209524,1.4669077346420945,3.273501232980268,0.035200743820670295,0.015192103888439595,0.0763424509661389,3.045499254847488,2.6809807589565553,3.3502614097179624,9,0,0.11757945755483325,0.08875830527811401,0.15517289485804164,4441.75,3.084548611111111,0.04349139232860163,2.812413168227122,1.9080464302053501,1.3101288806939426,2.9236388935948083,0.061622954081981623,0.030358846803060478,0.061622954081981623,222.0875,116.39522837822045,3306.6127514575924,234.20069824595123,13.685687814682094,1.3101288806939426,2.9236388935948083,1.9080464302053501,995.0256719308268,11158.149434562712,75.96269856942855,169.51576541261025,152.8457591731982,341.08537932779103,6.742320389374695,26.304252043151422
500635396,9657930100,3,潜力词,6452,1148,6452,9657930100,5.59,5,4,1.0,33.0,0,1.118,0.8,500635396_9657930100,808153.2999999999,358634,812358,0.44376976496909687,2.2651449667348884,1.4159050394332047,1.4159050394332047,1.2079525197166023,1.7016276718368544,5.59,6.9174920406148606e-06,2026-09-14,9,0,2.1363761289209524,1.4669077346420945,3.273501232980268,0.035200743820670295,0.015192103888439595,0.0763424509661389,3.045499254847488,2.6809807589565553,3.3502614097179624,9,0,0.11757945755483325,0.08875830527811401,0.15517289485804164,4441.75,3.084548611111111,0.04349139232860163,2.812413168227122,1.7685927998413111,1.2143753257671466,2.709958528625168,0.0664819270808878,0.03275264338570649,0.0664819270808878,222.0875,125.57299793368324,3567.33933161791,213.67848811946754,14.764804980576672,1.2143753257671466,2.709958528625168,1.7685927998413111,1073.4834957264577,12037.97007328398,81.95236113545647,182.88209195925702,139.4524054804599,311.19722836128403,7.273952687923092,28.378343627012494
525368335,9811363528,83,黄金词,4042,1827,4042,9811363528,1.73,7,20,0.25,350.0,0,0.2471,2.8571,525368335_9811363528,181497.5,100380,138303,0.5530654692213391,1.3777943813508666,2.116111279690801,2.116111279690801,1.5580556398454004,2.068157003387129,1.73,9.698401030788666e-06,2026-09-14,9,0,0.6740473221526895,0.4628235716526098,1.0328212856732955,0.0035064302337753364,0.00149146314060006,0.007840943129990625,3.903473717615401,3.538955221724468,4.0,9,0,0.11757945755483325,0.08875830527811401,0.15517289485804164,42.49,0.6965573770491804,0.0036234036234036233,3.932105732105732,0.43262082875267055,0.2970520177947778,0.6628911441030297,0.27178408837558177,0.13389574754119626,0.27178408837558177,2.1245000000000003,4.910766793465179,1400.503208694333,10.156236735905964,0.5774052957539235,0.2970520177947778,0.6628911441030297,0.43262082875267055,408.7391282828802,4795.254966368488,3.2049002598680065,7.151946032117979,6.628236917603248,14.791347274171587,0.2844615156512715,1.1097881696722314
525368335,9811363528,87,黄金词,4255,1856,4255,9811363528,7.61,25,149,0.381,369.0,0,0.3044,5.96,525368335_9811363528,181497.5,100380,138303,0.5530654692213391,1.3777943813508666,3.399017555878599,2.7815627886031566,1.8907813943015783,4.8491622742668765,7.61,4.266175251115708e-05,2026-09-14,9,0,0.6740473221526895,0.4628235716526098,1.0328212856732955,0.0035064302337753364,0.00149146314060006,0.007840943129990625,3.903473717615401,3.538955221724468,4.0,9,0,0.11757945755483325,0.08875830527811401,0.15517289485804164,42.49,0.6965573770491804,0.0036234036234036233,3.932105732105732,0.3564914083585378,0.24477899615865892,0.5462404531724312,0.3298240989768226,0.1624894398842624,0.3298240989768226,2.1245000000000003,5.959470411312984,1699.5833408886865,28.898439093148628,0.7007112982762597,0.24477899615865892,0.5462404531724312,0.3564914083585378,496.0261489486996,5819.290813158274,3.8893128248950126,8.679257752258117,18.859909023303228,42.08712926088839,0.34520881503411555,1.3467855506369917
525368335,9811363528,12,重点词,709,1295,709,9811363528,1363.47,2319,263,0.9787,79.0,0,0.588,0.1134,525368335_9811363528,181497.5,100380,138303,0.5530654692213391,1.3777943813508666,3.0630417483637205,2.7815627886031566,1.8907813943015783,0.11775778042578726,1363.47,0.00764362939505747,2026-09-14,9,0,0.6740473221526895,0.4628235716526098,1.0328212856732955,0.0035064302337753364,0.00149146314060006,0.007840943129990625,3.903473717615401,3.538955221724468,4.0,9,0,0.11757945755483325,0.08875830527811401,0.15517289485804164,42.49,0.6965573770491804,0.0036234036234036233,3.932105732105732,0.3564914083585378,0.24477899615865892,0.5462404531724312,0.3298240989768226,0.1624894398842624,0.3298240989768226,2.1245000000000003,5.959470411312984,1699.5833408886865,0.7017740081493705,0.7007112982762597,0.24477899615865892,0.5462404531724312,0.3564914083585378,496.0261489486996,5819.290813158274,3.8893128248950126,8.679257752258117,0.45799684564118526,1.0220501286492232,0.34520881503411555,1.3467855506369917
525368335,9811363528,16,重点词,836,1321,836,9811363528,22.95,53,54,0.7895,119.0,0,0.433,1.0189,525368335_9811363528,181497.5,100380,138303,0.5530654692213391,1.3777943813508666,3.3501942216481595,2.7815627886031566,1.8907813943015783,1.06594024673454,22.95,0.00012865797899225427,2026-09-14,9,0,0.6740473221526895,0.4628235716526098,1.0328212856732955,0.0035064302337753364,0.00149146314060006,0.007840943129990625,3.903473717615401,3.538955221724468,4.0,9,0,0.11757945755483325,0.08875830527811401,0.15517289485804164,42.49,0.6965573770491804,0.0036234036234036233,3.932105732105732,0.3564914083585378,0.24477899615865892,0.5462404531724312,0.3298240989768226,0.1624894398842624,0.3298240989768226,2.1245000000000003,5.959470411312984,1699.5833408886865,6.352439360642153,0.7007112982762597,0.24477899615865892,0.5462404531724312,0.3564914083585378,496.0261489486996,5819.290813158274,3.8893128248950126,8.679257752258117,4.1457750721964,9.251570149914686,0.34520881503411555,1.3467855506369917
525368335,9811363528,22,重点词,954,1336,954,9811363528,22.07,35,90,0.72,249.0,0,0.6306,2.5714,525368335_9811363528,181497.5,100380,138303,0.5530654692213391,1.3777943813508666,2.367860841050936,2.367860841050936,1.683930420525468,2.3493570942048123,22.07,0.00012372468829451207,2026-09-14,9,0,0.6740473221526895,0.4628235716526098,1.0328212856732955,0.0035064302337753364,0.00149146314060006,0.007840943129990625,3.903473717615401,3.538955221724468,4.0,9,0,0.11757945755483325,0.08875830527811401,0.15517289485804164,42.49,0.6965573770491804,0.0036234036234036233,3.932105732105732,0.40028216958177765,0.27484720628075976,0.6133396446101408,0.29374143164478816,0.14471313905451483,0.29374143164478816,2.1245000000000003,5.30750595815876,1513.6493825072414,12.469226775334594,0.6240536715293525,0.27484720628075976,0.6133396446101408,0.40028216958177765,441.76102224622724,5182.661970175187,3.4638230524791913,7.729749298705979,8.137757261412156,18.159941351339565,0.3074430639213168,1.199447575207124
525368335,9811363528,42,重点词,1672,1454,1672,9811363528,662.43,3390,507,0.9859,66.0,0,0.1954,0.1496,525368335_9811363528,181497.5,100380,138303,0.5530654692213391,1.3777943813508666,9.153802818302667,2.7815627886031566,1.8907813943015783,0.15244919218681782,662.43,0.003713590632847015,2026-09-14,9,0,0.6740473221526895,0.4628235716526098,1.0328212856732955,0.0035064302337753364,0.00149146314060006,0.007840943129990625,3.903473717615401,3.538955221724468,4.0,9,0,0.11757945755483325,0.08875830527811401,0.15517289485804164,42.49,0.6965573770491804,0.0036234036234036233,3.932105732105732,0.3564914083585378,0.24477899615865892,0.5462404531724312,0.3298240989768226,0.1624894398842624,0.3298240989768226,2.1245000000000003,5.959470411312984,1699.5833408886865,0.9085164500659074,0.7007112982762597,0.24477899615865892,0.5462404531724312,0.3564914083585378,496.0261489486996,5819.290813158274,3.8893128248950126,8.679257752258117,0.5929225983170752,1.3231458331129262,0.34520881503411555,1.3467855506369917
525368335,9811363528,45,重点词,1719,1465,1719,9811363528,49.34,66,98,0.7381,114.0,0,0.7476,1.4848,525368335_9811363528,181497.5,100380,138303,0.5530654692213391,1.3777943813508666,2.219422952362902,2.219422952362902,1.609711476181451,1.4732750682541478,49.34,0.0002766006398029554,2026-09-14,9,0,0.6740473221526895,0.4628235716526098,1.0328212856732955,0.0035064302337753364,0.00149146314060006,0.007840943129990625,3.903473717615401,3.538955221724468,4.0,9,0,0.11757945755483325,0.08875830527811401,0.15517289485804164,42.49,0.6965573770491804,0.0036234036234036233,3.932105732105732,0.41873797393285717,0.28751958254687815,0.6416188869593876,0.2807948284472681,0.13833493228158686,0.2807948284472681,2.1245000000000003,5.073578543752172,1446.935545695858,7.474776775339261,0.5965486130362212,0.28751958254687815,0.6416188869593876,0.41873797393285717,422.29048099119274,4954.237033117363,3.3111556457883293,7.389061924690346,4.8782430600489075,10.886120711432294,0.29389256363223126,1.146582129139534
525368335,9811363528,48,重点词,1952,1486,1952,9811363528,23556.53,28520,31283,0.6368,210.0,0,0.826,1.0969,525368335_9811363528,181497.5,100380,138303,0.5530654692213391,1.3777943813508666,2.1886734247777966,2.1886734247777966,1.5943367123888983,1.0969581588281971,23556.53,0.1320581935455515,2026-09-14,9,0,0.6740473221526895,0.4628235716526098,1.0328212856732955,0.0035064302337753364,0.00149146314060006,0.007840943129990625,3.903473717615401,3.538955221724468,4.0,9,0,0.11757945755483325,0.08875830527811401,0.15517289485804164,42.49,0.6965573770491804,0.0036234036234036233,3.932105732105732,0.4227760152011557,0.2902922375532149,0.6478062492368706,0.27811288561128344,0.13701366015328376,0.27811288561128344,6.73338317250058,15.92659689858909,4542.111445759778,17.470810410275163,1.8726406240305946,0.2902922375532149,0.6478062492368706,0.4227760152011557,1325.6225772123478,15551.968987193122,10.394131239753627,23.195188508153787,11.401927067378784,25.444151279577337,0.922565473678834,3.5992645475882035
525368335,9811363528,53,重点词,2206,1524,2206,9811363528,32.01,43,63,0.8378,162.0,0,0.7444,1.4651,525368335_9811363528,181497.5,100380,138303,0.5530654692213391,1.3777943813508666,2.1414644565276353,2.1414644565276353,1.5707322282638176,1.4514187264864105,32.01,0.00017944844913037294,2026-09-14,9,0,0.6740473221526895,0.4628235716526098,1.0328212856732955,0.0035064302337753364,0.00149146314060006,0.007840943129990625,3.903473717615401,3.538955221724468,4.0,9,0,0.11757945755483325,0.08875830527811401,0.15517289485804164,42.49,0.6965573770491804,0.0036234036234036233,3.932105732105732,0.4291293640149832,0.2946546606254995,0.6575412836692777,0.2739953669325875,0.13498514463276898,0.2739953669325875,2.1245000000000003,4.950721572914369,1411.897925481888,7.185570000548172,0.5821031570482823,0.2946546606254995,0.6575412836692777,0.4291293640149832,412.0646948205803,4834.269923225905,3.230975837965113,7.210135402202918,4.689498836047687,10.464925543259943,0.28677593977231775,1.1188175826782771
525368335,9811363528,62,重点词,2557,1582,2557,9811363528,126.11,148,160,0.844,71.0,0,0.8521,1.0811,525368335_9811363528,181497.5,100380,138303,0.5530654692213391,1.3777943813508666,2.054553344232366,2.054553344232366,1.527276672116183,1.0962971477615828,126.11,0.0007069741930593981,2026-09-14,9,0,0.6740473221526895,0.4628235716526098,1.0328212856732955,0.0035064302337753364,0.00149146314060006,0.007840943129990625,3.903473717615401,3.538955221724468,4.0,9,0,0.11757945755483325,0.08875830527811401,0.15517289485804164,42.49,0.6965573770491804,0.0036234036234036233,3.932105732105732,0.44133936860224193,0.3030384606158653,0.676250285576762,0.2664150672241569,0.13125067326576226,0.2664150672241569,2.1245000000000003,4.813755923765574,1372.836646626405,5.277306889244622,0.5659988103177214,0.3030384606158653,0.676250285576762,0.44133936860224193,400.664597362832,4700.526001568572,3.1415883221225576,7.010661272771705,3.4441143169840567,7.6857679572622075,0.27884205535311196,1.087864604565148
525368335,9811363528,70,重点词,2742,1620,2742,9811363528,2201.88,6284,4228,0.9227,58.0,0,0.3504,0.6728,525368335_9811363528,181497.5,100380,138303,0.5530654692213391,1.3777943813508666,5.145020596980575,2.7815627886031566,1.8907813943015783,0.6737162039178015,2201.88,0.012343766047209798,2026-09-14,9,0,0.6740473221526895,0.4628235716526098,1.0328212856732955,0.0035064302337753364,0.00149146314060006,0.007840943129990625,3.903473717615401,3.538955221724468,4.0,9,0,0.11757945755483325,0.08875830527811401,0.15517289485804164,42.49,0.6965573770491804,0.0036234036234036233,3.932105732105732,0.3564914083585378,0.24477899615865892,0.5462404531724312,0.3298240989768226,0.1624894398842624,0.3298240989768226,2.1245000000000003,5.959470411312984,1699.5833408886865,4.014991782870243,0.7007112982762597,0.24477899615865892,0.5462404531724312,0.3564914083585378,496.0261489486996,5819.290813158274,3.8893128248950126,8.679257752258117,2.620293072237089,5.847356585675489,0.34520881503411555,1.3467855506369917
525368335,9811363528,73,重点词,2843,1639,2843,9811363528,4124.08,5431,5542,0.7917,117.0,0,0.7594,1.0204,525368335_9811363528,181497.5,100380,138303,0.5530654692213391,1.3777943813508666,2.3783981017240894,2.3783981017240894,1.6891990508620447,1.0209638453853296,4124.08,0.023119642614482613,2026-09-14,9,0,0.6740473221526895,0.4628235716526098,1.0328212856732955,0.0035064302337753364,0.00149146314060006,0.007840943129990625,3.903473717615401,3.538955221724468,4.0,9,0,0.11757945755483325,0.08875830527811401,0.15517289485804164,42.49,0.6965573770491804,0.0036234036234036233,3.932105732105732,0.39903368511171294,0.27398995483475924,0.611426631542457,0.2946604809113192,0.14516591312714305,0.2946604809113192,2.1245000000000003,5.324111921541732,1518.3852427057466,5.435725780679123,0.6260061916960977,0.27398995483475924,0.611426631542457,0.39903368511171294,443.14319071052597,5198.877325481713,3.474660556803824,7.753933903457396,3.5475028034831624,7.916486174937542,0.3084049824386154,1.203200370337399
525368335,9811363528,74,重点词,2914,1653,2914,9811363528,4623.04,5627,3428,0.7333,205.0,0,0.8216,0.6092,525368335_9811363528,181497.5,100380,138303,0.5530654692213391,1.3777943813508666,2.1986703711962643,2.1986703711962643,1.5993351855981321,0.6102967799557776,4623.04,0.02591681844010245,2026-09-14,9,0,0.6740473221526895,0.4628235716526098,1.0328212856732955,0.0035064302337753364,0.00149146314060006,0.007840943129990625,3.903473717615401,3.538955221724468,4.0,9,0,0.11757945755483325,0.08875830527811401,0.15517289485804164,42.49,0.6965573770491804,0.0036234036234036233,3.932105732105732,0.42145469456460677,0.28938497434452387,0.645781631626539,0.27898480921253316,0.13744321753865507,0.27898480921253316,2.1245000000000003,5.040873971506623,1437.6085179025984,3.0764291529733843,0.5927032271720267,0.28938497434452387,0.645781631626539,0.42145469456460677,419.56837283319624,4922.301742952065,3.2898117505277953,7.341431616524436,2.0077615180077935,4.480452075830402,0.2919981156608727,1.139191196338449
525368335,9811363528,75,重点词,2919,1655,2919,9811363528,90.58,106,104,0.9079,95.0,0,0.8545,0.9811,525368335_9811363528,181497.5,100380,138303,0.5530654692213391,1.3777943813508666,2.024726739929226,2.024726739929226,1.512363369964613,1.0089680267614645,90.58,0.0005077925811380563,2026-09-14,9,0,0.6740473221526895,0.4628235716526098,1.0328212856732955,0.0035064302337753364,0.00149146314060006,0.007840943129990625,3.903473717615401,3.538955221724468,4.0,9,0,0.11757945755483325,0.08875830527811401,0.15517289485804164,42.49,0.6965573770491804,0.0036234036234036233,3.932105732105732,0.4456913831286863,0.30602670022577916,0.6829187390973783,0.2638136208275852,0.12996905809822543,0.2638136208275852,1.764616827499431,3.959279659193963,1129.1482776576017,3.9947865851337365,0.46552995463591124,0.30602670022577916,0.6829187390973783,0.4456913831286863,329.5437524503483,3866.1488617737195,2.5839338218068897,5.766218523408379,2.607106609470707,5.817930125438758,0.22934558697437976,0.8947608206613406
525368335,9811363528,76,重点词,2961,1660,2961,9811363528,3144.54,4114,5321,0.9121,95.0,0,0.7644,1.2934,525368335_9811363528,181497.5,100380,138303,0.5530654692213391,1.3777943813508666,2.362050591688651,2.362050591688651,1.6810252958443255,1.2935522452816126,3144.54,0.01762832946667988,2026-09-14,9,0,0.6740473221526895,0.4628235716526098,1.0328212856732955,0.0035064302337753364,0.00149146314060006,0.007840943129990625,3.903473717615401,3.538955221724468,4.0,9,0,0.11757945755483325,0.08875830527811401,0.15517289485804164,42.49,0.6965573770491804,0.0036234036234036233,3.932105732105732,0.40097393169454776,0.2753221934237154,0.614399609706374,0.29323466754542643,0.14446347926642117,0.29323466754542643,2.1245000000000003,5.298349423918144,1511.0380274737329,6.853691793595854,0.6229770512002586,0.2753221934237154,0.614399609706374,0.40097393169454776,440.99889405301263,5173.720817369791,3.457847248658433,7.716413898862258,4.472906072342963,9.981584524395515,0.3069126617015118,1.1973782826092843
525368335,9811363528,77,重点词,2978,1664,2978,9811363528,2698.76,4658,6365,0.9164,86.0,0,0.5794,1.3665,525368335_9811363528,181497.5,100380,138303,0.5530654692213391,1.3777943813508666,3.1144329443210412,2.7815627886031566,1.8907813943015783,1.3664857168990157,2698.76,0.01512928136754406,2026-09-14,9,0,0.6740473221526895,0.4628235716526098,1.0328212856732955,0.0035064302337753364,0.00149146314060006,0.007840943129990625,3.903473717615401,3.538955221724468,4.0,9,0,0.11757945755483325,0.08875830527811401,0.15517289485804164,42.49,0.6965573770491804,0.0036234036234036233,3.932105732105732,0.3564914083585378,0.24477899615865892,0.5462404531724312,0.3298240989768226,0.1624894398842624,0.3298240989768226,2.1245000000000003,5.959470411312984,1699.5833408886865,8.143531197341495,0.7007112982762597,0.24477899615865892,0.5462404531724312,0.3564914083585378,496.0261489486996,5819.290813158274,3.8893128248950126,8.679257752258117,5.314690423771197,11.860081751745772,0.34520881503411555,1.3467855506369917
525368335,9811363528,100,重点词,4091,1834,4091,9811363528,44.79,64,337,0.4,581.0,0,0.6998,5.2656,525368335_9811363528,181497.5,100380,138303,0.5530654692213391,1.3777943813508666,2.3420751004272695,2.3420751004272695,1.6710375502136348,4.833643820150097,44.79,0.00025109328449076556,2026-09-14,9,0,0.6740473221526895,0.4628235716526098,1.0328212856732955,0.0035064302337753364,0.00149146314060006,0.007840943129990625,3.903473717615401,3.538955221724468,4.0,9,0,0.11757945755483325,0.08875830527811401,0.15517289485804164,42.49,0.6965573770491804,0.0036234036234036233,3.932105732105732,0.4033705418926795,0.27696778662660204,0.6180718593314997,0.2914924253098194,0.1436051551903918,0.2914924253098194,2.1245000000000003,5.266869489357116,1502.0602545074264,25.45817115876812,0.6192756575707113,0.27696778662660204,0.6180718593314997,0.4033705418926795,438.378716481559,5142.9813587692315,3.437302585330188,7.670567129397522,16.614696399567215,37.0767894020588,0.3050891522019874,1.190264106671552
525368335,9811363528,103,重点词,4352,1870,4352,9811363528,29.26,39,434,0.2927,677.0,0,0.7503,11.1282,525368335_9811363528,181497.5,100380,138303,0.5530654692213391,1.3777943813508666,2.1054679516871255,2.1054679516871255,1.5527339758435628,9.46856074576185,29.26,0.00016403191569992856,2026-09-14,9,0,0.6740473221526895,0.4628235716526098,1.0328212856732955,0.0035064302337753364,0.00149146314060006,0.007840943129990625,3.903473717615401,3.538955221724468,4.0,9,0,0.11757945755483325,0.08875830527811401,0.15517289485804164,42.49,0.6965573770491804,0.0036234036234036233,3.932105732105732,0.43410354422527264,0.2980701001284969,0.6651630618903593,0.270855788023276,0.13343841587635288,0.270855788023276,2.1245000000000003,4.893993675613755,1395.7196776575943,46.339076406923155,0.5754331216554499,0.2980701001284969,0.6651630618903593,0.43410354422527264,407.3430470072839,4778.876388427144,3.1939536659812107,7.127517986823021,30.24214430549185,67.48733702474398,0.2834899145293117,1.1059975991680893
525368335,9811363528,146,重点词,6554,2211,6554,9811363528,22.07,120,24,0.5714,127.0,0,0.1839,0.2,525368335_9811363528,181497.5,100380,138303,0.5530654692213391,1.3777943813508666,7.468719033619804,2.7815627886031566,1.8907813943015783,0.2736121488344292,22.07,0.00012372468829451207,2026-09-14,9,0,0.6740473221526895,0.4628235716526098,1.0328212856732955,0.0035064302337753364,0.00149146314060006,0.007840943129990625,3.903473717615401,3.538955221724468,4.0,9,0,0.11757945755483325,0.08875830527811401,0.15517289485804164,42.49,0.6965573770491804,0.0036234036234036233,3.932105732105732,0.3564914083585378,0.24477899615865892,0.5462404531724312,0.3298240989768226,0.1624894398842624,0.3298240989768226,2.1245000000000003,5.959470411312984,1699.5833408886865,1.6305835051545452,0.7007112982762597,0.24477899615865892,0.5462404531724312,0.3564914083585378,496.0261489486996,5819.290813158274,3.8893128248950126,8.679257752258117,1.0641632395088285,2.3747503638832215,0.34520881503411555,1.3467855506369917
525368335,9811363528,176,潜力词,5309,2031,5309,9811363528,4.65,10,5,1.0,200.0,0,0.465,0.5,525368335_9811363528,181497.5,100380,138303,0.5530654692213391,1.3777943813508666,2.056730294275929,2.056730294275929,1.5283651471379645,0.8901308361559407,4.65,2.6067956527842372e-05,2026-09-14,9,0,0.6740473221526895,0.4628235716526098,1.0328212856732955,0.0035064302337753364,0.00149146314060006,0.007840943129990625,3.903473717615401,3.538955221724468,4.0,9,0,0.11757945755483325,0.08875830527811401,0.15517289485804164,42.49,0.6965573770491804,0.0036234036234036233,3.932105732105732,0.44102505439548845,0.30282264190550207,0.6757686719089149,0.2666049386151066,0.13134421432616739,0.2666049386151066,2.1245000000000003,4.817186640137815,1373.815053765151,4.2879263719051,0.566402192087794,0.30282264190550207,0.6757686719089149,0.44102505439548845,400.9501470699046,4703.876020091969,3.143827301136499,7.015657701919678,2.7984176242905066,6.244853256393628,0.2790407833359427,1.0886399149399923
525368335,9811363528,188,潜力词,5624,2082,5624,9811363528,5.22,14,5,1.0,54.0,0,0.3729,0.3571,525368335_9811363528,181497.5,100380,138303,0.5530654692213391,1.3777943813508666,2.5130616608694187,2.5130616608694187,1.7565308304347094,0.7282888659457697,5.22,2.9263383457061755e-05,2026-09-14,9,0,0.6740473221526895,0.4628235716526098,1.0328212856732955,0.0035064302337753364,0.00149146314060006,0.007840943129990625,3.903473717615401,3.538955221724468,4.0,9,0,0.11757945755483325,0.08875830527811401,0.15517289485804164,42.49,0.6965573770491804,0.0036234036234036233,3.932105732105732,0.3837378259884428,0.2634873032875087,0.5879892728200455,0.3064057009547306,0.15095225267022608,0.3064057009547306,2.1245000000000003,5.53633198532788,1578.9083530023554,4.032048943093733,0.6509589116783252,0.2634873032875087,0.5879892728200455,0.3837378259884428,460.806958412042,5406.105515626635,3.613161154812776,8.063007110751807,2.631425039917904,5.872198304802111,0.32069806079789537,1.2511601546363322
63563817,1841014603,2,黄金词,4048,38,4048,1841014603,2.81,2,23,0.0,477.0,0,1.405,11.5,63563817_1841014603,4767.6,4023,12090,0.8438207903347595,3.005219985085757,0.9595373977732911,0.9595373977732911,0.9797686988866455,4.704175988068606,2.81,0.0006002875398678513,2026-09-14,9,0,1.022376859277366,0.701998352392446,1.5665555629969237,0.032034974680792846,0.013833389573246887,0.06939838873505498,3.5400382439577385,3.175519748066806,3.844800398828213,9,0,0.11757945755483325,0.08875830527811401,0.15517289485804164,22.85,1.0386363636363638,0.03492063492063492,3.5142857142857142,1.0434879787843172,0.7164939573903083,1.598903460354541,0.1126792641078774,0.055511985231699194,0.1126792641078774,1.1425,1.0948856366616064,34.17782119609619,5.150534721664737,0.12873605924324993,0.7164939573903083,1.598903460354541,1.0434879787843172,10.29638039572297,115.26967509103005,0.7145522092663819,1.5945703215158116,3.361379345052287,7.501139417761517,0.06342244312721633,0.2474340928443267
63563817,1841014603,4,黄金词,4675,42,4675,1841014603,1.45,1,3,0.0,42.0,0,1.45,3.0,63563817_1841014603,4767.6,4023,12090,0.8438207903347595,3.005219985085757,0.9721436127127064,0.9721436127127064,0.9860718063563532,3.004639986742895,1.45,0.00030975691559017237,2026-09-14,9,0,1.022376859277366,0.701998352392446,1.5665555629969237,0.032034974680792846,0.013833389573246887,0.06939838873505498,3.5400382439577385,3.175519748066806,3.844800398828213,9,0,0.11757945755483325,0.08875830527811401,0.15517289485804164,22.85,1.0386363636363638,0.03492063492063492,3.5142857142857142,1.0368178591934032,0.7119140288438114,1.5886830481296526,0.1134041591898356,0.05586910830489987,0.1134041591898356,1.1425,1.1019293214034842,34.397696030150634,3.310900901653372,0.12956425187438717,0.7119140288438114,1.5886830481296526,1.0368178591934032,10.362619695117798,116.01123496217379,0.7191491099153219,1.6048286081052296,2.1607841720821375,4.821932207781916,0.06383045623834811,0.24902590087069013
63563817,1841014603,7,黄金词,5801,63,5801,1841014603,0.5,1,2,0.0,32.0,0,0.5,2.0,63563817_1841014603,4767.6,4023,12090,0.8438207903347595,3.005219985085757,1.0800333828151678,1.0800333828151678,1.040016691407584,2.893528875631784,0.5,0.00010681272951385254,2026-09-14,9,0,1.022376859277366,0.701998352392446,1.5665555629969237,0.032034974680792846,0.013833389573246887,0.06939838873505498,3.5400382439577385,3.175519748066806,3.844800398828213,9,0,0.11757945755483325,0.08875830527811401,0.15517289485804164,22.85,1.0386363636363638,0.03492063492063492,3.5142857142857142,0.9830388951677846,0.6749875825957604,1.5062792510346246,0.11960814382096736,0.058925531382808476,0.11960814382096736,1.1425,1.162212406463326,36.279485719717194,3.3628951577191373,0.13665230431545525,0.6749875825957604,1.5062792510346246,0.9830388951677846,10.929526004251972,122.35784450353222,0.7584914943329706,1.6926237303601266,2.194717040773552,4.897655639376612,0.06732241960485869,0.26264932414539816
63563817,1841014603,1,重点词,9,1,9,1841014603,3424.41,3271,9750,0.6109,196.0,0,1.0469,2.9807,63563817_1841014603,4767.6,4023,12090,0.8438207903347595,3.005219985085757,1.131685203603477,1.131685203603477,1.0658426018017386,2.9807995608053326,3424.41,0.7315411581490635,2026-09-14,9,0,1.022376859277366,0.701998352392446,1.5665555629969237,0.032034974680792846,0.013833389573246887,0.06939838873505498,3.5400382439577385,3.175519748066806,3.844800398828213,9,0,0.11757945755483325,0.08875830527811401,0.15517289485804164,22.85,1.0386363636363638,0.03492063492063492,3.5142857142857142,0.9592193608597588,0.6586322888630673,1.46978133577018,0.12257827807963081,0.06038878241136718,0.12257827807963081,20.058858556447323,20.911648966789357,652.7755734212369,62.333434055921,2.4587803420921817,0.6586322888630673,1.46978133577018,0.9592193608597588,196.65459592693253,2201.580604682354,13.647512094672424,30.455322181475452,40.680498057885025,90.78121098272693,1.2113300447856883,4.725840506733874
63563817,1841014603,1,潜力词,1186,7,1186,1841014603,1.79,1,1,1.0,13.0,0,1.79,1.0,63563817_1841014603,4767.6,4023,12090,0.8438207903347595,3.005219985085757,0.93858738648709,0.93858738648709,0.969293693243545,2.7824177645206727,1.79,0.0003823895716595921,2026-09-14,9,0,1.022376859277366,0.701998352392446,1.5665555629969237,0.032034974680792846,0.013833389573246887,0.06939838873505498,3.5400382439577385,3.175519748066806,3.844800398828213,9,0,0.11757945755483325,0.08875830527811401,0.15517289485804164,22.85,1.0386363636363638,0.03492063492063492,3.5142857142857142,1.0547647904900619,0.7242369957482657,1.616182560473248,0.11147457576793382,0.05491848968604385,0.11147457576793382,1.1425,1.0831798807667583,33.812415697528195,3.0138589424168125,0.1273597028148644,0.7242369957482657,1.616182560473248,1.0547647904900619,10.18629865615396,114.0372918781054,0.7069127139111407,1.5775222844278953,1.9669264931518782,4.3893260281194095,0.06274437446630511,0.24478869957774746
63563817,1841014603,4,潜力词,3169,30,3169,1841014603,5.66,4,4,1.0,7.0,0,1.415,1.0,63563817_1841014603,4767.6,4023,12090,0.8438207903347595,3.005219985085757,0.9329696084250255,0.9329696084250255,0.9664848042125127,2.3368133233905044,5.66,0.0012091200980968108,2026-09-14,9,0,1.022376859277366,0.701998352392446,1.5665555629969237,0.032034974680792846,0.013833389573246887,0.06939838873505498,3.5400382439577385,3.175519748066806,3.844800398828213,9,0,0.11757945755483325,0.08875830527811401,0.15517289485804164,22.85,1.0386363636363638,0.03492063492063492,3.5142857142857142,1.0578302471195022,0.7263418414161524,1.6208796622243282,0.11115153671867958,0.054759342933769224,0.11115153671867958,0.5061414435526821,0.4784713283921666,14.935904684171417,1.1180981750471684,0.05625839924789143,0.7263418414161524,1.6208796622243282,1.0578302471195022,4.499577527196349,50.37351182385147,0.31226343037588966,0.6968364132318957,0.7297013445100021,1.6283766146639451,0.027715972880494315,0.1081301234836878
63563817,1841014603,8,潜力词,6414,76,6414,1841014603,1.78,1,1,1.0,260.0,0,1.78,1.0,63563817_1841014603,4767.6,4023,12090,0.8438207903347595,3.005219985085757,0.9395412354570973,0.9395412354570973,0.9697706177285487,2.7824177645206727,1.78,0.000380253317069315,2026-09-14,9,0,1.022376859277366,0.701998352392446,1.5665555629969237,0.032034974680792846,0.013833389573246887,0.06939838873505498,3.5400382439577385,3.175519748066806,3.844800398828213,9,0,0.11757945755483325,0.08875830527811401,0.15517289485804164,22.85,1.0386363636363638,0.03492063492063492,3.5142857142857142,1.0542460666338136,0.7238808224946082,1.6153877363970857,0.11152942493801478,0.05494551139534957,0.11152942493801478,1.1425,1.0837128410144128,33.82905252190421,3.0153418604776694,0.1274223679916819,0.7238808224946082,1.6153877363970857,1.0542460666338136,10.191310651253632,114.09340198908549,0.7072605382954059,1.578298477452081,1.967894285897591,4.391485721378601,0.06277524676918689,0.24490914369627897
63563817,2874903000,1,黄金词,1307,116,1307,2874903000,0.81,1,0,0.0,0.0,0,0.81,0.0,63563817_2874903000,2847.9100000000003,2019,2179,0.7089409426561935,1.079247152055473,1.0677062829835837,1.0677062829835837,1.0338531414917917,0.9593308018270871,0.81,0.000409991648318275,2026-09-14,9,0,1.1323422977907487,0.7775043225794772,1.7350521089401651,0.021121665886081813,0.00906922512189148,0.04629687201591564,3.5379548019411002,3.1734363060501676,3.8427169568115747,9,0,0.11757945755483325,0.08875830527811401,0.15517289485804164,12.64,1.1490909090909092,0.02268041237113402,3.4371134020618554,1.0952641650407355,0.7520452290328028,1.6782384647364739,0.1073526015985926,0.05288777914648222,0.1073526015985926,0.6320000000000001,0.5770297433007813,27.319329186104437,0.5535624063188167,0.06784684421031054,0.7520452290328028,1.6782384647364739,1.0952641650407355,8.134142154916807,92.6622700698867,0.37658533830544766,0.8403749875693094,0.3612699145528899,0.8061976106602939,0.033425076420576766,0.1304034195874205
63563817,2874903000,2,黄金词,2499,129,2499,2874903000,1.08,1,0,0.0,0.0,0,1.08,0.0,63563817_2874903000,2847.9100000000003,2019,2179,0.7089409426561935,1.079247152055473,1.0361657253899768,1.0361657253899768,1.0180828626949885,0.9593308018270871,1.08,0.0005466555310910333,2026-09-14,9,0,1.1323422977907487,0.7775043225794772,1.7350521089401651,0.021121665886081813,0.00906922512189148,0.04629687201591564,3.5379548019411002,3.1734363060501676,3.8427169568115747,9,0,0.11757945755483325,0.08875830527811401,0.15517289485804164,12.64,1.1490909090909092,0.02268041237113402,3.4371134020618554,1.1122299954969301,0.7636945390882321,1.7042346674486517,0.1057150571652226,0.05208103494983521,0.1057150571652226,0.6320000000000001,0.5682277969114028,26.902603231018734,0.5451184280314553,0.06681191612842069,0.7636945390882321,1.7042346674486517,1.1122299954969301,8.010064871202438,91.24881029083318,0.3708409481812411,0.827556002632334,0.35575914416902726,0.7938999635620959,0.032915214088295855,0.1284142605856084
63563817,2874903000,3,黄金词,4345,150,4345,2874903000,0.56,1,0,0.0,0.0,0,0.56,0.0,63563817_2874903000,2847.9100000000003,2019,2179,0.7089409426561935,1.079247152055473,1.0986722424668662,1.0986722424668662,1.0493361212334331,0.9593308018270871,0.56,0.00028345101612127656,2026-09-14,9,0,1.1323422977907487,0.7775043225794772,1.7350521089401651,0.021121665886081813,0.00906922512189148,0.04629687201591564,3.5379548019411002,3.1734363060501676,3.8427169568115747,9,0,0.11757945755483325,0.08875830527811401,0.15517289485804164,12.64,1.1490909090909092,0.02268041237113402,3.4371134020618554,1.0791035159065587,0.7409487835657144,1.6534760157695831,0.1089603136507755,0.053679826276042425,0.1089603136507755,0.6320000000000001,0.5856713379986114,27.72846333037307,0.5618525542893508,0.06886291822729013,0.7409487835657144,1.6534760157695831,1.0791035159065587,8.255959029234644,94.04997978679715,0.38222507854511945,0.8529604393958066,0.36668029107911077,0.8182712222523636,0.03392565020645882,0.1323563405804345
63563817,2874903000,4,黄金词,5351,166,5351,2874903000,4.07,3,6,0.75,558.0,0,1.3567,2.0,63563817_2874903000,2847.9100000000003,2019,2179,0.7089409426561935,1.079247152055473,1.0133276331568972,1.0133276331568972,1.0066638165784485,1.330361565131253,4.07,0.002060081492167135,2026-09-14,9,0,1.1323422977907487,0.7775043225794772,1.7350521089401651,0.021121665886081813,0.00906922512189148,0.04629687201591564,3.5379548019411002,3.1734363060501676,3.8427169568115747,9,0,0.11757945755483325,0.08875830527811401,0.15517289485804164,12.64,1.1490909090909092,0.02268041237113402,3.4371134020618554,1.1248465268568697,0.7723574740394843,1.7235665774075768,0.10452933333348378,0.05149688236100269,0.10452933333348378,0.6320000000000001,0.5618544262798071,26.600857589080736,0.7474695339215264,0.06606253866676176,0.7723574740394843,1.7235665774075768,1.1248465268568697,7.920222184018202,90.22534313411057,0.36668151279110656,0.8182739485831546,0.4878189912614721,1.088600210943216,0.0325460296521537,0.12697393738856844
63563817,2874903000,5,黄金词,5995,169,5995,2874903000,0.92,1,0,0.0,0.0,0,0.92,0.0,63563817_2874903000,2847.9100000000003,2019,2179,0.7089409426561935,1.079247152055473,1.0546274755082838,1.0546274755082838,1.027313737754142,0.9593308018270871,0.92,0.0004656695264849543,2026-09-14,9,0,1.1323422977907487,0.7775043225794772,1.7350521089401651,0.021121665886081813,0.00906922512189148,0.04629687201591564,3.5379548019411002,3.1734363060501676,3.8427169568115747,9,0,0.11757945755483325,0.08875830527811401,0.15517289485804164,12.64,1.1490909090909092,0.02268041237113402,3.4371134020618554,1.1022361097460007,0.7568324008585882,1.6889213539899144,0.10667356704719849,0.05255324948579225,0.10667356704719849,0.6320000000000001,0.573379872435533,27.146526960894853,0.5500609727750928,0.06741769437382945,0.7568324008585882,1.6889213539899144,1.1022361097460007,8.08269148220938,92.07615588121212,0.3742033330959792,0.8350593860450848,0.35898478358533426,0.8010981903878662,0.03321365367502071,0.12957858231099476
63563817,2874903000,1,重点词,431,109,431,2874903000,121.72,94,161,0.9146,114.0,0,1.2949,1.7128,63563817_2874903000,2847.9100000000003,2019,2179,0.7089409426561935,1.079247152055473,1.083773652535464,1.083773652535464,1.0418868262677319,1.663078208004351,121.72,0.06161010300407461,2026-09-14,9,0,1.1323422977907487,0.7775043225794772,1.7350521089401651,0.021121665886081813,0.00906922512189148,0.04629687201591564,3.5379548019411002,3.1734363060501676,3.8427169568115747,9,0,0.11757945755483325,0.08875830527811401,0.15517289485804164,12.64,1.1490909090909092,0.02268041237113402,3.4371134020618554,1.0868189032076048,0.746246428093029,1.6652980584805972,0.10818679837810398,0.05329875023039196,0.10818679837810398,0.9345020423658037,0.8598507438615047,40.70941887344719,1.4299990342523994,0.10110078404135558,0.746246428093029,1.6652980584805972,1.0868189032076048,12.120949160387882,138.07905532168755,0.5611620319898979,1.252270037330492,0.9332563465618396,2.0826230096211362,0.04980779094584614,0.1943183668365603
63563817,2874903000,2,重点词,2275,128,2275,2874903000,264.04,180,181,0.9463,87.0,0,1.4669,1.0056,63563817_2874903000,2847.9100000000003,2019,2179,0.7089409426561935,1.079247152055473,0.9627337427842334,0.9627337427842334,0.9813668713921166,1.0086913681725733,264.04,0.1336471541011819,2026-09-14,9,0,1.1323422977907487,0.7775043225794772,1.7350521089401651,0.021121665886081813,0.00906922512189148,0.04629687201591564,3.5379548019411002,3.1734363060501676,3.8427169568115747,9,0,0.11757945755483325,0.08875830527811401,0.15517289485804164,12.64,1.1490909090909092,0.02268041237113402,3.4371134020618554,1.1538419838693619,0.7922667304598835,1.7679953945041056,0.10190256482134179,0.05020279213058092,0.10190256482134179,1.8508876471034874,1.6041084247052715,75.9461130271123,1.6180503216131117,0.1886101984359839,0.7922667304598835,1.7679953945041056,1.1538419838693619,22.61243221850862,257.59560888690703,1.0468848803888609,2.3361925674060693,1.055983742318621,2.3564972771314245,0.09291972780459638,0.36251376363024035
63563817,2874903000,3,重点词,2561,130,2561,2874903000,402.98,281,248,0.9607,79.0,0,1.4341,0.8826,63563817_2874903000,2847.9100000000003,2019,2179,0.7089409426561935,1.079247152055473,0.9839088145876147,0.9839088145876147,0.9919544072938073,0.8880068415793902,402.98,0.20397337585098574,2026-09-14,9,0,1.1323422977907487,0.7775043225794772,1.7350521089401651,0.021121665886081813,0.00906922512189148,0.04629687201591564,3.5379548019411002,3.1734363060501676,3.8427169568115747,9,0,0.11757945755483325,0.08875830527811401,0.15517289485804164,12.64,1.1490909090909092,0.02268041237113402,3.4371134020618554,1.1415265555197638,0.7838105429670095,1.7491248551167125,0.10300194681086203,0.05074440799264242,0.10300194681086203,3.0938681649077515,2.7102901373144497,128.31801013860388,2.4067561846003764,0.31867444416164753,0.7838105429670095,1.7491248551167125,1.1415265555197638,38.20580397099762,435.231700943139,1.7688092167104386,3.9472142760370756,1.5707146858875518,3.505153282300763,0.15699650843552684,0.612500665837662
63563817,2874903000,6,重点词,4667,156,4667,2874903000,8.06,19,37,0.7059,196.0,0,0.4242,1.9474,63563817_2874903000,2847.9100000000003,2019,2179,0.7089409426561935,1.079247152055473,2.162564508140408,2.162564508140408,1.581282254070204,1.6901473043127326,8.06,0.00407966998203123,2026-09-14,9,0,1.1323422977907487,0.7775043225794772,1.7350521089401651,0.021121665886081813,0.00906922512189148,0.04629687201591564,3.5379548019411002,3.1734363060501676,3.8427169568115747,9,0,0.11757945755483325,0.08875830527811401,0.15517289485804164,12.64,1.1490909090909092,0.02268041237113402,3.4371134020618554,0.7160911942672545,0.4916923089335817,1.0972437744584556,0.16419620642751692,0.08089205639095165,0.16419620642751692,0.6320000000000001,0.8825691546824544,41.785016363885674,1.4916718776561175,0.10377200246219072,0.4916923089335817,1.0972437744584556,0.7160911942672545,12.441200907021122,141.72728930527296,0.5759886861166504,1.285356692624963,0.9735057251546895,2.172442149120411,0.05112377963908145,0.19945251891977356
63563817,2874903000,7,重点词,4798,159,4798,2874903000,105.25,107,116,0.973,83.0,0,0.9836,1.0841,63563817_2874903000,2847.9100000000003,2019,2179,0.7089409426561935,1.079247152055473,1.4031361408250778,1.4031361408250778,1.2015680704125389,1.0837737149255982,105.25,0.05327360615493635,2026-09-14,9,0,1.1323422977907487,0.7775043225794772,1.7350521089401651,0.021121665886081813,0.00906922512189148,0.04629687201591564,3.5379548019411002,3.1734363060501676,3.8427169568115747,9,0,0.11757945755483325,0.08875830527811401,0.15517289485804164,12.64,1.1490909090909092,0.02268041237113402,3.4371134020618554,0.9423871403323637,0.6470747198804423,1.4439898593048193,0.12476768041780048,0.061467402077771495,0.12476768041780048,0.8080540581580746,0.8574544617333041,40.59596749413247,0.9292866073722321,0.10081903048857342,0.6470747198804423,1.4439898593048193,0.9423871403323637,12.087169793378877,137.6942485689943,0.5595981529587033,1.2487801382618933,0.606477769097557,1.3533950895693942,0.04966898369337733,0.19377682909532348
63563817,2874903000,8,重点词,4860,164,4860,2874903000,46.03,41,111,0.5625,173.0,0,1.1227,2.7073,63563817_2874903000,2847.9100000000003,2019,2179,0.7089409426561935,1.079247152055473,1.2182056559926036,1.2182056559926036,1.1091028279963018,2.4415097391110976,46.03,0.023298661200111356,2026-09-14,9,0,1.1323422977907487,0.7775043225794772,1.7350521089401651,0.021121665886081813,0.00906922512189148,0.04629687201591564,3.5379548019411002,3.1734363060501676,3.8427169568115747,9,0,0.11757945755483325,0.08875830527811401,0.15517289485804164,12.64,1.1490909090909092,0.02268041237113402,3.4371134020618554,1.0209533951296754,0.7010209540120925,1.5643744341313235,0.11516633189696088,0.05673725122425714,0.11516633189696088,0.6320000000000001,0.6190292358249392,29.307784677763056,1.5113659080610893,0.0727851217588793,0.7010209540120925,1.5643744341313235,1.0209533951296754,8.726191085829175,99.40675484602603,0.40399535188705726,0.9015422383352869,0.9863585861878652,2.2011241551156213,0.03585794277373052,0.139894918959285
63563817,2874903000,10,重点词,6282,172,6282,2874903000,162.07,119,149,0.947,76.0,0,1.3619,1.2521,63563817_2874903000,2847.9100000000003,2019,2179,0.7089409426561935,1.079247152055473,1.0340093627088827,1.0340093627088827,1.0170046813544413,1.2412124190271163,162.07,0.08203376104067016,2026-09-14,9,0,1.1323422977907487,0.7775043225794772,1.7350521089401651,0.021121665886081813,0.00906922512189148,0.04629687201591564,3.5379548019411002,3.1734363060501676,3.8427169568115747,9,0,0.11757945755483325,0.08875830527811401,0.15517289485804164,12.64,1.1490909090909092,0.02268041237113402,3.4371134020618554,1.1134091303126563,0.7645041727280952,1.7060414182454227,0.10560310163957051,0.05202587951785921,0.10560310163957051,1.244288087464885,1.1175479467421616,52.910028629823806,1.3871143903546255,0.13140068136946104,0.7645041727280952,1.7060414182454227,1.1134091303126563,15.753596706708674,179.4613377548043,0.7293422505208416,1.627575272774123,0.9052686590676549,2.020166641468688,0.06473518212395557,0.2525555666757274
63563817,2874903000,1,潜力词,193,106,193,2874903000,4.83,5,4,1.0,63.0,0,0.966,0.8,63563817_2874903000,2847.9100000000003,2019,2179,0.7089409426561935,1.079247152055473,1.1724417106533702,1.1724417106533702,1.086220855326685,0.9718444012649065,4.83,0.0024447650140460102,2026-09-14,9,0,1.1323422977907487,0.7775043225794772,1.7350521089401651,0.021121665886081813,0.00906922512189148,0.04629687201591564,3.5379548019411002,3.1734363060501676,3.8427169568115747,9,0,0.11757945755483325,0.08875830527811401,0.15517289485804164,12.64,1.1490909090909092,0.02268041237113402,3.4371134020618554,1.0424604648657685,0.7157884317601689,1.597329033438915,0.11279032780391654,0.05556670129949673,0.11279032780391654,0.6320000000000001,0.6062580033492004,28.70313386354132,0.5891884462769613,0.07128348717207526,0.7157884317601689,1.597329033438915,1.0424604648657685,8.546160469284338,97.35588761338957,0.39566049747393456,0.8829424617073962,0.38452043927173096,0.858082688049387,0.03511815522128194,0.13700873777622224
63563817,2874903000,8,潜力词,2669,133,2669,2874903000,7.34,7,9,0.8571,23.0,0,1.0486,1.2857,63563817_2874903000,2847.9100000000003,2019,2179,0.7089409426561935,1.079247152055473,1.1645378643149817,1.1645378643149817,1.0822689321574908,1.175598481096252,7.34,0.0037152329613038743,2026-09-14,9,0,1.1323422977907487,0.7775043225794772,1.7350521089401651,0.021121665886081813,0.00906922512189148,0.04629687201591564,3.5379548019411002,3.1734363060501676,3.8427169568115747,9,0,0.11757945755483325,0.08875830527811401,0.15517289485804164,12.64,1.1490909090909092,0.02268041237113402,3.4371134020618554,1.0462670267485525,0.7184021452316212,1.6031617072120499,0.11237997045575528,0.05536453676433401,0.11237997045575528,0.6320000000000001,0.6040522962517938,28.598705211497354,0.7101229619763121,0.07102414132803735,0.7184021452316212,1.6031617072120499,1.0462670267485525,8.515067557193216,97.00168433508746,0.39422099290224977,0.8797301124375624,0.46344560047214123,1.0342093839562334,0.0349903872350591,0.136510268240727
63563817,2874903000,10,潜力词,2959,140,2959,2874903000,1.27,2,2,1.0,25.0,0,0.635,1.0,63563817_2874903000,2847.9100000000003,2019,2179,0.7089409426561935,1.079247152055473,1.1662496741831487,1.1662496741831487,1.0831248370915745,1.0633977216443784,1.27,0.0006428264115607522,2026-09-14,9,0,1.1323422977907487,0.7775043225794772,1.7350521089401651,0.021121665886081813,0.00906922512189148,0.04629687201591564,3.5379548019411002,3.1734363060501676,3.8427169568115747,9,0,0.11757945755483325,0.08875830527811401,0.15517289485804164,12.64,1.1490909090909092,0.02268041237113402,3.4371134020618554,1.0454402475261613,0.7178344507981603,1.6018948596905571,0.11246884538170693,0.05540832142707526,0.11246884538170693,0.6320000000000001,0.6045300068516684,28.62132230062522,0.6428558319517246,0.07108031028123879,0.7178344507981603,1.6018948596905571,1.0454402475261613,8.521801639748583,97.07839744933284,0.39453275986046016,0.8804258409404552,0.419545237949682,0.9362428333329159,0.03501805914191157,0.13661822644655613
63563817,2874903000,13,潜力词,4363,152,4363,2874903000,0.15,1,1,1.0,15.0,0,0.15,1.0,63563817_2874903000,2847.9100000000003,2019,2179,0.7089409426561935,1.079247152055473,1.15353894397861,1.15353894397861,1.076769471989305,1.0704419129381981,0.15,7.592437931819907e-05,2026-09-14,9,0,1.1323422977907487,0.7775043225794772,1.7350521089401651,0.021121665886081813,0.00906922512189148,0.04629687201591564,3.5379548019411002,3.1734363060501676,3.8427169568115747,9,0,0.11757945755483325,0.08875830527811401,0.15517289485804164,12.64,1.1490909090909092,0.02268041237113402,3.4371134020618554,1.051610699641005,0.7220712908428367,1.6113496473248812,0.11180892092004396,0.05508320644465224,0.11180892092004396,0.28439999999999976,0.2704422844852065,12.804022464128423,0.28949275634372085,0.03179845710966048,0.7220712908428367,1.6113496473248812,1.051610699641005,3.8123095251893293,43.42895023042637,0.1764980061727465,0.39386692644715765,0.18893086335733267,0.421611666189184,0.015665663912859087,0.06111747116564482
63563817,4190988309,1,黄金词,2397,186,2397,4190988309,2.26,2,36,0.5,1490.0,0,1.13,18.0,63563817_4190988309,2478.0,1635,12179,0.6598062953995157,7.4489296636085625,1.0747279709835715,1.0747279709835715,1.0373639854917858,9.55914373088685,2.26,0.0009261384126151524,2026-09-14,9,0,1.2157655510220373,0.8347855352635903,1.8628789080767851,0.006722581860133519,0.0028635827099803457,0.014986318669803392,3.8533985021790134,3.4888800062880807,3.974055485551048,9,0,0.11757945755483325,0.08875830527811401,0.15517289485804164,13.43,1.343,0.007668711656441718,3.8274539877300615,1.171975861920516,0.804718061296336,1.795781359417105,0.10032583551862226,0.04942600880261069,0.10032583551862226,0.6715,0.572964018985522,85.22975709426946,5.477045410109186,0.06736879855075485,0.804718061296336,1.795781359417105,1.171975861920516,24.95155374970326,291.40200567414075,0.3739319357997808,0.834453745102064,3.5744691198788585,7.976663286207449,0.033189564910953075,0.12948460325262168
63563817,4190988309,2,黄金词,2706,188,2706,4190988309,0.48,2,0,0.0,0.0,0,0.24,0.0,63563817_4190988309,2478.0,1635,12179,0.6598062953995157,7.4489296636085625,1.298734503577337,1.298734503577337,1.1493672517886684,5.95914373088685,0.48,0.00019670196374127133,2026-09-14,9,0,1.2157655510220373,0.8347855352635903,1.8628789080767851,0.006722581860133519,0.0028635827099803457,0.014986318669803392,3.8533985021790134,3.4888800062880807,3.974055485551048,9,0,0.11757945755483325,0.08875830527811401,0.15517289485804164,13.43,1.343,0.007668711656441718,3.8274539877300615,1.0577694371664397,0.7263000872562537,1.6207864850662272,0.11115792669317988,0.05476249098565703,0.11115792669317988,0.6715,0.6348264341980034,94.43193811631696,3.7830219655522854,0.07464254777447028,0.7263000872562537,1.6207864850662272,1.0577694371664397,27.64555080207261,322.8644208894653,0.4143050341220989,0.92454897332689,2.468903246763568,5.50952021829881,0.036773012696868695,0.14346494062916385
63563817,4190988309,3,重点词,2941,191,2941,4190988309,38.41,28,269,0.4138,643.0,0,1.3718,9.6071,63563817_4190988309,2478.0,1635,12179,0.6598062953995157,7.4489296636085625,1.08665154395753,1.08665154395753,1.043325771978765,9.127539925246346,38.41,0.01574025505687965,2026-09-14,9,0,1.2157655510220373,0.8347855352635903,1.8628789080767851,0.006722581860133519,0.0028635827099803457,0.014986318669803392,3.8533985021790134,3.4888800062880807,3.974055485551048,9,0,0.11757945755483325,0.08875830527811401,0.15517289485804164,13.43,1.343,0.007668711656441718,3.8274539877300615,1.1652789413188023,0.8001197302740269,1.785519880855297,0.10090241347858128,0.04971006272727534,0.10090241347858128,0.6715,0.5762568739464485,85.7195770815059,5.25980762414386,0.06775597065086734,0.8001197302740269,1.785519880855297,1.1652789413188023,25.094951667940794,293.0767086366531,0.3760809426990749,0.8392493955498673,3.432693819610089,7.660282365120277,0.033380307121365395,0.13022875821533456
63563817,4190988309,6,重点词,4101,199,4101,4190988309,33.58,27,56,0.6538,97.0,0,1.2437,2.0741,63563817_4190988309,2478.0,1635,12179,0.6598062953995157,7.4489296636085625,1.1762992535406145,1.1762992535406145,1.0881496267703072,3.3026124945391,33.58,0.013760941546733105,2026-09-14,9,0,1.2157655510220373,0.8347855352635903,1.8628789080767851,0.006722581860133519,0.0028635827099803457,0.014986318669803392,3.8533985021790134,3.4888800062880807,3.974055485551048,9,0,0.11757945755483325,0.08875830527811401,0.15517289485804164,13.43,1.343,0.007668711656441718,3.8274539877300615,1.1172779194259357,0.7671606135098198,1.7119694408258177,0.10523743064326045,0.05184572993037708,0.10523743064326045,0.6715,0.6010142940487188,89.40230205494022,1.9849173169218954,0.0706669346769494,0.7671606135098198,1.7119694408258177,1.1172779194259357,26.173092838968483,305.66800867307154,0.39223830985913083,0.87530562463033,1.2954111429776647,2.8907952924444795,0.03481440764824821,0.13582370765941468
63563817,4190988309,7,重点词,4177,202,4177,4190988309,2053.55,1402,10918,0.4145,483.0,0,1.4647,7.7874,63563817_4190988309,2478.0,1635,12179,0.6598062953995157,7.4489296636085625,1.0345924083827065,1.0345924083827065,1.0172962041913531,7.785525842063028,2053.55,0.8415360784185162,2026-09-14,9,0,1.2157655510220373,0.8347855352635903,1.8628789080767851,0.006722581860133519,0.0028635827099803457,0.014986318669803392,3.8533985021790134,3.4888800062880807,3.974055485551048,9,0,0.11757945755483325,0.08875830527811401,0.15517289485804164,13.43,1.343,0.007668711656441718,3.8274539877300615,1.1950949448282342,0.8205924015288741,1.8312059952662303,0.0983850346482157,0.048469863853416374,0.0983850346482157,12.086999999999998,10.113840789224668,1504.457810949407,78.74156882701978,1.189179913792983,0.8205924015288741,1.8312059952662303,1.1950949448282342,440.4395977867804,5143.767136141011,6.600568167232724,14.72960263521852,51.38889403828897,114.67770195981346,0.5858552443962436,2.2856350810154966
63563817,4190988309,10,重点词,6083,217,6083,4190988309,22.89,16,84,0.4375,371.0,0,1.4306,5.25,63563817_4190988309,2478.0,1635,12179,0.6598062953995157,7.4489296636085625,1.0439270204976954,1.0439270204976954,1.0219635102488476,5.9829765545361875,22.89,0.009380224895911877,2026-09-14,9,0,1.2157655510220373,0.8347855352635903,1.8628789080767851,0.006722581860133519,0.0028635827099803457,0.014986318669803392,3.8533985021790134,3.4888800062880807,3.974055485551048,9,0,0.11757945755483325,0.08875830527811401,0.15517289485804164,13.43,1.343,0.007668711656441718,3.8274539877300615,1.1896369477282012,0.8168447570699667,1.8228428798041674,0.09883642045530758,0.04869224125759514,0.09883642045530758,0.6715,0.5644579224630967,83.96445505713571,3.3771385161189125,0.06636865633573903,0.8168447570699667,1.8228428798041674,1.1896369477282012,24.581128526571018,287.07591624276375,0.368380625362588,0.8220656302045442,2.2040126446897426,4.918399391803804,0.03269684000447513,0.12756230360213947
63563817,4190988310,1,黄金词,3180,258,3180,4190988310,3.89,3,14,0.6667,676.0,0,1.2967,4.6667,63563817_4190988310,4981.89,3283,7520,0.6589868503720475,2.2905878769418213,1.0554345512638328,1.0554345512638328,1.0277172756319164,2.938609365048597,3.89,0.0008100437090422951,2026-09-14,9,0,1.245150761127561,0.8549624092720298,1.9079049314486158,0.027375802219709717,0.01177125573303094,0.059828863828926826,3.788448329575196,3.423929833684263,4.0,9,0,0.11757945755483325,0.08875830527811401,0.15517289485804164,31.05,1.242,0.03387533875338753,3.8069105691056913,1.2115693592500432,0.8319042887999872,1.8564492168096476,0.09704723601430007,0.04781079087670779,0.09704723601430007,1.5525000000000002,1.2813958921518054,46.80761067265604,3.7655219690120973,0.15066583391220087,0.8319042887999872,1.8564492168096476,1.2115693592500432,13.977766450864058,158.53875765342724,0.8362738856212876,1.866200259935508,2.457482272032295,5.484033560902611,0.07422625283608884,0.28958369671902257
63563817,4190988310,2,黄金词,3501,261,3501,4190988310,1.01,1,0,0.0,0.0,0,1.01,0.0,63563817_4190988310,4981.89,3283,7520,0.6589868503720475,2.2905878769418213,1.055951594546226,1.055951594546226,1.027975797273113,2.0360781128371745,1.01,0.00021031983191072443,2026-09-14,9,0,1.245150761127561,0.8549624092720298,1.9079049314486158,0.027375802219709717,0.01177125573303094,0.059828863828926826,3.788448329575196,3.423929833684263,4.0,9,0,0.11757945755483325,0.08875830527811401,0.15517289485804164,31.05,1.242,0.03387533875338753,3.8069105691056913,1.2112646663769155,0.8316950764210289,1.8559823456054803,0.09707164818613262,0.04782281765140295,0.09707164818613262,1.5525000000000002,1.281718226491138,46.81938509799509,2.6096784277830865,0.1507037338089709,0.8316950764210289,1.8559823456054803,1.2112646663769155,13.981282549317223,158.57863797926552,0.8364842497968511,1.8666697014496672,1.7031472727443924,3.8006853230179702,0.07424492440380309,0.2896565413177412
63563817,4190988310,1,重点词,925,228,925,4190988310,109.28,74,122,0.9231,44.0,0,1.4768,1.6486,63563817_4190988310,4981.89,3283,7520,0.6589868503720475,2.2905878769418213,1.0256825569075831,1.0256825569075831,1.0128412784537915,1.7112768660431046,109.28,0.022756189337825708,2026-09-14,9,0,1.245150761127561,0.8549624092720298,1.9079049314486158,0.027375802219709717,0.01177125573303094,0.059828863828926826,3.788448329575196,3.423929833684263,4.0,9,0,0.11757945755483325,0.08875830527811401,0.15517289485804164,31.05,1.242,0.03387533875338753,3.8069105691056913,1.2293641537086781,0.8441227934323724,1.8837156147123397,0.09564249713978239,0.04711873946623742,0.09564249713978239,1.5525000000000002,1.2628479489307571,46.13008009027572,2.1610824803351885,0.14848497680951217,0.8441227934323724,1.8837156147123397,1.2293641537086781,13.775441142912328,156.24394159127078,0.8241689923226978,1.8391873932075975,1.4103813302718897,3.1473588383142848,0.07315184302133361,0.2853920319904382
63563817,4190988310,3,重点词,1186,231,1186,4190988310,55.07,39,57,0.8974,146.0,0,1.4121,1.4615,63563817_4190988310,4981.89,3283,7520,0.6589868503720475,2.2905878769418213,1.0651315941523276,1.0651315941523276,1.0325657970761637,1.6026532556496715,55.07,0.011467636775567915,2026-09-14,9,0,1.245150761127561,0.8549624092720298,1.9079049314486158,0.027375802219709717,0.01177125573303094,0.059828863828926826,3.788448329575196,3.423929833684263,4.0,9,0,0.11757945755483325,0.08875830527811401,0.15517289485804164,31.05,1.242,0.03387533875338753,3.8069105691056913,1.2058803077279507,0.8279979946004026,1.8477320640012307,0.09750508139267121,0.04803635061996461,0.09750508139267121,1.5525000000000002,1.2874412079297737,47.028437654435436,2.0633218433461975,0.15137663886212208,0.8279979946004026,1.8477320640012307,1.2058803077279507,14.043710170977185,159.28670515265978,0.8402192234723087,1.8750045412238554,1.3465800739573344,3.0049821323503307,0.07457643433749507,0.2909498825336799
63563817,4190988310,7,重点词,2892,253,2892,4190988310,148.25,104,175,0.82,140.0,0,1.4255,1.6827,63563817_4190988310,4981.89,3283,7520,0.6589868503720475,2.2905878769418213,1.0612118233226526,1.0612118233226526,1.0306059116613264,1.7261134197815586,148.25,0.030871203050262273,2026-09-14,9,0,1.245150761127561,0.8549624092720298,1.9079049314486158,0.027375802219709717,0.01177125573303094,0.059828863828926826,3.788448329575196,3.423929833684263,4.0,9,0,0.11757945755483325,0.08875830527811401,0.15517289485804164,31.05,1.242,0.03387533875338753,3.8069105691056913,1.2081735094264987,0.8295725840479985,1.8512458640695086,0.09732000961571025,0.04794517411263824,0.09732000961571025,1.5525000000000002,1.28499755034105,46.939174239646285,2.2180515160301155,0.1510893149283902,0.8295725840479985,1.8512458640695086,1.2081735094264987,14.01705418177801,158.9843673344886,0.8386244259242859,1.8714456454483959,1.4475608757445155,3.230327443000237,0.07443488280987087,0.2903976383737038
63563817,4190988310,8,重点词,2985,255,2985,4190988310,1810.51,1217,1985,0.8828,84.0,0,1.4877,1.6311,63563817_4190988310,4981.89,3283,7520,0.6589868503720475,2.2905878769418213,1.0199411248421582,1.0199411248421582,1.009970562421079,1.6353671045024774,1810.51,0.37701599888384724,2026-09-14,9,0,1.245150761127561,0.8549624092720298,1.9079049314486158,0.027375802219709717,0.01177125573303094,0.059828863828926826,3.788448329575196,3.423929833684263,4.0,9,0,0.11757945755483325,0.08875830527811401,0.15517289485804164,31.05,1.242,0.03387533875338753,3.8069105691056913,1.2328584688079554,0.8465221077558269,1.889069842664551,0.09537141572180644,0.04698518989267204,0.09537141572180644,11.72137499999999,9.507478187121777,347.2949618359199,15.548217073993802,1.117884127956188,0.8465221077558269,1.889069842664551,1.2328584688079554,103.70979839268045,1176.2982770860772,6.204839405761133,13.846507837903902,10.147190252902456,22.64412343034376,0.5507310301782182,2.1486027048821117
63563817,4190988310,11,重点词,4048,265,4048,4190988310,9.39,8,49,0.5,563.0,0,1.1738,6.125,63563817_4190988310,4981.89,3283,7520,0.6589868503720475,2.2905878769418213,1.1575843954311826,1.1575843954311826,1.0787921977155914,4.20779393847091,9.39,0.0019553497243977253,2026-09-14,9,0,1.245150761127561,0.8549624092720298,1.9079049314486158,0.027375802219709717,0.01177125573303094,0.059828863828926826,3.788448329575196,3.423929833684263,4.0,9,0,0.11757945755483325,0.08875830527811401,0.15517289485804164,31.05,1.242,0.03387533875338753,3.8069105691056913,1.1542081633184258,0.7925181615907726,1.7685564796340958,0.10187023562264924,0.05018686499425656,0.10187023562264924,1.5525000000000002,1.3450779931554622,49.133829297869795,5.65981102637017,0.15815354080416294,0.7925181615907726,1.7685564796340958,1.1542081633184258,14.672425720790919,166.41772873466417,0.8778345604892435,1.9589456434459032,3.6937469426069143,8.242839604285669,0.07791510790358332,0.3039752663630499
63563817,4190988310,12,重点词,4403,268,4403,4190988310,25.77,19,160,0.4444,413.0,0,1.3563,8.4211,63563817_4190988310,4981.89,3283,7520,0.6589868503720475,2.2905878769418213,1.0905154681688172,1.0905154681688172,1.0452577340844087,6.604618630204984,25.77,0.005366279275583533,2026-09-14,9,0,1.245150761127561,0.8549624092720298,1.9079049314486158,0.027375802219709717,0.01177125573303094,0.059828863828926826,3.788448329575196,3.423929833684263,4.0,9,0,0.11757945755483325,0.08875830527811401,0.15517289485804164,31.05,1.242,0.03387533875338753,3.8069105691056913,1.1912380272586531,0.817944112148505,1.8252961630748814,0.09870357969130149,0.048626796611785116,0.09870357969130149,1.5525000000000002,1.303265984190166,47.606494733215726,8.607574799294804,0.1532373074707456,0.817944112148505,1.8252961630748814,1.1912380272586531,14.216330536049131,161.2446015247583,0.8505469037882978,1.8980514401186006,5.617537926623357,12.535905902494708,0.0754931017397964,0.2945261365526781
63563817,4190988310,13,重点词,4675,269,4675,4190988310,22.54,16,61,0.7059,172.0,0,1.4088,3.8125,63563817_4190988310,4981.89,3283,7520,0.6589868503720475,2.2905878769418213,1.0568527908675909,1.0568527908675909,1.0284263954337955,3.305195958980607,22.54,0.00469367228838389,2026-09-14,9,0,1.245150761127561,0.8549624092720298,1.9079049314486158,0.027375802219709717,0.01177125573303094,0.059828863828926826,3.788448329575196,3.423929833684263,4.0,9,0,0.11757945755483325,0.08875830527811401,0.15517289485804164,31.05,1.242,0.03387533875338753,3.8069105691056913,1.2107339588482169,0.8313306747746417,1.855169159328949,0.09711419812382874,0.04784378008430219,0.09711419812382874,1.5525000000000002,1.2822800489356958,46.83990769090575,4.238186836023717,0.15076979258724416,0.8313306747746417,1.855169159328949,1.2107339588482169,13.987411040102142,158.6481486066427,0.8368509104374988,1.8674879288206874,2.7659562474472628,6.172413555783199,0.07427746858087916,0.2897835080275545
63563817,4190988310,17,重点词,5010,275,5010,4190988310,63.52,44,78,0.8444,114.0,0,1.4436,1.7727,63563817_4190988310,4981.89,3283,7520,0.6589868503720475,2.2905878769418213,1.0453920417925089,1.0453920417925089,1.0226960208962543,1.8523981349141263,63.52,0.013227243290068531,2026-09-14,9,0,1.245150761127561,0.8549624092720298,1.9079049314486158,0.027375802219709717,0.01177125573303094,0.059828863828926826,3.788448329575196,3.423929833684263,4.0,9,0,0.11757945755483325,0.08875830527811401,0.15517289485804164,31.05,1.242,0.03387533875338753,3.8069105691056913,1.217517948330683,0.8359887902201587,1.8655640507690603,0.09657307944909094,0.04757719534825099,0.09657307944909094,1.5525000000000002,1.275135206120456,46.57891651490668,2.3620580775808726,0.14992970584471368,0.8359887902201587,1.8655640507690603,1.217517948330683,13.90947342159468,157.76416379719012,0.832187991272665,1.8570823175645064,1.5415434829314179,3.4400558214384946,0.07386359577815968,0.28816883920616543
63563817,4190988310,18,重点词,5134,276,5134,4190988310,168.35,129,782,0.6371,296.0,0,1.305,6.062,63563817_4190988310,4981.89,3283,7520,0.6589868503720475,2.2905878769418213,1.1553485866272917,1.1553485866272917,1.0776742933136458,5.841786153398063,168.35,0.03505677594274303,2026-09-14,9,0,1.245150761127561,0.8549624092720298,1.9079049314486158,0.027375802219709717,0.01177125573303094,0.059828863828926826,3.788448329575196,3.423929833684263,4.0,9,0,0.11757945755483325,0.08875830527811401,0.15517289485804164,31.05,1.242,0.03387533875338753,3.8069105691056913,1.1554054586371885,0.7933402648430827,1.770391057192398,0.10176467202562754,0.05013485857688004,0.10176467202562754,1.5525000000000002,1.3436841486201636,49.082914094577774,7.849515453949737,0.1579896533197868,0.7933402648430827,1.770391057192398,1.1554054586371885,14.657221338208968,166.24527743968054,0.876924899554145,1.9569156751511585,5.122807735785392,11.43188289446566,0.07783436794060627,0.3036602703062843
63563817,4190988310,19,重点词,5267,277,5267,4190988310,110.96,83,183,0.8214,167.0,0,1.3369,2.2048,63563817_4190988310,4981.89,3283,7520,0.6589868503720475,2.2905878769418213,1.1259529481628652,1.1259529481628652,1.0629764740814327,2.2123593737970833,110.96,0.02310602826615246,2026-09-14,9,0,1.245150761127561,0.8549624092720298,1.9079049314486158,0.027375802219709717,0.01177125573303094,0.059828863828926826,3.788448329575196,3.423929833684263,4.0,9,0,0.11757945755483325,0.08875830527811401,0.15517289485804164,31.05,1.242,0.03387533875338753,3.8069105691056913,1.1713812972234907,0.8043098131695177,1.7948703268313864,0.10037675847610872,0.04945109624426486,0.10037675847610872,1.5525000000000002,1.3253583642490026,48.413498666160955,2.93216900078665,0.15583491753415882,0.8043098131695177,1.7948703268313864,1.1713812972234907,14.45731939101384,163.9779476433054,0.8649649931762703,1.930226356286906,1.9136134106598517,4.270354372881525,0.0767728269192212,0.2995188114363289
63563817,4190988310,22,重点词,6325,291,6325,4190988310,83.51,64,118,0.9153,94.0,0,1.3048,1.8438,63563817_4190988310,4981.89,3283,7520,0.6589868503720475,2.2905878769418213,1.1486161581543421,1.1486161581543421,1.074308079077171,1.8933986529935356,83.51,0.017389910062242178,2026-09-14,9,0,1.245150761127561,0.8549624092720298,1.9079049314486158,0.027375802219709717,0.01177125573303094,0.059828863828926826,3.788448329575196,3.423929833684263,4.0,9,0,0.11757945755483325,0.08875830527811401,0.15517289485804164,31.05,1.242,0.03387533875338753,3.8069105691056913,1.1590257816893115,0.7958261004668615,1.775938363125318,0.10144680076353263,0.049978257759979945,0.10144680076353263,1.5525000000000002,1.3394870282671274,48.92959912249581,2.536182935023293,0.15749615818538443,0.7958261004668615,1.775938363125318,1.1590257816893115,14.61143816657542,165.72599510814842,0.874185744412825,1.9508030700290495,1.655182110937394,3.6936479050486564,0.07759124517236887,0.30271175967436253
63563817,4190988310,1,潜力词,228,224,228,4190988310,4.64,4,3,1.0,62.0,0,1.16,0.75,63563817_4190988310,4981.89,3283,7520,0.6589868503720475,2.2905878769418213,1.1125924291446512,1.1125924291446512,1.0562962145723256,1.7770585846278808,4.64,0.0009662218020453083,2026-09-14,9,0,1.245150761127561,0.8549624092720298,1.9079049314486158,0.027375802219709717,0.01177125573303094,0.059828863828926826,3.788448329575196,3.423929833684263,4.0,9,0,0.11757945755483325,0.08875830527811401,0.15517289485804164,31.05,1.242,0.03387533875338753,3.8069105691056913,1.1787893811885892,0.8093964528862654,1.8062214984090335,0.09974594226177733,0.049140321580877326,0.09974594226177733,1.5525000000000002,1.317029169735643,48.109244768996156,2.340437992284055,0.15485557536140931,0.8093964528862654,1.8062214984090335,1.1787893811885892,14.366462586848463,162.94743072149427,0.8595291338119285,1.9180958780630513,1.5274336259782542,3.408568746251298,0.07629034925431206,0.2976364900143209
63563817,4190988310,3,潜力词,1583,236,1583,4190988310,0.48,1,1,1.0,120.0,0,0.48,1.0,63563817_4190988310,4981.89,3283,7520,0.6589868503720475,2.2905878769418213,1.121484890226495,1.121484890226495,1.0607424451132474,2.1471892239482857,0.48,9.995397952192844e-05,2026-09-14,9,0,1.245150761127561,0.8549624092720298,1.9079049314486158,0.027375802219709717,0.01177125573303094,0.059828863828926826,3.788448329575196,3.423929833684263,4.0,9,0,0.11757945755483325,0.08875830527811401,0.15517289485804164,31.05,1.242,0.03387533875338753,3.8069105691056913,1.173848342605566,0.8060037695396944,1.7986505020499328,0.10016579935176691,0.04934716620986436,0.10016579935176691,1.5525000000000002,1.3225728943433608,48.311749322587886,2.839814266620159,0.15550740349361813,0.8060037695396944,1.7986505020499328,1.173848342605566,14.426934833020926,163.63331961614676,0.8631471195936101,1.9261696516464517,1.8533401938734018,4.135850719511485,0.07661147554081443,0.2988893208336855
63563817,4190988310,7,潜力词,4155,267,4155,4190988310,5.39,4,6,0.6667,30.0,0,1.3475,1.5,63563817_4190988310,4981.89,3283,7520,0.6589868503720475,2.2905878769418213,1.050551959117998,1.050551959117998,1.025275979558999,2.027058584627881,5.39,0.0011223998950483213,2026-09-14,9,0,1.245150761127561,0.8549624092720298,1.9079049314486158,0.027375802219709717,0.01177125573303094,0.059828863828926826,3.788448329575196,3.423929833684263,4.0,9,0,0.11757945755483325,0.08875830527811401,0.15517289485804164,31.05,1.242,0.03387533875338753,3.8069105691056913,1.2144542405676337,0.8338851453827818,1.8608696287503597,0.09681670467870146,0.047697218497632414,0.09681670467870146,0.698624999999998,0.5752583972809564,21.013389586325562,1.1660824725876389,0.06763857030615761,0.8338851453827818,1.8608696287503597,1.2144542405676337,6.275053303463372,71.17297019071455,0.3754293096121675,0.8377952333942887,0.7610172049702628,1.6982600200122122,0.03332246927290835,0.13000311166406042
63563817,4190988310,10,潜力词,6364,293,6364,4190988310,0.9,1,1,1.0,7.0,0,0.9,1.0,63563817_4190988310,4981.89,3283,7520,0.6589868503720475,2.2905878769418213,1.0689152859971283,1.0689152859971283,1.0344576429985641,2.1471892239482857,0.9,0.00018741371160361584,2026-09-14,9,0,1.245150761127561,0.8549624092720298,1.9079049314486158,0.027375802219709717,0.01177125573303094,0.059828863828926826,3.788448329575196,3.423929833684263,4.0,9,0,0.11757945755483325,0.08875830527811401,0.15517289485804164,31.05,1.242,0.03387533875338753,3.8069105691056913,1.2036749591005624,0.8264837280275347,1.84435287840129,0.0976837282074005,0.04812436183852784,0.0976837282074005,1.5525000000000002,1.2898000313640277,47.11460219548972,2.769444728393001,0.1516539880419893,0.8264837280275347,1.84435287840129,1.2036749591005624,14.06944076935413,159.5785469941085,0.8417586559388398,1.8784398861731468,1.8074151151970694,4.033365881425626,0.07471307175431448,0.29148295495429744
495403620,8878077181,1,重点词,1048,295,1048,8878077181,1263.59,2840,29775,0.082,670.0,0,0.4449,10.4842,495403620_8878077181,124225.7,168752,1694374,1.358430662898257,10.040615814923674,1.6503815856832873,1.6503815856832873,1.3251907928416435,10.482909033187987,1263.59,0.010171727750376934,2026-09-15,9,1,0.6639458947471649,0.4558875917043721,1.0173431895556673,0.6555071277552498,0.4233113259469235,0.8452109897979323,1.4393791706542358,1.0748606747633032,1.7441413255247102,9,1,0.13258216489586677,0.10008353934421485,0.17497238685459635,167.74,0.6682868525896415,0.7110481586402266,1.3356940509915014,0.5010190972753796,0.3440165704191165,0.7676956367725359,0.26462497261455575,0.13036877448590875,0.26462497261455575,8.387,16.739880866038483,25.53729800523045,175.48264834508555,2.219409645318279,0.3440165704191165,0.7676956367725359,0.5010190972753796,12.925651294264629,57.59269383125599,10.924902524208331,24.379639590564175,114.52475935772175,255.56954408979266,1.0934029116133166,4.265763729815828
495403620,8878077181,3,重点词,3989,297,3989,8878077181,75197.1,124758,1230619,0.0814,631.0,0,0.6027,9.864,495403620_8878077181,124225.7,168752,1694374,1.358430662898257,10.040615814923674,1.2212973113764143,1.2212973113764143,1.1106486556882071,9.864060119956713,75197.1,0.6053264340631609,2026-09-15,9,1,0.6639458947471649,0.4558875917043721,1.0173431895556673,0.6555071277552498,0.4233113259469235,0.8452109897979323,1.4393791706542358,1.0748606747633032,1.7441413255247102,9,1,0.13258216489586677,0.10008353934421485,0.17497238685459635,167.74,0.6682868525896415,0.7110481586402266,1.3356940509915014,0.5978001155871877,0.4104696740679742,0.9159901147363982,0.22178343804038622,0.10926268497233367,0.22178343804038622,121.84494725970553,203.8222209776986,310.938222251949,2010.5146415071215,27.02319131110703,0.4104696740679742,0.9159901147363982,0.5978001155871877,157.38074693979274,701.2398034797467,133.01993689612013,296.8427510177716,1312.1166546961772,2928.074742212641,13.313106087907816,51.939284666064154
495403620,8878077181,4,重点词,5778,298,5778,8878077181,46615.59,40349,425786,0.0839,653.0,0,1.1553,10.5526,495403620_8878077181,124225.7,168752,1694374,1.358430662898257,10.040615814923674,0.6372456247369999,0.6372456247369999,0.8186228123685,10.552477263585486,46615.59,0.3752491634178757,2026-09-15,9,1,0.6639458947471649,0.4558875917043721,1.0173431895556673,0.6555071277552498,0.4233113259469235,0.8452109897979323,1.4393791706542358,1.0748606747633032,1.7441413255247102,9,1,0.13258216489586677,0.10008353934421485,0.17497238685459635,167.74,0.6682868525896415,0.7110481586402266,1.3356940509915014,0.811052275499369,0.5568957825464996,1.2427496206857647,0.16346932115347962,0.08053395283998357,0.16346932115347962,62.66905274029446,77.26882055994332,117.8764002529559,815.3774721428686,10.244467508787546,0.5568957825464996,1.2427496206857647,0.811052275499369,59.66289954328024,265.8393784772616,50.427738377190494,112.53281979211565,532.1375626793399,1187.500022263463,5.046986537913318,19.690136078504636
495403620,9628223555,4,黄金词,652,343,652,9628223555,2.01,4,7,0.5,63.0,0,0.5025,1.75,495403620_9628223555,91605.25,72103,210914,0.7871055425316781,2.9251764836414575,1.3050556703191387,1.3050556703191387,1.1525278351595694,2.533450989094305,2.01,2.2223698888118487e-05,2026-09-15,9,1,0.8051288179193875,0.5528285372603019,1.2336732949259512,0.010037427459462003,0.004290872956079783,0.022206566361374646,3.777857529675156,3.4133390337842235,4.0,9,1,0.13258216489586677,0.10008353934421485,0.17497238685459635,14.67,0.7335,0.008350730688935281,3.875365344467641,0.6985764624139564,0.47966610470953347,1.0704065075835216,0.18978905249358713,0.09350049596592679,0.18978905249358713,0.7335,1.0499924338494946,104.60772325280378,2.6601043700775384,0.13921027000404618,0.47966610470953347,1.0704065075835216,0.6985764624139564,30.85815566112306,356.3817299083048,0.685253681478358,1.5291887269044748,1.7360566171218597,3.8741246926880026,0.06858261379100732,0.26756580149761744
495403620,9628223555,9,黄金词,1439,385,1439,9628223555,5.2,9,3,0.5,99.0,0,0.5778,0.3333,495403620_9628223555,91605.25,72103,210914,0.7871055425316781,2.9251764836414575,1.4701582843330228,1.4701582843330228,1.2350791421665113,1.55302422759598,5.2,5.749414637722197e-05,2026-09-15,9,1,0.8051288179193875,0.5528285372603019,1.2336732949259512,0.010037427459462003,0.004290872956079783,0.022206566361374646,3.777857529675156,3.4133390337842235,4.0,9,1,0.13258216489586677,0.10008353934421485,0.17497238685459635,14.67,0.7335,0.008350730688935281,3.875365344467641,0.6518843938268382,0.44760575932855523,0.9988617350965106,0.20338294052040912,0.10019759074517429,0.20338294052040912,0.7335,1.1251995092167242,112.10038765022705,1.7474620986926788,0.14918138687172008,0.44760575932855523,0.9988617350965106,0.6518843938268382,33.06841124362418,381.90803539076836,0.7343358687467679,1.6387188607678087,1.1404413953564723,2.5449700929908903,0.07349493281158534,0.2867305504521884
495403620,9628223555,11,黄金词,1531,391,1531,9628223555,3.87,9,16,0.5714,63.0,0,0.43,1.7778,495403620_9628223555,91605.25,72103,210914,0.7871055425316781,2.9251764836414575,1.6340569027875846,1.6340569027875846,1.3170284513937922,2.3177301099489216,3.87,4.278891278458635e-05,2026-09-15,9,1,0.8051288179193875,0.5528285372603019,1.2336732949259512,0.010037427459462003,0.004290872956079783,0.022206566361374646,3.777857529675156,3.4133390337842235,4.0,9,1,0.13258216489586677,0.10008353934421485,0.17497238685459635,14.67,0.7335,0.008350730688935281,3.875365344467641,0.6113222664759681,0.41975443785990457,0.936709676712278,0.21687769637469725,0.10684584757947019,0.21687769637469725,0.7335,1.1998581439350122,119.53841248475867,2.780947347865605,0.15907979029084043,0.41975443785990457,0.936709676712278,0.6113222664759681,35.262548741489326,407.24819264880585,0.7830601286990907,1.7474502562491308,1.8149220381863602,4.050118074546569,0.07837142919954139,0.30575554224558643
495403620,9628223555,22,黄金词,3973,511,3973,9628223555,4.8,7,35,0.8,77.0,0,0.6857,5.0,495403620_9628223555,91605.25,72103,210914,0.7871055425316781,2.9251764836414575,1.318300431586238,1.318300431586238,1.159150215793119,3.893427457942111,4.8,5.307151973282027e-05,2026-09-15,9,1,0.8051288179193875,0.5528285372603019,1.2336732949259512,0.010037427459462003,0.004290872956079783,0.022206566361374646,3.777857529675156,3.4133390337842235,4.0,9,1,0.13258216489586677,0.10008353934421485,0.17497238685459635,14.67,0.7335,0.008350730688935281,3.875365344467641,0.694585401399851,0.4769257079265115,1.064291131656169,0.19087957309304773,0.09403774622125476,0.19087957309304773,0.7335,1.0560256500089427,105.20879520912071,4.111559262035983,0.14001016686375053,0.4769257079265115,1.064291131656169,0.694585401399851,31.035465437254405,358.4294856277743,0.6891911227885391,1.537975386541804,2.683315641234851,5.987995599600992,0.06897668685329036,0.26910322430683986
495403620,9628223555,26,黄金词,5495,590,5495,9628223555,1.56,9,18,0.625,174.0,0,0.1733,2.0,495403620_9628223555,91605.25,72103,210914,0.7871055425316781,2.9251764836414575,2.026434391918491,2.026434391918491,1.5132171959592455,2.435377168772451,1.56,1.724824391316659e-05,2026-09-15,9,1,0.8051288179193875,0.5528285372603019,1.2336732949259512,0.010037427459462003,0.004290872956079783,0.022206566361374646,3.777857529675156,3.4133390337842235,4.0,9,1,0.13258216489586677,0.10008353934421485,0.17497238685459635,14.67,0.7335,0.008350730688935281,3.875365344467641,0.5320642800447475,0.36533323751311036,0.8152651834913307,0.24918448741703988,0.12276194466641185,0.24918448741703988,0.7335,1.3785928270514825,137.3452343859204,3.3573934960346485,0.18277682152039879,0.36533323751311036,0.8152651834913307,0.5320642800447475,40.51537009128595,467.9131779479197,0.899707254587795,2.0077560010500757,2.191126506402059,4.889643125423231,0.09004588641281311,0.3513018597253712
495403620,9628223555,34,黄金词,6106,628,6106,9628223555,1.1,3,9,0.0,47.0,0,0.3667,3.0,495403620_9628223555,91605.25,72103,210914,0.7871055425316781,2.9251764836414575,1.296007963983111,1.296007963983111,1.1480039819915555,2.9455828971937876,1.1,1.2162223272104648e-05,2026-09-15,9,1,0.8051288179193875,0.5528285372603019,1.2336732949259512,0.010037427459462003,0.004290872956079783,0.022206566361374646,3.777857529675156,3.4133390337842235,4.0,9,1,0.13258216489586677,0.10008353934421485,0.17497238685459635,14.67,0.7335,0.008350730688935281,3.875365344467641,0.7013292902718432,0.4815562889435765,1.0746245782055361,0.1890441005885786,0.09313349180170394,0.1890441005885786,0.7335,1.0458710482713294,104.19712147313362,3.0806998724581662,0.13866384778172242,0.4815562889435765,1.0746245782055361,0.7013292902718432,30.737032542888517,354.98287552172536,0.682563952915386,1.5231864204476075,2.0105487059485467,4.4866718693082985,0.06831341623654984,0.2665155636102266
495403620,9628223555,8,重点词,700,345,700,9628223555,111.9,117,191,0.6778,186.0,0,0.9564,1.6325,495403620_9628223555,91605.25,72103,210914,0.7871055425316781,2.9251764836414575,1.3063178147159593,1.3063178147159593,1.1531589073579798,1.7152112949530534,111.9,0.0012372298037713727,2026-09-15,9,1,0.8051288179193875,0.5528285372603019,1.2336732949259512,0.010037427459462003,0.004290872956079783,0.022206566361374646,3.777857529675156,3.4133390337842235,4.0,9,1,0.13258216489586677,0.10008353934421485,0.17497238685459635,14.67,0.7335,0.008350730688935281,3.875365344467641,0.6981941628184016,0.4794036049436551,1.0698207220654776,0.18989297240852332,0.09355169261536263,0.18989297240852332,0.7335,1.0505673622922873,104.66500171833837,1.8019450059127677,0.13928649526165185,0.4794036049436551,1.0698207220654776,0.6981941628184016,30.875052193716794,356.57686845065115,0.6856288954506778,1.5300260415985174,1.1759984256231888,2.6243179481220875,0.06862016653336848,0.2677123084481825
495403620,9628223555,15,重点词,1316,378,1316,9628223555,45.15,213,54,1.0,112.0,0,0.212,0.2535,495403620_9628223555,91605.25,72103,210914,0.7871055425316781,2.9251764836414575,5.237206154032248,2.7815627886031566,1.8907813943015783,0.35023263289199846,45.15,0.0004992039824868407,2026-09-15,9,1,0.8051288179193875,0.5528285372603019,1.2336732949259512,0.010037427459462003,0.004290872956079783,0.022206566361374646,3.777857529675156,3.4133390337842235,4.0,9,1,0.13258216489586677,0.10008353934421485,0.17497238685459635,14.67,0.7335,0.008350730688935281,3.875365344467641,0.42581803499118315,0.29238099069856094,0.6524674394639094,0.31135873542465614,0.15339238909216232,0.31135873542465614,0.7335,1.722566776710591,171.61436868834107,0.6032990975396335,0.2283816324339853,0.29238099069856094,0.6524674394639094,0.42581803499118315,50.624396918305486,584.6626203924515,1.124194029670921,2.5087130262727104,0.3937294348931121,0.8786331683619447,0.11251331739910106,0.43895550614015383
495403620,9628223555,20,重点词,1735,402,1735,9628223555,62.35,65,76,0.8718,170.0,0,0.9592,1.1692,495403620_9628223555,91605.25,72103,210914,0.7871055425316781,2.9251764836414575,1.2873320160751038,1.2873320160751038,1.143666008037552,1.3616631762894749,62.35,0.0006893769281961134,2026-09-15,9,1,0.8051288179193875,0.5528285372603019,1.2336732949259512,0.010037427459462003,0.004290872956079783,0.022206566361374646,3.777857529675156,3.4133390337842235,4.0,9,1,0.13258216489586677,0.10008353934421485,0.17497238685459635,14.67,0.7335,0.008350730688935281,3.875365344467641,0.7039894621865436,0.48338285248935187,1.078700675071077,0.18832975778369687,0.09278156735891559,0.18832975778369687,0.5832892049073719,0.8285482045366349,82.54587222501773,1.128203579898296,0.10985071467805048,0.48338285248935187,1.078700675071077,0.7039894621865436,24.35014638591228,281.22054304965707,0.540733141627948,1.206681622865844,0.7362964071540982,1.6430939313616433,0.05411848665484164,0.21113596372641458
495403620,9628223555,21,重点词,1764,405,1764,9628223555,12.51,20,178,0.2727,582.0,0,0.6255,8.9,495403620_9628223555,91605.25,72103,210914,0.7871055425316781,2.9251764836414575,1.627105153163278,1.627105153163278,1.313552576581639,7.192907566754703,12.51,0.00013831764830366284,2026-09-15,9,1,0.8051288179193875,0.5528285372603019,1.2336732949259512,0.010037427459462003,0.004290872956079783,0.022206566361374646,3.777857529675156,3.4133390337842235,4.0,9,1,0.13258216489586677,0.10008353934421485,0.17497238685459635,14.67,0.7335,0.008350730688935281,3.875365344467641,0.6129399251110583,0.42086517670953916,0.939188363618026,0.21630531715134116,0.1065638621827298,0.21630531715134116,0.7335,1.196691502624988,119.22292912781155,8.607691364302331,0.15865995013050874,0.42086517670953916,0.939188363618026,0.6129399251110583,35.16948453710319,406.1733914676887,0.7809934922685213,1.7428384209279124,5.617614000124427,12.5360756655232,0.07816459291103231,0.3049485984116525
495403620,9628223555,25,重点词,2541,437,2541,9628223555,21686.91,29926,87461,0.4974,328.0,0,0.7247,2.9226,495403620_9628223555,91605.25,72103,210914,0.7871055425316781,2.9251764836414575,1.7528659479478812,1.7528659479478812,1.3764329739739405,2.9225763817688626,21686.91,0.2397827650018536,2026-09-15,9,1,0.8051288179193875,0.5528285372603019,1.2336732949259512,0.010037427459462003,0.004290872956079783,0.022206566361374646,3.777857529675156,3.4133390337842235,4.0,9,1,0.13258216489586677,0.10008353934421485,0.17497238685459635,14.67,0.7335,0.008350730688935281,3.875365344467641,0.5849386298810295,0.40163854522041437,0.8962828690191695,0.2266599573408797,0.11166512582544326,0.2266599573408797,4.22113579509263,7.216373786000705,718.9465443357233,21.09040358898161,0.9567624592457559,0.40163854522041437,0.8962828690191695,0.5849386298810295,212.08151451230088,2449.3355291058347,4.70960222603825,10.509787582205593,13.764172233345448,30.715656965161745,0.471353659685301,1.8389226185933099
495403620,9628223555,26,重点词,2584,442,2584,9628223555,115.98,262,182,0.9412,39.0,0,0.4427,0.6947,495403620_9628223555,91605.25,72103,210914,0.7871055425316781,2.9251764836414575,2.748509709024904,2.748509709024904,1.874254854512452,0.7607459698856728,115.98,0.00128234059554427,2026-09-15,9,1,0.8051288179193875,0.5528285372603019,1.2336732949259512,0.010037427459462003,0.004290872956079783,0.022206566361374646,3.777857529675156,3.4133390337842235,4.0,9,1,0.13258216489586677,0.10008353934421485,0.17497238685459635,14.67,0.7335,0.008350730688935281,3.875365344467641,0.4295727531295763,0.2949591065106824,0.6582206747154807,0.30863727722478407,0.15205164952844497,0.30863727722478407,0.7335,1.7075105314669412,170.11435832169514,1.2989817553508187,0.22638544284437911,0.2949591065106824,0.6582206747154807,0.4295727531295763,50.18190995894976,579.5523257342475,1.114367913643945,2.486785401126224,0.8477508992745366,1.8918119718773012,0.11152988492911439,0.43511877723022024
495403620,9628223555,36,重点词,3008,470,3008,9628223555,45.41,54,204,0.6042,319.0,0,0.8409,3.7778,495403620_9628223555,91605.25,72103,210914,0.7871055425316781,2.9251764836414575,1.4338094838514177,1.4338094838514177,1.2169047419257089,3.6677647075666395,45.41,0.0005020786898057018,2026-09-15,9,1,0.8051288179193875,0.5528285372603019,1.2336732949259512,0.010037427459462003,0.004290872956079783,0.022206566361374646,3.777857529675156,3.4133390337842235,4.0,9,1,0.13258216489586677,0.10008353934421485,0.17497238685459635,14.67,0.7335,0.008350730688935281,3.875365344467641,0.6616202486361419,0.45429072483148536,1.0137796759454702,0.20039012586022037,0.09872316610695024,0.20039012586022037,0.7335,1.108642006516624,110.45081132532003,4.066238024827538,0.14698615731847164,0.45429072483148536,1.0137796759454702,0.6616202486361419,32.581803931792464,376.28819350906116,0.7235299911846467,1.6146048332201468,2.653737766533049,5.921990623951374,0.072413442339448,0.28251126149549655
495403620,9628223555,59,重点词,5313,580,5313,9628223555,11.64,18,32,0.7857,171.0,0,0.6467,1.7778,495403620_9628223555,91605.25,72103,210914,0.7871055425316781,2.9251764836414575,1.5699795787061808,1.5699795787061808,1.2849897893530904,2.130823533428141,11.64,0.00012869843535208918,2026-09-15,9,1,0.8051288179193875,0.5528285372603019,1.2336732949259512,0.010037427459462003,0.004290872956079783,0.022206566361374646,3.777857529675156,3.4133390337842235,4.0,9,1,0.13258216489586677,0.10008353934421485,0.17497238685459635,14.67,0.7335,0.008350730688935281,3.875365344467641,0.626564370075437,0.43022017905575377,0.9600646675543051,0.21160182612985826,0.1042466645493479,0.21160182612985826,0.7335,1.170669822657947,116.63046406919626,2.494490807993702,0.15520993946625106,0.43022017905575377,0.9600646675543051,0.626564370075437,34.404735168345375,397.34127894686304,0.7640110346613816,1.704940948167248,1.6279726924552553,3.6329282954600606,0.07646492844694669,0.298317587146962
495403620,9628223555,72,重点词,6377,649,6377,9628223555,20.2,24,370,0.08,761.0,0,0.8417,15.4167,495403620_9628223555,91605.25,72103,210914,0.7871055425316781,2.9251764836414575,1.3641706865068068,1.3641706865068068,1.1820853432534033,12.293794120910364,20.2,0.0002233426455422853,2026-09-15,9,1,0.8051288179193875,0.5528285372603019,1.2336732949259512,0.010037427459462003,0.004290872956079783,0.022206566361374646,3.777857529675156,3.4133390337842235,4.0,9,1,0.13258216489586677,0.10008353934421485,0.17497238685459635,14.67,0.7335,0.008350730688935281,3.875365344467641,0.681108874680288,0.4676722712243224,1.0436414781445176,0.19465634617975097,0.09589839177545208,0.19465634617975097,0.7335,1.076920338681983,107.29047288573929,13.239436928377362,0.14278042992284737,0.4676722712243224,1.0436414781445176,0.681108874680288,31.64953801032954,365.5214274886248,0.7028275661332322,1.5684060080786175,8.64041740054247,19.281660561317402,0.0703414703672941,0.274427742790605
495403620,9628223555,36,潜力词,2690,447,2690,9628223555,5.24,9,8,1.0,48.0,0,0.5822,0.8889,495403620_9628223555,91605.25,72103,210914,0.7871055425316781,2.9251764836414575,1.4657367556583372,1.4657367556583372,1.2328683778291687,1.8471418746548036,5.24,5.7936409041662137e-05,2026-09-15,9,1,0.8051288179193875,0.5528285372603019,1.2336732949259512,0.010037427459462003,0.004290872956079783,0.022206566361374646,3.777857529675156,3.4133390337842235,4.0,9,1,0.13258216489586677,0.10008353934421485,0.17497238685459635,14.67,0.7335,0.008350730688935281,3.875365344467641,0.6530533448648072,0.44840840044394753,1.0006528816143374,0.20301888955689137,0.100018239274694,0.20301888955689137,0.33007500000000056,0.5054334421460341,50.354878696490715,0.9336072758388557,0.06701145997049103,0.44840840044394753,1.0006528816143374,0.6530533448648072,14.854148783623698,171.55099280585114,0.32985964070527213,0.7361035156192641,0.6092975551052964,1.359687627780959,0.03301352032859468,0.12879778909996228
495403620,9628223555,39,潜力词,2813,457,2813,9628223555,5.37,11,3,1.0,51.0,0,0.4882,0.2727,495403620_9628223555,91605.25,72103,210914,0.7871055425316781,2.9251764836414575,1.6407486336792814,1.6407486336792814,1.3203743168396407,1.3895479931121926,5.37,5.937376270109269e-05,2026-09-15,9,1,0.8051288179193875,0.5528285372603019,1.2336732949259512,0.010037427459462003,0.004290872956079783,0.022206566361374646,3.777857529675156,3.4133390337842235,4.0,9,1,0.13258216489586677,0.10008353934421485,0.17497238685459635,14.67,0.7335,0.008350730688935281,3.875365344467641,0.6097731587558366,0.4186907683750735,0.9343360281944811,0.21742866669694605,0.10711728577738475,0.21742866669694605,0.7335,1.2029063422480124,119.84209570691006,1.671496093772654,0.15948392702220993,0.4186907683750735,0.9343360281944811,0.6097731587558366,35.35213203275523,408.28279266388205,0.7850494660014574,1.751889593474181,1.0908639099761237,2.434334668766183,0.07857052911771172,0.3065323036759059
495403620,9628223555,61,潜力词,4637,550,4637,9628223555,5.75,11,9,1.0,54.0,0,0.5227,0.8182,495403620_9628223555,91605.25,72103,210914,0.7871055425316781,2.9251764836414575,1.5956013142876717,1.5956013142876717,1.2978006571438359,1.7053374667964034,5.75,6.357525801327429e-05,2026-09-15,9,1,0.8051288179193875,0.5528285372603019,1.2336732949259512,0.010037427459462003,0.004290872956079783,0.022206566361374646,3.777857529675156,3.4133390337842235,4.0,9,1,0.13258216489586677,0.10008353934421485,0.17497238685459635,14.67,0.7335,0.008350730688935281,3.875365344467641,0.6203794192024012,0.42597338367585036,0.9505876639336781,0.21371141722644946,0.10528596482101793,0.21371141722644946,0.7335,1.1823409631206556,117.79322619224469,2.0162903429377987,0.1567573245356007,0.42597338367585036,0.9505876639336781,0.6203794192024012,34.74773751534393,401.30262294708,0.7716279390421122,1.721938572007508,1.3158860348754053,2.9364863623663,0.07722725519621666,0.3012917019611489
495403620,9628223555,62,潜力词,4706,551,4706,9628223555,6.41,11,14,0.8889,94.0,0,0.5827,1.2727,495403620_9628223555,91605.25,72103,210914,0.7871055425316781,2.9251764836414575,1.5228233690610051,1.5228233690610051,1.2614116845305026,1.9684953615332454,6.41,7.087259197653708e-05,2026-09-15,9,1,0.8051288179193875,0.5528285372603019,1.2336732949259512,0.010037427459462003,0.004290872956079783,0.022206566361374646,3.777857529675156,3.4133390337842235,4.0,9,1,0.13258216489586677,0.10008353934421485,0.17497238685459635,14.67,0.7335,0.008350730688935281,3.875365344467641,0.638276010753029,0.4382617856168541,0.9780100422845889,0.2077191726811857,0.10233385652198833,0.2077191726811857,0.7335,1.1491893595290024,114.4904273699825,2.2621739237562024,0.1523620131616497,0.4382617856168541,0.9780100422845889,0.638276010753029,33.77344730994067,390.0505172591249,0.7499922989405875,1.6736572160121097,1.4763563616502018,3.294586466516483,0.07506188375887843,0.29284379786205755
495817671,9630806627,1,黄金词,370,685,370,9630806627,3.46,8,31,0.1429,236.0,0,0.4325,3.875,495817671_9630806627,171870.0,107520,166126,0.6255891080467796,1.5450706845238096,1.809717571924603,1.809717571924603,1.4048587859623014,2.7100353422619046,3.46,2.0263679667535095e-05,2026-09-15,9,1,0.8905342851504879,0.611470804773982,1.3645373775654965,0.01166583074324878,0.004985301678252362,0.02582778148173244,3.776660587335357,3.4121420914444243,4.0,9,1,0.13258216489586677,0.10008353934421485,0.17497238685459635,17.37,0.9142105263157895,0.011860174781523096,3.852059925093633,0.6338959431716042,0.4352542838354648,0.9712986039595535,0.20915446190191972,0.10304095870849465,0.20915446190191972,0.8685,1.3700986878928254,117.44544542494116,3.7130158665762196,0.18165065016181728,0.4352542838354648,0.9712986039595535,0.6338959431716042,34.620230486483734,400.2536715743944,0.8941637478521135,1.995385300626498,2.42321535844859,5.407564686127705,0.0894910726383276,0.34913732874519465
495817671,9630806627,6,黄金词,2096,803,2096,9630806627,5.78,12,18,0.6667,49.0,0,0.4817,1.5,495817671_9630806627,171870.0,107520,166126,0.6255891080467796,1.5450706845238096,1.9683467950041287,1.9683467950041287,1.4841733975020643,1.5180282738095239,5.78,3.3850886843454585e-05,2026-09-15,9,1,0.8905342851504879,0.611470804773982,1.3645373775654965,0.01166583074324878,0.004985301678252362,0.02582778148173244,3.776660587335357,3.4121420914444243,4.0,9,1,0.13258216489586677,0.10008353934421485,0.17497238685459635,17.37,0.9142105263157895,0.011860174781523096,3.852059925093633,0.6000203794578856,0.41199418194876486,0.9193921544895488,0.2209627696573471,0.1088583787184716,0.2209627696573471,0.8685,1.4474508362277363,124.0761046585046,2.197271294342942,0.191906165447406,0.41199418194876486,0.9193921544895488,0.6000203794578856,36.57479713751666,422.8509352962008,0.9446458682064734,2.108039477382731,1.433999136674772,3.200063528973638,0.09454350191699258,0.3688486989413723
495817671,9630806627,2,重点词,136,671,136,9630806627,20.16,35,42,0.7931,118.0,0,0.576,1.2,495817671_9630806627,171870.0,107520,166126,0.6255891080467796,1.5450706845238096,2.268152573529412,2.268152573529412,1.634076286764706,1.2641991971207087,20.16,0.00011806814511488657,2026-09-15,9,1,0.8905342851504879,0.611470804773982,1.3645373775654965,0.01166583074324878,0.004985301678252362,0.02582778148173244,3.776660587335357,3.4121420914444243,4.0,9,1,0.13258216489586677,0.10008353934421485,0.17497238685459635,17.37,0.9142105263157895,0.011860174781523096,3.852059925093633,0.544977179072618,0.37419966847730707,0.835051208207135,0.24328021426783497,0.1198531759017455,0.24328021426783497,0.8685,1.5936447127527753,136.60790627148822,2.014684366357721,0.21128886609161468,0.37419966847730707,0.835051208207135,0.544977179072618,40.26888556029552,465.55927182547265,1.0400559767642035,2.3209534191574765,1.3148379307859006,2.9341474490534454,0.10409248327066596,0.4061027595283201
495817671,9630806627,10,重点词,456,693,456,9630806627,26.44,31,39,0.7727,76.0,0,0.8529,1.2581,495817671_9630806627,171870.0,107520,166126,0.6255891080467796,1.5450706845238096,1.669950504658385,1.669950504658385,1.3349752523291925,1.3169375763125761,26.44,0.0001548473093669445,2026-09-15,9,1,0.8905342851504879,0.611470804773982,1.3645373775654965,0.01166583074324878,0.004985301678252362,0.02582778148173244,3.776660587335357,3.4121420914444243,4.0,9,1,0.13258216489586677,0.10008353934421485,0.17497238685459635,17.37,0.9142105263157895,0.011860174781523096,3.852059925093633,0.6670792462981857,0.45803905630993597,1.0221443245368973,0.19875024688836188,0.09791527178860938,0.19875024688836188,0.47767499999999163,0.7160693465592692,61.38177060160684,0.9430186297294941,0.09493802418239661,0.45803905630993597,1.0221443245368973,0.6670792462981857,18.093941729347097,209.18886179142498,0.46732637312877684,1.0428695837604924,0.615439661175158,1.373394142047648,0.04677167745162317,0.18247338024863274
495817671,9630806627,12,重点词,530,697,530,9630806627,74.08,84,140,0.8169,56.0,0,0.8819,1.6667,495817671_9630806627,171870.0,107520,166126,0.6255891080467796,1.5450706845238096,1.7328151631361088,1.7328151631361088,1.3664075815680543,1.6560931030020705,74.08,0.00043385358085867046,2026-09-15,9,1,0.8905342851504879,0.611470804773982,1.3645373775654965,0.01166583074324878,0.004985301678252362,0.02582778148173244,3.776660587335357,3.4121420914444243,4.0,9,1,0.13258216489586677,0.10008353934421485,0.17497238685459635,17.37,0.9142105263157895,0.011860174781523096,3.852059925093633,0.6517340046727007,0.44750249707504824,0.9986312985760724,0.20342987161219128,0.10022071157485439,0.20342987161219128,0.8685,1.3325988728118594,114.23094524005995,2.206907802332054,0.17667884349518814,0.44750249707504824,0.9986312985760724,0.6517340046727007,33.67266937079488,389.298666068476,0.8696903464155151,1.9407712932925794,1.440288184446216,3.2140979533262493,0.08704168800276105,0.3395813855262845
495817671,9630806627,13,重点词,679,710,679,9630806627,200.65,252,174,0.925,85.0,0,0.7962,0.6905,495817671_9630806627,171870.0,107520,166126,0.6255891080467796,1.5450706845238096,1.968666151597911,1.968666151597911,1.4843330757989555,0.7167714056776557,200.65,0.0011751177240725194,2026-09-15,9,1,0.8905342851504879,0.611470804773982,1.3645373775654965,0.01166583074324878,0.004985301678252362,0.02582778148173244,3.776660587335357,3.4121420914444243,4.0,9,1,0.13258216489586677,0.10008353934421485,0.17497238685459635,17.37,0.9142105263157895,0.011860174781523096,3.852059925093633,0.5999558317941207,0.41194986135093187,0.9192932501561498,0.22098654245828436,0.10887009050399837,0.22098654245828436,0.8685,1.4476065636412252,124.08945367898299,1.037602991489322,0.19192681212501997,0.41194986135093187,0.9192932501561498,0.5999558317941207,36.57873212336528,422.8964287117954,0.9447475001611052,2.108266275783844,0.6771679937009266,1.5111449820363823,0.0945536736027226,0.3688883823989499
495817671,9630806627,14,重点词,815,717,815,9630806627,2298.65,2510,2693,0.7592,154.0,0,0.9158,1.0729,495817671_9630806627,171870.0,107520,166126,0.6255891080467796,1.5450706845238096,1.7428624282914997,1.7428624282914997,1.3714312141457499,1.0744084850977722,2298.65,0.013462169730572123,2026-09-15,9,1,0.8905342851504879,0.611470804773982,1.3645373775654965,0.01166583074324878,0.004985301678252362,0.02582778148173244,3.776660587335357,3.4121420914444243,4.0,9,1,0.13258216489586677,0.10008353934421485,0.17497238685459635,17.37,0.9142105263157895,0.011860174781523096,3.852059925093633,0.6493466649766991,0.4458632693108569,0.9949732538466777,0.2041777867614432,0.10058917559570643,0.2041777867614432,0.8685,1.337498206803241,114.65091824491579,1.437019422192457,0.17732840780231343,0.4458632693108569,0.9949732538466777,0.6493466649766991,33.79646780481335,390.7299326156586,0.872887785317125,1.947906588812275,0.9378380430829216,2.0928473671977654,0.08736169900487104,0.34082986521427855
495817671,9630806627,24,重点词,1575,770,1575,9630806627,33.9,202,144,0.5,508.0,0,0.1678,0.7129,495817671_9630806627,171870.0,107520,166126,0.6255891080467796,1.5450706845238096,7.887408182112216,2.7815627886031566,1.8907813943015783,0.7445741213151928,33.9,0.00019853720830330629,2026-09-15,9,1,0.8905342851504879,0.611470804773982,1.3645373775654965,0.01166583074324878,0.004985301678252362,0.02582778148173244,3.776660587335357,3.4121420914444243,4.0,9,1,0.13258216489586677,0.10008353934421485,0.17497238685459635,17.37,0.9142105263157895,0.011860174781523096,3.852059925093633,0.4709874382275883,0.32339582281528034,0.7216790802352553,0.2814983036379859,0.1386815027416193,0.2814983036379859,0.8685,1.843998224811099,158.06831638443347,1.3729933579454996,0.24448127670959074,0.32339582281528034,0.7216790802352553,0.4709874382275883,46.59492350716045,538.6962752241118,1.2034435025009782,2.685563444943061,0.8960528884271439,1.9996010422546822,0.12044488513109637,0.46989944601113975
495817671,9630806627,28,重点词,1785,786,1785,9630806627,44.38,65,68,0.902,142.0,0,0.6828,1.0462,495817671_9630806627,171870.0,107520,166126,0.6255891080467796,1.5450706845238096,2.1350508148768657,2.1350508148768657,1.5675254074384328,1.1008296640574038,44.38,0.00025991390278763227,2026-09-15,9,1,0.8905342851504879,0.611470804773982,1.3645373775654965,0.01166583074324878,0.004985301678252362,0.02582778148173244,3.776660587335357,3.4121420914444243,4.0,9,1,0.13258216489586677,0.10008353934421485,0.17497238685459635,17.37,0.9142105263157895,0.011860174781523096,3.852059925093633,0.5681147373590275,0.39008669452651185,0.8705041532917488,0.23337216265889568,0.11497192628634355,0.23337216265889568,0.8685,1.52874048653862,131.04428824525237,1.6828828762272612,0.2026837232692509,0.39008669452651185,0.8705041532917488,0.5681147373590275,38.6288582462509,446.59848084561673,0.9976977096729864,2.2264281560646086,1.0982952345701549,2.4509181590885483,0.09985311797968938,0.3895634486269023
495817671,9630806627,30,重点词,1844,791,1844,9630806627,8.64,13,68,0.6364,329.0,0,0.6646,5.2308,495817671_9630806627,171870.0,107520,166126,0.6255891080467796,1.5450706845238096,1.726970835115483,1.726970835115483,1.3634854175577416,3.826693594104308,8.64,5.060063362066568e-05,2026-09-15,9,1,0.8905342851504879,0.611470804773982,1.3645373775654965,0.01166583074324878,0.004985301678252362,0.02582778148173244,3.776660587335357,3.4121420914444243,4.0,9,1,0.13258216489586677,0.10008353934421485,0.17497238685459635,17.37,0.9142105263157895,0.011860174781523096,3.852059925093633,0.6531307732983328,0.4484615654117086,1.0007715227417975,0.20299482173580996,0.10000638214606428,0.20299482173580996,0.8685,1.3297490112340677,113.98665388691813,5.088542023055945,0.17630100267755097,0.4484615654117086,1.0007715227417975,0.6531307732983328,33.60065786859465,388.4661219823676,0.8678304490725163,1.9366208098628843,3.320921220234463,7.410854447311396,0.08685554289385683,0.33885516553399025
495817671,9630806627,34,重点词,2019,800,2019,9630806627,901.8,964,1186,0.7208,166.0,0,0.9355,1.2303,495817671_9630806627,171870.0,107520,166126,0.6255891080467796,1.5450706845238096,1.7024680111696935,1.7024680111696935,1.3512340055848466,1.232881240201842,901.8,0.005281441134156979,2026-09-15,9,1,0.8905342851504879,0.611470804773982,1.3645373775654965,0.01166583074324878,0.004985301678252362,0.02582778148173244,3.776660587335357,3.4121420914444243,4.0,9,1,0.13258216489586677,0.10008353934421485,0.17497238685459635,17.37,0.9142105263157895,0.011860174781523096,3.852059925093633,0.6590526004154574,0.4525276911672473,1.0098453501952032,0.20117083949337103,0.09910778845975643,0.20117083949337103,0.8685,1.3178007331319381,112.9624423785312,1.6246918022026007,0.17471687409999273,0.4525276911672473,1.0098453501952032,0.6590526004154574,33.29874374702979,384.97561270618957,0.8600326771144898,1.9192195681103983,1.0603181535750226,2.3661698013515915,0.08607511427729847,0.3358104287303239
495817671,9630806627,35,重点词,2128,807,2128,9630806627,32.54,38,55,0.8571,125.0,0,0.8563,1.4474,495817671_9630806627,171870.0,107520,166126,0.6255891080467796,1.5450706845238096,1.6946489048205489,1.6946489048205489,1.3473244524102745,1.464360119047619,32.54,0.0001905722937519052,2026-09-15,9,1,0.8905342851504879,0.611470804773982,1.3645373775654965,0.01166583074324878,0.004985301678252362,0.02582778148173244,3.776660587335357,3.4121420914444243,4.0,9,1,0.13258216489586677,0.10008353934421485,0.17497238685459635,17.37,0.9142105263157895,0.011860174781523096,3.852059925093633,0.6609649840150833,0.45384079809440186,1.0127756347956345,0.2005887877607163,0.09882103785446068,0.2005887877607163,0.8685,1.3139879131330514,112.63560581774077,1.9241514969026476,0.1742113621701821,0.45384079809440186,1.0127756347956345,0.6609649840150833,33.20239980601928,383.8617548380723,0.8575443268589815,1.9136666506111386,1.2557537125678284,2.802297124306385,0.08582607137659912,0.3348388215014718
495817671,9630806627,45,重点词,2899,856,2899,9630806627,1569.85,1892,1578,0.822,176.0,0,0.8297,0.834,495817671_9630806627,171870.0,107520,166126,0.6255891080467796,1.5450706845238096,1.9217885242866468,1.9217885242866468,1.4608942621433234,0.837031876566416,1569.85,0.009193912579791899,2026-09-15,9,1,0.8905342851504879,0.611470804773982,1.3645373775654965,0.01166583074324878,0.004985301678252362,0.02582778148173244,3.776660587335357,3.4121420914444243,4.0,9,1,0.13258216489586677,0.10008353934421485,0.17497238685459635,17.37,0.9142105263157895,0.011860174781523096,3.852059925093633,0.6095816160191891,0.4185592486870844,0.934042533347719,0.2174969871330457,0.10715094417114347,0.2174969871330457,0.8685,1.4247476911650505,122.12998135512782,1.1925592335695507,0.1888961333250502,0.4185592486870844,0.934042533347719,0.6095816160191891,36.001124509563795,416.2185538130818,0.9298291769296557,2.074975054844128,0.7782966608516357,1.7368202639846826,0.09306059501263811,0.36306333800982404
495817671,9630806627,47,重点词,2987,860,2987,9630806627,442.84,485,133,0.9145,111.0,0,0.9131,0.2742,495817671_9630806627,171870.0,107520,166126,0.6255891080467796,1.5450706845238096,1.7372571573123594,1.7372571573123594,1.3686285786561796,0.29484901719308415,442.84,0.0025935167352518036,2026-09-15,9,1,0.8905342851504879,0.611470804773982,1.3645373775654965,0.01166583074324878,0.004985301678252362,0.02582778148173244,3.776660587335357,3.4121420914444243,4.0,9,1,0.13258216489586677,0.10008353934421485,0.17497238685459635,17.37,0.9142105263157895,0.011860174781523096,3.852059925093633,0.6506763770963194,0.4467762943941804,0.9970107294597779,0.2037605322134519,0.10038361312164043,0.2037605322134519,0.8685,1.3347649162794737,114.4166194123745,0.39355412374881205,0.17696602222738297,0.4467762943941804,0.9970107294597779,0.6506763770963194,33.727401869085114,389.9314430051766,0.8711039654213046,1.9439258772170724,0.25684414807747,0.5731646343936578,0.08718316799614471,0.34013335060508615
495817671,9630806627,49,重点词,3132,872,3132,9630806627,36.2,53,318,0.7111,443.0,0,0.683,6.0,495817671_9630806627,171870.0,107520,166126,0.6255891080467796,1.5450706845238096,2.0962527132689943,2.0962527132689943,1.5481263566344972,5.415746975019515,36.2,0.00021200728438288164,2026-09-15,9,1,0.8905342851504879,0.611470804773982,1.3645373775654965,0.01166583074324878,0.004985301678252362,0.02582778148173244,3.776660587335357,3.4121420914444243,4.0,9,1,0.13258216489586677,0.10008353934421485,0.17497238685459635,17.37,0.9142105263157895,0.011860174781523096,3.852059925093633,0.5752335920993156,0.3949747397255548,0.8814121481219993,0.2304840445983136,0.11354908093502013,0.2304840445983136,0.8685,1.5098214219903403,129.42253794176642,8.17681079896385,0.20017539273363535,0.3949747397255548,0.8814121481219993,0.5752335920993156,38.150803357914754,441.0715614235946,0.9853506124807665,2.198874795394436,5.336409598876338,11.908549521604073,0.09861737679206499,0.3847423713445767
495817671,9630806627,62,重点词,3830,921,3830,9630806627,53.31,116,129,0.7935,134.0,0,0.4596,1.1121,495817671_9630806627,171870.0,107520,166126,0.6255891080467796,1.5450706845238096,3.152765572988198,2.7815627886031566,1.8907813943015783,1.1400045602918587,53.31,0.0003122129373052879,2026-09-15,9,1,0.8905342851504879,0.611470804773982,1.3645373775654965,0.01166583074324878,0.004985301678252362,0.02582778148173244,3.776660587335357,3.4121420914444243,4.0,9,1,0.13258216489586677,0.10008353934421485,0.17497238685459635,17.37,0.9142105263157895,0.011860174781523096,3.852059925093633,0.4709874382275883,0.32339582281528034,0.7216790802352553,0.2814983036379859,0.1386815027416193,0.2814983036379859,0.8685,1.843998224811099,158.06831638443347,2.102166385454745,0.24448127670959074,0.32339582281528034,0.7216790802352553,0.4709874382275883,46.59492350716045,538.6962752241118,1.2034435025009782,2.685563444943061,1.371931080904722,3.0615545741882038,0.12044488513109637,0.46989944601113975
495817671,9630806627,77,重点词,4721,976,4721,9630806627,18.53,32,59,0.72,191.0,0,0.5791,1.8438,495817671_9630806627,171870.0,107520,166126,0.6255891080467796,1.5450706845238096,2.22684414119164,2.22684414119164,1.61342207059582,1.7840141369047617,18.53,0.00010852196076283969,2026-09-15,9,1,0.8905342851504879,0.611470804773982,1.3645373775654965,0.01166583074324878,0.004985301678252362,0.02582778148173244,3.776660587335357,3.4121420914444243,4.0,9,1,0.13258216489586677,0.10008353934421485,0.17497238685459635,17.37,0.9142105263157895,0.011860174781523096,3.852059925093633,0.5519537022458252,0.37898998403323697,0.845741112901466,0.24020522800446453,0.11833826902521077,0.24020522800446453,0.8685,1.5735015391077016,134.88122481275622,2.8071489902095403,0.20861824052187747,0.37898998403323697,0.845741112901466,0.5519537022458252,39.75989936792552,459.6747473894987,1.0269099926104521,2.2916172896110987,1.832021944145811,4.088277641041573,0.10277678664839557,0.40096974692051474
495817671,9630806627,83,重点词,4887,992,4887,9630806627,167.05,190,239,0.8592,128.0,0,0.8792,1.2579,495817671_9630806627,171870.0,107520,166126,0.6255891080467796,1.5450706845238096,1.7804450212927383,1.7804450212927383,1.3902225106463693,1.2694978054353054,167.05,0.0009783374822143751,2026-09-15,9,1,0.8905342851504879,0.611470804773982,1.3645373775654965,0.01166583074324878,0.004985301678252362,0.02582778148173244,3.776660587335357,3.4121420914444243,4.0,9,1,0.13258216489586677,0.10008353934421485,0.17497238685459635,17.37,0.9142105263157895,0.011860174781523096,3.852059925093633,0.6405696054629726,0.4398366449192979,0.9815244445517354,0.20697542275681785,0.10196744451934994,0.20697542275681785,0.8685,1.3558245545732543,116.22186061270378,1.721216296586047,0.17975815466429632,0.4398366449192979,0.9815244445517354,0.6405696054629726,34.25954567604984,396.0836987686488,0.8848480593844468,1.974596728199748,1.123312669532244,2.5067462130693143,0.08855872556505544,0.34549990260838653
495817671,9630806627,92,重点词,5621,1032,5621,9630806627,200.67,223,215,0.9398,63.0,0,0.8999,0.9641,495817671_9630806627,171870.0,107520,166126,0.6255891080467796,1.5450706845238096,1.7463901053822095,1.7463901053822095,1.3731950526911048,0.9842448721913009,200.67,0.0011752348551688635,2026-09-15,9,1,0.8905342851504879,0.611470804773982,1.3645373775654965,0.01166583074324878,0.004985301678252362,0.02582778148173244,3.776660587335357,3.4121420914444243,4.0,9,1,0.13258216489586677,0.10008353934421485,0.17497238685459635,17.37,0.9142105263157895,0.011860174781523096,3.852059925093633,0.6485125936080768,0.4452905678444285,0.9936952328013114,0.20444038589633265,0.10071854633142481,0.20444038589633265,0.8685,1.3392184030968424,114.79837420681518,1.3181188459922897,0.17755647515096493,0.4452905678444285,0.9936952328013114,0.6485125936080768,33.83993444899945,391.232462023523,0.8740104323049076,1.9504118495126728,0.8602402862378074,1.9196828615439994,0.08747405748884245,0.34126821665872015
495817671,9630806627,94,重点词,5630,1034,5630,9630806627,5131.63,5913,4780,0.9174,91.0,0,0.8679,0.8084,495817671_9630806627,171870.0,107520,166126,0.6255891080467796,1.5450706845238096,1.8405683813649958,1.8405683813649958,1.420284190682498,0.809383645579495,5131.63,0.03005367239662229,2026-09-15,9,1,0.8905342851504879,0.611470804773982,1.3645373775654965,0.01166583074324878,0.004985301678252362,0.02582778148173244,3.776660587335357,3.4121420914444243,4.0,9,1,0.13258216489586677,0.10008353934421485,0.17497238685459635,17.37,0.9142105263157895,0.011860174781523096,3.852059925093633,0.6270113340644551,0.43052707957000363,0.9607495362669545,0.21145098611923605,0.10417235248751197,0.21145098611923605,0.8685,1.3851424253691729,118.73500103460518,1.1211116258921248,0.18364518144455652,0.43052707957000363,0.9607495362669545,0.6270113340644551,35.00036197877083,404.6484726294702,0.9039817009692296,2.017294709701953,0.731668004667628,1.6327653463467957,0.09047368813540416,0.35297087034570074
495817671,9630806627,50,潜力词,3443,894,3443,9630806627,7.46,22,21,1.0,105.0,0,0.3391,0.9545,495817671_9630806627,171870.0,107520,166126,0.6255891080467796,1.5450706845238096,2.7852353530007363,2.7815627886031566,1.8907813943015783,1.1120188492063492,7.46,4.36898989363618e-05,2026-09-15,9,1,0.8905342851504879,0.611470804773982,1.3645373775654965,0.01166583074324878,0.004985301678252362,0.02582778148173244,3.776660587335357,3.4121420914444243,4.0,9,1,0.13258216489586677,0.10008353934421485,0.17497238685459635,17.37,0.9142105263157895,0.011860174781523096,3.852059925093633,0.4709874382275883,0.32339582281528034,0.7216790802352553,0.2814983036379859,0.1386815027416193,0.2814983036379859,0.8685,1.843998224811099,158.06831638443347,2.050560783892989,0.24448127670959074,0.32339582281528034,0.7216790802352553,0.4709874382275883,46.59492350716045,538.6962752241118,1.2034435025009782,2.685563444943061,1.338251858735996,2.986397171516222,0.12044488513109637,0.46989944601113975
495817671,9630806627,52,潜力词,3678,912,3678,9630806627,3.98,11,11,0.75,127.0,0,0.3618,1.0,495817671_9630806627,171870.0,107520,166126,0.6255891080467796,1.5450706845238096,2.1298526859871854,2.1298526859871854,1.5649263429935927,1.2295034461152883,3.98,2.3309088172482567e-05,2026-09-15,9,1,0.8905342851504879,0.611470804773982,1.3645373775654965,0.01166583074324878,0.004985301678252362,0.02582778148173244,3.776660587335357,3.4121420914444243,4.0,9,1,0.13258216489586677,0.10008353934421485,0.17497238685459635,17.37,0.9142105263157895,0.011860174781523096,3.852059925093633,0.5690582749389721,0.39073455917693983,0.8719499059331021,0.23298521563557859,0.11478129496110466,0.23298521563557859,0.8685,1.5262057301480085,130.82700784350487,1.8764752046978763,0.2023476597795,0.39073455917693983,0.8719499059331021,0.5690582749389721,38.56480895458636,445.85798998838567,0.9960434585638149,2.222736585751324,1.2246388647848008,2.732862291987783,0.09968755467371941,0.38891752575794536
495817671,9630806627,54,潜力词,3774,916,3774,9630806627,2.56,9,9,0.875,68.0,0,0.2844,1.0,495817671_9630806627,171870.0,107520,166126,0.6255891080467796,1.5450706845238096,2.113600728073715,2.113600728073715,1.5568003640368575,1.2565038515406162,2.56,1.4992780332049089e-05,2026-09-15,9,1,0.8905342851504879,0.611470804773982,1.3645373775654965,0.01166583074324878,0.004985301678252362,0.02582778148173244,3.776660587335357,3.4121420914444243,4.0,9,1,0.13258216489586677,0.10008353934421485,0.17497238685459635,17.37,0.9142105263157895,0.011860174781523096,3.852059925093633,0.5720285694443763,0.3927740633284598,0.8765011937864571,0.23177542517613534,0.11418528583156534,0.23177542517613534,0.39082499999999865,0.683226364689469,58.56645615100013,0.8584765587064114,0.09058363054446278,0.3927740633284598,0.8765011937864571,0.5720285694443763,17.26405143586421,199.5942798864847,0.44589214797488996,0.995037698487664,0.5602652013021676,1.25026870057786,0.04462646433512137,0.17410412111469073
495817671,9630806627,55,潜力词,3784,917,3784,9630806627,6.91,15,11,1.0,58.0,0,0.4607,0.7333,495817671_9630806627,171870.0,107520,166126,0.6255891080467796,1.5450706845238096,2.1401068506059735,2.1401068506059735,1.5700534253029867,1.0156767598343686,6.91,4.046879378689812e-05,2026-09-15,9,1,0.8905342851504879,0.611470804773982,1.3645373775654965,0.01166583074324878,0.004985301678252362,0.02582778148173244,3.776660587335357,3.4121420914444243,4.0,9,1,0.13258216489586677,0.10008353934421485,0.17497238685459635,17.37,0.9142105263157895,0.011860174781523096,3.852059925093633,0.5671999887383665,0.38945859734421534,0.8691025130575859,0.2337485323135703,0.11515734661968859,0.2337485323135703,0.8685,1.5312059542381529,131.25562919077052,1.5552103022396995,0.20301060031433582,0.38945859734421534,0.8691025130575859,0.5671999887383665,38.69115672209725,447.3187300565723,0.9993067410937909,2.2300188156647454,1.014972632874784,2.2649782850640445,0.10001415553919954,0.3901917149075206
500635396,9657930100,2,黄金词,3587,1126,3587,9657930100,7.03,6,11,0.3333,77.0,0,1.1717,1.8333,500635396_9657930100,808153.2999999999,358634,812358,0.44376976496909687,2.2651449667348884,1.43012091092882,1.43012091092882,1.21506045546441,2.080082838134222,7.03,8.699457789896685e-06,2026-09-15,9,1,1.538953583542397,1.056697312983804,2.3580896570726657,0.029592441548282927,0.012800256781573517,0.06388569825693782,3.2817423504602767,2.917223854569344,3.586504505330751,9,1,0.13258216489586677,0.10008353934421485,0.17497238685459635,304.31,1.5064851485148516,0.027135948414830736,3.315690488984417,1.2665654425846584,0.8696664501190784,1.940717967133065,0.10467849543195228,0.051570367791288985,0.10467849543195228,15.2155,12.013196861703403,405.95490717123533,24.988444623157143,1.5927356472448697,0.8696664501190784,1.940717967133065,1.2665654425846584,122.72135898793135,1366.831031614098,7.840139709984327,17.495788181683483,16.308140059313015,36.39268873635136,0.7846689311283576,3.0612798180515974
500635396,9657930100,2,重点词,797,1107,797,9657930100,8332.06,3712,9168,0.6722,213.0,0,2.2446,2.4698,500635396_9657930100,808153.2999999999,358634,812358,0.44376976496909687,2.2651449667348884,1.0039133552522785,1.0039133552522785,1.0019566776261393,2.4693874085306127,8332.06,0.010310726070111888,2026-09-15,9,1,1.538953583542397,1.056697312983804,2.3580896570726657,0.029592441548282927,0.012800256781573517,0.06388569825693782,3.2817423504602767,2.917223854569344,3.586504505330751,9,1,0.13258216489586677,0.10008353934421485,0.17497238685459635,304.31,1.5064851485148516,0.027135948414830736,3.315690488984417,1.535948228009742,1.0546337347512444,2.353484646321746,0.08631942306262802,0.042525681865244,0.08631942306262802,8.388183661900882,5.461241146630418,184.54851512403516,13.48592012243844,0.7240631742386466,1.0546337347512444,2.353484646321746,1.535948228009742,55.78955735020405,621.3661489339629,3.5641548267632635,7.953646261732179,8.80127905126281,19.64063393062802,0.35671322983323434,1.391668470612417
500635396,9657930100,5,重点词,1934,1113,1934,9657930100,4656.78,2449,5135,0.6731,189.0,0,1.9015,2.0968,500635396_9657930100,808153.2999999999,358634,812358,0.44376976496909687,2.2651449667348884,1.1847539112791299,1.1847539112791299,1.092376955639565,2.097322409334098,4656.78,0.00576265448745876,2026-09-15,9,1,1.538953583542397,1.056697312983804,2.3580896570726657,0.029592441548282927,0.012800256781573517,0.06388569825693782,3.2817423504602767,2.917223854569344,3.586504505330751,9,1,0.13258216489586677,0.10008353934421485,0.17497238685459635,304.31,1.5064851485148516,0.027135948414830736,3.315690488984417,1.4088118351429066,0.9673376095389422,2.158677592838867,0.09410920719758004,0.04636335674962719,0.09410920719758004,15.2155,10.800235787667539,364.9660258700152,22.65157654356723,1.4319186421147791,0.9673376095389422,2.158677592838867,1.4088118351429066,110.33029996186332,1228.8234009044565,7.048528251961039,15.729255070783504,14.783036255662383,32.98931914208623,0.7054416546239526,2.7521853031797523
500635396,9657930100,9,重点词,2818,1118,2818,9657930100,13968.87,6980,12860,0.6439,136.0,0,2.0013,1.8424,500635396_9657930100,808153.2999999999,358634,812358,0.44376976496909687,2.2651449667348884,1.1259222796719657,1.1259222796719657,1.0629611398359828,1.8428908356802918,13968.87,0.017286144372340558,2026-09-15,9,1,1.538953583542397,1.056697312983804,2.3580896570726657,0.029592441548282927,0.012800256781573517,0.06388569825693782,3.2817423504602767,2.917223854569344,3.586504505330751,9,1,0.13258216489586677,0.10008353934421485,0.17497238685459635,304.31,1.5064851485148516,0.027135948414830736,3.315690488984417,1.4477985373763154,0.9941071911122307,2.21841567739393,0.09157500955632315,0.04511487200711967,0.09157500955632315,15.2155,10.509404179654279,355.1381241222415,19.367684651145026,1.393359557904235,0.9941071911122307,2.21841567739393,1.4477985373763154,107.35929644107594,1195.733319106664,6.858723617511716,15.305693526848486,12.63987889917632,28.20672233436024,0.6864453350243295,2.6780737288576244
500635396,9657930100,10,重点词,2832,1119,2832,9657930100,164553.1,74970,173306,0.5672,212.0,0,2.1949,2.3117,500635396_9657930100,808153.2999999999,358634,812358,0.44376976496909687,2.2651449667348884,1.0266518186990117,1.0266518186990117,1.013325909349506,2.311666370931925,164553.1,0.20363054731815766,2026-09-15,9,1,1.538953583542397,1.056697312983804,2.3580896570726657,0.029592441548282927,0.012800256781573517,0.06388569825693782,3.2817423504602767,2.917223854569344,3.586504505330751,9,1,0.13258216489586677,0.10008353934421485,0.17497238685459635,304.31,1.5064851485148516,0.027135948414830736,3.315690488984417,1.5187153208490567,1.0428010408439472,2.3270792104648907,0.08729889208054151,0.04300822202103757,0.08729889208054151,74.36017422526626,48.96254959994364,1654.562686896129,113.1850793452761,6.491560824781784,1.0428010408439472,2.3270792104648907,1.5187153208490567,500.179152609597,5570.834553913905,31.95429441802757,71.30811277776054,73.86766781301206,164.84056628297014,3.1980988826032872,12.476950694821502
500635396,9657930100,13,重点词,3366,1123,3366,9657930100,513.5,239,700,0.5176,236.0,0,2.1485,2.9289,500635396_9657930100,808153.2999999999,358634,812358,0.44376976496909687,2.2651449667348884,1.0480626602480694,1.0480626602480694,1.0240313301240347,2.9073731163314944,513.5,0.0006354440362890396,2026-09-15,9,1,1.538953583542397,1.056697312983804,2.3580896570726657,0.029592441548282927,0.012800256781573517,0.06388569825693782,3.2817423504602767,2.917223854569344,3.586504505330751,9,1,0.13258216489586677,0.10008353934421485,0.17497238685459635,304.31,1.5064851485148516,0.027135948414830736,3.315690488984417,1.502838378349218,1.0318993978981217,2.302751476155563,0.0882211732185737,0.04346258829081461,0.0882211732185737,15.2155,10.124508542770485,342.13157188302193,29.435723953319464,1.3423292611072082,1.0318993978981217,2.302751476155563,1.502838378349218,103.42737755464833,1151.9408709779946,6.607530233962647,14.745138945707778,19.21055576757055,42.86962056732331,0.6613050121388897,2.579992155833156
500635396,9657930100,14,重点词,3408,1124,3408,9657930100,12956.21,6733,12890,0.5714,229.0,0,1.9243,1.9145,500635396_9657930100,808153.2999999999,358634,812358,0.44376976496909687,2.2651449667348884,1.170936887404789,1.170936887404789,1.0854684437023945,1.9148674024230647,12956.21,0.016033001708682406,2026-09-15,9,1,1.538953583542397,1.056697312983804,2.3580896570726657,0.029592441548282927,0.012800256781573517,0.06388569825693782,3.2817423504602767,2.917223854569344,3.586504505330751,9,1,0.13258216489586677,0.10008353934421485,0.17497238685459635,304.31,1.5064851485148516,0.027135948414830736,3.315690488984417,1.4177782804014298,0.9734942725553072,2.172416591890523,0.09351403299698416,0.046070141296940745,0.09351403299698416,15.2155,10.731931932045033,362.65787378627914,20.550226621696215,1.4228627690656126,0.9734942725553072,2.172416591890523,1.4177782804014298,109.63253881779755,1221.0519616682157,7.003951294055837,15.629778652997222,13.411638021146365,29.92895364971226,0.700980234903602,2.734779676923942
500635396,9657930100,16,重点词,4196,1129,4196,9657930100,657.56,352,563,0.659,152.0,0,1.8681,1.5994,500635396_9657930100,808153.2999999999,358634,812358,0.44376976496909687,2.2651449667348884,1.2037861042242304,1.2037861042242304,1.101893052112115,1.61422544370522,657.56,0.0008137148597901087,2026-09-15,9,1,1.538953583542397,1.056697312983804,2.3580896570726657,0.029592441548282927,0.012800256781573517,0.06388569825693782,3.2817423504602767,2.917223854569344,3.586504505330751,9,1,0.13258216489586677,0.10008353934421485,0.17497238685459635,304.31,1.5064851485148516,0.027135948414830736,3.315690488984417,1.3966451468157657,0.9589835519502735,2.1400349630598594,0.09492902703177183,0.04676724496178962,0.09492902703177183,15.2155,10.894320604406975,368.14537883370787,17.58588951151577,1.4443926108019245,0.9589835519502735,2.1400349630598594,1.3966451468157657,111.29142768692391,1239.528132426267,7.109930567790637,15.866278383040479,11.477030825505148,25.611750262814056,0.71158701571611,2.776160599180078
500635396,9657930100,18,重点词,4536,1132,4536,9657930100,48121.97,23315,52173,0.575,196.0,0,2.064,2.2377,500635396_9657930100,808153.2999999999,358634,812358,0.44376976496909687,2.2651449667348884,1.0917625641345226,1.0917625641345226,1.0458812820672612,2.2377533404679446,48121.97,0.059549793283310754,2026-09-15,9,1,1.538953583542397,1.056697312983804,2.3580896570726657,0.029592441548282927,0.012800256781573517,0.06388569825693782,3.2817423504602767,2.917223854569344,3.586504505330751,9,1,0.13258216489586677,0.10008353934421485,0.17497238685459635,304.31,1.5064851485148516,0.027135948414830736,3.315690488984417,1.4714419408104735,1.0103415474604958,2.2546437129190497,0.09010356522992692,0.04438995783268938,0.09010356522992692,21.745917112853157,14.778644341804922,499.40604994326463,33.070960743461654,1.9593846610625487,1.0103415474604958,2.2546437129190497,1.4714419408104735,150.9719135134889,1681.4766230928842,9.644946111995266,21.523332547802028,21.58301038075072,48.16390930684643,0.9653003436727102,3.765988868954141
500635396,9657930100,21,重点词,5331,1136,5331,9657930100,4160.45,2130,3953,0.7037,152.0,0,1.9533,1.8559,500635396_9657930100,808153.2999999999,358634,812358,0.44376976496909687,2.2651449667348884,1.153372839167986,1.153372839167986,1.076686419583993,1.8573999811664543,4160.45,0.005148457917777477,2026-09-15,9,1,1.538953583542397,1.056697312983804,2.3580896570726657,0.029592441548282927,0.012800256781573517,0.06388569825693782,3.2817423504602767,2.917223854569344,3.586504505330751,9,1,0.13258216489586677,0.10008353934421485,0.17497238685459635,304.31,1.5064851485148516,0.027135948414830736,3.315690488984417,1.4293424302101012,0.9814346069230517,2.190135971050678,0.09275745412271734,0.045697409049996834,0.09275745412271734,15.2155,10.645104824715412,359.7237763348082,19.772217500941338,1.4113510432042058,0.9814346069230517,2.190135971050678,1.4293424302101012,108.74555255334613,1211.1729938922238,6.947285557207045,15.503325328727637,12.903888063114346,28.795876173596128,0.6953089274002269,2.7126538369507944
500635396,9657930100,23,重点词,5553,1138,5553,9657930100,71798.68,51724,100920,0.5765,187.0,0,1.3881,1.9511,500635396_9657930100,808153.2999999999,358634,812358,0.44376976496909687,2.2651449667348884,1.6233015907535366,1.6233015907535366,1.3116507953767682,1.9511737640093922,71798.68,0.0888491587525319,2026-09-15,9,1,1.538953583542397,1.056697312983804,2.3580896570726657,0.029592441548282927,0.012800256781573517,0.06388569825693782,3.2817423504602767,2.917223854569344,3.586504505330751,9,1,0.13258216489586677,0.10008353934421485,0.17497238685459635,304.31,1.5064851485148516,0.027135948414830736,3.315690488984417,1.1732952009534952,0.8056239638693395,1.7978029406792764,0.11299983566635402,0.05566991636269078,0.11299983566635402,32.44522499997958,27.653079100308688,934.4642636258998,53.95596243459876,3.6663050931555734,0.8056239638693395,1.7978029406792764,1.1732952009534952,282.4912874115215,3146.2971155058353,18.04715314778636,40.273410989598766,35.21313173702026,78.58042291007264,1.8062229621175472,7.046734847626227
500635396,9657930100,24,重点词,5573,1139,5573,9657930100,10656.71,10553,10503,0.5927,209.0,0,1.0098,0.9953,500635396_9657930100,808153.2999999999,358634,812358,0.44376976496909687,2.2651449667348884,2.230559989151984,2.230559989151984,1.615279994575992,0.996223952252048,10656.71,0.013187425152797994,2026-09-15,9,1,1.538953583542397,1.056697312983804,2.3580896570726657,0.029592441548282927,0.012800256781573517,0.06388569825693782,3.2817423504602767,2.917223854569344,3.586504505330751,9,1,0.13258216489586677,0.10008353934421485,0.17497238685459635,304.31,1.5064851485148516,0.027135948414830736,3.315690488984417,0.9527472566428767,0.6541883243351783,1.4598643362085717,0.13915775035977168,0.06855673973387337,0.13915775035977168,15.2155,15.970132575992613,539.6693121767529,15.90982859284454,2.117354750599106,0.6541883243351783,1.4598643362085717,0.9527472566428767,163.14361576734763,1817.0411286145143,10.422543809458574,23.258593028945935,10.383187786378937,23.17076747111845,1.0431250734207502,4.069611537154346
500635396,9657930100,25,重点词,5867,1140,5867,9657930100,24613.57,15146,13988,0.5599,213.0,0,1.6251,0.9235,500635396_9657930100,808153.2999999999,358634,812358,0.44376976496909687,2.2651449667348884,1.3865195275620263,1.3865195275620263,1.1932597637810132,0.9242524191456961,24613.57,0.030458707435799055,2026-09-15,9,1,1.538953583542397,1.056697312983804,2.3580896570726657,0.029592441548282927,0.012800256781573517,0.06388569825693782,3.2817423504602767,2.917223854569344,3.586504505330751,9,1,0.13258216489586677,0.10008353934421485,0.17497238685459635,304.31,1.5064851485148516,0.027135948414830736,3.315690488984417,1.2897054189324242,0.8855551364905729,1.9761746173362316,0.10280034723403267,0.05064508898465746,0.10280034723403267,15.2155,11.79765532240292,398.6712385037208,10.904011471977995,1.564158683339424,0.8855551364905729,1.9761746173362316,1.2897054189324242,120.51948458881697,1342.3072626365872,7.699471426522829,17.18187764151936,7.116255092106888,15.880391975639617,0.7705903514460556,3.006354141580265
500635396,9657930100,26,重点词,5874,1141,5874,9657930100,18.64,22,61,0.6,100.0,0,0.8473,2.7727,500635396_9657930100,808153.2999999999,358634,812358,0.44376976496909687,2.2651449667348884,2.1586238452568636,2.1586238452568636,1.5793119226284318,2.637371991129304,18.64,2.3066556643481396e-05,2026-09-15,9,1,1.538953583542397,1.056697312983804,2.3580896570726657,0.029592441548282927,0.012800256781573517,0.06388569825693782,3.2817423504602767,2.917223854569344,3.586504505330751,9,1,0.13258216489586677,0.10008353934421485,0.17497238685459635,304.31,1.5064851485148516,0.027135948414830736,3.315690488984417,0.9744456186850874,0.6690871498172154,1.4931120466361847,0.13605907025860772,0.06703015997338709,0.13605907025860772,15.2155,15.614519382345552,527.652284346628,41.1812960739438,2.0702067835198457,0.6690871498172154,1.4931120466361847,0.9744456186850874,159.51083301178247,1776.5803625150502,10.190460946503531,22.74068483329361,26.87603627700543,59.97564523842753,1.019897399075071,3.978991903989501
500635396,9657930100,30,重点词,6434,1147,6434,9657930100,89.74,49,76,0.7619,68.0,0,1.8314,1.551,500635396_9657930100,808153.2999999999,358634,812358,0.44376976496909687,2.2651449667348884,1.2114275779650283,1.2114275779650283,1.1057137889825142,1.6512484163838441,89.74,0.00011105111551427148,2026-09-15,9,1,1.538953583542397,1.056697312983804,2.3580896570726657,0.029592441548282927,0.012800256781573517,0.06388569825693782,3.2817423504602767,2.917223854569344,3.586504505330751,9,1,0.13258216489586677,0.10008353934421485,0.17497238685459635,304.31,1.5064851485148516,0.027135948414830736,3.315690488984417,1.3918191116695338,0.9556698338330252,2.1326401828113193,0.09525818677459459,0.04692940710339674,0.09525818677459459,15.2155,10.932095896965015,369.4218971127558,18.051606037619802,1.4494009408688442,0.9556698338330252,2.1326401828113193,1.3918191116695338,111.67732290634449,1243.8261092838031,7.134583753337334,15.921293590458204,11.780970124256175,26.290010828026357,0.7140543937817331,2.785786741335258
500635396,9657930100,31,重点词,6660,1149,6660,9657930100,4349.38,2727,5333,0.7072,181.0,0,1.5949,1.9556,500635396_9657930100,808153.2999999999,358634,812358,0.44376976496909687,2.2651449667348884,1.4120993992157715,1.4120993992157715,1.2060496996078858,1.9565342448752756,4349.38,0.005382254299035682,2026-09-15,9,1,1.538953583542397,1.056697312983804,2.3580896570726657,0.029592441548282927,0.012800256781573517,0.06388569825693782,3.2817423504602767,2.917223854569344,3.586504505330751,9,1,0.13258216489586677,0.10008353934421485,0.17497238685459635,304.31,1.5064851485148516,0.027135948414830736,3.315690488984417,1.2760283295479,0.8761639867141133,1.955217648028381,0.10390221112319736,0.05118792756660004,0.10390221112319736,15.2155,11.924108303607092,402.9443898419722,23.329926235608905,1.5809240933450097,0.8761639867141133,1.955217648028381,1.2760283295479,121.81127077030561,1356.694761712788,7.781998088725895,17.36604132413938,15.225745754146157,33.97725454859788,0.7788499118896028,3.0385777007002224
500635396,9657930100,2,潜力词,6133,1144,6133,9657930100,2.08,2,2,1.0,120.0,0,1.04,1.0,500635396_9657930100,808153.2999999999,358634,812358,0.44376976496909687,2.2651449667348884,1.2393334827717255,1.2393334827717255,1.1196667413858628,2.012115973387911,2.08,2.5739505267404132e-06,2026-09-15,9,1,1.538953583542397,1.056697312983804,2.3580896570726657,0.029592441548282927,0.012800256781573517,0.06388569825693782,3.2817423504602767,2.917223854569344,3.586504505330751,9,1,0.13258216489586677,0.10008353934421485,0.17497238685459635,304.31,1.5064851485148516,0.027135948414830736,3.315690488984417,1.3744746777398815,0.9437605618935161,2.106063858031498,0.09646024553459097,0.04752160717375456,0.09646024553459097,15.2155,11.070047521733626,374.0836153607594,22.274219444643485,1.4676908659315688,0.9437605618935161,2.106063858031498,1.3744746777398815,113.08657400420725,1259.5218948241547,7.224614743743653,16.122203675763213,14.536762727460413,32.439743542216455,0.7230650139522626,2.820940458504236
500635396,9657930100,3,潜力词,6452,1148,6452,9657930100,5.59,5,4,1.0,33.0,0,1.118,0.8,500635396_9657930100,808153.2999999999,358634,812358,0.44376976496909687,2.2651449667348884,1.4159050394332047,1.4159050394332047,1.2079525197166023,1.7016276718368544,5.59,6.9174920406148606e-06,2026-09-15,9,1,1.538953583542397,1.056697312983804,2.3580896570726657,0.029592441548282927,0.012800256781573517,0.06388569825693782,3.2817423504602767,2.917223854569344,3.586504505330751,9,1,0.13258216489586677,0.10008353934421485,0.17497238685459635,304.31,1.5064851485148516,0.027135948414830736,3.315690488984417,1.2740182734197623,0.874783814542409,1.9521377029172446,0.10406614069983887,0.051268688266535474,0.10406614069983887,15.2155,11.942921320239819,403.5801270656829,20.322405401090414,1.5834183638183985,0.874783814542409,1.9521377029172446,1.2740182734197623,122.00345599746949,1358.8352589699218,7.794275976157927,17.393440238670948,13.262955682963538,29.597159218563107,0.7800787263194705,3.0433717541730356
525368335,9811363528,83,黄金词,4042,1827,4042,9811363528,1.73,7,20,0.25,350.0,0,0.2471,2.8571,525368335_9811363528,181497.5,100380,138303,0.5530654692213391,1.3777943813508666,2.116111279690801,2.116111279690801,1.5580556398454004,2.068157003387129,1.73,9.698401030788666e-06,2026-09-15,9,1,0.6899819851804504,0.47376484745508013,1.057237463312786,0.002412464274704804,0.00102642142653173,0.005391521575525729,3.9037565597144344,3.5392380638235017,4.0,9,1,0.13258216489586677,0.10008353934421485,0.17497238685459635,15.8,0.6869565217391305,0.0015060240963855422,3.963462545835516,0.44284810345342646,0.304074408730416,0.678562072030811,0.29938519294078947,0.14749356539289515,0.29938519294078947,0.79,1.7839073800687122,739.4544237497553,3.689400541483092,0.2365143024232237,0.304074408730416,0.678562072030811,0.44284810345342646,215.9365520559528,2531.1711453229145,1.1642265793543043,2.598048297778299,2.4078033536210457,5.373171782188198,0.11651991666038719,0.45458671182579
525368335,9811363528,87,黄金词,4255,1856,4255,9811363528,7.61,25,149,0.381,369.0,0,0.3044,5.96,525368335_9811363528,181497.5,100380,138303,0.5530654692213391,1.3777943813508666,3.399017555878599,2.7815627886031566,1.8907813943015783,4.8491622742668765,7.61,4.266175251115708e-05,2026-09-15,9,1,0.6899819851804504,0.47376484745508013,1.057237463312786,0.002412464274704804,0.00102642142653173,0.005391521575525729,3.9037565597144344,3.5392380638235017,4.0,9,1,0.13258216489586677,0.10008353934421485,0.17497238685459635,15.8,0.6869565217391305,0.0015060240963855422,3.963462545835516,0.3649189627420243,0.2505656385676889,0.5591537268660881,0.36331947208124227,0.17899109768105664,0.36331947208124227,0.79,2.1648642045452773,897.3663267242273,10.49777782959173,0.2870223829441814,0.2505656385676889,0.5591537268660881,0.3649189627420243,262.0502147263127,3071.7075725514323,1.4128493865680651,3.152866468506559,6.85113594456696,15.28876113488304,0.14140296716803477,0.5516645714284146
525368335,9811363528,12,重点词,709,1295,709,9811363528,1363.47,2319,263,0.9787,79.0,0,0.588,0.1134,525368335_9811363528,181497.5,100380,138303,0.5530654692213391,1.3777943813508666,3.0630417483637205,2.7815627886031566,1.8907813943015783,0.11775778042578726,1363.47,0.00764362939505747,2026-09-15,9,1,0.6899819851804504,0.47376484745508013,1.057237463312786,0.002412464274704804,0.00102642142653173,0.005391521575525729,3.9037565597144344,3.5392380638235017,4.0,9,1,0.13258216489586677,0.10008353934421485,0.17497238685459635,15.8,0.6869565217391305,0.0015060240963855422,3.963462545835516,0.3649189627420243,0.2505656385676889,0.5591537268660881,0.36331947208124227,0.17899109768105664,0.36331947208124227,0.79,2.1648642045452773,897.3663267242273,0.25492960365048933,0.2870223829441814,0.2505656385676889,0.5591537268660881,0.3649189627420243,262.0502147263127,3071.7075725514323,1.4128493865680651,3.152866468506559,0.16637400783819042,0.37127455731022263,0.14140296716803477,0.5516645714284146
525368335,9811363528,16,重点词,836,1321,836,9811363528,22.95,53,54,0.7895,119.0,0,0.433,1.0189,525368335_9811363528,181497.5,100380,138303,0.5530654692213391,1.3777943813508666,3.3501942216481595,2.7815627886031566,1.8907813943015783,1.06594024673454,22.95,0.00012865797899225427,2026-09-15,9,1,0.6899819851804504,0.47376484745508013,1.057237463312786,0.002412464274704804,0.00102642142653173,0.005391521575525729,3.9037565597144344,3.5392380638235017,4.0,9,1,0.13258216489586677,0.10008353934421485,0.17497238685459635,15.8,0.6869565217391305,0.0015060240963855422,3.963462545835516,0.3649189627420243,0.2505656385676889,0.5591537268660881,0.36331947208124227,0.17899109768105664,0.36331947208124227,0.79,2.1648642045452773,897.3663267242273,2.3076158843397665,0.2870223829441814,0.2505656385676889,0.5591537268660881,0.3649189627420243,262.0502147263127,3071.7075725514323,1.4128493865680651,3.152866468506559,1.5060130237171068,3.360767261360939,0.14140296716803477,0.5516645714284146
525368335,9811363528,22,重点词,954,1336,954,9811363528,22.07,35,90,0.72,249.0,0,0.6306,2.5714,525368335_9811363528,181497.5,100380,138303,0.5530654692213391,1.3777943813508666,2.367860841050936,2.367860841050936,1.683930420525468,2.3493570942048123,22.07,0.00012372468829451207,2026-09-15,9,1,0.6899819851804504,0.47376484745508013,1.057237463312786,0.002412464274704804,0.00102642142653173,0.005391521575525729,3.9037565597144344,3.5392380638235017,4.0,9,1,0.13258216489586677,0.10008353934421485,0.17497238685459635,15.8,0.6869565217391305,0.0015060240963855422,3.963462545835516,0.4097449495360637,0.2813446693998452,0.6278391615390359,0.3235724199797551,0.15940951994596494,0.3235724199797551,0.79,1.9280286453670326,799.1946929879207,4.5296277758231325,0.25562221178400657,0.2813446693998452,0.6278391615390359,0.4097449495360637,233.38199202339203,2735.66359388069,1.2582840453332917,2.8079437285419373,2.9561585484284985,6.596862518777912,0.12593352075731232,0.4913126163363775
525368335,9811363528,42,重点词,1672,1454,1672,9811363528,662.43,3390,507,0.9859,66.0,0,0.1954,0.1496,525368335_9811363528,181497.5,100380,138303,0.5530654692213391,1.3777943813508666,9.153802818302667,2.7815627886031566,1.8907813943015783,0.15244919218681782,662.43,0.003713590632847015,2026-09-15,9,1,0.6899819851804504,0.47376484745508013,1.057237463312786,0.002412464274704804,0.00102642142653173,0.005391521575525729,3.9037565597144344,3.5392380638235017,4.0,9,1,0.13258216489586677,0.10008353934421485,0.17497238685459635,15.8,0.6869565217391305,0.0015060240963855422,3.963462545835516,0.3649189627420243,0.2505656385676889,0.5591537268660881,0.36331947208124227,0.17899109768105664,0.36331947208124227,0.79,2.1648642045452773,897.3663267242273,0.33003179917708547,0.2870223829441814,0.2505656385676889,0.5591537268660881,0.3649189627420243,262.0502147263127,3071.7075725514323,1.4128493865680651,3.152866468506559,0.21538774766394264,0.48065194619672996,0.14140296716803477,0.5516645714284146
525368335,9811363528,45,重点词,1719,1465,1719,9811363528,49.34,66,98,0.7381,114.0,0,0.7476,1.4848,525368335_9811363528,181497.5,100380,138303,0.5530654692213391,1.3777943813508666,2.219422952362902,2.219422952362902,1.609711476181451,1.4732750682541478,49.34,0.0002766006398029554,2026-09-15,9,1,0.6899819851804504,0.47376484745508013,1.057237463312786,0.002412464274704804,0.00102642142653173,0.005391521575525729,3.9037565597144344,3.5392380638235017,4.0,9,1,0.13258216489586677,0.10008353934421485,0.17497238685459635,15.8,0.6869565217391305,0.0015060240963855422,3.963462545835516,0.4286370541491212,0.294316624106416,0.656786932910958,0.30931102108998243,0.15238357270695485,0.30931102108998243,0.79,1.8430511136472165,763.970324025933,2.715321255254486,0.24435570666108616,0.294316624106416,0.656786932910958,0.4286370541491212,223.0957207702871,2615.0896903848275,1.2028253919404666,2.684184090513215,1.772092661408913,3.9545414991575543,0.12038302243849433,0.46965809707423106
525368335,9811363528,48,重点词,1952,1486,1952,9811363528,23556.53,28520,31283,0.6368,210.0,0,0.826,1.0969,525368335_9811363528,181497.5,100380,138303,0.5530654692213391,1.3777943813508666,2.1886734247777966,2.1886734247777966,1.5943367123888983,1.0969581588281971,23556.53,0.1320581935455515,2026-09-15,9,1,0.6899819851804504,0.47376484745508013,1.057237463312786,0.002412464274704804,0.00102642142653173,0.005391521575525729,3.9037565597144344,3.5392380638235017,4.0,9,1,0.13258216489586677,0.10008353934421485,0.17497238685459635,15.8,0.6869565217391305,0.0015060240963855422,3.963462545835516,0.4327705558172875,0.297154825435342,0.6631205661247418,0.30635671284402716,0.15092811844021106,0.30635671284402716,2.5038233496236564,5.785567700869076,2398.1982910719016,6.346525692921227,0.7670630909328247,0.297154825435342,0.6631205661247418,0.4327705558172875,700.3253391797915,8209.093245181808,3.7758191760752204,8.4259891992515,4.141915651455674,9.2429575983172,0.3778973470653652,1.474315441804084
525368335,9811363528,53,重点词,2206,1524,2206,9811363528,32.01,43,63,0.8378,162.0,0,0.7444,1.4651,525368335_9811363528,181497.5,100380,138303,0.5530654692213391,1.3777943813508666,2.1414644565276353,2.1414644565276353,1.5707322282638176,1.4514187264864105,32.01,0.00017944844913037294,2026-09-15,9,1,0.6899819851804504,0.47376484745508013,1.057237463312786,0.002412464274704804,0.00102642142653173,0.005391521575525729,3.9037565597144344,3.5392380638235017,4.0,9,1,0.13258216489586677,0.10008353934421485,0.17497238685459635,15.8,0.6869565217391305,0.0015060240963855422,3.963462545835516,0.4392740995345275,0.30162037738204944,0.6730857394333759,0.30182103847314506,0.14869359649257793,0.30182103847314506,0.79,1.7984215341562724,745.4707425154854,2.6102626927908332,0.2384386203937846,0.30162037738204944,0.6730857394333759,0.4392740995345275,217.69344617763963,2551.765156220379,1.1736989119172931,2.6191864318216846,1.7035285800134832,3.801536235305115,0.11746794122913656,0.4582853015930136
525368335,9811363528,62,重点词,2557,1582,2557,9811363528,126.11,148,160,0.844,71.0,0,0.8521,1.0811,525368335_9811363528,181497.5,100380,138303,0.5530654692213391,1.3777943813508666,2.054553344232366,2.054553344232366,1.527276672116183,1.0962971477615828,126.11,0.0007069741930593981,2026-09-15,9,1,0.6899819851804504,0.47376484745508013,1.057237463312786,0.002412464274704804,0.00102642142653173,0.005391521575525729,3.9037565597144344,3.5392380638235017,4.0,9,1,0.13258216489586677,0.10008353934421485,0.17497238685459635,15.8,0.6869565217391305,0.0015060240963855422,3.963462545835516,0.45177275196930533,0.3102023726969097,0.6922370272623137,0.29347091943445663,0.1445798699038524,0.29347091943445663,0.79,1.7486667723016522,724.8467016223998,1.9170583948597546,0.23184202635322076,0.3102023726969097,0.6922370272623137,0.45177275196930533,211.67078387841315,2481.1685439994144,1.1412275981889082,2.5467245563975345,1.2511245608413017,2.791966867312999,0.11421809722404341,0.44560647429408967
525368335,9811363528,70,重点词,2742,1620,2742,9811363528,2201.88,6284,4228,0.9227,58.0,0,0.3504,0.6728,525368335_9811363528,181497.5,100380,138303,0.5530654692213391,1.3777943813508666,5.145020596980575,2.7815627886031566,1.8907813943015783,0.6737162039178015,2201.88,0.012343766047209798,2026-09-15,9,1,0.6899819851804504,0.47376484745508013,1.057237463312786,0.002412464274704804,0.00102642142653173,0.005391521575525729,3.9037565597144344,3.5392380638235017,4.0,9,1,0.13258216489586677,0.10008353934421485,0.17497238685459635,15.8,0.6869565217391305,0.0015060240963855422,3.963462545835516,0.3649189627420243,0.2505656385676889,0.5591537268660881,0.36331947208124227,0.17899109768105664,0.36331947208124227,0.79,2.1648642045452773,897.3663267242273,1.4585040938837752,0.2870223829441814,0.2505656385676889,0.5591537268660881,0.3649189627420243,262.0502147263127,3071.7075725514323,1.4128493865680651,3.152866468506559,0.9518595254262313,2.1241372286219633,0.14140296716803477,0.5516645714284146
525368335,9811363528,73,重点词,2843,1639,2843,9811363528,4124.08,5431,5542,0.7917,117.0,0,0.7594,1.0204,525368335_9811363528,181497.5,100380,138303,0.5530654692213391,1.3777943813508666,2.3783981017240894,2.3783981017240894,1.6891990508620447,1.0209638453853296,4124.08,0.023119642614482613,2026-09-15,9,1,0.6899819851804504,0.47376484745508013,1.057237463312786,0.002412464274704804,0.00102642142653173,0.005391521575525729,3.9037565597144344,3.5392380638235017,4.0,9,1,0.13258216489586677,0.10008353934421485,0.17497238685459635,15.8,0.6869565217391305,0.0015060240963855422,3.963462545835516,0.40846695055170296,0.2804671522952283,0.6258809243192793,0.32458480353622826,0.15990827560860355,0.32458480353622826,0.79,1.934061002813013,801.6951890612639,1.9746063586417804,0.2564219947936203,0.2804671522952283,0.6258809243192793,0.40846695055170296,234.1121905091474,2744.2228550150603,1.2622209262236581,2.8167291375655354,1.2886819305631383,2.875778611697812,0.1263275377307968,0.4928498203227304
525368335,9811363528,74,重点词,2914,1653,2914,9811363528,4623.04,5627,3428,0.7333,205.0,0,0.8216,0.6092,525368335_9811363528,181497.5,100380,138303,0.5530654692213391,1.3777943813508666,2.1986703711962643,2.1986703711962643,1.5993351855981321,0.6102967799557776,4623.04,0.02591681844010245,2026-09-15,9,1,0.6899819851804504,0.47376484745508013,1.057237463312786,0.002412464274704804,0.00102642142653173,0.005391521575525729,3.9037565597144344,3.5392380638235017,4.0,9,1,0.13258216489586677,0.10008353934421485,0.17497238685459635,15.8,0.6869565217391305,0.0015060240963855422,3.963462545835516,0.43141799879954834,0.2962261142762877,0.6610480860004289,0.3073171848758888,0.15140129963881316,0.3073171848758888,0.79,1.8311707026555033,759.0457284096241,1.1175575833800122,0.24278057605195216,0.2962261142762877,0.6610480860004289,0.43141799879954834,221.6576332242513,2598.2326753666807,1.1950719119085196,2.666881689111222,0.7293485396533642,1.6275893073876038,0.11960702671466238,0.46663065460260805
525368335,9811363528,75,重点词,2919,1655,2919,9811363528,90.58,106,104,0.9079,95.0,0,0.8545,0.9811,525368335_9811363528,181497.5,100380,138303,0.5530654692213391,1.3777943813508666,2.024726739929226,2.024726739929226,1.512363369964613,1.0089680267614645,90.58,0.0005077925811380563,2026-09-15,9,1,0.6899819851804504,0.47376484745508013,1.057237463312786,0.002412464274704804,0.00102642142653173,0.005391521575525729,3.9037565597144344,3.5392380638235017,4.0,9,1,0.13258216489586677,0.10008353934421485,0.17497238685459635,15.8,0.6869565217391305,0.0015060240963855422,3.963462545835516,0.4562276493093025,0.3132612551083973,0.6990631248477829,0.29060528246498674,0.14316809997095395,0.29060528246498674,0.6561766503763522,1.4382658555871368,596.1812038701079,1.4511642622701428,0.1906884008295487,0.3132612551083973,0.6990631248477829,0.4562276493093025,174.09769882970525,2040.7432995905374,0.9386514994897364,2.094662648750789,0.9470693512568491,2.113447639441026,0.0939435642796873,0.36650812330709653
525368335,9811363528,76,重点词,2961,1660,2961,9811363528,3144.54,4114,5321,0.9121,95.0,0,0.7644,1.2934,525368335_9811363528,181497.5,100380,138303,0.5530654692213391,1.3777943813508666,2.362050591688651,2.362050591688651,1.6810252958443255,1.2935522452816126,3144.54,0.01762832946667988,2026-09-15,9,1,0.6899819851804504,0.47376484745508013,1.057237463312786,0.002412464274704804,0.00102642142653173,0.005391521575525729,3.9037565597144344,3.5392380638235017,4.0,9,1,0.13258216489586677,0.10008353934421485,0.17497238685459635,15.8,0.6869565217391305,0.0015060240963855422,3.963462545835516,0.41045306509435625,0.28183088536875534,0.6289241845000132,0.32301419131902054,0.15913450589243916,0.32301419131902054,0.79,1.924702401280381,797.8159185449049,2.4897031126751483,0.25518121114202624,0.28183088536875534,0.6289241845000132,0.41045306509435625,232.97936031314015,2730.9440141824944,1.256113247780478,2.8030994508154854,1.6248481119944158,3.6259555883500263,0.12571625965502697,0.49046500149999367
525368335,9811363528,77,重点词,2978,1664,2978,9811363528,2698.76,4658,6365,0.9164,86.0,0,0.5794,1.3665,525368335_9811363528,181497.5,100380,138303,0.5530654692213391,1.3777943813508666,3.1144329443210412,2.7815627886031566,1.8907813943015783,1.3664857168990157,2698.76,0.01512928136754406,2026-09-15,9,1,0.6899819851804504,0.47376484745508013,1.057237463312786,0.002412464274704804,0.00102642142653173,0.005391521575525729,3.9037565597144344,3.5392380638235017,4.0,9,1,0.13258216489586677,0.10008353934421485,0.17497238685459635,15.8,0.6869565217391305,0.0015060240963855422,3.963462545835516,0.3649189627420243,0.2505656385676889,0.5591537268660881,0.36331947208124227,0.17899109768105664,0.36331947208124227,0.79,2.1648642045452773,897.3663267242273,2.9582560145370707,0.2870223829441814,0.2505656385676889,0.5591537268660881,0.3649189627420243,262.0502147263127,3071.7075725514323,1.4128493865680651,3.152866468506559,1.9306385068747969,4.308346996504053,0.14140296716803477,0.5516645714284146
525368335,9811363528,100,重点词,4091,1834,4091,9811363528,44.79,64,337,0.4,581.0,0,0.6998,5.2656,525368335_9811363528,181497.5,100380,138303,0.5530654692213391,1.3777943813508666,2.3420751004272695,2.3420751004272695,1.6710375502136348,4.833643820150097,44.79,0.00025109328449076556,2026-09-15,9,1,0.6899819851804504,0.47376484745508013,1.057237463312786,0.002412464274704804,0.00102642142653173,0.005391521575525729,3.9037565597144344,3.5392380638235017,4.0,9,1,0.13258216489586677,0.10008353934421485,0.17497238685459635,15.8,0.6869565217391305,0.0015060240963855422,3.963462545835516,0.4129063318129741,0.28351538084497946,0.6326832471105289,0.32109501521502426,0.1581890144891578,0.32109501521502426,0.79,1.9132668577187877,793.0757266666261,9.248050523110413,0.25366506201986916,0.28351538084497946,0.6326832471105289,0.4129063318129741,231.5951226138258,2714.718217811231,1.2486501003589685,2.78644494575748,6.035529841129926,13.468682392249114,0.12496932144643465,0.4875509229981125
525368335,9811363528,103,重点词,4352,1870,4352,9811363528,29.26,39,434,0.2927,677.0,0,0.7503,11.1282,525368335_9811363528,181497.5,100380,138303,0.5530654692213391,1.3777943813508666,2.1054679516871255,2.1054679516871255,1.5527339758435628,9.46856074576185,29.26,0.00016403191569992856,2026-09-15,9,1,0.6899819851804504,0.47376484745508013,1.057237463312786,0.002412464274704804,0.00102642142653173,0.005391521575525729,3.9037565597144344,3.5392380638235017,4.0,9,1,0.13258216489586677,0.10008353934421485,0.17497238685459635,15.8,0.6869565217391305,0.0015060240963855422,3.963462545835516,0.44436587072527983,0.3051165588089197,0.6808876985759357,0.2983626188020929,0.1469897892905655,0.2983626188020929,0.79,1.7778143013336898,736.9287578574518,16.833342706862204,0.23570646885365343,0.3051165588089197,0.6808876985759357,0.44436587072527983,215.19900344320158,2522.525727263331,1.160250070095657,2.5891744554406184,10.985898268975173,24.515755612714354,0.11612193353954674,0.45303403445139473
525368335,9811363528,146,重点词,6554,2211,6554,9811363528,22.07,120,24,0.5714,127.0,0,0.1839,0.2,525368335_9811363528,181497.5,100380,138303,0.5530654692213391,1.3777943813508666,7.468719033619804,2.7815627886031566,1.8907813943015783,0.2736121488344292,22.07,0.00012372468829451207,2026-09-15,9,1,0.6899819851804504,0.47376484745508013,1.057237463312786,0.002412464274704804,0.00102642142653173,0.005391521575525729,3.9037565597144344,3.5392380638235017,4.0,9,1,0.13258216489586677,0.10008353934421485,0.17497238685459635,15.8,0.6869565217391305,0.0015060240963855422,3.963462545835516,0.3649189627420243,0.2505656385676889,0.5591537268660881,0.36331947208124227,0.17899109768105664,0.36331947208124227,0.79,2.1648642045452773,897.3663267242273,0.5923331469403705,0.2870223829441814,0.2505656385676889,0.5591537268660881,0.3649189627420243,262.0502147263127,3071.7075725514323,1.4128493865680651,3.152866468506559,0.38657275663829344,0.8626625694360978,0.14140296716803477,0.5516645714284146
525368335,9811363528,176,潜力词,5309,2031,5309,9811363528,4.65,10,5,1.0,200.0,0,0.465,0.5,525368335_9811363528,181497.5,100380,138303,0.5530654692213391,1.3777943813508666,2.056730294275929,2.056730294275929,1.5283651471379645,0.8901308361559407,4.65,2.6067956527842372e-05,2026-09-15,9,1,0.6899819851804504,0.47376484745508013,1.057237463312786,0.002412464274704804,0.00102642142653173,0.005391521575525729,3.9037565597144344,3.5392380638235017,4.0,9,1,0.13258216489586677,0.10008353934421485,0.17497238685459635,15.8,0.6869565217391305,0.0015060240963855422,3.963462545835516,0.45145100728874854,0.30998145197321336,0.6917440281156515,0.2936800732644441,0.1446829105512452,0.2936800732644441,0.79,1.7499130298644239,725.3632927180023,1.5576515484733953,0.23200725787891088,0.30998145197321336,0.6917440281156515,0.45145100728874854,211.821639558526,2482.936848350735,1.1420409398430271,2.5485395818723595,1.0165658567067901,2.268533668988555,0.11429949933548371,0.4459240536336217
525368335,9811363528,188,潜力词,5624,2082,5624,9811363528,5.22,14,5,1.0,54.0,0,0.3729,0.3571,525368335_9811363528,181497.5,100380,138303,0.5530654692213391,1.3777943813508666,2.5130616608694187,2.5130616608694187,1.7565308304347094,0.7282888659457697,5.22,2.9263383457061755e-05,2026-09-15,9,1,0.6899819851804504,0.47376484745508013,1.057237463312786,0.002412464274704804,0.00102642142653173,0.005391521575525729,3.9037565597144344,3.5392380638235017,4.0,9,1,0.13258216489586677,0.10008353934421485,0.17497238685459635,15.8,0.6869565217391305,0.0015060240963855422,3.963462545835516,0.3928094931357922,0.26971621519323513,0.6018895000272434,0.33752281248975263,0.16628224838560027,0.33752281248975263,0.79,2.011153024061211,833.6509042428416,1.4647003551369446,0.2666430218669046,0.26971621519323513,0.6018895000272434,0.3928094931357922,243.44394475006482,2853.6080741683913,1.312533280551068,2.9290044702503835,0.9559033744086182,2.133161343988742,0.1313629762246242,0.5124949032674921
63563817,1841014603,2,黄金词,4048,38,4048,1841014603,2.81,2,23,0.0,477.0,0,1.405,11.5,63563817_1841014603,4767.6,4023,12090,0.8438207903347595,3.005219985085757,0.9595373977732911,0.9595373977732911,0.9797686988866455,4.704175988068606,2.81,0.0006002875398678513,2026-09-15,9,1,0.9742997046148951,0.6689869603069224,1.4928884671446256,0.03066493421555127,0.013272403119635975,0.06611724289281769,3.574709853396985,3.2101913575060523,3.8794720082674594,9,1,0.13258216489586677,0.10008353934421485,0.17497238685459635,7.99,0.8877777777777778,0.02821316614420063,3.614420062695925,0.9944180761459669,0.6828009111406823,1.523715208335458,0.13332638261133695,0.06568388816801825,0.13332638261133695,0.3995,0.40174249602172246,13.101038899929701,1.8898674031721343,0.05326388985322911,0.6828009111406823,1.523715208335458,0.9944180761459669,3.9655026667461213,44.083201553551866,0.26218810300936957,0.5850900218229033,1.2333789785339344,2.752366431517838,0.026240713323123294,0.10237459764316124
63563817,1841014603,4,黄金词,4675,42,4675,1841014603,1.45,1,3,0.0,42.0,0,1.45,3.0,63563817_1841014603,4767.6,4023,12090,0.8438207903347595,3.005219985085757,0.9721436127127064,0.9721436127127064,0.9860718063563532,3.004639986742895,1.45,0.00030975691559017237,2026-09-15,9,1,0.9742997046148951,0.6689869603069224,1.4928884671446256,0.03066493421555127,0.013272403119635975,0.06611724289281769,3.574709853396985,3.2101913575060523,3.8794720082674594,9,1,0.13258216489586677,0.10008353934421485,0.17497238685459635,7.99,0.8877777777777778,0.02821316614420063,3.614420062695925,0.988061618164546,0.6784363532093113,1.5139754098243792,0.13418410598941746,0.06610644974466562,0.13418410598941746,0.3995,0.40432701023456785,13.185321298668216,1.2148571026709862,0.053606550342772286,0.6784363532093113,1.5139754098243792,0.988061618164546,3.9910137792243168,44.36680028181963,0.2638748274295564,0.5888540584686891,0.7928488579897262,1.7692944504308619,0.026409526672993913,0.10303320011928256
63563817,1841014603,7,黄金词,5801,63,5801,1841014603,0.5,1,2,0.0,32.0,0,0.5,2.0,63563817_1841014603,4767.6,4023,12090,0.8438207903347595,3.005219985085757,1.0800333828151678,1.0800333828151678,1.040016691407584,2.893528875631784,0.5,0.00010681272951385254,2026-09-15,9,1,0.9742997046148951,0.6689869603069224,1.4928884671446256,0.03066493421555127,0.013272403119635975,0.06611724289281769,3.574709853396985,3.2101913575060523,3.8794720082674594,9,1,0.13258216489586677,0.10008353934421485,0.17497238685459635,7.99,0.8877777777777778,0.02821316614420063,3.614420062695925,0.9368116037601802,0.6432463688650027,1.4354466418458285,0.1415248961090017,0.0697229255526477,0.1415248961090017,0.3995,0.4264464684217023,13.906648728613161,1.2339351702893933,0.05653919599554618,0.6432463688650027,1.4354466418458285,0.9368116037601802,4.209349582124587,46.79396828912471,0.27831058874211195,0.6210684107007257,0.805299724919383,1.7970793801052898,0.02785430875828276,0.10866982222029671
63563817,1841014603,1,重点词,9,1,9,1841014603,3424.41,3271,9750,0.6109,196.0,0,1.0469,2.9807,63563817_1841014603,4767.6,4023,12090,0.8438207903347595,3.005219985085757,1.131685203603477,1.131685203603477,1.0658426018017386,2.9807995608053326,3424.41,0.7315411581490635,2026-09-15,9,1,0.9742997046148951,0.6689869603069224,1.4928884671446256,0.03066493421555127,0.013272403119635975,0.06611724289281769,3.574709853396985,3.2101913575060523,3.8794720082674594,9,1,0.13258216489586677,0.10008353934421485,0.17497238685459635,7.99,0.8877777777777778,0.02821316614420063,3.614420062695925,0.9141121803237212,0.6276601809460823,1.400665036864724,0.14503927171051859,0.07145429971482961,0.14503927171051859,7.0140166243332205,7.6730370465573445,250.22186555567686,22.87178545842118,1.0173078629587604,0.6276601809460823,1.400665036864724,0.9141121803237212,75.7386862765937,841.9623067034664,5.007633116932463,11.17486314610699,14.926750595626524,33.31002715797541,0.5011816460799035,1.9552924774478038
63563817,1841014603,1,潜力词,1186,7,1186,1841014603,1.79,1,1,1.0,13.0,0,1.79,1.0,63563817_1841014603,4767.6,4023,12090,0.8438207903347595,3.005219985085757,0.93858738648709,0.93858738648709,0.969293693243545,2.7824177645206727,1.79,0.0003823895716595921,2026-09-15,9,1,0.9742997046148951,0.6689869603069224,1.4928884671446256,0.03066493421555127,0.013272403119635975,0.06611724289281769,3.574709853396985,3.2101913575060523,3.8794720082674594,9,1,0.13258216489586677,0.10008353934421485,0.17497238685459635,7.99,0.8877777777777778,0.02821316614420063,3.614420062695925,1.0051645970733583,0.6901798340070625,1.5401817607509412,0.1319009496373963,0.06498164170923403,0.1319009496373963,0.3995,0.3974473446072275,12.960971701862253,1.1058645520967194,0.05269442938013982,0.6901798340070625,1.5401817607509412,1.0051645970733583,3.9231062696586263,43.61189461594084,0.25938497012535533,0.5788346461538486,0.7217173487264527,1.6105598021785061,0.025960165862838995,0.10128007963167458
63563817,1841014603,4,潜力词,3169,30,3169,1841014603,5.66,4,4,1.0,7.0,0,1.415,1.0,63563817_1841014603,4767.6,4023,12090,0.8438207903347595,3.005219985085757,0.9329696084250255,0.9329696084250255,0.9664848042125127,2.3368133233905044,5.66,0.0012091200980968108,2026-09-15,9,1,0.9742997046148951,0.6689869603069224,1.4928884671446256,0.03066493421555127,0.013272403119635975,0.06611724289281769,3.574709853396985,3.2101913575060523,3.8794720082674594,9,1,0.13258216489586677,0.10008353934421485,0.17497238685459635,7.99,0.8877777777777778,0.02821316614420063,3.614420062695925,1.0080859009560423,0.6921856995485923,1.5446579818303756,0.13151871757171618,0.06479333323071215,0.13151871757171618,0.17698337566677935,0.175563784295498,5.725229444857684,0.4102597902465763,0.023276626599208098,0.6921856995485923,1.5446579818303756,1.0080859009560423,1.7329475017006764,19.264612942973958,0.11457771089044522,0.25568770892290715,0.26774672137237765,0.5974944448382425,0.011467342835873948,0.04473828871962433
63563817,1841014603,8,潜力词,6414,76,6414,1841014603,1.78,1,1,1.0,260.0,0,1.78,1.0,63563817_1841014603,4767.6,4023,12090,0.8438207903347595,3.005219985085757,0.9395412354570973,0.9395412354570973,0.9697706177285487,2.7824177645206727,1.78,0.000380253317069315,2026-09-15,9,1,0.9742997046148951,0.6689869603069224,1.4928884671446256,0.03066493421555127,0.013272403119635975,0.06611724289281769,3.574709853396985,3.2101913575060523,3.8794720082674594,9,1,0.13258216489586677,0.10008353934421485,0.17497238685459635,7.99,0.8877777777777778,0.02821316614420063,3.614420062695925,1.004670266147014,0.6898404097598475,1.5394243131858882,0.13196584925751745,0.065013614821432,0.13196584925751745,0.3995,0.3976429018170435,12.967348927668162,1.1064086739512915,0.05272035677837822,0.6898404097598475,1.5394243131858882,1.004670266147014,3.925036567410808,43.63335310734002,0.25951259609069177,0.5791194519020377,0.7220724574796189,1.611352250751705,0.025972939121162088,0.10132991277322514
63563817,2874903000,1,黄金词,1307,116,1307,2874903000,0.81,1,0,0.0,0.0,0,0.81,0.0,63563817_2874903000,2847.9100000000003,2019,2179,0.7089409426561935,1.079247152055473,1.0677062829835837,1.0677062829835837,1.0338531414917917,0.9593308018270871,0.81,0.000409991648318275,2026-09-15,9,1,1.032958746664786,0.7092642323307123,1.582769852672344,0.022467409815515562,0.009662070232170814,0.0490873478869769,3.651460163262958,3.2869416673720253,3.9562223181334324,9,1,0.13258216489586677,0.10008353934421485,0.17497238685459635,3.6,0.9,0.022598870056497175,3.694915254237288,0.9991348918031867,0.6860396354817707,1.5309426350327633,0.13269696212549376,0.06537380111703074,0.13269696212549376,0.18000000000000002,0.18015585430626427,8.018541335452568,0.17282906016547236,0.02388545318258888,0.6860396354817707,1.5309426350327633,0.9991348918031867,2.3952123307633264,27.15520636918745,0.11757462094335618,0.26237551110818136,0.1127929553841057,0.25170490945120344,0.011767284201065535,0.04590846943079315
63563817,2874903000,2,黄金词,2499,129,2499,2874903000,1.08,1,0,0.0,0.0,0,1.08,0.0,63563817_2874903000,2847.9100000000003,2019,2179,0.7089409426561935,1.079247152055473,1.0361657253899768,1.0361657253899768,1.0180828626949885,0.9593308018270871,1.08,0.0005466555310910333,2026-09-15,9,1,1.032958746664786,0.7092642323307123,1.582769852672344,0.022467409815515562,0.009662070232170814,0.0490873478869769,3.651460163262958,3.2869416673720253,3.9562223181334324,9,1,0.13258216489586677,0.10008353934421485,0.17497238685459635,3.6,0.9,0.022598870056497175,3.694915254237288,1.014611663269156,0.696666507530835,1.5546571999872,0.13067281768541567,0.06437659655455805,0.13067281768541567,0.18000000000000002,0.17740777729680962,7.896227413553262,0.17019274524450967,0.02352110718337482,0.696666507530835,1.5546571999872,1.014611663269156,2.358676032987828,26.740983924973683,0.1157811509839481,0.2583732647604465,0.11107242440989397,0.2478654312533214,0.01158778737982045,0.045208186834549885
63563817,2874903000,3,黄金词,4345,150,4345,2874903000,0.56,1,0,0.0,0.0,0,0.56,0.0,63563817_2874903000,2847.9100000000003,2019,2179,0.7089409426561935,1.079247152055473,1.0986722424668662,1.0986722424668662,1.0493361212334331,0.9593308018270871,0.56,0.00028345101612127656,2026-09-15,9,1,1.032958746664786,0.7092642323307123,1.582769852672344,0.022467409815515562,0.009662070232170814,0.0490873478869769,3.651460163262958,3.2869416673720253,3.9562223181334324,9,1,0.13258216489586677,0.10008353934421485,0.17497238685459635,3.6,0.9,0.022598870056497175,3.694915254237288,0.9843926324108653,0.6759171041372461,1.508353539580712,0.1346842312006757,0.06635283885237926,0.1346842312006757,0.18000000000000002,0.18285386752556648,8.138626972446602,0.17541734735048564,0.024243161616121632,0.6759171041372461,1.508353539580712,0.9843926324108653,2.431083019264235,27.561882610928656,0.11933541790874568,0.26630484551764017,0.11448214214876752,0.2554744409808763,0.01194351099342827,0.04659599445116605
63563817,2874903000,4,黄金词,5351,166,5351,2874903000,4.07,3,6,0.75,558.0,0,1.3567,2.0,63563817_2874903000,2847.9100000000003,2019,2179,0.7089409426561935,1.079247152055473,1.0133276331568972,1.0133276331568972,1.0066638165784485,1.330361565131253,4.07,0.002060081492167135,2026-09-15,9,1,1.032958746664786,0.7092642323307123,1.582769852672344,0.022467409815515562,0.009662070232170814,0.0490873478869769,3.651460163262958,3.2869416673720253,3.9562223181334324,9,1,0.13258216489586677,0.10008353934421485,0.17497238685459635,3.6,0.9,0.022598870056497175,3.694915254237288,1.02612086543024,0.7045691129948743,1.5722923846135877,0.1292071620045234,0.06365453418437293,0.1292071620045234,0.18000000000000002,0.17541793180916188,7.80766155286942,0.233369274313724,0.023257289160814213,0.7045691129948743,1.5722923846135877,1.02612086543024,2.3322205926876456,26.44105104148263,0.11448252358242991,0.2554752921752184,0.15230314925329705,0.33987450955058773,0.011457816153187129,0.04470112165427335
63563817,2874903000,5,黄金词,5995,169,5995,2874903000,0.92,1,0,0.0,0.0,0,0.92,0.0,63563817_2874903000,2847.9100000000003,2019,2179,0.7089409426561935,1.079247152055473,1.0546274755082838,1.0546274755082838,1.027313737754142,0.9593308018270871,0.92,0.0004656695264849543,2026-09-15,9,1,1.032958746664786,0.7092642323307123,1.582769852672344,0.022467409815515562,0.009662070232170814,0.0490873478869769,3.651460163262958,3.2869416673720253,3.9562223181334324,9,1,0.13258216489586677,0.10008353934421485,0.17497238685459635,3.6,0.9,0.022598870056497175,3.694915254237288,1.0054949220507698,0.690406646251288,1.5406879072137303,0.1318576175655439,0.06496029395415438,0.1318576175655439,0.18000000000000002,0.1790163192797421,7.967821869529297,0.17173586911476882,0.023734371161797902,0.690406646251288,1.5406879072137303,1.0054949220507698,2.38006195800762,26.98344226566006,0.11683092932527944,0.26071591427653384,0.11207950910782406,0.2501128070919893,0.01169285291174779,0.04561808581194346
63563817,2874903000,1,重点词,431,109,431,2874903000,121.72,94,161,0.9146,114.0,0,1.2949,1.7128,63563817_2874903000,2847.9100000000003,2019,2179,0.7089409426561935,1.079247152055473,1.083773652535464,1.083773652535464,1.0418868262677319,1.663078208004351,121.72,0.06161010300407461,2026-09-15,9,1,1.032958746664786,0.7092642323307123,1.582769852672344,0.022467409815515562,0.009662070232170814,0.0490873478869769,3.651460163262958,3.2869416673720253,3.9562223181334324,9,1,0.13258216489586677,0.10008353934421485,0.17497238685459635,3.6,0.9,0.022598870056497175,3.694915254237288,0.9914308546975988,0.6807497843805675,1.519137983865459,0.1337281004193745,0.0658817963918929,0.1337281004193745,0.2661556449776023,0.26845608417017014,11.948688628307279,0.44646346338959175,0.035592488818748186,0.6807497843805675,1.519137983865459,0.9914308546975988,3.56918361353784,40.46485413852823,0.17520175771022925,0.3909742626210076,0.2913742252519405,0.6502207760555678,0.017534812010967328,0.06840969992951348
63563817,2874903000,2,重点词,2275,128,2275,2874903000,264.04,180,181,0.9463,87.0,0,1.4669,1.0056,63563817_2874903000,2847.9100000000003,2019,2179,0.7089409426561935,1.079247152055473,0.9627337427842334,0.9627337427842334,0.9813668713921166,1.0086913681725733,264.04,0.1336471541011819,2026-09-15,9,1,1.032958746664786,0.7092642323307123,1.582769852672344,0.022467409815515562,0.009662070232170814,0.0490873478869769,3.651460163262958,3.2869416673720253,3.9562223181334324,9,1,0.13258216489586677,0.10008353934421485,0.17497238685459635,3.6,0.9,0.022598870056497175,3.694915254237288,1.0525714457830473,0.7227309714710326,1.612821768098925,0.1259602523201966,0.06205492840178238,0.1259602523201966,0.527151545061118,0.5008225780521248,22.29106880430277,0.5051754114671132,0.06640014162687992,0.7227309714710326,1.612821768098925,1.0525714457830473,6.6585480615903405,75.48986134102582,0.3268504651214407,0.7293883420938279,0.329691242851188,0.7357277247157482,0.03271235138565664,0.1276228191600739
63563817,2874903000,3,重点词,2561,130,2561,2874903000,402.98,281,248,0.9607,79.0,0,1.4341,0.8826,63563817_2874903000,2847.9100000000003,2019,2179,0.7089409426561935,1.079247152055473,0.9839088145876147,0.9839088145876147,0.9919544072938073,0.8880068415793902,402.98,0.20397337585098574,2026-09-15,9,1,1.032958746664786,0.7092642323307123,1.582769852672344,0.022467409815515562,0.009662070232170814,0.0490873478869769,3.651460163262958,3.2869416673720253,3.9562223181334324,9,1,0.13258216489586677,0.10008353934421485,0.17497238685459635,3.6,0.9,0.022598870056497175,3.694915254237288,1.0413369193881041,0.7150169676302826,1.595607460417828,0.1273191821276949,0.06272441175350661,0.1273191821276949,0.8811649836762584,0.8461862508380441,37.66283064163828,0.7514191799945972,0.11218920504122484,0.7150169676302826,1.595607460417828,1.0413369193881041,11.25023524733272,127.54713054849152,0.5522442113961508,1.2323693332713845,0.49039663794239696,1.0943523992976212,0.05527055525888156,0.21563060372890167
63563817,2874903000,6,重点词,4667,156,4667,2874903000,8.06,19,37,0.7059,196.0,0,0.4242,1.9474,63563817_2874903000,2847.9100000000003,2019,2179,0.7089409426561935,1.079247152055473,2.162564508140408,2.162564508140408,1.581282254070204,1.6901473043127326,8.06,0.00407966998203123,2026-09-15,9,1,1.032958746664786,0.7092642323307123,1.582769852672344,0.022467409815515562,0.009662070232170814,0.0490873478869769,3.651460163262958,3.2869416673720253,3.9562223181334324,9,1,0.13258216489586677,0.10008353934421485,0.17497238685459635,3.6,0.9,0.022598870056497175,3.694915254237288,0.6532412186413659,0.44853740090048666,1.0009407546301812,0.20296050082634992,0.09998947378378338,0.20296050082634992,0.18000000000000002,0.2755490542595741,12.264389020459546,0.46571849126274206,0.036532890148742996,0.44853740090048666,1.0009407546301812,0.6532412186413659,3.6634862354831377,41.53398990039362,0.17983082332031214,0.40130432743987643,0.30394058126716483,0.6782634272315413,0.01799810528108101,0.07021717602723367
63563817,2874903000,7,重点词,4798,159,4798,2874903000,105.25,107,116,0.973,83.0,0,0.9836,1.0841,63563817_2874903000,2847.9100000000003,2019,2179,0.7089409426561935,1.079247152055473,1.4031361408250778,1.4031361408250778,1.2015680704125389,1.0837737149255982,105.25,0.05327360615493635,2026-09-15,9,1,1.032958746664786,0.7092642323307123,1.582769852672344,0.022467409815515562,0.009662070232170814,0.0490873478869769,3.651460163262958,3.2869416673720253,3.9562223181334324,9,1,0.13258216489586677,0.10008353934421485,0.17497238685459635,3.6,0.9,0.022598870056497175,3.694915254237288,0.8596755956657007,0.5902821902442847,1.3172535885785694,0.1542234833282665,0.07597894605260756,0.1542234833282665,0.23014197858932503,0.2677079351207029,11.915389326981026,0.2901348233608252,0.03549329759810504,0.5902821902442847,1.3172535885785694,0.8596755956657007,3.5592368047847556,40.35208432645952,0.17471349524860139,0.389884672776731,0.18934989379321257,0.422546760207789,0.01748594497567869,0.06821905179376789
63563817,2874903000,8,重点词,4860,164,4860,2874903000,46.03,41,111,0.5625,173.0,0,1.1227,2.7073,63563817_2874903000,2847.9100000000003,2019,2179,0.7089409426561935,1.079247152055473,1.2182056559926036,1.2182056559926036,1.1091028279963018,2.4415097391110976,46.03,0.023298661200111356,2026-09-15,9,1,1.032958746664786,0.7092642323307123,1.582769852672344,0.022467409815515562,0.009662070232170814,0.0490873478869769,3.651460163262958,3.2869416673720253,3.9562223181334324,9,1,0.13258216489586677,0.10008353934421485,0.17497238685459635,3.6,0.9,0.022598870056497175,3.694915254237288,0.9313462382301584,0.6394936649941328,1.427072235972715,0.14235539851195758,0.07013207658405345,0.14235539851195758,0.18000000000000002,0.19326861763253037,8.6021761840594,0.4718672122143617,0.025623971732152365,0.6394936649941328,1.427072235972715,0.9313462382301584,2.569549448646048,29.13171607277851,0.12613236769847824,0.2814726866788453,0.3079534041529767,0.6872183058201673,0.01262377378512962,0.049249947822573505
63563817,2874903000,10,重点词,6282,172,6282,2874903000,162.07,119,149,0.947,76.0,0,1.3619,1.2521,63563817_2874903000,2847.9100000000003,2019,2179,0.7089409426561935,1.079247152055473,1.0340093627088827,1.0340093627088827,1.0170046813544413,1.2412124190271163,162.07,0.08203376104067016,2026-09-15,9,1,1.032958746664786,0.7092642323307123,1.582769852672344,0.022467409815515562,0.009662070232170814,0.0490873478869769,3.651460163262958,3.2869416673720253,3.9562223181334324,9,1,0.13258216489586677,0.10008353934421485,0.17497238685459635,3.6,0.9,0.022598870056497175,3.694915254237288,1.0156873076425736,0.6974050811507752,1.5563053756688903,0.13053443111698626,0.06430841974133744,0.13053443111698626,0.3543858476956951,0.34891235228510464,15.529709706196416,0.43307434480823614,0.046259555024868504,0.6974050811507752,1.5563053756688903,1.0156873076425736,4.638867672477636,52.59216786235292,0.22770971124056053,0.5081492195481707,0.2826361215248623,0.6307211220221262,0.02278999384400444,0.08891208182264373
63563817,2874903000,1,潜力词,193,106,193,2874903000,4.83,5,4,1.0,63.0,0,0.966,0.8,63563817_2874903000,2847.9100000000003,2019,2179,0.7089409426561935,1.079247152055473,1.1724417106533702,1.1724417106533702,1.086220855326685,0.9718444012649065,4.83,0.0024447650140460102,2026-09-15,9,1,1.032958746664786,0.7092642323307123,1.582769852672344,0.022467409815515562,0.009662070232170814,0.0490873478869769,3.651460163262958,3.2869416673720253,3.9562223181334324,9,1,0.13258216489586677,0.10008353934421485,0.17497238685459635,3.6,0.9,0.022598870056497175,3.694915254237288,0.9509656729561871,0.652965029029385,1.4571344721569721,0.1394184550150162,0.06868517714501864,0.1394184550150162,0.18000000000000002,0.189281280196423,8.424704127028875,0.1839519524231477,0.025095321902702916,0.652965029029385,1.4571344721569721,0.9509656729561871,2.5165369066409315,28.530697741411878,0.12353012260670011,0.2756656053503588,0.12005205804288896,0.2679040751810474,0.012363331886103356,0.048233868941869464
63563817,2874903000,8,潜力词,2669,133,2669,2874903000,7.34,7,9,0.8571,23.0,0,1.0486,1.2857,63563817_2874903000,2847.9100000000003,2019,2179,0.7089409426561935,1.079247152055473,1.1645378643149817,1.1645378643149817,1.0822689321574908,1.175598481096252,7.34,0.0037152329613038743,2026-09-15,9,1,1.032958746664786,0.7092642323307123,1.582769852672344,0.022467409815515562,0.009662070232170814,0.0490873478869769,3.651460163262958,3.2869416673720253,3.9562223181334324,9,1,0.13258216489586677,0.10008353934421485,0.17497238685459635,3.6,0.9,0.022598870056497175,3.694915254237288,0.9544381400707813,0.6553493417914179,1.4624552231367396,0.1389112183698301,0.06843528455493576,0.1389112183698301,0.18000000000000002,0.18859263103908566,8.394053101254565,0.221709210595495,0.025004019306569418,0.6553493417914179,1.4624552231367396,0.9544381400707813,2.5073811622463023,28.426896451936866,0.1230806913964367,0.2746626700012613,0.14469347385792752,0.3228930176673239,0.012318351219888439,0.04805838294997703
63563817,2874903000,10,潜力词,2959,140,2959,2874903000,1.27,2,2,1.0,25.0,0,0.635,1.0,63563817_2874903000,2847.9100000000003,2019,2179,0.7089409426561935,1.079247152055473,1.1662496741831487,1.1662496741831487,1.0831248370915745,1.0633977216443784,1.27,0.0006428264115607522,2026-09-15,9,1,1.032958746664786,0.7092642323307123,1.582769852672344,0.022467409815515562,0.009662070232170814,0.0490873478869769,3.651460163262958,3.2869416673720253,3.9562223181334324,9,1,0.13258216489586677,0.10008353934421485,0.17497238685459635,3.6,0.9,0.022598870056497175,3.694915254237288,0.9536839257038041,0.6548314728293378,1.4612995644365656,0.1390210753505394,0.06848940612858126,0.1390210753505394,0.18000000000000002,0.18874177822297128,8.400691480360582,0.20070757694141622,0.025023793563097096,0.6548314728293378,1.4612995644365656,0.9536839257038041,2.509364107376324,28.449377667290054,0.12317802891387486,0.2748798850829084,0.13098723530365988,0.2923066435230333,0.012328093103144628,0.04809638959127364
63563817,2874903000,13,潜力词,4363,152,4363,2874903000,0.15,1,1,1.0,15.0,0,0.15,1.0,63563817_2874903000,2847.9100000000003,2019,2179,0.7089409426561935,1.079247152055473,1.15353894397861,1.15353894397861,1.076769471989305,1.0704419129381981,0.15,7.592437931819907e-05,2026-09-15,9,1,1.032958746664786,0.7092642323307123,1.582769852672344,0.022467409815515562,0.009662070232170814,0.0490873478869769,3.651460163262958,3.2869416673720253,3.9562223181334324,9,1,0.13258216489586677,0.10008353934421485,0.17497238685459635,3.6,0.9,0.022598870056497175,3.694915254237288,0.95931280885631,0.6586964534018263,1.4699245231648477,0.1382053524896961,0.0680875363101829,0.1382053524896961,0.08099999999999985,0.08443544092418387,3.7581297362490966,0.0903832349026636,0.011194633551665363,0.6586964534018263,1.4699245231648477,0.95931280885631,1.1225880504068158,12.727101386734244,0.055104870164082526,0.12297014745058482,0.05898656263065154,0.1316323998712963,0.0055150904411248045,0.021516380211290483
63563817,4190988309,1,黄金词,2397,186,2397,4190988309,2.26,2,36,0.5,1490.0,0,1.13,18.0,63563817_4190988309,2478.0,1635,12179,0.6598062953995157,7.4489296636085625,1.0747279709835715,1.0747279709835715,1.0373639854917858,9.55914373088685,2.26,0.0009261384126151524,2026-09-15,9,1,0.749192864657092,0.5144210296242362,1.1479644117881609,0.004618765243148172,0.0019683543773981087,0.010286052084658052,3.8753888211315894,3.510870325240657,4.0,9,1,0.13258216489586677,0.10008353934421485,0.17497238685459635,0.96,0.48,0.003179650238473768,3.9022257551669317,0.7222082847824337,0.4958925091084238,1.106616797809828,0.18357884794385507,0.0904410086149932,0.18357884794385507,0.048,0.06646282106063083,14.389737854554706,0.6353276592787837,0.008811784701305043,0.4958925091084238,1.106616797809828,0.7222082847824337,4.216919009637034,49.175682831473104,0.043375448569911185,0.09679517056287111,0.4146321472714715,0.9252789478661928,0.004341168413519674,0.01693648202938332
63563817,4190988309,2,黄金词,2706,188,2706,4190988309,0.48,2,0,0.0,0.0,0,0.24,0.0,63563817_4190988309,2478.0,1635,12179,0.6598062953995157,7.4489296636085625,1.298734503577337,1.298734503577337,1.1493672517886684,5.95914373088685,0.48,0.00019670196374127133,2026-09-15,9,1,0.749192864657092,0.5144210296242362,1.1479644117881609,0.004618765243148172,0.0019683543773981087,0.010286052084658052,3.8753888211315894,3.510870325240657,4.0,9,1,0.13258216489586677,0.10008353934421485,0.17497238685459635,0.96,0.48,0.003179650238473768,3.9022257551669317,0.6518307037991408,0.4475688939489827,0.9987794675737243,0.20339969277777606,0.10020584382590669,0.20339969277777606,0.048,0.07363875270102499,15.943385044361438,0.43882391150864014,0.009763185253333249,0.4475688939489827,0.9987794675737243,0.6518307037991408,4.672216002201178,54.48513754219686,0.04805865714941413,0.10724605898432121,0.2863884454667717,0.639094680058739,0.004809880503643522,0.01876509892123551
63563817,4190988309,3,重点词,2941,191,2941,4190988309,38.41,28,269,0.4138,643.0,0,1.3718,9.6071,63563817_4190988309,2478.0,1635,12179,0.6598062953995157,7.4489296636085625,1.08665154395753,1.08665154395753,1.043325771978765,9.127539925246346,38.41,0.01574025505687965,2026-09-15,9,1,0.749192864657092,0.5144210296242362,1.1479644117881609,0.004618765243148172,0.0019683543773981087,0.010286052084658052,3.8753888211315894,3.510870325240657,4.0,9,1,0.13258216489586677,0.10008353934421485,0.17497238685459635,0.96,0.48,0.003179650238473768,3.9022257551669317,0.7180814322607766,0.49305887330722076,1.100293352871883,0.18463388543337042,0.09096077794434197,0.18463388543337042,0.048,0.0668447864594951,14.472436450122192,0.6101284572036079,0.008862426500801782,0.49305887330722076,1.100293352871883,0.7180814322607766,4.241153869454749,49.458298119349784,0.043624729600260585,0.0973514576018828,0.39818646115445455,0.8885793160421122,0.004366117341328414,0.017033816900375472
63563817,4190988309,6,重点词,4101,199,4101,4190988309,33.58,27,56,0.6538,97.0,0,1.2437,2.0741,63563817_4190988309,2478.0,1635,12179,0.6598062953995157,7.4489296636085625,1.1762992535406145,1.1762992535406145,1.0881496267703072,3.3026124945391,33.58,0.013760941546733105,2026-09-15,9,1,0.749192864657092,0.5144210296242362,1.1479644117881609,0.004618765243148172,0.0019683543773981087,0.010286052084658052,3.8753888211315894,3.510870325240657,4.0,9,1,0.13258216489586677,0.10008353934421485,0.17497238685459635,0.96,0.48,0.003179650238473768,3.9022257551669317,0.6885016970329172,0.4727484318044278,1.0549692648385016,0.1925662136596419,0.09486867786573477,0.1925662136596419,0.048,0.06971660375980906,15.094208103179087,0.23024692665397703,0.009243178255662812,0.4727484318044278,1.0549692648385016,0.6885016970329172,4.423364325957205,51.58314889240599,0.04549895584621416,0.10153391692234573,0.15026542006618973,0.335327182647234,0.00455369653755527,0.017765631790599125
63563817,4190988309,7,重点词,4177,202,4177,4190988309,2053.55,1402,10918,0.4145,483.0,0,1.4647,7.7874,63563817_4190988309,2478.0,1635,12179,0.6598062953995157,7.4489296636085625,1.0345924083827065,1.0345924083827065,1.0172962041913531,7.785525842063028,2053.55,0.8415360784185162,2026-09-15,9,1,0.749192864657092,0.5144210296242362,1.1479644117881609,0.004618765243148172,0.0019683543773981087,0.010286052084658052,3.8753888211315894,3.510870325240657,4.0,9,1,0.13258216489586677,0.10008353934421485,0.17497238685459635,0.96,0.48,0.003179650238473768,3.9022257551669317,0.7364549887931844,0.5056747754535745,1.128446569503005,0.18002751955435428,0.08869142948282792,0.18002751955435428,0.8639999999999999,1.1731877889995983,254.00463700552748,9.133883848849159,0.1555437768949621,0.5056747754535745,1.128446569503005,0.7364549887931844,74.43617063430575,868.0388477788434,0.7656543281269632,1.708608065777097,5.961021557719877,13.302412250064915,0.07662939507316331,0.2989592314680338
63563817,4190988309,10,重点词,6083,217,6083,4190988309,22.89,16,84,0.4375,371.0,0,1.4306,5.25,63563817_4190988309,2478.0,1635,12179,0.6598062953995157,7.4489296636085625,1.0439270204976954,1.0439270204976954,1.0219635102488476,5.9829765545361875,22.89,0.009380224895911877,2026-09-15,9,1,0.749192864657092,0.5144210296242362,1.1479644117881609,0.004618765243148172,0.0019683543773981087,0.010286052084658052,3.8753888211315894,3.510870325240657,4.0,9,1,0.13258216489586677,0.10008353934421485,0.17497238685459635,0.96,0.48,0.003179650238473768,3.9022257551669317,0.7330915997917224,0.5033653593942654,1.123292955448705,0.18085347715556213,0.08909834149563947,0.18085347715556213,0.048,0.0654761287861397,14.176111003535409,0.39174214340926583,0.008680966903466984,0.5033653593942654,1.123292955448705,0.7330915997917224,4.154315566951868,48.44563157020665,0.042731506297772656,0.09535817096703227,0.25566160031958923,0.5705257011792074,0.004276720391790694,0.016685046780190307
63563817,4190988310,1,黄金词,3180,258,3180,4190988310,3.89,3,14,0.6667,676.0,0,1.2967,4.6667,63563817_4190988310,4981.89,3283,7520,0.6589868503720475,2.2905878769418213,1.0554345512638328,1.0554345512638328,1.0277172756319164,2.938609365048597,3.89,0.0008100437090422951,2026-09-15,9,1,1.1303439683982903,0.7761322023790702,1.7319901323333506,0.017763951428358484,0.007651613205716104,0.038682303602884466,3.772317145528458,3.407798649637525,4.0,9,1,0.13258216489586677,0.10008353934421485,0.17497238685459635,2.89,0.9633333333333334,0.012552301255230125,3.805439330543933,1.0998588767550603,0.755200112698161,1.6852787954434212,0.12054470595993831,0.05938693325686889,0.12054470595993831,0.14450000000000002,0.13138049167391527,7.395904689548893,0.38607594321765665,0.017418710011211085,0.755200112698161,1.6852787954434212,1.0998588767550603,2.2165817920950817,25.00649322895155,0.08574248984244769,0.191340013819296,0.251963683633601,0.5622735565179112,0.008581411855617555,0.03347921891875367
63563817,4190988310,2,黄金词,3501,261,3501,4190988310,1.01,1,0,0.0,0.0,0,1.01,0.0,63563817_4190988310,4981.89,3283,7520,0.6589868503720475,2.2905878769418213,1.055951594546226,1.055951594546226,1.027975797273113,2.0360781128371745,1.01,0.00021031983191072443,2026-09-15,9,1,1.1303439683982903,0.7761322023790702,1.7319901323333506,0.017763951428358484,0.007651613205716104,0.038682303602884466,3.772317145528458,3.407798649637525,4.0,9,1,0.13258216489586677,0.10008353934421485,0.17497238685459635,2.89,0.9633333333333334,0.012552301255230125,3.805439330543933,1.099582277517357,0.7550101903545762,1.6848549712237972,0.12057502890571457,0.05940187200297661,0.12057502890571457,0.14450000000000002,0.13141354035484543,7.397765124771509,0.26756823324694556,0.01742309167687576,0.7550101903545762,1.6848549712237972,1.099582277517357,2.2171393718656334,25.012783596763207,0.08576405831241499,0.1913881452807125,0.1746223219979993,0.3896812136625601,0.008583570504430121,0.033487640595440515
63563817,4190988310,1,重点词,925,228,925,4190988310,109.28,74,122,0.9231,44.0,0,1.4768,1.6486,63563817_4190988310,4981.89,3283,7520,0.6589868503720475,2.2905878769418213,1.0256825569075831,1.0256825569075831,1.0128412784537915,1.7112768660431046,109.28,0.022756189337825708,2026-09-15,9,1,1.1303439683982903,0.7761322023790702,1.7319901323333506,0.017763951428358484,0.007651613205716104,0.038682303602884466,3.772317145528458,3.407798649637525,4.0,9,1,0.13258216489586677,0.10008353934421485,0.17497238685459635,2.89,0.9633333333333334,0.012552301255230125,3.805439330543933,1.1160129355350514,0.7662920330063142,1.7100311462200823,0.11879984601818504,0.058527319555227574,0.11879984601818504,0.14450000000000002,0.12947878595217377,7.2888504832023475,0.22157405104330188,0.01716657774962774,0.7662920330063142,1.7100311462200823,1.1160129355350514,2.1844972244166656,24.64452935860603,0.0845013848545439,0.1885704062889681,0.14460526505018617,0.32269617390266025,0.008457197675730386,0.032994614078521736
63563817,4190988310,3,重点词,1186,231,1186,4190988310,55.07,39,57,0.8974,146.0,0,1.4121,1.4615,63563817_4190988310,4981.89,3283,7520,0.6589868503720475,2.2905878769418213,1.0651315941523276,1.0651315941523276,1.0325657970761637,1.6026532556496715,55.07,0.011467636775567915,2026-09-15,9,1,1.1303439683982903,0.7761322023790702,1.7319901323333506,0.017763951428358484,0.007651613205716104,0.038682303602884466,3.772317145528458,3.407798649637525,4.0,9,1,0.13258216489586677,0.10008353934421485,0.17497238685459635,2.89,0.9633333333333334,0.012552301255230125,3.805439330543933,1.0946943735682486,0.7516539910355189,1.6773653913752444,0.12111340671616319,0.059667106438960206,0.12111340671616319,0.14450000000000002,0.1320003130453572,7.430796778391944,0.21155073144891753,0.01750088727048558,0.7516539910355189,1.6773653913752444,1.0946943735682486,2.2270390886753044,25.124467813538974,0.08614700216362926,0.19224270970866403,0.13806377348199975,0.3080984045895051,0.00862189688042975,0.033637165773120224
63563817,4190988310,7,重点词,2892,253,2892,4190988310,148.25,104,175,0.82,140.0,0,1.4255,1.6827,63563817_4190988310,4981.89,3283,7520,0.6589868503720475,2.2905878769418213,1.0612118233226526,1.0612118233226526,1.0306059116613264,1.7261134197815586,148.25,0.030871203050262273,2026-09-15,9,1,1.1303439683982903,0.7761322023790702,1.7319901323333506,0.017763951428358484,0.007651613205716104,0.038682303602884466,3.772317145528458,3.407798649637525,4.0,9,1,0.13258216489586677,0.10008353934421485,0.17497238685459635,2.89,0.9633333333333334,0.012552301255230125,3.805439330543933,1.0967761349012515,0.7530833984136117,1.68055520809249,0.12088352461079384,0.05955385390630185,0.12088352461079384,0.14450000000000002,0.13174976679539996,7.416692582545221,0.22741504051863065,0.01746766930625971,0.7530833984136117,1.68055520809249,1.0967761349012515,2.222812005577523,25.076779735778956,0.08598348885188627,0.19187781898312026,0.14841725398687894,0.3312028783051806,0.008605531889460618,0.03357331997193073
63563817,4190988310,8,重点词,2985,255,2985,4190988310,1810.51,1217,1985,0.8828,84.0,0,1.4877,1.6311,63563817_4190988310,4981.89,3283,7520,0.6589868503720475,2.2905878769418213,1.0199411248421582,1.0199411248421582,1.009970562421079,1.6353671045024774,1810.51,0.37701599888384724,2026-09-15,9,1,1.1303439683982903,0.7761322023790702,1.7319901323333506,0.017763951428358484,0.007651613205716104,0.038682303602884466,3.772317145528458,3.407798649637525,4.0,9,1,0.13258216489586677,0.10008353934421485,0.17497238685459635,2.89,0.9633333333333334,0.012552301255230125,3.805439330543933,1.1191850638583511,0.7684701230484811,1.7148916976168713,0.11846312926907228,0.05836143441786887,0.11846312926907228,1.0909749999999994,0.9747941026293734,54.874846205287746,1.5941462091030891,0.12924031245432607,0.7684701230484811,1.7148916976168713,1.1191850638583511,16.446207739066697,185.53882556266194,0.6361772008786861,1.4196713278483206,1.0403832669514679,2.321683788768495,0.06367086591403445,0.24840328078265483
63563817,4190988310,11,重点词,4048,265,4048,4190988310,9.39,8,49,0.5,563.0,0,1.1738,6.125,63563817_4190988310,4981.89,3283,7520,0.6589868503720475,2.2905878769418213,1.1575843954311826,1.1575843954311826,1.0787921977155914,4.20779393847091,9.39,0.0019553497243977253,2026-09-15,9,1,1.1303439683982903,0.7761322023790702,1.7319901323333506,0.017763951428358484,0.007651613205716104,0.038682303602884466,3.772317145528458,3.407798649637525,4.0,9,1,0.13258216489586677,0.10008353934421485,0.17497238685459635,2.89,0.9633333333333334,0.012552301255230125,3.805439330543933,1.0477865624092044,0.7194455095453764,1.6054900434031187,0.1265354697726004,0.062338312065810246,0.1265354697726004,0.14450000000000002,0.13790976634377444,7.763462251062814,0.5802958788772736,0.018284375382140762,0.7194455095453764,1.6054900434031187,1.0477865624092044,2.3267402422911614,26.249252033866384,0.09000367245735566,0.2008491235025023,0.37871690740618236,0.8451317244210245,0.009007886093509582,0.03514305053688643
63563817,4190988310,12,重点词,4403,268,4403,4190988310,25.77,19,160,0.4444,413.0,0,1.3563,8.4211,63563817_4190988310,4981.89,3283,7520,0.6589868503720475,2.2905878769418213,1.0905154681688172,1.0905154681688172,1.0452577340844087,6.604618630204984,25.77,0.005366279275583533,2026-09-15,9,1,1.1303439683982903,0.7761322023790702,1.7319901323333506,0.017763951428358484,0.007651613205716104,0.038682303602884466,3.772317145528458,3.407798649637525,4.0,9,1,0.13258216489586677,0.10008353934421485,0.17497238685459635,2.89,0.9633333333333334,0.012552301255230125,3.805439330543933,1.0814021571324826,0.7425271079758349,1.6569981506527514,0.12260209027826466,0.06040051360635999,0.12260209027826466,0.14450000000000002,0.13362281464572417,7.522133528940406,0.8825277310295773,0.017716002045209244,0.7425271079758349,1.6569981506527514,1.0814021571324826,2.2544130728886134,25.433288969302662,0.08720589093178906,0.19460568974230996,0.5759616519117179,1.2852963640159512,0.008727874216119019,0.03405062202969701
63563817,4190988310,13,重点词,4675,269,4675,4190988310,22.54,16,61,0.7059,172.0,0,1.4088,3.8125,63563817_4190988310,4981.89,3283,7520,0.6589868503720475,2.2905878769418213,1.0568527908675909,1.0568527908675909,1.0284263954337955,3.305195958980607,22.54,0.00469367228838389,2026-09-15,9,1,1.1303439683982903,0.7761322023790702,1.7319901323333506,0.017763951428358484,0.007651613205716104,0.038682303602884466,3.772317145528458,3.407798649637525,4.0,9,1,0.13258216489586677,0.10008353934421485,0.17497238685459635,2.89,0.9633333333333334,0.012552301255230125,3.805439330543933,1.0991005028818863,0.7546793876791675,1.684116763264121,0.12062788120670578,0.059427909945053314,0.12062788120670578,0.14450000000000002,0.1314711435588603,7.4010078269510995,0.4345378924133043,0.01743072883436899,0.7546793876791675,1.684116763264121,1.0991005028818863,2.2181112224924573,25.0237475847405,0.08580165173341844,0.19147203747590688,0.28359127258315603,0.6328526045231507,0.008587332987060206,0.03350231941307215
63563817,4190988310,17,重点词,5010,275,5010,4190988310,63.52,44,78,0.8444,114.0,0,1.4436,1.7727,63563817_4190988310,4981.89,3283,7520,0.6589868503720475,2.2905878769418213,1.0453920417925089,1.0453920417925089,1.0226960208962543,1.8523981349141263,63.52,0.013227243290068531,2026-09-15,9,1,1.1303439683982903,0.7761322023790702,1.7319901323333506,0.017763951428358484,0.007651613205716104,0.038682303602884466,3.772317145528458,3.407798649637525,4.0,9,1,0.13258216489586677,0.10008353934421485,0.17497238685459635,2.89,0.9633333333333334,0.012552301255230125,3.805439330543933,1.105258987326163,0.7589080103185457,1.6935532132172533,0.11995574468623765,0.05909677863271007,0.11995574468623765,0.14450000000000002,0.13073858856336804,7.359769536109861,0.24217991761608829,0.017333605107161344,0.7589080103185457,1.6935532132172533,1.105258987326163,2.20575194415495,24.884315685063353,0.08532356637645444,0.19040515851103912,0.15805321521996588,0.35270616050387743,0.008539484512426605,0.033315645054104275
63563817,4190988310,18,重点词,5134,276,5134,4190988310,168.35,129,782,0.6371,296.0,0,1.305,6.062,63563817_4190988310,4981.89,3283,7520,0.6589868503720475,2.2905878769418213,1.1553485866272917,1.1553485866272917,1.0776742933136458,5.841786153398063,168.35,0.03505677594274303,2026-09-15,9,1,1.1303439683982903,0.7761322023790702,1.7319901323333506,0.017763951428358484,0.007651613205716104,0.038682303602884466,3.772317145528458,3.407798649637525,4.0,9,1,0.13258216489586677,0.10008353934421485,0.17497238685459635,2.89,0.9633333333333334,0.012552301255230125,3.805439330543933,1.0488734633566281,0.7201918123077888,1.6071554671753434,0.1264043466898041,0.062273713643967936,0.1264043466898041,0.14450000000000002,0.1377668565830314,7.7554173202196175,0.8048045151839296,0.018265428096676698,0.7201918123077888,1.6071554671753434,1.0488734633566281,2.3243291448021832,26.222051100768628,0.08991040565227086,0.20064099248360373,0.5252373627858389,1.172101771694761,0.008998551621553368,0.03510663335573127
63563817,4190988310,19,重点词,5267,277,5267,4190988310,110.96,83,183,0.8214,167.0,0,1.3369,2.2048,63563817_4190988310,4981.89,3283,7520,0.6589868503720475,2.2905878769418213,1.1259529481628652,1.1259529481628652,1.0629764740814327,2.2123593737970833,110.96,0.02310602826615246,2026-09-15,9,1,1.1303439683982903,0.7761322023790702,1.7319901323333506,0.017763951428358484,0.007651613205716104,0.038682303602884466,3.772317145528458,3.407798649637525,4.0,9,1,0.13258216489586677,0.10008353934421485,0.17497238685459635,2.89,0.9633333333333334,0.012552301255230125,3.805439330543933,1.0633762796820814,0.7301499339858505,1.6293776716272519,0.12468038588890189,0.06142439600529317,0.12468038588890189,0.14450000000000002,0.13588792862974272,7.6496453605930474,0.30063293268988034,0.018016315760946325,0.7301499339858505,1.6293776716272519,1.0633762796820814,2.292628871520704,25.864422669462268,0.08868416605690228,0.19790455805588045,0.1962012460833649,0.43783600413209617,0.008875825222764862,0.03462783289244144
63563817,4190988310,22,重点词,6325,291,6325,4190988310,83.51,64,118,0.9153,94.0,0,1.3048,1.8438,63563817_4190988310,4981.89,3283,7520,0.6589868503720475,2.2905878769418213,1.1486161581543421,1.1486161581543421,1.074308079077171,1.8933986529935356,83.51,0.017389910062242178,2026-09-15,9,1,1.1303439683982903,0.7761322023790702,1.7319901323333506,0.017763951428358484,0.007651613205716104,0.038682303602884466,3.772317145528458,3.407798649637525,4.0,9,1,0.13258216489586677,0.10008353934421485,0.17497238685459635,2.89,0.9633333333333334,0.012552301255230125,3.805439330543933,1.052159981305599,0.7224484461159099,1.6121912941594252,0.12600951114995732,0.062079196002852166,0.12600951114995732,0.14450000000000002,0.13733652920413641,7.73119256478553,0.26003279940191926,0.018208374361168837,0.7224484461159099,1.6121912941594252,1.052159981305599,2.317068890098113,26.140144125467618,0.08962956227557374,0.20001427198975025,0.16970449248097152,0.3787067531648758,0.00897044382241214,0.03499697457503104
63563817,4190988310,1,潜力词,228,224,228,4190988310,4.64,4,3,1.0,62.0,0,1.16,0.75,63563817_4190988310,4981.89,3283,7520,0.6589868503720475,2.2905878769418213,1.1125924291446512,1.1125924291446512,1.0562962145723256,1.7770585846278808,4.64,0.0009662218020453083,2026-09-15,9,1,1.1303439683982903,0.7761322023790702,1.7319901323333506,0.017763951428358484,0.007651613205716104,0.038682303602884466,3.772317145528458,3.407798649637525,4.0,9,1,0.13258216489586677,0.10008353934421485,0.17497238685459635,2.89,0.9633333333333334,0.012552301255230125,3.805439330543933,1.0701013151466658,0.7347675696190121,1.6396822296997446,0.12389683389716734,0.06103837532138282,0.12389683389716734,0.14450000000000002,0.13503394300585,7.601571280491173,0.23996322763469774,0.01790309249814068,0.7347675696190121,1.6396822296997446,1.0701013151466658,2.278220880193272,25.701878097970642,0.08812683176206683,0.19666082986613767,0.15660654291883785,0.34947781597366306,0.00882004523393982,0.034410214802483796
63563817,4190988310,3,潜力词,1583,236,1583,4190988310,0.48,1,1,1.0,120.0,0,0.48,1.0,63563817_4190988310,4981.89,3283,7520,0.6589868503720475,2.2905878769418213,1.121484890226495,1.121484890226495,1.0607424451132474,2.1471892239482857,0.48,9.995397952192844e-05,2026-09-15,9,1,1.1303439683982903,0.7761322023790702,1.7319901323333506,0.017763951428358484,0.007651613205716104,0.038682303602884466,3.772317145528458,3.407798649637525,4.0,9,1,0.13258216489586677,0.10008353934421485,0.17497238685459635,2.89,0.9633333333333334,0.012552301255230125,3.805439330543933,1.0656158557675253,0.7316877022831009,1.632809302873177,0.12441834848672793,0.061295302009917875,0.12441834848672793,0.14450000000000002,0.13560233663745722,7.633568307385754,0.29116387597015597,0.01797845135633219,0.7316877022831009,1.632809302873177,1.0656158557675253,2.2878105152944284,25.810064110361605,0.08849778093849063,0.19748862738722212,0.19002148157446308,0.4240454525781816,0.008857171140433134,0.03455505651058026
63563817,4190988310,7,潜力词,4155,267,4155,4190988310,5.39,4,6,0.6667,30.0,0,1.3475,1.5,63563817_4190988310,4981.89,3283,7520,0.6589868503720475,2.2905878769418213,1.050551959117998,1.050551959117998,1.025275979558999,2.027058584627881,5.39,0.0011223998950483213,2026-09-15,9,1,1.1303439683982903,0.7761322023790702,1.7319901323333506,0.017763951428358484,0.007651613205716104,0.038682303602884466,3.772317145528458,3.407798649637525,4.0,9,1,0.13258216489586677,0.10008353934421485,0.17497238685459635,2.89,0.9633333333333334,0.012552301255230125,3.805439330543933,1.102477762996539,0.7569983281115269,1.6892916315842395,0.12025835744342626,0.05924586227326256,0.12025835744342626,0.06502499999999989,0.05898078145654537,3.320251223068989,0.11955749937955122,0.00781979969275878,0.7569983281115269,1.6892916315842395,1.102477762996539,0.9950923808734262,11.22619114405556,0.038492465589863016,0.0858984724077487,0.07802648281742514,0.17412123590054818,0.0038524621943188913,0.015029860744347475
63563817,4190988310,10,潜力词,6364,293,6364,4190988310,0.9,1,1,1.0,7.0,0,0.9,1.0,63563817_4190988310,4981.89,3283,7520,0.6589868503720475,2.2905878769418213,1.0689152859971283,1.0689152859971283,1.0344576429985641,2.1471892239482857,0.9,0.00018741371160361584,2026-09-15,9,1,1.1303439683982903,0.7761322023790702,1.7319901323333506,0.017763951428358484,0.007651613205716104,0.038682303602884466,3.772317145528458,3.407798649637525,4.0,9,1,0.13258216489586677,0.10008353934421485,0.17497238685459635,2.89,0.9633333333333334,0.012552301255230125,3.805439330543933,1.092692364978601,0.7502793445745246,1.674297777251528,0.12133530822141622,0.059776427290316715,0.12133530822141622,0.14450000000000002,0.13224216131759087,7.444411332181343,0.2839489437327619,0.017532952037994647,0.7502793445745246,1.674297777251528,1.092692364978601,2.2311194241182046,25.170500349305815,0.08630483893803315,0.19259493286723017,0.1853128201423372,0.41353776443956014,0.008637693743450766,0.03369879509988001
495403620,8878077181,1,重点词,1048,295,1048,8878077181,1263.59,2840,29775,0.082,670.0,0,0.4449,10.4842,495403620_8878077181,124225.7,168752,1694374,1.358430662898257,10.040615814923674,1.6503815856832873,1.6503815856832873,1.3251907928416435,10.482909033187987,1263.59,0.010171727750376934,2026-09-16,9,2,0.6497198478356588,0.44611950921863036,0.995545070079032,0.6403079432729863,0.4185768321512888,0.8175060014469082,1.399015987843295,1.0344974919523624,1.7037781427137695,9,2,0.12820967198924388,0.09678283471176294,0.16920188581490145,122.72,0.6562566844919786,0.6702508960573477,1.2741935483870968,0.49028400389233495,0.3366454940891974,0.7512465944200057,0.2615008259934958,0.12882964852104706,0.2615008259934958,6.136,12.515195175218176,19.54558787955329,131.19565255440534,1.60456906829609,0.3366454940891974,0.7512465944200057,0.49028400389233495,9.991067316520004,43.5449060774534,8.16775749211516,18.226888842225847,85.62185879498286,191.07081769108265,0.7904987233251448,3.084023964643199
495403620,8878077181,3,重点词,3989,297,3989,8878077181,75197.1,124758,1230619,0.0814,631.0,0,0.6027,9.864,495403620_8878077181,124225.7,168752,1694374,1.358430662898257,10.040615814923674,1.2212973113764143,1.2212973113764143,1.1106486556882071,9.864060119956713,75197.1,0.6053264340631609,2026-09-16,9,2,0.6497198478356588,0.44611950921863036,0.995545070079032,0.6403079432729863,0.4185768321512888,0.8175060014469082,1.399015987843295,1.0344974919523624,1.7037781427137695,9,2,0.12820967198924388,0.09678283471176294,0.16920188581490145,122.72,0.6562566844919786,0.6702508960573477,1.2741935483870968,0.584991342228802,0.40167473929205355,0.8963636384740845,0.21916507601765237,0.10797273623963619,0.21916507601765237,89.14279198587732,152.3830962117244,237.98407908670592,1503.1160222975975,19.536986782010576,0.40167473929205355,0.8963636384740845,0.584991342228802,121.64970268827962,530.196095181185,99.44936202190067,221.92780193992363,980.9744858753681,2189.1091806252525,9.624991166755887,37.55060260299102
495403620,8878077181,4,重点词,5778,298,5778,8878077181,46615.59,40349,425786,0.0839,653.0,0,1.1553,10.5526,495403620_8878077181,124225.7,168752,1694374,1.358430662898257,10.040615814923674,0.6372456247369999,0.6372456247369999,0.8186228123685,10.552477263585486,46615.59,0.3752491634178757,2026-09-16,9,2,0.6497198478356588,0.44611950921863036,0.995545070079032,0.6403079432729863,0.4185768321512888,0.8175060014469082,1.399015987843295,1.0344974919523624,1.7037781427137695,9,2,0.12820967198924388,0.09678283471176294,0.16920188581490145,122.72,0.6562566844919786,0.6702508960573477,1.2741935483870968,0.7936742514612333,0.5449634465082697,1.2161218268504483,0.1615394121117034,0.07958317380291928,0.1615394121117034,45.84920801412267,57.768294649485874,90.21955022797081,609.5986158448068,7.406454108388576,0.5449634465082697,1.2161218268504483,0.7936742514612333,46.117292820686195,200.99686257770753,37.701163651395376,84.13263001012476,397.84067224206524,887.8076653074914,3.6488254901141235,14.23539965628048
495403620,9628223555,4,黄金词,652,343,652,9628223555,2.01,4,7,0.5,63.0,0,0.5025,1.75,495403620_9628223555,91605.25,72103,210914,0.7871055425316781,2.9251764836414575,1.3050556703191387,1.3050556703191387,1.1525278351595694,2.533450989094305,2.01,2.2223698888118487e-05,2026-09-16,9,2,0.8140201165162693,0.558933602050258,1.2472971491366744,0.007845164826408705,0.003355088185750888,0.017341355104214234,3.7656233903901066,3.401104894499174,4.0,9,2,0.12820967198924388,0.09678283471176294,0.16920188581490145,6.92,0.7688888888888888,0.004810261892036344,3.8701229289150185,0.7062910687997109,0.4849632130341327,1.0822273537228575,0.18152526295869303,0.08942930002538782,0.18152526295869303,0.34600000000000003,0.4898830174760687,62.44394200960636,1.2410946151652489,0.0628077409837078,0.4849632130341327,1.0822273537228575,0.7062910687997109,18.4363337117393,212.6490087857572,0.3197110097150673,0.7134561770887308,0.8099721737869761,1.8075062575208865,0.03094253780878419,0.12071813060970353
495403620,9628223555,9,黄金词,1439,385,1439,9628223555,5.2,9,3,0.5,99.0,0,0.5778,0.3333,495403620_9628223555,91605.25,72103,210914,0.7871055425316781,2.9251764836414575,1.4701582843330228,1.4701582843330228,1.2350791421665113,1.55302422759598,5.2,5.749414637722197e-05,2026-09-16,9,2,0.8140201165162693,0.558933602050258,1.2472971491366744,0.007845164826408705,0.003355088185750888,0.017341355104214234,3.7656233903901066,3.401104894499174,4.0,9,2,0.12820967198924388,0.09678283471176294,0.16920188581490145,6.92,0.7688888888888888,0.004810261892036344,3.8701229289150185,0.6590833645594223,0.4525488148636418,1.009892489115095,0.19452724629902962,0.09583479009391149,0.19452724629902962,0.34600000000000003,0.5249715265250107,66.91657067010634,0.8152934994913872,0.06730642721946425,0.4525488148636418,1.009892489115095,0.6590833645594223,19.75686012150667,227.88027095008007,0.34261072711133633,0.764558404830325,0.5320827598381802,1.18737772611363,0.03315883737249338,0.12936472391292383
495403620,9628223555,11,黄金词,1531,391,1531,9628223555,3.87,9,16,0.5714,63.0,0,0.43,1.7778,495403620_9628223555,91605.25,72103,210914,0.7871055425316781,2.9251764836414575,1.6340569027875846,1.6340569027875846,1.3170284513937922,2.3177301099489216,3.87,4.278891278458635e-05,2026-09-16,9,2,0.8140201165162693,0.558933602050258,1.2472971491366744,0.007845164826408705,0.003355088185750888,0.017341355104214234,3.7656233903901066,3.401104894499174,4.0,9,2,0.12820967198924388,0.09678283471176294,0.16920188581490145,6.92,0.7688888888888888,0.004810261892036344,3.8701229289150185,0.6180732964840687,0.42438992222130556,0.9470540653975075,0.20743441387707418,0.10219356871789599,0.20743441387707418,0.34600000000000003,0.5598041558634437,71.35658309931344,1.2974749477192427,0.07177230720146767,0.42438992222130556,0.9470540653975075,0.6180732964840687,21.067756714430594,243.0004605422439,0.3653434504341347,0.8152879742973074,0.8467675155438253,1.8896174863081319,0.035358974776392015,0.1379482627333153
495403620,9628223555,22,黄金词,3973,511,3973,9628223555,4.8,7,35,0.8,77.0,0,0.6857,5.0,495403620_9628223555,91605.25,72103,210914,0.7871055425316781,2.9251764836414575,1.318300431586238,1.318300431586238,1.159150215793119,3.893427457942111,4.8,5.307151973282027e-05,2026-09-16,9,2,0.8140201165162693,0.558933602050258,1.2472971491366744,0.007845164826408705,0.003355088185750888,0.017341355104214234,3.7656233903901066,3.401104894499174,4.0,9,2,0.12820967198924388,0.09678283471176294,0.16920188581490145,6.92,0.7688888888888888,0.004810261892036344,3.8701229289150185,0.7022559332047371,0.48219255316087045,1.076044443716247,0.1825683001411757,0.08994315734535271,0.1825683001411757,0.34600000000000003,0.49269786646163727,62.8027424998259,1.918283401751234,0.0631686318488468,0.48219255316087045,1.076044443716247,0.7022559332047371,18.542268176488584,213.87088181525445,0.3215480568860595,0.7175556688544846,1.251924033728116,2.793750943720067,0.03112033244149204,0.12141177234735175
495403620,9628223555,26,黄金词,5495,590,5495,9628223555,1.56,9,18,0.625,174.0,0,0.1733,2.0,495403620_9628223555,91605.25,72103,210914,0.7871055425316781,2.9251764836414575,2.026434391918491,2.026434391918491,1.5132171959592455,2.435377168772451,1.56,1.724824391316659e-05,2026-09-16,9,2,0.8140201165162693,0.558933602050258,1.2472971491366744,0.007845164826408705,0.003355088185750888,0.017341355104214234,3.7656233903901066,3.401104894499174,4.0,9,2,0.12820967198924388,0.09678283471176294,0.16920188581490145,6.92,0.7688888888888888,0.004810261892036344,3.8701229289150185,0.5379400384095243,0.36936773091317116,0.8242684212599095,0.2383345035411551,0.11741664755739227,0.2383345035411551,0.34600000000000003,0.6431943623735185,81.98608653936397,1.5664208652076212,0.08246373822523967,0.36936773091317116,0.8242684212599095,0.5379400384095243,24.206076722810348,279.19858157156347,0.4197661721301086,0.9367358625091582,1.022288951828673,2.2813051327251737,0.04062616005485773,0.1584974744469978
495403620,9628223555,34,黄金词,6106,628,6106,9628223555,1.1,3,9,0.0,47.0,0,0.3667,3.0,495403620_9628223555,91605.25,72103,210914,0.7871055425316781,2.9251764836414575,1.296007963983111,1.296007963983111,1.1480039819915555,2.9455828971937876,1.1,1.2162223272104648e-05,2026-09-16,9,2,0.8140201165162693,0.558933602050258,1.2472971491366744,0.007845164826408705,0.003355088185750888,0.017341355104214234,3.7656233903901066,3.401104894499174,4.0,9,2,0.12820967198924388,0.09678283471176294,0.16920188581490145,6.92,0.7688888888888888,0.004810261892036344,3.8701229289150185,0.7090742970282284,0.4868742711855588,1.0864920058664478,0.1808127477283806,0.089078275946063,0.1808127477283806,0.34600000000000003,0.48796014952185707,62.19883970815581,1.4373270709437056,0.0625612107140197,0.4868742711855588,1.0864920058664478,0.7090742970282284,18.363968199927722,211.81432795400335,0.3184560936774445,0.7106557492912408,0.9380388230434231,2.093295420904715,0.030821083477337804,0.12024429294527975
495403620,9628223555,8,重点词,700,345,700,9628223555,111.9,117,191,0.6778,186.0,0,0.9564,1.6325,495403620_9628223555,91605.25,72103,210914,0.7871055425316781,2.9251764836414575,1.3063178147159593,1.3063178147159593,1.1531589073579798,1.7152112949530534,111.9,0.0012372298037713727,2026-09-16,9,2,0.8140201165162693,0.558933602050258,1.2472971491366744,0.007845164826408705,0.003355088185750888,0.017341355104214234,3.7656233903901066,3.401104894499174,4.0,9,2,0.12820967198924388,0.09678283471176294,0.16920188581490145,6.92,0.7688888888888888,0.004810261892036344,3.8701229289150185,0.7059045473457629,0.48469781439822496,1.0816350991853987,0.18162465799564373,0.08947826747176756,0.18162465799564373,0.34600000000000003,0.4901512552950362,62.47813349250096,0.8407129693174638,0.06284213166649273,0.48469781439822496,1.0816350991853987,0.7059045473457629,18.44642861555955,212.76544578048333,0.3198860690269571,0.7138468334741208,0.5486721986931689,1.2243981516412834,0.03095948054523158,0.12078423040681716
495403620,9628223555,15,重点词,1316,378,1316,9628223555,45.15,213,54,1.0,112.0,0,0.212,0.2535,495403620_9628223555,91605.25,72103,210914,0.7871055425316781,2.9251764836414575,5.237206154032248,2.7815627886031566,1.8907813943015783,0.35023263289199846,45.15,0.0004992039824868407,2026-09-16,9,2,0.8140201165162693,0.558933602050258,1.2472971491366744,0.007845164826408705,0.003355088185750888,0.017341355104214234,3.7656233903901066,3.401104894499174,4.0,9,2,0.12820967198924388,0.09678283471176294,0.16920188581490145,6.92,0.7688888888888888,0.004810261892036344,3.8701229289150185,0.43052048162180806,0.29560984878250207,0.6596728489585144,0.29780156220737025,0.14671338204166323,0.29780156220737025,0.34600000000000003,0.8036783725052707,102.44250953146283,0.2814743924008773,0.10303934052375012,0.29560984878250207,0.6596728489585144,0.43052048162180806,30.245756933467327,348.861673499725,0.5245024113790067,1.170461679220211,0.1836978604954716,0.4099338756124842,0.05076283018641549,0.19804432339813594
495403620,9628223555,20,重点词,1735,402,1735,9628223555,62.35,65,76,0.8718,170.0,0,0.9592,1.1692,495403620_9628223555,91605.25,72103,210914,0.7871055425316781,2.9251764836414575,1.2873320160751038,1.2873320160751038,1.143666008037552,1.3616631762894749,62.35,0.0006893769281961134,2026-09-16,9,2,0.8140201165162693,0.558933602050258,1.2472971491366744,0.007845164826408705,0.003355088185750888,0.017341355104214234,3.7656233903901066,3.401104894499174,4.0,9,2,0.12820967198924388,0.09678283471176294,0.16920188581490145,6.92,0.7688888888888888,0.004810261892036344,3.8701229289150185,0.7117638460839356,0.48872100606482793,1.090613116391337,0.1801295088176263,0.08874167498737016,0.1801295088176263,0.27514391942460614,0.38656630417297067,49.274465575496365,0.5263731015866505,0.04956153906011085,0.48872100606482793,1.090613116391337,0.7117638460839356,14.548096445892332,167.80116574743565,0.25228370655857596,0.5629877087544479,0.3435254331986324,0.7665996317145154,0.02441673227232956,0.09525858201186309
495403620,9628223555,21,重点词,1764,405,1764,9628223555,12.51,20,178,0.2727,582.0,0,0.6255,8.9,495403620_9628223555,91605.25,72103,210914,0.7871055425316781,2.9251764836414575,1.627105153163278,1.627105153163278,1.313552576581639,7.192907566754703,12.51,0.00013831764830366284,2026-09-16,9,2,0.8140201165162693,0.558933602050258,1.2472971491366744,0.007845164826408705,0.003355088185750888,0.017341355104214234,3.7656233903901066,3.401104894499174,4.0,9,2,0.12820967198924388,0.09678283471176294,0.16920188581490145,6.92,0.7688888888888888,0.004810261892036344,3.8701229289150185,0.6197088194479872,0.42551292732021034,0.9495601252464624,0.20688695717360958,0.10192386152129392,0.20688695717360958,0.34600000000000003,0.5583267320742725,71.1682602505445,4.01599257585846,0.07158288718206893,0.42551292732021034,0.9495601252464624,0.6197088194479872,21.012155117642944,242.35913864882045,0.3643792433998787,0.813136282789419,2.620946217019341,5.848814121278803,0.0352656560863677,0.13758419247248868
495403620,9628223555,25,重点词,2541,437,2541,9628223555,21686.91,29926,87461,0.4974,328.0,0,0.7247,2.9226,495403620_9628223555,91605.25,72103,210914,0.7871055425316781,2.9251764836414575,1.7528659479478812,1.7528659479478812,1.3764329739739405,2.9225763817688626,21686.91,0.2397827650018536,2026-09-16,9,2,0.8140201165162693,0.558933602050258,1.2472971491366744,0.007845164826408705,0.003355088185750888,0.017341355104214234,3.7656233903901066,3.401104894499174,4.0,9,2,0.12820967198924388,0.09678283471176294,0.16920188581490145,6.92,0.7688888888888888,0.004810261892036344,3.8701229289150185,0.5913982968353974,0.40607396990537376,0.9061808113587732,0.21679073591402007,0.10680300608731924,0.21679073591402007,1.991156080575392,3.3668613711438984,429.16387936302317,9.839909523995086,0.43166419202761513,0.40607396990537376,0.9061808113587732,0.5913982968353974,126.70898476819593,1461.4912290315935,2.197305499759758,4.903431956102445,6.421793157128696,14.330654424515698,0.21266145499449632,0.8296699339375847
495403620,9628223555,26,重点词,2584,442,2584,9628223555,115.98,262,182,0.9412,39.0,0,0.4427,0.6947,495403620_9628223555,91605.25,72103,210914,0.7871055425316781,2.9251764836414575,2.748509709024904,2.748509709024904,1.874254854512452,0.7607459698856728,115.98,0.00128234059554427,2026-09-16,9,2,0.8140201165162693,0.558933602050258,1.2472971491366744,0.007845164826408705,0.003355088185750888,0.017341355104214234,3.7656233903901066,3.401104894499174,4.0,9,2,0.12820967198924388,0.09678283471176294,0.16920188581490145,6.92,0.7688888888888888,0.004810261892036344,3.8701229289150185,0.43431666433005955,0.2982164355634831,0.6654896190524381,0.2951986016631652,0.14543102092196095,0.2951986016631652,0.34600000000000003,0.7966537515517867,101.54710183654258,0.6060511308873238,0.10213871617545517,0.2982164355634831,0.6654896190524381,0.43431666433005955,29.9813912553833,345.8124175966521,0.5199179522779852,1.16023115676448,0.3955254868666888,0.8826411766443705,0.0503191332389985,0.1963132997057546
495403620,9628223555,36,重点词,3008,470,3008,9628223555,45.41,54,204,0.6042,319.0,0,0.8409,3.7778,495403620_9628223555,91605.25,72103,210914,0.7871055425316781,2.9251764836414575,1.4338094838514177,1.4338094838514177,1.2169047419257089,3.6677647075666395,45.41,0.0005020786898057018,2026-09-16,9,2,0.8140201165162693,0.558933602050258,1.2472971491366744,0.007845164826408705,0.003355088185750888,0.017341355104214234,3.7656233903901066,3.401104894499174,4.0,9,2,0.12820967198924388,0.09678283471176294,0.16920188581490145,6.92,0.7688888888888888,0.004810261892036344,3.8701229289150185,0.6689267355702067,0.4593076046082007,1.0249751736219472,0.1916647446897983,0.09442456481142089,0.1916647446897983,0.34600000000000003,0.5172464809693436,65.93188191893279,1.8971383880123978,0.06631600166267021,0.4593076046082007,1.0249751736219472,0.6689267355702067,19.46613455494909,224.52697389418105,0.3375691518237875,0.753307797494765,1.2381242214224926,2.762955753586056,0.03267089942475163,0.12746109993518412
495403620,9628223555,59,重点词,5313,580,5313,9628223555,11.64,18,32,0.7857,171.0,0,0.6467,1.7778,495403620_9628223555,91605.25,72103,210914,0.7871055425316781,2.9251764836414575,1.5699795787061808,1.5699795787061808,1.2849897893530904,2.130823533428141,11.64,0.00012869843535208918,2026-09-16,9,2,0.8140201165162693,0.558933602050258,1.2472971491366744,0.007845164826408705,0.003355088185750888,0.017341355104214234,3.7656233903901066,3.401104894499174,4.0,9,2,0.12820967198924388,0.09678283471176294,0.16920188581490145,6.92,0.7688888888888888,0.004810261892036344,3.8701229289150185,0.6334837235757927,0.43497123999066567,0.9706669729761885,0.20238826542463537,0.0997075592414713,0.20238826542463537,0.34600000000000003,0.5461860930647938,69.62072883748733,1.1638261807336354,0.07002633983692384,0.43497123999066567,0.9706669729761885,0.6334837235757927,20.555252419921967,237.08911548146813,0.35645593147062576,0.7954548903220017,0.7595446874076581,1.694974000078622,0.034498815497549074,0.13459246752316828
495403620,9628223555,72,重点词,6377,649,6377,9628223555,20.2,24,370,0.08,761.0,0,0.8417,15.4167,495403620_9628223555,91605.25,72103,210914,0.7871055425316781,2.9251764836414575,1.3641706865068068,1.3641706865068068,1.1820853432534033,12.293794120910364,20.2,0.0002233426455422853,2026-09-16,9,2,0.8140201165162693,0.558933602050258,1.2472971491366744,0.007845164826408705,0.003355088185750888,0.017341355104214234,3.7656233903901066,3.401104894499174,4.0,9,2,0.12820967198924388,0.09678283471176294,0.16920188581490145,6.92,0.7688888888888888,0.004810261892036344,3.8701229289150185,0.6886305808308868,0.47283692775678005,1.0551667493852783,0.18618062508137362,0.09172278672365948,0.18618062508137362,0.34600000000000003,0.5024464635051843,64.0453673852497,6.176973379112239,0.06441849627815527,0.47283692775678005,1.0551667493852783,0.6886305808308868,18.90914839463146,218.10256453216618,0.32791025702958665,0.7317533375438414,4.031261190056539,8.996024879053016,0.031736084206386184,0.1238140446637661
495403620,9628223555,36,潜力词,2690,447,2690,9628223555,5.24,9,8,1.0,48.0,0,0.5822,0.8889,495403620_9628223555,91605.25,72103,210914,0.7871055425316781,2.9251764836414575,1.4657367556583372,1.4657367556583372,1.2328683778291687,1.8471418746548036,5.24,5.7936409041662137e-05,2026-09-16,9,2,0.8140201165162693,0.558933602050258,1.2472971491366744,0.007845164826408705,0.003355088185750888,0.017341355104214234,3.7656233903901066,3.401104894499174,4.0,9,2,0.12820967198924388,0.09678283471176294,0.16920188581490145,6.92,0.7688888888888888,0.004810261892036344,3.8701229289150185,0.6602652247027324,0.4533603198051253,1.011703415844692,0.1941790468322287,0.09566324794006646,0.1941790468322287,0.15569999999999995,0.23581432759857965,30.058556170135788,0.4355825191509024,0.030233677591777995,0.4533603198051253,1.011703415844692,0.6602652247027324,8.87467310056163,102.36256663820247,0.15389885767065717,0.3434354379909711,0.28427302446501046,0.634373978753536,0.014894767704268343,0.058109923763738955
495403620,9628223555,39,潜力词,2813,457,2813,9628223555,5.37,11,3,1.0,51.0,0,0.4882,0.2727,495403620_9628223555,91605.25,72103,210914,0.7871055425316781,2.9251764836414575,1.6407486336792814,1.6407486336792814,1.3203743168396407,1.3895479931121926,5.37,5.937376270109269e-05,2026-09-16,9,2,0.8140201165162693,0.558933602050258,1.2472971491366744,0.007845164826408705,0.003355088185750888,0.017341355104214234,3.7656233903901066,3.401104894499174,4.0,9,2,0.12820967198924388,0.09678283471176294,0.16920188581490145,6.92,0.7688888888888888,0.004810261892036344,3.8701229289150185,0.6165070814650903,0.4233145062894619,0.9446542039094801,0.20796139386519563,0.10245318796150406,0.20796139386519563,0.34600000000000003,0.5612263190517663,71.53786204243205,0.779850905320125,0.07195464227735769,0.4233145062894619,0.9446542039094801,0.6165070814650903,21.12127862516666,243.61779484765933,0.36627159289406486,0.8173591853320654,0.5089519568399539,1.1357598156299882,0.035448803034680405,0.138298715546317
495403620,9628223555,61,潜力词,4637,550,4637,9628223555,5.75,11,9,1.0,54.0,0,0.5227,0.8182,495403620_9628223555,91605.25,72103,210914,0.7871055425316781,2.9251764836414575,1.5956013142876717,1.5956013142876717,1.2978006571438359,1.7053374667964034,5.75,6.357525801327429e-05,2026-09-16,9,2,0.8140201165162693,0.558933602050258,1.2472971491366744,0.007845164826408705,0.003355088185750888,0.017341355104214234,3.7656233903901066,3.401104894499174,4.0,9,2,0.12820967198924388,0.09678283471176294,0.16920188581490145,6.92,0.7688888888888888,0.004810261892036344,3.8701229289150185,0.6272304702848144,0.4306775458723713,0.9610853117316891,0.20440600076559756,0.10070160633022168,0.20440600076559756,0.34600000000000003,0.5516313642143174,70.31482147543846,0.9407176332546882,0.07072447626489675,0.4306775458723713,0.9610853117316891,0.6272304702848144,20.760180601716776,239.45280532416095,0.3600096638419905,0.8033852781879998,0.6139379681585249,1.3700430151666474,0.0348427557902567,0.13593430410533877
495403620,9628223555,62,潜力词,4706,551,4706,9628223555,6.41,11,14,0.8889,94.0,0,0.5827,1.2727,495403620_9628223555,91605.25,72103,210914,0.7871055425316781,2.9251764836414575,1.5228233690610051,1.5228233690610051,1.2614116845305026,1.9684953615332454,6.41,7.087259197653708e-05,2026-09-16,9,2,0.8140201165162693,0.558933602050258,1.2472971491366744,0.007845164826408705,0.003355088185750888,0.017341355104214234,3.7656233903901066,3.401104894499174,4.0,9,2,0.12820967198924388,0.09678283471176294,0.16920188581490145,6.92,0.7688888888888888,0.004810261892036344,3.8701229289150185,0.6453246996988518,0.44310165262048695,0.9888105242983526,0.19867467036218264,0.09787803864692764,0.19867467036218264,0.34600000000000003,0.5361641979014052,68.34326744755548,1.0554367365891093,0.0687414359453152,0.44310165262048695,0.9888105242983526,0.6453246996988518,20.178086857808307,232.73879918834726,0.34991536952493224,0.7808591955226722,0.6888067818390207,1.537117704396962,0.033865801371836965,0.132122848438343
495817671,9630806627,1,黄金词,370,685,370,9630806627,3.46,8,31,0.1429,236.0,0,0.4325,3.875,495817671_9630806627,171870.0,107520,166126,0.6255891080467796,1.5450706845238096,1.809717571924603,1.809717571924603,1.4048587859623014,2.7100353422619046,3.46,2.0263679667535095e-05,2026-09-16,9,2,0.7829235259077049,0.5375816366041071,1.1996488318199887,0.01010307849615127,0.004319162051036407,0.022349355443984222,3.7702812591712744,3.4057627632803418,4.0,9,2,0.12820967198924388,0.09678283471176294,0.16920188581490145,9.42,0.7246153846153847,0.008397932816537468,3.858527131782946,0.5572969566271512,0.382658842280631,0.853928411743001,0.23005629308508874,0.11333834708018917,0.23005629308508874,0.47100000000000003,0.8451508561083235,83.6528050762231,2.2903886895964622,0.10835651404307681,0.382658842280631,0.853928411743001,0.5572969566271512,24.67939113307786,284.97689825364154,0.5515684845742697,1.230861404359192,1.494770086874111,3.335677907239531,0.05338236147476911,0.20826407079435322
495817671,9630806627,6,黄金词,2096,803,2096,9630806627,5.78,12,18,0.6667,49.0,0,0.4817,1.5,495817671_9630806627,171870.0,107520,166126,0.6255891080467796,1.5450706845238096,1.9683467950041287,1.9683467950041287,1.4841733975020643,1.5180282738095239,5.78,3.3850886843454585e-05,2026-09-16,9,2,0.7829235259077049,0.5375816366041071,1.1996488318199887,0.01010307849615127,0.004319162051036407,0.022349355443984222,3.7702812591712744,3.4057627632803418,4.0,9,2,0.12820967198924388,0.09678283471176294,0.16920188581490145,9.42,0.7246153846153847,0.008397932816537468,3.858527131782946,0.5275148626335731,0.36220945444035246,0.8082942558053229,0.24304466294877078,0.11973713040350124,0.24304466294877078,0.47100000000000003,0.8928658382222117,88.37562120915378,1.3553955871399577,0.11447403624887105,0.36220945444035246,0.8082942558053229,0.5275148626335731,26.0727242853613,301.06594023326767,0.5827085824465392,1.3003525839151249,0.8845681035453146,1.973971988304431,0.05639618842004909,0.22002210942271902
495817671,9630806627,2,重点词,136,671,136,9630806627,20.16,35,42,0.7931,118.0,0,0.576,1.2,495817671_9630806627,171870.0,107520,166126,0.6255891080467796,1.5450706845238096,2.268152573529412,2.268152573529412,1.634076286764706,1.2641991971207087,20.16,0.00011806814511488657,2026-09-16,9,2,0.7829235259077049,0.5375816366041071,1.1996488318199887,0.01010307849615127,0.004319162051036407,0.022349355443984222,3.7702812591712744,3.4057627632803418,4.0,9,2,0.12820967198924388,0.09678283471176294,0.16920188581490145,9.42,0.7246153846153847,0.008397932816537468,3.858527131782946,0.4791229958166816,0.3289819704002072,0.7341449365226169,0.2675923992558656,0.13183069159366373,0.2675923992558656,0.47100000000000003,0.9830461157414587,97.30164089252067,1.2427661102529834,0.1260360200495127,0.3289819704002072,0.7341449365226169,0.4791229958166816,28.70609361262582,331.47387934300906,0.6415626895568596,1.4316894005681455,0.8110630370403844,1.8099405907244783,0.062092255740615616,0.24224454647733606
495817671,9630806627,10,重点词,456,693,456,9630806627,26.44,31,39,0.7727,76.0,0,0.8529,1.2581,495817671_9630806627,171870.0,107520,166126,0.6255891080467796,1.5450706845238096,1.669950504658385,1.669950504658385,1.3349752523291925,1.3169375763125761,26.44,0.0001548473093669445,2026-09-16,9,2,0.7829235259077049,0.5375816366041071,1.1996488318199887,0.01010307849615127,0.004319162051036407,0.022349355443984222,3.7702812591712744,3.4057627632803418,4.0,9,2,0.12820967198924388,0.09678283471176294,0.16920188581490145,9.42,0.7246153846153847,0.008397932816537468,3.858527131782946,0.5864704417117114,0.4026903387655792,0.8986300155953502,0.21861233383739284,0.10770042512729054,0.21861233383739284,0.25904999999999817,0.44171024074788445,43.720361166762416,0.5817048138829635,0.056631525080576214,0.4026903387655792,0.8986300155953502,0.5864704417117114,12.898454423982527,148.94052751106437,0.28827214259961625,0.6432982742871333,0.37963641679357196,0.8471836701857601,0.027899795129224417,0.10884728115085468
495817671,9630806627,12,重点词,530,697,530,9630806627,74.08,84,140,0.8169,56.0,0,0.8819,1.6667,495817671_9630806627,171870.0,107520,166126,0.6255891080467796,1.5450706845238096,1.7328151631361088,1.7328151631361088,1.3664075815680543,1.6560931030020705,74.08,0.00043385358085867046,2026-09-16,9,2,0.7829235259077049,0.5375816366041071,1.1996488318199887,0.01010307849615127,0.004319162051036407,0.022349355443984222,3.7702812591712744,3.4057627632803418,4.0,9,2,0.12820967198924388,0.09678283471176294,0.16920188581490145,9.42,0.7246153846153847,0.008397932816537468,3.858527131782946,0.5729794948951044,0.393427000739554,0.8779582666273722,0.2237596164112562,0.11023625881848441,0.2237596164112562,0.47100000000000003,0.8220189451739913,81.36321473570024,1.3613399056396842,0.10539077932970167,0.393427000739554,0.8779582666273722,0.5729794948951044,24.003912343134193,277.1770360383915,0.5364719690029462,1.1971725354757714,0.8884475278197198,1.9826291791049266,0.05192127790350616,0.20256385064830754
495817671,9630806627,13,重点词,679,710,679,9630806627,200.65,252,174,0.925,85.0,0,0.7962,0.6905,495817671_9630806627,171870.0,107520,166126,0.6255891080467796,1.5450706845238096,1.968666151597911,1.968666151597911,1.4843330757989555,0.7167714056776557,200.65,0.0011751177240725194,2026-09-16,9,2,0.7829235259077049,0.5375816366041071,1.1996488318199887,0.01010307849615127,0.004319162051036407,0.022349355443984222,3.7702812591712744,3.4057627632803418,4.0,9,2,0.12820967198924388,0.09678283471176294,0.16920188581490145,9.42,0.7246153846153847,0.008397932816537468,3.858527131782946,0.5274581148077492,0.3621704894736978,0.8082073029156661,0.24307081148230025,0.11975001260519656,0.24307081148230025,0.47100000000000003,0.8929618993001419,88.38512930888464,0.640049555777952,0.11448635220816342,0.3621704894736978,0.8082073029156661,0.5274581148077492,26.075529380922376,301.0983311228156,0.582771274524288,1.3004924854160596,0.4177137856293329,0.9321558268448972,0.05640225593704759,0.22004578102050548
495817671,9630806627,14,重点词,815,717,815,9630806627,2298.65,2510,2693,0.7592,154.0,0,0.9158,1.0729,495817671_9630806627,171870.0,107520,166126,0.6255891080467796,1.5450706845238096,1.7428624282914997,1.7428624282914997,1.3714312141457499,1.0744084850977722,2298.65,0.013462169730572123,2026-09-16,9,2,0.7829235259077049,0.5375816366041071,1.1996488318199887,0.01010307849615127,0.004319162051036407,0.022349355443984222,3.7702812591712744,3.4057627632803418,4.0,9,2,0.12820967198924388,0.09678283471176294,0.16920188581490145,9.42,0.7246153846153847,0.008397932816537468,3.858527131782946,0.5708806375647354,0.3919858546744257,0.8747422542567965,0.22458227438954864,0.11064154525608474,0.22458227438954864,0.47100000000000003,0.8250411189442218,81.66234868495955,0.8864311787482323,0.10577825123747743,0.3919858546744257,0.8747422542567965,0.5708806375647354,24.092163343542676,278.1960845322777,0.5384443219793627,1.2015739710587303,0.5785091482873441,1.290981269978125,0.05211216781561592,0.20330858184923697
495817671,9630806627,24,重点词,1575,770,1575,9630806627,33.9,202,144,0.5,508.0,0,0.1678,0.7129,495817671_9630806627,171870.0,107520,166126,0.6255891080467796,1.5450706845238096,7.887408182112216,2.7815627886031566,1.8907813943015783,0.7445741213151928,33.9,0.00019853720830330629,2026-09-16,9,2,0.7829235259077049,0.5375816366041071,1.1996488318199887,0.01010307849615127,0.004319162051036407,0.022349355443984222,3.7702812591712744,3.4057627632803418,4.0,9,2,0.12820967198924388,0.09678283471176294,0.16920188581490145,9.42,0.7246153846153847,0.008397932816537468,3.858527131782946,0.4140740586232091,0.28431718136441697,0.6344725177831138,0.3096298097387201,0.1525406254788279,0.3096298097387201,0.47100000000000003,1.13747768108456,112.58723581311159,0.8469364449091794,0.1458356403869372,0.28431718136441697,0.6344725177831138,0.4140740586232091,33.21567551371469,383.5467467676275,0.7423489383680528,1.6566005534372075,0.5527338084946591,1.2334619014457708,0.07184663460052795,0.2802999376835849
495817671,9630806627,28,重点词,1785,786,1785,9630806627,44.38,65,68,0.902,142.0,0,0.6828,1.0462,495817671_9630806627,171870.0,107520,166126,0.6255891080467796,1.5450706845238096,2.1350508148768657,2.1350508148768657,1.5675254074384328,1.1008296640574038,44.38,0.00025991390278763227,2026-09-16,9,2,0.7829235259077049,0.5375816366041071,1.1996488318199887,0.01010307849615127,0.004319162051036407,0.022349355443984222,3.7702812591712744,3.4057627632803418,4.0,9,2,0.12820967198924388,0.09678283471176294,0.16920188581490145,9.42,0.7246153846153847,0.008397932816537468,3.858527131782946,0.4994646480321599,0.3429492332648021,0.7653138036087028,0.25669418745526235,0.12646163476393668,0.25669418745526235,0.47100000000000003,0.9430096841802363,93.33884563397902,1.038093033839008,0.12090296229142856,0.3429492332648021,0.7653138036087028,0.4994646480321599,27.53698309592835,317.9739721950726,0.6154338230658878,1.3733811139222634,0.677487808695185,1.5118586702618282,0.059563429973814176,0.23237867441821697
495817671,9630806627,30,重点词,1844,791,1844,9630806627,8.64,13,68,0.6364,329.0,0,0.6646,5.2308,495817671_9630806627,171870.0,107520,166126,0.6255891080467796,1.5450706845238096,1.726970835115483,1.726970835115483,1.3634854175577416,3.826693594104308,8.64,5.060063362066568e-05,2026-09-16,9,2,0.7829235259077049,0.5375816366041071,1.1996488318199887,0.01010307849615127,0.004319162051036407,0.022349355443984222,3.7702812591712744,3.4057627632803418,4.0,9,2,0.12820967198924388,0.09678283471176294,0.16920188581490145,9.42,0.7246153846153847,0.008397932816537468,3.858527131782946,0.5742074802017817,0.3942701767702193,0.879839869478608,0.22328108986701087,0.11000051039868916,0.22328108986701087,0.47100000000000003,0.8202609966601033,81.18921346326059,3.1388875014128326,0.10516539332736212,0.3942701767702193,0.879839869478608,0.5742074802017817,23.952578195327934,276.5842723783224,0.5353246838872101,1.1946122931699672,2.0485235385971006,4.5714152097117715,0.0518102403977826,0.20213065282202236
495817671,9630806627,34,重点词,2019,800,2019,9630806627,901.8,964,1186,0.7208,166.0,0,0.9355,1.2303,495817671_9630806627,171870.0,107520,166126,0.6255891080467796,1.5450706845238096,1.7024680111696935,1.7024680111696935,1.3512340055848466,1.232881240201842,901.8,0.005281441134156979,2026-09-16,9,2,0.7829235259077049,0.5375816366041071,1.1996488318199887,0.01010307849615127,0.004319162051036407,0.022349355443984222,3.7702812591712744,3.4057627632803418,4.0,9,2,0.12820967198924388,0.09678283471176294,0.16920188581490145,9.42,0.7246153846153847,0.008397932816537468,3.858527131782946,0.5794137230648193,0.3978449582990096,0.8878172299258793,0.22127482813330088,0.10901211583812469,0.22127482813330088,0.47100000000000003,0.8128906535189347,80.45969887580328,1.00219763705891,0.10422044405078472,0.3978449582990096,0.8878172299258793,0.5794137230648193,23.73735557577871,274.09906217915517,0.5305145970633192,1.1838782675888757,0.6540614943726054,1.4595813067929813,0.05134470655975673,0.2003144354513163
495817671,9630806627,35,重点词,2128,807,2128,9630806627,32.54,38,55,0.8571,125.0,0,0.8563,1.4474,495817671_9630806627,171870.0,107520,166126,0.6255891080467796,1.5450706845238096,1.6946489048205489,1.6946489048205489,1.3473244524102745,1.464360119047619,32.54,0.0001905722937519052,2026-09-16,9,2,0.7829235259077049,0.5375816366041071,1.1996488318199887,0.01010307849615127,0.004319162051036407,0.022349355443984222,3.7702812591712744,3.4057627632803418,4.0,9,2,0.12820967198924388,0.09678283471176294,0.16920188581490145,9.42,0.7246153846153847,0.008397932816537468,3.858527131782946,0.5810950172448116,0.3989993914549751,0.8903934235542865,0.22063460911630906,0.10869670883846344,0.22063460911630906,0.47100000000000003,0.8105387002510999,80.22690317212437,1.186920547592403,0.10391890089378159,0.3989993914549751,0.8903934235542865,0.5810950172448116,23.668675796063525,273.3060057179792,0.5289796482546499,1.1804529282174352,0.7746167006919468,1.7286081904945938,0.05119614986291628,0.19973486157011253
495817671,9630806627,45,重点词,2899,856,2899,9630806627,1569.85,1892,1578,0.822,176.0,0,0.8297,0.834,495817671_9630806627,171870.0,107520,166126,0.6255891080467796,1.5450706845238096,1.9217885242866468,1.9217885242866468,1.4608942621433234,0.837031876566416,1569.85,0.009193912579791899,2026-09-16,9,2,0.7829235259077049,0.5375816366041071,1.1996488318199887,0.01010307849615127,0.004319162051036407,0.022349355443984222,3.7702812591712744,3.4057627632803418,4.0,9,2,0.12820967198924388,0.09678283471176294,0.16920188581490145,9.42,0.7246153846153847,0.008397932816537468,3.858527131782946,0.5359207344404607,0.36798120886271696,0.8211743059760852,0.2392325277787654,0.11785906354768669,0.2392325277787654,0.47100000000000003,0.8788613123762742,86.98945699680282,0.7356349335399359,0.11267852058379851,0.36798120886271696,0.8211743059760852,0.5359207344404607,25.66377578996879,296.34374619152527,0.5735688471647294,1.2799566626124008,0.48009540848232934,1.0713645272301449,0.055511618930960425,0.21657108107536577
495817671,9630806627,47,重点词,2987,860,2987,9630806627,442.84,485,133,0.9145,111.0,0,0.9131,0.2742,495817671_9630806627,171870.0,107520,166126,0.6255891080467796,1.5450706845238096,1.7372571573123594,1.7372571573123594,1.3686285786561796,0.29484901719308415,442.84,0.0025935167352518036,2026-09-16,9,2,0.7829235259077049,0.5375816366041071,1.1996488318199887,0.01010307849615127,0.004319162051036407,0.022349355443984222,3.7702812591712744,3.4057627632803418,4.0,9,2,0.12820967198924388,0.09678283471176294,0.16920188581490145,9.42,0.7246153846153847,0.008397932816537468,3.858527131782946,0.5720496693678843,0.39278855124590806,0.876533524528541,0.22412332154813716,0.11041543991579704,0.22412332154813716,0.47100000000000003,0.8233550777513003,81.4954647798643,0.2427654354759063,0.1055620844491726,0.39278855124590806,0.876533524528541,0.5720496693678843,24.042928973411183,277.62756734269675,0.5373439655412332,1.1991184531881305,0.15843534013446708,0.3535588974206116,0.052005672200340414,0.2028931035948793
495817671,9630806627,49,重点词,3132,872,3132,9630806627,36.2,53,318,0.7111,443.0,0,0.683,6.0,495817671_9630806627,171870.0,107520,166126,0.6255891080467796,1.5450706845238096,2.0962527132689943,2.0962527132689943,1.5481263566344972,5.415746975019515,36.2,0.00021200728438288164,2026-09-16,9,2,0.7829235259077049,0.5375816366041071,1.1996488318199887,0.01010307849615127,0.004319162051036407,0.022349355443984222,3.7702812591712744,3.4057627632803418,4.0,9,2,0.12820967198924388,0.09678283471176294,0.16920188581490145,9.42,0.7246153846153847,0.008397932816537468,3.858527131782946,0.5057232715872869,0.34724661478715896,0.7749036935382518,0.2535174455920111,0.12489659749826114,0.2535174455920111,0.47100000000000003,0.9313393835361723,92.1837224060926,5.043898449102565,0.11940671687383725,0.34724661478715896,0.7749036935382518,0.5057232715872869,27.196196700039575,314.0388568778532,0.6078174667736952,1.3563847131776774,3.2917856070436646,7.345836407354719,0.058826297421681,0.2295028513601672
495817671,9630806627,62,重点词,3830,921,3830,9630806627,53.31,116,129,0.7935,134.0,0,0.4596,1.1121,495817671_9630806627,171870.0,107520,166126,0.6255891080467796,1.5450706845238096,3.152765572988198,2.7815627886031566,1.8907813943015783,1.1400045602918587,53.31,0.0003122129373052879,2026-09-16,9,2,0.7829235259077049,0.5375816366041071,1.1996488318199887,0.01010307849615127,0.004319162051036407,0.022349355443984222,3.7702812591712744,3.4057627632803418,4.0,9,2,0.12820967198924388,0.09678283471176294,0.16920188581490145,9.42,0.7246153846153847,0.008397932816537468,3.858527131782946,0.4140740586232091,0.28431718136441697,0.6344725177831138,0.3096298097387201,0.1525406254788279,0.3096298097387201,0.47100000000000003,1.13747768108456,112.58723581311159,1.2967297436666068,0.1458356403869372,0.28431718136441697,0.6344725177831138,0.4140740586232091,33.21567551371469,383.5467467676275,0.7423489383680528,1.6566005534372075,0.8462811750674002,1.8885321855004336,0.07184663460052795,0.2802999376835849
495817671,9630806627,77,重点词,4721,976,4721,9630806627,18.53,32,59,0.72,191.0,0,0.5791,1.8438,495817671_9630806627,171870.0,107520,166126,0.6255891080467796,1.5450706845238096,2.22684414119164,2.22684414119164,1.61342207059582,1.7840141369047617,18.53,0.00010852196076283969,2026-09-16,9,2,0.7829235259077049,0.5375816366041071,1.1996488318199887,0.01010307849615127,0.004319162051036407,0.022349355443984222,3.7702812591712744,3.4057627632803418,4.0,9,2,0.12820967198924388,0.09678283471176294,0.16920188581490145,9.42,0.7246153846153847,0.008397932816537468,3.858527131782946,0.48525648692693246,0.3331934317754707,0.7435430899844893,0.2642101145338199,0.13016439264304358,0.2642101145338199,0.47100000000000003,0.9706207185045234,96.07177840638154,1.7316010833847268,0.12444296394542916,0.3331934317754707,0.7435430899844893,0.48525648692693246,28.34325751516715,327.28415257581827,0.6334535366468477,1.4135932917110836,1.1300900644502947,2.5218704162463097,0.06130742893487352,0.23918265073280945
495817671,9630806627,83,重点词,4887,992,4887,9630806627,167.05,190,239,0.8592,128.0,0,0.8792,1.2579,495817671_9630806627,171870.0,107520,166126,0.6255891080467796,1.5450706845238096,1.7804450212927383,1.7804450212927383,1.3902225106463693,1.2694978054353054,167.05,0.0009783374822143751,2026-09-16,9,2,0.7829235259077049,0.5375816366041071,1.1996488318199887,0.01010307849615127,0.004319162051036407,0.022349355443984222,3.7702812591712744,3.4057627632803418,4.0,9,2,0.12820967198924388,0.09678283471176294,0.16920188581490145,9.42,0.7246153846153847,0.008397932816537468,3.858527131782946,0.5631641840871163,0.38668747807440135,0.8629185778773102,0.2276594918710438,0.11215755135303568,0.2276594918710438,0.47100000000000003,0.8363457998727075,82.78128297145372,1.0617391575234374,0.10722762067126164,0.38668747807440135,0.8629185778773102,0.5631641840871163,24.42227321712599,282.0079163294806,0.5458220648796448,1.2180378903021432,0.692919913522876,1.54629642867562,0.05282620668727981,0.20609430803312667
495817671,9630806627,92,重点词,5621,1032,5621,9630806627,200.67,223,215,0.9398,63.0,0,0.8999,0.9641,495817671_9630806627,171870.0,107520,166126,0.6255891080467796,1.5450706845238096,1.7463901053822095,1.7463901053822095,1.3731950526911048,0.9842448721913009,200.67,0.0011752348551688635,2026-09-16,9,2,0.7829235259077049,0.5375816366041071,1.1996488318199887,0.01010307849615127,0.004319162051036407,0.022349355443984222,3.7702812591712744,3.4057627632803418,4.0,9,2,0.12820967198924388,0.09678283471176294,0.16920188581490145,9.42,0.7246153846153847,0.008397932816537468,3.858527131782946,0.5701473540655266,0.3914823575504347,0.8736186672599711,0.22487111634391418,0.11078384464392671,0.22487111634391418,0.47100000000000003,0.826102228908824,81.76737706467632,0.8130868827093143,0.10591429579798359,0.3914823575504347,0.8736186672599711,0.5701473540655266,24.123148992628106,278.55388080525404,0.5391368312644355,1.203119351142972,0.5306426615814872,1.1841640519965955,0.05217919082728948,0.2035700630737915
495817671,9630806627,94,重点词,5630,1034,5630,9630806627,5131.63,5913,4780,0.9174,91.0,0,0.8679,0.8084,495817671_9630806627,171870.0,107520,166126,0.6255891080467796,1.5450706845238096,1.8405683813649958,1.8405683813649958,1.420284190682498,0.809383645579495,5131.63,0.03005367239662229,2026-09-16,9,2,0.7829235259077049,0.5375816366041071,1.1996488318199887,0.01010307849615127,0.004319162051036407,0.022349355443984222,3.7702812591712744,3.4057627632803418,4.0,9,2,0.12820967198924388,0.09678283471176294,0.16920188581490145,9.42,0.7246153846153847,0.008397932816537468,3.858527131782946,0.5512442728321025,0.3785028659269802,0.8446540767615769,0.23258232023082417,0.11458280658850371,0.23258232023082417,0.47100000000000003,0.8544306457465124,84.57131616586018,0.6915621909491543,0.10954627282871819,0.3785028659269802,0.8446540767615769,0.5512442728321025,24.950371818310927,288.1059558040469,0.5576247282269978,1.2443763109864119,0.45133233539764267,1.0071778350589455,0.05396850190318526,0.21055081848229115
495817671,9630806627,50,潜力词,3443,894,3443,9630806627,7.46,22,21,1.0,105.0,0,0.3391,0.9545,495817671_9630806627,171870.0,107520,166126,0.6255891080467796,1.5450706845238096,2.7852353530007363,2.7815627886031566,1.8907813943015783,1.1120188492063492,7.46,4.36898989363618e-05,2026-09-16,9,2,0.7829235259077049,0.5375816366041071,1.1996488318199887,0.01010307849615127,0.004319162051036407,0.022349355443984222,3.7702812591712744,3.4057627632803418,4.0,9,2,0.12820967198924388,0.09678283471176294,0.16920188581490145,9.42,0.7246153846153847,0.008397932816537468,3.858527131782946,0.4140740586232091,0.28431718136441697,0.6344725177831138,0.3096298097387201,0.1525406254788279,0.3096298097387201,0.47100000000000003,1.13747768108456,112.58723581311159,1.264896621917559,0.1458356403869372,0.28431718136441697,0.6344725177831138,0.4140740586232091,33.21567551371469,383.5467467676275,0.7423489383680528,1.6566005534372075,0.8255060121535971,1.8421710410278447,0.07184663460052795,0.2802999376835849
495817671,9630806627,52,潜力词,3678,912,3678,9630806627,3.98,11,11,0.75,127.0,0,0.3618,1.0,495817671_9630806627,171870.0,107520,166126,0.6255891080467796,1.5450706845238096,2.1298526859871854,2.1298526859871854,1.5649263429935927,1.2295034461152883,3.98,2.3309088172482567e-05,2026-09-16,9,2,0.7829235259077049,0.5375816366041071,1.1996488318199887,0.01010307849615127,0.004319162051036407,0.022349355443984222,3.7702812591712744,3.4057627632803418,4.0,9,2,0.12820967198924388,0.09678283471176294,0.16920188581490145,9.42,0.7246153846153847,0.008397932816537468,3.858527131782946,0.5002941700182693,0.34351881097212006,0.7665848537798564,0.2562685709181101,0.1262519527154087,0.2562685709181101,0.47100000000000003,0.9414461095615017,93.18408343755242,1.1575112360376976,0.12070249690242989,0.34351881097212006,0.7665848537798564,0.5002941700182693,27.49132489265894,317.44674957935285,0.6144133916520861,1.3711039540079986,0.7554233823756221,1.6857770364351319,0.05946466972895752,0.23199337466642125
495817671,9630806627,54,潜力词,3774,916,3774,9630806627,2.56,9,9,0.875,68.0,0,0.2844,1.0,495817671_9630806627,171870.0,107520,166126,0.6255891080467796,1.5450706845238096,2.113600728073715,2.113600728073715,1.5568003640368575,1.2565038515406162,2.56,1.4992780332049089e-05,2026-09-16,9,2,0.7829235259077049,0.5375816366041071,1.1996488318199887,0.01010307849615127,0.004319162051036407,0.022349355443984222,3.7702812591712744,3.4057627632803418,4.0,9,2,0.12820967198924388,0.09678283471176294,0.16920188581490145,9.42,0.7246153846153847,0.008397932816537468,3.858527131782946,0.5029055388178012,0.3453118646568994,0.7705861711833379,0.2549378801645954,0.1255963814704071,0.2549378801645954,0.21195000000000014,0.421450916007485,41.71509863731487,0.5295546991987257,0.054034083700886026,0.3453118646568994,0.7705861711833379,0.5029055388178012,12.306858502678422,142.1092742696995,0.2750503550751795,0.6137929845260107,0.3456018305195771,0.7712332491055423,0.026620153052652803,0.10385493048175763
495817671,9630806627,55,潜力词,3784,917,3784,9630806627,6.91,15,11,1.0,58.0,0,0.4607,0.7333,495817671_9630806627,171870.0,107520,166126,0.6255891080467796,1.5450706845238096,2.1401068506059735,2.1401068506059735,1.5700534253029867,1.0156767598343686,6.91,4.046879378689812e-05,2026-09-16,9,2,0.7829235259077049,0.5375816366041071,1.1996488318199887,0.01010307849615127,0.004319162051036407,0.022349355443984222,3.7702812591712744,3.4057627632803418,4.0,9,2,0.12820967198924388,0.09678283471176294,0.16920188581490145,9.42,0.7246153846153847,0.008397932816537468,3.858527131782946,0.498660436192875,0.34239703435592667,0.7640815353709904,0.25710816957544663,0.12666558506059333,0.25710816957544663,0.47100000000000003,0.9445305177927205,93.48937733706966,0.9593376958763887,0.12109794787003537,0.34239703435592667,0.7640815353709904,0.498660436192875,27.581393211944388,318.48678294656526,0.6164263605340388,1.3755960266594738,0.6260899285437048,1.397160915198526,0.05965949056353946,0.23275344183026841
500635396,9657930100,2,黄金词,3587,1126,3587,9657930100,7.03,6,11,0.3333,77.0,0,1.1717,1.8333,500635396_9657930100,808153.2999999999,358634,812358,0.44376976496909687,2.2651449667348884,1.43012091092882,1.43012091092882,1.21506045546441,2.080082838134222,7.03,8.699457789896685e-06,2026-09-16,9,2,1.415075708439884,0.971638595710696,2.1682755267809783,0.0285713327074601,0.012372048333955776,0.06154439622291126,3.342869445777159,2.9783509498862264,3.6476316006476335,9,2,0.12820967198924388,0.09678283471176294,0.16920188581490145,241.64,1.3061621621621622,0.023901808785529714,3.4571705426356587,1.1646134166213367,0.7996627586232528,1.7845001185165217,0.11008775114509098,0.05423526381842988,0.11008775114509098,12.082,10.374257953382614,363.1002466564624,21.579315927208633,1.3300802093349895,0.7996627586232528,1.7845001185165217,1.1646134166213367,110.01039773153954,1221.2100019309464,6.770523506629927,15.108869169799897,14.083249751325244,31.427699463716017,0.6552704574542698,2.556449156060767
500635396,9657930100,2,重点词,797,1107,797,9657930100,8332.06,3712,9168,0.6722,213.0,0,2.2446,2.4698,500635396_9657930100,808153.2999999999,358634,812358,0.44376976496909687,2.2651449667348884,1.0039133552522785,1.0039133552522785,1.0019566776261393,2.4693874085306127,8332.06,0.010310726070111888,2026-09-16,9,2,1.415075708439884,0.971638595710696,2.1682755267809783,0.0285713327074601,0.012372048333955776,0.06154439622291126,3.342869445777159,2.9783509498862264,3.6476316006476335,9,2,0.12820967198924388,0.09678283471176294,0.16920188581490145,241.64,1.3061621621621622,0.023901808785529714,3.4571705426356587,1.4123122686227478,0.9697411249483624,2.16404119579113,0.09077997468241977,0.04472319422569083,0.09077997468241977,6.660710131319263,4.716173808937186,165.066637150803,11.646060220231346,0.6046590970880995,0.9697411249483624,2.16404119579113,1.4123122686227478,50.011110078777385,555.166321504561,3.077903574235906,6.868544563038861,7.600536330889514,16.961097458899562,0.29788823288401806,1.1621706928698634
500635396,9657930100,5,重点词,1934,1113,1934,9657930100,4656.78,2449,5135,0.6731,189.0,0,1.9015,2.0968,500635396_9657930100,808153.2999999999,358634,812358,0.44376976496909687,2.2651449667348884,1.1847539112791299,1.1847539112791299,1.092376955639565,2.097322409334098,4656.78,0.00576265448745876,2026-09-16,9,2,1.415075708439884,0.971638595710696,2.1682755267809783,0.0285713327074601,0.012372048333955776,0.06154439622291126,3.342869445777159,2.9783509498862264,3.6476316006476335,9,2,0.12820967198924388,0.09678283471176294,0.16920188581490145,241.64,1.3061621621621622,0.023901808785529714,3.4571705426356587,1.295409703705609,0.8894718903529238,1.9849151115710748,0.0989722955004052,0.04875918075668164,0.0989722955004052,12.082,9.32677898385245,326.43835971351757,19.561262569740048,1.1957832742358958,0.8894718903529238,1.9849151115710748,1.295409703705609,98.90275238753074,1097.9055882417279,6.086910180474675,13.583341003846806,12.766213125113394,28.488645480994627,0.5891084219022276,2.298326913517756
500635396,9657930100,9,重点词,2818,1118,2818,9657930100,13968.87,6980,12860,0.6439,136.0,0,2.0013,1.8424,500635396_9657930100,808153.2999999999,358634,812358,0.44376976496909687,2.2651449667348884,1.1259222796719657,1.1259222796719657,1.0629611398359828,1.8428908356802918,13968.87,0.017286144372340558,2026-09-16,9,2,1.415075708439884,0.971638595710696,2.1682755267809783,0.0285713327074601,0.012372048333955776,0.06154439622291126,3.342869445777159,2.9783509498862264,3.6476316006476335,9,2,0.12820967198924388,0.09678283471176294,0.16920188581490145,241.64,1.3061621621621622,0.023901808785529714,3.4571705426356587,1.3312581762473774,0.9140866578251599,2.039844586525099,0.09630714333011516,0.04744618063115961,0.09630714333011516,12.082,9.075625010662767,317.64794115792444,16.725386160221262,1.1635829057144513,0.9140866578251599,2.039844586525099,1.3312581762473774,96.23947289259159,1068.3408959560566,5.923000251985784,13.21756520190995,10.915442884116661,24.358529780606574,0.5732447543856704,2.236436958044582
500635396,9657930100,10,重点词,2832,1119,2832,9657930100,164553.1,74970,173306,0.5672,212.0,0,2.1949,2.3117,500635396_9657930100,808153.2999999999,358634,812358,0.44376976496909687,2.2651449667348884,1.0266518186990117,1.0266518186990117,1.013325909349506,2.311666370931925,164553.1,0.20363054731815766,2026-09-16,9,2,1.415075708439884,0.971638595710696,2.1682755267809783,0.0285713327074601,0.012372048333955776,0.06154439622291126,3.342869445777159,2.9783509498862264,3.6476316006476335,9,2,0.12820967198924388,0.09678283471176294,0.16920188581490145,241.64,1.3061621621621622,0.023901808785529714,3.4571705426356587,1.396466522156013,0.9588609022485464,2.1397612621716937,0.09181005771001241,0.04523066961850491,0.09181005771001241,59.04634254475154,42.28267674730185,1479.8986515690833,97.74344190972296,5.421048116598799,0.9588609022485464,2.1397612621716937,1.396466522156013,448.37270357328293,4977.322521210466,27.594827324252066,61.57967480610252,63.79003433714689,142.3516633821911,2.670705611822727,10.419397105060922
500635396,9657930100,13,重点词,3366,1123,3366,9657930100,513.5,239,700,0.5176,236.0,0,2.1485,2.9289,500635396_9657930100,808153.2999999999,358634,812358,0.44376976496909687,2.2651449667348884,1.0480626602480694,1.0480626602480694,1.0240313301240347,2.9073731163314944,513.5,0.0006354440362890396,2026-09-16,9,2,1.415075708439884,0.971638595710696,2.1682755267809783,0.0285713327074601,0.012372048333955776,0.06154439622291126,3.342869445777159,2.9783509498862264,3.6476316006476335,9,2,0.12820967198924388,0.09678283471176294,0.16920188581490145,241.64,1.3061621621621622,0.023901808785529714,3.4571705426356587,1.3818675921453345,0.9488367856801875,2.1173917857750975,0.09277999767705657,0.04570851524123316,0.09277999767705657,12.082,8.743239995405657,306.014426590705,25.419860912276707,1.1209679319341974,0.9488367856801875,2.1173917857750975,1.3818675921453345,92.71480559660289,1029.2140584561655,5.706076731367518,12.733486077206464,16.589694088502608,37.02099509805146,0.5522502811445791,2.1545298572611253
500635396,9657930100,14,重点词,3408,1124,3408,9657930100,12956.21,6733,12890,0.5714,229.0,0,1.9243,1.9145,500635396_9657930100,808153.2999999999,358634,812358,0.44376976496909687,2.2651449667348884,1.170936887404789,1.170936887404789,1.0854684437023945,1.9148674024230647,12956.21,0.016033001708682406,2026-09-16,9,2,1.415075708439884,0.971638595710696,2.1682755267809783,0.0285713327074601,0.012372048333955776,0.06154439622291126,3.342869445777159,2.9783509498862264,3.6476316006476335,9,2,0.12820967198924388,0.09678283471176294,0.16920188581490145,241.64,1.3061621621621622,0.023901808785529714,3.4571705426356587,1.3036543960810516,0.8951329735543123,1.997548191622473,0.09834636570448288,0.048450813410991,0.09834636570448288,12.082,9.267793700784507,324.3738678792763,17.74659605001407,1.1882207904415623,0.8951329735543123,1.997548191622473,1.3036543960810516,98.27726240263058,1090.9621116120752,6.0484147770105166,13.497435975379052,11.581912292831408,25.84580016554571,0.5853827276315933,2.283791620700029
500635396,9657930100,16,重点词,4196,1129,4196,9657930100,657.56,352,563,0.659,152.0,0,1.8681,1.5994,500635396_9657930100,808153.2999999999,358634,812358,0.44376976496909687,2.2651449667348884,1.2037861042242304,1.2037861042242304,1.101893052112115,1.61422544370522,657.56,0.0008137148597901087,2026-09-16,9,2,1.415075708439884,0.971638595710696,2.1682755267809783,0.0285713327074601,0.012372048333955776,0.06154439622291126,3.342869445777159,2.9783509498862264,3.6476316006476335,9,2,0.12820967198924388,0.09678283471176294,0.16920188581490145,241.64,1.3061621621621622,0.023901808785529714,3.4571705426356587,1.2842223714247571,0.8817902915788909,1.9677731179308329,0.09983447948115402,0.04918393987083873,0.09983447948115402,12.082,9.4080279777371,329.28208404085484,15.186678136753795,1.206200181091303,0.8817902915788909,1.9677731179308329,1.2842223714247571,99.76433055270674,1107.4698466614261,6.139935488449275,13.701670471293756,9.911240088163458,22.117585096026872,0.5942403615194737,2.318348482557253
500635396,9657930100,18,重点词,4536,1132,4536,9657930100,48121.97,23315,52173,0.575,196.0,0,2.064,2.2377,500635396_9657930100,808153.2999999999,358634,812358,0.44376976496909687,2.2651449667348884,1.0917625641345226,1.0917625641345226,1.0458812820672612,2.2377533404679446,48121.97,0.059549793283310754,2026-09-16,9,2,1.415075708439884,0.971638595710696,2.1682755267809783,0.0285713327074601,0.012372048333955776,0.06154439622291126,3.342869445777159,2.9783509498862264,3.6476316006476335,9,2,0.12820967198924388,0.09678283471176294,0.16920188581490145,241.64,1.3061621621621622,0.023901808785529714,3.4571705426356587,1.3529984068965102,0.9290142317014995,2.0731564508882143,0.09475966219600326,0.04668380655511923,0.09475966219600326,17.267534458775053,12.762420392188853,446.68621246556444,28.55914886507682,1.63626573227137,0.9290142317014995,2.0731564508882143,1.3529984068965102,135.33487885791587,1502.3335164619355,8.32910340721127,18.58694287938881,18.63847897258996,41.59299351743919,0.80611423835731,3.144945786726441
500635396,9657930100,21,重点词,5331,1136,5331,9657930100,4160.45,2130,3953,0.7037,152.0,0,1.9533,1.8559,500635396_9657930100,808153.2999999999,358634,812358,0.44376976496909687,2.2651449667348884,1.153372839167986,1.153372839167986,1.076686419583993,1.8573999811664543,4160.45,0.005148457917777477,2026-09-16,9,2,1.415075708439884,0.971638595710696,2.1682755267809783,0.0285713327074601,0.012372048333955776,0.06154439622291126,3.342869445777159,2.9783509498862264,3.6476316006476335,9,2,0.12820967198924388,0.09678283471176294,0.16920188581490145,241.64,1.3061621621621622,0.023901808785529714,3.4571705426356587,1.3142876911056767,0.9024341517060418,2.0138412515862796,0.09755069065691725,0.0480588202449067,0.09755069065691725,12.082,9.19281226002788,321.74950864744216,17.074729318642536,1.1786074445168742,0.9024341517060418,2.0138412515862796,1.3142876911056767,97.48214643798167,1082.1356407625308,5.9994798450390014,13.388234451410236,11.143433751183963,24.867306417901446,0.5806466661989628,2.2653145169106446
500635396,9657930100,23,重点词,5553,1138,5553,9657930100,71798.68,51724,100920,0.5765,187.0,0,1.3881,1.9511,500635396_9657930100,808153.2999999999,358634,812358,0.44376976496909687,2.2651449667348884,1.6233015907535366,1.6233015907535366,1.3116507953767682,1.9511737640093922,71798.68,0.0888491587525319,2026-09-16,9,2,1.415075708439884,0.971638595710696,2.1682755267809783,0.0285713327074601,0.012372048333955776,0.06154439622291126,3.342869445777159,2.9783509498862264,3.6476316006476335,9,2,0.12820967198924388,0.09678283471176294,0.16920188581490145,241.64,1.3061621621621622,0.023901808785529714,3.4571705426356587,1.0788509513566125,0.7407753642474599,1.6530890191380145,0.11883909619584176,0.058546656345360826,0.11883909619584176,25.763412865154166,23.880419100300827,835.8174728778243,46.59484722205575,3.0617006998152436,0.7407753642474599,1.6530890191380145,1.0788509513566125,253.23203018711916,2811.093264369944,15.585012402168287,34.77898173804247,30.409067310871755,67.85983670623024,1.5083616792998287,5.884669296798805
500635396,9657930100,24,重点词,5573,1139,5573,9657930100,10656.71,10553,10503,0.5927,209.0,0,1.0098,0.9953,500635396_9657930100,808153.2999999999,358634,812358,0.44376976496909687,2.2651449667348884,2.230559989151984,2.230559989151984,1.615279994575992,0.996223952252048,10656.71,0.013187425152797994,2026-09-16,9,2,1.415075708439884,0.971638595710696,2.1682755267809783,0.0285713327074601,0.012372048333955776,0.06154439622291126,3.342869445777159,2.9783509498862264,3.6476316006476335,9,2,0.12820967198924388,0.09678283471176294,0.16920188581490145,241.64,1.3061621621621622,0.023901808785529714,3.4571705426356587,0.8760559860777195,0.6015295174665674,1.3423527401205428,0.14634871974708444,0.07209940563243598,0.14634871974708444,12.082,13.791356022910781,482.6990803726071,13.739279204059264,1.7681852319842744,0.6015295174665674,1.3423527401205428,0.8760559860777195,146.24588747988332,1623.455093467936,9.000614845033237,20.085464884391996,8.966628093617466,20.00962120994872,0.8711050188510916,3.3984985359081072
500635396,9657930100,25,重点词,5867,1140,5867,9657930100,24613.57,15146,13988,0.5599,213.0,0,1.6251,0.9235,500635396_9657930100,808153.2999999999,358634,812358,0.44376976496909687,2.2651449667348884,1.3865195275620263,1.3865195275620263,1.1932597637810132,0.9242524191456961,24613.57,0.030458707435799055,2026-09-16,9,2,1.415075708439884,0.971638595710696,2.1682755267809783,0.0285713327074601,0.012372048333955776,0.06154439622291126,3.342869445777159,2.9783509498862264,3.6476316006476335,9,2,0.12820967198924388,0.09678283471176294,0.16920188581490145,241.64,1.3061621621621622,0.023901808785529714,3.4571705426356587,1.1858907434840638,0.8142724871841157,1.8171026901221317,0.10811254973841254,0.053262171278420124,0.10811254973841254,12.082,10.188122359825437,356.5854790233594,9.41639673762102,1.3062158259395005,0.8142724871841157,1.8171026901221317,1.1858907434840638,108.03658420470849,1199.2989746951855,6.649046344864495,14.837784881792441,6.145397169252858,13.7138585717601,0.643513553385872,2.5105811833151157
500635396,9657930100,26,重点词,5874,1141,5874,9657930100,18.64,22,61,0.6,100.0,0,0.8473,2.7727,500635396_9657930100,808153.2999999999,358634,812358,0.44376976496909687,2.2651449667348884,2.1586238452568636,2.1586238452568636,1.5793119226284318,2.637371991129304,18.64,2.3066556643481396e-05,2026-09-16,9,2,1.415075708439884,0.971638595710696,2.1682755267809783,0.0285713327074601,0.012372048333955776,0.06154439622291126,3.342869445777159,2.9783509498862264,3.6476316006476335,9,2,0.12820967198924388,0.09678283471176294,0.16920188581490145,241.64,1.3061621621621622,0.023901808785529714,3.4571705426356587,0.896007741197058,0.6152290638657425,1.3729241802799417,0.14308991551563713,0.07049393994359451,0.14308991551563713,12.082,13.484258499662694,471.95063099530864,35.56300568815764,1.7288123592599278,0.6152290638657425,1.3729241802799417,0.896007741197058,142.98937305478393,1587.304983393171,8.800194630949292,19.63821397526918,23.209386836152145,51.793275494179,0.851707782398509,3.322822838652098
500635396,9657930100,30,重点词,6434,1147,6434,9657930100,89.74,49,76,0.7619,68.0,0,1.8314,1.551,500635396_9657930100,808153.2999999999,358634,812358,0.44376976496909687,2.2651449667348884,1.2114275779650283,1.2114275779650283,1.1057137889825142,1.6512484163838441,89.74,0.00011105111551427148,2026-09-16,9,2,1.415075708439884,0.971638595710696,2.1682755267809783,0.0285713327074601,0.012372048333955776,0.06154439622291126,3.342869445777159,2.9783509498862264,3.6476316006476335,9,2,0.12820967198924388,0.09678283471176294,0.16920188581490145,241.64,1.3061621621621622,0.023901808785529714,3.4571705426356587,1.2797848073704923,0.8787433107846153,1.960973579588115,0.10018064853627202,0.049354481732533755,0.10018064853627202,12.082,9.440649654862103,330.423846571116,15.588857792225731,1.2103825956152385,0.8787433107846153,1.960973579588115,1.2797848073704923,100.11025637133567,1111.3099206757634,6.161225284094709,13.749180052605105,10.173713493345488,22.70331178844052,0.5963008482924729,2.32638719330941
500635396,9657930100,31,重点词,6660,1149,6660,9657930100,4349.38,2727,5333,0.7072,181.0,0,1.5949,1.9556,500635396_9657930100,808153.2999999999,358634,812358,0.44376976496909687,2.2651449667348884,1.4120993992157715,1.4120993992157715,1.2060496996078858,1.9565342448752756,4349.38,0.005382254299035682,2026-09-16,9,2,1.415075708439884,0.971638595710696,2.1682755267809783,0.0285713327074601,0.012372048333955776,0.06154439622291126,3.342869445777159,2.9783509498862264,3.6476316006476335,9,2,0.12820967198924388,0.09678283471176294,0.16920188581490145,241.64,1.3061621621621622,0.023901808785529714,3.4571705426356587,1.17331458968893,0.8056372768274789,1.79783264942227,0.10927135238575267,0.0538330610153642,0.10927135238575267,12.082,10.29732358753264,360.4075348170218,20.14706622956954,1.3202164795246638,0.8056372768274789,1.79783264942227,1.17331458968893,109.19457261668208,1212.1536417083275,6.720314042512538,14.996823443395941,13.148524560491978,29.341798631352507,0.6504110431876303,2.537490807855717
500635396,9657930100,2,潜力词,6133,1144,6133,9657930100,2.08,2,2,1.0,120.0,0,1.04,1.0,500635396_9657930100,808153.2999999999,358634,812358,0.44376976496909687,2.2651449667348884,1.2393334827717255,1.2393334827717255,1.1196667413858628,2.012115973387911,2.08,2.5739505267404132e-06,2026-09-16,9,2,1.415075708439884,0.971638595710696,2.1682755267809783,0.0285713327074601,0.012372048333955776,0.06154439622291126,3.342869445777159,2.9783509498862264,3.6476316006476335,9,2,0.12820967198924388,0.09678283471176294,0.16920188581490145,241.64,1.3061621621621622,0.023901808785529714,3.4571705426356587,1.2638365114680283,0.8677926741916567,1.936536512728068,0.10144482361909295,0.049977283710195324,0.10144482361909295,12.082,9.559780786809183,334.59345017927996,19.23538762322561,1.225656358965881,0.8677926741916567,1.936536512728068,1.2638365114680283,101.37354317860398,1125.333490412401,6.238973507904406,13.922680335201385,12.553538252798463,28.014047494832457,0.60382554178658,2.3557437683141185
500635396,9657930100,3,潜力词,6452,1148,6452,9657930100,5.59,5,4,1.0,33.0,0,1.118,0.8,500635396_9657930100,808153.2999999999,358634,812358,0.44376976496909687,2.2651449667348884,1.4159050394332047,1.4159050394332047,1.2079525197166023,1.7016276718368544,5.59,6.9174920406148606e-06,2026-09-16,9,2,1.415075708439884,0.971638595710696,2.1682755267809783,0.0285713327074601,0.012372048333955776,0.06154439622291126,3.342869445777159,2.9783509498862264,3.6476316006476335,9,2,0.12820967198924388,0.09678283471176294,0.16920188581490145,241.64,1.3061621621621622,0.023901808785529714,3.4571705426356587,1.171466332775956,0.8043682014411063,1.7950006241053889,0.10944375301459397,0.053917995020195925,0.10944375301459397,12.082,10.313569978037682,360.9761603925729,17.549856070054737,1.3222994239223245,0.8043682014411063,1.7950006241053889,1.171466332775956,109.36685210782184,1214.0660921861534,6.730916879776325,15.020484373143898,11.453514419461172,25.559271853734703,0.6514372158340073,2.5414942817892054
525368335,9811363528,83,黄金词,4042,1827,4042,9811363528,1.73,7,20,0.25,350.0,0,0.2471,2.8571,525368335_9811363528,181497.5,100380,138303,0.5530654692213391,1.3777943813508666,2.116111279690801,2.116111279690801,1.5580556398454004,2.068157003387129,1.73,9.698401030788666e-06,2026-09-16,9,2,0.631653162448089,0.4337143151258854,0.9678620623485779,0.0026930778521297495,0.0011459644741499868,0.006016943873344297,3.894371469427631,3.5298529735366984,4.0,9,2,0.12820967198924388,0.09678283471176294,0.16920188581490145,15.35,0.5903846153846154,0.0017717206132879047,3.9639182282793866,0.4054111716515884,0.27836895168193165,0.6211986514452172,0.3162460261441134,0.15580013653699648,0.3162460261441134,0.7675000000000001,1.8931397397691643,702.9650993089653,3.9153102111940843,0.24271882506560707,0.27836895168193165,0.6211986514452172,0.4054111716515884,205.33922546014628,2405.949103667754,1.2355145945896906,2.75713219941625,2.555238161587678,5.702182267486876,0.11957660479214482,0.4665119675822164
525368335,9811363528,87,黄金词,4255,1856,4255,9811363528,7.61,25,149,0.381,369.0,0,0.3044,5.96,525368335_9811363528,181497.5,100380,138303,0.5530654692213391,1.3777943813508666,3.399017555878599,2.7815627886031566,1.8907813943015783,4.8491622742668765,7.61,4.266175251115708e-05,2026-09-16,9,2,0.631653162448089,0.4337143151258854,0.9678620623485779,0.0026930778521297495,0.0011459644741499868,0.006016943873344297,3.894371469427631,3.5298529735366984,4.0,9,2,0.12820967198924388,0.09678283471176294,0.16920188581490145,15.35,0.5903846153846154,0.0017717206132879047,3.9639182282793866,0.33406990588746016,0.2293836381260203,0.5118846976522577,0.3837809683834093,0.1890715529408365,0.3837809683834093,0.7675000000000001,2.2974233430608733,853.084637432229,11.140578603190875,0.29455189323426667,0.2293836381260203,0.5118846976522577,0.33406990588746016,249.18980881765313,2919.7441249934695,1.4993610934652148,3.345923040850655,7.270645249935052,16.224923782293306,0.14511241688209203,0.5661364883034603
525368335,9811363528,12,重点词,709,1295,709,9811363528,1363.47,2319,263,0.9787,79.0,0,0.588,0.1134,525368335_9811363528,181497.5,100380,138303,0.5530654692213391,1.3777943813508666,3.0630417483637205,2.7815627886031566,1.8907813943015783,0.11775778042578726,1363.47,0.00764362939505747,2026-09-16,9,2,0.631653162448089,0.4337143151258854,0.9678620623485779,0.0026930778521297495,0.0011459644741499868,0.006016943873344297,3.894371469427631,3.5298529735366984,4.0,9,2,0.12820967198924388,0.09678283471176294,0.16920188581490145,15.35,0.5903846153846154,0.0017717206132879047,3.9639182282793866,0.33406990588746016,0.2293836381260203,0.5118846976522577,0.3837809683834093,0.1890715529408365,0.3837809683834093,0.7675000000000001,2.2974233430608733,853.084637432229,0.27053947357724045,0.29455189323426667,0.2293836381260203,0.5118846976522577,0.33406990588746016,249.18980881765313,2919.7441249934695,1.4993610934652148,3.345923040850655,0.17656143442324507,0.3940084707660738,0.14511241688209203,0.5661364883034603
525368335,9811363528,16,重点词,836,1321,836,9811363528,22.95,53,54,0.7895,119.0,0,0.433,1.0189,525368335_9811363528,181497.5,100380,138303,0.5530654692213391,1.3777943813508666,3.3501942216481595,2.7815627886031566,1.8907813943015783,1.06594024673454,22.95,0.00012865797899225427,2026-09-16,9,2,0.631653162448089,0.4337143151258854,0.9678620623485779,0.0026930778521297495,0.0011459644741499868,0.006016943873344297,3.894371469427631,3.5298529735366984,4.0,9,2,0.12820967198924388,0.09678283471176294,0.16920188581490145,15.35,0.5903846153846154,0.0017717206132879047,3.9639182282793866,0.33406990588746016,0.2293836381260203,0.5118846976522577,0.3837809683834093,0.1890715529408365,0.3837809683834093,0.7675000000000001,2.2974233430608733,853.084637432229,2.448916005155999,0.29455189323426667,0.2293836381260203,0.5118846976522577,0.33406990588746016,249.18980881765313,2919.7441249934695,1.4993610934652148,3.345923040850655,1.598229333912481,3.5665540317191295,0.14511241688209203,0.5661364883034603
525368335,9811363528,22,重点词,954,1336,954,9811363528,22.07,35,90,0.72,249.0,0,0.6306,2.5714,525368335_9811363528,181497.5,100380,138303,0.5530654692213391,1.3777943813508666,2.367860841050936,2.367860841050936,1.683930420525468,2.3493570942048123,22.07,0.00012372468829451207,2026-09-16,9,2,0.631653162448089,0.4337143151258854,0.9678620623485779,0.0026930778521297495,0.0011459644741499868,0.006016943873344297,3.894371469427631,3.5298529735366984,4.0,9,2,0.12820967198924388,0.09678283471176294,0.16920188581490145,15.35,0.5903846153846154,0.0017717206132879047,3.9639182282793866,0.3751064502124634,0.25756071025223565,0.5747636900855785,0.34179543411376917,0.16838717612337797,0.34179543411376917,0.7675000000000001,2.0460858499374823,759.7574085425675,4.806986306902707,0.2623279956823179,0.25756071025223565,0.5747636900855785,0.3751064502124634,221.9285110471331,2600.3249064353845,1.3353313948654697,2.9798799640223392,3.1371702856415986,7.0008021333546635,0.1292371576746926,0.5042013094146205
525368335,9811363528,42,重点词,1672,1454,1672,9811363528,662.43,3390,507,0.9859,66.0,0,0.1954,0.1496,525368335_9811363528,181497.5,100380,138303,0.5530654692213391,1.3777943813508666,9.153802818302667,2.7815627886031566,1.8907813943015783,0.15244919218681782,662.43,0.003713590632847015,2026-09-16,9,2,0.631653162448089,0.4337143151258854,0.9678620623485779,0.0026930778521297495,0.0011459644741499868,0.006016943873344297,3.894371469427631,3.5298529735366984,4.0,9,2,0.12820967198924388,0.09678283471176294,0.16920188581490145,15.35,0.5903846153846154,0.0017717206132879047,3.9639182282793866,0.33406990588746016,0.2293836381260203,0.5118846976522577,0.3837809683834093,0.1890715529408365,0.3837809683834093,0.7675000000000001,2.2974233430608733,853.084637432229,0.35024033276076855,0.29455189323426667,0.2293836381260203,0.5118846976522577,0.33406990588746016,249.18980881765313,2919.7441249934695,1.4993610934652148,3.345923040850655,0.22857638749511586,0.5100832646969434,0.14511241688209203,0.5661364883034603
525368335,9811363528,45,重点词,1719,1465,1719,9811363528,49.34,66,98,0.7381,114.0,0,0.7476,1.4848,525368335_9811363528,181497.5,100380,138303,0.5530654692213391,1.3777943813508666,2.219422952362902,2.219422952362902,1.609711476181451,1.4732750682541478,49.34,0.0002766006398029554,2026-09-16,9,2,0.631653162448089,0.4337143151258854,0.9678620623485779,0.0026930778521297495,0.0011459644741499868,0.006016943873344297,3.894371469427631,3.5298529735366984,4.0,9,2,0.12820967198924388,0.09678283471176294,0.16920188581490145,15.35,0.5903846153846154,0.0017717206132879047,3.9639182282793866,0.3924014780254243,0.2694360582896136,0.601264311443275,0.326730859002873,0.1609655402287979,0.326730859002873,0.7675000000000001,1.9559049671833106,726.2712311255818,2.881586024025619,0.25076593428470506,0.2694360582896136,0.601264311443275,0.3924014780254243,212.1470500027879,2485.7160323663093,1.2764768927623409,2.848542265916849,1.8806015813092802,4.196686301243471,0.12354105212560239,0.48197872321658336
525368335,9811363528,48,重点词,1952,1486,1952,9811363528,23556.53,28520,31283,0.6368,210.0,0,0.826,1.0969,525368335_9811363528,181497.5,100380,138303,0.5530654692213391,1.3777943813508666,2.1886734247777966,2.1886734247777966,1.5943367123888983,1.0969581588281971,23556.53,0.1320581935455515,2026-09-16,9,2,0.631653162448089,0.4337143151258854,0.9678620623485779,0.0026930778521297495,0.0011459644741499868,0.006016943873344297,3.894371469427631,3.5298529735366984,4.0,9,2,0.12820967198924388,0.09678283471176294,0.16920188581490145,15.35,0.5903846153846154,0.0017717206132879047,3.9639182282793866,0.39618554696745456,0.27203432735110455,0.6070625199982802,0.3236101694536977,0.1594281174071447,0.3236101694536977,2.4325119251090586,6.1398300461194815,2279.8561286536737,6.735136662909271,0.7871855962826828,0.27203432735110455,0.6070625199982802,0.39618554696745456,665.9560938068073,7802.973169817204,4.007020438547169,8.941930045356028,4.395533762655657,9.808923118924286,0.3878107967905665,1.512991426499167
525368335,9811363528,53,重点词,2206,1524,2206,9811363528,32.01,43,63,0.8378,162.0,0,0.7444,1.4651,525368335_9811363528,181497.5,100380,138303,0.5530654692213391,1.3777943813508666,2.1414644565276353,2.1414644565276353,1.5707322282638176,1.4514187264864105,32.01,0.00017944844913037294,2026-09-16,9,2,0.631653162448089,0.4337143151258854,0.9678620623485779,0.0026930778521297495,0.0011459644741499868,0.006016943873344297,3.894371469427631,3.5298529735366984,4.0,9,2,0.12820967198924388,0.09678283471176294,0.16920188581490145,15.35,0.5903846153846154,0.0017717206132879047,3.9639182282793866,0.4021393023470819,0.2761223761259958,0.6161852701134094,0.31881905409630307,0.157067751220262,0.31881905409630307,0.7675000000000001,1.9085426257033178,708.6845351292006,2.7700945072433396,0.24469362401891262,0.2761223761259958,0.6161852701134094,0.4021393023470819,207.00989804766257,2425.524288123864,1.2455669377795109,2.779564665377885,1.8078391785855157,4.034312206809395,0.12054949906155112,0.47030758312640364
525368335,9811363528,62,重点词,2557,1582,2557,9811363528,126.11,148,160,0.844,71.0,0,0.8521,1.0811,525368335_9811363528,181497.5,100380,138303,0.5530654692213391,1.3777943813508666,2.054553344232366,2.054553344232366,1.527276672116183,1.0962971477615828,126.11,0.0007069741930593981,2026-09-16,9,2,0.631653162448089,0.4337143151258854,0.9678620623485779,0.0026930778521297495,0.0011459644741499868,0.006016943873344297,3.894371469427631,3.5298529735366984,4.0,9,2,0.12820967198924388,0.09678283471176294,0.16920188581490145,15.35,0.5903846153846154,0.0017717206132879047,3.9639182282793866,0.4135813595403609,0.2839788775958544,0.6337175706399781,0.30999867143850823,0.1527223469818329,0.30999867143850823,0.7675000000000001,1.8557412762823047,689.0782139159998,2.03444386817173,0.2379239803290551,0.2839788775958544,0.6337175706399781,0.4135813595403609,201.2828046030532,2358.420229906046,1.2111073379658983,2.7026657985889733,1.3277335202451377,2.962924806345872,0.11721440130855675,0.4572961498486909
525368335,9811363528,70,重点词,2742,1620,2742,9811363528,2201.88,6284,4228,0.9227,58.0,0,0.3504,0.6728,525368335_9811363528,181497.5,100380,138303,0.5530654692213391,1.3777943813508666,5.145020596980575,2.7815627886031566,1.8907813943015783,0.6737162039178015,2201.88,0.012343766047209798,2026-09-16,9,2,0.631653162448089,0.4337143151258854,0.9678620623485779,0.0026930778521297495,0.0011459644741499868,0.006016943873344297,3.894371469427631,3.5298529735366984,4.0,9,2,0.12820967198924388,0.09678283471176294,0.16920188581490145,15.35,0.5903846153846154,0.0017717206132879047,3.9639182282793866,0.33406990588746016,0.2293836381260203,0.5118846976522577,0.3837809683834093,0.1890715529408365,0.3837809683834093,0.7675000000000001,2.2974233430608733,853.084637432229,1.5478113334791166,0.29455189323426667,0.2293836381260203,0.5118846976522577,0.33406990588746016,249.18980881765313,2919.7441249934695,1.4993610934652148,3.345923040850655,1.0101438641914284,2.2542025696830104,0.14511241688209203,0.5661364883034603
525368335,9811363528,73,重点词,2843,1639,2843,9811363528,4124.08,5431,5542,0.7917,117.0,0,0.7594,1.0204,525368335_9811363528,181497.5,100380,138303,0.5530654692213391,1.3777943813508666,2.3783981017240894,2.3783981017240894,1.6891990508620447,1.0209638453853296,4124.08,0.023119642614482613,2026-09-16,9,2,0.631653162448089,0.4337143151258854,0.9678620623485779,0.0026930778521297495,0.0011459644741499868,0.006016943873344297,3.894371469427631,3.5298529735366984,4.0,9,2,0.12820967198924388,0.09678283471176294,0.16920188581490145,15.35,0.5903846153846154,0.0017717206132879047,3.9639182282793866,0.37393648908678884,0.25675737557663736,0.5729709958424682,0.3428648332831917,0.1689140208038947,0.3428648332831917,0.7675000000000001,2.0524875811781693,762.1345144385684,2.0955156134852975,0.2631487595448497,0.25675737557663736,0.5729709958424682,0.37393648908678884,222.62287422960318,2608.4607239964967,1.339509339162109,2.989203321915539,1.3675906058405083,3.05186851818149,0.1296415109669892,0.5057788391522772
525368335,9811363528,74,重点词,2914,1653,2914,9811363528,4623.04,5627,3428,0.7333,205.0,0,0.8216,0.6092,525368335_9811363528,181497.5,100380,138303,0.5530654692213391,1.3777943813508666,2.1986703711962643,2.1986703711962643,1.5993351855981321,0.6102967799557776,4623.04,0.02591681844010245,2026-09-16,9,2,0.631653162448089,0.4337143151258854,0.9678620623485779,0.0026930778521297495,0.0011459644741499868,0.006016943873344297,3.894371469427631,3.5298529735366984,4.0,9,2,0.12820967198924388,0.09678283471176294,0.16920188581490145,15.35,0.5903846153846154,0.0017717206132879047,3.9639182282793866,0.3949473307009489,0.27118412639917094,0.6051652405725126,0.32462473353522486,0.15992794731601268,0.32462473353522486,0.7675000000000001,1.9432970939133787,721.5896459794408,1.1859879589127553,0.24914948298828513,0.27118412639917094,0.6051652405725126,0.3949473307009489,210.77953820344067,2469.6929672138926,1.2682486510195325,2.830180402485189,0.7740080679004794,1.7272499863306574,0.12274469956503974,0.4788718612968708
525368335,9811363528,75,重点词,2919,1655,2919,9811363528,90.58,106,104,0.9079,95.0,0,0.8545,0.9811,525368335_9811363528,181497.5,100380,138303,0.5530654692213391,1.3777943813508666,2.024726739929226,2.024726739929226,1.512363369964613,1.0089680267614645,90.58,0.0005077925811380563,2026-09-16,9,2,0.631653162448089,0.4337143151258854,0.9678620623485779,0.0026930778521297495,0.0011459644741499868,0.006016943873344297,3.894371469427631,3.5298529735366984,4.0,9,2,0.12820967198924388,0.09678283471176294,0.16920188581490145,15.35,0.5903846153846154,0.0017717206132879047,3.9639182282793866,0.4176596544141827,0.2867791720821919,0.6399666122376557,0.3069716469719183,0.15123106871678801,0.3069716469719183,0.6374880748909426,1.5263338657527155,566.7618797375852,1.5400220687077153,0.19569076427423024,0.2867791720821919,0.6399666122376557,0.4176596544141827,165.55366051608488,1939.7836932276614,0.9961270833519785,2.2229231999743564,1.0050603776932987,2.242858434720407,0.09640800285996504,0.3761227974573564
525368335,9811363528,76,重点词,2961,1660,2961,9811363528,3144.54,4114,5321,0.9121,95.0,0,0.7644,1.2934,525368335_9811363528,181497.5,100380,138303,0.5530654692213391,1.3777943813508666,2.362050591688651,2.362050591688651,1.6810252958443255,1.2935522452816126,3144.54,0.01762832946667988,2026-09-16,9,2,0.631653162448089,0.4337143151258854,0.9678620623485779,0.0026930778521297495,0.0011459644741499868,0.006016943873344297,3.894371469427631,3.5298529735366984,4.0,9,2,0.12820967198924388,0.09678283471176294,0.16920188581490145,15.35,0.5903846153846154,0.0017717206132879047,3.9639182282793866,0.37575470399499833,0.2580058231116888,0.5757569887503993,0.3412057670233464,0.16809667377519233,0.3412057670233464,0.7675000000000001,2.0425559330062737,758.4466714881534,2.6421528132535443,0.26187542619041837,0.2580058231116888,0.5757569887503993,0.37575470399499833,221.54563893612806,2595.838813677278,1.3330276748628835,2.9747390610938074,1.7243409418414104,3.8479803916048105,0.12901419712246012,0.5033314589443215
525368335,9811363528,77,重点词,2978,1664,2978,9811363528,2698.76,4658,6365,0.9164,86.0,0,0.5794,1.3665,525368335_9811363528,181497.5,100380,138303,0.5530654692213391,1.3777943813508666,3.1144329443210412,2.7815627886031566,1.8907813943015783,1.3664857168990157,2698.76,0.01512928136754406,2026-09-16,9,2,0.631653162448089,0.4337143151258854,0.9678620623485779,0.0026930778521297495,0.0011459644741499868,0.006016943873344297,3.894371469427631,3.5298529735366984,4.0,9,2,0.12820967198924388,0.09678283471176294,0.16920188581490145,15.35,0.5903846153846154,0.0017717206132879047,3.9639182282793866,0.33406990588746016,0.2293836381260203,0.5118846976522577,0.3837809683834093,0.1890715529408365,0.3837809683834093,0.7675000000000001,2.2974233430608733,853.084637432229,3.1393961839630706,0.29455189323426667,0.2293836381260203,0.5118846976522577,0.33406990588746016,249.18980881765313,2919.7441249934695,1.4993610934652148,3.345923040850655,2.0488555186943063,4.572156045165742,0.14511241688209203,0.5661364883034603
525368335,9811363528,100,重点词,4091,1834,4091,9811363528,44.79,64,337,0.4,581.0,0,0.6998,5.2656,525368335_9811363528,181497.5,100380,138303,0.5530654692213391,1.3777943813508666,2.3420751004272695,2.3420751004272695,1.6710375502136348,4.833643820150097,44.79,0.00025109328449076556,2026-09-16,9,2,0.631653162448089,0.4337143151258854,0.9678620623485779,0.0026930778521297495,0.0011459644741499868,0.006016943873344297,3.894371469427631,3.5298529735366984,4.0,9,2,0.12820967198924388,0.09678283471176294,0.16920188581490145,15.35,0.5903846153846154,0.0017717206132879047,3.9639182282793866,0.3780005795604862,0.2595479168439015,0.5791982724893531,0.3391785063883169,0.16709793400418338,0.3391785063883169,0.7675000000000001,2.030420167324605,753.9403904417026,9.814327894096703,0.2603195036530333,0.2595479168439015,0.5791982724893531,0.3780005795604862,220.22933424234802,2580.4157395371235,1.3251075434001893,2.957064766047009,6.405097888190601,14.293397832186715,0.12824766434821075,0.5003409348919543
525368335,9811363528,103,重点词,4352,1870,4352,9811363528,29.26,39,434,0.2927,677.0,0,0.7503,11.1282,525368335_9811363528,181497.5,100380,138303,0.5530654692213391,1.3777943813508666,2.1054679516871255,2.1054679516871255,1.5527339758435628,9.46856074576185,29.26,0.00016403191569992856,2026-09-16,9,2,0.631653162448089,0.4337143151258854,0.9678620623485779,0.0026930778521297495,0.0011459644741499868,0.006016943873344297,3.894371469427631,3.5298529735366984,4.0,9,2,0.12820967198924388,0.09678283471176294,0.16920188581490145,15.35,0.5903846153846154,0.0017717206132879047,3.9639182282793866,0.40680063183709697,0.2793230017976897,0.6233276771204558,0.3151658624772868,0.1552679886746951,0.3151658624772868,0.7675000000000001,1.886673569148597,700.5640656309178,17.864083296906813,0.24188979945131764,0.2793230017976897,0.6233276771204558,0.40680063183709697,204.6378728663423,2397.7313915348855,1.2312945953973475,2.747714993253191,11.658587672448045,26.016906325658454,0.11916818130782851,0.4649185585403191
525368335,9811363528,146,重点词,6554,2211,6554,9811363528,22.07,120,24,0.5714,127.0,0,0.1839,0.2,525368335_9811363528,181497.5,100380,138303,0.5530654692213391,1.3777943813508666,7.468719033619804,2.7815627886031566,1.8907813943015783,0.2736121488344292,22.07,0.00012372468829451207,2026-09-16,9,2,0.631653162448089,0.4337143151258854,0.9678620623485779,0.0026930778521297495,0.0011459644741499868,0.006016943873344297,3.894371469427631,3.5298529735366984,4.0,9,2,0.12820967198924388,0.09678283471176294,0.16920188581490145,15.35,0.5903846153846154,0.0017717206132879047,3.9639182282793866,0.33406990588746016,0.2293836381260203,0.5118846976522577,0.3837809683834093,0.1890715529408365,0.3837809683834093,0.7675000000000001,2.2974233430608733,853.084637432229,0.6286029376772635,0.29455189323426667,0.2293836381260203,0.5118846976522577,0.33406990588746016,249.18980881765313,2919.7441249934695,1.4993610934652148,3.345923040850655,0.41024341066175685,0.9154851930417752,0.14511241688209203,0.5661364883034603
525368335,9811363528,176,潜力词,5309,2031,5309,9811363528,4.65,10,5,1.0,200.0,0,0.465,0.5,525368335_9811363528,181497.5,100380,138303,0.5530654692213391,1.3777943813508666,2.056730294275929,2.056730294275929,1.5283651471379645,0.8901308361559407,4.65,2.6067956527842372e-05,2026-09-16,9,2,0.631653162448089,0.4337143151258854,0.9678620623485779,0.0026930778521297495,0.0011459644741499868,0.006016943873344297,3.894371469427631,3.5298529735366984,4.0,9,2,0.12820967198924388,0.09678283471176294,0.16920188581490145,15.35,0.5903846153846154,0.0017717206132879047,3.9639182282793866,0.41328681410390083,0.2837766327883518,0.6332662480304582,0.31021960443434765,0.15283119069233575,0.31021960443434765,0.7675000000000001,1.8570638447880643,689.5693131631729,1.6530297929561657,0.23809354640336183,0.2837766327883518,0.6332662480304582,0.41328681410390083,201.4262568727857,2360.101052744491,1.2119704822213826,2.7045919618491707,1.078812298736038,2.4074407044614383,0.11729793885636769,0.4576220603047037
525368335,9811363528,188,潜力词,5624,2082,5624,9811363528,5.22,14,5,1.0,54.0,0,0.3729,0.3571,525368335_9811363528,181497.5,100380,138303,0.5530654692213391,1.3777943813508666,2.5130616608694187,2.5130616608694187,1.7565308304347094,0.7282888659457697,5.22,2.9263383457061755e-05,2026-09-16,9,2,0.631653162448089,0.4337143151258854,0.9678620623485779,0.0026930778521297495,0.0011459644741499868,0.006016943873344297,3.894371469427631,3.5298529735366984,4.0,9,2,0.12820967198924388,0.09678283471176294,0.16920188581490145,15.35,0.5903846153846154,0.0017717206132879047,3.9639182282793866,0.3596026619650999,0.24691528757200862,0.5510077281757985,0.356531487527439,0.17564696421260442,0.356531487527439,0.7675000000000001,2.134300107251396,792.5133339771596,1.5543870046980537,0.27363791667730947,0.24691528757200862,0.5510077281757985,0.3596026619650999,231.4966622463624,2712.434440061785,1.3929024236029044,3.1083535067717176,1.0144353264588732,2.2637792504053307,0.1348090450331739,0.5259392751251366
63563817,1841014603,2,黄金词,4048,38,4048,1841014603,2.81,2,23,0.0,477.0,0,1.405,11.5,63563817_1841014603,4767.6,4023,12090,0.8438207903347595,3.005219985085757,0.9595373977732911,0.9595373977732911,0.9797686988866455,4.704175988068606,2.81,0.0006002875398678513,2026-09-16,9,2,1.076512921238167,0.7391699940983812,1.6495065299068965,0.031931522279307796,0.013836162310148824,0.06869075378924173,3.4944571384741683,3.1299386425832356,3.7992192933446427,9,2,0.12820967198924388,0.09678283471176294,0.16920188581490145,7.78,1.1114285714285714,0.028925619834710745,3.4731404958677685,1.098741899451836,0.7544331584978503,1.6835672866272455,0.11668770623310885,0.057486763659830714,0.11668770623310885,0.389,0.3540412904924011,11.08751682414547,1.665472537519175,0.04539151772467935,0.7544331584978503,1.6835672866272455,1.098741899451836,3.363727770707299,37.26603480509796,0.23105699611169003,0.5156189062189906,1.0869327729838734,2.425562077629574,0.02236235106367415,0.08724369129407003
63563817,1841014603,4,黄金词,4675,42,4675,1841014603,1.45,1,3,0.0,42.0,0,1.45,3.0,63563817_1841014603,4767.6,4023,12090,0.8438207903347595,3.005219985085757,0.9721436127127064,0.9721436127127064,0.9860718063563532,3.004639986742895,1.45,0.00030975691559017237,2026-09-16,9,2,1.076512921238167,0.7391699940983812,1.6495065299068965,0.031931522279307796,0.013836162310148824,0.06869075378924173,3.4944571384741683,3.1299386425832356,3.7992192933446427,9,2,0.12820967198924388,0.09678283471176294,0.16920188581490145,7.78,1.1114285714285714,0.028925619834710745,3.4731404958677685,1.0917185891522485,0.74961071732666,1.672805691506392,0.11743838866827618,0.0578565909974925,0.11743838866827618,0.389,0.3563189304141738,11.15884571043689,1.0706101063558857,0.04568353319195943,0.74961071732666,1.672805691506392,1.0917185891522485,3.385367508394062,37.50577692240924,0.23254344600519528,0.5189360170666882,0.698709336522197,1.559215907439665,0.022506213898024582,0.08780495270495753
63563817,1841014603,7,黄金词,5801,63,5801,1841014603,0.5,1,2,0.0,32.0,0,0.5,2.0,63563817_1841014603,4767.6,4023,12090,0.8438207903347595,3.005219985085757,1.0800333828151678,1.0800333828151678,1.040016691407584,2.893528875631784,0.5,0.00010681272951385254,2026-09-16,9,2,1.076512921238167,0.7391699940983812,1.6495065299068965,0.031931522279307796,0.013836162310148824,0.06869075378924173,3.4944571384741683,3.1299386425832356,3.7992192933446427,9,2,0.12820967198924388,0.09678283471176294,0.16920188581490145,7.78,1.1114285714285714,0.028925619834710745,3.4731404958677685,1.0350919654771966,0.7107289721456014,1.5860385160495976,0.12386307329719909,0.06102174299828694,0.12386307329719909,0.389,0.3758120176506865,11.76931103889837,1.0874229248817031,0.048182735512610445,0.7107289721456014,1.5860385160495976,1.0350919654771966,3.5705703099743062,39.557599935494444,0.24526516604962162,0.5473253733074338,0.7096818401512044,1.5837017720310054,0.02373745802633362,0.09260848531796273
63563817,1841014603,1,重点词,9,1,9,1841014603,3424.41,3271,9750,0.6109,196.0,0,1.0469,2.9807,63563817_1841014603,4767.6,4023,12090,0.8438207903347595,3.005219985085757,1.131685203603477,1.131685203603477,1.0658426018017386,2.9807995608053326,3424.41,0.7315411581490635,2026-09-16,9,2,1.076512921238167,0.7391699940983812,1.6495065299068965,0.031931522279307796,0.013836162310148824,0.06869075378924173,3.4944571384741683,3.1299386425832356,3.7992192933446427,9,2,0.12820967198924388,0.09678283471176294,0.16920188581490145,7.78,1.1114285714285714,0.028925619834710745,3.4731404958677685,1.010011158700535,0.6935076462968001,1.5476079930737534,0.12693886684796285,0.06253704758886613,0.12693886684796285,6.829668252479657,6.7619730669774025,211.7648199741258,20.15608634822373,0.8669503489172742,0.6935076462968001,1.5476079930737534,1.010011158700535,64.24515219265051,711.7585728903094,4.41304793141772,9.848007140150214,13.15441133578282,29.354935358167538,0.4271072885214885,1.6663013796320307
63563817,1841014603,1,潜力词,1186,7,1186,1841014603,1.79,1,1,1.0,13.0,0,1.79,1.0,63563817_1841014603,4767.6,4023,12090,0.8438207903347595,3.005219985085757,0.93858738648709,0.93858738648709,0.969293693243545,2.7824177645206727,1.79,0.0003823895716595921,2026-09-16,9,2,1.076512921238167,0.7391699940983812,1.6495065299068965,0.031931522279307796,0.013836162310148824,0.06869075378924173,3.4944571384741683,3.1299386425832356,3.7992192933446427,9,2,0.12820967198924388,0.09678283471176294,0.16920188581490145,7.78,1.1114285714285714,0.028925619834710745,3.4731404958677685,1.1106158316534946,0.7625861998801402,1.7017613355010668,0.11544016241724575,0.05687215515639048,0.11544016241724575,0.389,0.350256127198235,10.968976804003088,0.9745588704485815,0.04490622318030859,0.7625861998801402,1.7017613355010668,1.1106158316534946,3.3277651323620936,36.867612274022036,0.228586695375508,0.5101062674110038,0.636023681945889,1.4193287402377097,0.022123268355835897,0.08631094241194226
63563817,1841014603,4,潜力词,3169,30,3169,1841014603,5.66,4,4,1.0,7.0,0,1.415,1.0,63563817_1841014603,4767.6,4023,12090,0.8438207903347595,3.005219985085757,0.9329696084250255,0.9329696084250255,0.9664848042125127,2.3368133233905044,5.66,0.0012091200980968108,2026-09-16,9,2,1.076512921238167,0.7391699940983812,1.6495065299068965,0.031931522279307796,0.013836162310148824,0.06869075378924173,3.4944571384741683,3.1299386425832356,3.7992192933446427,9,2,0.12820967198924388,0.09678283471176294,0.16920188581490145,7.78,1.1114285714285714,0.028925619834710745,3.4731404958677685,1.1138436078312732,0.7648024996116245,1.7067071543363859,0.11510563160556853,0.0567073469316971,0.11510563160556853,0.17233174752034408,0.15471808277993832,4.845308702372716,0.36154727720959484,0.019836354644020573,0.7648024996116245,1.7067071543363859,1.1138436078312732,1.469968406661424,16.285471815550736,0.10097323789994385,0.22532843133731403,0.23595560763046783,0.5265504804877179,0.009772476193981782,0.03812599550998707
63563817,1841014603,8,潜力词,6414,76,6414,1841014603,1.78,1,1,1.0,260.0,0,1.78,1.0,63563817_1841014603,4767.6,4023,12090,0.8438207903347595,3.005219985085757,0.9395412354570973,0.9395412354570973,0.9697706177285487,2.7824177645206727,1.78,0.000380253317069315,2026-09-16,9,2,1.076512921238167,0.7391699940983812,1.6495065299068965,0.031931522279307796,0.013836162310148824,0.06869075378924173,3.4944571384741683,3.1299386425832356,3.7992192933446427,9,2,0.12820967198924388,0.09678283471176294,0.16920188581490145,7.78,1.1114285714285714,0.028925619834710745,3.4731404958677685,1.1100696407565287,0.7622111668321183,1.7009244245515125,0.1154969627868276,0.05690013813358106,0.1154969627868276,0.389,0.3504284647717154,10.97437390258088,0.9750383855745277,0.04492831852407594,0.7622111668321183,1.7009244245515125,1.1100696407565287,3.3294025026277083,36.88575235593907,0.22869916757328518,0.5103572565287273,0.6363366265869989,1.420027096817565,0.022134153733963033,0.08635341024398009
63563817,2874903000,1,黄金词,1307,116,1307,2874903000,0.81,1,0,0.0,0.0,0,0.81,0.0,63563817_2874903000,2847.9100000000003,2019,2179,0.7089409426561935,1.079247152055473,1.0677062829835837,1.0677062829835837,1.0338531414917917,0.9593308018270871,0.81,0.000409991648318275,2026-09-16,9,2,1.3310672462739297,0.9139555588810021,2.0395520305959103,0.025897621727740697,0.011145672325442519,0.05649277202780692,3.6401342854866394,3.2756157895957068,3.944896440357114,9,2,0.12820967198924388,0.09678283471176294,0.16920188581490145,6.13,1.5325,0.028368794326241134,3.6914893617021276,1.2874819380567677,0.8840284197059322,1.9727676482686427,0.09958172476015803,0.049059419033307,0.09958172476015803,0.3065,0.23806159212035935,9.192411358196473,0.2283798180530573,0.030521798638988438,0.8840284197059322,1.9727676482686427,1.2874819380567677,2.7501833982181796,31.106989382830026,0.15536548375019896,0.3467083106920429,0.14904689410233163,0.33260796169631235,0.015036711933708596,0.05866369999679241
63563817,2874903000,2,黄金词,2499,129,2499,2874903000,1.08,1,0,0.0,0.0,0,1.08,0.0,63563817_2874903000,2847.9100000000003,2019,2179,0.7089409426561935,1.079247152055473,1.0361657253899768,1.0361657253899768,1.0180828626949885,0.9593308018270871,1.08,0.0005466555310910333,2026-09-16,9,2,1.3310672462739297,0.9139555588810021,2.0395520305959103,0.025897621727740697,0.011145672325442519,0.05649277202780692,3.6401342854866394,3.2756157895957068,3.944896440357114,9,2,0.12820967198924388,0.09678283471176294,0.16920188581490145,6.13,1.5325,0.028368794326241134,3.6914893617021276,1.307425254905513,0.897722172104588,2.0033261587342404,0.09806271640248339,0.04831107220848808,0.09806271640248339,0.3065,0.2344302275407328,9.052191355842483,0.22489613815915768,0.03005622257736116,0.897722172104588,2.0033261587342404,1.307425254905513,2.708232411959475,30.632486887834876,0.1529955562471443,0.341419661365222,0.14677334965055416,0.32753439749703095,0.014807343631901598,0.057768850557280614
63563817,2874903000,3,黄金词,4345,150,4345,2874903000,0.56,1,0,0.0,0.0,0,0.56,0.0,63563817_2874903000,2847.9100000000003,2019,2179,0.7089409426561935,1.079247152055473,1.0986722424668662,1.0986722424668662,1.0493361212334331,0.9593308018270871,0.56,0.00028345101612127656,2026-09-16,9,2,1.3310672462739297,0.9139555588810021,2.0395520305959103,0.025897621727740697,0.011145672325442519,0.05649277202780692,3.6401342854866394,3.2756157895957068,3.944896440357114,9,2,0.12820967198924388,0.09678283471176294,0.16920188581490145,6.13,1.5325,0.028368794326241134,3.6914893617021276,1.268485111052251,0.8709845590816991,1.9436594141051167,0.10107306019767914,0.049794132659976786,0.10107306019767914,0.3065,0.24162680139441917,9.330076867081441,0.23180003312462247,0.030978892950588657,0.8709845590816991,1.9436594141051167,1.268485111052251,2.791370131741055,31.57284750823345,0.1576922364976768,0.3519006127079344,0.15127901968122293,0.3375890969525459,0.015261901660282885,0.05954224728960177
63563817,2874903000,4,黄金词,5351,166,5351,2874903000,4.07,3,6,0.75,558.0,0,1.3567,2.0,63563817_2874903000,2847.9100000000003,2019,2179,0.7089409426561935,1.079247152055473,1.0133276331568972,1.0133276331568972,1.0066638165784485,1.330361565131253,4.07,0.002060081492167135,2026-09-16,9,2,1.3310672462739297,0.9139555588810021,2.0395520305959103,0.025897621727740697,0.011145672325442519,0.05649277202780692,3.6401342854866394,3.2756157895957068,3.944896440357114,9,2,0.12820967198924388,0.09678283471176294,0.16920188581490145,6.13,1.5325,0.028368794326241134,3.6914893617021276,1.3222559749868597,0.9079054435347118,2.0260507996881696,0.09696282294395984,0.047769204368744766,0.09696282294395984,0.3065,0.23180080544014628,8.950659943876188,0.3083788823240381,0.029719105232323694,0.9079054435347118,2.0260507996881696,1.3222559749868597,2.6778562687793315,30.28890603282417,0.15127952371538442,0.3375902217379773,0.20125646394230934,0.44911705576434224,0.014641261139020272,0.0571209021507365
63563817,2874903000,5,黄金词,5995,169,5995,2874903000,0.92,1,0,0.0,0.0,0,0.92,0.0,63563817_2874903000,2847.9100000000003,2019,2179,0.7089409426561935,1.079247152055473,1.0546274755082838,1.0546274755082838,1.027313737754142,0.9593308018270871,0.92,0.0004656695264849543,2026-09-16,9,2,1.3310672462739297,0.9139555588810021,2.0395520305959103,0.025897621727740697,0.011145672325442519,0.05649277202780692,3.6401342854866394,3.2756157895957068,3.944896440357114,9,2,0.12820967198924388,0.09678283471176294,0.16920188581490145,6.13,1.5325,0.028368794326241134,3.6914893617021276,1.2956774521324297,0.8896557354319456,1.9853253739745262,0.09895184312904112,0.048749104796866796,0.09895184312904112,0.3065,0.23655578747284783,9.134266843486131,0.2269352532731651,0.030328739919051106,0.8896557354319456,1.9853253739745262,1.2956774521324297,2.7327877364246875,30.910229171468103,0.15438275459422637,0.34451528584951807,0.1481041317531536,0.3305041254157063,0.014941600620239671,0.05829263605779829
63563817,2874903000,1,重点词,431,109,431,2874903000,121.72,94,161,0.9146,114.0,0,1.2949,1.7128,63563817_2874903000,2847.9100000000003,2019,2179,0.7089409426561935,1.079247152055473,1.083773652535464,1.083773652535464,1.0418868262677319,1.663078208004351,121.72,0.06161010300407461,2026-09-16,9,2,1.3310672462739297,0.9139555588810021,2.0395520305959103,0.025897621727740697,0.011145672325442519,0.05649277202780692,3.6401342854866394,3.2756157895957068,3.944896440357114,9,2,0.12820967198924388,0.09678283471176294,0.16920188581490145,6.13,1.5325,0.028368794326241134,3.6914893617021276,1.2775545411607763,0.8772119349612973,1.9575562135688336,0.10035553697202904,0.049440641367492336,0.10035553697202904,0.4532039176979728,0.35474330300309154,13.697910438745113,0.589965856659926,0.04548152251840732,0.8772119349612973,1.9575562135688336,1.2775545411607763,4.0981375191968565,46.35353423398152,0.23151514861059022,0.5166413036981402,0.3850277984771614,0.8592148935353346,0.022406692361247985,0.08741668287559454
63563817,2874903000,2,重点词,2275,128,2275,2874903000,264.04,180,181,0.9463,87.0,0,1.4669,1.0056,63563817_2874903000,2847.9100000000003,2019,2179,0.7089409426561935,1.079247152055473,0.9627337427842334,0.9627337427842334,0.9813668713921166,1.0086913681725733,264.04,0.1336471541011819,2026-09-16,9,2,1.3310672462739297,0.9139555588810021,2.0395520305959103,0.025897621727740697,0.011145672325442519,0.05649277202780692,3.6401342854866394,3.2756157895957068,3.944896440357114,9,2,0.12820967198924388,0.09678283471176294,0.16920188581490145,6.13,1.5325,0.028368794326241134,3.6914893617021276,1.3563401059032552,0.9313087546806137,2.078276830053073,0.09452619695549193,0.046568788773578056,0.09452619695549193,0.8976219364512953,0.6617970909689526,25.554357767920322,0.6675490131421017,0.0848487879565652,0.9313087546806137,2.078276830053073,1.3563401059032552,7.64534655238175,86.475583478207,0.4319068198572818,0.9638285175995461,0.43566068104490674,0.9722055061012294,0.04180116635713047,0.16308160278002415
63563817,2874903000,3,重点词,2561,130,2561,2874903000,402.98,281,248,0.9607,79.0,0,1.4341,0.8826,63563817_2874903000,2847.9100000000003,2019,2179,0.7089409426561935,1.079247152055473,0.9839088145876147,0.9839088145876147,0.9919544072938073,0.8880068415793902,402.98,0.20397337585098574,2026-09-16,9,2,1.3310672462739297,0.9139555588810021,2.0395520305959103,0.025897621727740697,0.011145672325442519,0.05649277202780692,3.6401342854866394,3.2756157895957068,3.944896440357114,9,2,0.12820967198924388,0.09678283471176294,0.16920188581490145,6.13,1.5325,0.028368794326241134,3.6914893617021276,1.341863332111473,0.9213685146824467,2.056094529747691,0.09554599855374324,0.047071198970428385,0.09554599855374324,1.500428152759851,1.1181676381296375,43.17646036708816,0.992940512691786,0.14335990611358837,0.9213685146824467,2.056094529747691,1.341863332111473,12.91752292933594,146.1085282078481,0.7297466780109438,1.6284777793573504,0.6480200426935505,1.4460994094293398,0.07062695211939127,0.27554151127492665
63563817,2874903000,6,重点词,4667,156,4667,2874903000,8.06,19,37,0.7059,196.0,0,0.4242,1.9474,63563817_2874903000,2847.9100000000003,2019,2179,0.7089409426561935,1.079247152055473,2.162564508140408,2.162564508140408,1.581282254070204,1.6901473043127326,8.06,0.00407966998203123,2026-09-16,9,2,1.3310672462739297,0.9139555588810021,2.0395520305959103,0.025897621727740697,0.011145672325442519,0.05649277202780692,3.6401342854866394,3.2756157895957068,3.944896440357114,9,2,0.12820967198924388,0.09678283471176294,0.16920188581490145,6.13,1.5325,0.028368794326241134,3.6914893617021276,0.8417644875529188,0.5779838207432544,1.2898089669609107,0.15231062118331976,0.07503656525183397,0.15231062118331976,0.3065,0.36411609723643923,14.059827619090205,0.6154098402010406,0.046683205392687506,0.5779838207432544,1.2898089669609107,0.8417644875529188,4.206415813338634,47.57825682827884,0.23763208959710144,0.530291660423744,0.40163323565074277,0.8962710203647138,0.02299870724968711,0.08972634897561282
63563817,2874903000,7,重点词,4798,159,4798,2874903000,105.25,107,116,0.973,83.0,0,0.9836,1.0841,63563817_2874903000,2847.9100000000003,2019,2179,0.7089409426561935,1.079247152055473,1.4031361408250778,1.4031361408250778,1.2015680704125389,1.0837737149255982,105.25,0.05327360615493635,2026-09-16,9,2,1.3310672462739297,0.9139555588810021,2.0395520305959103,0.025897621727740697,0.011145672325442519,0.05649277202780692,3.6401342854866394,3.2756157895957068,3.944896440357114,9,2,0.12820967198924388,0.09678283471176294,0.16920188581490145,6.13,1.5325,0.028368794326241134,3.6914893617021276,1.1077751473679966,0.7606356904667168,1.697408645267732,0.11573618734258655,0.05701799326967455,0.11573618734258655,0.3918806468757118,0.3537546837070639,13.65973630420794,0.38339002773353464,0.04535477196274138,0.7606356904667168,1.697408645267732,1.1077751473679966,4.086716590894745,46.224353505283204,0.2308699487116731,0.5152014976253069,0.2502107819799323,0.5583618410166106,0.022344248086075044,0.0871730649728634
63563817,2874903000,8,重点词,4860,164,4860,2874903000,46.03,41,111,0.5625,173.0,0,1.1227,2.7073,63563817_2874903000,2847.9100000000003,2019,2179,0.7089409426561935,1.079247152055473,1.2182056559926036,1.2182056559926036,1.1091028279963018,2.4415097391110976,46.03,0.023298661200111356,2026-09-16,9,2,1.3310672462739297,0.9139555588810021,2.0395520305959103,0.025897621727740697,0.011145672325442519,0.05649277202780692,3.6401342854866394,3.2756157895957068,3.944896440357114,9,2,0.12820967198924388,0.09678283471176294,0.16920188581490145,6.13,1.5325,0.028368794326241134,3.6914893617021276,1.200129701840746,0.824049435102558,1.838920593395792,0.10682984663457397,0.052630241381462585,0.10682984663457397,0.3065,0.25538906297368824,9.861487114862124,0.6235348845127172,0.032743347993496916,0.824049435102558,1.838920593395792,1.200129701840746,2.9503573206451197,33.37113223369901,0.16667386351577598,0.37194370500582186,0.4069358610290409,0.9081041781727791,0.016131168983418282,0.06293357630396645
63563817,2874903000,10,重点词,6282,172,6282,2874903000,162.07,119,149,0.947,76.0,0,1.3619,1.2521,63563817_2874903000,2847.9100000000003,2019,2179,0.7089409426561935,1.079247152055473,1.0340093627088827,1.0340093627088827,1.0170046813544413,1.2412124190271163,162.07,0.08203376104067016,2026-09-16,9,2,1.3310672462739297,0.9139555588810021,2.0395520305959103,0.025897621727740697,0.011145672325442519,0.05649277202780692,3.6401342854866394,3.2756157895957068,3.944896440357114,9,2,0.12820967198924388,0.09678283471176294,0.16920188581490145,6.13,1.5325,0.028368794326241134,3.6914893617021276,1.3088113267101402,0.8986738956440211,2.0054499925011613,0.09795886494313494,0.04825990928402913,0.09795886494313494,0.6034403462151697,0.46105984407392925,17.803173160879744,0.5722732043792668,0.059112331376130395,0.8986738956440211,2.0054499925011613,1.3088113267101402,5.326349023643036,60.24568493688748,0.30090022113319803,0.671478663328396,0.37348109135853097,0.833447656034933,0.02912197636666722,0.11361545611963392
63563817,2874903000,1,潜力词,193,106,193,2874903000,4.83,5,4,1.0,63.0,0,0.966,0.8,63563817_2874903000,2847.9100000000003,2019,2179,0.7089409426561935,1.079247152055473,1.1724417106533702,1.1724417106533702,1.086220855326685,0.9718444012649065,4.83,0.0024447650140460102,2026-09-16,9,2,1.3310672462739297,0.9139555588810021,2.0395520305959103,0.025897621727740697,0.011145672325442519,0.05649277202780692,3.6401342854866394,3.2756157895957068,3.944896440357114,9,2,0.12820967198924388,0.09678283471176294,0.16920188581490145,6.13,1.5325,0.028368794326241134,3.6914893617021276,1.2254112409521047,0.8414085905265799,1.8776586921473786,0.10462583311185324,0.05154442344421901,0.10462583311185324,0.3065,0.25012011458443895,9.658034132011371,0.24307783300262387,0.032067817848783015,0.8414085905265799,1.8776586921473786,1.2254112409521047,2.889488306634427,32.68265023144393,0.16323520418371254,0.3642701102067221,0.15863921927527486,0.35401386715255334,0.015798365785653124,0.06163518959297936
63563817,2874903000,8,潜力词,2669,133,2669,2874903000,7.34,7,9,0.8571,23.0,0,1.0486,1.2857,63563817_2874903000,2847.9100000000003,2019,2179,0.7089409426561935,1.079247152055473,1.1645378643149817,1.1645378643149817,1.0822689321574908,1.175598481096252,7.34,0.0037152329613038743,2026-09-16,9,2,1.3310672462739297,0.9139555588810021,2.0395520305959103,0.025897621727740697,0.011145672325442519,0.05649277202780692,3.6401342854866394,3.2756157895957068,3.944896440357114,9,2,0.12820967198924388,0.09678283471176294,0.16920188581490145,6.13,1.5325,0.028368794326241134,3.6914893617021276,1.2298858506641803,0.8444810081160161,1.884514994373983,0.10424518008724654,0.051356892887930154,0.10424518008724654,0.3065,0.24921011965011186,9.622895965893502,0.29297103813448677,0.03195114769674106,0.8444810081160161,1.884514994373983,1.2298858506641803,2.878975678626866,32.563743176725794,0.16264131668626824,0.3629448111376503,0.19120088485987147,0.4266773686951878,0.01574088767015059,0.06141094649122368
63563817,2874903000,10,潜力词,2959,140,2959,2874903000,1.27,2,2,1.0,25.0,0,0.635,1.0,63563817_2874903000,2847.9100000000003,2019,2179,0.7089409426561935,1.079247152055473,1.1662496741831487,1.1662496741831487,1.0831248370915745,1.0633977216443784,1.27,0.0006428264115607522,2026-09-16,9,2,1.3310672462739297,0.9139555588810021,2.0395520305959103,0.025897621727740697,0.011145672325442519,0.05649277202780692,3.6401342854866394,3.2756157895957068,3.944896440357114,9,2,0.12820967198924388,0.09678283471176294,0.16920188581490145,6.13,1.5325,0.028368794326241134,3.6914893617021276,1.2289139725095164,0.8438136838733856,1.883025816370854,0.10432762167023946,0.051397508133102496,0.10432762167023946,0.3065,0.24940720575754258,9.630506166919012,0.26521905436426146,0.03197641604192839,0.8438136838733856,1.883025816370854,1.2289139725095164,2.8812524967219133,32.58949598883103,0.16276994045186055,0.363231843542834,0.17308918382869964,0.386259914852137,0.015753336242795915,0.06145951291547075
63563817,2874903000,13,潜力词,4363,152,4363,2874903000,0.15,1,1,1.0,15.0,0,0.15,1.0,63563817_2874903000,2847.9100000000003,2019,2179,0.7089409426561935,1.079247152055473,1.15353894397861,1.15353894397861,1.076769471989305,1.0704419129381981,0.15,7.592437931819907e-05,2026-09-16,9,2,1.3310672462739297,0.9139555588810021,2.0395520305959103,0.025897621727740697,0.011145672325442519,0.05649277202780692,3.6401342854866394,3.2756157895957068,3.944896440357114,9,2,0.12820967198924388,0.09678283471176294,0.16920188581490145,6.13,1.5325,0.028368794326241134,3.6914893617021276,1.2361673328412772,0.8487940851373617,1.8941399098433653,0.10371546681674518,0.051095927079518814,0.10371546681674518,0.13792499999999996,0.1115747005569103,4.308299106762961,0.11943423589964569,0.014304955760699576,0.8487940851373617,1.8941399098433653,1.2361673328412772,1.288955880701837,14.579222942697541,0.07281669072238997,0.16249524167888063,0.07794603771070427,0.17394171734609581,0.0070474057424426305,0.027494501328014776
63563817,4190988309,1,黄金词,2397,186,2397,4190988309,2.26,2,36,0.5,1490.0,0,1.13,18.0,63563817_4190988309,2478.0,1635,12179,0.6598062953995157,7.4489296636085625,1.0747279709835715,1.0747279709835715,1.0373639854917858,9.55914373088685,2.26,0.0009261384126151524,2026-09-16,9,2,1.046276962409603,0.7184089673908124,1.6031769313096516,0.006720282296943836,0.002864603220122306,0.014958827095763216,3.868160627301706,3.5036421314107735,4.0,9,2,0.12820967198924388,0.09678283471176294,0.16920188581490145,3.84,0.96,0.006359300476947536,3.9069952305246423,1.0085919475155019,0.6925331681437104,1.5454333808876441,0.12711748522786348,0.0626250447988733,0.12711748522786348,0.192,0.19036439907433328,28.32684560898651,1.8197206519954554,0.02440655716374979,0.6925331681437104,1.5454333808876441,1.0085919475155019,8.305263154199565,96.78235255895792,0.12423699550848433,0.27724303879140316,1.1875992967591458,2.6502060561948615,0.012024008601383673,0.04691004499255929
63563817,4190988309,2,黄金词,2706,188,2706,4190988309,0.48,2,0,0.0,0.0,0,0.24,0.0,63563817_4190988309,2478.0,1635,12179,0.6598062953995157,7.4489296636085625,1.298734503577337,1.298734503577337,1.1493672517886684,5.95914373088685,0.48,0.00019670196374127133,2026-09-16,9,2,1.046276962409603,0.7184089673908124,1.6031769313096516,0.006720282296943836,0.002864603220122306,0.014958827095763216,3.868160627301706,3.5036421314107735,4.0,9,2,0.12820967198924388,0.09678283471176294,0.16920188581490145,3.84,0.96,0.006359300476947536,3.9069952305246423,0.9103069195519238,0.6250473608612129,1.3948343567425951,0.1408422469779225,0.06938661515176844,0.1408422469779225,0.192,0.21091787382491534,31.385269919514226,1.2568899255357278,0.02704171141976112,0.6250473608612129,1.3948343567425951,0.9103069195519238,9.201975025572766,107.23185703193305,0.1376507533470743,0.3071767229533702,0.8202806238600698,1.8305102428619426,0.01332223010913954,0.051974880802151756
63563817,4190988309,3,重点词,2941,191,2941,4190988309,38.41,28,269,0.4138,643.0,0,1.3718,9.6071,63563817_4190988309,2478.0,1635,12179,0.6598062953995157,7.4489296636085625,1.08665154395753,1.08665154395753,1.043325771978765,9.127539925246346,38.41,0.01574025505687965,2026-09-16,9,2,1.046276962409603,0.7184089673908124,1.6031769313096516,0.006720282296943836,0.002864603220122306,0.014958827095763216,3.868160627301706,3.5036421314107735,4.0,9,2,0.12820967198924388,0.09678283471176294,0.16920188581490145,3.84,0.96,0.006359300476947536,3.9069952305246423,1.0028286375263604,0.6885758855820101,1.5366024441906352,0.12784803623627447,0.06298495429163575,0.12784803623627447,0.192,0.19145843349029118,28.48964151064907,1.7475444957077548,0.024546822957364697,0.6885758855820101,1.5366024441906352,1.0028286375263604,8.352993947186407,97.3385659322133,0.12495099218791816,0.27883636941150564,1.1404951698943673,2.5450900944142565,0.012093111223994066,0.04717963953820726
63563817,4190988309,6,重点词,4101,199,4101,4190988309,33.58,27,56,0.6538,97.0,0,1.2437,2.0741,63563817_4190988309,2478.0,1635,12179,0.6598062953995157,7.4489296636085625,1.1762992535406145,1.1762992535406145,1.0881496267703072,3.3026124945391,33.58,0.013760941546733105,2026-09-16,9,2,1.046276962409603,0.7184089673908124,1.6031769313096516,0.006720282296943836,0.002864603220122306,0.014958827095763216,3.868160627301706,3.5036421314107735,4.0,9,2,0.12820967198924388,0.09678283471176294,0.16920188581490145,3.84,0.96,0.006359300476947536,3.9069952305246423,0.9615193872877715,0.6602115643995513,1.473305593154478,0.13334070397778908,0.06569094365856733,0.13334070397778908,0.192,0.1996839611748116,29.713626950704334,0.6594787451349934,0.025601415163735507,0.6602115643995513,1.473305593154478,0.9615193872877715,8.711859219970002,101.52047139467253,0.13031919575416187,0.2908158692655134,0.43039380417598183,0.9604521234465341,0.012612661182444926,0.0492065935046247
63563817,4190988309,7,重点词,4177,202,4177,4190988309,2053.55,1402,10918,0.4145,483.0,0,1.4647,7.7874,63563817_4190988309,2478.0,1635,12179,0.6598062953995157,7.4489296636085625,1.0345924083827065,1.0345924083827065,1.0172962041913531,7.785525842063028,2053.55,0.8415360784185162,2026-09-16,9,2,1.046276962409603,0.7184089673908124,1.6031769313096516,0.006720282296943836,0.002864603220122306,0.014958827095763216,3.868160627301706,3.5036421314107735,4.0,9,2,0.12820967198924388,0.09678283471176294,0.16920188581490145,3.84,0.96,0.006359300476947536,3.9069952305246423,1.0284880235459903,0.7061944834069979,1.5759195057490791,0.12465840053946996,0.06141356481640813,0.12465840053946996,3.4559999999999995,3.360272478511228,500.01954233966774,26.16148821782235,0.4308194322644081,0.7061944834069979,1.5759195057490791,1.0284880235459903,146.6027646952658,1708.3818050582418,2.1930054088373407,4.893836019968197,17.073700282287113,38.10108680028127,0.21224528000550646,0.8280462834475106
63563817,4190988309,10,重点词,6083,217,6083,4190988309,22.89,16,84,0.4375,371.0,0,1.4306,5.25,63563817_4190988309,2478.0,1635,12179,0.6598062953995157,7.4489296636085625,1.0439270204976954,1.0439270204976954,1.0219635102488476,5.9829765545361875,22.89,0.009380224895911877,2026-09-16,9,2,1.046276962409603,0.7184089673908124,1.6031769313096516,0.006720282296943836,0.002864603220122306,0.014958827095763216,3.868160627301706,3.5036421314107735,4.0,9,2,0.12820967198924388,0.09678283471176294,0.16920188581490145,3.84,0.96,0.006359300476947536,3.9069952305246423,1.023790920044528,0.7029692940953246,1.568722283361447,0.1252303272856411,0.06169532729807176,0.1252303272856411,0.192,0.1875382915015981,27.90631155284717,1.1220372011318345,0.024044222838843093,0.7029692940953246,1.568722283361447,1.023790920044528,8.181965062708851,95.34554325635719,0.12239260067663715,0.27312715023647144,0.73227206029703,1.6341133362720914,0.011845502841229778,0.046213628887260876
63563817,4190988310,1,黄金词,3180,258,3180,4190988310,3.89,3,14,0.6667,676.0,0,1.2967,4.6667,63563817_4190988310,4981.89,3283,7520,0.6589868503720475,2.2905878769418213,1.0554345512638328,1.0554345512638328,1.0277172756319164,2.938609365048597,3.89,0.0008100437090422951,2026-09-16,9,2,1.2332866221928016,0.8468160922763157,1.889725888486364,0.02819022800948419,0.012152936574044043,0.06127856480502272,3.702798920005238,3.338280424114305,3.982829822509732,9,2,0.12820967198924388,0.09678283471176294,0.16920188581490145,5.88,1.176,0.029940119760479042,3.68562874251497,1.2000251931490458,0.8239776759183411,1.838760458049536,0.10683915031217178,0.05263482488329408,0.10683915031217178,0.294,0.24499485650672048,8.690772434486714,0.7199441797193861,0.031410710191778504,0.8239776759183411,1.838760458049536,1.2000251931490458,2.6092373666745483,29.35963509985638,0.15989032106545314,0.35680578320563183,0.4698551948635676,1.048512816031569,0.01547463851568846,0.0603722113880558
63563817,4190988310,2,黄金词,3501,261,3501,4190988310,1.01,1,0,0.0,0.0,0,1.01,0.0,63563817_4190988310,4981.89,3283,7520,0.6589868503720475,2.2905878769418213,1.055951594546226,1.055951594546226,1.027975797273113,2.0360781128371745,1.01,0.00021031983191072443,2026-09-16,9,2,1.2332866221928016,0.8468160922763157,1.889725888486364,0.02819022800948419,0.012152936574044043,0.06127856480502272,3.702798920005238,3.338280424114305,3.982829822509732,9,2,0.12820967198924388,0.09678283471176294,0.16920188581490145,5.88,1.176,0.029940119760479042,3.68562874251497,1.19972340347342,0.8237704569724742,1.8382980353226166,0.10686602563395302,0.052648065140741884,0.10686602563395302,0.294,0.2450564848104287,8.692958592884848,0.49895414513132935,0.03141861153638219,0.8237704569724742,1.8382980353226166,1.19972340347342,2.609893718710558,29.367020497796954,0.1599305413762267,0.3568955374783777,0.3256310748703353,0.7266671924289844,0.015478531151378112,0.060387397980264344
63563817,4190988310,1,重点词,925,228,925,4190988310,109.28,74,122,0.9231,44.0,0,1.4768,1.6486,63563817_4190988310,4981.89,3283,7520,0.6589868503720475,2.2905878769418213,1.0256825569075831,1.0256825569075831,1.0128412784537915,1.7112768660431046,109.28,0.022756189337825708,2026-09-16,9,2,1.2332866221928016,0.8468160922763157,1.889725888486364,0.02819022800948419,0.012152936574044043,0.06127856480502272,3.702798920005238,3.338280424114305,3.982829822509732,9,2,0.12820967198924388,0.09678283471176294,0.16920188581490145,5.88,1.176,0.029940119760479042,3.68562874251497,1.2176504339115632,0.8360797592778499,1.8657670542133007,0.10529267548272037,0.05187294656811879,0.10529267548272037,0.294,0.24144860611231295,8.564975282607898,0.4131854139783549,0.03095604659191979,0.8360797592778499,1.8657670542133007,1.2176504339115632,2.5714691899356272,28.934660392072377,0.1575759413995896,0.35164109253635994,0.2696560631620816,0.6017552668075954,0.015250646291026924,0.05949833598716437
63563817,4190988310,3,重点词,1186,231,1186,4190988310,55.07,39,57,0.8974,146.0,0,1.4121,1.4615,63563817_4190988310,4981.89,3283,7520,0.6589868503720475,2.2905878769418213,1.0651315941523276,1.0651315941523276,1.0325657970761637,1.6026532556496715,55.07,0.011467636775567915,2026-09-16,9,2,1.2332866221928016,0.8468160922763157,1.889725888486364,0.02819022800948419,0.012152936574044043,0.06127856480502272,3.702798920005238,3.338280424114305,3.982829822509732,9,2,0.12820967198924388,0.09678283471176294,0.16920188581490145,5.88,1.176,0.029940119760479042,3.68562874251497,1.1943903484746479,0.8201086019643291,1.8301263646707588,0.10734319157298955,0.05288314325179084,0.10734319157298955,0.294,0.24615068296178585,8.731773396049583,0.39449419342909625,0.03155889832245893,0.8201086019643291,1.8301263646707588,1.1943903484746479,2.6215471172503317,29.498146754522686,0.16064464491384495,0.35848910655955735,0.25745766317385904,0.5745337337426166,0.015547644116026504,0.06065703287397626
63563817,4190988310,7,重点词,2892,253,2892,4190988310,148.25,104,175,0.82,140.0,0,1.4255,1.6827,63563817_4190988310,4981.89,3283,7520,0.6589868503720475,2.2905878769418213,1.0612118233226526,1.0612118233226526,1.0306059116613264,1.7261134197815586,148.25,0.030871203050262273,2026-09-16,9,2,1.2332866221928016,0.8468160922763157,1.889725888486364,0.02819022800948419,0.012152936574044043,0.06127856480502272,3.702798920005238,3.338280424114305,3.982829822509732,9,2,0.12820967198924388,0.09678283471176294,0.16920188581490145,5.88,1.176,0.029940119760479042,3.68562874251497,1.1966616999166597,0.8216681882905723,1.833606684285504,0.10713944634325048,0.05278276717750732,0.10713944634325048,0.294,0.24568347095964993,8.71519985141636,0.4240775362419646,0.03149899722491564,0.8216681882905723,1.833606684285504,1.1966616999166597,2.61657122905613,29.44215711419892,0.16033972962667403,0.3578086680118991,0.2767645590327488,0.6176183435695035,0.015518133550187153,0.06054190138853133
63563817,4190988310,8,重点词,2985,255,2985,4190988310,1810.51,1217,1985,0.8828,84.0,0,1.4877,1.6311,63563817_4190988310,4981.89,3283,7520,0.6589868503720475,2.2905878769418213,1.0199411248421582,1.0199411248421582,1.009970562421079,1.6353671045024774,1810.51,0.37701599888384724,2026-09-16,9,2,1.2332866221928016,0.8468160922763157,1.889725888486364,0.02819022800948419,0.012152936574044043,0.06127856480502272,3.702798920005238,3.338280424114305,3.982829822509732,9,2,0.12820967198924388,0.09678283471176294,0.16920188581490145,5.88,1.176,0.029940119760479042,3.68562874251497,1.2211114542154518,0.8384562122744914,1.8710702656088856,0.10499424237373724,0.051725922051499104,0.10499424237373724,2.2197000000000005,1.8177701898850247,64.48228050065656,2.9727215720831914,0.23305571979698458,0.8384562122744914,1.8710702656088856,1.2211114542154518,19.359565221504926,217.8375098619958,1.1863263720230537,2.6473654408005287,1.9400791240102702,4.329414355481886,0.1148160291777126,0.4479392250246473
63563817,4190988310,11,重点词,4048,265,4048,4190988310,9.39,8,49,0.5,563.0,0,1.1738,6.125,63563817_4190988310,4981.89,3283,7520,0.6589868503720475,2.2905878769418213,1.1575843954311826,1.1575843954311826,1.0787921977155914,4.20779393847091,9.39,0.0019553497243977253,2026-09-16,9,2,1.2332866221928016,0.8468160922763157,1.889725888486364,0.02819022800948419,0.012152936574044043,0.06127856480502272,3.702798920005238,3.338280424114305,3.982829822509732,9,2,0.12820967198924388,0.09678283471176294,0.16920188581490145,5.88,1.176,0.029940119760479042,3.68562874251497,1.143210550469647,0.7849668305624574,1.7517051870489742,0.1121487830361376,0.055250641162288845,0.1121487830361376,0.294,0.257170474746949,9.12268161365803,1.0821203647938984,0.03297174221262446,0.7849668305624574,1.7517051870489742,1.143210550469647,2.738909795425708,30.818733930522882,0.16783646139410577,0.37453811874998366,0.7062212449085252,1.5759792258024794,0.01624368850171292,0.06337255600206274
63563817,4190988310,12,重点词,4403,268,4403,4190988310,25.77,19,160,0.4444,413.0,0,1.3563,8.4211,63563817_4190988310,4981.89,3283,7520,0.6589868503720475,2.2905878769418213,1.0905154681688172,1.0905154681688172,1.0452577340844087,6.604618630204984,25.77,0.005366279275583533,2026-09-16,9,2,1.2332866221928016,0.8468160922763157,1.889725888486364,0.02819022800948419,0.012152936574044043,0.06127856480502272,3.702798920005238,3.338280424114305,3.982829822509732,9,2,0.12820967198924388,0.09678283471176294,0.16920188581490145,5.88,1.176,0.029940119760479042,3.68562874251497,1.1798875836810683,0.8101505156697859,1.8079042391795028,0.10866261647507923,0.05353316432052106,0.10866261647507923,0.294,0.24917628091547933,8.839101295372553,1.6457143071395652,0.031946809243673296,0.8101505156697859,1.8079042391795028,1.1798875836810683,2.6537702559311813,29.860727639468227,0.16261923260572064,0.36289552905726125,1.0740380132973804,2.3967865720296815,0.015738750310233193,0.06140260787028497
63563817,4190988310,13,重点词,4675,269,4675,4190988310,22.54,16,61,0.7059,172.0,0,1.4088,3.8125,63563817_4190988310,4981.89,3283,7520,0.6589868503720475,2.2905878769418213,1.0568527908675909,1.0568527908675909,1.0284263954337955,3.305195958980607,22.54,0.00469367228838389,2026-09-16,9,2,1.2332866221928016,0.8468160922763157,1.889725888486364,0.02819022800948419,0.012152936574044043,0.06127856480502272,3.702798920005238,3.338280424114305,3.982829822509732,9,2,0.12820967198924388,0.09678283471176294,0.16920188581490145,5.88,1.176,0.029940119760479042,3.68562874251497,1.1991977526720277,0.8234095274452037,1.8374925973085976,0.10691286879379963,0.05267114265032805,0.10691286879379963,0.294,0.2451639017375702,8.696769024184139,0.8103147373109355,0.03143238342537709,0.8234095274452037,1.8374925973085976,1.1991977526720277,2.6110377274628536,29.379893101856446,0.16000064459069174,0.3570519774190555,0.5288334839354466,1.180126752911497,0.015485315939196446,0.060413867913243796
63563817,4190988310,17,重点词,5010,275,5010,4190988310,63.52,44,78,0.8444,114.0,0,1.4436,1.7727,63563817_4190988310,4981.89,3283,7520,0.6589868503720475,2.2905878769418213,1.0453920417925089,1.0453920417925089,1.0226960208962543,1.8523981349141263,63.52,0.013227243290068531,2026-09-16,9,2,1.2332866221928016,0.8468160922763157,1.889725888486364,0.02819022800948419,0.012152936574044043,0.06127856480502272,3.702798920005238,3.338280424114305,3.982829822509732,9,2,0.12820967198924388,0.09678283471176294,0.16920188581490145,5.88,1.176,0.029940119760479042,3.68562874251497,1.2059171024367468,0.828023259085526,1.8477884433639191,0.1063171520912805,0.052377659931441466,0.1063171520912805,0.294,0.24379785261020542,8.648310773796622,0.4516106874712136,0.03125724271483646,0.828023259085526,1.8477884433639191,1.2059171024367468,2.5964890692638374,29.216188832796387,0.1591091236964172,0.35506248982026833,0.2947334439830642,0.6577170939210311,0.01539903201984379,0.06007724285972365
63563817,4190988310,18,重点词,5134,276,5134,4190988310,168.35,129,782,0.6371,296.0,0,1.305,6.062,63563817_4190988310,4981.89,3283,7520,0.6589868503720475,2.2905878769418213,1.1553485866272917,1.1553485866272917,1.0776742933136458,5.841786153398063,168.35,0.03505677594274303,2026-09-16,9,2,1.2332866221928016,0.8468160922763157,1.889725888486364,0.02819022800948419,0.012152936574044043,0.06127856480502272,3.702798920005238,3.338280424114305,3.982829822509732,9,2,0.12820967198924388,0.09678283471176294,0.16920188581490145,5.88,1.176,0.029940119760479042,3.68562874251497,1.1443964376292926,0.7857811005888574,1.7535222842476943,0.11203256823731497,0.05519338737875535,0.11203256823731497,0.294,0.25690398041525203,9.11322818420697,1.5007781155426665,0.0329375750617706,0.7857811005888574,1.7535222842476943,1.1443964376292926,2.7360715849498427,30.786797846450085,0.16766253992953017,0.3741500015458236,0.9794487042038792,2.1857042983242563,0.01622685588935407,0.06330688583920165
63563817,4190988310,19,重点词,5267,277,5267,4190988310,110.96,83,183,0.8214,167.0,0,1.3369,2.2048,63563817_4190988310,4981.89,3283,7520,0.6589868503720475,2.2905878769418213,1.1259529481628652,1.1259529481628652,1.0629764740814327,2.2123593737970833,110.96,0.02310602826615246,2026-09-16,9,2,1.2332866221928016,0.8468160922763157,1.889725888486364,0.02819022800948419,0.012152936574044043,0.06127856480502272,3.702798920005238,3.338280424114305,3.982829822509732,9,2,0.12820967198924388,0.09678283471176294,0.16920188581490145,5.88,1.176,0.029940119760479042,3.68562874251497,1.1602200540313385,0.7966461280416284,1.7777683086724603,0.11050461638183408,0.0544406344964238,0.11050461638183408,0.294,0.2534002053993619,8.988937773547242,0.5606123197373846,0.032488357216259214,0.7966461280416284,1.7777683086724603,1.1602200540313385,2.698755778298896,30.3669132929321,0.16537588085341842,0.3690471711984987,0.36587088020600983,0.8164649685742956,0.016005546541948596,0.06244347732144077
63563817,4190988310,22,重点词,6325,291,6325,4190988310,83.51,64,118,0.9153,94.0,0,1.3048,1.8438,63563817_4190988310,4981.89,3283,7520,0.6589868503720475,2.2905878769418213,1.1486161581543421,1.1486161581543421,1.074308079077171,1.8933986529935356,83.51,0.017389910062242178,2026-09-16,9,2,1.2332866221928016,0.8468160922763157,1.889725888486364,0.02819022800948419,0.012152936574044043,0.06127856480502272,3.702798920005238,3.338280424114305,3.982829822509732,9,2,0.12820967198924388,0.09678283471176294,0.16920188581490145,5.88,1.176,0.029940119760479042,3.68562874251497,1.1479822652475935,0.7882432504870758,1.759016733923881,0.111682624262137,0.05502098578440874,0.111682624262137,0.294,0.25610151733188224,9.084762182332142,0.48490226794578645,0.032834691533068276,0.7882432504870758,1.759016733923881,1.1479822652475935,2.727525215069429,30.690632467124267,0.16713883064896554,0.37298130979025806,0.31646043681366604,0.7062023095486393,0.01617616982061617,0.06310914099022363
63563817,4190988310,1,潜力词,228,224,228,4190988310,4.64,4,3,1.0,62.0,0,1.16,0.75,63563817_4190988310,4981.89,3283,7520,0.6589868503720475,2.2905878769418213,1.1125924291446512,1.1125924291446512,1.0562962145723256,1.7770585846278808,4.64,0.0009662218020453083,2026-09-16,9,2,1.2332866221928016,0.8468160922763157,1.889725888486364,0.02819022800948419,0.012152936574044043,0.06127856480502272,3.702798920005238,3.338280424114305,3.982829822509732,9,2,0.12820967198924388,0.09678283471176294,0.16920188581490145,5.88,1.176,0.029940119760479042,3.68562874251497,1.1675575517348002,0.8016843008560582,1.7890113231651392,0.10981015179829483,0.05409850315566122,0.10981015179829483,0.294,0.25180771565664056,8.932446930614521,0.44747706278316957,0.03228418462869868,0.8016843008560582,1.7890113231651392,1.1675575517348002,2.68179548859322,30.176072887491667,0.1643365786415772,0.3667278998554163,0.2920357278433896,0.6516969626606214,0.015904959927764396,0.062051052236474766
63563817,4190988310,3,潜力词,1583,236,1583,4190988310,0.48,1,1,1.0,120.0,0,0.48,1.0,63563817_4190988310,4981.89,3283,7520,0.6589868503720475,2.2905878769418213,1.121484890226495,1.121484890226495,1.0607424451132474,2.1471892239482857,0.48,9.995397952192844e-05,2026-09-16,9,2,1.2332866221928016,0.8468160922763157,1.889725888486364,0.02819022800948419,0.012152936574044043,0.06127856480502272,3.702798920005238,3.338280424114305,3.982829822509732,9,2,0.12820967198924388,0.09678283471176294,0.16920188581490145,5.88,1.176,0.029940119760479042,3.68562874251497,1.1626635927264444,0.7983239439295818,1.781512465341775,0.11027237181186038,0.054326218084135375,0.11027237181186038,0.294,0.25286764102638704,8.970045965620194,0.5429546738970816,0.03242007731268695,0.7983239439295818,1.781512465341775,1.1626635927264444,2.6930838761131137,30.30309197080039,0.16502831482775923,0.36827155471856043,0.35434701924450973,0.7907487137783744,0.015971908116735798,0.06231224155036609
63563817,4190988310,7,潜力词,4155,267,4155,4190988310,5.39,4,6,0.6667,30.0,0,1.3475,1.5,63563817_4190988310,4981.89,3283,7520,0.6589868503720475,2.2905878769418213,1.050551959117998,1.050551959117998,1.025275979558999,2.027058584627881,5.39,0.0011223998950483213,2026-09-16,9,2,1.2332866221928016,0.8468160922763157,1.889725888486364,0.02819022800948419,0.012152936574044043,0.06127856480502272,3.702798920005238,3.338280424114305,3.982829822509732,9,2,0.12820967198924388,0.09678283471176294,0.16920188581490145,5.88,1.176,0.029940119760479042,3.68562874251497,1.2028825865239465,0.8259396583547739,1.8431387510894286,0.10658535872544325,0.052509793228837094,0.10658535872544325,0.13229999999999986,0.10998579701973771,3.901557553303031,0.22294765403599892,0.014101242959376129,0.8259396583547739,1.8431387510894286,1.2028825865239465,1.171367658404329,13.180451674412158,0.0717797289660374,0.16018119321638355,0.1455017158028687,0.3246966628052076,0.00694704564417514,0.027102959964293197
63563817,4190988310,10,潜力词,6364,293,6364,4190988310,0.9,1,1,1.0,7.0,0,0.9,1.0,63563817_4190988310,4981.89,3283,7520,0.6589868503720475,2.2905878769418213,1.0689152859971283,1.0689152859971283,1.0344576429985641,2.1471892239482857,0.9,0.00018741371160361584,2026-09-16,9,2,1.2332866221928016,0.8468160922763157,1.889725888486364,0.02819022800948419,0.012152936574044043,0.06127856480502272,3.702798920005238,3.338280424114305,3.982829822509732,9,2,0.12820967198924388,0.09678283471176294,0.16920188581490145,5.88,1.176,0.029940119760479042,3.68562874251497,1.1922060130155696,0.8186087637398713,1.8267793768806704,0.10753986357185864,0.05298003466462662,0.10753986357185864,0.294,0.24660167520574355,8.747771572573944,0.5295004596093678,0.03161671989012644,0.8186087637398713,1.8267793768806704,1.1922060130155696,2.626350262229755,29.552192655339795,0.16093897474473448,0.3591459229642747,0.3455664322851792,0.7711542556138519,0.015576130191400228,0.060768167448288606
495403620,8878077181,1,重点词,1048,295,1048,8878077181,1263.59,2840,29775,0.082,670.0,0,0.4449,10.4842,495403620_8878077181,124225.7,168752,1694374,1.358430662898257,10.040615814923674,1.6503815856832873,1.6503815856832873,1.3251907928416435,10.482909033187987,1263.59,0.010171727750376934,2026-09-17,9,3,0.6634722294701156,0.45556235718731825,1.0166174073081264,0.6512876954685162,0.42378547922216275,0.8346231983222888,1.4470807045948002,1.0825622087038675,1.7518428594652746,9,3,0.1172718509075811,0.08852609937012496,0.154766937772303,151.36,0.6552380952380953,0.6957831325301205,1.3930722891566265,0.5006616655156603,0.3437711457460727,0.7671479554488644,0.23423373304763823,0.11539638311142683,0.23423373304763823,7.568000000000001,15.115996532718922,23.209399836496132,158.45961659847748,1.7726808917045265,0.3437711457460727,0.7671479554488644,0.5006616655156603,11.819838421296526,51.94761701539425,9.86511134683518,22.01464577131823,103.41506485114381,230.77752901858557,0.8733198273872783,3.4071393121689013
495403620,8878077181,3,重点词,3989,297,3989,8878077181,75197.1,124758,1230619,0.0814,631.0,0,0.6027,9.864,495403620_8878077181,124225.7,168752,1694374,1.358430662898257,10.040615814923674,1.2212973113764143,1.2212973113764143,1.1106486556882071,9.864060119956713,75197.1,0.6053264340631609,2026-09-17,9,3,0.6634722294701156,0.45556235718731825,1.0166174073081264,0.6512876954685162,0.42378547922216275,0.8346231983222888,1.4470807045948002,1.0825622087038675,1.7518428594652746,9,3,0.1172718509075811,0.08852609937012496,0.154766937772303,151.36,0.6552380952380953,0.6957831325301205,1.3930722891566265,0.5973736393342131,0.41017684112266056,0.915336638730441,0.19631239677445983,0.09671425312211844,0.19631239677445983,109.94665087176004,184.05005449235784,282.5940913254287,1815.480802593927,21.583890549959968,0.41017684112266056,0.915336638730441,0.5973736393342131,143.91653906652445,632.5062143098887,120.11608212717726,268.04694914231214,1184.8322554761346,2644.0312213107463,10.633408222340584,41.48480549796389
495403620,8878077181,4,重点词,5778,298,5778,8878077181,46615.59,40349,425786,0.0839,653.0,0,1.1553,10.5526,495403620_8878077181,124225.7,168752,1694374,1.358430662898257,10.040615814923674,0.6372456247369999,0.6372456247369999,0.8186228123685,10.552477263585486,46615.59,0.3752491634178757,2026-09-17,9,3,0.6634722294701156,0.45556235718731825,1.0166174073081264,0.6512876954685162,0.42378547922216275,0.8346231983222888,1.4470807045948002,1.0825622087038675,1.7518428594652746,9,3,0.1172718509075811,0.08852609937012496,0.154766937772303,151.36,0.6552380952380953,0.6957831325301205,1.3930722891566265,0.810473663139815,0.5564984878313513,1.2418630313596732,0.1446954493909946,0.07128491398379157,0.1446954493909946,56.54934912823995,69.77321003765253,107.13116572463395,736.2802125297029,8.18243348487893,0.5564984878313513,1.2418630313596732,0.810473663139815,54.55863045450813,239.78253667399363,45.53589864602541,101.61635721349421,480.51653513911623,1072.3042991037787,4.031115488445984,15.72685243350897
495403620,9628223555,4,黄金词,652,343,652,9628223555,2.01,4,7,0.5,63.0,0,0.5025,1.75,495403620_9628223555,91605.25,72103,210914,0.7871055425316781,2.9251764836414575,1.3050556703191387,1.3050556703191387,1.1525278351595694,2.533450989094305,2.01,2.2223698888118487e-05,2026-09-17,9,3,0.8798051235879945,0.6041038014316464,1.348097424353041,0.008689271263729391,0.003715491139614079,0.01921366723509578,3.7485777369945694,3.3840592411036368,4.0,9,3,0.1172718509075811,0.08852609937012496,0.154766937772303,8.6,0.86,0.006035003017501509,3.858780929390465,0.7633699566710976,0.5241554980301255,1.1696875192314942,0.1536238751377903,0.0756835461733303,0.1536238751377903,0.43,0.5632917515841771,64.82612114268547,1.4270720451995969,0.06605826630924982,0.5241554980301255,1.1696875192314942,0.7633699566710976,19.133231879322864,220.79644671591535,0.3676195504612358,0.8203672414312556,0.9313461137264215,2.078360199224581,0.03254392485453202,0.126965725805027
495403620,9628223555,9,黄金词,1439,385,1439,9628223555,5.2,9,3,0.5,99.0,0,0.5778,0.3333,495403620_9628223555,91605.25,72103,210914,0.7871055425316781,2.9251764836414575,1.4701582843330228,1.4701582843330228,1.2350791421665113,1.55302422759598,5.2,5.749414637722197e-05,2026-09-17,9,3,0.8798051235879945,0.6041038014316464,1.348097424353041,0.008689271263729391,0.003715491139614079,0.01921366723509578,3.7485777369945694,3.3840592411036368,4.0,9,3,0.1172718509075811,0.08852609937012496,0.154766937772303,8.6,0.86,0.006035003017501509,3.858780929390465,0.712347163473821,0.48912153141211595,1.0915069150858454,0.16462738524246384,0.0811044787225764,0.16462738524246384,0.43,0.6036382568059494,69.46937648564915,0.9374648375234435,0.07078977565425945,0.48912153141211595,1.0915069150858454,0.712347163473821,20.503674527839298,236.6112797315222,0.3939507794746139,0.879127113375219,0.6118151050043965,1.365305706208233,0.03487492585070785,0.13605981124968689
495403620,9628223555,11,黄金词,1531,391,1531,9628223555,3.87,9,16,0.5714,63.0,0,0.43,1.7778,495403620_9628223555,91605.25,72103,210914,0.7871055425316781,2.9251764836414575,1.6340569027875846,1.6340569027875846,1.3170284513937922,2.3177301099489216,3.87,4.278891278458635e-05,2026-09-17,9,3,0.8798051235879945,0.6041038014316464,1.348097424353041,0.008689271263729391,0.003715491139614079,0.01921366723509578,3.7485777369945694,3.3840592411036368,4.0,9,3,0.1172718509075811,0.08852609937012496,0.154766937772303,8.6,0.86,0.006035003017501509,3.858780929390465,0.6680228681900603,0.458686978851772,1.023590206366741,0.17555065326628294,0.0864858796220321,0.17555065326628294,0.43,0.643690538865894,74.0787713180018,1.4919009434187291,0.07548678090450166,0.458686978851772,1.023590206366741,0.6680228681900603,21.864123349952834,252.31078453845146,0.4200899904330813,0.9374584843816933,0.973655219714907,2.1727757560785315,0.0371889282374738,0.14508757891641902
495403620,9628223555,22,黄金词,3973,511,3973,9628223555,4.8,7,35,0.8,77.0,0,0.6857,5.0,495403620_9628223555,91605.25,72103,210914,0.7871055425316781,2.9251764836414575,1.318300431586238,1.318300431586238,1.159150215793119,3.893427457942111,4.8,5.307151973282027e-05,2026-09-17,9,3,0.8798051235879945,0.6041038014316464,1.348097424353041,0.008689271263729391,0.003715491139614079,0.01921366723509578,3.7485777369945694,3.3840592411036368,4.0,9,3,0.1172718509075811,0.08852609937012496,0.154766937772303,8.6,0.86,0.006035003017501509,3.858780929390465,0.7590087217350084,0.5211609273767023,1.1630049375702696,0.15450659201848282,0.07611842092009703,0.15450659201848282,0.43,0.5665284043338374,65.19860954262421,2.205737245137493,0.0664378345679476,0.5211609273767023,1.1630049375702696,0.7590087217350084,19.24317069415184,222.06513461054274,0.3697318782655805,0.8250810400626793,1.4395242469157212,3.2123931764074705,0.032730920995641725,0.12769526598448772
495403620,9628223555,26,黄金词,5495,590,5495,9628223555,1.56,9,18,0.625,174.0,0,0.1733,2.0,495403620_9628223555,91605.25,72103,210914,0.7871055425316781,2.9251764836414575,2.026434391918491,2.026434391918491,1.5132171959592455,2.435377168772451,1.56,1.724824391316659e-05,2026-09-17,9,3,0.8798051235879945,0.6041038014316464,1.348097424353041,0.008689271263729391,0.003715491139614079,0.01921366723509578,3.7485777369945694,3.3840592411036368,4.0,9,3,0.1172718509075811,0.08852609937012496,0.154766937772303,8.6,0.86,0.006035003017501509,3.858780929390465,0.5814136436840291,0.3992181710892455,0.8908816447188646,0.2017012366006891,0.09936909116368778,0.2017012366006891,0.43,0.7395767276381369,85.11378056814333,1.80114827704536,0.0867315317382963,0.3992181710892455,0.8908816447188646,0.5814136436840291,25.121072663775138,289.89580102502595,0.4826679307504366,1.07710528011981,1.1754784586482558,2.6231576075680407,0.042728709200385746,0.1667002858625216
495403620,9628223555,34,黄金词,6106,628,6106,9628223555,1.1,3,9,0.0,47.0,0,0.3667,3.0,495403620_9628223555,91605.25,72103,210914,0.7871055425316781,2.9251764836414575,1.296007963983111,1.296007963983111,1.1480039819915555,2.9455828971937876,1.1,1.2162223272104648e-05,2026-09-17,9,3,0.8798051235879945,0.6041038014316464,1.348097424353041,0.008689271263729391,0.003715491139614079,0.01921366723509578,3.7485777369945694,3.3840592411036368,4.0,9,3,0.1172718509075811,0.08852609937012496,0.154766937772303,8.6,0.86,0.006035003017501509,3.858780929390465,0.7663781113909639,0.526220998278811,1.1742968190879999,0.153020877246526,0.07538647634154151,0.153020877246526,0.43,0.5610807427936021,64.57166841316784,1.6527098399176208,0.06579897721600617,0.526220998278811,1.1742968190879999,0.7663781113909639,19.05813093250744,219.9297859078285,0.36617658586008356,0.8171471708777581,1.0786034886622746,2.406974731027814,0.03241618482686285,0.12646736534605144
495403620,9628223555,8,重点词,700,345,700,9628223555,111.9,117,191,0.6778,186.0,0,0.9564,1.6325,495403620_9628223555,91605.25,72103,210914,0.7871055425316781,2.9251764836414575,1.3063178147159593,1.3063178147159593,1.1531589073579798,1.7152112949530534,111.9,0.0012372298037713727,2026-09-17,9,3,0.8798051235879945,0.6041038014316464,1.348097424353041,0.008689271263729391,0.003715491139614079,0.01921366723509578,3.7485777369945694,3.3840592411036368,4.0,9,3,0.1172718509075811,0.08852609937012496,0.154766937772303,8.6,0.86,0.006035003017501509,3.858780929390465,0.7629521984994502,0.523868651212796,1.1690474016644314,0.15370799263469928,0.07572498706561077,0.15370799263469928,0.43,0.5636001847110608,64.86161699930247,0.9666934026540386,0.06609443683292068,0.523868651212796,1.1690474016644314,0.7629521984994502,19.143708373110204,220.9173448797423,0.36782084232665624,0.8208164374877502,0.6308904632778269,1.407873624662116,0.032561744438212636,0.12703524650315007
495403620,9628223555,15,重点词,1316,378,1316,9628223555,45.15,213,54,1.0,112.0,0,0.212,0.2535,495403620_9628223555,91605.25,72103,210914,0.7871055425316781,2.9251764836414575,5.237206154032248,2.7815627886031566,1.8907813943015783,0.35023263289199846,45.15,0.0004992039824868407,2026-09-17,9,3,0.8798051235879945,0.6041038014316464,1.348097424353041,0.008689271263729391,0.003715491139614079,0.01921366723509578,3.7485777369945694,3.3840592411036368,4.0,9,3,0.1172718509075811,0.08852609937012496,0.154766937772303,8.6,0.86,0.006035003017501509,3.858780929390465,0.4653129791944981,0.319499548309651,0.7129842870338825,0.2520278955265552,0.12416276344378682,0.2520278955265552,0.43,0.9241091893554564,106.3505973409827,0.32365319446765184,0.10837199507641872,0.319499548309651,0.7129842870338825,0.4653129791944981,31.38905434355324,362.22796590466044,0.6030988449813698,1.3458547978391966,0.21122489637194838,0.47136226933755015,0.053389988280828325,0.20829382574773436
495403620,9628223555,20,重点词,1735,402,1735,9628223555,62.35,65,76,0.8718,170.0,0,0.9592,1.1692,495403620_9628223555,91605.25,72103,210914,0.7871055425316781,2.9251764836414575,1.2873320160751038,1.2873320160751038,1.143666008037552,1.3616631762894749,62.35,0.0006893769281961134,2026-09-17,9,3,0.8798051235879945,0.6041038014316464,1.348097424353041,0.008689271263729391,0.003715491139614079,0.01921366723509578,3.7485777369945694,3.3840592411036368,4.0,9,3,0.1172718509075811,0.08852609937012496,0.154766937772303,8.6,0.86,0.006035003017501509,3.858780929390465,0.7692850162589656,0.5282169769723635,1.1787509770149402,0.15244265575049715,0.07510161272087151,0.15244265575049715,0.3419418651808712,0.44449307857799586,51.15424125765199,0.605249857215201,0.05212652604045046,0.5282169769723635,1.1787509770149402,0.7692850162589656,15.098018242356543,174.23030261641145,0.2900882984180443,0.6473511456235564,0.3950025538283232,0.8814742171244022,0.02568038553186625,0.10018855447155
495403620,9628223555,21,重点词,1764,405,1764,9628223555,12.51,20,178,0.2727,582.0,0,0.6255,8.9,495403620_9628223555,91605.25,72103,210914,0.7871055425316781,2.9251764836414575,1.627105153163278,1.627105153163278,1.313552576581639,7.192907566754703,12.51,0.00013831764830366284,2026-09-17,9,3,0.8798051235879945,0.6041038014316464,1.348097424353041,0.008689271263729391,0.003715491139614079,0.01921366723509578,3.7485777369945694,3.3840592411036368,4.0,9,3,0.1172718509075811,0.08852609937012496,0.154766937772303,8.6,0.86,0.006035003017501509,3.858780929390465,0.6697905658847554,0.4599007395682274,1.0262987933542036,0.17508734353800823,0.08625762784032837,0.17508734353800823,0.43,0.6419917238338441,73.88326412522476,4.617787128158352,0.07528755772134355,0.4599007395682274,1.0262987933542036,0.6697905658847554,21.806419998471334,251.6448910265203,0.418981297439366,0.9349843629381867,3.0136937446803187,6.725256098975408,0.0370907799713412,0.1447046667169307
495403620,9628223555,25,重点词,2541,437,2541,9628223555,21686.91,29926,87461,0.4974,328.0,0,0.7247,2.9226,495403620_9628223555,91605.25,72103,210914,0.7871055425316781,2.9251764836414575,1.7528659479478812,1.7528659479478812,1.3764329739739405,2.9225763817688626,21686.91,0.2397827650018536,2026-09-17,9,3,0.8798051235879945,0.6041038014316464,1.348097424353041,0.008689271263729391,0.003715491139614079,0.01921366723509578,3.7485777369945694,3.3840592411036368,4.0,9,3,0.1172718509075811,0.08852609937012496,0.154766937772303,8.6,0.86,0.006035003017501509,3.858780929390465,0.6391921293834475,0.43889082349394787,0.9794137817411545,0.18346885938770754,0.0903868222200708,0.18346885938770754,2.474558134819129,3.871383925215162,445.53608786216944,11.314415224593466,0.4540043584838386,0.43889082349394787,0.9794137817411545,0.6391921293834475,131.49861706071096,1517.486830149124,2.526570670079789,5.638208871900125,7.38409576724512,16.478096084494968,0.2236674462051266,0.8726083216246133
495403620,9628223555,26,重点词,2584,442,2584,9628223555,115.98,262,182,0.9412,39.0,0,0.4427,0.6947,495403620_9628223555,91605.25,72103,210914,0.7871055425316781,2.9251764836414575,2.748509709024904,2.748509709024904,1.874254854512452,0.7607459698856728,115.98,0.00128234059554427,2026-09-17,9,3,0.8798051235879945,0.6041038014316464,1.348097424353041,0.008689271263729391,0.003715491139614079,0.01921366723509578,3.7485777369945694,3.3840592411036368,4.0,9,3,0.1172718509075811,0.08852609937012496,0.154766937772303,8.6,0.86,0.006035003017501509,3.858780929390465,0.4694159502747332,0.32231678630961386,0.7192711391982604,0.24982502371073217,0.12307750797397637,0.24982502371073217,0.43,0.9160319323370576,105.4210306634968,0.6968676008120018,0.10742476019561484,0.32231678630961386,0.7192711391982604,0.4694159502747332,31.11469557467854,359.06188075631945,0.5978274068931807,1.334091236523272,0.4547947904811895,1.014904531644873,0.05292332842880984,0.20647321538557198
495403620,9628223555,36,重点词,3008,470,3008,9628223555,45.41,54,204,0.6042,319.0,0,0.8409,3.7778,495403620_9628223555,91605.25,72103,210914,0.7871055425316781,2.9251764836414575,1.4338094838514177,1.4338094838514177,1.2169047419257089,3.6677647075666395,45.41,0.0005020786898057018,2026-09-17,9,3,0.8798051235879945,0.6041038014316464,1.348097424353041,0.008689271263729391,0.003715491139614079,0.01921366723509578,3.7485777369945694,3.3840592411036368,4.0,9,3,0.1172718509075811,0.08852609937012496,0.154766937772303,8.6,0.86,0.006035003017501509,3.858780929390465,0.7229860261664638,0.4964265325120465,1.1078085062103746,0.16220486518861135,0.07991101248442094,0.16220486518861135,0.43,0.5947556168962451,68.44712276147528,2.181423661279073,0.06974809203110288,0.4964265325120465,1.1078085062103746,0.7229860261664638,20.201959459910594,233.12950439218173,0.38815372655961744,0.8661906079517727,1.4236565393858367,3.1769833418712032,0.034361735368301005,0.13405766791982532
495403620,9628223555,59,重点词,5313,580,5313,9628223555,11.64,18,32,0.7857,171.0,0,0.6467,1.7778,495403620_9628223555,91605.25,72103,210914,0.7871055425316781,2.9251764836414575,1.5699795787061808,1.5699795787061808,1.2849897893530904,2.130823533428141,11.64,0.00012869843535208918,2026-09-17,9,3,0.8798051235879945,0.6041038014316464,1.348097424353041,0.008689271263729391,0.003715491139614079,0.01921366723509578,3.7485777369945694,3.3840592411036368,4.0,9,3,0.1172718509075811,0.08852609937012496,0.154766937772303,8.6,0.86,0.006035003017501509,3.858780929390465,0.6846786884049247,0.4701234254443172,1.0491113902404792,0.171280124375984,0.0843819828796567,0.171280124375984,0.43,0.6280318159190232,72.27669580768448,1.338224973101865,0.07365045348167311,0.4701234254443172,1.0491113902404792,0.6846786884049247,21.332246260977247,246.17295209717278,0.409870681035533,0.9146534223296866,0.873362092812733,1.9489650372306846,0.036284252638252384,0.14155810929692259
495403620,9628223555,72,重点词,6377,649,6377,9628223555,20.2,24,370,0.08,761.0,0,0.8417,15.4167,495403620_9628223555,91605.25,72103,210914,0.7871055425316781,2.9251764836414575,1.3641706865068068,1.3641706865068068,1.1820853432534033,12.293794120910364,20.2,0.0002233426455422853,2026-09-17,9,3,0.8798051235879945,0.6041038014316464,1.348097424353041,0.008689271263729391,0.003715491139614079,0.01921366723509578,3.7485777369945694,3.3840592411036368,4.0,9,3,0.1172718509075811,0.08852609937012496,0.154766937772303,8.6,0.86,0.006035003017501509,3.858780929390465,0.7442822369885276,0.5110492274347952,1.1404400131066084,0.15756368361292591,0.0776245119013108,0.15756368361292591,0.43,0.5777378239467886,66.48863942806943,7.102589863464577,0.06775238395355813,0.5110492274347952,1.1404400131066084,0.7442822369885276,19.623919079130054,226.45895009483974,0.3770474510348521,0.8414062225636839,4.635343736836504,10.344074872250815,0.03337854011756364,0.13022186448874218
495403620,9628223555,36,潜力词,2690,447,2690,9628223555,5.24,9,8,1.0,48.0,0,0.5822,0.8889,495403620_9628223555,91605.25,72103,210914,0.7871055425316781,2.9251764836414575,1.4657367556583372,1.4657367556583372,1.2328683778291687,1.8471418746548036,5.24,5.7936409041662137e-05,2026-09-17,9,3,0.8798051235879945,0.6041038014316464,1.348097424353041,0.008689271263729391,0.003715491139614079,0.01921366723509578,3.7485777369945694,3.3840592411036368,4.0,9,3,0.1172718509075811,0.08852609937012496,0.154766937772303,8.6,0.86,0.006035003017501509,3.858780929390465,0.7136245356030243,0.48999861809688944,1.0934641917953702,0.1643327058653953,0.08095930350016586,0.1643327058653953,0.19350000000000023,0.2711509909570158,31.205262527462995,0.5008543497508499,0.031798378584954025,0.48999861809688944,1.0934641917953702,0.7136245356030243,9.21013803184277,106.28448784920946,0.17696052733312698,0.394899072882158,0.3268712001980148,0.7294346137829932,0.015665625227282112,0.06111732023909309
495403620,9628223555,39,潜力词,2813,457,2813,9628223555,5.37,11,3,1.0,51.0,0,0.4882,0.2727,495403620_9628223555,91605.25,72103,210914,0.7871055425316781,2.9251764836414575,1.6407486336792814,1.6407486336792814,1.3203743168396407,1.3895479931121926,5.37,5.937376270109269e-05,2026-09-17,9,3,0.8798051235879945,0.6041038014316464,1.348097424353041,0.008689271263729391,0.003715491139614079,0.01921366723509578,3.7485777369945694,3.3840592411036368,4.0,9,3,0.1172718509075811,0.08852609937012496,0.154766937772303,8.6,0.86,0.006035003017501509,3.858780929390465,0.6663300795594366,0.4575246532192392,1.0209964001570073,0.17599663365807947,0.08670559402218415,0.17599663365807947,0.43,0.6453258125226868,74.26696588658648,0.8967111876943945,0.07567855247297417,0.4575246532192392,1.0209964001570073,0.6663300795594366,21.91966840271381,252.9517714014981,0.4211572145933866,0.9398400653919522,0.5852181623229614,1.305952876711819,0.03728340542953918,0.14545616891643345
495403620,9628223555,61,潜力词,4637,550,4637,9628223555,5.75,11,9,1.0,54.0,0,0.5227,0.8182,495403620_9628223555,91605.25,72103,210914,0.7871055425316781,2.9251764836414575,1.5956013142876717,1.5956013142876717,1.2978006571438359,1.7053374667964034,5.75,6.357525801327429e-05,2026-09-17,9,3,0.8798051235879945,0.6041038014316464,1.348097424353041,0.008689271263729391,0.003715491139614079,0.01921366723509578,3.7485777369945694,3.3840592411036368,4.0,9,3,0.1172718509075811,0.08852609937012496,0.154766937772303,8.6,0.86,0.006035003017501509,3.858780929390465,0.6779200786692815,0.4654827365869436,1.0387553873796742,0.1729877231808491,0.08522323970173344,0.1729877231808491,0.43,0.6342930583263819,72.99726744336286,1.0816837172928555,0.0743847209677651,0.4654827365869436,1.0387553873796742,0.6779200786692815,21.544920780878755,248.62720439482106,0.4139569384903043,0.9237721749959763,0.7059362768478501,1.575343300804642,0.03664599307174538,0.14296939072338727
495403620,9628223555,62,潜力词,4706,551,4706,9628223555,6.41,11,14,0.8889,94.0,0,0.5827,1.2727,495403620_9628223555,91605.25,72103,210914,0.7871055425316781,2.9251764836414575,1.5228233690610051,1.5228233690610051,1.2614116845305026,1.9684953615332454,6.41,7.087259197653708e-05,2026-09-17,9,3,0.8798051235879945,0.6041038014316464,1.348097424353041,0.008689271263729391,0.003715491139614079,0.01921366723509578,3.7485777369945694,3.3840592411036368,4.0,9,3,0.1172718509075811,0.08852609937012496,0.154766937772303,8.6,0.86,0.006035003017501509,3.858780929390465,0.6974765925966969,0.4789108970847165,1.0687212120242908,0.16813732840980286,0.0828336692245918,0.16813732840980286,0.43,0.6165081445946669,70.95050043702568,1.213593422982069,0.07229905121621523,0.4789108970847165,1.0687212120242908,0.6974765925966969,20.94082374337437,241.65595770770366,0.40235001903398787,0.8978705696979276,0.7920241461812182,1.767454051707583,0.03561847776657448,0.13896067858802139
495817671,9630806627,1,黄金词,370,685,370,9630806627,3.46,8,31,0.1429,236.0,0,0.4325,3.875,495817671_9630806627,171870.0,107520,166126,0.6255891080467796,1.5450706845238096,1.809717571924603,1.809717571924603,1.4048587859623014,2.7100353422619046,3.46,2.0263679667535095e-05,2026-09-17,9,3,0.66519059033949,0.4567422415794289,1.0192503970464284,0.009480926335087424,0.0040525733496992655,0.020979788276202303,3.7644667172284056,3.399948221337473,4.0,9,3,0.1172718509075811,0.08852609937012496,0.154766937772303,6.01,0.5008333333333334,0.007556675062972292,3.869647355163728,0.4734928499477954,0.3251161228041644,0.7255180429741637,0.24767396365227232,0.12201777781738427,0.24767396365227232,0.3005,0.634645275072541,66.9391631832238,1.7199111252461141,0.07442602607750783,0.3251161228041644,0.7255180429741637,0.4734928499477954,19.742182298801925,228.07363541972956,0.4141868047390533,0.9242851366710224,1.1224608791413648,2.5048453867058456,0.036666342234123975,0.14304878023102868
495817671,9630806627,6,黄金词,2096,803,2096,9630806627,5.78,12,18,0.6667,49.0,0,0.4817,1.5,495817671_9630806627,171870.0,107520,166126,0.6255891080467796,1.5450706845238096,1.9683467950041287,1.9683467950041287,1.4841733975020643,1.5180282738095239,5.78,3.3850886843454585e-05,2026-09-17,9,3,0.66519059033949,0.4567422415794289,1.0192503970464284,0.009480926335087424,0.0040525733496992655,0.020979788276202303,3.7644667172284056,3.399948221337473,4.0,9,3,0.1172718509075811,0.08852609937012496,0.154766937772303,6.01,0.5008333333333334,0.007556675062972292,3.869647355163728,0.44818926916426205,0.307741832826372,0.6867461704689466,0.2616569806016502,0.12890657884509885,0.2616569806016502,0.3005,0.670475668818091,70.71837129846327,1.0178010221672127,0.0786279226707959,0.307741832826372,0.6867461704689466,0.44818926916426205,20.856773698039316,240.950069675281,0.43757069630952977,0.9764678309742248,0.6642446887883868,1.4823057758843325,0.0387364269429522,0.15112493603304353
495817671,9630806627,2,重点词,136,671,136,9630806627,20.16,35,42,0.7931,118.0,0,0.576,1.2,495817671_9630806627,171870.0,107520,166126,0.6255891080467796,1.5450706845238096,2.268152573529412,2.268152573529412,1.634076286764706,1.2641991971207087,20.16,0.00011806814511488657,2026-09-17,9,3,0.66519059033949,0.4567422415794289,1.0192503970464284,0.009480926335087424,0.0040525733496992655,0.020979788276202303,3.7644667172284056,3.399948221337473,4.0,9,3,0.1172718509075811,0.08852609937012496,0.154766937772303,6.01,0.5008333333333334,0.007556675062972292,3.869647355163728,0.407074379407644,0.27951096609065235,0.6237471318211426,0.28808457824889333,0.14192626282970952,0.28808457824889333,0.3005,0.7381943330289512,77.8609923691749,0.9332246831342572,0.08656941576379244,0.27951096609065235,0.6237471318211426,0.407074379407644,22.963327179792323,265.2862501196615,0.48176574234920466,1.0750919872765936,0.6090478646781268,1.3591304271459768,0.04264884198032771,0.16638869469433812
495817671,9630806627,10,重点词,456,693,456,9630806627,26.44,31,39,0.7727,76.0,0,0.8529,1.2581,495817671_9630806627,171870.0,107520,166126,0.6255891080467796,1.5450706845238096,1.669950504658385,1.669950504658385,1.3349752523291925,1.3169375763125761,26.44,0.0001548473093669445,2026-09-17,9,3,0.66519059033949,0.4567422415794289,1.0192503970464284,0.009480926335087424,0.0040525733496992655,0.020979788276202303,3.7644667172284056,3.399948221337473,4.0,9,3,0.1172718509075811,0.08852609937012496,0.154766937772303,6.01,0.5008333333333334,0.007556675062972292,3.869647355163728,0.4982793420169412,0.34213536227171987,0.7634975968791149,0.2353536280129268,0.11594810479035647,0.2353536280129268,0.165275000000002,0.3316914551002653,34.985131555418505,0.43681694096333507,0.038898070869836945,0.34213536227171987,0.7634975968791149,0.4982793420169412,10.3180681094582,119.20056600709835,0.216470884355868,0.48306903706943494,0.28507864178585673,0.6361717668698716,0.019163323019226398,0.07476311559985156
495817671,9630806627,12,重点词,530,697,530,9630806627,74.08,84,140,0.8169,56.0,0,0.8819,1.6667,495817671_9630806627,171870.0,107520,166126,0.6255891080467796,1.5450706845238096,1.7328151631361088,1.7328151631361088,1.3664075815680543,1.6560931030020705,74.08,0.00043385358085867046,2026-09-17,9,3,0.66519059033949,0.4567422415794289,1.0192503970464284,0.009480926335087424,0.0040525733496992655,0.020979788276202303,3.7644667172284056,3.399948221337473,4.0,9,3,0.1172718509075811,0.08852609937012496,0.154766937772303,6.01,0.5008333333333334,0.007556675062972292,3.869647355163728,0.48681711029159713,0.33426500828931527,0.7459343835583544,0.2408950885833425,0.11867813218077722,0.2408950885833425,0.3005,0.61727493476966,65.10702783178708,1.022264762128087,0.07238897411929442,0.33426500828931527,0.7459343835583544,0.48681711029159713,19.201835685786477,221.8312243958657,0.4028504472022262,0.8989873081178429,0.6671578471529065,1.4888066806603568,0.03566277872032355,0.13913351277356437
495817671,9630806627,13,重点词,679,710,679,9630806627,200.65,252,174,0.925,85.0,0,0.7962,0.6905,495817671_9630806627,171870.0,107520,166126,0.6255891080467796,1.5450706845238096,1.968666151597911,1.968666151597911,1.4843330757989555,0.7167714056776557,200.65,0.0011751177240725194,2026-09-17,9,3,0.66519059033949,0.4567422415794289,1.0192503970464284,0.009480926335087424,0.0040525733496992655,0.020979788276202303,3.7644667172284056,3.399948221337473,4.0,9,3,0.1172718509075811,0.08852609937012496,0.154766937772303,6.01,0.5008333333333334,0.007556675062972292,3.869647355163728,0.4481410548514829,0.3077087272569085,0.6866722932100721,0.2616851315852903,0.12892044756354015,0.2616851315852903,0.3005,0.6705478035249143,70.72597970130006,0.48062949170661734,0.07863638204137974,0.3077087272569085,0.6866722932100721,0.4481410548514829,20.859017623249365,240.9759928570509,0.43761777338534424,0.976572886569805,0.313671906578939,0.699979520653325,0.03874059449284381,0.15114119516586733
495817671,9630806627,14,重点词,815,717,815,9630806627,2298.65,2510,2693,0.7592,154.0,0,0.9158,1.0729,495817671_9630806627,171870.0,107520,166126,0.6255891080467796,1.5450706845238096,1.7428624282914997,1.7428624282914997,1.3714312141457499,1.0744084850977722,2298.65,0.013462169730572123,2026-09-17,9,3,0.66519059033949,0.4567422415794289,1.0192503970464284,0.009480926335087424,0.0040525733496992655,0.020979788276202303,3.7644667172284056,3.399948221337473,4.0,9,3,0.1172718509075811,0.08852609937012496,0.154766937772303,6.01,0.5008333333333334,0.007556675062972292,3.869647355163728,0.4850338708046909,0.3330405760553794,0.7432019823767164,0.24178074556529905,0.11911445538267225,0.24178074556529905,0.3005,0.6195443619256079,65.34639549226021,0.6656437193473583,0.07265511404237236,0.3330405760553794,0.7432019823767164,0.4850338708046909,19.272431727995187,222.6467925913717,0.4043315372209027,0.9022924580518128,0.4344172343827636,0.9694306729705934,0.03579389384249301,0.1396450407077232
495817671,9630806627,24,重点词,1575,770,1575,9630806627,33.9,202,144,0.5,508.0,0,0.1678,0.7129,495817671_9630806627,171870.0,107520,166126,0.6255891080467796,1.5450706845238096,7.887408182112216,2.7815627886031566,1.8907813943015783,0.7445741213151928,33.9,0.00019853720830330629,2026-09-17,9,3,0.66519059033949,0.4567422415794289,1.0192503970464284,0.009480926335087424,0.0040525733496992655,0.020979788276202303,3.7644667172284056,3.399948221337473,4.0,9,3,0.1172718509075811,0.08852609937012496,0.154766937772303,6.01,0.5008333333333334,0.007556675062972292,3.869647355163728,0.3518072434731144,0.24156269093611507,0.5390630562148734,0.33334120625217656,0.16422215981879118,0.33334120625217656,0.3005,0.8541609235597352,90.09255987978932,0.6359861191212635,0.10016903247877905,0.24156269093611507,0.5390630562148734,0.3518072434731144,26.570749563213628,306.961376254594,0.5574487001762167,1.2439834927963764,0.41506187611200296,0.9262379160794665,0.04934875902554676,0.19252751581938893
495817671,9630806627,28,重点词,1785,786,1785,9630806627,44.38,65,68,0.902,142.0,0,0.6828,1.0462,495817671_9630806627,171870.0,107520,166126,0.6255891080467796,1.5450706845238096,2.1350508148768657,2.1350508148768657,1.5675254074384328,1.1008296640574038,44.38,0.00025991390278763227,2026-09-17,9,3,0.66519059033949,0.4567422415794289,1.0192503970464284,0.009480926335087424,0.0040525733496992655,0.020979788276202303,3.7644667172284056,3.399948221337473,4.0,9,3,0.1172718509075811,0.08852609937012496,0.154766937772303,6.01,0.5008333333333334,0.007556675062972292,3.869647355163728,0.4243571346167265,0.29137788734526027,0.6502289482580276,0.276351783300402,0.13614604456982055,0.276351783300402,0.3005,0.7081299582046793,74.6899546707795,0.7795304639994405,0.08304371088177079,0.29137788734526027,0.6502289482580276,0.4243571346167265,22.028101799894166,254.48196064943838,0.4621449118884105,1.0313068117071311,0.5087428280999574,1.1352931310716734,0.04091188639323107,0.15961219715162978
495817671,9630806627,30,重点词,1844,791,1844,9630806627,8.64,13,68,0.6364,329.0,0,0.6646,5.2308,495817671_9630806627,171870.0,107520,166126,0.6255891080467796,1.5450706845238096,1.726970835115483,1.726970835115483,1.3634854175577416,3.826693594104308,8.64,5.060063362066568e-05,2026-09-17,9,3,0.66519059033949,0.4567422415794289,1.0192503970464284,0.009480926335087424,0.0040525733496992655,0.020979788276202303,3.7644667172284056,3.399948221337473,4.0,9,3,0.1172718509075811,0.08852609937012496,0.154766937772303,6.01,0.5008333333333334,0.007556675062972292,3.869647355163728,0.4878604360367647,0.3349813908516455,0.7475330384332949,0.24037991656028365,0.11842433018834989,0.24037991656028365,0.3005,0.6159548465154788,64.96779162136578,2.357070465418285,0.07223416492636524,0.3349813908516455,0.7475330384332949,0.4878604360367647,19.16077113526009,221.35682186104566,0.40198892162652516,0.8970647570482014,1.5382884312891225,3.43279195929309,0.035586511221599136,0.1388359654318051
495817671,9630806627,34,重点词,2019,800,2019,9630806627,901.8,964,1186,0.7208,166.0,0,0.9355,1.2303,495817671_9630806627,171870.0,107520,166126,0.6255891080467796,1.5450706845238096,1.7024680111696935,1.7024680111696935,1.3512340055848466,1.232881240201842,901.8,0.005281441134156979,2026-09-17,9,3,0.66519059033949,0.4567422415794289,1.0192503970464284,0.009480926335087424,0.0040525733496992655,0.020979788276202303,3.7644667172284056,3.399948221337473,4.0,9,3,0.1172718509075811,0.08852609937012496,0.154766937772303,6.01,0.5008333333333334,0.007556675062972292,3.869647355163728,0.4922837847405857,0.33801861090798985,0.7543107950463933,0.23822001565495152,0.11736024454572498,0.23822001565495152,0.3005,0.6104202683790443,64.38403240408846,0.7525756975234974,0.07158511470431293,0.33801861090798985,0.7543107950463933,0.4922837847405857,18.988604643507728,219.36785037465606,0.398376905081304,0.8890043042091472,0.4911514128044096,1.0960367291181492,0.03526675348599036,0.13758847382884662
495817671,9630806627,35,重点词,2128,807,2128,9630806627,32.54,38,55,0.8571,125.0,0,0.8563,1.4474,495817671_9630806627,171870.0,107520,166126,0.6255891080467796,1.5450706845238096,1.6946489048205489,1.6946489048205489,1.3473244524102745,1.464360119047619,32.54,0.0001905722937519052,2026-09-17,9,3,0.66519059033949,0.4567422415794289,1.0192503970464284,0.009480926335087424,0.0040525733496992655,0.020979788276202303,3.7644667172284056,3.399948221337473,4.0,9,3,0.1172718509075811,0.08852609937012496,0.154766937772303,6.01,0.5008333333333334,0.007556675062972292,3.869647355163728,0.4937122525680492,0.3389994449832386,0.7564995908914566,0.2375307687779479,0.11702068373335946,0.2375307687779479,0.3005,0.6086541268460449,64.19774875726134,0.8912888296470989,0.07137799601777334,0.3389994449832386,0.7564995908914566,0.4937122525680492,18.933664522656795,218.73314885568405,0.39722427297798246,0.8864321297483476,0.5816793836666423,1.2980558590459248,0.03516471546187452,0.13719038626413252
495817671,9630806627,45,重点词,2899,856,2899,9630806627,1569.85,1892,1578,0.822,176.0,0,0.8297,0.834,495817671_9630806627,171870.0,107520,166126,0.6255891080467796,1.5450706845238096,1.9217885242866468,1.9217885242866468,1.4608942621433234,0.837031876566416,1569.85,0.009193912579791899,2026-09-17,9,3,0.66519059033949,0.4567422415794289,1.0192503970464284,0.009480926335087424,0.0040525733496992655,0.020979788276202303,3.7644667172284056,3.399948221337473,4.0,9,3,0.1172718509075811,0.08852609937012496,0.154766937772303,6.01,0.5008333333333334,0.007556675062972292,3.869647355163728,0.45533109929774673,0.31264565370345704,0.6976893697638694,0.2575529127890638,0.126884689958923,0.2575529127890638,0.3005,0.6599593141418598,69.60915957119651,0.5524069831736458,0.07739465029311367,0.31264565370345704,0.6976893697638694,0.45533109929774673,20.529636950486466,237.17078802523298,0.4307074366085056,0.9611520148782329,0.3605158539155281,0.8045148746791191,0.03812884933265636,0.1487545540763831
495817671,9630806627,47,重点词,2987,860,2987,9630806627,442.84,485,133,0.9145,111.0,0,0.9131,0.2742,495817671_9630806627,171870.0,107520,166126,0.6255891080467796,1.5450706845238096,1.7372571573123594,1.7372571573123594,1.3686285786561796,0.29484901719308415,442.84,0.0025935167352518036,2026-09-17,9,3,0.66519059033949,0.4567422415794289,1.0192503970464284,0.009480926335087424,0.0040525733496992655,0.020979788276202303,3.7644667172284056,3.399948221337473,4.0,9,3,0.1172718509075811,0.08852609937012496,0.154766937772303,6.01,0.5008333333333334,0.007556675062972292,3.869647355163728,0.48602710824044254,0.33372256629909924,0.7447238885273049,0.2412866461958034,0.1188710349350895,0.2412866461958034,0.3005,0.6182782707077721,65.21285461523111,0.18229874047002623,0.07250663718183892,0.33372256629909924,0.7447238885273049,0.48602710824044254,19.23304688639754,222.19179507044666,0.4035052515828923,0.9004485472243328,0.11897312686146395,0.26549636918203495,0.035720745997994394,0.13935966427542895
495817671,9630806627,49,重点词,3132,872,3132,9630806627,36.2,53,318,0.7111,443.0,0,0.683,6.0,495817671_9630806627,171870.0,107520,166126,0.6255891080467796,1.5450706845238096,2.0962527132689943,2.0962527132689943,1.5481263566344972,5.415746975019515,36.2,0.00021200728438288164,2026-09-17,9,3,0.66519059033949,0.4567422415794289,1.0192503970464284,0.009480926335087424,0.0040525733496992655,0.020979788276202303,3.7644667172284056,3.399948221337473,4.0,9,3,0.1172718509075811,0.08852609937012496,0.154766937772303,6.01,0.5008333333333334,0.007556675062972292,3.869647355163728,0.42967461117680417,0.2950290456732162,0.6583767485634682,0.272931767102538,0.13446115702488384,0.272931767102538,0.3005,0.6993664326057867,73.76562246006922,3.787591641814979,0.08201599601431268,0.2950290456732162,0.6583767485634682,0.42967461117680417,21.7554910569342,251.33259639677792,0.4564255962192922,1.0185437820683039,2.4718855420461106,5.516175406661353,0.04040557768597759,0.15763690213773132
495817671,9630806627,62,重点词,3830,921,3830,9630806627,53.31,116,129,0.7935,134.0,0,0.4596,1.1121,495817671_9630806627,171870.0,107520,166126,0.6255891080467796,1.5450706845238096,3.152765572988198,2.7815627886031566,1.8907813943015783,1.1400045602918587,53.31,0.0003122129373052879,2026-09-17,9,3,0.66519059033949,0.4567422415794289,1.0192503970464284,0.009480926335087424,0.0040525733496992655,0.020979788276202303,3.7644667172284056,3.399948221337473,4.0,9,3,0.1172718509075811,0.08852609937012496,0.154766937772303,6.01,0.5008333333333334,0.007556675062972292,3.869647355163728,0.3518072434731144,0.24156269093611507,0.5390630562148734,0.33334120625217656,0.16422215981879118,0.33334120625217656,0.3005,0.8541609235597352,90.09255987978932,0.9737473480812038,0.10016903247877905,0.24156269093611507,0.5390630562148734,0.3518072434731144,26.570749563213628,306.961376254594,0.5574487001762167,1.2439834927963764,0.6354940603296562,1.4181468547156637,0.04934875902554676,0.19252751581938893
495817671,9630806627,77,重点词,4721,976,4721,9630806627,18.53,32,59,0.72,191.0,0,0.5791,1.8438,495817671_9630806627,171870.0,107520,166126,0.6255891080467796,1.5450706845238096,2.22684414119164,2.22684414119164,1.61342207059582,1.7840141369047617,18.53,0.00010852196076283969,2026-09-17,9,3,0.66519059033949,0.4567422415794289,1.0192503970464284,0.009480926335087424,0.0040525733496992655,0.020979788276202303,3.7644667172284056,3.399948221337473,4.0,9,3,0.1172718509075811,0.08852609937012496,0.154766937772303,6.01,0.5008333333333334,0.007556675062972292,3.869647355163728,0.4122855404437613,0.28308912460256525,0.631732028228689,0.28444327875616543,0.1401323589977588,0.28444327875616543,0.3005,0.728863786191867,76.87685363554152,1.3003032984442204,0.08547520526622769,0.28308912460256525,0.631732028228689,0.4122855404437613,22.673077864402444,261.93311440562877,0.4756763731650123,1.0615031588439798,0.8486133743179668,1.893736641746721,0.04210977387882652,0.16428559332990927
495817671,9630806627,83,重点词,4887,992,4887,9630806627,167.05,190,239,0.8592,128.0,0,0.8792,1.2579,495817671_9630806627,171870.0,107520,166126,0.6255891080467796,1.5450706845238096,1.7804450212927383,1.7804450212927383,1.3902225106463693,1.2694978054353054,167.05,0.0009783374822143751,2026-09-17,9,3,0.66519059033949,0.4567422415794289,1.0192503970464284,0.009480926335087424,0.0040525733496992655,0.020979788276202303,3.7644667172284056,3.399948221337473,4.0,9,3,0.1172718509075811,0.08852609937012496,0.154766937772303,6.01,0.5008333333333334,0.007556675062972292,3.869647355163728,0.47847778700563315,0.3285389483206335,0.7331563035708137,0.245093615821711,0.12074655696058466,0.245093615821711,0.3005,0.6280333343801855,66.24176923049518,0.7972869397358628,0.07365063155442414,0.3285389483206335,0.7331563035708137,0.47847778700563315,19.536501828743393,225.6974901774715,0.4098716720246755,0.9146556337872328,0.5203311881454248,1.1611533198219304,0.03628434036665569,0.14155845155743502
495817671,9630806627,92,重点词,5621,1032,5621,9630806627,200.67,223,215,0.9398,63.0,0,0.8999,0.9641,495817671_9630806627,171870.0,107520,166126,0.6255891080467796,1.5450706845238096,1.7463901053822095,1.7463901053822095,1.3731950526911048,0.9842448721913009,200.67,0.0011752348551688635,2026-09-17,9,3,0.66519059033949,0.4567422415794289,1.0192503970464284,0.009480926335087424,0.0040525733496992655,0.020979788276202303,3.7644667172284056,3.399948221337473,4.0,9,3,0.1172718509075811,0.08852609937012496,0.154766937772303,6.01,0.5008333333333334,0.007556675062972292,3.869647355163728,0.48441085557065594,0.3326127928325499,0.7422473559374999,0.24209170698586024,0.1192676520326725,0.24209170698586024,0.3005,0.6203411763883752,65.43043943845335,0.6105676218693775,0.072748557949251,0.3326127928325499,0.7422473559374999,0.48441085557065594,19.2972185766493,222.9331452649303,0.4048515600577003,0.9034529232652915,0.39847307198543996,0.889218906990104,0.03583992943581809,0.1398246423552046
495817671,9630806627,94,重点词,5630,1034,5630,9630806627,5131.63,5913,4780,0.9174,91.0,0,0.8679,0.8084,495817671_9630806627,171870.0,107520,166126,0.6255891080467796,1.5450706845238096,1.8405683813649958,1.8405683813649958,1.420284190682498,0.809383645579495,5131.63,0.03005367239662229,2026-09-17,9,3,0.66519059033949,0.4567422415794289,1.0192503970464284,0.009480926335087424,0.0040525733496992655,0.020979788276202303,3.7644667172284056,3.399948221337473,4.0,9,3,0.1172718509075811,0.08852609937012496,0.154766937772303,6.01,0.5008333333333334,0.007556675062972292,3.869647355163728,0.46835034474321785,0.32158510569630977,0.7176383457149106,0.25039343351370363,0.12335753781653815,0.25039343351370363,0.3005,0.6416137051521867,67.6741578275611,0.5193116397298442,0.07524322677086795,0.32158510569630977,0.7176383457149106,0.46835034474321785,19.958952236863936,230.57789290632527,0.41873459214423975,0.9344338238219851,0.3389169307199478,0.7563154548778259,0.037068940113869714,0.14461946146379231
495817671,9630806627,50,潜力词,3443,894,3443,9630806627,7.46,22,21,1.0,105.0,0,0.3391,0.9545,495817671_9630806627,171870.0,107520,166126,0.6255891080467796,1.5450706845238096,2.7852353530007363,2.7815627886031566,1.8907813943015783,1.1120188492063492,7.46,4.36898989363618e-05,2026-09-17,9,3,0.66519059033949,0.4567422415794289,1.0192503970464284,0.009480926335087424,0.0040525733496992655,0.020979788276202303,3.7644667172284056,3.399948221337473,4.0,9,3,0.1172718509075811,0.08852609937012496,0.154766937772303,6.01,0.5008333333333334,0.007556675062972292,3.869647355163728,0.3518072434731144,0.24156269093611507,0.5390630562148734,0.33334120625217656,0.16422215981879118,0.33334120625217656,0.3005,0.8541609235597352,90.09255987978932,0.9498430472539291,0.10016903247877905,0.24156269093611507,0.5390630562148734,0.3518072434731144,26.570749563213628,306.961376254594,0.5574487001762167,1.2439834927963764,0.6198934620615317,1.3833330920911213,0.04934875902554676,0.19252751581938893
495817671,9630806627,52,潜力词,3678,912,3678,9630806627,3.98,11,11,0.75,127.0,0,0.3618,1.0,495817671_9630806627,171870.0,107520,166126,0.6255891080467796,1.5450706845238096,2.1298526859871854,2.1298526859871854,1.5649263429935927,1.2295034461152883,3.98,2.3309088172482567e-05,2026-09-17,9,3,0.66519059033949,0.4567422415794289,1.0192503970464284,0.009480926335087424,0.0040525733496992655,0.020979788276202303,3.7644667172284056,3.399948221337473,4.0,9,3,0.1172718509075811,0.08852609937012496,0.154766937772303,6.01,0.5008333333333334,0.007556675062972292,3.869647355163728,0.4250619163755834,0.2918618142153026,0.6513088629441018,0.27589357312349777,0.13592030510679945,0.27589357312349777,0.3005,0.7069558302524547,74.5661136123505,0.8692046295466878,0.08290601872361109,0.2918618142153026,0.6513088629441018,0.4250619163755834,21.9915776989745,254.06001213578844,0.46137864398413725,1.0295968344057682,0.5672666327424954,1.2658928560112839,0.040844051684593236,0.1593475492010377
495817671,9630806627,54,潜力词,3774,916,3774,9630806627,2.56,9,9,0.875,68.0,0,0.2844,1.0,495817671_9630806627,171870.0,107520,166126,0.6255891080467796,1.5450706845238096,2.113600728073715,2.113600728073715,1.5568003640368575,1.2565038515406162,2.56,1.4992780332049089e-05,2026-09-17,9,3,0.66519059033949,0.4567422415794289,1.0192503970464284,0.009480926335087424,0.0040525733496992655,0.020979788276202303,3.7644667172284056,3.399948221337473,4.0,9,3,0.1172718509075811,0.08852609937012496,0.154766937772303,6.01,0.5008333333333334,0.007556675062972292,3.869647355163728,0.4272805978890056,0.2933852355963449,0.6547084781014976,0.2744609783055133,0.1352145303308582,0.2744609783055133,0.1352250000000002,0.3164782128373812,33.38051595930504,0.3976560933588604,0.03711398579136309,0.2933852355963449,0.6547084781014976,0.4272805978890056,9.844823268747197,113.73335525851054,0.20654230779494606,0.46091276449251867,0.25952120525043715,0.5791386638090826,0.018284384863990328,0.07133405714067378
495817671,9630806627,55,潜力词,3784,917,3784,9630806627,6.91,15,11,1.0,58.0,0,0.4607,0.7333,495817671_9630806627,171870.0,107520,166126,0.6255891080467796,1.5450706845238096,2.1401068506059735,2.1401068506059735,1.5700534253029867,1.0156767598343686,6.91,4.046879378689812e-05,2026-09-17,9,3,0.66519059033949,0.4567422415794289,1.0192503970464284,0.009480926335087424,0.0040525733496992655,0.020979788276202303,3.7644667172284056,3.399948221337473,4.0,9,3,0.1172718509075811,0.08852609937012496,0.154766937772303,6.01,0.5008333333333334,0.007556675062972292,3.869647355163728,0.4236738569651682,0.2909087259188568,0.6491819836320123,0.2767974680987278,0.1363656133444175,0.2767974680987278,0.3005,0.709271990848152,74.81041047890514,0.7203910775059229,0.0831776391636677,0.2909087259188568,0.6491819836320123,0.4236738569651682,22.063627498302683,254.89237501317095,0.4628902335193854,1.0329700460199276,0.4701468525399436,1.0491636693474786,0.04097786680999746,0.1598696108330191
500635396,9657930100,2,黄金词,3587,1126,3587,9657930100,7.03,6,11,0.3333,77.0,0,1.1717,1.8333,500635396_9657930100,808153.2999999999,358634,812358,0.44376976496909687,2.2651449667348884,1.43012091092882,1.43012091092882,1.21506045546441,2.080082838134222,7.03,8.699457789896685e-06,2026-09-17,9,3,1.4224819468363876,0.9767239681979472,2.179623870452533,0.027186880072360864,0.011767597452955041,0.058612393838437436,3.3221857135295307,2.957667217638598,3.626947868400005,9,3,0.1172718509075811,0.08852609937012496,0.154766937772303,238.85,1.2637566137566136,0.022100093545369504,3.4385523854069224,1.170708782792786,0.8038480421327119,1.7938398543465526,0.10017166748149192,0.04935005717239604,0.10017166748149192,11.9425,10.201085167833586,375.2208837749046,21.219102187956203,1.1963001388977172,0.8038480421327119,1.7938398543465526,1.170708782792786,113.58529810338212,1262.5061083815026,6.657506226691753,14.85666366533035,13.848164446913238,30.903091122185927,0.5893630577813398,2.2993203409962173
500635396,9657930100,2,重点词,797,1107,797,9657930100,8332.06,3712,9168,0.6722,213.0,0,2.2446,2.4698,500635396_9657930100,808153.2999999999,358634,812358,0.44376976496909687,2.2651449667348884,1.0039133552522785,1.0039133552522785,1.0019566776261393,2.4693874085306127,8332.06,0.010310726070111888,2026-09-17,9,3,1.4224819468363876,0.9767239681979472,2.179623870452533,0.027186880072360864,0.011767597452955041,0.058612393838437436,3.3221857135295307,2.957667217638598,3.626947868400005,9,3,0.1172718509075811,0.08852609937012496,0.154766937772303,238.85,1.2637566137566136,0.022100093545369504,3.4385523854069224,1.4197040436983437,0.9748165664328181,2.175367377775806,0.08260302661538296,0.04069478115491373,0.08260302661538296,6.583804895156391,4.637448857302337,170.57672101246106,11.451657815927069,0.543842210985092,0.9748165664328181,2.175367377775806,1.4197040436983437,51.63627224256772,573.9396753702831,3.0265255250301544,6.753891062037187,7.473664023105965,16.677973547182077,0.26792649937503904,1.0452790377192227
500635396,9657930100,5,重点词,1934,1113,1934,9657930100,4656.78,2449,5135,0.6731,189.0,0,1.9015,2.0968,500635396_9657930100,808153.2999999999,358634,812358,0.44376976496909687,2.2651449667348884,1.1847539112791299,1.1847539112791299,1.092376955639565,2.097322409334098,4656.78,0.00576265448745876,2026-09-17,9,3,1.4224819468363876,0.9767239681979472,2.179623870452533,0.027186880072360864,0.011767597452955041,0.058612393838437436,3.3221857135295307,2.957667217638598,3.626947868400005,9,3,0.1172718509075811,0.08852609937012496,0.154766937772303,238.85,1.2637566137566136,0.022100093545369504,3.4385523854069224,1.3021896328850626,0.894127217857772,1.9953037815379457,0.09005742938358355,0.044367228784526515,0.09005742938358355,11.9425,9.171091289938186,337.33518761727424,19.234735280436116,1.0755108504134465,0.894127217857772,1.9953037815379457,1.3021896328850626,102.11669846514839,1135.0320660571742,5.985304147920237,13.356600449556701,12.553112516113442,28.013097435377155,0.529855629759208,2.0671601506260564
500635396,9657930100,9,重点词,2818,1118,2818,9657930100,13968.87,6980,12860,0.6439,136.0,0,2.0013,1.8424,500635396_9657930100,808153.2999999999,358634,812358,0.44376976496909687,2.2651449667348884,1.1259222796719657,1.1259222796719657,1.0629611398359828,1.8428908356802918,13968.87,0.017286144372340558,2026-09-17,9,3,1.4224819468363876,0.9767239681979472,2.179623870452533,0.027186880072360864,0.011767597452955041,0.058612393838437436,3.3221857135295307,2.957667217638598,3.626947868400005,9,3,0.1172718509075811,0.08852609937012496,0.154766937772303,238.85,1.2637566137566136,0.022100093545369504,3.4385523854069224,1.338225729546312,0.9188708143635973,2.0505207469662095,0.08763233908777023,0.043172496304219925,0.08763233908777023,11.9425,8.924129716179326,328.25133639559874,16.446196870369043,1.046549209555696,0.9188708143635973,2.0505207469662095,1.338225729546312,99.36687297952923,1104.4676221498516,5.824130293570154,12.996930377281906,10.733236343828404,23.95192388426762,0.5155875371131465,2.0114951149317433
500635396,9657930100,10,重点词,2832,1119,2832,9657930100,164553.1,74970,173306,0.5672,212.0,0,2.1949,2.3117,500635396_9657930100,808153.2999999999,358634,812358,0.44376976496909687,2.2651449667348884,1.0266518186990117,1.0266518186990117,1.013325909349506,2.311666370931925,164553.1,0.20363054731815766,2026-09-17,9,3,1.4224819468363876,0.9767239681979472,2.179623870452533,0.027186880072360864,0.011767597452955041,0.058612393838437436,3.3221857135295307,2.957667217638598,3.626947868400005,9,3,0.1172718509075811,0.08852609937012496,0.154766937772303,238.85,1.2637566137566136,0.022100093545369504,3.4385523854069224,1.4037753635940633,0.9638793987069224,2.150960367579785,0.08354032557412312,0.04115654602680228,0.08354032557412312,58.36458747233035,41.57687119034519,1529.299098671263,96.11185493928936,4.875796639437865,0.9638793987069224,2.150960367579785,1.4037753635940633,462.9430330855872,5145.634310623963,27.13419937997321,60.55175320753661,62.72521620884596,139.9754515908317,2.4020848306402915,9.371409420674667
500635396,9657930100,13,重点词,3366,1123,3366,9657930100,513.5,239,700,0.5176,236.0,0,2.1485,2.9289,500635396_9657930100,808153.2999999999,358634,812358,0.44376976496909687,2.2651449667348884,1.0480626602480694,1.0480626602480694,1.0240313301240347,2.9073731163314944,513.5,0.0006354440362890396,2026-09-17,9,3,1.4224819468363876,0.9767239681979472,2.179623870452533,0.027186880072360864,0.011767597452955041,0.058612393838437436,3.3221857135295307,2.957667217638598,3.626947868400005,9,3,0.1172718509075811,0.08852609937012496,0.154766937772303,238.85,1.2637566137566136,0.022100093545369504,3.4385523854069224,1.3891000255471588,0.9538028178099224,2.128473813578075,0.08442289881996681,0.04159135001116503,0.08442289881996681,11.9425,8.59729305331768,316.2294838699785,24.995538696439333,1.0082204691574537,0.9538028178099224,2.128473813578075,1.3891000255471588,95.72766801540297,1064.017682117297,5.61082777895399,12.520931765982631,16.312769844896778,36.40302040783892,0.4967046975083384,1.9378262674770856
500635396,9657930100,14,重点词,3408,1124,3408,9657930100,12956.21,6733,12890,0.5714,229.0,0,1.9243,1.9145,500635396_9657930100,808153.2999999999,358634,812358,0.44376976496909687,2.2651449667348884,1.170936887404789,1.170936887404789,1.0854684437023945,1.9148674024230647,12956.21,0.016033001708682406,2026-09-17,9,3,1.4224819468363876,0.9767239681979472,2.179623870452533,0.027186880072360864,0.011767597452955041,0.058612393838437436,3.3221857135295307,2.957667217638598,3.626947868400005,9,3,0.1172718509075811,0.08852609937012496,0.154766937772303,238.85,1.2637566137566136,0.022100093545369504,3.4385523854069224,1.3104774764197502,0.8998179300970429,2.0080029807390014,0.08948787981306636,0.04408663742996281,0.08948787981306636,11.9425,9.113090621463515,335.20178105056647,17.450360166367833,1.068709004667545,0.8998179300970429,2.0080029807390014,1.3104774764197502,101.47088254355758,1127.8537907036482,5.947451330776823,13.272129394789937,11.388580680802214,25.41436793882421,0.5265046675073309,2.0540868241494077
500635396,9657930100,16,重点词,4196,1129,4196,9657930100,657.56,352,563,0.659,152.0,0,1.8681,1.5994,500635396_9657930100,808153.2999999999,358634,812358,0.44376976496909687,2.2651449667348884,1.2037861042242304,1.2037861042242304,1.101893052112115,1.61422544370522,657.56,0.0008137148597901087,2026-09-17,9,3,1.4224819468363876,0.9767239681979472,2.179623870452533,0.027186880072360864,0.011767597452955041,0.058612393838437436,3.3221857135295307,2.957667217638598,3.626947868400005,9,3,0.1172718509075811,0.08852609937012496,0.154766937772303,238.85,1.2637566137566136,0.022100093545369504,3.4385523854069224,1.2909437482247172,0.8864054150498153,1.9780720699478205,0.09084195269457035,0.04475372799357113,0.09084195269457035,11.9425,9.250984031196644,340.27383821071544,14.933173802468307,1.0848800200549065,0.8864054150498153,1.9780720699478205,1.2909437482247172,103.00627449385884,1144.9197468474688,6.037444328464247,13.472954696840205,9.745796249960762,21.748386273527206,0.5344713965632233,2.0851679411749253
500635396,9657930100,18,重点词,4536,1132,4536,9657930100,48121.97,23315,52173,0.575,196.0,0,2.064,2.2377,500635396_9657930100,808153.2999999999,358634,812358,0.44376976496909687,2.2651449667348884,1.0917625641345226,1.0917625641345226,1.0458812820672612,2.2377533404679446,48121.97,0.059549793283310754,2026-09-17,9,3,1.4224819468363876,0.9767239681979472,2.179623870452533,0.027186880072360864,0.011767597452955041,0.058612393838437436,3.3221857135295307,2.957667217638598,3.626947868400005,9,3,0.1172718509075811,0.08852609937012496,0.154766937772303,238.85,1.2637566137566136,0.022100093545369504,3.4385523854069224,1.3600797444474269,0.9338765163359464,2.0840069593217563,0.08622424632551696,0.04247879258471187,0.08622424632551696,17.06816175086253,12.549383093560431,461.59702989673224,28.082423938426803,1.4716893831301379,0.9338765163359464,2.0840069593217563,1.3600797444474269,139.73272414098705,1553.1360194892222,8.190069459469267,18.276679467034104,18.327355291591847,40.89870053001746,0.725034902817202,2.828625713758795
500635396,9657930100,21,重点词,5331,1136,5331,9657930100,4160.45,2130,3953,0.7037,152.0,0,1.9533,1.8559,500635396_9657930100,808153.2999999999,358634,812358,0.44376976496909687,2.2651449667348884,1.153372839167986,1.153372839167986,1.076686419583993,1.8573999811664543,4160.45,0.005148457917777477,2026-09-17,9,3,1.4224819468363876,0.9767239681979472,2.179623870452533,0.027186880072360864,0.011767597452955041,0.058612393838437436,3.3221857135295307,2.957667217638598,3.626947868400005,9,3,0.1172718509075811,0.08852609937012496,0.154766937772303,238.85,1.2637566137566136,0.022100093545369504,3.4385523854069224,1.3211664240977445,0.9071573212331693,2.0243813154945243,0.088763874685711,0.04372995279720779,0.088763874685711,11.9425,9.039360811909683,332.48981817150155,16.78970860179783,1.0600625734341036,0.9071573212331693,2.0243813154945243,1.3211664240977445,100.64992847254514,1118.728846308023,5.899333247443374,13.164750722361624,10.95742146269596,24.452207743775546,0.522244961280654,2.0374681558356222
500635396,9657930100,23,重点词,5553,1138,5553,9657930100,71798.68,51724,100920,0.5765,187.0,0,1.3881,1.9511,500635396_9657930100,808153.2999999999,358634,812358,0.44376976496909687,2.2651449667348884,1.6233015907535366,1.6233015907535366,1.3116507953767682,1.9511737640093922,71798.68,0.0888491587525319,2026-09-17,9,3,1.4224819468363876,0.9767239681979472,2.179623870452533,0.027186880072360864,0.011767597452955041,0.058612393838437436,3.3221857135295307,2.957667217638598,3.626947868400005,9,3,0.1172718509075811,0.08852609937012496,0.154766937772303,238.85,1.2637566137566136,0.022100093545369504,3.4385523854069224,1.084497453018952,0.7446524422816255,1.6617409741488716,0.10813474073279519,0.053273103779286186,0.10813474073279519,25.46594588165069,23.481794088829144,863.7178678218969,45.81706055799426,2.753753455427691,0.7446524422816255,1.6617409741488716,1.084497453018952,261.4610639652494,2906.1524323298427,15.324858854548083,34.198431960583754,29.901462534141245,66.7270832117513,1.356649977790863,5.2927865911540035
500635396,9657930100,24,重点词,5573,1139,5573,9657930100,10656.71,10553,10503,0.5927,209.0,0,1.0098,0.9953,500635396_9657930100,808153.2999999999,358634,812358,0.44376976496909687,2.2651449667348884,2.230559989151984,2.230559989151984,1.615279994575992,0.996223952252048,10656.71,0.013187425152797994,2026-09-17,9,3,1.4224819468363876,0.9767239681979472,2.179623870452533,0.027186880072360864,0.011767597452955041,0.058612393838437436,3.3221857135295307,2.957667217638598,3.626947868400005,9,3,0.1172718509075811,0.08852609937012496,0.154766937772303,238.85,1.2637566137566136,0.022100093545369504,3.4385523854069224,0.8806410972791046,0.6046778090967043,1.3493783602666858,0.13316645256497012,0.06560509785604463,0.13316645256497012,11.9425,13.561143168196958,498.812042135857,13.509935644077032,1.5903403597571557,0.6046778090967043,1.3493783602666858,0.8806410972791046,150.99829714581432,1678.3534109166492,8.850371661243873,19.750187323461166,8.816952235263894,19.67560967309678,0.7834888811458129,3.0566760124814416
500635396,9657930100,25,重点词,5867,1140,5867,9657930100,24613.57,15146,13988,0.5599,213.0,0,1.6251,0.9235,500635396_9657930100,808153.2999999999,358634,812358,0.44376976496909687,2.2651449667348884,1.3865195275620263,1.3865195275620263,1.1932597637810132,0.9242524191456961,24613.57,0.030458707435799055,2026-09-17,9,3,1.4224819468363876,0.9767239681979472,2.179623870452533,0.027186880072360864,0.011767597452955041,0.058612393838437436,3.3221857135295307,2.957667217638598,3.626947868400005,9,3,0.1172718509075811,0.08852609937012496,0.154766937772303,238.85,1.2637566137566136,0.022100093545369504,3.4385523854069224,1.1920974711567005,0.8185342352473685,1.8266130616405643,0.09837438107623146,0.04846461531957712,0.09837438107623146,11.9425,10.018056651367703,368.4886469026069,9.259213095165231,1.1748360460028944,0.8185342352473685,1.8266130616405643,1.1920974711567005,111.54734348755841,1239.8541437871068,6.538056828124232,14.59010446446491,6.0428148399058585,13.484939346870114,0.5787886684540497,2.258065789743241
500635396,9657930100,26,重点词,5874,1141,5874,9657930100,18.64,22,61,0.6,100.0,0,0.8473,2.7727,500635396_9657930100,808153.2999999999,358634,812358,0.44376976496909687,2.2651449667348884,2.1586238452568636,2.1586238452568636,1.5793119226284318,2.637371991129304,18.64,2.3066556643481396e-05,2026-09-17,9,3,1.4224819468363876,0.9767239681979472,2.179623870452533,0.027186880072360864,0.011767597452955041,0.058612393838437436,3.3221857135295307,2.957667217638598,3.626947868400005,9,3,0.1172718509075811,0.08852609937012496,0.154766937772303,238.85,1.2637566137566136,0.022100093545369504,3.4385523854069224,0.9006972761080447,0.6184490563285282,1.3801098055569723,0.1302011830371224,0.06414424346068492,0.1302011830371224,11.9425,13.2591718847026,487.7047991314876,34.96936855428378,1.5549276284208344,0.6184490563285282,1.3801098055569723,0.9006972761080447,147.63595895433232,1640.9808585170701,8.65329697094671,19.310402171033452,22.8219630620989,50.92871382332613,0.7660426275292298,2.988611811162479
500635396,9657930100,30,重点词,6434,1147,6434,9657930100,89.74,49,76,0.7619,68.0,0,1.8314,1.551,500635396_9657930100,808153.2999999999,358634,812358,0.44376976496909687,2.2651449667348884,1.2114275779650283,1.2114275779650283,1.1057137889825142,1.6512484163838441,89.74,0.00011105111551427148,2026-09-17,9,3,1.4224819468363876,0.9767239681979472,2.179623870452533,0.027186880072360864,0.011767597452955041,0.058612393838437436,3.3221857135295307,2.957667217638598,3.626947868400005,9,3,0.1172718509075811,0.08852609937012496,0.154766937772303,238.85,1.2637566137566136,0.022100093545369504,3.4385523854069224,1.2864829588001845,0.8833424869348293,1.97123694410851,0.09115694079380003,0.044908908406320884,0.09115694079380003,11.9425,9.283061169452226,341.45371387758877,15.328640055252345,1.088641765429957,0.8833424869348293,1.97123694410851,1.2864829588001845,103.36344152571074,1148.8896757639307,6.058378743201256,13.519671222245973,10.003888305564619,22.324335695763892,0.5363246386424871,2.0923981147553383
500635396,9657930100,31,重点词,6660,1149,6660,9657930100,4349.38,2727,5333,0.7072,181.0,0,1.5949,1.9556,500635396_9657930100,808153.2999999999,358634,812358,0.44376976496909687,2.2651449667348884,1.4120993992157715,1.4120993992157715,1.2060496996078858,1.9565342448752756,4349.38,0.005382254299035682,2026-09-17,9,3,1.4224819468363876,0.9767239681979472,2.179623870452533,0.027186880072360864,0.011767597452955041,0.058612393838437436,3.3221857135295307,2.957667217638598,3.626947868400005,9,3,0.1172718509075811,0.08852609937012496,0.154766937772303,238.85,1.2637566137566136,0.022100093545369504,3.4385523854069224,1.1794554961531594,0.8098538298342949,1.80724216519533,0.09942880531742646,0.04898408252917057,0.09942880531742646,11.9425,10.125435032479764,372.4382866121382,19.81076038530646,1.1874285075033655,0.8098538298342949,1.80724216519533,1.1794554961531594,112.74296191714774,1253.1435007360678,6.608134886399816,14.746488267448916,12.92904219999623,28.852009286915276,0.5849924056046195,2.2822688320482625
500635396,9657930100,2,潜力词,6133,1144,6133,9657930100,2.08,2,2,1.0,120.0,0,1.04,1.0,500635396_9657930100,808153.2999999999,358634,812358,0.44376976496909687,2.2651449667348884,1.2393334827717255,1.2393334827717255,1.1196667413858628,2.012115973387911,2.08,2.5739505267404132e-06,2026-09-17,9,3,1.4224819468363876,0.9767239681979472,2.179623870452533,0.027186880072360864,0.011767597452955041,0.058612393838437436,3.3221857135295307,2.957667217638598,3.626947868400005,9,3,0.1172718509075811,0.08852609937012496,0.154766937772303,238.85,1.2637566137566136,0.022100093545369504,3.4385523854069224,1.2704511925358404,0.872334536782803,1.946671978266241,0.09230724611585012,0.045475611894803515,0.09230724611585012,11.9425,9.400203699413737,345.76250288352554,18.91430001669051,1.10237928673854,0.872334536782803,1.946671978266241,1.2704511925358404,104.66778012962895,1163.3874627340867,6.134829151152788,13.690275343269468,12.343987729040322,27.54642169827116,0.5430924950536911,2.1188019921374797
500635396,9657930100,3,潜力词,6452,1148,6452,9657930100,5.59,5,4,1.0,33.0,0,1.118,0.8,500635396_9657930100,808153.2999999999,358634,812358,0.44376976496909687,2.2651449667348884,1.4159050394332047,1.4159050394332047,1.2079525197166023,1.7016276718368544,5.59,6.9174920406148606e-06,2026-09-17,9,3,1.4224819468363876,0.9767239681979472,2.179623870452533,0.027186880072360864,0.011767597452955041,0.058612393838437436,3.3221857135295307,2.957667217638598,3.626947868400005,9,3,0.1172718509075811,0.08852609937012496,0.154766937772303,238.85,1.2637566137566136,0.022100093545369504,3.4385523854069224,1.1775975658133617,0.8085781123475749,1.8043953175940182,0.0995856770700625,0.0490613661579247,0.0995856770700625,11.9425,10.141410229352305,373.02589345889743,17.256904277715222,1.1893019484092213,0.8085781123475749,1.8043953175940182,1.1775975658133617,112.92083980652654,1255.1206221209359,6.618560735307237,14.76975423602167,11.262326094931673,25.132622514244073,0.5859153653410157,2.2858696347585745
525368335,9811363528,83,黄金词,4042,1827,4042,9811363528,1.73,7,20,0.25,350.0,0,0.2471,2.8571,525368335_9811363528,181497.5,100380,138303,0.5530654692213391,1.3777943813508666,2.116111279690801,2.116111279690801,1.5580556398454004,2.068157003387129,1.73,9.698401030788666e-06,2026-09-17,9,3,0.7229170721374923,0.49637918635559797,1.1077028501436352,0.0024048646364418897,0.0010232710730511485,0.005373600242651853,3.884841844780855,3.520323348889922,4.0,9,3,0.1172718509075811,0.08852609937012496,0.154766937772303,17.03,0.7404347826086957,0.0014438166980539863,3.967608286252354,0.4639866854878331,0.31858887042368506,0.7109520493462917,0.2527483106207716,0.12451767942932747,0.2527483106207716,0.8515000000000001,1.8351819710187105,763.1123778068227,3.7954444458521412,0.21521518649358704,0.31858887042368506,0.7109520493462917,0.4639866854878331,222.88404810413326,2611.940954229169,1.1976897749755977,2.672723622980323,2.477010496000937,5.527612078984975,0.10602680403407236,0.41364925064035984
525368335,9811363528,87,黄金词,4255,1856,4255,9811363528,7.61,25,149,0.381,369.0,0,0.3044,5.96,525368335_9811363528,181497.5,100380,138303,0.5530654692213391,1.3777943813508666,3.399017555878599,2.7815627886031566,1.8907813943015783,4.8491622742668765,7.61,4.266175251115708e-05,2026-09-17,9,3,0.7229170721374923,0.49637918635559797,1.1077028501436352,0.0024048646364418897,0.0010232710730511485,0.005373600242651853,3.884841844780855,3.520323348889922,4.0,9,3,0.1172718509075811,0.08852609937012496,0.154766937772303,17.03,0.7404347826086957,0.0014438166980539863,3.967608286252354,0.3823377331278031,0.2625259524192387,0.5858439550346862,0.3067231945646885,0.15110866743497176,0.3067231945646885,0.8515000000000001,2.227088582217888,926.0764820064759,10.799513934341487,0.2611748001718323,0.2625259524192387,0.5858439550346862,0.3823377331278031,270.48136181049955,3169.7259282478913,1.453458711457704,3.2434888518762675,7.048057150805244,15.728203777523582,0.12866903032087848,0.5019848373034927
525368335,9811363528,12,重点词,709,1295,709,9811363528,1363.47,2319,263,0.9787,79.0,0,0.588,0.1134,525368335_9811363528,181497.5,100380,138303,0.5530654692213391,1.3777943813508666,3.0630417483637205,2.7815627886031566,1.8907813943015783,0.11775778042578726,1363.47,0.00764362939505747,2026-09-17,9,3,0.7229170721374923,0.49637918635559797,1.1077028501436352,0.0024048646364418897,0.0010232710730511485,0.005373600242651853,3.884841844780855,3.520323348889922,4.0,9,3,0.1172718509075811,0.08852609937012496,0.154766937772303,17.03,0.7404347826086957,0.0014438166980539863,3.967608286252354,0.3823377331278031,0.2625259524192387,0.5858439550346862,0.3067231945646885,0.15110866743497176,0.3067231945646885,0.8515000000000001,2.227088582217888,926.0764820064759,0.2622570082535919,0.2611748001718323,0.2625259524192387,0.5858439550346862,0.3823377331278031,270.48136181049955,3169.7259282478913,1.453458711457704,3.2434888518762675,0.171156071801784,0.3819460480327343,0.12866903032087848,0.5019848373034927
525368335,9811363528,16,重点词,836,1321,836,9811363528,22.95,53,54,0.7895,119.0,0,0.433,1.0189,525368335_9811363528,181497.5,100380,138303,0.5530654692213391,1.3777943813508666,3.3501942216481595,2.7815627886031566,1.8907813943015783,1.06594024673454,22.95,0.00012865797899225427,2026-09-17,9,3,0.7229170721374923,0.49637918635559797,1.1077028501436352,0.0024048646364418897,0.0010232710730511485,0.005373600242651853,3.884841844780855,3.520323348889922,4.0,9,3,0.1172718509075811,0.08852609937012496,0.154766937772303,17.03,0.7404347826086957,0.0014438166980539863,3.967608286252354,0.3823377331278031,0.2625259524192387,0.5858439550346862,0.3067231945646885,0.15110866743497176,0.3067231945646885,0.8515000000000001,2.227088582217888,926.0764820064759,2.3739433528290124,0.2611748001718323,0.2625259524192387,0.5858439550346862,0.3823377331278031,270.48136181049955,3169.7259282478913,1.453458711457704,3.2434888518762675,1.5493001375096915,3.4573653070497183,0.12866903032087848,0.5019848373034927
525368335,9811363528,22,重点词,954,1336,954,9811363528,22.07,35,90,0.72,249.0,0,0.6306,2.5714,525368335_9811363528,181497.5,100380,138303,0.5530654692213391,1.3777943813508666,2.367860841050936,2.367860841050936,1.683930420525468,2.3493570942048123,22.07,0.00012372468829451207,2026-09-17,9,3,0.7229170721374923,0.49637918635559797,1.1077028501436352,0.0024048646364418897,0.0010232710730511485,0.005373600242651853,3.884841844780855,3.520323348889922,4.0,9,3,0.1172718509075811,0.08852609937012496,0.154766937772303,17.03,0.7404347826086957,0.0014438166980539863,3.967608286252354,0.429303410239425,0.2947741666194875,0.6578079691665516,0.273167759935049,0.1345774200368662,0.273167759935049,0.8515000000000001,1.9834456929310524,824.7639650378217,4.6598222096575475,0.23260234758469428,0.2947741666194875,0.6578079691665516,0.429303410239425,240.89077389409107,2822.9587679418464,1.2944507210498803,2.8886520476510014,3.0411269845970708,6.786475180838138,0.1145926731613916,0.44706783170463815
525368335,9811363528,42,重点词,1672,1454,1672,9811363528,662.43,3390,507,0.9859,66.0,0,0.1954,0.1496,525368335_9811363528,181497.5,100380,138303,0.5530654692213391,1.3777943813508666,9.153802818302667,2.7815627886031566,1.8907813943015783,0.15244919218681782,662.43,0.003713590632847015,2026-09-17,9,3,0.7229170721374923,0.49637918635559797,1.1077028501436352,0.0024048646364418897,0.0010232710730511485,0.005373600242651853,3.884841844780855,3.520323348889922,4.0,9,3,0.1172718509075811,0.08852609937012496,0.154766937772303,17.03,0.7404347826086957,0.0014438166980539863,3.967608286252354,0.3823377331278031,0.2625259524192387,0.5858439550346862,0.3067231945646885,0.15110866743497176,0.3067231945646885,0.8515000000000001,2.227088582217888,926.0764820064759,0.3395178552876024,0.2611748001718323,0.2625259524192387,0.5858439550346862,0.3823377331278031,270.48136181049955,3169.7259282478913,1.453458711457704,3.2434888518762675,0.2215786064386201,0.4944672553354862,0.12866903032087848,0.5019848373034927
525368335,9811363528,45,重点词,1719,1465,1719,9811363528,49.34,66,98,0.7381,114.0,0,0.7476,1.4848,525368335_9811363528,181497.5,100380,138303,0.5530654692213391,1.3777943813508666,2.219422952362902,2.219422952362902,1.609711476181451,1.4732750682541478,49.34,0.0002766006398029554,2026-09-17,9,3,0.7229170721374923,0.49637918635559797,1.1077028501436352,0.0024048646364418897,0.0010232710730511485,0.005373600242651853,3.884841844780855,3.520323348889922,4.0,9,3,0.1172718509075811,0.08852609937012496,0.154766937772303,17.03,0.7404347826086957,0.0014438166980539863,3.967608286252354,0.4490972965244631,0.3083653149650806,0.6881375119293565,0.2611279377879602,0.12864594334048302,0.2611279377879602,0.8515000000000001,1.8960256643486997,788.4126347975904,2.7933673400549464,0.22235043902644813,0.3083653149650806,0.6881375119293565,0.4490972965244631,230.2735543684448,2698.53734462796,1.2373980276305796,2.7613352043060497,1.82302766361499,4.068206311596576,0.10954202075442132,0.42736339373330395
525368335,9811363528,48,重点词,1952,1486,1952,9811363528,23556.53,28520,31283,0.6368,210.0,0,0.826,1.0969,525368335_9811363528,181497.5,100380,138303,0.5530654692213391,1.3777943813508666,2.1886734247777966,2.1886734247777966,1.5943367123888983,1.0969581588281971,23556.53,0.1320581935455515,2026-09-17,9,3,0.7229170721374923,0.49637918635559797,1.1077028501436352,0.0024048646364418897,0.0010232710730511485,0.005373600242651853,3.884841844780855,3.520323348889922,4.0,9,3,0.1172718509075811,0.08852609937012496,0.154766937772303,17.03,0.7404347826086957,0.0014438166980539863,3.967608286252354,0.4534281036872686,0.3113389928855372,0.6947734700807912,0.258633838427589,0.12741721321027236,0.258633838427589,2.6987412432968907,5.951861433710833,2474.9257581985535,6.528942959923989,0.6979858066767187,0.3113389928855372,0.6947734700807912,0.4534281036872686,722.8574555818889,8471.045857091174,3.8843469987175387,8.668176184051172,4.260966131963024,9.5086265872552,0.34386608839651545,1.3415470840764065
525368335,9811363528,53,重点词,2206,1524,2206,9811363528,32.01,43,63,0.8378,162.0,0,0.7444,1.4651,525368335_9811363528,181497.5,100380,138303,0.5530654692213391,1.3777943813508666,2.1414644565276353,2.1414644565276353,1.5707322282638176,1.4514187264864105,32.01,0.00017944844913037294,2026-09-17,9,3,0.7229170721374923,0.49637918635559797,1.1077028501436352,0.0024048646364418897,0.0010232710730511485,0.005373600242651853,3.884841844780855,3.520323348889922,4.0,9,3,0.1172718509075811,0.08852609937012496,0.154766937772303,17.03,0.7404347826086957,0.0014438166980539863,3.967608286252354,0.46024208272377304,0.3160177001679416,0.705214313561272,0.2548047110632537,0.12553077506761842,0.2548047110632537,0.8515000000000001,1.850113303330959,769.3211814484031,2.6852890945761865,0.21696621147036058,0.3160177001679416,0.705214313561272,0.46024208272377304,224.69746815832795,2633.1921211343874,1.207434369418848,2.6944693273430147,1.7524928547778265,3.910803239648893,0.10688945497007711,0.41701476671427545
525368335,9811363528,62,重点词,2557,1582,2557,9811363528,126.11,148,160,0.844,71.0,0,0.8521,1.0811,525368335_9811363528,181497.5,100380,138303,0.5530654692213391,1.3777943813508666,2.054553344232366,2.054553344232366,1.527276672116183,1.0962971477615828,126.11,0.0007069741930593981,2026-09-17,9,3,0.7229170721374923,0.49637918635559797,1.1077028501436352,0.0024048646364418897,0.0010232710730511485,0.005373600242651853,3.884841844780855,3.520323348889922,4.0,9,3,0.1172718509075811,0.08852609937012496,0.154766937772303,17.03,0.7404347826086957,0.0014438166980539863,3.967608286252354,0.4733373365389153,0.325009342064931,0.7252797547210686,0.24775533610993652,0.1220578663527851,0.24775533610993652,0.8515000000000001,1.7989284475766139,748.0372991962712,1.9721601261054138,0.210963668697611,0.325009342064931,0.7252797547210686,0.4733373365389153,218.4810340213787,2560.34276717802,1.1740297374321083,2.6199246907489995,1.2870854525341002,2.872215965818275,0.10393227319939652,0.40547772158127054
525368335,9811363528,70,重点词,2742,1620,2742,9811363528,2201.88,6284,4228,0.9227,58.0,0,0.3504,0.6728,525368335_9811363528,181497.5,100380,138303,0.5530654692213391,1.3777943813508666,5.145020596980575,2.7815627886031566,1.8907813943015783,0.6737162039178015,2201.88,0.012343766047209798,2026-09-17,9,3,0.7229170721374923,0.49637918635559797,1.1077028501436352,0.0024048646364418897,0.0010232710730511485,0.005373600242651853,3.884841844780855,3.520323348889922,4.0,9,3,0.1172718509075811,0.08852609937012496,0.154766937772303,17.03,0.7404347826086957,0.0014438166980539863,3.967608286252354,0.3823377331278031,0.2625259524192387,0.5858439550346862,0.3067231945646885,0.15110866743497176,0.3067231945646885,0.8515000000000001,2.227088582217888,926.0764820064759,1.500425665400514,0.2611748001718323,0.2625259524192387,0.5858439550346862,0.3823377331278031,270.48136181049955,3169.7259282478913,1.453458711457704,3.2434888518762675,0.9792186856345435,2.185190996735787,0.12866903032087848,0.5019848373034927
525368335,9811363528,73,重点词,2843,1639,2843,9811363528,4124.08,5431,5542,0.7917,117.0,0,0.7594,1.0204,525368335_9811363528,181497.5,100380,138303,0.5530654692213391,1.3777943813508666,2.3783981017240894,2.3783981017240894,1.6891990508620447,1.0209638453853296,4124.08,0.023119642614482613,2026-09-17,9,3,0.7229170721374923,0.49637918635559797,1.1077028501436352,0.0024048646364418897,0.0010232710730511485,0.005373600242651853,3.884841844780855,3.520323348889922,4.0,9,3,0.1172718509075811,0.08852609937012496,0.154766937772303,17.03,0.7404347826086957,0.0014438166980539863,3.967608286252354,0.42796440820196285,0.2938547627659878,0.6557562589076427,0.27402243892262823,0.1349984817797874,0.27402243892262823,0.8515000000000001,1.9896514375517051,827.344461472679,2.0313621826592376,0.23333010674261798,0.2938547627659878,0.6557562589076427,0.42796440820196285,241.64446562842284,2831.791155564515,1.2985007591363702,2.897689974411253,1.3257223282836381,2.95843669900943,0.114951207235489,0.44846660395313265
525368335,9811363528,74,重点词,2914,1653,2914,9811363528,4623.04,5627,3428,0.7333,205.0,0,0.8216,0.6092,525368335_9811363528,181497.5,100380,138303,0.5530654692213391,1.3777943813508666,2.1986703711962643,2.1986703711962643,1.5993351855981321,0.6102967799557776,4623.04,0.02591681844010245,2026-09-17,9,3,0.7229170721374923,0.49637918635559797,1.1077028501436352,0.0024048646364418897,0.0010232710730511485,0.005373600242651853,3.884841844780855,3.520323348889922,4.0,9,3,0.1172718509075811,0.08852609937012496,0.154766937772303,17.03,0.7404347826086957,0.0014438166980539863,3.967608286252354,0.4520109847187099,0.3103659513186775,0.6926020637314796,0.2594446924349866,0.12781668436443808,0.2594446924349866,0.8515000000000001,1.8838037764279014,783.3304826732692,1.1496793788224817,0.2209171556083911,0.3103659513186775,0.6926020637314796,0.4520109847187099,228.78919810389937,2681.1424213438067,1.2294216904472364,2.7435354824914318,0.7503120988877371,1.6743708706589413,0.10883590673631904,0.4246085852948567
525368335,9811363528,75,重点词,2919,1655,2919,9811363528,90.58,106,104,0.9079,95.0,0,0.8545,0.9811,525368335_9811363528,181497.5,100380,138303,0.5530654692213391,1.3777943813508666,2.024726739929226,2.024726739929226,1.512363369964613,1.0089680267614645,90.58,0.0005077925811380563,2026-09-17,9,3,0.7229170721374923,0.49637918635559797,1.1077028501436352,0.0024048646364418897,0.0010232710730511485,0.005373600242651853,3.884841844780855,3.520323348889922,4.0,9,3,0.1172718509075811,0.08852609937012496,0.154766937772303,17.03,0.7404347826086957,0.0014438166980539863,3.967608286252354,0.4780048806355363,0.3282142348946288,0.7324316841722726,0.24533609521237756,0.12086601560686042,0.24533609521237756,0.707258756703105,1.479605722357399,615.2553037440582,1.4928748660719162,0.17351610167430073,0.3282142348946288,0.7324316841722726,0.4780048806355363,179.69908063885129,2105.8635292672684,0.9656310233252461,2.1548692332925965,0.9742908281841272,2.174194158244221,0.08548354792576618,0.33350251253644553
525368335,9811363528,76,重点词,2961,1660,2961,9811363528,3144.54,4114,5321,0.9121,95.0,0,0.7644,1.2934,525368335_9811363528,181497.5,100380,138303,0.5530654692213391,1.3777943813508666,2.362050591688651,2.362050591688651,1.6810252958443255,1.2935522452816126,3144.54,0.01762832946667988,2026-09-17,9,3,0.7229170721374923,0.49637918635559797,1.1077028501436352,0.0024048646364418897,0.0010232710730511485,0.005373600242651853,3.884841844780855,3.520323348889922,4.0,9,3,0.1172718509075811,0.08852609937012496,0.154766937772303,17.03,0.7404347826086957,0.0014438166980539863,3.967608286252354,0.43004532645916793,0.2952835912598701,0.6589447838066419,0.2726964896308805,0.13434524643889084,0.2726964896308805,0.8515000000000001,1.980023843093313,823.3410783664112,2.5612642879444825,0.23220106092069476,0.2952835912598701,0.6589447838066419,0.43004532645916793,240.47518799804146,2818.088586198805,1.2922175285780255,2.8836685315528454,1.6715508854843613,3.730175903638114,0.11439497734271557,0.44629654817878756
525368335,9811363528,77,重点词,2978,1664,2978,9811363528,2698.76,4658,6365,0.9164,86.0,0,0.5794,1.3665,525368335_9811363528,181497.5,100380,138303,0.5530654692213391,1.3777943813508666,3.1144329443210412,2.7815627886031566,1.8907813943015783,1.3664857168990157,2698.76,0.01512928136754406,2026-09-17,9,3,0.7229170721374923,0.49637918635559797,1.1077028501436352,0.0024048646364418897,0.0010232710730511485,0.005373600242651853,3.884841844780855,3.520323348889922,4.0,9,3,0.1172718509075811,0.08852609937012496,0.154766937772303,17.03,0.7404347826086957,0.0014438166980539863,3.967608286252354,0.3823377331278031,0.2625259524192387,0.5858439550346862,0.3067231945646885,0.15110866743497176,0.3067231945646885,0.8515000000000001,2.227088582217888,926.0764820064759,3.043284737869623,0.2611748001718323,0.2625259524192387,0.5858439550346862,0.3823377331278031,270.48136181049955,3169.7259282478913,1.453458711457704,3.2434888518762675,1.9861305693094002,4.432181189010106,0.12866903032087848,0.5019848373034927
525368335,9811363528,100,重点词,4091,1834,4091,9811363528,44.79,64,337,0.4,581.0,0,0.6998,5.2656,525368335_9811363528,181497.5,100380,138303,0.5530654692213391,1.3777943813508666,2.3420751004272695,2.3420751004272695,1.6710375502136348,4.833643820150097,44.79,0.00025109328449076556,2026-09-17,9,3,0.7229170721374923,0.49637918635559797,1.1077028501436352,0.0024048646364418897,0.0010232710730511485,0.005373600242651853,3.884841844780855,3.520323348889922,4.0,9,3,0.1172718509075811,0.08852609937012496,0.154766937772303,17.03,0.7404347826086957,0.0014438166980539863,3.967608286252354,0.43261569558689483,0.29704849319043614,0.6628832787162804,0.2710762741709772,0.13354703944495613,0.2710762741709772,0.8515000000000001,1.968259609362621,818.4492297557146,9.513865897246676,0.23082144745658711,0.29704849319043614,0.6628832787162804,0.43261569558689483,239.0464141335705,2801.345023782887,1.2845398689932097,2.86653532847281,6.209008199495443,13.855810775714525,0.11371530408738018,0.44364489480385955
525368335,9811363528,103,重点词,4352,1870,4352,9811363528,29.26,39,434,0.2927,677.0,0,0.7503,11.1282,525368335_9811363528,181497.5,100380,138303,0.5530654692213391,1.3777943813508666,2.1054679516871255,2.1054679516871255,1.5527339758435628,9.46856074576185,29.26,0.00016403191569992856,2026-09-17,9,3,0.7229170721374923,0.49637918635559797,1.1077028501436352,0.0024048646364418897,0.0010232710730511485,0.005373600242651853,3.884841844780855,3.520323348889922,4.0,9,3,0.1172718509075811,0.08852609937012496,0.154766937772303,17.03,0.7404347826086957,0.0014438166980539863,3.967608286252354,0.4655769007339129,0.31968076571901327,0.7133886856194069,0.251885028494153,0.12409237930828869,0.251885028494153,0.8515000000000001,1.8289137598058167,760.5059062749497,17.317181033481074,0.21448010176277132,0.31968076571901327,0.7133886856194069,0.4655769007339129,222.1227697614052,2603.019660409119,1.1935989694883886,2.6635947210800754,11.301664348679553,25.220408418637287,0.10566466098100784,0.4122363984480348
525368335,9811363528,146,重点词,6554,2211,6554,9811363528,22.07,120,24,0.5714,127.0,0,0.1839,0.2,525368335_9811363528,181497.5,100380,138303,0.5530654692213391,1.3777943813508666,7.468719033619804,2.7815627886031566,1.8907813943015783,0.2736121488344292,22.07,0.00012372468829451207,2026-09-17,9,3,0.7229170721374923,0.49637918635559797,1.1077028501436352,0.0024048646364418897,0.0010232710730511485,0.005373600242651853,3.884841844780855,3.520323348889922,4.0,9,3,0.1172718509075811,0.08852609937012496,0.154766937772303,17.03,0.7404347826086957,0.0014438166980539863,3.967608286252354,0.3823377331278031,0.2625259524192387,0.5858439550346862,0.3067231945646885,0.15110866743497176,0.3067231945646885,0.8515000000000001,2.227088582217888,926.0764820064759,0.6093584926252587,0.2611748001718323,0.2625259524192387,0.5858439550346862,0.3823377331278031,270.48136181049955,3169.7259282478913,1.453458711457704,3.2434888518762675,0.39768396128406297,0.8874579544823812,0.12866903032087848,0.5019848373034927
525368335,9811363528,176,潜力词,5309,2031,5309,9811363528,4.65,10,5,1.0,200.0,0,0.465,0.5,525368335_9811363528,181497.5,100380,138303,0.5530654692213391,1.3777943813508666,2.056730294275929,2.056730294275929,1.5283651471379645,0.8901308361559407,4.65,2.6067956527842372e-05,2026-09-17,9,3,0.7229170721374923,0.49637918635559797,1.1077028501436352,0.0024048646364418897,0.0010232710730511485,0.005373600242651853,3.884841844780855,3.520323348889922,4.0,9,3,0.1172718509075811,0.08852609937012496,0.154766937772303,17.03,0.7404347826086957,0.0014438166980539863,3.967608286252354,0.4730002339370509,0.32477787607570335,0.7247632231197717,0.24793190889454866,0.12214485579036542,0.24793190889454866,0.8515000000000001,1.800210526139659,748.5704180020524,1.6024229008894206,0.21111402042370822,0.32477787607570335,0.7247632231197717,0.4730002339370509,218.6367432996038,2562.1674982173613,1.174866456847362,2.621791885237656,1.0457848616051098,2.333737803033455,0.10400634470549619,0.4057667015545053
525368335,9811363528,188,潜力词,5624,2082,5624,9811363528,5.22,14,5,1.0,54.0,0,0.3729,0.3571,525368335_9811363528,181497.5,100380,138303,0.5530654692213391,1.3777943813508666,2.5130616608694187,2.5130616608694187,1.7565308304347094,0.7282888659457697,5.22,2.9263383457061755e-05,2026-09-17,9,3,0.7229170721374923,0.49637918635559797,1.1077028501436352,0.0024048646364418897,0.0010232710730511485,0.005373600242651853,3.884841844780855,3.520323348889922,4.0,9,3,0.1172718509075811,0.08852609937012496,0.154766937772303,17.03,0.7404347826086957,0.0014438166980539863,3.967608286252354,0.41155956935784815,0.2825906484275902,0.6306196458103152,0.28494502288103535,0.1403795456711046,0.28494502288103535,0.8515000000000001,2.068959303579276,860.3225612899354,1.5068000248917004,0.24263068698320167,0.2825906484275902,0.6306196458103152,0.41155956935784815,251.27645771742155,2944.6668630099975,1.3502592341630344,3.0131924206903995,0.9833787663813998,2.1944744909409994,0.1195331831389456,0.46634256386896605
63563817,1841014603,2,黄金词,4048,38,4048,1841014603,2.81,2,23,0.0,477.0,0,1.405,11.5,63563817_1841014603,4767.6,4023,12090,0.8438207903347595,3.005219985085757,0.9595373977732911,0.9595373977732911,0.9797686988866455,4.704175988068606,2.81,0.0006002875398678513,2026-09-17,9,3,1.1043872800386576,0.7583094667638436,1.6922175238497223,0.017522492968691156,0.007589328502862537,0.037727485861831646,3.594306354554083,3.2297878586631503,3.8990685094245574,9,3,0.1172718509075811,0.08852609937012496,0.154766937772303,3.36,1.1199999999999999,0.008823529411764706,3.695588235294118,1.1271918375159582,0.7739678432527434,1.7271602223796942,0.10403894617088268,0.05125529075012684,0.10403894617088268,0.168,0.14904295294599448,8.505807547607608,0.7011242804393863,0.017478542956708292,0.7739678432527434,1.7271602223796942,1.1271918375159582,2.5782129729556935,28.601118219523286,0.09726949348597685,0.2170632817171691,0.45757281562832797,1.021103877745278,0.00861088884602131,0.03359421941417298
63563817,1841014603,4,黄金词,4675,42,4675,1841014603,1.45,1,3,0.0,42.0,0,1.45,3.0,63563817_1841014603,4767.6,4023,12090,0.8438207903347595,3.005219985085757,0.9721436127127064,0.9721436127127064,0.9860718063563532,3.004639986742895,1.45,0.00030975691559017237,2026-09-17,9,3,1.1043872800386576,0.7583094667638436,1.6922175238497223,0.017522492968691156,0.007589328502862537,0.037727485861831646,3.594306354554083,3.2297878586631503,3.8990685094245574,9,3,0.1172718509075811,0.08852609937012496,0.154766937772303,3.36,1.1199999999999999,0.008823529411764706,3.695588235294118,1.119986671274472,0.7690205336727787,1.7161199751797565,0.1047082558349854,0.05158502939798962,0.1047082558349854,0.168,0.150001785118413,8.560527625060727,0.450701361649599,0.017590986980277546,0.7690205336727787,1.7161199751797565,1.119986671274472,2.5947992891615494,28.78511666945981,0.09789525349613316,0.2184597063977549,0.2941399931668139,0.656392769334807,0.008666284938862257,0.03381033978581691
63563817,1841014603,7,黄金词,5801,63,5801,1841014603,0.5,1,2,0.0,32.0,0,0.5,2.0,63563817_1841014603,4767.6,4023,12090,0.8438207903347595,3.005219985085757,1.0800333828151678,1.0800333828151678,1.040016691407584,2.893528875631784,0.5,0.00010681272951385254,2026-09-17,9,3,1.1043872800386576,0.7583094667638436,1.6922175238497223,0.017522492968691156,0.007589328502862537,0.037727485861831646,3.594306354554083,3.2297878586631503,3.8990685094245574,9,3,0.1172718509075811,0.08852609937012496,0.154766937772303,3.36,1.1199999999999999,0.008823529411764706,3.695588235294118,1.0618938034003598,0.7291320158886384,1.6271061203445052,0.11043651496228457,0.05440708400222933,0.11043651496228457,0.168,0.15820791067999096,9.028847148786062,0.45777915790592794,0.018553334513663807,0.7291320158886384,1.6271061203445052,1.0618938034003598,2.7367525916315416,30.359859806735056,0.1032507947081101,0.2304109493741651,0.298759155919846,0.6667007352758798,0.009140390112374526,0.03565999706384866
63563817,1841014603,1,重点词,9,1,9,1841014603,3424.41,3271,9750,0.6109,196.0,0,1.0469,2.9807,63563817_1841014603,4767.6,4023,12090,0.8438207903347595,3.005219985085757,1.131685203603477,1.131685203603477,1.0658426018017386,2.9807995608053326,3424.41,0.7315411581490635,2026-09-17,9,3,1.1043872800386576,0.7583094667638436,1.6922175238497223,0.017522492968691156,0.007589328502862537,0.037727485861831646,3.594306354554083,3.2297878586631503,3.8990685094245574,9,3,0.1172718509075811,0.08852609937012496,0.154766937772303,3.36,1.1199999999999999,0.008823529411764706,3.695588235294118,1.0361635744074797,0.7114647748945013,1.5876805083500483,0.11317889742904917,0.05575813200737923,0.11317889742904917,2.9495739496570237,2.8466296466209107,162.45574483649173,8.48523240042305,0.33382952750762773,0.7114647748945013,1.5876805083500483,1.0361635744074797,49.242297868170056,546.2639423126951,1.8577880966254883,4.145776507479794,5.53769394249063,12.357728792692836,0.1644627336505033,0.6416291347510009
63563817,1841014603,1,潜力词,1186,7,1186,1841014603,1.79,1,1,1.0,13.0,0,1.79,1.0,63563817_1841014603,4767.6,4023,12090,0.8438207903347595,3.005219985085757,0.93858738648709,0.93858738648709,0.969293693243545,2.7824177645206727,1.79,0.0003823895716595921,2026-09-17,9,3,1.1043872800386576,0.7583094667638436,1.6922175238497223,0.017522492968691156,0.007589328502862537,0.037727485861831646,3.594306354554083,3.2297878586631503,3.8990685094245574,9,3,0.1172718509075811,0.08852609937012496,0.154766937772303,3.36,1.1199999999999999,0.008823529411764706,3.695588235294118,1.1393732237574448,0.7823319929239554,1.7458253733056481,0.10292663410224787,0.05070730482196192,0.10292663410224787,0.168,0.14744948933060467,8.414869367849912,0.4102660784829758,0.017291674529177643,0.7823319929239554,1.7458253733056481,1.1393732237574448,2.550648512617743,28.295334951402005,0.09622955569828782,0.2147425920447178,0.26775082524684757,0.5975036029044385,0.008518827210089602,0.03323505338004789
63563817,1841014603,4,潜力词,3169,30,3169,1841014603,5.66,4,4,1.0,7.0,0,1.415,1.0,63563817_1841014603,4767.6,4023,12090,0.8438207903347595,3.005219985085757,0.9329696084250255,0.9329696084250255,0.9664848042125127,2.3368133233905044,5.66,0.0012091200980968108,2026-09-17,9,3,1.1043872800386576,0.7583094667638436,1.6922175238497223,0.017522492968691156,0.007589328502862537,0.037727485861831646,3.594306354554083,3.2297878586631503,3.8990685094245574,9,3,0.1172718509075811,0.08852609937012496,0.154766937772303,3.36,1.1199999999999999,0.008823529411764706,3.695588235294118,1.142684577372644,0.7846056797361761,1.7508992551916358,0.10262836589360676,0.050560361544294434,0.10262836589360676,0.07442605034297545,0.06513262873828406,3.7170868811111384,0.15220279462306943,0.007638223926614881,0.7846056797361761,1.7508992551916358,1.142684577372644,1.1266939164617764,12.498853368578851,0.0425073288039234,0.09485790412325491,0.09933169229074915,0.22166521418412113,0.0037630080136546976,0.014680867344654876
63563817,1841014603,8,潜力词,6414,76,6414,1841014603,1.78,1,1,1.0,260.0,0,1.78,1.0,63563817_1841014603,4767.6,4023,12090,0.8438207903347595,3.005219985085757,0.9395412354570973,0.9395412354570973,0.9697706177285487,2.7824177645206727,1.78,0.000380253317069315,2026-09-17,9,3,1.1043872800386576,0.7583094667638436,1.6922175238497223,0.017522492968691156,0.007589328502862537,0.037727485861831646,3.594306354554083,3.2297878586631503,3.8990685094245574,9,3,0.1172718509075811,0.08852609937012496,0.154766937772303,3.36,1.1199999999999999,0.008823529411764706,3.695588235294118,1.1388128902331724,0.7819472490721555,1.7449667920578265,0.10297727740293636,0.05073225448934004,0.10297727740293636,0.168,0.14752203934537653,8.419009761280314,0.4104679429328933,0.017300182603693308,0.7819472490721555,1.7449667920578265,1.1388128902331724,2.5519035158606047,28.30925718998023,0.09627690381538943,0.2148482524867832,0.2678825674889877,0.5977975943954483,0.008523018754209128,0.03325140612311001
63563817,2874903000,1,黄金词,1307,116,1307,2874903000,0.81,1,0,0.0,0.0,0,0.81,0.0,63563817_2874903000,2847.9100000000003,2019,2179,0.7089409426561935,1.079247152055473,1.0677062829835837,1.0677062829835837,1.0338531414917917,0.9593308018270871,0.81,0.000409991648318275,2026-09-17,9,3,0.9127633985624451,0.6267340620051448,1.3985983414458845,0.026383817667681976,0.011351595578387155,0.057588317537117566,3.630759311904571,3.2662408160136382,3.9355214667750453,9,3,0.1172718509075811,0.08852609937012496,0.154766937772303,2.76,0.69,0.03007518796992481,3.6954887218045114,0.8828752962392502,0.6062118852787959,1.35280175231444,0.1328294623341705,0.06543907798660827,0.1328294623341705,0.13799999999999998,0.15630746560452338,5.924368776850185,0.14995056630994724,0.018330465802115527,0.6062118852787959,1.35280175231444,0.8828752962392502,1.7713751124362402,20.053848487887834,0.10201051245232554,0.22764317782475346,0.09786182670568151,0.2183851123130869,0.00903059276215194,0.03523163753669292
63563817,2874903000,2,黄金词,2499,129,2499,2874903000,1.08,1,0,0.0,0.0,0,1.08,0.0,63563817_2874903000,2847.9100000000003,2019,2179,0.7089409426561935,1.079247152055473,1.0361657253899768,1.0361657253899768,1.0180828626949885,0.9593308018270871,1.08,0.0005466555310910333,2026-09-17,9,3,0.9127633985624451,0.6267340620051448,1.3985983414458845,0.026383817667681976,0.011351595578387155,0.057588317537117566,3.630759311904571,3.2662408160136382,3.9355214667750453,9,3,0.1172718509075811,0.08852609937012496,0.154766937772303,2.76,0.69,0.03007518796992481,3.6954887218045114,0.8965511865569076,0.6156022117355987,1.3737568843302455,0.13080329675090716,0.06444087769815583,0.13080329675090716,0.13799999999999998,0.1539231692168873,5.833999126117015,0.1476632373446029,0.018050854951625186,0.6156022117355987,1.3737568843302455,0.8965511865569076,1.7443547569759577,19.747949352981202,0.10045445564211299,0.2241707345575149,0.0963690534782518,0.21505389052922788,0.008892841122345504,0.03469421812563436
63563817,2874903000,3,黄金词,4345,150,4345,2874903000,0.56,1,0,0.0,0.0,0,0.56,0.0,63563817_2874903000,2847.9100000000003,2019,2179,0.7089409426561935,1.079247152055473,1.0986722424668662,1.0986722424668662,1.0493361212334331,0.9593308018270871,0.56,0.00028345101612127656,2026-09-17,9,3,0.9127633985624451,0.6267340620051448,1.3985983414458845,0.026383817667681976,0.011351595578387155,0.057588317537117566,3.630759311904571,3.2662408160136382,3.9355214667750453,9,3,0.1172718509075811,0.08852609937012496,0.154766937772303,2.76,0.69,0.03007518796992481,3.6954887218045114,0.8698484499795407,0.5972672143111357,1.3328411298773495,0.13481871573184892,0.06641909330804587,0.13481871573184892,0.13799999999999998,0.15864832546778213,6.013092095542844,0.1521962252795321,0.01860498277099515,0.5972672143111357,1.3328411298773495,0.8698484499795407,1.7979032177154135,20.354174827692624,0.10353822140280065,0.2310523609757547,0.09932740495809922,0.22165564671891233,0.009165834876510329,0.035759266373278316
63563817,2874903000,4,黄金词,5351,166,5351,2874903000,4.07,3,6,0.75,558.0,0,1.3567,2.0,63563817_2874903000,2847.9100000000003,2019,2179,0.7089409426561935,1.079247152055473,1.0133276331568972,1.0133276331568972,1.0066638165784485,1.330361565131253,4.07,0.002060081492167135,2026-09-17,9,3,0.9127633985624451,0.6267340620051448,1.3985983414458845,0.026383817667681976,0.011351595578387155,0.057588317537117566,3.630759311904571,3.2662408160136382,3.9355214667750453,9,3,0.1172718509075811,0.08852609937012496,0.154766937772303,2.76,0.69,0.03007518796992481,3.6954887218045114,0.9067211749646852,0.6225852679749158,1.3893400342922655,0.12933617758750213,0.06371809433622234,0.12933617758750213,0.13799999999999998,0.15219673236965572,5.768563681217533,0.20247668308315764,0.01784839250707529,0.6225852679749158,1.3893400342922655,0.9067211749646852,1.7247896821245974,19.526451916346375,0.09932773589893538,0.22165638523518688,0.13214180219145144,0.2948831355828192,0.008793097018398682,0.034305079980527786
63563817,2874903000,5,黄金词,5995,169,5995,2874903000,0.92,1,0,0.0,0.0,0,0.92,0.0,63563817_2874903000,2847.9100000000003,2019,2179,0.7089409426561935,1.079247152055473,1.0546274755082838,1.0546274755082838,1.027313737754142,0.9593308018270871,0.92,0.0004656695264849543,2026-09-17,9,3,0.9127633985624451,0.6267340620051448,1.3985983414458845,0.026383817667681976,0.011351595578387155,0.057588317537117566,3.630759311904571,3.2662408160136382,3.9355214667750453,9,3,0.1172718509075811,0.08852609937012496,0.154766937772303,2.76,0.69,0.03007518796992481,3.6954887218045114,0.8884952717150258,0.6100707495407168,1.361413062092818,0.13198927967418,0.06502515792968751,0.13198927967418,0.13799999999999998,0.15531877815581874,5.886895524830418,0.14900208798702505,0.01821452059503684,0.6100707495407168,1.361413062092818,0.8884952717150258,1.7601706806207789,19.927002414211714,0.10136526807511376,0.22620327249567584,0.09724282389991651,0.21700376677918778,0.008973471794296875,0.03500878779822956
63563817,2874903000,1,重点词,431,109,431,2874903000,121.72,94,161,0.9146,114.0,0,1.2949,1.7128,63563817_2874903000,2847.9100000000003,2019,2179,0.7089409426561935,1.079247152055473,1.083773652535464,1.083773652535464,1.0418868262677319,1.663078208004351,121.72,0.06161010300407461,2026-09-17,9,3,0.9127633985624451,0.6267340620051448,1.3985983414458845,0.026383817667681976,0.011351595578387155,0.057588317537117566,3.630759311904571,3.2662408160136382,3.9355214667750453,9,3,0.1172718509075811,0.08852609937012496,0.154766937772303,2.76,0.69,0.03007518796992481,3.6954887218045114,0.8760677028926114,0.6015375626259181,1.342370693423557,0.1338616302374479,0.06594758050352667,0.1338616302374479,0.20405266114949508,0.2329188263369959,8.828094147356941,0.3873622243150078,0.02731482187576096,0.6015375626259181,1.342370693423557,0.8760677028926114,2.6395835323381602,29.882890335876592,0.15200917462603641,0.339218485806165,0.25280314573728907,0.5641468714964663,0.013456779298115177,0.05249980628397758
63563817,2874903000,2,重点词,2275,128,2275,2874903000,264.04,180,181,0.9463,87.0,0,1.4669,1.0056,63563817_2874903000,2847.9100000000003,2019,2179,0.7089409426561935,1.079247152055473,0.9627337427842334,0.9627337427842334,0.9813668713921166,1.0086913681725733,264.04,0.1336471541011819,2026-09-17,9,3,0.9127633985624451,0.6267340620051448,1.3985983414458845,0.026383817667681976,0.011351595578387155,0.057588317537117566,3.630759311904571,3.2662408160136382,3.9355214667750453,9,3,0.1172718509075811,0.08852609937012496,0.154766937772303,2.76,0.69,0.03007518796992481,3.6954887218045114,0.9300939589163488,0.6386338078807287,1.4251534081865884,0.12608602580777362,0.062116891319628845,0.12608602580777362,0.40414951788019193,0.4345254734812663,16.469393434806992,0.43830209435165374,0.05095760654164115,0.6386338078807287,1.4251534081865884,0.9300939589163488,4.92431763554878,55.74850808065861,0.2835831676496111,0.6328345178300848,0.2860478933671985,0.638334715616859,0.02510451167904428,0.0979418604411741
63563817,2874903000,3,重点词,2561,130,2561,2874903000,402.98,281,248,0.9607,79.0,0,1.4341,0.8826,63563817_2874903000,2847.9100000000003,2019,2179,0.7089409426561935,1.079247152055473,0.9839088145876147,0.9839088145876147,0.9919544072938073,0.8880068415793902,402.98,0.20397337585098574,2026-09-17,9,3,0.9127633985624451,0.6267340620051448,1.3985983414458845,0.026383817667681976,0.011351595578387155,0.057588317537117566,3.630759311904571,3.2662408160136382,3.9355214667750453,9,3,0.1172718509075811,0.08852609937012496,0.154766937772303,2.76,0.69,0.03007518796992481,3.6954887218045114,0.9201666849312091,0.6318174075308203,1.4099421618191703,0.1274463125301567,0.06278704316204335,0.1274463125301567,0.6755598208184647,0.7341711364707459,27.826569517649666,0.6519489920761385,0.0860976080568467,0.6318174075308203,1.4099421618191703,0.9201666849312091,8.32009190593437,94.1922810789832,0.4791400946169503,1.0692326814143858,0.4254796820948482,0.9494859363362511,0.04241640362827121,0.1654818678685729
63563817,2874903000,6,重点词,4667,156,4667,2874903000,8.06,19,37,0.7059,196.0,0,0.4242,1.9474,63563817_2874903000,2847.9100000000003,2019,2179,0.7089409426561935,1.079247152055473,2.162564508140408,2.162564508140408,1.581282254070204,1.6901473043127326,8.06,0.00407966998203123,2026-09-17,9,3,0.9127633985624451,0.6267340620051448,1.3985983414458845,0.026383817667681976,0.011351595578387155,0.057588317537117566,3.630759311904571,3.2662408160136382,3.9355214667750453,9,3,0.1172718509075811,0.08852609937012496,0.154766937772303,2.76,0.69,0.03007518796992481,3.6954887218045114,0.5772299007422625,0.39634547241135343,0.8844710283985714,0.2031631603920391,0.10008931500041425,0.2031631603920391,0.13799999999999998,0.23907285437317982,9.061344244583093,0.40406834035318034,0.028036516134101394,0.39634547241135343,0.8844710283985714,0.5772299007422625,2.7093248723462704,30.67243641002313,0.15602546105988754,0.34818109353037974,0.2637060124145202,0.5884773366430307,0.013812325470057167,0.05388692163590869
63563817,2874903000,7,重点词,4798,159,4798,2874903000,105.25,107,116,0.973,83.0,0,0.9836,1.0841,63563817_2874903000,2847.9100000000003,2019,2179,0.7089409426561935,1.079247152055473,1.4031361408250778,1.4031361408250778,1.2015680704125389,1.0837737149255982,105.25,0.05327360615493635,2026-09-17,9,3,0.9127633985624451,0.6267340620051448,1.3985983414458845,0.026383817667681976,0.011351595578387155,0.057588317537117566,3.630759311904571,3.2662408160136382,3.9355214667750453,9,3,0.1172718509075811,0.08852609937012496,0.154766937772303,2.76,0.69,0.03007518796992481,3.6954887218045114,0.7596435200288425,0.5215968012448648,1.1639776188174662,0.1543774781401788,0.07605481234257952,0.1543774781401788,0.17644218358514918,0.23226971458724474,8.80349150046455,0.2517278114429266,0.02723869933942178,0.5215968012448648,1.1639776188174662,0.7596435200288425,2.6322273872285695,29.799610956795924,0.15158554660561618,0.338273131974822,0.16428443097379605,0.36661152889987,0.013419277161883486,0.05235349676638931
63563817,2874903000,8,重点词,4860,164,4860,2874903000,46.03,41,111,0.5625,173.0,0,1.1227,2.7073,63563817_2874903000,2847.9100000000003,2019,2179,0.7089409426561935,1.079247152055473,1.2182056559926036,1.2182056559926036,1.1091028279963018,2.4415097391110976,46.03,0.023298661200111356,2026-09-17,9,3,0.9127633985624451,0.6267340620051448,1.3985983414458845,0.026383817667681976,0.011351595578387155,0.057588317537117566,3.630759311904571,3.2662408160136382,3.9355214667750453,9,3,0.1172718509075811,0.08852609937012496,0.154766937772303,2.76,0.69,0.03007518796992481,3.6954887218045114,0.8229745480060111,0.5650820160087399,1.2610177398723106,0.14249754283619054,0.07020210467387161,0.14249754283619054,0.13799999999999998,0.16768440814404387,6.355577887025939,0.40940311558076337,0.01966466091139429,0.5650820160087399,1.2610177398723106,0.8229745480060111,1.9003058246845783,21.513481148813963,0.10943541524956955,0.24421233748459198,0.2671876321354912,0.5962468003797174,0.009687890444994282,0.0377959956387065
63563817,2874903000,10,重点词,6282,172,6282,2874903000,162.07,119,149,0.947,76.0,0,1.3619,1.2521,63563817_2874903000,2847.9100000000003,2019,2179,0.7089409426561935,1.079247152055473,1.0340093627088827,1.0340093627088827,1.0170046813544413,1.2412124190271163,162.07,0.08203376104067016,2026-09-17,9,3,0.9127633985624451,0.6267340620051448,1.3985983414458845,0.026383817667681976,0.011351595578387155,0.057588317537117566,3.630759311904571,3.2662408160136382,3.9355214667750453,9,3,0.1172718509075811,0.08852609937012496,0.154766937772303,2.76,0.69,0.03007518796992481,3.6954887218045114,0.8975016686716051,0.616254844737257,1.3752132778614536,0.1306647720010989,0.06437263280920964,0.1306647720010989,0.27169581656669956,0.302724580968008,11.473873295403374,0.3757455094422713,0.035501071925340195,0.616254844737257,1.3752132778614536,0.8975016686716051,3.430666517274148,38.838790308657416,0.19756631276074085,0.4408822403376614,0.245221760980027,0.5472285120356032,0.01748977503564653,0.06823399425525237
63563817,2874903000,1,潜力词,193,106,193,2874903000,4.83,5,4,1.0,63.0,0,0.966,0.8,63563817_2874903000,2847.9100000000003,2019,2179,0.7089409426561935,1.079247152055473,1.1724417106533702,1.1724417106533702,1.086220855326685,0.9718444012649065,4.83,0.0024447650140460102,2026-09-17,9,3,0.9127633985624451,0.6267340620051448,1.3985983414458845,0.026383817667681976,0.011351595578387155,0.057588317537117566,3.630759311904571,3.2662408160136382,3.9355214667750453,9,3,0.1172718509075811,0.08852609937012496,0.154766937772303,2.76,0.69,0.03007518796992481,3.6954887218045114,0.8403110602106126,0.57698584862528,1.2875819264446462,0.1395576667504394,0.0687537604807555,0.1395576667504394,0.13799999999999998,0.16422490019994757,6.224455545760903,0.15960104980760706,0.019258958011560637,0.57698584862528,1.2875819264446462,0.8403110602106126,1.861100491466826,21.06963511826618,0.10717764607107715,0.2391739768467411,0.10415999527492802,0.2324398903267677,0.009488018946344257,0.037016223991393815
63563817,2874903000,8,潜力词,2669,133,2669,2874903000,7.34,7,9,0.8571,23.0,0,1.0486,1.2857,63563817_2874903000,2847.9100000000003,2019,2179,0.7089409426561935,1.079247152055473,1.1645378643149817,1.1645378643149817,1.0822689321574908,1.175598481096252,7.34,0.0037152329613038743,2026-09-17,9,3,0.9127633985624451,0.6267340620051448,1.3985983414458845,0.026383817667681976,0.011351595578387155,0.057588317537117566,3.630759311904571,3.2662408160136382,3.9355214667750453,9,3,0.1172718509075811,0.08852609937012496,0.154766937772303,2.76,0.69,0.03007518796992481,3.6954887218045114,0.8433794701496806,0.5790927221349297,1.2922835534581913,0.13904992362070187,0.0685036183686052,0.13904992362070187,0.13799999999999998,0.16362741195906527,6.201809534163644,0.19236013696478785,0.019188889459656855,0.5790927221349297,1.2922835534581913,0.8433794701496806,1.8543293766273725,20.992978903480743,0.1067877089596224,0.23830380649792682,0.12553946845268074,0.28014959295841796,0.009453499334867516,0.03688155039116758
63563817,2874903000,10,潜力词,2959,140,2959,2874903000,1.27,2,2,1.0,25.0,0,0.635,1.0,63563817_2874903000,2847.9100000000003,2019,2179,0.7089409426561935,1.079247152055473,1.1662496741831487,1.1662496741831487,1.0831248370915745,1.0633977216443784,1.27,0.0006428264115607522,2026-09-17,9,3,0.9127633985624451,0.6267340620051448,1.3985983414458845,0.026383817667681976,0.011351595578387155,0.057588317537117566,3.630759311904571,3.2662408160136382,3.9355214667750453,9,3,0.1172718509075811,0.08852609937012496,0.154766937772303,2.76,0.69,0.03007518796992481,3.6954887218045114,0.8427130163623735,0.5786351125398084,1.2912623675045851,0.13915989029550394,0.06855779398357678,0.13915989029550394,0.13799999999999998,0.16375681557131527,6.206714192537193,0.17413862458227533,0.01920406486077954,0.5786351125398084,1.2912623675045851,0.8427130163623735,1.8557958602486917,21.009581056319767,0.10687216128406991,0.238492267422686,0.11364761281669049,0.2536121338070861,0.009460975569733594,0.03691071791138229
63563817,2874903000,13,潜力词,4363,152,4363,2874903000,0.15,1,1,1.0,15.0,0,0.15,1.0,63563817_2874903000,2847.9100000000003,2019,2179,0.7089409426561935,1.079247152055473,1.15353894397861,1.15353894397861,1.076769471989305,1.0704419129381981,0.15,7.592437931819907e-05,2026-09-17,9,3,0.9127633985624451,0.6267340620051448,1.3985983414458845,0.026383817667681976,0.011351595578387155,0.057588317537117566,3.630759311904571,3.2662408160136382,3.9355214667750453,9,3,0.1172718509075811,0.08852609937012496,0.154766937772303,2.76,0.69,0.03007518796992481,3.6954887218045114,0.8476869212089913,0.5820503629688434,1.2988837237946655,0.13834335292129457,0.06815552289122351,0.13834335292129457,0.062100000000000044,0.07325817875240018,2.7766329981174587,0.07841862500208771,0.0085911222164124,0.5820503629688434,1.2988837237946655,0.8476869212089913,0.8302080397921295,9.398837166973568,0.04781028421741709,0.10669179842659801,0.051178132095810895,0.11420737280258421,0.004232457971544983,0.016512362927904388
63563817,4190988309,1,黄金词,2397,186,2397,4190988309,2.26,2,36,0.5,1490.0,0,1.13,18.0,63563817_4190988309,2478.0,1635,12179,0.6598062953995157,7.4489296636085625,1.0747279709835715,1.0747279709835715,1.0373639854917858,9.55914373088685,2.26,0.0009261384126151524,2026-09-17,9,3,1.3365665625141772,0.9177315744518821,2.0479784580631044,0.003408956782737766,0.001452981206414886,0.0075895094482331445,3.865725754065558,3.501207258174625,4.0,9,3,0.1172718509075811,0.08852609937012496,0.154766937772303,1.5,1.5,0.001669449081803005,3.9248747913188646,1.2884258381888472,0.8846765332968551,1.9742139564371073,0.09101948085147943,0.04484118809994095,0.09101948085147943,0.07500000000000001,0.05821056810334404,17.07577180154058,0.5564431871564433,0.006826461063860958,0.8846765332968551,1.9742139564371073,1.2884258381888472,5.005567701225553,58.34676192839509,0.037989803362222,0.08477674853712164,0.3631499906476086,0.8103931243035972,0.0033630891074955716,0.013120637765382883
63563817,4190988309,2,黄金词,2706,188,2706,4190988309,0.48,2,0,0.0,0.0,0,0.24,0.0,63563817_4190988309,2478.0,1635,12179,0.6598062953995157,7.4489296636085625,1.298734503577337,1.298734503577337,1.1493672517886684,5.95914373088685,0.48,0.00019670196374127133,2026-09-17,9,3,1.3365665625141772,0.9177315744518821,2.0479784580631044,0.003408956782737766,0.001452981206414886,0.0075895094482331445,3.865725754065558,3.501207258174625,4.0,9,3,0.1172718509075811,0.08852609937012496,0.154766937772303,1.5,1.5,0.001669449081803005,3.9248747913188646,1.1628716238732097,0.7984667851147575,1.7818312248552404,0.10084677319494684,0.0496826512720457,0.10084677319494684,0.07500000000000001,0.0644955113361485,18.919427686129694,0.38433802204915113,0.007563507989621014,0.7984667851147575,1.7818312248552404,1.1628716238732097,5.546014391151515,64.64640988728272,0.04209152862168142,0.09393001862841525,0.2508294689093372,0.5597424816516058,0.003726198845403428,0.014537261348015204
63563817,4190988309,3,重点词,2941,191,2941,4190988309,38.41,28,269,0.4138,643.0,0,1.3718,9.6071,63563817_4190988309,2478.0,1635,12179,0.6598062953995157,7.4489296636085625,1.08665154395753,1.08665154395753,1.043325771978765,9.127539925246346,38.41,0.01574025505687965,2026-09-17,9,3,1.3365665625141772,0.9177315744518821,2.0479784580631044,0.003408956782737766,0.001452981206414886,0.0075895094482331445,3.865725754065558,3.501207258174625,4.0,9,3,0.1172718509075811,0.08852609937012496,0.154766937772303,1.5,1.5,0.001669449081803005,3.9248747913188646,1.2810634975298785,0.8796213024732613,1.9629328758733924,0.09154257469181067,0.045098892814017355,0.09154257469181067,0.07500000000000001,0.05854510736166751,17.173907178327255,0.5343728048714539,0.006865693101885801,0.8796213024732613,1.9629328758733924,1.2810634975298785,5.034334967390745,58.68208389993896,0.03820813280058256,0.08526396505987287,0.3487462576064318,0.778250245268799,0.003382416961051302,0.01319604277464116
63563817,4190988309,6,重点词,4101,199,4101,4190988309,33.58,27,56,0.6538,97.0,0,1.2437,2.0741,63563817_4190988309,2478.0,1635,12179,0.6598062953995157,7.4489296636085625,1.1762992535406145,1.1762992535406145,1.0881496267703072,3.3026124945391,33.58,0.013760941546733105,2026-09-17,9,3,1.3365665625141772,0.9177315744518821,2.0479784580631044,0.003408956782737766,0.001452981206414886,0.0075895094482331445,3.865725754065558,3.501207258174625,4.0,9,3,0.1172718509075811,0.08852609937012496,0.154766937772303,1.5,1.5,0.001669449081803005,3.9248747913188646,1.22829299356669,0.8433872988366168,1.8820743100759278,0.09547547003996962,0.04703645275650863,0.09547547003996962,0.07500000000000001,0.06106034992694754,17.911740693265518,0.20165867458966658,0.007160660252997723,0.8433872988366168,1.8820743100759278,1.22829299356669,5.250622445004112,61.203211315978194,0.03984964865546372,0.0889271158143552,0.13160794755252775,0.2936918037918151,0.0035277339567381474,0.013762977399510691
63563817,4190988309,7,重点词,4177,202,4177,4190988309,2053.55,1402,10918,0.4145,483.0,0,1.4647,7.7874,63563817_4190988309,2478.0,1635,12179,0.6598062953995157,7.4489296636085625,1.0345924083827065,1.0345924083827065,1.0172962041913531,7.785525842063028,2053.55,0.8415360784185162,2026-09-17,9,3,1.3365665625141772,0.9177315744518821,2.0479784580631044,0.003408956782737766,0.001452981206414886,0.0075895094482331445,3.865725754065558,3.501207258174625,4.0,9,3,0.1172718509075811,0.08852609937012496,0.154766937772303,1.5,1.5,0.001669449081803005,3.9248747913188646,1.3138420815957055,0.9021281812226807,2.0131584582988182,0.08925871118783962,0.04397373639675253,0.08925871118783962,1.3499999999999999,1.0275207491910896,301.4179453357217,7.999789346083191,0.1204992601035835,0.9021281812226807,2.0131584582988182,1.3138420815957055,88.35723206409544,1029.9248140492648,0.6705880475701809,1.496461398833928,5.220880573736235,11.650738892271333,0.05936454413561591,0.231602748191984
63563817,4190988309,10,重点词,6083,217,6083,4190988309,22.89,16,84,0.4375,371.0,0,1.4306,5.25,63563817_4190988309,2478.0,1635,12179,0.6598062953995157,7.4489296636085625,1.0439270204976954,1.0439270204976954,1.0219635102488476,5.9829765545361875,22.89,0.009380224895911877,2026-09-17,9,3,1.3365665625141772,0.9177315744518821,2.0479784580631044,0.003408956782737766,0.001452981206414886,0.0075895094482331445,3.865725754065558,3.501207258174625,4.0,9,3,0.1172718509075811,0.08852609937012496,0.154766937772303,1.5,1.5,0.001669449081803005,3.9248747913188646,1.3078417664723898,0.8980081629611364,2.0039643661684385,0.0896682258618301,0.044175485784403466,0.0896682258618301,0.07500000000000001,0.05734638694273827,16.822268687338077,0.34310208856576324,0.006725116939637258,0.8980081629611364,2.0039643661684385,1.3078417664723898,4.931256155290179,57.48055886452271,0.03742581518223267,0.08351817176437608,0.22391777476970254,0.4996872635439883,0.00331316143383026,0.012925851692313705
63563817,4190988310,1,黄金词,3180,258,3180,4190988310,3.89,3,14,0.6667,676.0,0,1.2967,4.6667,63563817_4190988310,4981.89,3283,7520,0.6589868503720475,2.2905878769418213,1.0554345512638328,1.0554345512638328,1.0277172756319164,2.938609365048597,3.89,0.0008100437090422951,2026-09-17,9,3,1.294211094484476,0.8886488849310364,1.983078520761936,0.017610179586907887,0.007589337659047369,0.03830610940433225,3.762300371304969,3.3977818754140365,4.0,9,3,0.1172718509075811,0.08852609937012496,0.154766937772303,3.72,1.24,0.011904761904761904,3.8273809523809526,1.2593065477941874,0.8646822487095291,1.9295953933853967,0.09312414924943853,0.04587806318028647,0.09312414924943853,0.18600000000000003,0.14770033581243525,8.387213491124282,0.4340335900392449,0.01732109176039557,0.8646822487095291,1.9295953933853967,1.2593065477941874,2.5163940282234187,28.343437818415826,0.09639326494953462,0.2151079200221706,0.28326215110831315,0.6321181482732752,0.008533319751533285,0.03329159407240081
63563817,4190988310,2,黄金词,3501,261,3501,4190988310,1.01,1,0,0.0,0.0,0,1.01,0.0,63563817_4190988310,4981.89,3283,7520,0.6589868503720475,2.2905878769418213,1.055951594546226,1.055951594546226,1.027975797273113,2.0360781128371745,1.01,0.00021031983191072443,2026-09-17,9,3,1.294211094484476,0.8886488849310364,1.983078520761936,0.017610179586907887,0.007589337659047369,0.03830610940433225,3.762300371304969,3.3977818754140365,4.0,9,3,0.1172718509075811,0.08852609937012496,0.154766937772303,3.72,1.24,0.011904761904761904,3.8273809523809526,1.2589898496808962,0.8644647931287237,1.9291101269333397,0.0931475745712365,0.04588960377853222,0.0931475745712365,0.18600000000000003,0.14773748974000356,8.3893232894591,0.3008050693051279,0.01732544887024999,0.8644647931287237,1.9291101269333397,1.2589898496808962,2.5170270255754126,28.350567592562577,0.09641751261535275,0.21516203028560305,0.1963135871303219,0.43808670057812565,0.008535466302806995,0.0332999685521743
63563817,4190988310,1,重点词,925,228,925,4190988310,109.28,74,122,0.9231,44.0,0,1.4768,1.6486,63563817_4190988310,4981.89,3283,7520,0.6589868503720475,2.2905878769418213,1.0256825569075831,1.0256825569075831,1.0128412784537915,1.7112768660431046,109.28,0.022756189337825708,2026-09-17,9,3,1.294211094484476,0.8886488849310364,1.983078520761936,0.017610179586907887,0.007589337659047369,0.03830610940433225,3.762300371304969,3.3977818754140365,4.0,9,3,0.1172718509075811,0.08852609937012496,0.154766937772303,3.72,1.24,0.011904761904761904,3.8273809523809526,1.2778024770675076,0.8773821760973766,1.957936117877535,0.09177619625273704,0.045213987607568146,0.09177619625273704,0.18600000000000003,0.14556240368766593,8.265810292808306,0.2490975739963302,0.017070372503009093,0.8773821760973766,1.957936117877535,1.2778024770675076,2.479969739802379,27.933172358252317,0.09499799217230333,0.2119942769151453,0.1625678663250066,0.36278090181842393,0.008409801695007678,0.03280970506341066
63563817,4190988310,3,重点词,1186,231,1186,4190988310,55.07,39,57,0.8974,146.0,0,1.4121,1.4615,63563817_4190988310,4981.89,3283,7520,0.6589868503720475,2.2905878769418213,1.0651315941523276,1.0651315941523276,1.0325657970761637,1.6026532556496715,55.07,0.011467636775567915,2026-09-17,9,3,1.294211094484476,0.8886488849310364,1.983078520761936,0.017610179586907887,0.007589337659047369,0.03830610940433225,3.762300371304969,3.3977818754140365,4.0,9,3,0.1172718509075811,0.08852609937012496,0.154766937772303,3.72,1.24,0.011904761904761904,3.8273809523809526,1.2533933412758713,0.8606220421471972,1.9205347750015207,0.09356348645366676,0.04609450478190631,0.09356348645366676,0.18600000000000003,0.1483971502598413,8.426782335040222,0.23782917599306816,0.017402808480382018,0.8606220421471972,1.9205347750015207,1.2533933412758713,2.528265766392377,28.477155300183153,0.09684802505065432,0.21612274714222038,0.15521380265067208,0.34636982432743024,0.008573577889434575,0.0334486557581392
63563817,4190988310,7,重点词,2892,253,2892,4190988310,148.25,104,175,0.82,140.0,0,1.4255,1.6827,63563817_4190988310,4981.89,3283,7520,0.6589868503720475,2.2905878769418213,1.0612118233226526,1.0612118233226526,1.0306059116613264,1.7261134197815586,148.25,0.030871203050262273,2026-09-17,9,3,1.294211094484476,0.8886488849310364,1.983078520761936,0.017610179586907887,0.007589337659047369,0.03830610940433225,3.762300371304969,3.3977818754140365,4.0,9,3,0.1172718509075811,0.08852609937012496,0.154766937772303,3.72,1.24,0.011904761904761904,3.8273809523809526,1.2557768976875172,0.8622586721810506,1.9241870227245574,0.09338589611222693,0.04600701404002622,0.09338589611222693,0.18600000000000003,0.14811548161342555,8.410787685750833,0.25566412049034254,0.017369776676874213,0.8622586721810506,1.9241870227245574,1.2557768976875172,2.5234669330256163,28.423103576325047,0.09666420041469402,0.21571253035880764,0.16685337354825747,0.37234429346737474,0.008557304611444877,0.0333851677627476
63563817,4190988310,8,重点词,2985,255,2985,4190988310,1810.51,1217,1985,0.8828,84.0,0,1.4877,1.6311,63563817_4190988310,4981.89,3283,7520,0.6589868503720475,2.2905878769418213,1.0199411248421582,1.0199411248421582,1.009970562421079,1.6353671045024774,1810.51,0.37701599888384724,2026-09-17,9,3,1.294211094484476,0.8886488849310364,1.983078520761936,0.017610179586907887,0.007589337659047369,0.03830610940433225,3.762300371304969,3.3977818754140365,4.0,9,3,0.1172718509075811,0.08852609937012496,0.154766937772303,3.72,1.24,0.011904761904761904,3.8273809523809526,1.2814344720919606,0.8798760260900942,1.963501308402637,0.09151607316770016,0.045085836709802554,0.09151607316770016,1.4043,1.0958812413618464,62.22998669341047,1.7921681325645034,0.12851602154940137,0.8798760260900942,1.963501308402637,1.2814344720919606,18.670702380169146,210.29770616332434,0.715201968030486,1.5960203009965952,1.1696177715924891,2.6100790983679745,0.06331404049157573,0.24701117460767233
63563817,4190988310,11,重点词,4048,265,4048,4190988310,9.39,8,49,0.5,563.0,0,1.1738,6.125,63563817_4190988310,4981.89,3283,7520,0.6589868503720475,2.2905878769418213,1.1575843954311826,1.1575843954311826,1.0787921977155914,4.20779393847091,9.39,0.0019553497243977253,2026-09-17,9,3,1.294211094484476,0.8886488849310364,1.983078520761936,0.017610179586907887,0.007589337659047369,0.03830610940433225,3.762300371304969,3.3977818754140365,4.0,9,3,0.1172718509075811,0.08852609937012496,0.154766937772303,3.72,1.24,0.011904761904761904,3.8273809523809526,1.199685256553623,0.8237442640137784,1.8382395840099939,0.09775218147172367,0.04815808567075426,0.09775218147172367,0.18600000000000003,0.15504066502769953,8.804036566609632,0.652379170520053,0.018181905753740603,0.8237442640137784,1.8382395840099939,1.199685256553623,2.6414523803313075,29.752034241268564,0.1011837638673049,0.2257982339005263,0.4257604282725175,0.9501124399240715,0.008957403934760293,0.034946101215178674
63563817,4190988310,12,重点词,4403,268,4403,4190988310,25.77,19,160,0.4444,413.0,0,1.3563,8.4211,63563817_4190988310,4981.89,3283,7520,0.6589868503720475,2.2905878769418213,1.0905154681688172,1.0905154681688172,1.0452577340844087,6.604618630204984,25.77,0.005366279275583533,2026-09-17,9,3,1.294211094484476,0.8886488849310364,1.983078520761936,0.017610179586907887,0.007589337659047369,0.03830610940433225,3.762300371304969,3.3977818754140365,4.0,9,3,0.1172718509075811,0.08852609937012496,0.154766937772303,3.72,1.24,0.011904761904761904,3.8273809523809526,1.238174138570845,0.8501720254760388,1.8972148744720931,0.0947135360482827,0.046661082285029874,0.0947135360482827,0.18600000000000003,0.1502211960384582,8.530361391097832,0.9921537100072761,0.017616717704980585,0.8501720254760388,1.8972148744720931,1.238174138570845,2.559342323390504,28.82718651588618,0.09803844704293455,0.21877925222939748,0.6475065538161302,1.4449535251765937,0.008678961305015557,0.03385979491565814
63563817,4190988310,13,重点词,4675,269,4675,4190988310,22.54,16,61,0.7059,172.0,0,1.4088,3.8125,63563817_4190988310,4981.89,3283,7520,0.6589868503720475,2.2905878769418213,1.0568527908675909,1.0568527908675909,1.0284263954337955,3.305195958980607,22.54,0.00469367228838389,2026-09-17,9,3,1.294211094484476,0.8886488849310364,1.983078520761936,0.017610179586907887,0.007589337659047369,0.03830610940433225,3.762300371304969,3.3977818754140365,4.0,9,3,0.1172718509075811,0.08852609937012496,0.154766937772303,3.72,1.24,0.011904761904761904,3.8273809523809526,1.258438231681686,0.8640860336496904,1.9282649002075285,0.09318840444863748,0.04590971881539584,0.09318840444863748,0.18600000000000003,0.14780224830855865,8.393000626662591,0.48851539383769627,0.01733304322744657,0.8640860336496904,1.9282649002075285,1.258438231681686,2.5181303275705775,28.362994649352633,0.09645977582228556,0.21525634341569094,0.3188184612519935,0.7114643964024835,0.008539207699663627,0.03331456510650972
63563817,4190988310,17,重点词,5010,275,5010,4190988310,63.52,44,78,0.8444,114.0,0,1.4436,1.7727,63563817_4190988310,4981.89,3283,7520,0.6589868503720475,2.2905878769418213,1.0453920417925089,1.0453920417925089,1.0226960208962543,1.8523981349141263,63.52,0.013227243290068531,2026-09-17,9,3,1.294211094484476,0.8886488849310364,1.983078520761936,0.017610179586907887,0.007589337659047369,0.03830610940433225,3.762300371304969,3.3977818754140365,4.0,9,3,0.1172718509075811,0.08852609937012496,0.154766937772303,3.72,1.24,0.011904761904761904,3.8273809523809526,1.2654895179412897,0.8689276840563595,1.9390693620026376,0.09266916023007449,0.04565391063612945,0.09266916023007449,0.18600000000000003,0.14697869667272043,8.346234968664957,0.27226306358865643,0.017236463802793856,0.8689276840563595,1.9390693620026376,1.2654895179412897,2.5040993478374736,28.20495652132645,0.0959223035775793,0.2140569386990965,0.17768629624377452,0.3965186740116338,0.008491627378320078,0.033128936911372746
63563817,4190988310,18,重点词,5134,276,5134,4190988310,168.35,129,782,0.6371,296.0,0,1.305,6.062,63563817_4190988310,4981.89,3283,7520,0.6589868503720475,2.2905878769418213,1.1553485866272917,1.1553485866272917,1.0776742933136458,5.841786153398063,168.35,0.03505677594274303,2026-09-17,9,3,1.294211094484476,0.8886488849310364,1.983078520761936,0.017610179586907887,0.007589337659047369,0.03830610940433225,3.762300371304969,3.3977818754140365,4.0,9,3,0.1172718509075811,0.08852609937012496,0.154766937772303,3.72,1.24,0.011904761904761904,3.8273809523809526,1.2009297266477612,0.8245987590541927,1.8401464459770516,0.09765088523117017,0.048108181587211,0.09765088523117017,0.18600000000000003,0.1548800032781225,8.79491333485699,0.9047758585883827,0.018163064652997656,0.8245987590541927,1.8401464459770516,1.2009297266477612,2.638715160642701,29.72120353066871,0.10107891163044945,0.22556424922751564,0.590481386363306,1.3176981078389307,0.008948121775221246,0.03490988812385116
63563817,4190988310,19,重点词,5267,277,5267,4190988310,110.96,83,183,0.8214,167.0,0,1.3369,2.2048,63563817_4190988310,4981.89,3283,7520,0.6589868503720475,2.2905878769418213,1.1259529481628652,1.1259529481628652,1.0629764740814327,2.2123593737970833,110.96,0.02310602826615246,2026-09-17,9,3,1.294211094484476,0.8886488849310364,1.983078520761936,0.017610179586907887,0.007589337659047369,0.03830610940433225,3.762300371304969,3.3977818754140365,4.0,9,3,0.1172718509075811,0.08852609937012496,0.154766937772303,3.72,1.24,0.011904761904761904,3.8273809523809526,1.217535031151902,0.8360005198600083,1.8655902262329993,0.09631907740398317,0.047452060010454114,0.09631907740398317,0.18600000000000003,0.15276767833450067,8.67496424897758,0.33797700517655016,0.01791534839714087,0.8360005198600083,1.8655902262329993,1.217535031151902,2.6027271458250003,29.315852044075857,0.09970035079759788,0.22248789992516568,0.22057300565792318,0.4922231909558677,0.008826083161944467,0.034433770962808495
63563817,4190988310,22,重点词,6325,291,6325,4190988310,83.51,64,118,0.9153,94.0,0,1.3048,1.8438,63563817_4190988310,4981.89,3283,7520,0.6589868503720475,2.2905878769418213,1.1486161581543421,1.1486161581543421,1.074308079077171,1.8933986529935356,83.51,0.017389910062242178,2026-09-17,9,3,1.294211094484476,0.8886488849310364,1.983078520761936,0.017610179586907887,0.007589337659047369,0.03830610940433225,3.762300371304969,3.3977818754140365,4.0,9,3,0.1172718509075811,0.08852609937012496,0.154766937772303,3.72,1.24,0.011904761904761904,3.8273809523809526,1.2046926944794099,0.8271825393832879,1.8459123219713633,0.09734586375844041,0.04795791128128041,0.09734586375844041,0.18600000000000003,0.15439622142008355,8.767441618532265,0.29233359766407785,0.018106330659069917,0.8271825393832879,1.8459123219713633,1.2046926944794099,2.6304728924593843,29.628366632664513,0.10076318240367949,0.22485967866134327,0.19078487383446865,0.4257490126899466,0.008920171498318157,0.03480084389488016
63563817,4190988310,1,潜力词,228,224,228,4190988310,4.64,4,3,1.0,62.0,0,1.16,0.75,63563817_4190988310,4981.89,3283,7520,0.6589868503720475,2.2905878769418213,1.1125924291446512,1.1125924291446512,1.0562962145723256,1.7770585846278808,4.64,0.0009662218020453083,2026-09-17,9,3,1.294211094484476,0.8886488849310364,1.983078520761936,0.017610179586907887,0.007589337659047369,0.03830610940433225,3.762300371304969,3.3977818754140365,4.0,9,3,0.1172718509075811,0.08852609937012496,0.154766937772303,3.72,1.24,0.011904761904761904,3.8273809523809526,1.2252350019151377,0.8412875788737287,1.8773886466731748,0.09571376162473001,0.047153848259920805,0.09571376162473001,0.18600000000000003,0.15180761217992267,8.620446567892046,0.2697710204361916,0.017802759662199786,0.8412875788737287,1.8773886466731748,1.2252350019151377,2.586370346601825,29.131617017092548,0.09907378545705024,0.22108967809676563,0.17605992095803202,0.3928893104344721,0.00877061577634527,0.034217372452100624
63563817,4190988310,3,潜力词,1583,236,1583,4190988310,0.48,1,1,1.0,120.0,0,0.48,1.0,63563817_4190988310,4981.89,3283,7520,0.6589868503720475,2.2905878769418213,1.121484890226495,1.121484890226495,1.0607424451132474,2.1471892239482857,0.48,9.995397952192844e-05,2026-09-17,9,3,1.294211094484476,0.8886488849310364,1.983078520761936,0.017610179586907887,0.007589337659047369,0.03830610940433225,3.762300371304969,3.3977818754140365,4.0,9,3,0.1172718509075811,0.08852609937012496,0.154766937772303,3.72,1.24,0.011904761904761904,3.8273809523809526,1.2200992808827433,0.8377612200067681,1.8695193445853084,0.09611664619844278,0.04735233129655664,0.09611664619844278,0.18600000000000003,0.15244661062780793,8.656732310733664,0.32733171956746937,0.01787769619291036,0.8377612200067681,1.8695193445853084,1.2200992808827433,2.597257064424488,29.25423970900504,0.09949081326101926,0.2220203031103509,0.21362560211591175,0.4767196023362775,0.008807533621159536,0.03436140243566753
63563817,4190988310,7,潜力词,4155,267,4155,4190988310,5.39,4,6,0.6667,30.0,0,1.3475,1.5,63563817_4190988310,4981.89,3283,7520,0.6589868503720475,2.2905878769418213,1.050551959117998,1.050551959117998,1.025275979558999,2.027058584627881,5.39,0.0011223998950483213,2026-09-17,9,3,1.294211094484476,0.8886488849310364,1.983078520761936,0.017610179586907887,0.007589337659047369,0.03830610940433225,3.762300371304969,3.3977818754140365,4.0,9,3,0.1172718509075811,0.08852609937012496,0.154766937772303,3.72,1.24,0.011904761904761904,3.8273809523809526,1.262305096663977,0.8667411532583356,1.934189974503173,0.0929029370296511,0.04576908190875318,0.0929029370296511,0.08369999999999989,0.06630726614445466,3.7652805195552994,0.1344087130613225,0.007775975829381787,0.8667411532583356,1.934189974503173,1.262305096663977,1.1296874014261964,12.72424916664455,0.043273929191727685,0.09656862338351757,0.08771878965867067,0.19575025703525603,0.0038308721557626362,0.014945630125953827
63563817,4190988310,10,潜力词,6364,293,6364,4190988310,0.9,1,1,1.0,7.0,0,0.9,1.0,63563817_4190988310,4981.89,3283,7520,0.6589868503720475,2.2905878769418213,1.0689152859971283,1.0689152859971283,1.0344576429985641,2.1471892239482857,0.9,0.00018741371160361584,2026-09-17,9,3,1.294211094484476,0.8886488849310364,1.983078520761936,0.017610179586907887,0.007589337659047369,0.03830610940433225,3.762300371304969,3.3977818754140365,4.0,9,3,0.1172718509075811,0.08852609937012496,0.154766937772303,3.72,1.24,0.011904761904761904,3.8273809523809526,1.2511010994446994,0.8590481117768395,1.9170224457075122,0.0937349115588118,0.046178958190264054,0.0937349115588118,0.18600000000000003,0.14866904048166535,8.44222171318411,0.3192205616569633,0.017434693549938998,0.8590481117768395,1.9170224457075122,1.2511010994446994,2.53289800318972,28.529330561351756,0.09702546802020011,0.2165187228166779,0.20833203938151268,0.4649066684150166,0.008589286223389116,0.03350993970070731
