日期,方案ID,推广单元ID,展现量,点击量,消费额,上方位展现量,上方首位展现量,上方位点击量,上方位消费额,CTR,上方位展现占比,首位展现占比,上方位点击占比,上方位消费占比,异常标记
2025-01-01,495403620,9628223555,850,34,104.6,405,400,6,41.34,0.04,0.4765,0.4706,0.1765,0.3952,
2025-01-01,500635396,9657930100,1888,325,832.85,533,526,13,83.44,0.1721,0.2823,0.2786,0.04,0.1002,
2025-01-01,500635396,9700005700,22,0,0.0,18,14,0,0.0,0.0,0.8182,0.6364,,,
2025-01-01,525368335,9811363528,1,0,0.0,0,0,0,0.0,0.0,0.0,0.0,,,
2025-01-02,495403620,9628223555,6202,88,397.18,3095,3079,42,284.45,0.0142,0.499,0.4965,0.4773,0.7162,
2025-01-02,500635396,9657930100,7100,1112,2928.99,2136,2113,27,175.87,0.1566,0.3008,0.2976,0.0243,0.06,
2025-01-02,500635396,9700005700,2,0,0.0,2,1,0,0.0,0.0,1.0,0.5,,,
2025-01-02,525368335,9811363528,12,1,4.6,4,0,0,0.0,0.0833,0.3333,0.0,0.0,0.0,
2025-01-03,495403620,9628223555,2235,80,235.95,1109,1099,14,82.64,0.0358,0.4962,0.4917,0.175,0.3502,
2025-01-03,500635396,9657930100,7795,1127,3016.75,2819,2796,52,332.09,0.1446,0.3616,0.3587,0.0461,0.1101,
2025-01-03,500635396,9700005700,5,0,0.0,1,1,0,0.0,0.0,0.2,0.2,,,
2025-01-03,525368335,9811363528,16,0,0.0,10,3,0,0.0,0.0,0.625,0.1875,,,
2025-01-04,495403620,9628223555,1690,49,139.26,800,787,11,65.43,0.029,0.4734,0.4657,0.2245,0.4698,
2025-01-04,500635396,9657930100,6811,1039,2756.29,2105,2089,42,266.29,0.1525,0.3091,0.3067,0.0404,0.0966,
2025-01-04,500635396,9700005700,4,0,0.0,2,1,0,0.0,0.0,0.5,0.25,,,
2025-01-04,525368335,9811363528,21,0,0.0,13,1,0,0.0,0.0,0.619,0.0476,,,
2025-01-05,495403620,9628223555,982,36,107.27,379,363,4,22.55,0.0367,0.3859,0.3697,0.1111,0.2102,
2025-01-05,500635396,9657930100,6548,1049,2759.02,1930,1904,33,200.56,0.1602,0.2947,0.2908,0.0315,0.0727,
2025-01-05,500635396,9700005700,4,0,0.0,3,2,0,0.0,0.0,0.75,0.5,,,
2025-01-05,525368335,9811363528,12,4,2.61,1,1,0,0.0,0.3333,0.0833,0.0833,0.0,0.0,
2025-01-06,495403620,9628223555,693,62,109.59,46,43,1,2.06,0.0895,0.0664,0.062,0.0161,0.0188,
2025-01-06,500635396,9657930100,2785,271,577.58,128,120,4,11.61,0.0973,0.046,0.0431,0.0148,0.0201,
2025-01-06,500635396,9700005700,7,0,0.0,2,0,0,0.0,0.0,0.2857,0.0,,,
2025-01-06,525368335,9811363528,30,14,24.46,8,7,3,4.66,0.4667,0.2667,0.2333,0.2143,0.1905,
2025-01-07,495403620,9628223555,584,67,116.02,35,32,2,4.12,0.1147,0.0599,0.0548,0.0299,0.0355,
2025-01-07,500635396,9657930100,2399,230,478.58,82,73,1,3.44,0.0959,0.0342,0.0304,0.0043,0.0072,
2025-01-07,500635396,9700005700,12,0,0.0,10,4,0,0.0,0.0,0.8333,0.3333,,,
2025-01-07,525368335,9811363528,40,3,2.22,11,7,0,0.0,0.075,0.275,0.175,0.0,0.0,
2025-01-08,495403620,9628223555,945,43,148.5,369,359,17,90.75,0.0455,0.3905,0.3799,0.3953,0.6111,
2025-01-08,500635396,9657930100,6794,1039,2688.86,1631,1610,27,158.08,0.1529,0.2401,0.237,0.026,0.0588,
2025-01-08,500635396,9700005700,2,0,0.0,1,0,0,0.0,0.0,0.5,0.0,,,
2025-01-08,525368335,9811363528,31,13,23.54,16,13,2,0.96,0.4194,0.5161,0.4194,0.1538,0.0408,
2025-01-09,495403620,9628223555,3415,141,409.68,1204,1182,30,171.68,0.0413,0.3526,0.3461,0.2128,0.4191,
2025-01-09,500635396,9657930100,6702,1043,2763.37,1768,1742,37,232.23,0.1556,0.2638,0.2599,0.0355,0.084,
2025-01-09,500635396,9700005700,4,0,0.0,2,2,0,0.0,0.0,0.5,0.5,,,
2025-01-09,525368335,9811363528,31,2,1.27,17,16,0,0.0,0.0645,0.5484,0.5161,0.0,0.0,
2025-01-10,495403620,9628223555,6728,220,678.28,2651,2613,51,329.35,0.0327,0.394,0.3884,0.2318,0.4856,
2025-01-10,500635396,9657930100,9848,1545,3878.67,2725,2646,44,244.99,0.1569,0.2767,0.2687,0.0285,0.0632,
2025-01-10,500635396,9700005700,2,0,0.0,0,0,0,0.0,0.0,0.0,0.0,,,
2025-01-10,525368335,9811363528,6,0,0.0,2,2,0,0.0,0.0,0.3333,0.3333,,,
2025-01-11,495403620,9628223555,11124,235,828.73,4546,4503,84,527.36,0.0211,0.4087,0.4048,0.3574,0.6363,
2025-01-11,500635396,9657930100,9716,1643,4164.65,1978,1893,51,280.62,0.1691,0.2036,0.1948,0.031,0.0674,
2025-01-12,495403620,9628223555,10573,258,843.88,4168,4128,79,477.59,0.0244,0.3942,0.3904,0.3062,0.5659,
2025-01-12,500635396,9657930100,9405,1622,3955.9,2198,2113,51,294.82,0.1725,0.2337,0.2247,0.0314,0.0745,
2025-01-13,495403620,9628223555,5376,106,175.27,257,251,11,23.81,0.0197,0.0478,0.0467,0.1038,0.1358,
2025-01-13,500635396,9657930100,3235,317,663.75,147,123,0,0.0,0.098,0.0454,0.038,0.0,0.0,
2025-01-14,495403620,9628223555,5620,128,226.4,331,318,14,31.42,0.0228,0.0589,0.0566,0.1094,0.1388,
2025-01-14,500635396,9657930100,2783,274,562.31,118,108,6,17.3,0.0985,0.0424,0.0388,0.0219,0.0308,
2025-01-15,495403620,9628223555,15028,397,1178.2,6383,6323,95,586.25,0.0264,0.4247,0.4207,0.2393,0.4976,
2025-01-15,495817671,9630806627,1,0,0.0,0,0,0,0.0,0.0,0.0,0.0,,,
2025-01-15,500635396,9657930100,8039,1697,4347.28,1250,1166,39,213.95,0.2111,0.1555,0.145,0.023,0.0492,
2025-01-15,525368335,9811363528,2696,325,843.13,1211,1190,32,172.99,0.1205,0.4492,0.4414,0.0985,0.2052,
2025-01-16,495403620,9628223555,8810,360,947.11,3107,3058,56,328.4,0.0409,0.3527,0.3471,0.1556,0.3467,
2025-01-16,495817671,9630806627,32,4,5.32,13,11,1,1.58,0.125,0.4062,0.3438,0.25,0.297,
2025-01-16,500635396,9657930100,12114,1500,3876.22,3719,3653,90,520.64,0.1238,0.307,0.3016,0.06,0.1343,
2025-01-16,525368335,9811363528,9263,990,2705.75,4687,4575,102,611.6,0.1069,0.506,0.4939,0.103,0.226,
2025-01-17,495403620,9628223555,7087,323,808.93,2485,2449,38,220.15,0.0456,0.3506,0.3456,0.1176,0.2721,
2025-01-17,495817671,9630806627,30,1,0.15,4,1,0,0.0,0.0333,0.1333,0.0333,0.0,0.0,
2025-01-17,500635396,9657930100,13428,1357,3615.08,4603,4527,81,477.51,0.1011,0.3428,0.3371,0.0597,0.1321,
2025-01-17,500635396,9700005700,2,0,0.0,2,2,0,0.0,0.0,1.0,1.0,,,
2025-01-17,525368335,9811363528,12048,989,2773.53,6803,6682,112,718.22,0.0821,0.5647,0.5546,0.1132,0.259,
2025-01-18,495403620,9628223555,985,41,111.8,251,245,9,35.95,0.0416,0.2548,0.2487,0.2195,0.3216,
2025-01-18,495817671,9630806627,12,2,0.3,2,2,0,0.0,0.1667,0.1667,0.1667,0.0,0.0,
2025-01-18,500635396,9657930100,4355,577,1533.17,1043,1016,19,107.4,0.1325,0.2395,0.2333,0.0329,0.0701,
2025-01-18,500635396,9700005700,8,1,6.91,4,1,1,6.91,0.125,0.5,0.125,1.0,1.0,
2025-01-18,525368335,9811363528,10067,1068,3040.72,4657,4522,139,817.0,0.1061,0.4626,0.4492,0.1301,0.2687,
2025-01-19,495403620,9628223555,1399,69,178.08,521,512,9,47.68,0.0493,0.3724,0.366,0.1304,0.2677,
2025-01-19,495817671,9630806627,21,1,0.21,4,2,1,0.21,0.0476,0.1905,0.0952,1.0,1.0,
2025-01-19,500635396,9657930100,5873,576,1613.92,2075,2006,30,194.57,0.0981,0.3533,0.3416,0.0521,0.1206,
2025-01-19,500635396,9700005700,4,0,0.0,2,2,0,0.0,0.0,0.5,0.5,,,
2025-01-19,525368335,9811363528,15498,1098,3186.31,7993,7873,147,887.35,0.0708,0.5157,0.508,0.1339,0.2785,
2025-01-20,495403620,9628223555,743,76,151.44,82,70,5,11.55,0.1023,0.1104,0.0942,0.0658,0.0763,
2025-01-20,495817671,9630806627,39,8,4.77,5,4,0,0.0,0.2051,0.1282,0.1026,0.0,0.0,
2025-01-20,500635396,9657930100,4095,667,1507.21,385,348,7,19.79,0.1629,0.094,0.085,0.0105,0.0131,
2025-01-20,500635396,9700005700,1,0,0.0,1,1,0,0.0,0.0,1.0,1.0,,,
2025-01-20,525368335,9811363528,9164,419,829.51,542,508,13,30.58,0.0457,0.0591,0.0554,0.031,0.0369,
2025-01-21,495403620,9628223555,246,28,62.17,21,18,4,13.76,0.1138,0.0854,0.0732,0.1429,0.2213,
2025-01-21,495817671,9630806627,58,19,39.73,22,19,5,12.02,0.3276,0.3793,0.3276,0.2632,0.3025,
2025-01-21,500635396,9657930100,1056,100,218.2,136,122,6,18.24,0.0947,0.1288,0.1155,0.06,0.0836,
2025-01-21,500635396,9700005700,1,0,0.0,0,0,0,0.0,0.0,0.0,0.0,,,
2025-01-21,525368335,9811363528,8205,421,862.92,504,477,19,53.08,0.0513,0.0614,0.0581,0.0451,0.0615,
2025-01-22,495403620,9628223555,582,84,190.16,86,65,11,39.53,0.1443,0.1478,0.1117,0.131,0.2079,
2025-01-22,495817671,9630806627,86,15,37.84,29,23,4,11.95,0.1744,0.3372,0.2674,0.2667,0.3158,
2025-01-22,500635396,9657930100,1850,292,900.27,373,324,29,147.54,0.1578,0.2016,0.1751,0.0993,0.1639,
2025-01-22,500635396,9700005700,1,0,0.0,1,0,0,0.0,0.0,1.0,0.0,,,
2025-01-22,525368335,9811363528,15478,1107,3189.37,7733,7605,150,938.94,0.0715,0.4996,0.4913,0.1355,0.2944,
2025-01-23,495403620,9628223555,1186,183,394.97,162,134,10,48.77,0.1543,0.1366,0.113,0.0546,0.1235,
2025-01-23,495817671,9630806627,59,9,43.05,30,21,7,41.64,0.1525,0.5085,0.3559,0.7778,0.9672,
2025-01-23,500635396,9657930100,4901,870,2349.16,857,789,22,145.14,0.1775,0.1749,0.161,0.0253,0.0618,
2025-01-23,500635396,9700005700,7,0,0.0,2,0,0,0.0,0.0,0.2857,0.0,,,
2025-01-23,525368335,9811363528,12345,1038,2846.15,5879,5749,125,725.49,0.0841,0.4762,0.4657,0.1204,0.2549,
2025-01-24,495403620,9628223555,2800,406,837.34,645,612,17,105.38,0.145,0.2304,0.2186,0.0419,0.1259,
2025-01-24,495817671,9630806627,63,6,22.14,30,22,2,11.8,0.0952,0.4762,0.3492,0.3333,0.533,
2025-01-24,500635396,9657930100,14578,1068,3032.18,5753,5653,100,696.09,0.0733,0.3946,0.3878,0.0936,0.2296,
2025-01-24,500635396,9700005700,5,2,3.55,5,2,2,3.55,0.4,1.0,0.4,1.0,1.0,
2025-01-24,525368335,9811363528,7285,506,1468.77,3728,3668,65,416.5,0.0695,0.5117,0.5035,0.1285,0.2836,
2025-01-25,495403620,9628223555,4753,631,1394.82,1165,1118,39,232.77,0.1328,0.2451,0.2352,0.0618,0.1669,
2025-01-25,500635396,9657930100,20662,1690,4625.67,6965,6875,105,717.34,0.0818,0.3371,0.3327,0.0621,0.1551,
2025-01-26,495403620,9628223555,6996,484,1259.87,2808,2760,54,329.2,0.0692,0.4014,0.3945,0.1116,0.2613,
2025-01-26,500635396,9657930100,17454,1772,4763.43,6206,6101,125,783.94,0.1015,0.3556,0.3495,0.0705,0.1646,
2025-01-27,495403620,9628223555,3521,338,634.93,359,337,17,45.68,0.096,0.102,0.0957,0.0503,0.0719,
2025-01-27,500635396,9657930100,8408,857,1870.48,635,583,20,60.73,0.1019,0.0755,0.0693,0.0233,0.0325,
2025-01-28,495403620,9628223555,3354,118,375.68,1272,1246,35,217.26,0.0352,0.3792,0.3715,0.2966,0.5783,
2025-01-28,500635396,9657930100,3140,532,1264.32,558,539,12,50.65,0.1694,0.1777,0.1717,0.0226,0.0401,
2025-01-29,495403620,9628223555,1412,51,137.78,765,758,10,54.14,0.0361,0.5418,0.5368,0.1961,0.3929,
2025-01-29,500635396,9657930100,1252,196,500.3,331,323,7,40.79,0.1565,0.2644,0.258,0.0357,0.0815,
2025-01-30,495403620,9628223555,1011,18,86.68,358,351,13,74.74,0.0178,0.3541,0.3472,0.7222,0.8623,
2025-01-30,500635396,9657930100,758,226,521.89,121,117,2,12.09,0.2982,0.1596,0.1544,0.0088,0.0232,
2025-01-31,495403620,9628223555,1320,42,148.51,580,568,15,86.87,0.0318,0.4394,0.4303,0.3571,0.5849,
2025-01-31,500635396,9657930100,1106,232,572.8,225,214,7,36.0,0.2098,0.2034,0.1935,0.0302,0.0628,
2025-02-01,495403620,9628223555,1661,58,196.94,750,737,23,131.35,0.0349,0.4515,0.4437,0.3966,0.667,
2025-02-01,500635396,9657930100,1262,255,606.1,253,238,8,32.31,0.2021,0.2005,0.1886,0.0314,0.0533,
2025-02-02,495403620,9628223555,2255,76,235.81,1219,1201,19,113.0,0.0337,0.5406,0.5326,0.25,0.4792,
2025-02-02,500635396,9657930100,1697,403,919.23,376,365,8,42.35,0.2375,0.2216,0.2151,0.0199,0.0461,
2025-02-03,495403620,9628223555,1966,26,103.09,941,922,12,70.55,0.0132,0.4786,0.469,0.4615,0.6844,
2025-02-03,500635396,9657930100,2339,560,1300.19,617,601,10,56.16,0.2394,0.2638,0.2569,0.0179,0.0432,
2025-02-04,495403620,9628223555,2454,35,146.31,1312,1290,18,104.97,0.0143,0.5346,0.5257,0.5143,0.7174,
2025-02-04,500635396,9657930100,3362,704,1660.08,1115,1084,30,162.79,0.2094,0.3316,0.3224,0.0426,0.0981,
2025-02-05,495403620,9628223555,2316,48,167.48,1137,1105,21,107.59,0.0207,0.4909,0.4771,0.4375,0.6424,
2025-02-05,500635396,9657930100,4945,786,1840.34,1410,1382,21,107.12,0.1589,0.2851,0.2795,0.0267,0.0582,
2025-02-06,495403620,9628223555,2443,38,170.26,1357,1335,17,111.89,0.0156,0.5555,0.5465,0.4474,0.6572,
2025-02-06,500635396,9657930100,4298,747,1873.71,1187,1159,25,154.99,0.1738,0.2762,0.2697,0.0335,0.0827,
2025-02-07,495403620,9628223555,5900,136,449.39,2492,2460,35,217.71,0.0231,0.4224,0.4169,0.2574,0.4845,
2025-02-07,500635396,9657930100,4749,862,2073.95,790,764,15,78.98,0.1815,0.1664,0.1609,0.0174,0.0381,
2025-02-08,495403620,9628223555,3126,188,383.3,364,347,26,74.42,0.0601,0.1164,0.111,0.1383,0.1942,
2025-02-08,500635396,9657930100,7786,733,1554.97,630,599,14,38.39,0.0941,0.0809,0.0769,0.0191,0.0247,
2025-02-09,495403620,9628223555,10464,484,1309.49,5069,4983,75,471.01,0.0463,0.4844,0.4762,0.155,0.3597,
2025-02-09,500635396,9657930100,15342,1777,4714.46,5167,5060,103,664.88,0.1158,0.3368,0.3298,0.058,0.141,
2025-02-10,495403620,9628223555,7482,456,1130.5,3147,3066,53,321.24,0.0609,0.4206,0.4098,0.1162,0.2842,
2025-02-10,500635396,9657930100,16236,1852,4914.85,5658,5534,116,733.61,0.1141,0.3485,0.3408,0.0626,0.1493,
2025-02-11,495403620,9628223555,6808,526,1309.49,2457,2386,72,442.72,0.0773,0.3609,0.3505,0.1369,0.3381,
2025-02-11,500635396,9657930100,17175,1796,4717.34,5787,5699,97,618.81,0.1046,0.3369,0.3318,0.054,0.1312,
2025-02-12,495403620,9628223555,10034,536,1449.05,4289,4203,95,591.84,0.0534,0.4274,0.4189,0.1772,0.4084,
2025-02-12,500635396,9657930100,13279,1597,4147.45,4165,4035,78,516.38,0.1203,0.3137,0.3039,0.0488,0.1245,
2025-02-13,495403620,9628223555,9057,592,1439.11,3116,3054,62,397.99,0.0654,0.344,0.3372,0.1047,0.2766,
2025-02-13,500635396,9657930100,10893,1288,3345.66,3020,2929,63,409.6,0.1182,0.2772,0.2689,0.0489,0.1224,
2025-02-14,495403620,9628223555,4995,288,583.83,1082,1047,32,124.66,0.0577,0.2166,0.2096,0.1111,0.2135,
2025-02-14,500635396,9657930100,5325,760,1707.86,814,771,9,38.8,0.1427,0.1529,0.1448,0.0118,0.0227,
2025-02-15,495403620,9628223555,8271,296,849.73,3413,3350,61,361.05,0.0358,0.4126,0.405,0.2061,0.4249,
2025-02-15,500635396,9657930100,9650,1403,3448.13,2473,2415,51,315.22,0.1454,0.2563,0.2503,0.0364,0.0914,
2025-02-16,495403620,9628223555,7062,193,651.73,3165,3113,58,369.23,0.0273,0.4482,0.4408,0.3005,0.5665,
2025-02-16,500635396,9657930100,9963,1449,3511.83,2666,2620,43,255.85,0.1454,0.2676,0.263,0.0297,0.0729,
2025-02-17,495403620,9628223555,7258,211,736.36,3068,3015,63,410.6,0.0291,0.4227,0.4154,0.2986,0.5576,
2025-02-17,500635396,9657930100,6553,1126,2750.0,1285,1248,34,182.03,0.1718,0.1961,0.1904,0.0302,0.0662,
2025-02-18,495403620,9628223555,8972,142,634.14,3414,3338,77,493.84,0.0158,0.3805,0.372,0.5423,0.7788,
2025-02-18,500635396,9657930100,11575,1770,4140.26,2368,2271,39,214.76,0.1529,0.2046,0.1962,0.022,0.0519,
2025-02-19,495403620,9628223555,14921,176,934.81,7323,7237,131,851.14,0.0118,0.4908,0.485,0.7443,0.9105,
2025-02-19,500635396,9657930100,10037,2189,5076.69,1198,1105,37,190.54,0.2181,0.1194,0.1101,0.0169,0.0375,
2025-02-20,495403620,9628223555,16143,215,1093.36,8499,8390,130,919.45,0.0133,0.5265,0.5197,0.6047,0.8409,
2025-02-20,500635396,9657930100,11615,2493,5946.43,2170,2060,49,287.23,0.2146,0.1868,0.1774,0.0197,0.0483,
2025-02-21,495403620,8878077181,196,126,285.45,123,109,99,246.99,0.6429,0.6276,0.5561,0.7857,0.8653,
2025-02-21,495403620,9628223555,15962,191,1108.01,8819,8720,144,1003.68,0.012,0.5525,0.5463,0.7539,0.9058,
2025-02-21,495817671,9630806627,7767,609,1447.73,3120,3113,59,352.88,0.0784,0.4017,0.4008,0.0969,0.2437,
2025-02-21,500635396,9657930100,13097,2855,6884.66,2624,2488,50,296.78,0.218,0.2004,0.19,0.0175,0.0431,
2025-02-22,495403620,8878077181,385,142,218.99,231,177,110,173.12,0.3688,0.6,0.4597,0.7746,0.7905,
2025-02-22,495403620,9628223555,4031,39,234.84,2300,2270,28,208.07,0.0097,0.5706,0.5631,0.7179,0.886,
2025-02-22,495817671,9630806627,25826,3266,6554.37,7633,7534,140,852.62,0.1265,0.2956,0.2917,0.0429,0.1301,
2025-02-22,500635396,9657930100,3034,526,1317.04,666,625,12,66.99,0.1734,0.2195,0.206,0.0228,0.0509,
2025-02-22,500635396,9700005700,4,1,3.22,3,2,1,3.22,0.25,0.75,0.5,1.0,1.0,
2025-02-22,525368335,9811363528,19446,1945,3555.08,5973,5824,89,524.01,0.1,0.3072,0.2995,0.0458,0.1474,
2025-02-23,495403620,8878077181,620,209,315.17,384,248,157,239.85,0.3371,0.6194,0.4,0.7512,0.761,
2025-02-23,495817671,9630806627,4554,1191,2160.53,481,452,12,59.71,0.2615,0.1056,0.0993,0.0101,0.0276,
2025-02-23,500635396,9700005700,4,0,0.0,2,1,0,0.0,0.0,0.5,0.25,,,
2025-02-23,525368335,9811363528,18885,1391,2934.12,7247,7111,133,799.85,0.0737,0.3837,0.3765,0.0956,0.2726,
2025-02-24,495403620,8878077181,389,117,232.16,257,159,90,175.53,0.3008,0.6607,0.4087,0.7692,0.7561,
2025-02-24,495817671,9630806627,3123,1062,1981.97,182,161,8,33.47,0.3401,0.0583,0.0516,0.0075,0.0169,
2025-02-24,500635396,9700005700,5,0,0.0,4,3,0,0.0,0.0,0.8,0.6,,,
2025-02-24,525368335,9811363528,12281,903,1922.23,4177,4109,96,590.41,0.0735,0.3401,0.3346,0.1063,0.3071,
2025-02-25,495403620,8878077181,463,158,320.96,284,200,100,186.72,0.3413,0.6134,0.432,0.6329,0.5818,
2025-02-25,495817671,9630806627,8534,2714,5097.73,405,358,37,167.89,0.318,0.0475,0.0419,0.0136,0.0329,
2025-02-25,500635396,9700005700,3,0,0.0,0,0,0,0.0,0.0,0.0,0.0,,,
2025-02-25,525368335,9811363528,22163,1975,3929.24,8145,8046,152,906.45,0.0891,0.3675,0.363,0.077,0.2307,
2025-02-26,495403620,8878077181,856,262,570.75,566,376,196,419.48,0.3061,0.6612,0.4393,0.7481,0.735,
2025-02-26,495817671,9630806627,10282,2664,5155.24,1574,1384,73,317.74,0.2591,0.1531,0.1346,0.0274,0.0616,
2025-02-26,500635396,9700005700,2,1,5.29,1,1,0,0.0,0.5,0.5,0.5,0.0,0.0,
2025-02-26,525368335,9811363528,43940,2677,6099.33,18400,18161,349,2212.57,0.0609,0.4188,0.4133,0.1304,0.3628,
2025-02-27,495403620,8878077181,670,130,321.13,485,203,89,219.73,0.194,0.7239,0.303,0.6846,0.6842,
2025-02-27,495817671,9630806627,9423,2277,4541.64,2396,2260,136,566.66,0.2416,0.2543,0.2398,0.0597,0.1248,
2025-02-27,500635396,9700005700,1,0,0.0,0,0,0,0.0,0.0,0.0,0.0,,,
2025-02-27,525368335,9811363528,42891,2742,5880.82,16614,16363,325,1881.19,0.0639,0.3874,0.3815,0.1185,0.3199,
2025-02-28,495403620,8878077181,455,71,147.61,285,157,42,85.39,0.156,0.6264,0.3451,0.5915,0.5785,
2025-02-28,495817671,9630806627,24462,1546,4041.64,10725,10585,242,1419.27,0.0632,0.4384,0.4327,0.1565,0.3512,
2025-02-28,500635396,9700005700,2,1,3.6,2,0,1,3.6,0.5,1.0,0.0,1.0,1.0,
2025-02-28,525368335,9811363528,42564,3434,6853.54,15474,15179,299,1696.43,0.0807,0.3635,0.3566,0.0871,0.2475,
2025-03-01,495403620,8878077181,609,314,664.13,428,318,234,472.93,0.5156,0.7028,0.5222,0.7452,0.7121,
2025-03-01,495817671,9630806627,30717,2103,5201.82,14391,14240,305,1736.87,0.0685,0.4685,0.4636,0.145,0.3339,
2025-03-01,500635396,9700005700,1,0,0.0,0,0,0,0.0,0.0,0.0,0.0,,,
2025-03-01,525368335,9811363528,20227,3293,5882.58,3687,3461,101,523.17,0.1628,0.1823,0.1711,0.0307,0.0889,
2025-03-02,495403620,8878077181,409,64,173.94,231,116,41,120.9,0.1565,0.5648,0.2836,0.6406,0.6951,
2025-03-02,495817671,9630806627,9730,1037,2358.17,3945,3881,87,468.15,0.1066,0.4054,0.3989,0.0839,0.1985,
2025-03-02,500635396,9700005700,2,0,0.0,2,1,0,0.0,0.0,1.0,0.5,,,
2025-03-02,525368335,9811363528,19111,2865,5393.73,3743,3562,108,537.56,0.1499,0.1959,0.1864,0.0377,0.0997,
2025-03-03,495403620,8878077181,296,34,104.39,179,106,25,77.2,0.1149,0.6047,0.3581,0.7353,0.7395,
2025-03-03,495817671,9630806627,8221,565,1508.15,4257,4202,95,535.19,0.0687,0.5178,0.5111,0.1681,0.3549,
2025-03-03,500635396,9700005700,10,2,1.5,1,1,0,0.0,0.2,0.1,0.1,0.0,0.0,
2025-03-03,525368335,9811363528,15105,2527,4587.35,4616,4462,88,492.36,0.1673,0.3056,0.2954,0.0348,0.1073,
2025-03-04,495403620,8878077181,265,23,81.58,145,83,16,60.61,0.0868,0.5472,0.3132,0.6957,0.743,
2025-03-04,495817671,9630806627,22040,965,3012.35,11488,11301,291,1510.84,0.0438,0.5212,0.5127,0.3016,0.5015,
2025-03-04,500635396,9700005700,12,0,0.0,0,0,0,0.0,0.0,0.0,0.0,,,
2025-03-04,525368335,9811363528,16857,3075,5484.22,5614,5502,94,496.65,0.1824,0.333,0.3264,0.0306,0.0906,
2025-03-05,495403620,8878077181,446,56,129.46,321,141,48,113.81,0.1256,0.7197,0.3161,0.8571,0.8791,
2025-03-05,495817671,9630806627,13993,872,2496.82,7240,7076,188,1036.86,0.0623,0.5174,0.5057,0.2156,0.4153,
2025-03-05,500635396,9700005700,14,2,1.47,5,0,1,1.37,0.1429,0.3571,0.0,0.5,0.932,
2025-03-05,525368335,9811363528,33655,3288,6270.44,7756,7512,165,836.56,0.0977,0.2305,0.2232,0.0502,0.1334,
2025-03-06,495403620,8878077181,408,40,105.76,276,113,26,82.87,0.098,0.6765,0.277,0.65,0.7836,
2025-03-06,495817671,9630806627,14440,837,2386.65,7313,7191,172,932.78,0.058,0.5064,0.498,0.2055,0.3908,
2025-03-06,500635396,9700005700,135,10,29.02,60,49,1,6.24,0.0741,0.4444,0.363,0.1,0.215,
2025-03-06,525368335,9811363528,38544,3759,6955.36,9530,9208,172,968.95,0.0975,0.2472,0.2389,0.0458,0.1393,
2025-03-07,495403620,8878077181,149,18,73.82,94,53,16,67.46,0.1208,0.6309,0.3557,0.8889,0.9138,
2025-03-07,495817671,9630806627,10912,567,1746.06,6292,6198,154,823.29,0.052,0.5766,0.568,0.2716,0.4715,
2025-03-07,500635396,9700005700,782,12,65.78,432,382,12,65.78,0.0153,0.5524,0.4885,1.0,1.0,
2025-03-07,525368335,9811363528,38076,4920,9201.38,9455,9115,253,1309.23,0.1292,0.2483,0.2394,0.0514,0.1423,
2025-03-08,495403620,8878077181,3,0,0.0,1,1,0,0.0,0.0,0.3333,0.3333,,,
2025-03-08,495817671,9630806627,20932,870,2692.41,11802,11672,235,1317.43,0.0416,0.5638,0.5576,0.2701,0.4893,
2025-03-08,500635396,9700005700,1009,22,86.15,613,521,12,66.68,0.0218,0.6075,0.5164,0.5455,0.774,
2025-03-08,525368335,9811363528,46138,4137,8299.11,15373,14989,295,1531.99,0.0897,0.3332,0.3249,0.0713,0.1846,
2025-03-09,495403620,8878077181,20,2,7.1,13,6,1,2.06,0.1,0.65,0.3,0.5,0.2901,
2025-03-09,495817671,9630806627,7769,490,1315.12,4607,4557,63,373.4,0.0631,0.593,0.5866,0.1286,0.2839,
2025-03-09,500635396,9700005700,1995,31,143.34,1197,1130,22,122.8,0.0155,0.6,0.5664,0.7097,0.8567,
2025-03-09,525368335,9811363528,25413,2320,4445.27,6247,5926,149,694.32,0.0913,0.2458,0.2332,0.0642,0.1562,
2025-03-10,495403620,8878077181,181,56,269.05,128,78,52,254.68,0.3094,0.7072,0.4309,0.9286,0.9466,
2025-03-10,495817671,9630806627,6062,403,1126.18,3359,3320,52,284.1,0.0665,0.5541,0.5477,0.129,0.2523,
2025-03-10,500635396,9700005700,586,8,39.42,301,217,7,39.0,0.0137,0.5137,0.3703,0.875,0.9893,
2025-03-10,525368335,9811363528,11319,1473,2702.35,3770,3644,64,329.07,0.1301,0.3331,0.3219,0.0434,0.1218,
2025-03-11,495403620,8878077181,446,190,682.54,307,231,171,645.43,0.426,0.6883,0.5179,0.9,0.9456,
2025-03-11,495817671,9630806627,20672,1185,3430.87,11057,10851,252,1314.03,0.0573,0.5349,0.5249,0.2127,0.383,
2025-03-11,500635396,9700005700,655,2,1.06,44,31,0,0.0,0.0031,0.0672,0.0473,0.0,0.0,
2025-03-11,525368335,9811363528,7985,1581,2912.98,2698,2592,46,248.74,0.198,0.3379,0.3246,0.0291,0.0854,
2025-03-12,495403620,8878077181,635,290,513.53,440,336,232,417.54,0.4567,0.6929,0.5291,0.8,0.8131,
2025-03-12,495817671,9630806627,11976,1147,3242.67,7556,7385,218,1086.17,0.0958,0.6309,0.6166,0.1901,0.335,
2025-03-12,500635396,9700005700,618,5,2.05,26,21,0,0.0,0.0081,0.0421,0.034,0.0,0.0,
2025-03-12,525368335,9811363528,45409,2419,4892.3,12351,11964,262,1322.65,0.0533,0.272,0.2635,0.1083,0.2704,
2025-03-13,495403620,8878077181,551,261,495.81,367,252,182,281.94,0.4737,0.6661,0.4574,0.6973,0.5686,
2025-03-13,495817671,9630806627,23178,698,2473.16,14217,14061,258,1391.79,0.0301,0.6134,0.6067,0.3696,0.5628,
2025-03-13,500635396,9700005700,1257,20,76.56,722,625,13,65.11,0.0159,0.5744,0.4972,0.65,0.8504,
2025-03-13,525368335,9811363528,54391,2443,5177.65,20986,20546,355,1752.75,0.0449,0.3858,0.3777,0.1453,0.3385,
2025-03-14,495403620,8878077181,549,217,277.9,290,226,142,198.41,0.3953,0.5282,0.4117,0.6544,0.714,
2025-03-14,495817671,9630806627,13918,632,1890.48,7724,7567,181,912.21,0.0454,0.555,0.5437,0.2864,0.4825,
2025-03-14,500635396,9700005700,1219,25,102.3,716,636,17,90.93,0.0205,0.5874,0.5217,0.68,0.8889,
2025-03-14,525368335,9811363528,41015,1468,3177.5,11517,11133,227,1091.19,0.0358,0.2808,0.2714,0.1546,0.3434,
2025-03-15,495403620,8878077181,536,235,298.0,323,256,157,216.39,0.4384,0.6026,0.4776,0.6681,0.7261,
2025-03-15,495817671,9630806627,4790,843,2024.05,2527,2449,68,311.26,0.176,0.5276,0.5113,0.0807,0.1538,
2025-03-15,500635396,9700005700,451,8,32.45,273,235,5,30.0,0.0177,0.6053,0.5211,0.625,0.9245,
2025-03-15,525368335,9811363528,52093,2321,4777.58,14685,14248,317,1581.08,0.0446,0.2819,0.2735,0.1366,0.3309,
2025-03-16,495403620,8878077181,950,417,640.68,649,481,313,486.27,0.4389,0.6832,0.5063,0.7506,0.759,
2025-03-16,495817671,9630806627,3685,405,1019.89,2091,2059,49,236.37,0.1099,0.5674,0.5588,0.121,0.2318,
2025-03-16,500635396,9700005700,4400,538,880.54,791,769,19,105.69,0.1223,0.1798,0.1748,0.0353,0.12,
2025-03-16,525368335,9811363528,55636,2053,4653.74,21440,21022,375,1907.73,0.0369,0.3854,0.3778,0.1827,0.4099,
2025-03-17,495403620,8878077181,984,368,507.9,656,462,272,390.84,0.374,0.6667,0.4695,0.7391,0.7695,
2025-03-17,495817671,9630806627,5001,462,1059.53,2501,2459,50,264.48,0.0924,0.5001,0.4917,0.1082,0.2496,
2025-03-17,500635396,9700005700,23684,1969,4477.29,9585,9479,152,1040.16,0.0831,0.4047,0.4002,0.0772,0.2323,
2025-03-17,525368335,9811363528,21455,926,1994.4,7074,6937,138,689.1,0.0432,0.3297,0.3233,0.149,0.3455,
2025-03-18,495403620,8878077181,298,131,206.39,206,156,98,164.45,0.4396,0.6913,0.5235,0.7481,0.7968,
2025-03-18,495817671,9630806627,21118,1291,4401.88,4720,2117,522,2821.74,0.0611,0.2235,0.1002,0.4043,0.641,
2025-03-18,525368335,9811363528,14815,981,1951.69,5681,5535,121,643.33,0.0662,0.3835,0.3736,0.1233,0.3296,
2025-03-19,495403620,8878077181,8,0,0.0,2,0,0,0.0,0.0,0.25,0.0,,,
2025-03-19,495817671,9630806627,8146,1008,3088.55,5503,969,363,1699.15,0.1237,0.6755,0.119,0.3601,0.5501,
2025-03-19,500635396,9700005700,22351,1865,4277.91,7458,7256,133,933.85,0.0834,0.3337,0.3246,0.0713,0.2183,
2025-03-19,525368335,9811363528,48318,2977,7611.01,7223,3575,855,4143.73,0.0616,0.1495,0.074,0.2872,0.5444,
2025-03-20,495403620,8878077181,1272,14,60.47,155,12,10,42.64,0.011,0.1219,0.0094,0.7143,0.7051,
2025-03-20,495817671,9630806627,9322,1085,4386.62,7848,3149,846,3805.76,0.1164,0.8419,0.3378,0.7797,0.8676,
2025-03-20,500635396,9700005700,13755,1214,2320.24,1397,1355,59,171.39,0.0883,0.1016,0.0985,0.0486,0.0739,
2025-03-20,525368335,9811363528,34134,2372,6308.75,15274,3125,945,4016.08,0.0695,0.4475,0.0916,0.3984,0.6366,
2025-03-21,495403620,8878077181,1168,6,28.92,206,13,3,16.37,0.0051,0.1764,0.0111,0.5,0.566,
2025-03-21,495817671,9630806627,9715,1727,3517.26,9362,9310,1607,3247.22,0.1778,0.9637,0.9583,0.9305,0.9232,
2025-03-21,500635396,9700005700,18537,2025,3420.1,1907,1828,55,168.46,0.1092,0.1029,0.0986,0.0272,0.0493,
2025-03-21,525368335,9811363528,13420,1256,3679.02,6036,2969,658,2669.29,0.0936,0.4498,0.2212,0.5239,0.7255,
2025-03-22,495403620,8878077181,617,1,6.26,109,8,1,6.26,0.0016,0.1767,0.013,1.0,1.0,
2025-03-22,495403620,9628223555,53940,757,572.7,16062,5943,416,338.94,0.014,0.2978,0.1102,0.5495,0.5918,
2025-03-22,495817671,9630806627,89602,1744,1572.74,16189,7495,797,667.06,0.0195,0.1807,0.0836,0.457,0.4241,
2025-03-22,500635396,9700005700,26923,1868,4896.51,12187,12121,190,1215.13,0.0694,0.4527,0.4502,0.1017,0.2482,
2025-03-23,495403620,9628223555,58655,964,809.17,10623,4524,354,433.98,0.0164,0.1811,0.0771,0.3672,0.5363,
2025-03-23,525368335,9811363528,7207,1278,2418.84,2250,2167,373,786.65,0.1773,0.3122,0.3007,0.2919,0.3252,
2025-03-24,495403620,8878077181,511,87,237.34,308,167,58,159.78,0.1703,0.6027,0.3268,0.6667,0.6732,
2025-03-24,495817671,9630806627,142551,3283,3902.11,26022,11549,1544,2047.69,0.023,0.1825,0.081,0.4703,0.5248,
2025-03-25,495403620,9628223555,11125,279,333.42,963,420,89,138.24,0.0251,0.0866,0.0378,0.319,0.4146,
2025-03-25,495817671,9630806627,24306,528,653.17,2425,480,168,268.24,0.0217,0.0998,0.0197,0.3182,0.4107,
2025-03-26,495403620,9628223555,14914,392,444.84,1535,539,132,190.22,0.0263,0.1029,0.0361,0.3367,0.4276,
2025-03-26,495817671,9630806627,25038,587,632.72,2466,472,148,219.33,0.0234,0.0985,0.0189,0.2521,0.3466,
2025-03-27,495403620,9628223555,16881,386,383.9,1925,531,174,218.6,0.0229,0.114,0.0315,0.4508,0.5694,
2025-03-27,495817671,9630806627,30141,671,603.29,2830,561,225,258.66,0.0223,0.0939,0.0186,0.3353,0.4287,
2025-03-28,495403620,9628223555,10888,247,191.78,1056,222,89,100.42,0.0227,0.097,0.0204,0.3603,0.5236,
2025-03-28,495817671,9630806627,22917,575,430.52,2039,334,174,163.85,0.0251,0.089,0.0146,0.3026,0.3806,
2025-03-29,495403620,9628223555,21398,497,508.54,3338,1149,275,323.69,0.0232,0.156,0.0537,0.5533,0.6365,
2025-03-29,495817671,9630806627,24792,632,495.03,4298,1533,323,280.05,0.0255,0.1734,0.0618,0.5111,0.5657,
2025-03-30,495403620,9628223555,7100,135,140.75,929,196,60,76.57,0.019,0.1308,0.0276,0.4444,0.544,
2025-03-30,495817671,9630806627,43129,605,868.84,8832,8013,410,636.93,0.014,0.2048,0.1858,0.6777,0.7331,
2025-03-31,495817671,9630806627,40704,649,855.91,7894,6045,354,540.67,0.0159,0.1939,0.1485,0.5455,0.6317,
2025-04-01,495403620,9628223555,15663,334,367.09,1987,351,135,183.52,0.0213,0.1269,0.0224,0.4042,0.4999,
2025-04-01,495817671,9630806627,11997,166,184.67,1579,292,78,96.77,0.0138,0.1316,0.0243,0.4699,0.524,
2025-04-01,500635396,9773660250,6,0,0.0,0,0,0,0.0,0.0,0.0,0.0,,,
2025-04-02,495403620,9628223555,23135,503,695.36,3944,789,267,429.81,0.0217,0.1705,0.0341,0.5308,0.6181,
2025-04-02,495817671,9630806627,5319,61,85.23,860,131,30,53.48,0.0115,0.1617,0.0246,0.4918,0.6275,
2025-04-02,500635396,9773660250,1,0,0.0,0,0,0,0.0,0.0,0.0,0.0,,,
2025-04-03,495403620,9628223555,16539,295,428.05,2640,494,158,265.33,0.0178,0.1596,0.0299,0.5356,0.6199,
2025-04-03,495817671,9630806627,4879,91,126.17,727,140,44,68.26,0.0187,0.149,0.0287,0.4835,0.541,
2025-04-03,500635396,9773660250,8,0,0.0,0,0,0,0.0,0.0,0.0,0.0,,,
2025-04-04,495403620,9628223555,5674,76,115.36,491,105,22,43.73,0.0134,0.0865,0.0185,0.2895,0.3791,
2025-04-04,495817671,9630806627,6661,131,188.88,866,182,50,90.74,0.0197,0.13,0.0273,0.3817,0.4804,
2025-04-04,500635396,9773660250,12,0,0.0,0,0,0,0.0,0.0,0.0,0.0,,,
2025-04-05,495403620,9628223555,6563,85,119.13,588,154,31,54.17,0.013,0.0896,0.0235,0.3647,0.4547,
2025-04-05,495817671,9630806627,6428,144,212.57,905,170,60,112.11,0.0224,0.1408,0.0264,0.4167,0.5274,
2025-04-05,500635396,9773660250,13,0,0.0,1,0,0,0.0,0.0,0.0769,0.0,,,
2025-04-06,495403620,9628223555,8888,154,217.88,730,243,56,94.12,0.0173,0.0821,0.0273,0.3636,0.432,
2025-04-06,495817671,9630806627,9408,214,302.82,1419,273,80,138.39,0.0227,0.1508,0.029,0.3738,0.457,
2025-04-06,500635396,9773660250,39,1,0.8,7,1,1,0.8,0.0256,0.1795,0.0256,1.0,1.0,
2025-04-07,495403620,9628223555,16525,292,404.76,2050,685,167,253.16,0.0177,0.1241,0.0415,0.5719,0.6255,
2025-04-07,495817671,9630806627,19403,408,571.3,3416,714,202,319.85,0.021,0.1761,0.0368,0.4951,0.5599,
2025-04-07,500635396,9773660250,19,1,1.06,8,2,0,0.0,0.0526,0.4211,0.1053,0.0,0.0,
2025-04-08,495403620,9628223555,10349,193,373.46,1782,492,118,258.52,0.0186,0.1722,0.0475,0.6114,0.6922,
2025-04-08,495817671,9630806627,9259,190,326.0,1884,432,101,198.3,0.0205,0.2035,0.0467,0.5316,0.6083,
2025-04-08,500635396,9657930100,14963,1573,2675.51,8164,7784,1090,2295.79,0.1051,0.5456,0.5202,0.6929,0.8581,
2025-04-08,500635396,9700005700,21053,1247,3277.94,9071,9013,125,807.54,0.0592,0.4309,0.4281,0.1002,0.2464,
2025-04-08,500635396,9773660250,1,0,0.0,0,0,0,0.0,0.0,0.0,0.0,,,
2025-04-09,500635396,9657930100,30960,3441,3357.93,19523,19422,2629,3176.24,0.1111,0.6306,0.6273,0.764,0.9459,
2025-04-09,500635396,9773660250,11,0,0.0,1,0,0,0.0,0.0,0.0909,0.0,,,
2025-04-10,500635396,9657930100,32452,3434,3379.43,20475,20336,2572,3190.46,0.1058,0.6309,0.6266,0.749,0.9441,
2025-04-10,500635396,9773660250,25,0,0.0,3,0,0,0.0,0.0,0.12,0.0,,,
2025-04-11,500635396,9657930100,32531,3330,3363.86,20911,20666,2692,3205.87,0.1024,0.6428,0.6353,0.8084,0.953,
2025-04-11,500635396,9773660250,30,1,1.68,10,3,1,1.68,0.0333,0.3333,0.1,1.0,1.0,
2025-04-12,500635396,9657930100,32761,3437,3361.5,19641,19506,2579,3083.16,0.1049,0.5995,0.5954,0.7504,0.9172,
2025-04-12,500635396,9773660250,28,1,1.74,11,4,1,1.74,0.0357,0.3929,0.1429,1.0,1.0,
2025-04-13,500635396,9657930100,10180,1638,962.65,7091,7061,846,810.42,0.1609,0.6966,0.6936,0.5165,0.8419,
2025-04-13,500635396,9773660250,42,1,0.15,6,1,1,0.15,0.0238,0.1429,0.0238,1.0,1.0,
2025-04-14,500635396,9657930100,7789,1377,875.07,6118,6095,797,752.13,0.1768,0.7855,0.7825,0.5788,0.8595,
2025-04-14,500635396,9773660250,22,1,0.64,0,0,0,0.0,0.0455,0.0,0.0,0.0,0.0,
2025-04-15,500635396,9657930100,57790,3774,2119.53,19868,10622,1646,1649.16,0.0653,0.3438,0.1838,0.4361,0.7781,
2025-04-15,500635396,9773660250,23,0,0.0,0,0,0,0.0,0.0,0.0,0.0,,,
2025-04-16,495403620,9628223555,4161,51,52.02,357,63,16,23.78,0.0123,0.0858,0.0151,0.3137,0.4571,
2025-04-16,495817671,9630806627,10554,411,218.54,678,221,51,61.71,0.0389,0.0642,0.0209,0.1241,0.2824,
2025-04-16,500635396,9657930100,65540,3292,2432.52,10262,3716,965,1505.24,0.0502,0.1566,0.0567,0.2931,0.6188,
2025-04-16,500635396,9773660250,55,1,2.0,10,3,1,2.0,0.0182,0.1818,0.0545,1.0,1.0,
2025-04-17,495403620,9628223555,9191,271,319.31,1241,265,191,247.85,0.0295,0.135,0.0288,0.7048,0.7762,
2025-04-17,495817671,9630806627,35968,1097,814.48,3643,2374,441,498.62,0.0305,0.1013,0.066,0.402,0.6122,
2025-04-17,500635396,9657930100,51922,2499,1990.35,8671,2165,581,1322.87,0.0481,0.167,0.0417,0.2325,0.6646,
2025-04-17,500635396,9773660250,33,1,1.34,4,2,0,0.0,0.0303,0.1212,0.0606,0.0,0.0,
2025-04-18,495403620,9628223555,12096,533,579.74,2171,540,421,476.41,0.0441,0.1795,0.0446,0.7899,0.8218,
2025-04-18,495817671,9630806627,57450,1158,938.01,4936,2635,504,664.03,0.0202,0.0859,0.0459,0.4352,0.7079,
2025-04-18,500635396,9657930100,24406,1758,1196.81,4733,1600,398,862.05,0.072,0.1939,0.0656,0.2264,0.7203,
2025-04-18,500635396,9773660250,53,0,0.0,13,6,0,0.0,0.0,0.2453,0.1132,,,
2025-04-19,495403620,9628223555,4860,212,239.05,954,227,153,182.67,0.0436,0.1963,0.0467,0.7217,0.7641,
2025-04-19,495817671,9630806627,26272,957,1236.44,6300,2852,560,1013.98,0.0364,0.2398,0.1086,0.5852,0.8201,
2025-04-19,500635396,9657930100,37126,1570,1861.35,9381,2171,588,1633.35,0.0423,0.2527,0.0585,0.3745,0.8775,
2025-04-19,500635396,9773660250,27,0,0.0,7,2,0,0.0,0.0,0.2593,0.0741,,,
2025-04-20,495403620,9628223555,5656,102,96.01,681,114,48,52.6,0.018,0.1204,0.0202,0.4706,0.5479,
2025-04-20,495817671,9630806627,9739,149,98.58,601,281,54,47.76,0.0153,0.0617,0.0289,0.3624,0.4845,
2025-04-20,500635396,9657930100,17075,744,541.32,4141,1361,259,373.75,0.0436,0.2425,0.0797,0.3481,0.6904,
2025-04-20,500635396,9773660250,16,0,0.0,4,2,0,0.0,0.0,0.25,0.125,,,
2025-04-21,495403620,9628223555,6629,171,170.39,861,213,112,120.55,0.0258,0.1299,0.0321,0.655,0.7075,
2025-04-21,495817671,9630806627,11922,325,238.96,1350,828,155,139.52,0.0273,0.1132,0.0695,0.4769,0.5839,
2025-04-21,500635396,9657930100,17898,771,568.83,3753,1327,297,462.43,0.0431,0.2097,0.0741,0.3852,0.8129,
2025-04-21,500635396,9773660250,1,0,0.0,1,0,0,0.0,0.0,1.0,0.0,,,
2025-04-22,495403620,9628223555,13297,505,491.58,2014,555,370,382.69,0.038,0.1515,0.0417,0.7327,0.7785,
2025-04-22,495817671,9630806627,18469,525,348.91,1264,566,140,131.45,0.0284,0.0684,0.0306,0.2667,0.3767,
2025-04-22,500635396,9657930100,76507,3248,3420.08,19544,3140,1194,2526.03,0.0425,0.2555,0.041,0.3676,0.7386,
2025-04-22,500635396,9773660250,14,2,3.92,2,2,2,3.92,0.1429,0.1429,0.1429,1.0,1.0,
2025-04-23,495403620,9628223555,10284,403,380.63,1626,418,275,278.15,0.0392,0.1581,0.0406,0.6824,0.7308,
2025-04-23,495817671,9630806627,11921,387,226.98,969,488,102,91.01,0.0325,0.0813,0.0409,0.2636,0.401,
2025-04-23,500635396,9657930100,66518,3216,3844.98,16693,4485,1319,3110.32,0.0483,0.251,0.0674,0.4101,0.8089,
2025-04-23,500635396,9773660250,8,0,0.0,1,0,0,0.0,0.0,0.125,0.0,,,
2025-04-24,495403620,9628223555,11843,505,544.53,2162,703,345,404.24,0.0426,0.1826,0.0594,0.6832,0.7424,
2025-04-24,495817671,9630806627,44318,1551,1715.45,9230,1750,587,1229.36,0.035,0.2083,0.0395,0.3785,0.7166,
2025-04-24,500635396,9657930100,46105,2990,3938.9,14035,4029,1057,3075.42,0.0649,0.3044,0.0874,0.3535,0.7808,
2025-04-24,500635396,9700005700,8627,925,2153.31,3341,3277,60,397.58,0.1072,0.3873,0.3799,0.0649,0.1846,
2025-04-24,500635396,9773660250,8,0,0.0,2,0,0,0.0,0.0,0.25,0.0,,,
2025-04-25,495403620,9628223555,16295,937,1175.19,4125,2599,687,881.59,0.0575,0.2531,0.1595,0.7332,0.7502,
2025-04-25,495817671,9630806627,59793,2073,2347.48,13048,2098,635,1029.32,0.0347,0.2182,0.0351,0.3063,0.4385,
2025-04-25,500635396,9657930100,30020,1315,1863.64,8268,1299,446,973.49,0.0438,0.2754,0.0433,0.3392,0.5224,
2025-04-25,500635396,9700005700,502,22,27.06,124,63,15,26.06,0.0438,0.247,0.1255,0.6818,0.963,
2025-04-25,500635396,9773660250,277,2,0.86,18,0,0,0.0,0.0072,0.065,0.0,0.0,0.0,
2025-04-26,495403620,9628223555,10194,460,640.43,1766,599,291,429.79,0.0451,0.1732,0.0588,0.6326,0.6711,
2025-04-26,495817671,9630806627,64654,2069,3372.51,8844,2520,701,1502.09,0.032,0.1368,0.039,0.3388,0.4454,
2025-04-26,500635396,9657930100,16056,863,1263.06,2147,512,177,341.57,0.0537,0.1337,0.0319,0.2051,0.2704,
2025-04-26,500635396,9700005700,531,31,45.38,187,145,23,43.1,0.0584,0.3522,0.2731,0.7419,0.9498,
2025-04-26,500635396,9773660250,2200,124,230.31,296,10,11,24.74,0.0564,0.1345,0.0045,0.0887,0.1074,
2025-04-27,495403620,9628223555,8312,287,320.48,1184,273,142,175.03,0.0345,0.1424,0.0328,0.4948,0.5461,
2025-04-27,495817671,9630806627,29170,960,734.24,2908,1144,308,387.55,0.0329,0.0997,0.0392,0.3208,0.5278,
2025-04-27,500635396,9657930100,2642,291,265.52,422,238,72,113.76,0.1101,0.1597,0.0901,0.2474,0.4284,
2025-04-27,500635396,9700005700,245,5,3.83,52,42,2,3.38,0.0204,0.2122,0.1714,0.4,0.8825,
2025-04-27,500635396,9773660250,2593,234,368.8,415,67,19,45.48,0.0902,0.16,0.0258,0.0812,0.1233,
2025-04-28,495403620,9628223555,10347,445,728.03,2398,693,285,505.13,0.043,0.2318,0.067,0.6404,0.6938,
2025-04-28,495817671,9630806627,65903,1393,2106.87,12717,2945,846,1605.25,0.0211,0.193,0.0447,0.6073,0.7619,
2025-04-28,500635396,9657930100,21507,1035,1816.71,5978,1037,373,938.6,0.0481,0.278,0.0482,0.3604,0.5166,
2025-04-28,500635396,9700005700,99,4,7.27,29,23,4,7.27,0.0404,0.2929,0.2323,1.0,1.0,
2025-04-28,500635396,9773660250,1379,16,31.61,276,27,12,24.98,0.0116,0.2001,0.0196,0.75,0.7903,
2025-04-29,495403620,9628223555,10006,213,343.84,1774,337,112,207.16,0.0213,0.1773,0.0337,0.5258,0.6025,
2025-04-29,495817671,9630806627,33383,580,1085.24,6978,1381,410,879.4,0.0174,0.209,0.0414,0.7069,0.8103,
2025-04-29,500635396,9657930100,48970,1076,2086.18,10695,2160,748,1653.3,0.022,0.2184,0.0441,0.6952,0.7925,
2025-04-29,500635396,9700005700,458,12,19.58,101,52,7,14.07,0.0262,0.2205,0.1135,0.5833,0.7186,
2025-04-29,500635396,9773660250,1929,15,32.56,304,26,13,29.67,0.0078,0.1576,0.0135,0.8667,0.9112,
2025-04-30,495403620,9628223555,6341,117,120.85,670,117,47,56.66,0.0185,0.1057,0.0185,0.4017,0.4688,
2025-04-30,495817671,9630806627,15186,203,198.64,978,335,124,132.12,0.0134,0.0644,0.0221,0.6108,0.6651,
2025-04-30,500635396,9657930100,49445,890,663.61,3882,1529,592,546.93,0.018,0.0785,0.0309,0.6652,0.8242,
2025-04-30,500635396,9700005700,317,4,4.3,36,14,1,1.31,0.0126,0.1136,0.0442,0.25,0.3047,
2025-04-30,500635396,9773660250,4622,15,22.01,268,14,12,20.23,0.0032,0.058,0.003,0.8,0.9191,
2025-05-01,495403620,9628223555,3475,104,113.42,364,88,62,73.03,0.0299,0.1047,0.0253,0.5962,0.6439,
2025-05-01,495817671,9630806627,7727,100,94.93,669,185,49,50.06,0.0129,0.0866,0.0239,0.49,0.5273,
2025-05-01,500635396,9657930100,10059,248,219.7,1445,455,150,162.04,0.0247,0.1437,0.0452,0.6048,0.7376,
2025-05-01,500635396,9700005700,110,2,2.5,11,0,2,2.5,0.0182,0.1,0.0,1.0,1.0,
2025-05-01,500635396,9773660250,520,5,8.57,59,6,5,8.57,0.0096,0.1135,0.0115,1.0,1.0,
2025-05-02,495403620,9628223555,3924,86,92.16,409,67,34,43.29,0.0219,0.1042,0.0171,0.3953,0.4697,
2025-05-02,495817671,9630806627,8348,112,114.0,846,247,71,78.34,0.0134,0.1013,0.0296,0.6339,0.6872,
2025-05-02,500635396,9657930100,9873,276,310.81,1396,519,194,260.86,0.028,0.1414,0.0526,0.7029,0.8393,
2025-05-02,500635396,9700005700,116,2,3.08,20,5,1,2.19,0.0172,0.1724,0.0431,0.5,0.711,
2025-05-02,500635396,9773660250,555,7,10.81,83,10,6,10.12,0.0126,0.1495,0.018,0.8571,0.9362,
2025-05-03,495403620,9628223555,4347,111,124.3,413,90,55,72.01,0.0255,0.095,0.0207,0.4955,0.5793,
2025-05-03,495817671,9630806627,11120,160,152.77,783,259,88,93.2,0.0144,0.0704,0.0233,0.55,0.6101,
2025-05-03,500635396,9657930100,8036,274,255.44,882,490,169,188.51,0.0341,0.1098,0.061,0.6168,0.738,
2025-05-03,500635396,9700005700,123,3,3.17,17,1,1,1.23,0.0244,0.1382,0.0081,0.3333,0.388,
2025-05-03,500635396,9773660250,712,4,4.99,131,9,2,3.01,0.0056,0.184,0.0126,0.5,0.6032,
2025-05-04,495403620,9628223555,5351,130,139.85,528,116,75,91.42,0.0243,0.0987,0.0217,0.5769,0.6537,
2025-05-04,495817671,9630806627,14916,184,175.57,1005,316,99,108.05,0.0123,0.0674,0.0212,0.538,0.6154,
2025-05-04,500635396,9657930100,8063,314,292.96,733,547,200,220.12,0.0389,0.0909,0.0678,0.6369,0.7514,
2025-05-04,500635396,9700005700,156,5,4.62,28,4,1,1.97,0.0321,0.1795,0.0256,0.2,0.4264,
2025-05-04,500635396,9773660250,818,3,4.64,132,12,3,4.64,0.0037,0.1614,0.0147,1.0,1.0,
2025-05-05,495403620,9628223555,7056,184,195.39,707,138,91,108.64,0.0261,0.1002,0.0196,0.4946,0.556,
2025-05-05,495817671,9630806627,18819,253,235.86,1487,365,120,126.35,0.0134,0.079,0.0194,0.4743,0.5357,
2025-05-05,500635396,9657930100,11645,445,405.57,991,729,307,306.03,0.0382,0.0851,0.0626,0.6899,0.7546,
2025-05-05,500635396,9700005700,172,3,1.54,27,4,0,0.0,0.0174,0.157,0.0233,0.0,0.0,
2025-05-05,500635396,9773660250,876,3,4.94,106,5,2,3.21,0.0034,0.121,0.0057,0.6667,0.6498,
2025-05-06,495403620,9628223555,10187,416,546.03,1470,438,293,419.35,0.0408,0.1443,0.043,0.7043,0.768,
2025-05-06,495817671,9630806627,42312,575,800.38,7515,989,382,605.21,0.0136,0.1776,0.0234,0.6643,0.7562,
2025-05-06,500635396,9657930100,49056,1816,2105.71,11624,5559,1528,1915.71,0.037,0.237,0.1133,0.8414,0.9098,
2025-05-06,500635396,9700005700,286,12,15.51,39,3,7,13.45,0.042,0.1364,0.0105,0.5833,0.8672,
2025-05-06,500635396,9773660250,630,1,1.58,79,4,1,1.58,0.0016,0.1254,0.0063,1.0,1.0,
2025-05-06,525368335,9811363528,438,9,5.77,6,2,1,1.05,0.0205,0.0137,0.0046,0.1111,0.182,
2025-05-07,495403620,9628223555,10130,612,765.77,1857,753,490,643.26,0.0604,0.1833,0.0743,0.8007,0.84,
2025-05-07,495817671,9630806627,23159,496,778.67,4937,1097,286,539.99,0.0214,0.2132,0.0474,0.5766,0.6935,
2025-05-07,500635396,9657930100,74980,2618,4339.63,31446,9949,2366,4166.43,0.0349,0.4194,0.1327,0.9037,0.9601,
2025-05-07,500635396,9700005700,129,3,2.41,28,14,3,2.41,0.0233,0.2171,0.1085,1.0,1.0,
2025-05-07,500635396,9773660250,2400,27,20.2,751,176,23,17.75,0.0112,0.3129,0.0733,0.8519,0.8787,
2025-05-07,525368335,9811363528,4337,35,25.43,137,70,10,9.49,0.0081,0.0316,0.0161,0.2857,0.3732,
2025-05-08,495403620,9628223555,18513,417,727.65,3339,751,235,500.95,0.0225,0.1804,0.0406,0.5635,0.6884,
2025-05-08,495817671,9630806627,23970,393,660.37,4366,928,267,506.57,0.0164,0.1821,0.0387,0.6794,0.7671,
2025-05-08,500635396,9657930100,55107,1491,2975.19,20471,3896,1251,2744.66,0.0271,0.3715,0.0707,0.839,0.9225,
2025-05-08,500635396,9700005700,472,15,15.71,100,13,7,9.42,0.0318,0.2119,0.0275,0.4667,0.5996,
2025-05-08,500635396,9773660250,3533,17,18.05,505,100,14,17.49,0.0048,0.1429,0.0283,0.8235,0.969,
2025-05-08,525368335,9811363528,5565,40,29.39,174,71,10,10.5,0.0072,0.0313,0.0128,0.25,0.3573,
2025-05-09,495403620,9628223555,20173,481,1004.98,3388,894,321,778.69,0.0238,0.1679,0.0443,0.6674,0.7748,
2025-05-09,495817671,9630806627,27761,653,1583.92,8710,1604,496,1354.43,0.0235,0.3137,0.0578,0.7596,0.8551,
2025-05-09,500635396,9657930100,58180,1272,3176.98,18119,3084,1039,2934.84,0.0219,0.3114,0.053,0.8168,0.9238,
2025-05-09,500635396,9700005700,467,8,9.74,93,10,3,4.4,0.0171,0.1991,0.0214,0.375,0.4517,
2025-05-09,500635396,9773660250,2691,6,11.48,192,30,4,7.96,0.0022,0.0713,0.0111,0.6667,0.6934,
2025-05-09,525368335,9811363528,14921,187,368.16,1954,736,111,267.52,0.0125,0.131,0.0493,0.5936,0.7266,
2025-05-10,495403620,9628223555,18575,1167,2063.92,3560,1558,974,1794.02,0.0628,0.1917,0.0839,0.8346,0.8692,
2025-05-10,495817671,9630806627,49369,1522,2989.38,12440,2233,1232,2572.62,0.0308,0.252,0.0452,0.8095,0.8606,
2025-05-10,500635396,9657930100,33290,1007,2549.85,9582,2390,750,2242.51,0.0302,0.2878,0.0718,0.7448,0.8795,
2025-05-10,500635396,9700005700,326,28,38.0,115,27,20,35.62,0.0859,0.3528,0.0828,0.7143,0.9374,
2025-05-10,500635396,9773660250,6514,42,85.03,559,60,25,61.27,0.0064,0.0858,0.0092,0.5952,0.7206,
2025-05-10,525368335,9811363528,7499,98,175.93,776,342,50,119.71,0.0131,0.1035,0.0456,0.5102,0.6804,
2025-05-11,495403620,9628223555,24008,1767,3140.26,3645,2275,1447,2707.56,0.0736,0.1518,0.0948,0.8189,0.8622,
2025-05-11,495817671,9630806627,60045,931,1435.37,9712,2007,697,1183.39,0.0155,0.1617,0.0334,0.7487,0.8244,
2025-05-11,500635396,9657930100,14637,602,1056.03,3752,1354,458,882.79,0.0411,0.2563,0.0925,0.7608,0.836,
2025-05-11,500635396,9700005700,352,5,2.08,91,11,0,0.0,0.0142,0.2585,0.0312,0.0,0.0,
2025-05-11,500635396,9773660250,3870,45,80.93,1010,82,29,55.06,0.0116,0.261,0.0212,0.6444,0.6803,
2025-05-11,525368335,9811363528,11171,66,73.25,362,180,32,39.71,0.0059,0.0324,0.0161,0.4848,0.5421,
2025-05-12,495403620,9628223555,11313,647,1141.8,1648,885,491,912.65,0.0572,0.1457,0.0782,0.7589,0.7993,
2025-05-12,495817671,9630806627,31276,583,800.37,4203,1025,368,569.71,0.0186,0.1344,0.0328,0.6312,0.7118,
2025-05-12,500635396,9657930100,2977,268,332.49,1257,623,205,272.93,0.09,0.4222,0.2093,0.7649,0.8209,
2025-05-12,500635396,9700005700,172,0,0.0,11,1,0,0.0,0.0,0.064,0.0058,,,
2025-05-12,500635396,9773660250,2629,63,108.47,425,105,22,37.75,0.024,0.1617,0.0399,0.3492,0.348,
2025-05-12,525368335,9811363528,5635,56,52.43,223,92,15,18.64,0.0099,0.0396,0.0163,0.2679,0.3555,
2025-05-13,495403620,9628223555,19238,1809,3726.61,4116,2383,1560,3341.29,0.094,0.214,0.1239,0.8624,0.8966,
2025-05-13,495817671,9630806627,61052,1187,2256.29,15363,1988,949,1995.56,0.0194,0.2516,0.0326,0.7995,0.8844,
2025-05-13,500635396,9657930100,19340,1262,1795.07,5158,1551,584,998.75,0.0653,0.2667,0.0802,0.4628,0.5564,
2025-05-13,500635396,9700005700,284,1,2.69,8,2,1,2.69,0.0035,0.0282,0.007,1.0,1.0,
2025-05-13,500635396,9773660250,7080,202,396.71,1630,333,147,306.64,0.0285,0.2302,0.047,0.7277,0.773,
2025-05-13,525368335,9811363528,6589,76,74.67,443,140,54,53.32,0.0115,0.0672,0.0212,0.7105,0.7141,
2025-05-14,495403620,8878077181,1132,579,529.51,830,595,541,483.05,0.5115,0.7332,0.5256,0.9344,0.9123,
2025-05-14,495403620,9628223555,43052,654,1099.15,7819,1053,489,881.26,0.0152,0.1816,0.0245,0.7477,0.8018,
2025-05-14,495817671,9630806627,17360,466,749.12,3058,813,297,522.55,0.0268,0.1762,0.0468,0.6373,0.6976,
2025-05-14,500635396,9657930100,41213,1259,2702.84,14028,2711,958,2326.06,0.0305,0.3404,0.0658,0.7609,0.8606,
2025-05-14,500635396,9700005700,362,0,0.0,8,1,0,0.0,0.0,0.0221,0.0028,,,
2025-05-14,500635396,9773660250,3158,54,103.99,648,91,38,78.98,0.0171,0.2052,0.0288,0.7037,0.7595,
2025-05-14,525368335,9811363528,5173,66,88.35,650,153,41,61.52,0.0128,0.1257,0.0296,0.6212,0.6963,
2025-05-15,495403620,8878077181,72,39,29.06,67,58,39,29.06,0.5417,0.9306,0.8056,1.0,1.0,
2025-05-15,495403620,9628223555,28637,353,679.75,4015,910,197,438.82,0.0123,0.1402,0.0318,0.5581,0.6456,
2025-05-15,495817671,9630806627,34015,709,1405.77,8381,1412,442,1011.0,0.0208,0.2464,0.0415,0.6234,0.7192,
2025-05-15,500635396,9657930100,31190,1092,2454.43,11589,2100,800,1979.87,0.035,0.3716,0.0673,0.7326,0.8067,
2025-05-15,500635396,9700005700,414,3,5.8,10,1,1,2.18,0.0072,0.0242,0.0024,0.3333,0.3759,
2025-05-15,500635396,9773660250,11648,187,334.93,2251,251,134,265.75,0.0161,0.1933,0.0215,0.7166,0.7934,
2025-05-15,525368335,9811363528,4074,70,94.87,433,159,37,60.15,0.0172,0.1063,0.039,0.5286,0.634,
2025-05-16,495403620,8878077181,2497,1246,970.93,1588,1510,1149,866.74,0.499,0.636,0.6047,0.9222,0.8927,
2025-05-16,495403620,9628223555,17572,294,664.7,2701,708,168,424.73,0.0167,0.1537,0.0403,0.5714,0.639,
2025-05-16,495817671,9630806627,50609,811,1821.01,10574,2180,602,1510.77,0.016,0.2089,0.0431,0.7423,0.8296,
2025-05-16,500635396,9657930100,31618,1055,2406.8,12455,2380,750,1901.45,0.0334,0.3939,0.0753,0.7109,0.79,
2025-05-16,500635396,9700005700,313,1,0.66,7,0,0,0.0,0.0032,0.0224,0.0,0.0,0.0,
2025-05-16,500635396,9773660250,6096,145,291.53,2559,153,111,254.52,0.0238,0.4198,0.0251,0.7655,0.873,
2025-05-16,525368335,9811363528,10455,102,150.05,560,217,46,71.59,0.0098,0.0536,0.0208,0.451,0.4771,
2025-05-17,495403620,8878077181,2177,1178,859.33,1534,1471,1076,757.55,0.5411,0.7046,0.6757,0.9134,0.8816,
2025-05-17,495403620,9628223555,16370,241,523.92,2071,551,147,352.12,0.0147,0.1265,0.0337,0.61,0.6721,
2025-05-17,495817671,9630806627,42809,618,1243.09,5458,1774,424,968.51,0.0144,0.1275,0.0414,0.6861,0.7791,
2025-05-17,500635396,9657930100,37748,1021,2556.2,9851,2705,703,2106.33,0.027,0.261,0.0717,0.6885,0.824,
2025-05-17,500635396,9700005700,325,0,0.0,3,1,0,0.0,0.0,0.0092,0.0031,,,
2025-05-17,500635396,9773660250,2206,22,53.27,692,39,20,51.31,0.01,0.3137,0.0177,0.9091,0.9632,
2025-05-17,525368335,9811363528,21616,215,289.31,739,343,57,101.73,0.0099,0.0342,0.0159,0.2651,0.3516,
2025-05-18,495403620,8878077181,720,465,346.11,553,519,396,288.2,0.6458,0.7681,0.7208,0.8516,0.8327,
2025-05-18,495403620,9628223555,14030,173,308.96,1567,479,84,177.04,0.0123,0.1117,0.0341,0.4855,0.573,
2025-05-18,495817671,9630806627,37538,748,1265.58,5774,1860,424,945.04,0.0199,0.1538,0.0495,0.5668,0.7467,
2025-05-18,500635396,9657930100,6241,198,478.14,1963,456,110,346.72,0.0317,0.3145,0.0731,0.5556,0.7251,
2025-05-18,500635396,9700005700,115,0,0.0,0,0,0,0.0,0.0,0.0,0.0,,,
2025-05-18,500635396,9773660250,742,12,21.98,152,26,12,21.98,0.0162,0.2049,0.035,1.0,1.0,
2025-05-18,525368335,9811363528,20596,264,368.82,1125,575,77,153.98,0.0128,0.0546,0.0279,0.2917,0.4175,
2025-05-19,495403620,8878077181,813,515,412.36,650,615,440,342.36,0.6335,0.7995,0.7565,0.8544,0.8302,
2025-05-19,495403620,9628223555,11181,121,226.83,891,267,69,145.16,0.0108,0.0797,0.0239,0.5702,0.64,
2025-05-19,495817671,9630806627,29349,535,940.14,3741,1424,280,634.03,0.0182,0.1275,0.0485,0.5234,0.6744,
2025-05-19,500635396,9657930100,17923,510,1685.98,9509,1482,469,1635.47,0.0285,0.5305,0.0827,0.9196,0.97,
2025-05-19,500635396,9700005700,118,2,1.74,1,1,0,0.0,0.0169,0.0085,0.0085,0.0,0.0,
2025-05-19,500635396,9773660250,767,17,47.17,414,25,17,47.17,0.0222,0.5398,0.0326,1.0,1.0,
2025-05-19,525368335,9811363528,19044,306,508.93,1255,673,92,200.98,0.0161,0.0659,0.0353,0.3007,0.3949,
2025-05-20,495403620,8878077181,3169,1768,1408.74,2111,2050,1606,1230.73,0.5579,0.6661,0.6469,0.9084,0.8736,
2025-05-20,495403620,9628223555,16520,208,366.89,1817,403,142,264.91,0.0126,0.11,0.0244,0.6827,0.722,
2025-05-20,495817671,9630806627,31455,378,690.91,3573,898,238,479.31,0.012,0.1136,0.0285,0.6296,0.6937,
2025-05-20,500635396,9657930100,39001,1261,3076.2,12065,2606,828,2435.11,0.0323,0.3094,0.0668,0.6566,0.7916,
2025-05-20,500635396,9700005700,98,1,2.42,1,0,0,0.0,0.0102,0.0102,0.0,0.0,0.0,
2025-05-20,500635396,9773660250,586,5,12.99,205,14,3,10.07,0.0085,0.3498,0.0239,0.6,0.7752,
2025-05-20,525368335,9811363528,36586,761,1333.35,3569,1273,220,468.07,0.0208,0.0976,0.0348,0.2891,0.351,
2025-05-21,63563817,1841014603,1229,19,46.36,694,630,12,35.2,0.0155,0.5647,0.5126,0.6316,0.7593,
2025-05-21,63563817,2526158329,2,0,0.0,0,0,0,0.0,0.0,0.0,0.0,,,
2025-05-21,63563817,2874903000,28,3,2.29,4,1,0,0.0,0.1071,0.1429,0.0357,0.0,0.0,
2025-05-21,63563817,4190988309,551,12,24.49,65,23,3,9.35,0.0218,0.118,0.0417,0.25,0.3818,
2025-05-21,495403620,8878077181,2849,1617,1232.58,1977,1903,1482,1081.82,0.5676,0.6939,0.668,0.9165,0.8777,
2025-05-21,495403620,9628223555,12087,214,447.17,2039,463,152,329.65,0.0177,0.1687,0.0383,0.7103,0.7372,
2025-05-21,495817671,9630806627,30050,457,880.39,4755,1257,298,655.72,0.0152,0.1582,0.0418,0.6521,0.7448,
2025-05-21,500635396,9657930100,49029,1265,2507.55,17241,1849,895,1949.93,0.0258,0.3516,0.0377,0.7075,0.7776,
2025-05-21,525368335,9811363528,33515,463,745.85,2861,1209,232,438.28,0.0138,0.0854,0.0361,0.5011,0.5876,
2025-05-22,63563817,1841014603,848,15,41.82,439,324,7,23.24,0.0177,0.5177,0.3821,0.4667,0.5557,
2025-05-22,63563817,2526158329,6,1,6.21,6,3,1,6.21,0.1667,1.0,0.5,1.0,1.0,
2025-05-22,63563817,2874903000,180,1,4.74,35,12,1,4.74,0.0056,0.1944,0.0667,1.0,1.0,
2025-05-22,63563817,4190988309,1642,26,88.92,358,91,21,76.4,0.0158,0.218,0.0554,0.8077,0.8592,
2025-05-22,495403620,8878077181,2937,1645,1307.7,2011,1925,1480,1124.54,0.5601,0.6847,0.6554,0.8997,0.8599,
2025-05-22,495403620,9628223555,8678,149,244.96,1289,179,103,176.49,0.0172,0.1485,0.0206,0.6913,0.7205,
2025-05-22,495817671,9630806627,38013,400,611.29,2988,853,239,412.72,0.0105,0.0786,0.0224,0.5975,0.6752,
2025-05-22,500635396,9657930100,39449,1343,2034.86,7498,1647,654,1080.77,0.034,0.1901,0.0418,0.487,0.5311,
2025-05-22,525368335,9811363528,40057,605,950.93,3419,1198,290,522.86,0.0151,0.0854,0.0299,0.4793,0.5498,
2025-05-23,495403620,8878077181,2962,1759,1385.22,2018,1935,1609,1215.65,0.5939,0.6813,0.6533,0.9147,0.8776,
2025-05-23,495403620,9628223555,8370,143,173.01,1138,164,97,120.69,0.0171,0.136,0.0196,0.6783,0.6976,
2025-05-23,495817671,9630806627,41520,296,335.03,1841,576,155,209.36,0.0071,0.0443,0.0139,0.5236,0.6249,
2025-05-23,500635396,9657930100,22337,639,760.37,3669,1296,454,585.54,0.0286,0.1643,0.058,0.7105,0.7701,
2025-05-23,525368335,9811363528,31549,503,626.88,2581,1165,328,445.91,0.0159,0.0818,0.0369,0.6521,0.7113,
2025-05-24,495403620,8878077181,2824,1473,1063.66,1844,1812,1331,932.43,0.5216,0.653,0.6416,0.9036,0.8766,
2025-05-24,495403620,9628223555,6987,116,141.97,954,168,84,104.45,0.0166,0.1365,0.024,0.7241,0.7357,
2025-05-24,495817671,9630806627,21839,221,254.75,1712,484,127,167.52,0.0101,0.0784,0.0222,0.5747,0.6576,
2025-05-24,500635396,9657930100,38760,1087,1143.89,5119,1570,580,740.89,0.028,0.1321,0.0405,0.5336,0.6477,
2025-05-24,525368335,9811363528,30962,509,506.08,2115,680,168,210.88,0.0164,0.0683,0.022,0.3301,0.4167,
2025-05-25,495403620,8878077181,1183,584,449.31,785,760,527,391.27,0.4937,0.6636,0.6424,0.9024,0.8708,
2025-05-25,495403620,9628223555,5129,83,94.04,571,89,49,60.05,0.0162,0.1113,0.0174,0.5904,0.6386,
2025-05-25,495817671,9630806627,12171,108,114.92,710,206,57,73.15,0.0089,0.0583,0.0169,0.5278,0.6365,
2025-05-25,500635396,9657930100,12847,439,537.49,2756,776,285,378.5,0.0342,0.2145,0.0604,0.6492,0.7042,
2025-05-25,525368335,9811363528,23570,289,325.64,1800,569,108,144.07,0.0123,0.0764,0.0241,0.3737,0.4424,
2025-05-26,495403620,8878077181,911,552,451.17,651,604,491,384.86,0.6059,0.7146,0.663,0.8895,0.853,
2025-05-26,495403620,9628223555,5267,77,94.55,620,135,46,57.35,0.0146,0.1177,0.0256,0.5974,0.6066,
2025-05-26,495817671,9630806627,13471,124,138.14,763,245,65,85.0,0.0092,0.0566,0.0182,0.5242,0.6153,
2025-05-26,500635396,9657930100,16532,549,601.45,2744,795,272,363.97,0.0332,0.166,0.0481,0.4954,0.6052,
2025-05-26,525368335,9811363528,22178,406,423.99,1852,623,126,163.63,0.0183,0.0835,0.0281,0.3103,0.3859,
2025-05-27,495403620,8878077181,3373,1741,1382.45,2177,2103,1585,1203.55,0.5162,0.6454,0.6235,0.9104,0.8706,
2025-05-27,495403620,9628223555,10353,178,241.67,1748,339,135,189.37,0.0172,0.1688,0.0327,0.7584,0.7836,
2025-05-27,495817671,9630806627,43537,341,458.45,2654,826,224,361.07,0.0078,0.061,0.019,0.6569,0.7876,
2025-05-27,500635396,9657930100,26834,1016,1256.69,6310,1504,592,820.8,0.0379,0.2351,0.056,0.5827,0.6531,
2025-05-27,525368335,9811363528,28370,430,493.66,2697,851,180,238.21,0.0152,0.0951,0.03,0.4186,0.4825,
2025-05-28,495403620,8878077181,3167,1641,1234.87,2012,1891,1515,1112.01,0.5182,0.6353,0.5971,0.9232,0.9005,
2025-05-28,495403620,9628223555,11595,225,349.37,1825,402,144,235.62,0.0194,0.1574,0.0347,0.64,0.6744,
2025-05-28,495817671,9630806627,40687,203,240.5,1398,327,102,150.06,0.005,0.0344,0.008,0.5025,0.624,
2025-05-28,500635396,9657930100,26066,1155,1440.61,7316,1621,604,867.32,0.0443,0.2807,0.0622,0.5229,0.6021,
2025-05-28,525368335,9811363528,27358,485,544.42,2041,708,175,237.3,0.0177,0.0746,0.0259,0.3608,0.4359,
2025-05-29,495403620,8878077181,3183,1752,1369.5,2120,2020,1604,1219.64,0.5504,0.666,0.6346,0.9155,0.8906,
2025-05-29,495403620,9628223555,12382,240,400.19,2074,426,175,298.03,0.0194,0.1675,0.0344,0.7292,0.7447,
2025-05-29,495817671,9630806627,36365,228,334.44,1652,463,134,241.6,0.0063,0.0454,0.0127,0.5877,0.7224,
2025-05-29,500635396,9657930100,31866,919,1330.17,9113,1449,631,996.45,0.0288,0.286,0.0455,0.6866,0.7491,
2025-05-29,525368335,9811363528,26543,408,524.74,1840,740,193,277.67,0.0154,0.0693,0.0279,0.473,0.5292,
2025-05-30,495403620,8878077181,2787,1438,1144.86,1844,1763,1316,1019.43,0.516,0.6616,0.6326,0.9152,0.8904,
2025-05-30,495403620,9628223555,12479,216,400.24,2580,465,175,332.42,0.0173,0.2067,0.0373,0.8102,0.8306,
2025-05-30,495817671,9630806627,46143,354,621.34,3366,1049,254,522.61,0.0077,0.0729,0.0227,0.7175,0.8411,
2025-05-30,500635396,9657930100,11569,531,805.15,5741,913,364,596.98,0.0459,0.4962,0.0789,0.6855,0.7415,
2025-05-30,525368335,9811363528,33328,464,691.05,2723,1003,230,376.81,0.0139,0.0817,0.0301,0.4957,0.5453,
2025-05-31,495403620,9628223555,5445,92,126.98,817,210,48,79.5,0.0169,0.15,0.0386,0.5217,0.6261,
2025-05-31,495817671,9630806627,6268,158,254.44,816,316,73,128.55,0.0252,0.1302,0.0504,0.462,0.5052,
2025-05-31,500635396,9657930100,12062,436,1480.47,6464,907,330,1368.79,0.0361,0.5359,0.0752,0.7569,0.9246,
2025-06-01,495403620,9628223555,5597,87,128.01,723,195,52,90.82,0.0155,0.1292,0.0348,0.5977,0.7095,
2025-06-01,495817671,9630806627,5887,159,269.59,887,428,93,165.98,0.027,0.1507,0.0727,0.5849,0.6157,
2025-06-01,500635396,9657930100,10922,356,1214.69,5484,710,287,1174.41,0.0326,0.5021,0.065,0.8062,0.9668,
2025-06-02,495403620,9628223555,7248,86,125.4,652,137,40,71.41,0.0119,0.09,0.0189,0.4651,0.5695,
2025-06-02,495817671,9630806627,6081,157,268.35,856,369,90,160.75,0.0258,0.1408,0.0607,0.5732,0.599,
2025-06-02,500635396,9657930100,12292,375,1260.39,6198,834,294,1184.65,0.0305,0.5042,0.0678,0.784,0.9399,
2025-06-03,495403620,8878077181,1084,577,463.49,712,695,535,418.79,0.5323,0.6568,0.6411,0.9272,0.9036,
2025-06-03,495403620,9628223555,3903,69,107.18,796,150,47,77.91,0.0177,0.2039,0.0384,0.6812,0.7269,
2025-06-03,495817671,9630806627,18634,94,150.43,614,195,54,102.89,0.005,0.033,0.0105,0.5745,0.684,
2025-06-03,500635396,9657930100,42359,1178,2090.28,12830,2331,978,1944.48,0.0278,0.3029,0.055,0.8302,0.9302,
2025-06-03,525368335,9811363528,14566,151,209.17,1059,465,78,124.52,0.0104,0.0727,0.0319,0.5166,0.5953,
2025-06-04,500635396,9657930100,37063,1862,5797.0,21736,4798,1707,5660.53,0.0502,0.5865,0.1295,0.9168,0.9765,
2025-06-05,500635396,9657930100,63453,1925,5747.82,27984,3925,1575,5409.59,0.0303,0.441,0.0619,0.8182,0.9412,
2025-06-06,500635396,9657930100,47112,1746,6251.33,26300,4892,1476,6122.08,0.0371,0.5582,0.1038,0.8454,0.9793,
2025-06-07,495403620,9628223555,3308,54,85.75,347,85,39,67.26,0.0163,0.1049,0.0257,0.7222,0.7844,
2025-06-07,495817671,9630806627,4394,102,160.46,419,198,63,105.91,0.0232,0.0954,0.0451,0.6176,0.66,
2025-06-07,500635396,9657930100,40380,1126,3767.86,19210,1983,904,3610.62,0.0279,0.4757,0.0491,0.8028,0.9583,
2025-06-08,495403620,8878077181,2887,1456,1215.76,1782,1723,1362,1109.61,0.5043,0.6172,0.5968,0.9354,0.9127,
2025-06-08,495403620,9628223555,6676,130,189.22,1283,177,99,151.2,0.0195,0.1922,0.0265,0.7615,0.7991,
2025-06-08,495817671,9630806627,36230,147,180.15,883,315,80,132.86,0.0041,0.0244,0.0087,0.5442,0.7375,
2025-06-08,500635396,9657930100,10702,466,667.99,3584,1048,362,552.36,0.0435,0.3349,0.0979,0.7768,0.8269,
2025-06-08,525368335,9811363528,30528,540,753.98,2551,1053,248,396.48,0.0177,0.0836,0.0345,0.4593,0.5258,
2025-06-09,495403620,8878077181,940,472,435.5,592,563,416,375.58,0.5021,0.6298,0.5989,0.8814,0.8624,
2025-06-09,495403620,9628223555,4707,77,116.36,663,111,50,79.43,0.0164,0.1409,0.0236,0.6494,0.6826,
2025-06-09,495817671,9630806627,14430,94,117.42,486,160,46,74.52,0.0065,0.0337,0.0111,0.4894,0.6346,
2025-06-09,500635396,9657930100,4876,285,427.79,1651,625,230,360.78,0.0584,0.3386,0.1282,0.807,0.8434,
2025-06-09,525368335,9811363528,23397,403,575.42,2195,900,185,307.26,0.0172,0.0938,0.0385,0.4591,0.534,
2025-06-10,495403620,8878077181,946,483,427.86,586,542,437,383.75,0.5106,0.6195,0.5729,0.9048,0.8969,
2025-06-10,495403620,9628223555,5060,93,134.58,765,148,64,100.05,0.0184,0.1512,0.0292,0.6882,0.7434,
2025-06-10,495817671,9630806627,17291,88,104.4,545,214,43,68.38,0.0051,0.0315,0.0124,0.4886,0.655,
2025-06-10,500635396,9657930100,5788,289,447.43,1758,593,238,377.98,0.0499,0.3037,0.1025,0.8235,0.8448,
2025-06-10,525368335,9811363528,27077,461,668.08,2442,1142,213,362.14,0.017,0.0902,0.0422,0.462,0.5421,
2025-06-11,495403620,9628223555,12968,250,383.86,2207,456,173,288.54,0.0193,0.1702,0.0352,0.692,0.7517,
2025-06-11,495817671,9630806627,25071,332,543.65,2218,774,219,392.13,0.0132,0.0885,0.0309,0.6596,0.7213,
2025-06-11,500635396,9657930100,37230,1461,4968.43,20675,3325,1316,4859.75,0.0392,0.5553,0.0893,0.9008,0.9781,
2025-06-12,495403620,9628223555,9513,188,294.69,2200,371,164,271.24,0.0198,0.2313,0.039,0.8723,0.9204,
2025-06-12,495817671,9630806627,20432,158,273.52,2204,590,133,242.87,0.0077,0.1079,0.0289,0.8418,0.8879,
2025-06-12,500635396,9657930100,34686,1106,2965.13,18055,2260,1090,2951.06,0.0319,0.5205,0.0652,0.9855,0.9953,
2025-06-13,495403620,9628223555,9393,186,300.15,2653,397,172,285.29,0.0198,0.2824,0.0423,0.9247,0.9505,
2025-06-13,495817671,9630806627,41881,423,629.88,3134,1377,371,591.36,0.0101,0.0748,0.0329,0.8771,0.9388,
2025-06-13,500635396,9657930100,11834,574,1161.25,7274,1386,572,1160.07,0.0485,0.6147,0.1171,0.9965,0.999,
2025-06-13,500635396,9700005700,17,0,0.0,0,0,0,0.0,0.0,0.0,0.0,,,
2025-06-13,500635396,9773660250,101,2,3.48,24,2,1,1.52,0.0198,0.2376,0.0198,0.5,0.4368,
2025-06-13,525368335,9811363528,2127,6,5.56,37,16,3,3.81,0.0028,0.0174,0.0075,0.5,0.6853,
2025-06-14,495403620,9628223555,8024,186,311.77,2439,446,173,295.37,0.0232,0.304,0.0556,0.9301,0.9474,
2025-06-14,495817671,9630806627,45205,561,819.37,3698,1692,496,778.02,0.0124,0.0818,0.0374,0.8841,0.9495,
2025-06-14,500635396,9657930100,8413,427,728.1,6251,1179,426,727.95,0.0508,0.743,0.1401,0.9977,0.9998,
2025-06-14,500635396,9700005700,201,0,0.0,0,0,0,0.0,0.0,0.0,0.0,,,
2025-06-14,500635396,9773660250,1400,17,30.19,217,28,16,28.57,0.0121,0.155,0.02,0.9412,0.9463,
2025-06-14,525368335,9811363528,20108,30,29.7,318,158,23,24.78,0.0015,0.0158,0.0079,0.7667,0.8343,
2025-06-15,495403620,9628223555,6461,110,188.22,1247,320,102,178.93,0.017,0.193,0.0495,0.9273,0.9506,
2025-06-15,495817671,9630806627,22733,248,378.39,1731,910,219,353.45,0.0109,0.0761,0.04,0.8831,0.9341,
2025-06-15,500635396,9657930100,3167,193,329.76,2146,603,193,329.76,0.0609,0.6776,0.1904,1.0,1.0,
2025-06-15,500635396,9700005700,134,0,0.0,1,1,0,0.0,0.0,0.0075,0.0075,,,
2025-06-15,500635396,9773660250,853,11,17.8,233,38,11,17.8,0.0129,0.2732,0.0445,1.0,1.0,
2025-06-15,525368335,9811363528,14957,36,33.44,221,123,18,20.8,0.0024,0.0148,0.0082,0.5,0.622,
2025-06-16,495403620,9628223555,8882,88,147.58,1282,328,82,141.41,0.0099,0.1443,0.0369,0.9318,0.9582,
2025-06-16,495817671,9630806627,26106,262,411.03,1966,1057,223,378.4,0.01,0.0753,0.0405,0.8511,0.9206,
2025-06-16,500635396,9657930100,3554,158,268.91,2626,405,156,266.93,0.0445,0.7389,0.114,0.9873,0.9926,
2025-06-16,500635396,9700005700,106,0,0.0,0,0,0,0.0,0.0,0.0,0.0,,,
2025-06-16,500635396,9773660250,864,16,29.38,215,35,16,29.38,0.0185,0.2488,0.0405,1.0,1.0,
2025-06-16,525368335,9811363528,14872,18,17.69,232,113,8,10.86,0.0012,0.0156,0.0076,0.4444,0.6139,
2025-06-17,495403620,9628223555,9201,249,410.93,2697,578,226,384.51,0.0271,0.2931,0.0628,0.9076,0.9357,
2025-06-17,495817671,9630806627,46955,520,821.25,3697,1573,451,763.57,0.0111,0.0787,0.0335,0.8673,0.9298,
2025-06-17,500635396,9657930100,18826,788,1534.38,13873,1740,783,1530.74,0.0419,0.7369,0.0924,0.9937,0.9976,
2025-06-17,500635396,9700005700,216,0,0.0,0,0,0,0.0,0.0,0.0,0.0,,,
2025-06-17,500635396,9773660250,2744,30,48.59,434,41,29,48.33,0.0109,0.1582,0.0149,0.9667,0.9946,
2025-06-17,525368335,9811363528,17499,43,42.8,402,199,24,29.75,0.0025,0.023,0.0114,0.5581,0.6951,
2025-06-18,495403620,9628223555,8966,197,328.61,2615,447,184,313.22,0.022,0.2917,0.0499,0.934,0.9532,
2025-06-18,495817671,9630806627,40044,319,481.9,2771,1018,249,422.92,0.008,0.0692,0.0254,0.7806,0.8776,
2025-06-18,500635396,9657930100,24014,1099,2395.26,18406,2667,1097,2394.49,0.0458,0.7665,0.1111,0.9982,0.9997,
2025-06-18,500635396,9700005700,99,0,0.0,0,0,0,0.0,0.0,0.0,0.0,,,
2025-06-18,500635396,9773660250,1473,11,19.46,322,13,11,19.46,0.0075,0.2186,0.0088,1.0,1.0,
2025-06-18,525368335,9811363528,16065,50,50.88,430,234,35,39.0,0.0031,0.0268,0.0146,0.7,0.7665,
2025-06-19,495403620,9628223555,7610,168,248.08,2081,318,148,227.74,0.0221,0.2735,0.0418,0.881,0.918,
2025-06-19,495817671,9630806627,49718,352,537.87,2916,1087,279,482.88,0.0071,0.0587,0.0219,0.7926,0.8978,
2025-06-19,500635396,9657930100,13807,766,1452.18,10110,2042,763,1450.01,0.0555,0.7322,0.1479,0.9961,0.9985,
2025-06-19,525368335,9811363528,3202,11,12.11,101,49,9,10.65,0.0034,0.0315,0.0153,0.8182,0.8794,
2025-06-20,495403620,9628223555,5507,130,197.71,1342,219,119,188.08,0.0236,0.2437,0.0398,0.9154,0.9513,
2025-06-20,495817671,9630806627,26740,166,264.46,1840,539,130,231.97,0.0062,0.0688,0.0202,0.7831,0.8771,
2025-06-20,500635396,9657930100,38098,1302,3234.98,24120,3978,1284,3212.16,0.0342,0.6331,0.1044,0.9862,0.9929,
2025-06-21,495403620,9628223555,4790,122,180.61,1228,194,113,173.84,0.0255,0.2564,0.0405,0.9262,0.9625,
2025-06-21,495817671,9630806627,22337,152,232.57,1435,516,123,212.0,0.0068,0.0642,0.0231,0.8092,0.9116,
2025-06-21,500635396,9657930100,37154,1260,3282.66,20984,3818,1238,3260.27,0.0339,0.5648,0.1028,0.9825,0.9932,
2025-06-22,495403620,9628223555,3926,87,147.23,976,263,82,143.19,0.0222,0.2486,0.067,0.9425,0.9726,
2025-06-22,495817671,9630806627,19482,200,312.71,1524,786,169,293.05,0.0103,0.0782,0.0403,0.845,0.9371,
2025-06-22,500635396,9657930100,4666,200,341.91,2271,853,197,340.03,0.0429,0.4867,0.1828,0.985,0.9945,
2025-06-23,495403620,9628223555,4051,63,103.31,1063,233,59,98.52,0.0156,0.2624,0.0575,0.9365,0.9536,
2025-06-23,495817671,9630806627,19106,205,322.09,1454,799,174,306.12,0.0107,0.0761,0.0418,0.8488,0.9504,
2025-06-23,500635396,9657930100,4374,179,305.59,2061,819,173,301.07,0.0409,0.4712,0.1872,0.9665,0.9852,
2025-06-24,495403620,9628223555,4966,144,202.41,1393,228,129,183.27,0.029,0.2805,0.0459,0.8958,0.9054,
2025-06-24,495817671,9630806627,36646,225,310.6,2547,760,158,264.0,0.0061,0.0695,0.0207,0.7022,0.85,
2025-06-24,500635396,9657930100,35208,1300,2782.18,16703,4148,1280,2767.14,0.0369,0.4744,0.1178,0.9846,0.9946,
2025-06-25,495403620,9628223555,1609,51,46.53,394,50,50,46.06,0.0317,0.2449,0.0311,0.9804,0.9899,
2025-06-25,495817671,9630806627,14483,81,102.69,1032,166,51,83.78,0.0056,0.0713,0.0115,0.6296,0.8159,
2025-06-25,500635396,9657930100,41465,892,1052.64,9037,2735,844,1032.64,0.0215,0.2179,0.066,0.9462,0.981,
2025-06-26,500635396,9657930100,54791,967,984.11,8745,2794,903,954.53,0.0176,0.1596,0.051,0.9338,0.9699,
2025-06-27,500635396,9657930100,52928,1010,1174.87,12038,2812,931,1141.75,0.0191,0.2274,0.0531,0.9218,0.9718,
2025-06-28,500635396,9657930100,47117,932,1110.67,11372,2628,852,1075.2,0.0198,0.2414,0.0558,0.9142,0.9681,
2025-06-29,500635396,9657930100,6439,149,174.93,1716,448,140,170.34,0.0231,0.2665,0.0696,0.9396,0.9738,
2025-06-30,495817671,9630806627,13270,164,146.97,1265,256,56,54.03,0.0124,0.0953,0.0193,0.3415,0.3676,
2025-06-30,500635396,9657930100,13812,197,172.61,1300,276,57,56.35,0.0143,0.0941,0.02,0.2893,0.3265,
2025-07-01,495403620,9628223555,2432,38,32.59,431,81,30,26.87,0.0156,0.1772,0.0333,0.7895,0.8245,
2025-07-01,495817671,9630806627,22511,174,241.47,1891,356,124,209.09,0.0077,0.084,0.0158,0.7126,0.8659,
2025-07-01,500635396,9657930100,27628,899,1070.99,13122,2406,867,1060.88,0.0325,0.475,0.0871,0.9644,0.9906,
2025-07-02,495403620,9628223555,2842,55,47.51,477,95,45,39.58,0.0194,0.1678,0.0334,0.8182,0.8331,
2025-07-02,495817671,9630806627,27495,216,305.13,2338,456,156,261.81,0.0079,0.085,0.0166,0.7222,0.858,
2025-07-02,500635396,9657930100,30950,1022,1185.43,14067,2762,984,1168.7,0.033,0.4545,0.0892,0.9628,0.9859,
2025-07-03,495403620,9628223555,2681,49,41.23,388,92,34,31.07,0.0183,0.1447,0.0343,0.6939,0.7536,
2025-07-03,495817671,9630806627,16367,170,265.88,2313,332,125,213.0,0.0104,0.1413,0.0203,0.7353,0.8011,
2025-07-03,500635396,9657930100,40092,1097,1494.74,19783,2585,1062,1479.96,0.0274,0.4934,0.0645,0.9681,0.9901,
2025-07-04,63563817,1841014603,11,0,0.0,1,0,0,0.0,0.0,0.0909,0.0,,,
2025-07-04,63563817,2526158329,2,0,0.0,0,0,0,0.0,0.0,0.0,0.0,,,
2025-07-04,63563817,2874903000,16,1,1.76,1,0,0,0.0,0.0625,0.0625,0.0,0.0,0.0,
2025-07-04,63563817,4190988309,370,2,0.96,48,3,1,0.48,0.0054,0.1297,0.0081,0.5,0.5,
2025-07-04,495403620,9628223555,2694,30,25.68,418,91,24,21.67,0.0111,0.1552,0.0338,0.8,0.8438,
2025-07-04,495817671,9630806627,18773,221,356.23,2458,442,180,307.39,0.0118,0.1309,0.0235,0.8145,0.8629,
2025-07-04,500635396,9657930100,36514,1008,1418.66,15400,2698,960,1405.52,0.0276,0.4218,0.0739,0.9524,0.9907,
2025-07-05,63563817,1841014603,52,0,0.0,7,0,0,0.0,0.0,0.1346,0.0,,,
2025-07-05,63563817,2526158329,1,0,0.0,1,0,0,0.0,0.0,1.0,0.0,,,
2025-07-05,63563817,2874903000,39,0,0.0,7,1,0,0.0,0.0,0.1795,0.0256,,,
2025-07-05,63563817,4190988309,965,7,9.46,104,2,6,8.64,0.0073,0.1078,0.0021,0.8571,0.9133,
2025-07-05,495403620,9628223555,2315,33,29.73,335,77,30,27.52,0.0143,0.1447,0.0333,0.9091,0.9257,
2025-07-05,495817671,9630806627,12741,186,289.32,2194,381,158,258.99,0.0146,0.1722,0.0299,0.8495,0.8952,
2025-07-05,500635396,9657930100,37968,1021,1485.66,18332,2579,987,1471.23,0.0269,0.4828,0.0679,0.9667,0.9903,
2025-07-06,63563817,1841014603,27,1,3.25,4,0,1,3.25,0.037,0.1481,0.0,1.0,1.0,
2025-07-06,63563817,2526158329,4,0,0.0,0,0,0,0.0,0.0,0.0,0.0,,,
2025-07-06,63563817,2874903000,40,3,3.31,10,0,3,3.31,0.075,0.25,0.0,1.0,1.0,
2025-07-06,63563817,4190988309,624,4,2.92,55,2,1,0.48,0.0064,0.0881,0.0032,0.25,0.1644,
2025-07-06,495403620,9628223555,1644,16,12.18,162,35,15,11.65,0.0097,0.0985,0.0213,0.9375,0.9565,
2025-07-06,495817671,9630806627,8032,126,202.33,1221,377,105,185.98,0.0157,0.152,0.0469,0.8333,0.9192,
2025-07-06,500635396,9657930100,12905,405,550.65,5471,1113,393,547.37,0.0314,0.4239,0.0862,0.9704,0.994,
2025-07-07,63563817,1841014603,14,0,0.0,0,0,0,0.0,0.0,0.0,0.0,,,
2025-07-07,63563817,2874903000,19,1,1.13,3,1,1,1.13,0.0526,0.1579,0.0526,1.0,1.0,
2025-07-07,63563817,4190988309,492,6,7.74,70,1,6,7.74,0.0122,0.1423,0.002,1.0,1.0,
2025-07-07,495403620,9628223555,1637,16,13.12,154,40,11,9.63,0.0098,0.0941,0.0244,0.6875,0.734,
2025-07-07,495817671,9630806627,7454,100,158.36,1136,356,81,140.8,0.0134,0.1524,0.0478,0.81,0.8891,
2025-07-07,500635396,9657930100,12578,332,443.97,5421,1132,313,436.05,0.0264,0.431,0.09,0.9428,0.9822,
2025-07-08,63563817,1841014603,189,4,5.37,21,3,4,5.37,0.0212,0.1111,0.0159,1.0,1.0,
2025-07-08,63563817,2526158329,3,0,0.0,0,0,0,0.0,0.0,0.0,0.0,,,
2025-07-08,63563817,2874903000,102,3,4.04,16,3,1,1.0,0.0294,0.1569,0.0294,0.3333,0.2475,
2025-07-08,63563817,4190988309,1334,5,9.78,155,3,4,7.15,0.0037,0.1162,0.0022,0.8,0.7311,
2025-07-08,63563817,4190988310,4,0,0.0,2,0,0,0.0,0.0,0.5,0.0,,,
2025-07-08,495403620,9628223555,2928,35,31.68,350,72,27,25.03,0.012,0.1195,0.0246,0.7714,0.7901,
2025-07-08,495817671,9630806627,23957,227,333.7,2655,447,163,275.03,0.0095,0.1108,0.0187,0.7181,0.8242,
2025-07-08,500635396,9657930100,33306,913,1210.44,11316,2429,867,1193.02,0.0274,0.3398,0.0729,0.9496,0.9856,
2025-07-09,63563817,1841014603,183,2,2.92,18,2,1,1.73,0.0109,0.0984,0.0109,0.5,0.5925,
2025-07-09,63563817,2526158329,5,1,1.9,0,0,0,0.0,0.2,0.0,0.0,0.0,0.0,
2025-07-09,63563817,2874903000,215,6,3.94,30,4,1,1.69,0.0279,0.1395,0.0186,0.1667,0.4289,
2025-07-09,63563817,4190988309,1049,8,10.44,146,7,5,6.7,0.0076,0.1392,0.0067,0.625,0.6418,
2025-07-09,63563817,4190988310,5,0,0.0,0,0,0,0.0,0.0,0.0,0.0,,,
2025-07-09,495403620,9628223555,3088,33,26.3,337,70,25,20.73,0.0107,0.1091,0.0227,0.7576,0.7882,
2025-07-09,495817671,9630806627,14152,197,326.53,2385,454,163,286.08,0.0139,0.1685,0.0321,0.8274,0.8761,
2025-07-09,500635396,9657930100,40329,1044,1467.37,17510,2823,993,1448.93,0.0259,0.4342,0.07,0.9511,0.9874,
2025-07-10,63563817,1841014603,251,5,10.04,10,0,2,5.64,0.0199,0.0398,0.0,0.4,0.5618,
2025-07-10,63563817,2526158329,1,0,0.0,0,0,0,0.0,0.0,0.0,0.0,,,
2025-07-10,63563817,2874903000,254,1,1.19,38,13,1,1.19,0.0039,0.1496,0.0512,1.0,1.0,
2025-07-10,63563817,4190988309,1097,8,12.3,125,2,7,11.22,0.0073,0.1139,0.0018,0.875,0.9122,
2025-07-10,63563817,4190988310,40,1,0.77,6,0,1,0.77,0.025,0.15,0.0,1.0,1.0,
2025-07-10,495403620,9628223555,2819,41,34.39,334,85,30,27.56,0.0145,0.1185,0.0302,0.7317,0.8014,
2025-07-10,495817671,9630806627,16907,178,269.92,2333,455,136,225.56,0.0105,0.138,0.0269,0.764,0.8357,
2025-07-10,500635396,9657930100,35088,899,1201.84,11479,2560,849,1183.87,0.0256,0.3271,0.073,0.9444,0.985,
2025-07-11,63563817,1841014603,225,8,15.27,26,0,5,8.97,0.0356,0.1156,0.0,0.625,0.5874,
2025-07-11,63563817,2526158329,4,0,0.0,2,0,0,0.0,0.0,0.5,0.0,,,
2025-07-11,63563817,2874903000,270,10,15.7,65,23,8,13.05,0.037,0.2407,0.0852,0.8,0.8312,
2025-07-11,63563817,4190988309,1215,13,28.44,201,11,10,24.0,0.0107,0.1654,0.0091,0.7692,0.8439,
2025-07-11,63563817,4190988310,65,4,6.08,11,2,0,0.0,0.0615,0.1692,0.0308,0.0,0.0,
2025-07-11,495403620,9628223555,3111,43,55.13,631,120,37,50.19,0.0138,0.2028,0.0386,0.8605,0.9104,
2025-07-11,495817671,9630806627,25889,211,323.4,2472,511,165,284.98,0.0082,0.0955,0.0197,0.782,0.8812,
2025-07-11,500635396,9657930100,24645,862,1327.16,12272,2557,836,1315.03,0.035,0.498,0.1038,0.9698,0.9909,
2025-07-11,525368335,9811363528,11423,30,29.85,416,160,19,22.63,0.0026,0.0364,0.014,0.6333,0.7581,
2025-07-12,63563817,1841014603,1279,34,46.97,156,107,32,43.86,0.0266,0.122,0.0837,0.9412,0.9338,
2025-07-12,63563817,2526158329,29,0,0.0,4,0,0,0.0,0.0,0.1379,0.0,,,
2025-07-12,63563817,2874903000,402,14,19.05,91,21,10,14.11,0.0348,0.2264,0.0522,0.7143,0.7407,
2025-07-12,63563817,4190988309,1476,10,18.12,187,16,6,13.03,0.0068,0.1267,0.0108,0.6,0.7191,
2025-07-12,63563817,4190988310,305,3,6.27,36,4,3,6.27,0.0098,0.118,0.0131,1.0,1.0,
2025-07-12,495403620,8878077181,365,219,159.08,361,335,219,159.08,0.6,0.989,0.9178,1.0,1.0,
2025-07-12,495403620,9628223555,2970,50,71.42,523,100,47,69.49,0.0168,0.1761,0.0337,0.94,0.973,
2025-07-12,495817671,9630806627,23806,186,294.33,2038,364,147,262.84,0.0078,0.0856,0.0153,0.7903,0.893,
2025-07-12,500635396,9657930100,21992,825,1343.13,11816,2411,806,1333.86,0.0375,0.5373,0.1096,0.977,0.9931,
2025-07-12,525368335,9811363528,12523,31,33.18,447,198,19,24.68,0.0025,0.0357,0.0158,0.6129,0.7438,
2025-07-13,63563817,1841014603,193,8,13.13,41,11,6,8.95,0.0415,0.2124,0.057,0.75,0.6816,
2025-07-13,63563817,2526158329,4,0,0.0,1,0,0,0.0,0.0,0.25,0.0,,,
2025-07-13,63563817,2874903000,140,3,4.35,41,6,2,3.66,0.0214,0.2929,0.0429,0.6667,0.8414,
2025-07-13,63563817,4190988309,710,9,18.11,88,12,8,16.17,0.0127,0.1239,0.0169,0.8889,0.8929,
2025-07-13,63563817,4190988310,72,1,4.03,13,4,1,4.03,0.0139,0.1806,0.0556,1.0,1.0,
2025-07-13,495403620,8878077181,552,341,234.05,545,513,341,234.05,0.6178,0.9873,0.9293,1.0,1.0,
2025-07-13,495403620,9628223555,1837,14,22.22,258,48,12,20.03,0.0076,0.1404,0.0261,0.8571,0.9014,
2025-07-13,495817671,9630806627,9503,82,137.69,924,242,63,117.55,0.0086,0.0972,0.0255,0.7683,0.8537,
2025-07-13,500635396,9657930100,9491,360,577.1,4976,1199,348,573.83,0.0379,0.5243,0.1263,0.9667,0.9943,
2025-07-13,525368335,9811363528,9099,19,22.78,257,117,16,20.6,0.0021,0.0282,0.0129,0.8421,0.9043,
2025-07-14,63563817,1841014603,564,21,42.7,98,61,18,40.26,0.0372,0.1738,0.1082,0.8571,0.9429,
2025-07-14,63563817,2526158329,20,0,0.0,1,1,0,0.0,0.0,0.05,0.05,,,
2025-07-14,63563817,2874903000,196,6,6.95,48,9,4,5.54,0.0306,0.2449,0.0459,0.6667,0.7971,
2025-07-14,63563817,4190988309,771,2,3.4,88,27,2,3.4,0.0026,0.1141,0.035,1.0,1.0,
2025-07-14,63563817,4190988310,169,1,1.46,27,7,0,0.0,0.0059,0.1598,0.0414,0.0,0.0,
2025-07-14,495403620,8878077181,497,325,242.78,493,456,325,242.78,0.6539,0.992,0.9175,1.0,1.0,
2025-07-14,495403620,9628223555,1799,21,31.04,306,55,16,25.73,0.0117,0.1701,0.0306,0.7619,0.8289,
2025-07-14,495817671,9630806627,7432,74,121.87,874,248,61,110.0,0.01,0.1176,0.0334,0.8243,0.9026,
2025-07-14,500635396,9657930100,10006,388,633.37,5502,1167,380,627.99,0.0388,0.5499,0.1166,0.9794,0.9915,
2025-07-14,525368335,9811363528,7153,17,19.56,260,122,15,18.29,0.0024,0.0363,0.0171,0.8824,0.9351,
2025-07-15,63563817,1841014603,1030,45,71.18,337,206,42,67.47,0.0437,0.3272,0.2,0.9333,0.9479,
2025-07-15,63563817,2526158329,31,0,0.0,8,0,0,0.0,0.0,0.2581,0.0,,,
2025-07-15,63563817,2874903000,575,9,18.07,171,46,8,17.08,0.0157,0.2974,0.08,0.8889,0.9452,
2025-07-15,63563817,4190988309,1480,17,32.48,209,29,14,29.75,0.0115,0.1412,0.0196,0.8235,0.9159,
2025-07-15,63563817,4190988310,526,18,30.88,74,7,5,9.6,0.0342,0.1407,0.0133,0.2778,0.3109,
2025-07-15,495403620,8878077181,1771,1183,821.25,1744,1658,1183,821.25,0.668,0.9848,0.9362,1.0,1.0,
2025-07-15,495403620,9628223555,3148,29,37.19,547,100,20,28.43,0.0092,0.1738,0.0318,0.6897,0.7645,
2025-07-15,495817671,9630806627,18990,185,290.56,2421,496,150,255.61,0.0097,0.1275,0.0261,0.8108,0.8797,
2025-07-15,500635396,9657930100,32809,1100,1840.06,16014,2769,1074,1827.89,0.0335,0.4881,0.0844,0.9764,0.9934,
2025-07-15,525368335,9811363528,14667,31,37.38,539,235,18,24.29,0.0021,0.0367,0.016,0.5806,0.6498,
2025-07-16,63563817,1841014603,923,27,42.64,233,141,23,36.42,0.0293,0.2524,0.1528,0.8519,0.8541,
2025-07-16,63563817,2526158329,24,2,4.69,4,1,1,2.06,0.0833,0.1667,0.0417,0.5,0.4392,
2025-07-16,63563817,2874903000,612,16,26.77,198,64,13,23.92,0.0261,0.3235,0.1046,0.8125,0.8935,
2025-07-16,63563817,4190988309,1564,12,23.21,210,29,7,16.24,0.0077,0.1343,0.0185,0.5833,0.6997,
2025-07-16,63563817,4190988310,639,22,41.2,102,14,7,15.82,0.0344,0.1596,0.0219,0.3182,0.384,
2025-07-16,495403620,8878077181,1470,991,675.73,1446,1396,990,674.37,0.6741,0.9837,0.9497,0.999,0.998,
2025-07-16,495403620,9628223555,3143,31,41.92,542,104,27,37.31,0.0099,0.1724,0.0331,0.871,0.89,
2025-07-16,495817671,9630806627,16187,185,304.07,2495,458,151,267.39,0.0114,0.1541,0.0283,0.8162,0.8794,
2025-07-16,500635396,9657930100,33704,990,1684.23,16959,2294,968,1676.43,0.0294,0.5032,0.0681,0.9778,0.9954,
2025-07-16,525368335,9811363528,13146,37,39.17,484,217,24,29.4,0.0028,0.0368,0.0165,0.6486,0.7506,
2025-07-17,63563817,1841014603,855,29,45.87,253,150,25,40.8,0.0339,0.2959,0.1754,0.8621,0.8895,
2025-07-17,63563817,2526158329,48,3,6.09,5,1,1,2.08,0.0625,0.1042,0.0208,0.3333,0.3415,
2025-07-17,63563817,2874903000,550,27,40.81,155,57,24,37.28,0.0491,0.2818,0.1036,0.8889,0.9135,
2025-07-17,63563817,4190988309,1288,16,30.3,181,23,14,25.64,0.0124,0.1405,0.0179,0.875,0.8462,
2025-07-17,63563817,4190988310,571,20,33.19,147,27,6,10.16,0.035,0.2574,0.0473,0.3,0.3061,
2025-07-17,495403620,8878077181,1490,1060,695.15,1467,1399,1060,695.15,0.7114,0.9846,0.9389,1.0,1.0,
2025-07-17,495403620,9628223555,2858,48,65.69,516,77,42,61.19,0.0168,0.1805,0.0269,0.875,0.9315,
2025-07-17,495817671,9630806627,14713,154,239.67,2700,368,128,216.27,0.0105,0.1835,0.025,0.8312,0.9024,
2025-07-17,500635396,9657930100,33985,1025,1668.62,18946,2343,995,1654.46,0.0302,0.5575,0.0689,0.9707,0.9915,
2025-07-17,525368335,9811363528,11461,26,33.61,475,194,15,23.06,0.0023,0.0414,0.0169,0.5769,0.6861,
2025-07-18,63563817,1841014603,806,26,41.26,252,153,24,39.18,0.0323,0.3127,0.1898,0.9231,0.9496,
2025-07-18,63563817,2526158329,36,0,0.0,8,3,0,0.0,0.0,0.2222,0.0833,,,
2025-07-18,63563817,2874903000,522,22,37.84,184,64,15,31.2,0.0421,0.3525,0.1226,0.6818,0.8245,
2025-07-18,63563817,4190988309,1476,13,22.9,233,49,7,16.67,0.0088,0.1579,0.0332,0.5385,0.7279,
2025-07-18,63563817,4190988310,603,16,28.24,143,27,9,16.91,0.0265,0.2371,0.0448,0.5625,0.5988,
2025-07-18,495403620,8878077181,1449,1085,715.74,1418,1368,1085,715.74,0.7488,0.9786,0.9441,1.0,1.0,
2025-07-18,495403620,9628223555,2525,28,41.11,500,86,24,35.39,0.0111,0.198,0.0341,0.8571,0.8609,
2025-07-18,495817671,9630806627,15586,168,272.03,2268,306,136,238.65,0.0108,0.1455,0.0196,0.8095,0.8773,
2025-07-18,500635396,9657930100,31304,897,1491.24,15076,2467,870,1477.1,0.0287,0.4816,0.0788,0.9699,0.9905,
2025-07-18,500635396,9700005700,29,0,0.0,0,0,0,0.0,0.0,0.0,0.0,,,
2025-07-18,500635396,9773660250,250,3,3.51,96,11,3,3.51,0.012,0.384,0.044,1.0,1.0,
2025-07-18,525368335,9811363528,11047,33,42.78,459,181,26,37.44,0.003,0.0415,0.0164,0.7879,0.8752,
2025-07-19,63563817,1841014603,923,34,74.74,259,157,30,64.7,0.0368,0.2806,0.1701,0.8824,0.8657,
2025-07-19,63563817,2526158329,50,3,10.86,15,3,2,7.24,0.06,0.3,0.06,0.6667,0.6667,
2025-07-19,63563817,2874903000,561,28,66.52,248,127,24,59.42,0.0499,0.4421,0.2264,0.8571,0.8933,
2025-07-19,63563817,4190988309,2113,25,90.47,499,236,24,85.84,0.0118,0.2362,0.1117,0.96,0.9488,
2025-07-19,63563817,4190988310,748,24,74.4,257,81,19,61.51,0.0321,0.3436,0.1083,0.7917,0.8267,
2025-07-19,495403620,8878077181,1327,924,650.57,1310,1275,924,650.57,0.6963,0.9872,0.9608,1.0,1.0,
2025-07-19,495403620,9628223555,2301,36,49.11,385,54,30,41.84,0.0156,0.1673,0.0235,0.8333,0.852,
2025-07-19,495817671,9630806627,13942,115,192.3,1994,262,99,172.68,0.0082,0.143,0.0188,0.8609,0.898,
2025-07-19,500635396,9657930100,28556,825,1394.71,13563,2371,793,1371.4,0.0289,0.475,0.083,0.9612,0.9833,
2025-07-19,500635396,9700005700,73,0,0.0,1,0,0,0.0,0.0,0.0137,0.0,,,
2025-07-19,500635396,9773660250,984,6,10.33,196,14,6,10.33,0.0061,0.1992,0.0142,1.0,1.0,
2025-07-19,525368335,9811363528,12026,20,22.39,421,146,14,16.78,0.0017,0.035,0.0121,0.7,0.7494,
2025-07-20,63563817,1841014603,477,9,21.55,133,78,6,10.9,0.0189,0.2788,0.1635,0.6667,0.5058,
2025-07-20,63563817,2526158329,3,0,0.0,0,0,0,0.0,0.0,0.0,0.0,,,
2025-07-20,63563817,2874903000,219,15,42.77,89,31,15,42.77,0.0685,0.4064,0.1416,1.0,1.0,
2025-07-20,63563817,4190988309,746,6,25.27,203,105,6,25.27,0.008,0.2721,0.1408,1.0,1.0,
2025-07-20,63563817,4190988310,345,5,10.6,117,32,4,8.64,0.0145,0.3391,0.0928,0.8,0.8151,
2025-07-20,495403620,8878077181,542,409,306.02,531,506,409,306.02,0.7546,0.9797,0.9336,1.0,1.0,
2025-07-20,495403620,9628223555,1292,18,24.15,200,36,11,17.94,0.0139,0.1548,0.0279,0.6111,0.7429,
2025-07-20,495817671,9630806627,5608,69,111.47,850,209,57,101.42,0.0123,0.1516,0.0373,0.8261,0.9098,
2025-07-20,500635396,9657930100,11836,389,669.93,5605,1436,378,666.73,0.0329,0.4736,0.1213,0.9717,0.9952,
2025-07-20,500635396,9700005700,47,0,0.0,0,0,0,0.0,0.0,0.0,0.0,,,
2025-07-20,500635396,9773660250,310,2,3.86,115,21,2,3.86,0.0065,0.371,0.0677,1.0,1.0,
2025-07-20,525368335,9811363528,7514,13,15.83,208,98,9,12.51,0.0017,0.0277,0.013,0.6923,0.7903,
2025-07-21,63563817,1841014603,471,7,15.51,102,63,7,15.51,0.0149,0.2166,0.1338,1.0,1.0,
2025-07-21,63563817,2526158329,9,0,0.0,3,0,0,0.0,0.0,0.3333,0.0,,,
2025-07-21,63563817,2874903000,206,7,15.57,72,23,6,15.07,0.034,0.3495,0.1117,0.8571,0.9679,
2025-07-21,63563817,4190988309,687,4,11.61,119,54,4,11.61,0.0058,0.1732,0.0786,1.0,1.0,
2025-07-21,63563817,4190988310,412,14,35.59,97,27,11,31.06,0.034,0.2354,0.0655,0.7857,0.8727,
2025-07-21,495403620,8878077181,475,335,254.25,461,436,335,254.25,0.7053,0.9705,0.9179,1.0,1.0,
2025-07-21,495403620,9628223555,1401,20,26.69,200,30,16,22.38,0.0143,0.1428,0.0214,0.8,0.8385,
2025-07-21,495817671,9630806627,5471,87,150.27,828,238,55,96.47,0.0159,0.1513,0.0435,0.6322,0.642,
2025-07-21,500635396,9657930100,10688,345,600.44,4935,1169,335,594.34,0.0323,0.4617,0.1094,0.971,0.9898,
2025-07-21,500635396,9700005700,47,0,0.0,0,0,0,0.0,0.0,0.0,0.0,,,
2025-07-21,500635396,9773660250,341,3,6.26,100,11,3,6.26,0.0088,0.2933,0.0323,1.0,1.0,
2025-07-21,525368335,9811363528,8251,41,56.93,228,102,10,11.3,0.005,0.0276,0.0124,0.2439,0.1985,
2025-07-22,63563817,1841014603,327,6,12.83,151,102,6,12.83,0.0183,0.4618,0.3119,1.0,1.0,
2025-07-22,63563817,2526158329,22,0,0.0,7,2,0,0.0,0.0,0.3182,0.0909,,,
2025-07-22,63563817,2874903000,449,19,30.64,166,48,15,28.32,0.0423,0.3697,0.1069,0.7895,0.9243,
2025-07-22,63563817,4190988309,918,5,18.6,246,90,5,18.6,0.0054,0.268,0.098,1.0,1.0,
2025-07-22,63563817,4190988310,411,9,32.01,141,27,7,26.64,0.0219,0.3431,0.0657,0.7778,0.8322,
2025-07-22,495403620,8878077181,896,637,436.21,885,863,637,436.21,0.7109,0.9877,0.9632,1.0,1.0,
2025-07-22,495403620,9628223555,1350,21,28.52,286,44,19,26.78,0.0156,0.2119,0.0326,0.9048,0.939,
2025-07-22,495817671,9630806627,5377,98,172.76,1255,199,83,154.48,0.0182,0.2334,0.037,0.8469,0.8942,
2025-07-22,500635396,9657930100,24434,1023,2612.72,16178,3060,1015,2606.35,0.0419,0.6621,0.1252,0.9922,0.9976,
2025-07-22,500635396,9700005700,20,0,0.0,0,0,0,0.0,0.0,0.0,0.0,,,
2025-07-22,500635396,9773660250,530,6,11.1,138,2,4,7.36,0.0113,0.2604,0.0038,0.6667,0.6631,
2025-07-22,525368335,9811363528,5776,18,14.46,236,98,7,8.62,0.0031,0.0409,0.017,0.3889,0.5961,
2025-07-23,63563817,1841014603,681,38,71.39,227,151,36,65.92,0.0558,0.3333,0.2217,0.9474,0.9234,
2025-07-23,63563817,2526158329,40,0,0.0,10,3,0,0.0,0.0,0.25,0.075,,,
2025-07-23,63563817,2874903000,633,21,38.04,243,102,18,33.91,0.0332,0.3839,0.1611,0.8571,0.8914,
2025-07-23,63563817,4190988309,1504,17,52.95,316,97,14,47.63,0.0113,0.2101,0.0645,0.8235,0.8995,
2025-07-23,63563817,4190988310,1992,26,64.67,219,38,20,57.55,0.0131,0.1099,0.0191,0.7692,0.8899,
2025-07-23,495403620,8878077181,1367,995,648.25,1342,1278,995,648.25,0.7279,0.9817,0.9349,1.0,1.0,
2025-07-23,495403620,9628223555,14980,535,271.09,5815,3131,455,225.99,0.0357,0.3882,0.209,0.8505,0.8336,
2025-07-23,495817671,9630806627,8059,145,221.8,1951,284,131,201.13,0.018,0.2421,0.0352,0.9034,0.9068,
2025-07-23,500635396,9657930100,39493,1257,2846.94,20316,3761,1232,2832.97,0.0318,0.5144,0.0952,0.9801,0.9951,
2025-07-23,500635396,9700005700,47,0,0.0,0,0,0,0.0,0.0,0.0,0.0,,,
2025-07-23,500635396,9773660250,1025,7,11.1,222,10,7,11.1,0.0068,0.2166,0.0098,1.0,1.0,
2025-07-23,525368335,9811363528,11932,28,24.51,353,149,15,18.15,0.0023,0.0296,0.0125,0.5357,0.7405,
2025-07-24,63563817,1841014603,691,34,53.92,209,150,30,47.98,0.0492,0.3025,0.2171,0.8824,0.8898,
2025-07-24,63563817,2526158329,40,0,0.0,6,2,0,0.0,0.0,0.15,0.05,,,
2025-07-24,63563817,2874903000,614,17,27.98,208,70,11,21.45,0.0277,0.3388,0.114,0.6471,0.7666,
2025-07-24,63563817,4190988309,1287,17,55.33,285,75,16,52.3,0.0132,0.2214,0.0583,0.9412,0.9452,
2025-07-24,63563817,4190988310,932,11,22.63,214,36,9,19.2,0.0118,0.2296,0.0386,0.8182,0.8484,
2025-07-24,495403620,8878077181,1359,970,640.87,1343,1290,970,640.87,0.7138,0.9882,0.9492,1.0,1.0,
2025-07-24,495403620,9628223555,39832,1205,692.05,12350,5976,1058,598.45,0.0303,0.3101,0.15,0.878,0.8647,
2025-07-24,495817671,9630806627,8935,136,184.26,1663,206,111,162.5,0.0152,0.1861,0.0231,0.8162,0.8819,
2025-07-24,500635396,9657930100,39192,1021,1690.11,15149,3528,976,1669.18,0.0261,0.3865,0.09,0.9559,0.9876,
2025-07-24,500635396,9700005700,55,0,0.0,7,5,0,0.0,0.0,0.1273,0.0909,,,
2025-07-24,500635396,9773660250,1286,14,25.92,278,60,14,25.92,0.0109,0.2162,0.0467,1.0,1.0,
2025-07-24,525368335,9811363528,13436,30,27.5,327,135,17,17.71,0.0022,0.0243,0.01,0.5667,0.644,
2025-07-25,63563817,1841014603,752,38,54.6,252,191,35,50.39,0.0505,0.3351,0.254,0.9211,0.9229,
2025-07-25,63563817,2526158329,28,1,1.89,9,0,1,1.89,0.0357,0.3214,0.0,1.0,1.0,
2025-07-25,63563817,2874903000,560,26,45.0,191,64,22,40.89,0.0464,0.3411,0.1143,0.8462,0.9087,
2025-07-25,63563817,4190988309,1296,17,34.71,285,76,16,33.66,0.0131,0.2199,0.0586,0.9412,0.9697,
2025-07-25,63563817,4190988310,660,17,30.16,162,26,12,21.77,0.0258,0.2455,0.0394,0.7059,0.7218,
2025-07-25,495403620,8878077181,1406,1043,750.89,1370,1315,1043,750.89,0.7418,0.9744,0.9353,1.0,1.0,
2025-07-25,495403620,9628223555,37341,670,462.0,8251,3250,496,349.69,0.0179,0.221,0.087,0.7403,0.7569,
2025-07-25,495817671,9630806627,9144,138,192.88,1662,243,116,166.92,0.0151,0.1818,0.0266,0.8406,0.8654,
2025-07-25,500635396,9657930100,55683,1972,2749.77,20763,7619,1848,2658.31,0.0354,0.3729,0.1368,0.9371,0.9667,
2025-07-25,500635396,9700005700,176,4,5.94,55,43,3,4.8,0.0227,0.3125,0.2443,0.75,0.8081,
2025-07-25,500635396,9773660250,2079,39,51.42,630,183,36,47.01,0.0188,0.303,0.088,0.9231,0.9142,
2025-07-25,525368335,9811363528,12721,26,28.52,366,152,14,17.61,0.002,0.0288,0.0119,0.5385,0.6175,
2025-07-26,63563817,1841014603,522,22,28.59,193,161,21,26.69,0.0421,0.3697,0.3084,0.9545,0.9335,
2025-07-26,63563817,2526158329,24,0,0.0,6,0,0,0.0,0.0,0.25,0.0,,,
2025-07-26,63563817,2874903000,484,15,23.54,159,54,11,18.57,0.031,0.3285,0.1116,0.7333,0.7889,
2025-07-26,63563817,4190988309,1164,9,23.73,212,46,7,20.89,0.0077,0.1821,0.0395,0.7778,0.8803,
2025-07-26,63563817,4190988310,576,16,34.85,146,17,10,24.02,0.0278,0.2535,0.0295,0.625,0.6892,
2025-07-26,495403620,8878077181,1180,850,589.06,1150,1109,849,587.93,0.7203,0.9746,0.9398,0.9988,0.9981,
2025-07-26,495403620,9628223555,29235,609,435.64,5886,2327,447,323.33,0.0208,0.2013,0.0796,0.734,0.7422,
2025-07-26,495817671,9630806627,7635,104,138.7,1343,253,93,127.81,0.0136,0.1759,0.0331,0.8942,0.9215,
2025-07-26,500635396,9657930100,43424,1441,2036.4,15812,5573,1351,1974.64,0.0332,0.3641,0.1283,0.9375,0.9697,
2025-07-26,500635396,9700005700,90,0,0.0,15,11,0,0.0,0.0,0.1667,0.1222,,,
2025-07-26,500635396,9773660250,1742,45,69.68,578,199,44,68.15,0.0258,0.3318,0.1142,0.9778,0.978,
2025-07-26,525368335,9811363528,9912,18,20.05,280,130,15,18.58,0.0018,0.0282,0.0131,0.8333,0.9267,
2025-07-27,63563817,1841014603,368,15,22.23,87,63,14,19.74,0.0408,0.2364,0.1712,0.9333,0.888,
2025-07-27,63563817,2526158329,24,0,0.0,5,0,0,0.0,0.0,0.2083,0.0,,,
2025-07-27,63563817,2874903000,261,10,17.94,58,25,7,14.28,0.0383,0.2222,0.0958,0.7,0.796,
2025-07-27,63563817,4190988309,644,5,10.66,101,23,3,7.46,0.0078,0.1568,0.0357,0.6,0.6998,
2025-07-27,63563817,4190988310,507,11,20.76,69,13,3,8.39,0.0217,0.1361,0.0256,0.2727,0.4041,
2025-07-27,495403620,8878077181,521,358,262.5,480,447,358,262.5,0.6871,0.9213,0.858,1.0,1.0,
2025-07-27,495403620,9628223555,1360,2,1.95,48,10,1,0.75,0.0015,0.0353,0.0074,0.5,0.3846,
2025-07-27,495817671,9630806627,3709,58,75.47,593,152,47,61.74,0.0156,0.1599,0.041,0.8103,0.8181,
2025-07-27,500635396,9657930100,15024,345,499.63,4630,1171,323,486.53,0.023,0.3082,0.0779,0.9362,0.9738,
2025-07-27,500635396,9700005700,60,0,0.0,2,0,0,0.0,0.0,0.0333,0.0,,,
2025-07-27,500635396,9773660250,360,2,3.38,84,10,2,3.38,0.0056,0.2333,0.0278,1.0,1.0,
2025-07-27,525368335,9811363528,10381,14,12.76,172,92,9,10.92,0.0013,0.0166,0.0089,0.6429,0.8558,
2025-07-28,63563817,1841014603,336,5,6.82,54,39,5,6.82,0.0149,0.1607,0.1161,1.0,1.0,
2025-07-28,63563817,2526158329,10,2,3.23,2,0,2,3.23,0.2,0.2,0.0,1.0,1.0,
2025-07-28,63563817,2874903000,177,6,10.75,44,13,4,8.35,0.0339,0.2486,0.0734,0.6667,0.7767,
2025-07-28,63563817,4190988309,451,5,12.99,62,11,4,12.43,0.0111,0.1375,0.0244,0.8,0.9569,
2025-07-28,63563817,4190988310,327,10,15.59,52,13,5,8.74,0.0306,0.159,0.0398,0.5,0.5606,
2025-07-28,495403620,8878077181,419,259,181.81,390,371,258,180.68,0.6181,0.9308,0.8854,0.9961,0.9938,
2025-07-28,495403620,9628223555,961,1,0.6,45,12,1,0.6,0.001,0.0468,0.0125,1.0,1.0,
2025-07-28,495817671,9630806627,2672,48,62.69,483,128,43,58.36,0.018,0.1808,0.0479,0.8958,0.9309,
2025-07-28,500635396,9657930100,13725,254,331.47,3271,1010,234,322.09,0.0185,0.2383,0.0736,0.9213,0.9717,
2025-07-28,500635396,9700005700,63,0,0.0,0,0,0,0.0,0.0,0.0,0.0,,,
2025-07-28,500635396,9773660250,371,4,7.97,79,11,4,7.97,0.0108,0.2129,0.0296,1.0,1.0,
2025-07-28,525368335,9811363528,9926,12,11.8,175,127,8,8.62,0.0012,0.0176,0.0128,0.6667,0.7305,
2025-07-29,63563817,1841014603,651,28,42.11,183,132,25,36.59,0.043,0.2811,0.2028,0.8929,0.8689,
2025-07-29,63563817,2526158329,32,0,0.0,5,1,0,0.0,0.0,0.1562,0.0312,,,
2025-07-29,63563817,2874903000,560,20,30.66,165,54,16,26.36,0.0357,0.2946,0.0964,0.8,0.8598,
2025-07-29,63563817,4190988309,1179,7,16.38,161,29,6,14.24,0.0059,0.1366,0.0246,0.8571,0.8694,
2025-07-29,63563817,4190988310,635,14,28.19,112,19,9,20.54,0.022,0.1764,0.0299,0.6429,0.7286,
2025-07-29,495403620,8878077181,1368,972,695.44,1311,1264,971,694.3,0.7105,0.9583,0.924,0.999,0.9984,
2025-07-29,495403620,9628223555,6929,102,55.09,1402,687,72,50.61,0.0147,0.2023,0.0991,0.7059,0.9187,
2025-07-29,495817671,9630806627,5331,99,139.71,1185,189,82,115.62,0.0186,0.2223,0.0355,0.8283,0.8276,
2025-07-29,500635396,9657930100,58519,1536,2079.97,17902,6719,1387,1998.09,0.0262,0.3059,0.1148,0.903,0.9606,
2025-07-29,500635396,9700005700,85,1,3.0,10,8,0,0.0,0.0118,0.1176,0.0941,0.0,0.0,
2025-07-29,500635396,9773660250,3490,113,151.99,1605,526,109,147.99,0.0324,0.4599,0.1507,0.9646,0.9737,
2025-07-29,525368335,9811363528,12603,19,12.54,171,71,9,8.76,0.0015,0.0136,0.0056,0.4737,0.6986,
2025-07-30,63563817,1841014603,726,24,38.66,209,135,21,33.81,0.0331,0.2879,0.186,0.875,0.8745,
2025-07-30,63563817,2526158329,114,3,5.76,4,1,1,2.19,0.0263,0.0351,0.0088,0.3333,0.3802,
2025-07-30,63563817,2874903000,597,26,31.87,230,108,20,26.77,0.0436,0.3853,0.1809,0.7692,0.84,
2025-07-30,63563817,4190988309,1095,17,35.37,249,84,12,28.09,0.0155,0.2274,0.0767,0.7059,0.7942,
2025-07-30,63563817,4190988310,494,11,18.76,104,19,7,12.88,0.0223,0.2105,0.0385,0.6364,0.6866,
2025-07-30,495403620,8878077181,1034,739,526.47,963,917,739,526.47,0.7147,0.9313,0.8868,1.0,1.0,
2025-07-30,495403620,9628223555,10974,235,72.87,1940,952,76,47.09,0.0214,0.1768,0.0868,0.3234,0.6462,
2025-07-30,495817671,9630806627,4703,79,108.66,1004,132,66,94.86,0.0168,0.2135,0.0281,0.8354,0.873,
2025-07-30,500635396,9657930100,67500,2033,2632.2,25206,8679,1743,2469.22,0.0301,0.3734,0.1286,0.8574,0.9381,
2025-07-30,500635396,9700005700,121,1,2.07,30,12,1,2.07,0.0083,0.2479,0.0992,1.0,1.0,
2025-07-30,500635396,9773660250,5290,193,271.35,2637,886,189,265.95,0.0365,0.4985,0.1675,0.9793,0.9801,
2025-07-30,525368335,9811363528,41690,632,239.82,2627,1406,103,84.81,0.0152,0.063,0.0337,0.163,0.3536,
2025-07-31,63563817,1841014603,1488,52,78.6,296,170,38,54.02,0.0349,0.1989,0.1142,0.7308,0.6873,
2025-07-31,63563817,2526158329,962,6,12.71,12,9,1,2.39,0.0062,0.0125,0.0094,0.1667,0.188,
2025-07-31,63563817,2874903000,1094,34,40.46,531,307,32,37.97,0.0311,0.4854,0.2806,0.9412,0.9385,
2025-07-31,63563817,4190988309,1904,17,28.21,533,221,10,20.46,0.0089,0.2799,0.1161,0.5882,0.7253,
2025-07-31,63563817,4190988310,849,21,42.26,153,57,8,18.68,0.0247,0.1802,0.0671,0.381,0.442,
2025-07-31,495403620,8878077181,1341,929,647.52,1291,1227,929,647.52,0.6928,0.9627,0.915,1.0,1.0,
2025-07-31,495403620,9628223555,9818,96,58.14,1833,905,66,46.84,0.0098,0.1867,0.0922,0.6875,0.8056,
2025-07-31,495817671,9630806627,5596,118,163.02,1194,168,107,147.43,0.0211,0.2134,0.03,0.9068,0.9044,
2025-07-31,500635396,9657930100,82722,2304,3038.48,27773,10151,2037,2860.47,0.0279,0.3357,0.1227,0.8841,0.9414,
2025-07-31,500635396,9700005700,162,3,4.56,33,19,1,2.46,0.0185,0.2037,0.1173,0.3333,0.5395,
2025-07-31,500635396,9773660250,6262,196,251.21,3041,984,190,244.77,0.0313,0.4856,0.1571,0.9694,0.9744,
2025-07-31,525368335,9811363528,106724,2114,629.79,3903,2140,172,142.99,0.0198,0.0366,0.0201,0.0814,0.227,
2025-08-01,63563817,1841014603,1541,40,65.85,350,218,31,51.12,0.026,0.2271,0.1415,0.775,0.7763,
2025-08-01,63563817,2526158329,191,3,3.84,10,7,0,0.0,0.0157,0.0524,0.0366,0.0,0.0,
2025-08-01,63563817,2874903000,1187,40,61.1,534,299,34,53.09,0.0337,0.4499,0.2519,0.85,0.8689,
2025-08-01,63563817,4190988309,2188,25,45.64,514,207,20,39.44,0.0114,0.2349,0.0946,0.8,0.8642,
2025-08-01,63563817,4190988310,655,34,64.98,129,41,12,30.29,0.0519,0.1969,0.0626,0.3529,0.4661,
2025-08-01,495403620,8878077181,1354,975,664.92,1306,1240,975,664.92,0.7201,0.9645,0.9158,1.0,1.0,
2025-08-01,495403620,9628223555,8726,118,74.77,1809,782,94,59.27,0.0135,0.2073,0.0896,0.7966,0.7927,
2025-08-01,495817671,9630806627,5160,104,148.9,1193,156,95,138.43,0.0202,0.2312,0.0302,0.9135,0.9297,
2025-08-01,500635396,9657930100,84939,2315,3143.48,28862,10932,2048,2912.54,0.0273,0.3398,0.1287,0.8847,0.9265,
2025-08-01,500635396,9700005700,284,0,0.0,32,14,0,0.0,0.0,0.1127,0.0493,,,
2025-08-01,500635396,9773660250,6473,271,312.66,3554,1244,254,297.05,0.0419,0.549,0.1922,0.9373,0.9501,
2025-08-01,525368335,9811363528,126459,3017,1136.73,4139,2249,315,268.47,0.0239,0.0327,0.0178,0.1044,0.2362,
2025-08-02,63563817,1841014603,1453,48,63.83,319,185,41,51.46,0.033,0.2195,0.1273,0.8542,0.8062,
2025-08-02,63563817,2526158329,38,2,4.82,13,7,2,4.82,0.0526,0.3421,0.1842,1.0,1.0,
2025-08-02,63563817,2874903000,1083,31,38.3,448,229,29,35.98,0.0286,0.4137,0.2114,0.9355,0.9394,
2025-08-02,63563817,4190988309,2317,23,45.67,483,154,15,35.6,0.0099,0.2085,0.0665,0.6522,0.7795,
2025-08-02,63563817,4190988310,863,16,35.9,130,40,10,25.11,0.0185,0.1506,0.0463,0.625,0.6994,
2025-08-02,495403620,8878077181,1294,915,620.63,1244,1183,914,619.7,0.7071,0.9614,0.9142,0.9989,0.9985,
2025-08-02,495403620,9628223555,8433,98,52.14,979,433,50,31.9,0.0116,0.1161,0.0513,0.5102,0.6118,
2025-08-02,495817671,9630806627,5559,95,134.91,1088,164,85,122.49,0.0171,0.1957,0.0295,0.8947,0.9079,
2025-08-02,500635396,9657930100,86871,2373,3064.17,25604,10663,2054,2816.93,0.0273,0.2947,0.1227,0.8656,0.9193,
2025-08-02,500635396,9700005700,476,10,15.55,185,46,8,12.15,0.021,0.3887,0.0966,0.8,0.7814,
2025-08-02,500635396,9773660250,5380,200,218.56,2860,1274,191,209.22,0.0372,0.5316,0.2368,0.955,0.9573,
2025-08-02,525368335,9811363528,120793,2669,1221.36,5611,3249,360,260.33,0.0221,0.0465,0.0269,0.1349,0.2131,
2025-08-03,63563817,1841014603,705,18,33.38,107,62,15,30.11,0.0255,0.1518,0.0879,0.8333,0.902,
2025-08-03,63563817,2526158329,18,0,0.0,2,0,0,0.0,0.0,0.1111,0.0,,,
2025-08-03,63563817,2874903000,239,7,8.71,59,19,4,7.09,0.0293,0.2469,0.0795,0.5714,0.814,
2025-08-03,63563817,4190988309,546,4,9.74,78,11,4,9.74,0.0073,0.1429,0.0201,1.0,1.0,
2025-08-03,63563817,4190988310,235,3,6.05,46,8,1,1.98,0.0128,0.1957,0.034,0.3333,0.3273,
2025-08-03,495403620,8878077181,442,313,208.94,420,394,313,208.94,0.7081,0.9502,0.8914,1.0,1.0,
2025-08-03,495403620,9628223555,1471,3,3.47,37,8,3,3.47,0.002,0.0252,0.0054,1.0,1.0,
2025-08-03,495817671,9630806627,2916,46,62.99,579,131,41,55.2,0.0158,0.1986,0.0449,0.8913,0.8763,
2025-08-03,500635396,9657930100,49239,1435,1853.08,15351,7146,1231,1676.21,0.0291,0.3118,0.1451,0.8578,0.9046,
2025-08-03,500635396,9700005700,296,7,13.31,112,42,5,9.5,0.0236,0.3784,0.1419,0.7143,0.7137,
2025-08-03,500635396,9773660250,3802,159,216.4,2268,1077,153,207.42,0.0418,0.5965,0.2833,0.9623,0.9585,
2025-08-03,525368335,9811363528,12175,8,6.18,143,66,4,3.85,0.0007,0.0117,0.0054,0.5,0.623,
2025-08-04,63563817,1841014603,405,9,11.1,87,59,8,9.32,0.0222,0.2148,0.1457,0.8889,0.8396,
2025-08-04,63563817,2526158329,10,0,0.0,1,0,0,0.0,0.0,0.1,0.0,,,
2025-08-04,63563817,2874903000,170,2,3.95,43,15,2,3.95,0.0118,0.2529,0.0882,1.0,1.0,
2025-08-04,63563817,4190988309,413,7,12.22,76,13,4,10.7,0.0169,0.184,0.0315,0.5714,0.8756,
2025-08-04,63563817,4190988310,163,1,1.94,42,10,1,1.94,0.0061,0.2577,0.0613,1.0,1.0,
2025-08-04,495403620,8878077181,379,288,206.45,365,341,288,206.45,0.7599,0.9631,0.8997,1.0,1.0,CTR极高
2025-08-04,495403620,9628223555,875,2,2.22,36,8,1,1.25,0.0023,0.0411,0.0091,0.5,0.5631,
2025-08-04,495817671,9630806627,2087,48,65.84,453,94,44,61.82,0.023,0.2171,0.045,0.9167,0.9389,
2025-08-04,500635396,9657930100,47574,1381,1831.8,15423,7279,1189,1633.87,0.029,0.3242,0.153,0.861,0.8919,
2025-08-04,500635396,9700005700,368,7,12.34,138,53,6,10.86,0.019,0.375,0.144,0.8571,0.8801,
2025-08-04,500635396,9773660250,3531,154,201.35,2062,897,150,196.56,0.0436,0.584,0.254,0.974,0.9762,
2025-08-04,525368335,9811363528,10731,13,15.07,158,81,10,13.47,0.0012,0.0147,0.0075,0.7692,0.8938,
2025-08-05,63563817,1841014603,773,27,31.67,192,136,26,31.12,0.0349,0.2484,0.1759,0.963,0.9826,
2025-08-05,63563817,2526158329,25,0,0.0,2,1,0,0.0,0.0,0.08,0.04,,,
2025-08-05,63563817,2874903000,544,15,25.43,172,63,14,23.62,0.0276,0.3162,0.1158,0.9333,0.9288,
2025-08-05,63563817,4190988309,1122,17,41.41,245,41,15,37.05,0.0152,0.2184,0.0365,0.8824,0.8947,
2025-08-05,63563817,4190988310,561,15,31.61,131,14,10,22.21,0.0267,0.2335,0.025,0.6667,0.7026,
2025-08-05,495403620,8878077181,1465,1085,743.48,1449,1414,1085,743.48,0.7406,0.9891,0.9652,1.0,1.0,
2025-08-05,495403620,9628223555,1203,6,6.91,83,18,4,4.45,0.005,0.069,0.015,0.6667,0.644,
2025-08-05,495817671,9630806627,5230,118,166.31,1338,190,103,146.34,0.0226,0.2558,0.0363,0.8729,0.8799,
2025-08-05,500635396,9657930100,87247,2241,3098.05,27602,10216,1925,2805.07,0.0257,0.3164,0.1171,0.859,0.9054,
2025-08-05,500635396,9700005700,519,16,35.66,144,73,12,30.85,0.0308,0.2775,0.1407,0.75,0.8651,
2025-08-05,500635396,9773660250,6015,229,323.21,3034,1496,200,300.29,0.0381,0.5044,0.2487,0.8734,0.9291,
2025-08-05,525368335,9811363528,11636,28,26.87,376,182,17,20.86,0.0024,0.0323,0.0156,0.6071,0.7763,
2025-08-06,63563817,1841014603,793,28,40.83,223,155,24,32.16,0.0353,0.2812,0.1955,0.8571,0.7877,
2025-08-06,63563817,2526158329,28,1,2.17,2,0,1,2.17,0.0357,0.0714,0.0,1.0,1.0,
2025-08-06,63563817,2874903000,597,19,27.68,200,86,18,26.03,0.0318,0.335,0.1441,0.9474,0.9404,
2025-08-06,63563817,4190988309,1372,13,27.02,243,35,11,23.55,0.0095,0.1771,0.0255,0.8462,0.8716,
2025-08-06,63563817,4190988310,596,15,31.63,112,16,12,26.93,0.0252,0.1879,0.0268,0.8,0.8514,
2025-08-06,495403620,8878077181,1301,949,656.74,1282,1253,949,656.74,0.7294,0.9854,0.9631,1.0,1.0,
2025-08-06,495403620,9628223555,8446,183,119.44,2605,1327,155,107.91,0.0217,0.3084,0.1571,0.847,0.9035,
2025-08-06,495817671,9630806627,15428,1322,752.27,8716,4808,1273,707.48,0.0857,0.5649,0.3116,0.9629,0.9405,
2025-08-06,500635396,9657930100,85770,2105,3405.67,26313,8842,1781,3098.98,0.0245,0.3068,0.1031,0.8461,0.9099,
2025-08-06,500635396,9700005700,392,9,19.3,84,49,7,13.3,0.023,0.2143,0.125,0.7778,0.6891,
2025-08-06,500635396,9773660250,7120,153,194.1,1825,761,102,137.62,0.0215,0.2563,0.1069,0.6667,0.709,
2025-08-06,525368335,9811363528,11977,30,23.17,390,205,17,15.9,0.0025,0.0326,0.0171,0.5667,0.6862,
2025-08-07,63563817,1841014603,570,25,32.85,172,132,24,31.1,0.0439,0.3018,0.2316,0.96,0.9467,
2025-08-07,63563817,2526158329,23,0,0.0,5,3,0,0.0,0.0,0.2174,0.1304,,,
2025-08-07,63563817,2874903000,636,26,39.84,193,80,23,35.85,0.0409,0.3035,0.1258,0.8846,0.8998,
2025-08-07,63563817,4190988309,1265,15,33.04,238,44,14,31.47,0.0119,0.1881,0.0348,0.9333,0.9525,
2025-08-07,63563817,4190988310,577,19,30.15,176,32,16,26.93,0.0329,0.305,0.0555,0.8421,0.8932,
2025-08-07,495403620,8878077181,1216,899,636.57,1203,1165,899,636.57,0.7393,0.9893,0.9581,1.0,1.0,
2025-08-07,495403620,9628223555,14458,234,152.92,2853,1462,154,108.65,0.0162,0.1973,0.1011,0.6581,0.7105,
2025-08-07,495817671,9630806627,18191,828,791.21,7739,3764,727,684.68,0.0455,0.4254,0.2069,0.878,0.8654,
2025-08-07,500635396,9657930100,83366,2662,3721.9,28705,11154,2286,3374.94,0.0319,0.3443,0.1338,0.8588,0.9068,
2025-08-07,500635396,9700005700,460,15,31.91,151,54,11,24.81,0.0326,0.3283,0.1174,0.7333,0.7775,
2025-08-07,500635396,9773660250,6635,158,201.82,1471,636,101,132.23,0.0238,0.2217,0.0959,0.6392,0.6552,
2025-08-07,525368335,9811363528,12293,38,31.6,404,227,22,23.3,0.0031,0.0329,0.0185,0.5789,0.7373,
2025-08-08,63563817,1841014603,553,22,25.59,191,135,21,24.17,0.0398,0.3454,0.2441,0.9545,0.9445,
2025-08-08,63563817,2526158329,30,1,1.83,2,0,1,1.83,0.0333,0.0667,0.0,1.0,1.0,
2025-08-08,63563817,2874903000,621,16,24.03,174,78,13,20.42,0.0258,0.2802,0.1256,0.8125,0.8498,
2025-08-08,63563817,4190988309,1278,12,29.63,242,42,12,29.63,0.0094,0.1894,0.0329,1.0,1.0,
2025-08-08,63563817,4190988310,602,17,32.61,174,32,11,22.97,0.0282,0.289,0.0532,0.6471,0.7044,
2025-08-08,495403620,8878077181,1181,851,581.28,1166,1135,850,580.79,0.7206,0.9873,0.961,0.9988,0.9992,
2025-08-08,495403620,9628223555,17915,220,136.37,2978,1437,129,92.58,0.0123,0.1662,0.0802,0.5864,0.6789,
2025-08-08,495817671,9630806627,16792,539,747.76,6462,3078,486,688.33,0.0321,0.3848,0.1833,0.9017,0.9205,
2025-08-08,500635396,9657930100,92680,2761,3850.63,26874,10125,2440,3549.25,0.0298,0.29,0.1092,0.8837,0.9217,
2025-08-08,500635396,9700005700,493,7,12.99,180,58,7,12.99,0.0142,0.3651,0.1176,1.0,1.0,
2025-08-08,500635396,9773660250,7736,450,448.1,3137,1589,435,432.75,0.0582,0.4055,0.2054,0.9667,0.9657,
2025-08-08,525368335,9811363528,14027,36,33.28,361,192,18,22.41,0.0026,0.0257,0.0137,0.5,0.6734,
2025-08-09,63563817,1841014603,564,30,50.67,179,129,26,43.9,0.0532,0.3174,0.2287,0.8667,0.8664,
2025-08-09,63563817,2526158329,20,0,0.0,1,1,0,0.0,0.0,0.05,0.05,,,
2025-08-09,63563817,2874903000,524,17,29.21,185,62,16,27.96,0.0324,0.3531,0.1183,0.9412,0.9572,
2025-08-09,63563817,4190988309,1308,21,47.52,246,36,16,39.9,0.0161,0.1881,0.0275,0.7619,0.8396,
2025-08-09,63563817,4190988310,585,8,14.56,122,22,3,4.05,0.0137,0.2085,0.0376,0.375,0.2782,
2025-08-09,495403620,8878077181,1154,794,564.05,1142,1112,794,564.05,0.688,0.9896,0.9636,1.0,1.0,
2025-08-09,495403620,9628223555,28927,571,351.92,5721,2691,344,224.83,0.0197,0.1978,0.093,0.6025,0.6389,
2025-08-09,495817671,9630806627,28190,1112,1133.71,9561,4912,890,949.67,0.0394,0.3392,0.1742,0.8004,0.8377,
2025-08-09,500635396,9657930100,55745,1617,3191.2,20289,5670,1439,2965.46,0.029,0.364,0.1017,0.8899,0.9293,
2025-08-09,500635396,9700005700,482,28,56.9,298,72,24,54.64,0.0581,0.6183,0.1494,0.8571,0.9603,
2025-08-09,500635396,9773660250,3537,75,63.18,748,383,69,55.45,0.0212,0.2115,0.1083,0.92,0.8777,
2025-08-09,525368335,9811363528,10799,38,38.45,233,128,20,18.94,0.0035,0.0216,0.0119,0.5263,0.4926,
2025-08-10,63563817,1841014603,247,5,6.85,61,35,3,3.6,0.0202,0.247,0.1417,0.6,0.5255,
2025-08-10,63563817,2526158329,16,1,1.42,0,0,0,0.0,0.0625,0.0,0.0,0.0,0.0,
2025-08-10,63563817,2874903000,210,7,8.41,53,13,6,7.75,0.0333,0.2524,0.0619,0.8571,0.9215,
2025-08-10,63563817,4190988309,541,13,24.22,78,10,8,17.77,0.024,0.1442,0.0185,0.6154,0.7337,
2025-08-10,63563817,4190988310,213,8,13.88,42,8,5,10.01,0.0376,0.1972,0.0376,0.625,0.7212,
2025-08-10,495403620,8878077181,381,262,192.51,376,358,262,192.51,0.6877,0.9869,0.9396,1.0,1.0,
2025-08-10,495403620,9628223555,29032,587,351.67,6184,2898,405,272.33,0.0202,0.213,0.0998,0.6899,0.7744,
2025-08-10,495817671,9630806627,16074,573,468.15,4786,2486,465,428.95,0.0356,0.2977,0.1547,0.8115,0.9163,
2025-08-10,500635396,9657930100,14812,269,367.19,3264,964,250,357.53,0.0182,0.2204,0.0651,0.9294,0.9737,
2025-08-10,500635396,9700005700,688,47,107.6,491,179,47,107.6,0.0683,0.7137,0.2602,1.0,1.0,
2025-08-10,500635396,9773660250,484,4,4.76,71,19,3,3.84,0.0083,0.1467,0.0393,0.75,0.8067,
2025-08-10,525368335,9811363528,10133,11,6.94,77,46,7,5.82,0.0011,0.0076,0.0045,0.6364,0.8386,
2025-08-11,63563817,1841014603,235,12,19.1,55,32,10,16.57,0.0511,0.234,0.1362,0.8333,0.8675,
2025-08-11,63563817,2526158329,8,0,0.0,0,0,0,0.0,0.0,0.0,0.0,,,
2025-08-11,63563817,2874903000,182,5,5.38,30,4,3,3.27,0.0275,0.1648,0.022,0.6,0.6078,
2025-08-11,63563817,4190988309,470,3,4.12,47,4,2,3.58,0.0064,0.1,0.0085,0.6667,0.8689,
2025-08-11,63563817,4190988310,168,2,2.15,33,4,1,0.77,0.0119,0.1964,0.0238,0.5,0.3581,
2025-08-11,495403620,8878077181,326,198,144.96,315,305,198,144.96,0.6074,0.9663,0.9356,1.0,1.0,
2025-08-11,495403620,9628223555,22904,460,281.88,5591,2701,327,231.5,0.0201,0.2441,0.1179,0.7109,0.8213,
2025-08-11,495817671,9630806627,9344,409,369.89,4366,2101,356,336.9,0.0438,0.4673,0.2249,0.8704,0.9108,
2025-08-11,500635396,9657930100,13531,282,379.65,3374,874,244,355.66,0.0208,0.2494,0.0646,0.8652,0.9368,
2025-08-11,500635396,9700005700,675,34,71.52,487,168,34,71.52,0.0504,0.7215,0.2489,1.0,1.0,
2025-08-11,500635396,9773660250,363,2,2.58,62,11,2,2.58,0.0055,0.1708,0.0303,1.0,1.0,
2025-08-11,525368335,9811363528,8640,12,6.6,69,42,7,5.3,0.0014,0.008,0.0049,0.5833,0.803,
2025-08-12,63563817,1841014603,485,26,27.86,165,130,23,23.65,0.0536,0.3402,0.268,0.8846,0.8489,
2025-08-12,63563817,2526158329,31,0,0.0,2,2,0,0.0,0.0,0.0645,0.0645,,,
2025-08-12,63563817,2874903000,626,20,29.03,156,49,15,24.43,0.0319,0.2492,0.0783,0.75,0.8415,
2025-08-12,63563817,4190988309,1343,9,15.02,202,35,7,12.01,0.0067,0.1504,0.0261,0.7778,0.7996,
2025-08-12,63563817,4190988310,452,8,14.58,95,9,7,13.75,0.0177,0.2102,0.0199,0.875,0.9431,
2025-08-12,495403620,8878077181,1283,976,693.26,1271,1242,976,693.26,0.7607,0.9906,0.968,1.0,1.0,CTR极高
2025-08-12,495403620,9628223555,27544,516,348.41,6674,2988,394,288.23,0.0187,0.2423,0.1085,0.7636,0.8273,
2025-08-12,495817671,9630806627,11296,523,493.97,4945,2232,453,442.49,0.0463,0.4378,0.1976,0.8662,0.8958,
2025-08-12,500635396,9657930100,55824,1548,3149.81,24211,6348,1461,3077.13,0.0277,0.4337,0.1137,0.9438,0.9769,
2025-08-12,500635396,9700005700,216,5,8.86,75,26,5,8.86,0.0231,0.3472,0.1204,1.0,1.0,
2025-08-12,500635396,9773660250,2761,38,45.39,778,333,34,43.36,0.0138,0.2818,0.1206,0.8947,0.9553,
2025-08-12,525368335,9811363528,12161,12,9.14,173,79,8,8.52,0.001,0.0142,0.0065,0.6667,0.9322,
2025-08-13,63563817,1841014603,509,25,27.9,168,140,23,26.39,0.0491,0.3301,0.275,0.92,0.9459,
2025-08-13,63563817,2526158329,28,1,1.21,7,4,1,1.21,0.0357,0.25,0.1429,1.0,1.0,
2025-08-13,63563817,2874903000,584,19,22.99,135,55,13,18.65,0.0325,0.2312,0.0942,0.6842,0.8112,
2025-08-13,63563817,4190988309,1314,27,39.3,199,24,21,34.39,0.0205,0.1514,0.0183,0.7778,0.8751,
2025-08-13,63563817,4190988310,555,4,6.59,100,13,2,4.13,0.0072,0.1802,0.0234,0.5,0.6267,
2025-08-13,495403620,8878077181,1265,935,690.47,1249,1214,934,688.01,0.7391,0.9874,0.9597,0.9989,0.9964,
2025-08-13,495403620,9628223555,32044,583,399.0,8618,3830,458,333.3,0.0182,0.2689,0.1195,0.7856,0.8353,
2025-08-13,495817671,9630806627,12990,520,480.86,5508,2417,459,437.73,0.04,0.424,0.1861,0.8827,0.9103,
2025-08-13,500635396,9657930100,51897,1577,3796.95,23416,6440,1478,3690.1,0.0304,0.4512,0.1241,0.9372,0.9719,
2025-08-13,500635396,9700005700,147,2,5.9,53,20,2,5.9,0.0136,0.3605,0.1361,1.0,1.0,
2025-08-13,500635396,9773660250,2035,24,28.05,387,157,23,27.87,0.0118,0.1902,0.0771,0.9583,0.9936,
2025-08-13,525368335,9811363528,11644,18,7.65,254,99,7,4.11,0.0015,0.0218,0.0085,0.3889,0.5373,
2025-08-14,63563817,1841014603,547,28,30.33,165,139,27,28.68,0.0512,0.3016,0.2541,0.9643,0.9456,
2025-08-14,63563817,2526158329,24,1,0.86,7,5,1,0.86,0.0417,0.2917,0.2083,1.0,1.0,
2025-08-14,63563817,2874903000,573,24,32.04,158,67,20,27.74,0.0419,0.2757,0.1169,0.8333,0.8658,
2025-08-14,63563817,4190988309,1282,15,24.85,187,26,10,17.27,0.0117,0.1459,0.0203,0.6667,0.695,
2025-08-14,63563817,4190988310,503,6,11.82,81,4,4,8.91,0.0119,0.161,0.008,0.6667,0.7538,
2025-08-14,495403620,8878077181,1255,918,670.57,1210,1118,917,670.08,0.7315,0.9641,0.8908,0.9989,0.9993,
2025-08-14,495403620,9628223555,37584,713,471.63,11181,4969,554,402.28,0.019,0.2975,0.1322,0.777,0.853,
2025-08-14,495817671,9630806627,15397,699,635.02,7442,3373,630,584.94,0.0454,0.4833,0.2191,0.9013,0.9211,
2025-08-14,500635396,9657930100,47431,1498,4346.74,26811,5572,1458,4288.33,0.0316,0.5653,0.1175,0.9733,0.9866,
2025-08-14,500635396,9700005700,114,1,5.51,18,4,1,5.51,0.0088,0.1579,0.0351,1.0,1.0,
2025-08-14,500635396,9773660250,1658,22,73.8,642,102,22,73.8,0.0133,0.3872,0.0615,1.0,1.0,
2025-08-14,525368335,9811363528,11410,12,8.57,212,70,6,5.17,0.0011,0.0186,0.0061,0.5,0.6033,
2025-08-15,63563817,1841014603,549,19,19.69,179,136,17,16.15,0.0346,0.326,0.2477,0.8947,0.8202,
2025-08-15,63563817,2526158329,32,0,0.0,5,3,0,0.0,0.0,0.1562,0.0938,,,
2025-08-15,63563817,2874903000,631,27,35.28,171,67,23,31.35,0.0428,0.271,0.1062,0.8519,0.8886,
2025-08-15,63563817,4190988309,1093,10,17.42,155,25,8,15.57,0.0091,0.1418,0.0229,0.8,0.8938,
2025-08-15,63563817,4190988310,493,9,11.79,82,7,3,4.38,0.0183,0.1663,0.0142,0.3333,0.3715,
2025-08-15,495403620,8878077181,1239,899,651.2,1190,1055,895,647.4,0.7256,0.9605,0.8515,0.9956,0.9942,
2025-08-15,495403620,9628223555,32571,610,436.52,9318,4058,490,377.91,0.0187,0.2861,0.1246,0.8033,0.8657,
2025-08-15,495817671,9630806627,16770,692,618.99,8295,3769,631,575.92,0.0413,0.4946,0.2247,0.9118,0.9304,
2025-08-15,500635396,9657930100,46321,1499,4557.87,25620,5737,1457,4500.59,0.0324,0.5531,0.1239,0.972,0.9874,
2025-08-15,500635396,9773660250,584,8,14.7,144,7,8,14.7,0.0137,0.2466,0.012,1.0,1.0,
2025-08-15,525368335,9811363528,9273,8,4.6,118,37,4,1.93,0.0009,0.0127,0.004,0.5,0.4196,
2025-08-16,63563817,1841014603,539,33,38.84,151,120,27,29.6,0.0612,0.2801,0.2226,0.8182,0.7621,
2025-08-16,63563817,2526158329,28,0,0.0,2,0,0,0.0,0.0,0.0714,0.0,,,
2025-08-16,63563817,2874903000,560,14,19.94,150,67,10,15.88,0.025,0.2679,0.1196,0.7143,0.7964,
2025-08-16,63563817,4190988309,1128,13,18.01,156,19,11,14.9,0.0115,0.1383,0.0168,0.8462,0.8273,
2025-08-16,63563817,4190988310,471,25,39.08,58,10,7,10.23,0.0531,0.1231,0.0212,0.28,0.2618,
2025-08-16,495403620,8878077181,1084,759,511.4,1024,879,757,511.2,0.7002,0.9446,0.8109,0.9974,0.9996,
2025-08-16,495403620,9628223555,35327,690,450.51,9458,4064,498,360.18,0.0195,0.2677,0.115,0.7217,0.7995,
2025-08-16,495817671,9630806627,19536,719,602.53,8578,3859,651,558.1,0.0368,0.4391,0.1975,0.9054,0.9263,
2025-08-16,500635396,9657930100,44177,1397,4344.32,27124,5601,1360,4282.13,0.0316,0.614,0.1268,0.9735,0.9857,
2025-08-16,500635396,9773660250,729,10,18.66,80,18,9,16.66,0.0137,0.1097,0.0247,0.9,0.8928,
2025-08-16,525368335,9811363528,9146,7,2.68,117,56,2,1.6,0.0008,0.0128,0.0061,0.2857,0.597,
2025-08-17,63563817,1841014603,365,15,21.68,64,46,7,8.78,0.0411,0.1753,0.126,0.4667,0.405,
2025-08-17,63563817,2526158329,11,0,0.0,2,0,0,0.0,0.0,0.1818,0.0,,,
2025-08-17,63563817,2874903000,321,12,14.95,76,29,4,6.44,0.0374,0.2368,0.0903,0.3333,0.4308,
2025-08-17,63563817,4190988309,992,12,14.08,62,12,8,10.74,0.0121,0.0625,0.0121,0.6667,0.7628,
2025-08-17,63563817,4190988310,285,15,24.76,42,8,5,6.96,0.0526,0.1474,0.0281,0.3333,0.2811,
2025-08-17,495403620,8878077181,332,231,167.98,314,274,231,167.98,0.6958,0.9458,0.8253,1.0,1.0,
2025-08-17,495403620,9628223555,13184,286,177.62,3170,1544,212,144.65,0.0217,0.2404,0.1171,0.7413,0.8144,
2025-08-17,495817671,9630806627,5875,227,187.09,2078,1048,190,169.57,0.0386,0.3537,0.1784,0.837,0.9064,
2025-08-17,500635396,9657930100,19034,511,1410.18,10372,2435,495,1395.1,0.0268,0.5449,0.1279,0.9687,0.9893,
2025-08-17,500635396,9773660250,6513,73,254.15,984,221,71,251.75,0.0112,0.1511,0.0339,0.9726,0.9906,
2025-08-17,525368335,9811363528,7764,4,2.59,40,21,2,1.42,0.0005,0.0052,0.0027,0.5,0.5483,
2025-08-18,63563817,1841014603,308,9,10.96,41,31,3,2.6,0.0292,0.1331,0.1006,0.3333,0.2372,
2025-08-18,63563817,2526158329,23,1,1.73,0,0,0,0.0,0.0435,0.0,0.0,0.0,0.0,
2025-08-18,63563817,2874903000,220,5,7.87,56,22,5,7.87,0.0227,0.2545,0.1,1.0,1.0,
2025-08-18,63563817,4190988309,1124,9,9.54,73,15,4,2.97,0.008,0.0649,0.0133,0.4444,0.3113,
2025-08-18,63563817,4190988310,279,11,15.75,29,6,4,5.95,0.0394,0.1039,0.0215,0.3636,0.3778,
2025-08-18,495403620,8878077181,360,242,180.88,355,327,242,180.88,0.6722,0.9861,0.9083,1.0,1.0,
2025-08-18,495403620,9628223555,1612,8,7.34,109,11,8,7.34,0.005,0.0676,0.0068,1.0,1.0,
2025-08-18,495817671,9630806627,855,4,3.51,64,7,3,2.81,0.0047,0.0749,0.0082,0.75,0.8006,
2025-08-18,500635396,9657930100,18590,395,947.55,8067,1802,378,933.82,0.0212,0.4339,0.0969,0.957,0.9855,
2025-08-18,500635396,9773660250,3734,59,199.65,708,193,57,195.1,0.0158,0.1896,0.0517,0.9661,0.9772,
2025-08-18,525368335,9811363528,9276,3,1.3,39,20,1,1.03,0.0003,0.0042,0.0022,0.3333,0.7923,
2025-08-19,63563817,1841014603,638,22,27.46,125,100,13,15.33,0.0345,0.1959,0.1567,0.5909,0.5583,
2025-08-19,63563817,2526158329,57,0,0.0,2,1,0,0.0,0.0,0.0351,0.0175,,,
2025-08-19,63563817,2874903000,660,29,37.41,195,76,21,30.18,0.0439,0.2955,0.1152,0.7241,0.8067,
2025-08-19,63563817,4190988309,1385,9,11.46,169,30,6,8.09,0.0065,0.122,0.0217,0.6667,0.7059,
2025-08-19,63563817,4190988310,702,13,19.02,94,14,2,3.7,0.0185,0.1339,0.0199,0.1538,0.1945,
2025-08-19,495403620,8878077181,1391,1014,705.78,1368,1306,1013,704.29,0.729,0.9835,0.9389,0.999,0.9979,
2025-08-19,495403620,9628223555,38288,618,445.99,8379,3475,475,355.6,0.0161,0.2188,0.0908,0.7686,0.7973,
2025-08-19,495817671,9630806627,30258,772,613.34,7277,3378,645,519.06,0.0255,0.2405,0.1116,0.8355,0.8463,
2025-08-19,500635396,9657930100,40608,1626,6193.26,23418,5947,1607,6173.38,0.04,0.5767,0.1464,0.9883,0.9968,
2025-08-19,500635396,9773660250,3788,34,112.28,677,120,32,109.33,0.009,0.1787,0.0317,0.9412,0.9737,
2025-08-19,525368335,9811363528,15351,23,13.01,171,83,15,9.6,0.0015,0.0111,0.0054,0.6522,0.7379,
2025-08-20,63563817,1841014603,579,27,32.68,132,109,22,24.2,0.0466,0.228,0.1883,0.8148,0.7405,
2025-08-20,63563817,2526158329,93,1,1.79,0,0,0,0.0,0.0108,0.0,0.0,0.0,0.0,
2025-08-20,63563817,2874903000,621,14,18.93,153,65,11,16.27,0.0225,0.2464,0.1047,0.7857,0.8595,
2025-08-20,63563817,4190988309,1301,7,9.61,137,15,6,7.85,0.0054,0.1053,0.0115,0.8571,0.8169,
2025-08-20,63563817,4190988310,684,27,43.2,91,15,8,13.25,0.0395,0.133,0.0219,0.2963,0.3067,
2025-08-20,495403620,8878077181,1224,901,611.56,1212,1159,901,611.56,0.7361,0.9902,0.9469,1.0,1.0,
2025-08-20,495403620,9628223555,65828,1193,789.18,12441,5188,819,527.35,0.0181,0.189,0.0788,0.6865,0.6682,
2025-08-20,495817671,9630806627,52199,938,717.7,8580,3964,713,576.71,0.018,0.1644,0.0759,0.7601,0.8036,
2025-08-20,500635396,9657930100,25080,1550,6737.81,20601,6007,1548,6733.09,0.0618,0.8214,0.2395,0.9987,0.9993,
2025-08-20,500635396,9773660250,88,0,0.0,31,3,0,0.0,0.0,0.3523,0.0341,,,
2025-08-20,525368335,9811363528,16193,50,36.89,363,203,38,30.12,0.0031,0.0224,0.0125,0.76,0.8165,
2025-08-21,63563817,1841014603,583,34,45.7,145,112,27,33.08,0.0583,0.2487,0.1921,0.7941,0.7239,
2025-08-21,63563817,2526158329,139,3,5.31,0,0,0,0.0,0.0216,0.0,0.0,0.0,0.0,
2025-08-21,63563817,2874903000,666,18,23.76,154,64,13,18.63,0.027,0.2312,0.0961,0.7222,0.7841,
2025-08-21,63563817,4190988309,1279,16,20.02,143,13,11,14.75,0.0125,0.1118,0.0102,0.6875,0.7368,
2025-08-21,63563817,4190988310,706,29,45.43,107,16,8,11.37,0.0411,0.1516,0.0227,0.2759,0.2503,
2025-08-21,495403620,8878077181,1329,962,626.13,1301,1220,961,626.03,0.7239,0.9789,0.918,0.999,0.9998,
2025-08-21,495403620,9628223555,66758,1532,856.43,13636,6024,1105,597.76,0.0229,0.2043,0.0902,0.7213,0.698,
2025-08-21,495817671,9630806627,47220,958,765.62,8628,3809,725,595.1,0.0203,0.1827,0.0807,0.7568,0.7773,
2025-08-21,500635396,9657930100,32318,1843,7070.01,23933,7318,1821,7032.52,0.057,0.7405,0.2264,0.9881,0.9947,
2025-08-21,500635396,9773660250,2359,34,94.77,426,95,33,94.49,0.0144,0.1806,0.0403,0.9706,0.997,
2025-08-21,525368335,9811363528,13660,32,22.0,210,97,21,16.48,0.0023,0.0154,0.0071,0.6562,0.7491,
2025-08-22,63563817,1841014603,604,21,27.94,121,103,14,16.84,0.0348,0.2003,0.1705,0.6667,0.6027,
2025-08-22,63563817,2526158329,144,8,14.05,5,0,0,0.0,0.0556,0.0347,0.0,0.0,0.0,
2025-08-22,63563817,2874903000,697,16,24.68,166,61,11,18.06,0.023,0.2382,0.0875,0.6875,0.7318,
2025-08-22,63563817,4190988309,1250,9,11.8,132,17,7,9.83,0.0072,0.1056,0.0136,0.7778,0.8331,
2025-08-22,63563817,4190988310,612,19,30.27,78,12,6,9.4,0.031,0.1275,0.0196,0.3158,0.3105,
2025-08-22,495403620,8878077181,1310,974,635.49,1292,1224,974,635.49,0.7435,0.9863,0.9344,1.0,1.0,
2025-08-22,495403620,9628223555,60559,1146,714.11,13634,5670,841,530.22,0.0189,0.2251,0.0936,0.7339,0.7425,
2025-08-22,495817671,9630806627,36314,857,676.5,7821,3443,626,520.72,0.0236,0.2154,0.0948,0.7305,0.7697,
2025-08-22,500635396,9657930100,36491,1602,6397.53,26393,6818,1597,6381.53,0.0439,0.7233,0.1868,0.9969,0.9975,
2025-08-22,500635396,9773660250,22,4,5.44,6,3,0,0.0,0.1818,0.2727,0.1364,0.0,0.0,
2025-08-22,525368335,9811363528,13418,18,13.85,154,50,10,9.29,0.0013,0.0115,0.0037,0.5556,0.6708,
2025-08-23,63563817,1841014603,496,20,25.3,78,60,12,13.6,0.0403,0.1573,0.121,0.6,0.5375,
2025-08-23,63563817,2526158329,21,1,1.88,3,0,1,1.88,0.0476,0.1429,0.0,1.0,1.0,
2025-08-23,63563817,2874903000,523,15,18.66,106,26,12,15.12,0.0287,0.2027,0.0497,0.8,0.8103,
2025-08-23,63563817,4190988309,897,6,8.34,109,10,4,5.68,0.0067,0.1215,0.0111,0.6667,0.6811,
2025-08-23,63563817,4190988310,493,16,24.58,56,3,1,1.52,0.0325,0.1136,0.0061,0.0625,0.0618,
2025-08-23,495403620,8878077181,1030,795,543.71,1017,964,795,543.71,0.7718,0.9874,0.9359,1.0,1.0,CTR极高
2025-08-23,495403620,9628223555,41234,920,638.27,9304,3906,641,457.8,0.0223,0.2256,0.0947,0.6967,0.7173,
2025-08-23,495817671,9630806627,27051,755,569.71,5984,2602,515,434.52,0.0279,0.2212,0.0962,0.6821,0.7627,
2025-08-23,500635396,9657930100,27253,1664,7077.61,21514,7094,1658,7067.86,0.0611,0.7894,0.2603,0.9964,0.9986,
2025-08-23,500635396,9773660250,27,4,4.16,15,5,2,3.68,0.1481,0.5556,0.1852,0.5,0.8846,
2025-08-23,525368335,9811363528,9526,6,3.98,131,39,2,1.98,0.0006,0.0138,0.0041,0.3333,0.4975,
2025-08-24,63563817,1841014603,403,13,15.09,86,66,12,13.79,0.0323,0.2134,0.1638,0.9231,0.9139,
2025-08-24,63563817,2526158329,28,0,0.0,2,1,0,0.0,0.0,0.0714,0.0357,,,
2025-08-24,63563817,2874903000,262,7,9.72,56,9,3,4.03,0.0267,0.2137,0.0344,0.4286,0.4146,
2025-08-24,63563817,4190988309,758,8,13.57,67,4,7,12.06,0.0106,0.0884,0.0053,0.875,0.8887,
2025-08-24,63563817,4190988310,295,5,7.34,47,12,3,4.86,0.0169,0.1593,0.0407,0.6,0.6621,
2025-08-24,495403620,8878077181,477,354,231.83,467,424,354,231.83,0.7421,0.979,0.8889,1.0,1.0,
2025-08-24,495403620,9628223555,52212,1288,742.15,10537,4757,900,532.43,0.0247,0.2018,0.0911,0.6988,0.7174,
2025-08-24,495817671,9630806627,38944,1053,732.72,7242,3365,696,573.72,0.027,0.186,0.0864,0.661,0.783,
2025-08-24,500635396,9657930100,15112,439,1109.72,9213,1781,430,1098.68,0.029,0.6096,0.1179,0.9795,0.9901,
2025-08-24,500635396,9773660250,14,1,1.62,8,6,0,0.0,0.0714,0.5714,0.4286,0.0,0.0,
2025-08-24,525368335,9811363528,13854,11,5.2,92,34,5,3.66,0.0008,0.0066,0.0025,0.4545,0.7038,
2025-08-25,63563817,1841014603,328,17,23.31,61,47,15,21.52,0.0518,0.186,0.1433,0.8824,0.9232,
2025-08-25,63563817,2526158329,15,0,0.0,0,0,0,0.0,0.0,0.0,0.0,,,
2025-08-25,63563817,2874903000,194,5,6.66,38,8,4,6.51,0.0258,0.1959,0.0412,0.8,0.9775,
2025-08-25,63563817,4190988309,590,5,6.53,39,7,4,5.06,0.0085,0.0661,0.0119,0.8,0.7749,
2025-08-25,63563817,4190988310,225,6,9.52,36,4,2,3.03,0.0267,0.16,0.0178,0.3333,0.3183,
2025-08-25,495403620,8878077181,456,336,217.38,448,423,336,217.38,0.7368,0.9825,0.9276,1.0,1.0,
2025-08-25,495403620,9628223555,43314,1215,825.8,10738,4878,923,681.96,0.0281,0.2479,0.1126,0.7597,0.8258,
2025-08-25,495817671,9630806627,22226,798,614.53,6903,3187,662,543.75,0.0359,0.3106,0.1434,0.8296,0.8848,
2025-08-25,500635396,9657930100,14159,389,939.56,8014,1391,381,931.38,0.0275,0.566,0.0982,0.9794,0.9913,
2025-08-25,500635396,9773660250,42,2,2.24,4,0,0,0.0,0.0476,0.0952,0.0,0.0,0.0,
2025-08-25,525368335,9811363528,12606,7,4.73,87,29,3,3.21,0.0006,0.0069,0.0023,0.4286,0.6786,
2025-08-26,63563817,1841014603,727,25,29.89,122,86,18,18.94,0.0344,0.1678,0.1183,0.72,0.6337,
2025-08-26,63563817,2526158329,32,0,0.0,2,1,0,0.0,0.0,0.0625,0.0312,,,
2025-08-26,63563817,2874903000,718,14,22.59,139,40,11,17.41,0.0195,0.1936,0.0557,0.7857,0.7707,
2025-08-26,63563817,4190988309,1466,10,13.72,115,19,4,4.72,0.0068,0.0784,0.013,0.4,0.344,
2025-08-26,63563817,4190988310,853,25,38.77,88,12,6,8.64,0.0293,0.1032,0.0141,0.24,0.2229,
2025-08-26,495403620,8878077181,1427,1039,677.48,1405,1317,1039,677.48,0.7281,0.9846,0.9229,1.0,1.0,
2025-08-26,495403620,9628223555,80277,1601,1177.48,14289,5993,1182,872.96,0.0199,0.178,0.0747,0.7383,0.7414,
2025-08-26,495817671,9630806627,55275,977,819.13,8619,3847,779,691.71,0.0177,0.1559,0.0696,0.7973,0.8444,
2025-08-26,500635396,9657930100,42912,1677,5886.25,27113,6355,1656,5864.62,0.0391,0.6318,0.1481,0.9875,0.9963,
2025-08-26,500635396,9773660250,43,2,2.12,2,0,0,0.0,0.0465,0.0465,0.0,0.0,0.0,
2025-08-26,525368335,9811363528,17606,23,19.81,165,59,18,16.0,0.0013,0.0094,0.0034,0.7826,0.8077,
2025-08-27,63563817,1841014603,736,27,36.47,131,103,21,25.78,0.0367,0.178,0.1399,0.7778,0.7069,
2025-08-27,63563817,2526158329,34,0,0.0,6,1,0,0.0,0.0,0.1765,0.0294,,,
2025-08-27,63563817,2874903000,648,19,27.02,132,49,13,19.09,0.0293,0.2037,0.0756,0.6842,0.7065,
2025-08-27,63563817,4190988309,1379,9,12.11,152,15,7,10.04,0.0065,0.1102,0.0109,0.7778,0.8291,
2025-08-27,63563817,4190988310,725,16,23.74,86,13,5,8.29,0.0221,0.1186,0.0179,0.3125,0.3492,
2025-08-27,495403620,8878077181,1469,1055,673.13,1448,1356,1055,673.13,0.7182,0.9857,0.9231,1.0,1.0,
2025-08-27,495403620,9628223555,172603,2050,1631.34,15574,6290,1155,952.25,0.0119,0.0902,0.0364,0.5634,0.5837,
2025-08-27,495817671,9630806627,59038,1419,904.38,9477,4260,1219,808.34,0.024,0.1605,0.0722,0.8591,0.8938,
2025-08-27,500635396,9657930100,41004,1524,5483.93,21616,5637,1499,5463.02,0.0372,0.5272,0.1375,0.9836,0.9962,
2025-08-27,500635396,9773660250,17,4,5.33,5,1,1,1.85,0.2353,0.2941,0.0588,0.25,0.3471,
2025-08-27,525368335,9811363528,16962,18,13.93,174,71,13,11.27,0.0011,0.0103,0.0042,0.7222,0.809,
2025-08-28,63563817,1841014603,660,37,44.41,125,108,30,31.93,0.0561,0.1894,0.1636,0.8108,0.719,
2025-08-28,63563817,2526158329,21,1,0.65,0,0,0,0.0,0.0476,0.0,0.0,0.0,0.0,
2025-08-28,63563817,2874903000,658,15,22.06,155,60,13,19.18,0.0228,0.2356,0.0912,0.8667,0.8694,
2025-08-28,63563817,4190988309,1367,7,10.26,123,7,5,7.21,0.0051,0.09,0.0051,0.7143,0.7027,
2025-08-28,63563817,4190988310,705,29,43.49,119,18,13,18.95,0.0411,0.1688,0.0255,0.4483,0.4357,
2025-08-28,495403620,8878077181,1415,1037,675.51,1384,1300,1037,675.51,0.7329,0.9781,0.9187,1.0,1.0,
2025-08-28,495403620,9628223555,154287,1842,1321.61,14168,5899,1008,743.64,0.0119,0.0918,0.0382,0.5472,0.5627,
2025-08-28,495817671,9630806627,42690,1088,865.05,9947,4439,895,760.57,0.0255,0.233,0.104,0.8226,0.8792,
2025-08-28,500635396,9657930100,40755,1275,3398.77,21547,4180,1242,3375.25,0.0313,0.5287,0.1026,0.9741,0.9931,
2025-08-28,500635396,9773660250,8,2,2.81,2,2,2,2.81,0.25,0.25,0.25,1.0,1.0,
2025-08-28,525368335,9811363528,14835,22,16.28,164,73,11,9.3,0.0015,0.0111,0.0049,0.5,0.5713,
2025-08-29,63563817,1841014603,615,25,29.91,119,98,16,16.85,0.0407,0.1935,0.1593,0.64,0.5634,
2025-08-29,63563817,2526158329,24,0,0.0,2,0,0,0.0,0.0,0.0833,0.0,,,
2025-08-29,63563817,2874903000,878,12,13.77,105,28,7,9.47,0.0137,0.1196,0.0319,0.5833,0.6877,
2025-08-29,63563817,4190988309,1173,8,9.22,102,9,4,4.98,0.0068,0.087,0.0077,0.5,0.5401,
2025-08-29,63563817,4190988310,616,19,26.72,81,12,6,8.2,0.0308,0.1315,0.0195,0.3158,0.3069,
2025-08-29,495403620,8878077181,1313,967,606.18,1286,1233,966,605.25,0.7365,0.9794,0.9391,0.999,0.9985,
2025-08-29,495403620,9628223555,140177,1733,1048.4,14820,6427,985,575.78,0.0124,0.1057,0.0458,0.5684,0.5492,
2025-08-29,495817671,9630806627,55606,975,631.05,8781,3815,748,532.25,0.0175,0.1579,0.0686,0.7672,0.8434,
2025-08-29,500635396,9657930100,38192,1184,3175.19,21295,4205,1156,3157.73,0.031,0.5576,0.1101,0.9764,0.9945,
2025-08-29,500635396,9773660250,11,0,0.0,3,0,0,0.0,0.0,0.2727,0.0,,,
2025-08-29,525368335,9811363528,15698,20,14.16,168,60,9,8.11,0.0013,0.0107,0.0038,0.45,0.5727,
2025-08-30,63563817,1841014603,693,82,86.6,218,178,71,71.3,0.1183,0.3146,0.2569,0.8659,0.8233,
2025-08-30,63563817,2526158329,26,0,0.0,0,0,0,0.0,0.0,0.0,0.0,,,
2025-08-30,63563817,2874903000,1852,7,8.0,66,17,6,7.5,0.0038,0.0356,0.0092,0.8571,0.9375,
2025-08-30,63563817,4190988309,1061,6,6.95,81,5,5,5.58,0.0057,0.0763,0.0047,0.8333,0.8029,
2025-08-30,63563817,4190988310,576,22,30.53,56,7,5,6.58,0.0382,0.0972,0.0122,0.2273,0.2155,
2025-08-30,495403620,8878077181,1378,1049,683.43,1361,1278,1049,683.43,0.7612,0.9877,0.9274,1.0,1.0,CTR极高
2025-08-30,495403620,9628223555,82579,1371,859.61,11445,4787,881,560.67,0.0166,0.1386,0.058,0.6426,0.6522,
2025-08-30,495817671,9630806627,49768,1104,617.91,8363,4002,859,545.14,0.0222,0.168,0.0804,0.7781,0.8822,
2025-08-30,500635396,9657930100,33856,1171,3256.74,19576,3977,1149,3245.48,0.0346,0.5782,0.1175,0.9812,0.9965,
2025-08-30,500635396,9773660250,13,2,2.22,2,0,0,0.0,0.1538,0.1538,0.0,0.0,0.0,
2025-08-30,525368335,9811363528,13763,16,9.97,130,56,8,6.5,0.0012,0.0094,0.0041,0.5,0.652,
2025-08-31,63563817,1841014603,392,18,20.08,75,64,12,13.42,0.0459,0.1913,0.1633,0.6667,0.6683,
2025-08-31,63563817,2526158329,30,1,0.65,1,1,0,0.0,0.0333,0.0333,0.0333,0.0,0.0,
2025-08-31,63563817,2874903000,1147,12,9.47,54,15,6,6.38,0.0105,0.0471,0.0131,0.5,0.6737,
2025-08-31,63563817,4190988309,810,2,2.31,32,7,1,1.57,0.0025,0.0395,0.0086,0.5,0.6797,
2025-08-31,63563817,4190988310,286,10,12.21,44,7,6,7.38,0.035,0.1538,0.0245,0.6,0.6044,
2025-08-31,495403620,8878077181,569,399,269.66,565,512,399,269.66,0.7012,0.993,0.8998,1.0,1.0,
2025-08-31,495403620,9628223555,32789,444,264.83,3664,1814,289,200.19,0.0135,0.1117,0.0553,0.6509,0.7559,
2025-08-31,495817671,9630806627,17743,376,205.93,2374,1253,296,179.54,0.0212,0.1338,0.0706,0.7872,0.8718,
2025-08-31,500635396,9657930100,15379,449,953.03,6315,1665,436,944.74,0.0292,0.4106,0.1083,0.971,0.9913,
2025-08-31,500635396,9773660250,21,3,3.98,4,0,1,1.6,0.1429,0.1905,0.0,0.3333,0.402,
2025-08-31,525368335,9811363528,16246,24,13.79,157,68,10,7.5,0.0015,0.0097,0.0042,0.4167,0.5439,
2025-09-01,63563817,1841014603,463,12,9.28,74,63,11,8.9,0.0259,0.1598,0.1361,0.9167,0.9591,
2025-09-01,63563817,2526158329,27,0,0.0,2,1,0,0.0,0.0,0.0741,0.037,,,
2025-09-01,63563817,2874903000,415,3,3.98,19,8,2,2.5,0.0072,0.0458,0.0193,0.6667,0.6281,
2025-09-01,63563817,4190988309,1023,3,2.67,46,9,3,2.67,0.0029,0.045,0.0088,1.0,1.0,
2025-09-01,63563817,4190988310,287,4,5.14,37,5,2,2.67,0.0139,0.1289,0.0174,0.5,0.5195,
2025-09-01,495403620,8878077181,557,381,253.9,550,506,381,253.9,0.684,0.9874,0.9084,1.0,1.0,
2025-09-01,495403620,9628223555,2609,24,20.52,199,20,20,18.31,0.0092,0.0763,0.0077,0.8333,0.8923,
2025-09-01,495817671,9630806627,2096,21,15.11,147,11,14,10.64,0.01,0.0701,0.0052,0.6667,0.7042,
2025-09-01,500635396,9657930100,13844,396,659.35,5998,1175,392,655.61,0.0286,0.4333,0.0849,0.9899,0.9943,
2025-09-01,500635396,9773660250,7,0,0.0,2,1,0,0.0,0.0,0.2857,0.1429,,,
2025-09-01,525368335,9811363528,20503,23,10.26,137,71,9,5.7,0.0011,0.0067,0.0035,0.3913,0.5556,
2025-09-02,63563817,1841014603,679,40,45.31,163,121,32,33.88,0.0589,0.2401,0.1782,0.8,0.7477,
2025-09-02,63563817,2526158329,34,0,0.0,0,0,0,0.0,0.0,0.0,0.0,,,
2025-09-02,63563817,2874903000,1740,17,20.54,117,45,14,18.61,0.0098,0.0672,0.0259,0.8235,0.906,
2025-09-02,63563817,4190988309,1441,9,7.2,130,14,6,5.05,0.0062,0.0902,0.0097,0.6667,0.7014,
2025-09-02,63563817,4190988310,712,20,25.84,97,9,7,8.75,0.0281,0.1362,0.0126,0.35,0.3386,
2025-09-02,495403620,8878077181,1732,1217,836.81,1700,1591,1217,836.81,0.7027,0.9815,0.9186,1.0,1.0,
2025-09-02,495403620,9628223555,31608,904,561.58,12165,4810,782,512.46,0.0286,0.3849,0.1522,0.865,0.9125,
2025-09-02,495817671,9630806627,15458,568,449.93,6140,1980,496,407.97,0.0367,0.3972,0.1281,0.8732,0.9067,
2025-09-02,500635396,9657930100,37194,1353,3297.75,20682,4638,1322,3270.46,0.0364,0.5561,0.1247,0.9771,0.9917,
2025-09-02,500635396,9773660250,12,0,0.0,6,3,0,0.0,0.0,0.5,0.25,,,
2025-09-02,525368335,9811363528,24308,30,13.21,224,95,10,6.21,0.0012,0.0092,0.0039,0.3333,0.4701,
2025-09-03,63563817,1841014603,778,35,36.89,153,115,30,30.65,0.045,0.1967,0.1478,0.8571,0.8308,
2025-09-03,63563817,2526158329,38,1,0.68,2,0,0,0.0,0.0263,0.0526,0.0,0.0,0.0,
2025-09-03,63563817,2874903000,1830,11,11.55,114,40,6,6.84,0.006,0.0623,0.0219,0.5455,0.5922,
2025-09-03,63563817,4190988309,2059,13,14.78,123,20,11,13.02,0.0063,0.0597,0.0097,0.8462,0.8809,
2025-09-03,63563817,4190988310,881,21,27.32,73,8,7,9.06,0.0238,0.0829,0.0091,0.3333,0.3316,
2025-09-03,495403620,8878077181,1660,1181,803.05,1629,1464,1180,801.84,0.7114,0.9813,0.8819,0.9992,0.9985,
2025-09-03,495403620,9628223555,45485,1546,725.41,14995,6280,1263,599.66,0.034,0.3297,0.1381,0.8169,0.8266,
2025-09-03,495817671,9630806627,31640,698,441.49,7371,2553,472,380.8,0.0221,0.233,0.0807,0.6762,0.8625,
2025-09-03,500635396,9657930100,42186,1184,2862.88,18485,3881,1146,2833.51,0.0281,0.4382,0.092,0.9679,0.9897,
2025-09-03,500635396,9773660250,63,3,3.06,14,3,1,1.58,0.0476,0.2222,0.0476,0.3333,0.5163,
2025-09-03,525368335,9811363528,19110,39,21.74,236,95,21,13.56,0.002,0.0123,0.005,0.5385,0.6237,
2025-09-04,63563817,1841014603,822,45,45.51,172,131,38,35.7,0.0547,0.2092,0.1594,0.8444,0.7844,
2025-09-04,63563817,2526158329,26,0,0.0,5,1,0,0.0,0.0,0.1923,0.0385,,,
2025-09-04,63563817,2874903000,1924,16,14.71,128,41,14,13.81,0.0083,0.0665,0.0213,0.875,0.9388,
2025-09-04,63563817,4190988309,1431,12,11.88,147,21,4,3.94,0.0084,0.1027,0.0147,0.3333,0.3316,
2025-09-04,63563817,4190988310,845,26,33.56,87,11,6,9.24,0.0308,0.103,0.013,0.2308,0.2753,
2025-09-04,495403620,8878077181,1645,1260,849.63,1632,1526,1260,849.63,0.766,0.9921,0.9277,1.0,1.0,CTR极高
2025-09-04,495403620,9628223555,15738,313,202.07,4229,1453,236,170.06,0.0199,0.2687,0.0923,0.754,0.8416,
2025-09-04,495817671,9630806627,10124,278,193.91,2892,926,204,169.33,0.0275,0.2857,0.0915,0.7338,0.8732,
2025-09-04,500635396,9657930100,45350,1293,3111.04,20189,4046,1247,3079.48,0.0285,0.4452,0.0892,0.9644,0.9899,
2025-09-04,500635396,9773660250,50,6,7.1,11,4,0,0.0,0.12,0.22,0.08,0.0,0.0,
2025-09-04,525368335,9811363528,17521,27,18.14,238,93,11,9.76,0.0015,0.0136,0.0053,0.4074,0.538,
2025-09-05,63563817,1841014603,698,22,23.64,133,111,18,18.17,0.0315,0.1905,0.159,0.8182,0.7686,
2025-09-05,63563817,2526158329,41,0,0.0,2,1,0,0.0,0.0,0.0488,0.0244,,,
2025-09-05,63563817,2874903000,1997,15,13.65,127,50,11,12.08,0.0075,0.0636,0.025,0.7333,0.885,
2025-09-05,63563817,4190988309,1345,7,6.83,113,12,3,3.16,0.0052,0.084,0.0089,0.4286,0.4627,
2025-09-05,63563817,4190988310,792,7,9.85,69,13,3,4.3,0.0088,0.0871,0.0164,0.4286,0.4365,
2025-09-05,495403620,8878077181,1326,1013,652.79,1311,1241,1013,652.79,0.764,0.9887,0.9359,1.0,1.0,CTR极高
2025-09-05,495403620,9628223555,3454,56,41.94,568,76,47,35.49,0.0162,0.1644,0.022,0.8393,0.8462,
2025-09-05,495817671,9630806627,3655,43,33.88,370,37,26,21.61,0.0118,0.1012,0.0101,0.6047,0.6378,
2025-09-05,500635396,9657930100,40748,1651,5192.29,24349,5565,1629,5176.91,0.0405,0.5976,0.1366,0.9867,0.997,
2025-09-05,500635396,9700005700,2,0,0.0,0,0,0,0.0,0.0,0.0,0.0,,,
2025-09-05,500635396,9773660250,51,2,3.73,13,7,1,3.21,0.0392,0.2549,0.1373,0.5,0.8606,
2025-09-05,525368335,9811363528,13765,41,30.61,205,98,26,22.71,0.003,0.0149,0.0071,0.6341,0.7419,
2025-09-06,63563817,1841014603,687,23,25.47,130,92,21,22.51,0.0335,0.1892,0.1339,0.913,0.8838,
2025-09-06,63563817,2526158329,21,0,0.0,1,1,0,0.0,0.0,0.0476,0.0476,,,
2025-09-06,63563817,2874903000,633,14,14.66,97,51,10,11.42,0.0221,0.1532,0.0806,0.7143,0.779,
2025-09-06,63563817,4190988309,1322,11,9.74,139,20,8,6.69,0.0083,0.1051,0.0151,0.7273,0.6869,
2025-09-06,63563817,4190988310,698,16,21.21,84,5,6,8.09,0.0229,0.1203,0.0072,0.375,0.3814,
2025-09-06,495403620,8878077181,1501,1130,744.53,1480,1398,1129,743.4,0.7528,0.986,0.9314,0.9991,0.9985,
2025-09-06,495403620,9628223555,3406,58,46.68,471,55,45,37.71,0.017,0.1383,0.0161,0.7759,0.8078,
2025-09-06,495817671,9630806627,3996,34,26.86,384,34,26,21.88,0.0085,0.0961,0.0085,0.7647,0.8146,
2025-09-06,500635396,9657930100,41449,1544,4833.94,24627,5249,1525,4813.18,0.0373,0.5942,0.1266,0.9877,0.9957,
2025-09-06,500635396,9700005700,99,0,0.0,0,0,0,0.0,0.0,0.0,0.0,,,
2025-09-06,500635396,9773660250,53,6,8.94,16,5,3,5.6,0.1132,0.3019,0.0943,0.5,0.6264,
2025-09-06,525368335,9811363528,16191,19,11.92,197,72,8,6.7,0.0012,0.0122,0.0044,0.4211,0.5621,
2025-09-07,63563817,1841014603,418,12,14.33,75,43,11,13.67,0.0287,0.1794,0.1029,0.9167,0.9539,
2025-09-07,63563817,2526158329,15,0,0.0,1,0,0,0.0,0.0,0.0667,0.0,,,
2025-09-07,63563817,2874903000,227,7,6.83,45,8,2,3.11,0.0308,0.1982,0.0352,0.2857,0.4553,
2025-09-07,63563817,4190988309,831,4,5.13,67,16,2,3.03,0.0048,0.0806,0.0193,0.5,0.5906,
2025-09-07,63563817,4190988310,311,7,6.93,53,9,6,6.26,0.0225,0.1704,0.0289,0.8571,0.9033,
2025-09-07,495403620,8878077181,522,348,227.32,503,455,348,227.32,0.6667,0.9636,0.8716,1.0,1.0,
2025-09-07,495403620,9628223555,2373,12,9.03,211,42,10,7.88,0.0051,0.0889,0.0177,0.8333,0.8726,
2025-09-07,495817671,9630806627,1917,14,10.07,167,13,12,9.03,0.0073,0.0871,0.0068,0.8571,0.8967,
2025-09-07,500635396,9657930100,15650,539,1594.83,8969,2087,529,1587.75,0.0344,0.5731,0.1334,0.9814,0.9956,
2025-09-07,500635396,9773660250,20,1,1.33,0,0,0,0.0,0.05,0.0,0.0,0.0,0.0,
2025-09-07,525368335,9811363528,13152,17,11.04,131,54,9,7.55,0.0013,0.01,0.0041,0.5294,0.6839,
2025-09-08,63563817,1841014603,371,10,11.72,52,31,9,10.37,0.027,0.1402,0.0836,0.9,0.8848,
2025-09-08,63563817,2526158329,15,0,0.0,1,1,0,0.0,0.0,0.0667,0.0667,,,
2025-09-08,63563817,2874903000,158,0,0.0,17,5,0,0.0,0.0,0.1076,0.0316,,,
2025-09-08,63563817,4190988309,678,4,3.64,36,4,4,3.64,0.0059,0.0531,0.0059,1.0,1.0,
2025-09-08,63563817,4190988310,308,1,0.71,32,8,1,0.71,0.0032,0.1039,0.026,1.0,1.0,
2025-09-08,495403620,8878077181,437,297,184.28,423,381,297,184.28,0.6796,0.968,0.8719,1.0,1.0,
2025-09-08,495403620,9628223555,2000,20,14.71,206,30,12,10.23,0.01,0.103,0.015,0.6,0.6954,
2025-09-08,495817671,9630806627,1714,15,10.65,167,18,11,8.18,0.0088,0.0974,0.0105,0.7333,0.7681,
2025-09-08,500635396,9657930100,14330,551,1604.55,8881,2013,537,1589.16,0.0385,0.6197,0.1405,0.9746,0.9904,
2025-09-08,500635396,9700005700,57,0,0.0,0,0,0,0.0,0.0,0.0,0.0,,,
2025-09-08,500635396,9773660250,23,0,0.0,1,0,0,0.0,0.0,0.0435,0.0,,,
2025-09-08,525368335,9811363528,12823,11,6.69,104,37,6,5.33,0.0009,0.0081,0.0029,0.5455,0.7967,
2025-09-09,63563817,1841014603,967,43,42.76,162,111,37,34.83,0.0445,0.1675,0.1148,0.8605,0.8145,
2025-09-09,63563817,2526158329,44,0,0.0,3,2,0,0.0,0.0,0.0682,0.0455,,,
2025-09-09,63563817,2874903000,559,9,11.06,111,31,8,9.5,0.0161,0.1986,0.0555,0.8889,0.859,
2025-09-09,63563817,4190988309,1701,7,7.03,153,27,4,4.53,0.0041,0.0899,0.0159,0.5714,0.6444,
2025-09-09,63563817,4190988310,827,19,23.97,111,9,10,13.05,0.023,0.1342,0.0109,0.5263,0.5444,
2025-09-09,495403620,8878077181,1764,1315,888.48,1744,1632,1315,888.48,0.7455,0.9887,0.9252,1.0,1.0,
2025-09-09,495403620,9628223555,4507,75,61.48,582,89,58,49.29,0.0166,0.1291,0.0197,0.7733,0.8017,
2025-09-09,495817671,9630806627,4520,67,51.0,537,81,47,38.5,0.0148,0.1188,0.0179,0.7015,0.7549,
2025-09-09,500635396,9657930100,45567,1666,4857.36,27264,5842,1643,4837.93,0.0366,0.5983,0.1282,0.9862,0.996,
2025-09-09,500635396,9773660250,49,0,0.0,1,0,0,0.0,0.0,0.0204,0.0,,,
2025-09-09,525368335,9811363528,21641,55,34.99,276,145,30,25.28,0.0025,0.0128,0.0067,0.5455,0.7225,
2025-09-10,63563817,1841014603,712,45,51.58,137,91,34,36.27,0.0632,0.1924,0.1278,0.7556,0.7032,
2025-09-10,63563817,2526158329,46,0,0.0,6,1,0,0.0,0.0,0.1304,0.0217,,,
2025-09-10,63563817,2874903000,518,11,11.86,82,27,6,7.62,0.0212,0.1583,0.0521,0.5455,0.6425,
2025-09-10,63563817,4190988309,1482,9,9.19,133,16,4,4.1,0.0061,0.0897,0.0108,0.4444,0.4461,
2025-09-10,63563817,4190988310,671,17,22.46,110,16,11,14.53,0.0253,0.1639,0.0238,0.6471,0.6469,
2025-09-10,495403620,8878077181,1581,1194,823.0,1548,1431,1193,822.9,0.7552,0.9791,0.9051,0.9992,0.9999,
2025-09-10,495403620,9628223555,4274,62,50.28,550,83,54,45.11,0.0145,0.1287,0.0194,0.871,0.8972,
2025-09-10,495817671,9630806627,4203,59,45.85,465,76,46,36.98,0.014,0.1106,0.0181,0.7797,0.8065,
2025-09-10,500635396,9657930100,41359,1634,4729.36,25464,4933,1622,4714.69,0.0395,0.6157,0.1193,0.9927,0.9969,
2025-09-10,500635396,9773660250,34,1,1.85,4,0,0,0.0,0.0294,0.1176,0.0,0.0,0.0,
2025-09-10,525368335,9811363528,18272,50,29.94,318,160,31,21.7,0.0027,0.0174,0.0088,0.62,0.7248,
2025-09-11,63563817,1841014603,766,31,30.95,133,85,29,27.95,0.0405,0.1736,0.111,0.9355,0.9031,
2025-09-11,63563817,2526158329,62,0,0.0,2,1,0,0.0,0.0,0.0323,0.0161,,,
2025-09-11,63563817,2874903000,483,16,19.98,103,41,11,14.38,0.0331,0.2133,0.0849,0.6875,0.7197,
2025-09-11,63563817,4190988309,1508,14,13.33,164,25,11,10.75,0.0093,0.1088,0.0166,0.7857,0.8065,
2025-09-11,63563817,4190988310,705,19,23.61,111,13,8,9.86,0.027,0.1574,0.0184,0.4211,0.4176,
2025-09-11,495403620,8878077181,1651,1235,875.6,1597,1477,1235,875.6,0.748,0.9673,0.8946,1.0,1.0,
2025-09-11,495403620,9628223555,5149,64,51.62,560,90,54,44.78,0.0124,0.1088,0.0175,0.8438,0.8675,
2025-09-11,495817671,9630806627,3665,50,41.9,461,67,44,36.77,0.0136,0.1258,0.0183,0.88,0.8776,
2025-09-11,500635396,9657930100,42689,1625,4794.35,26417,5450,1607,4773.17,0.0381,0.6188,0.1277,0.9889,0.9956,
2025-09-11,500635396,9773660250,47,0,0.0,1,0,0,0.0,0.0,0.0213,0.0,,,
2025-09-11,525368335,9811363528,20484,70,47.04,417,225,47,34.41,0.0034,0.0204,0.011,0.6714,0.7315,
2025-09-12,63563817,1841014603,813,36,37.32,150,96,26,24.28,0.0443,0.1845,0.1181,0.7222,0.6506,
2025-09-12,63563817,2526158329,47,2,1.79,5,2,0,0.0,0.0426,0.1064,0.0426,0.0,0.0,
2025-09-12,63563817,2874903000,537,11,11.54,99,35,7,8.69,0.0205,0.1844,0.0652,0.6364,0.753,
2025-09-12,63563817,4190988309,1345,6,5.81,123,16,4,3.93,0.0045,0.0914,0.0119,0.6667,0.6764,
2025-09-12,63563817,4190988310,795,14,19.07,100,5,6,7.93,0.0176,0.1258,0.0063,0.4286,0.4158,
2025-09-12,495403620,8878077181,1487,1120,795.66,1443,1320,1117,793.11,0.7532,0.9704,0.8877,0.9973,0.9968,
2025-09-12,495403620,9628223555,5135,81,64.9,633,117,63,52.49,0.0158,0.1233,0.0228,0.7778,0.8088,
2025-09-12,495817671,9630806627,3700,53,44.93,476,111,44,38.02,0.0143,0.1286,0.03,0.8302,0.8462,
2025-09-12,500635396,9657930100,42075,1568,4587.95,26114,5166,1554,4566.81,0.0373,0.6207,0.1228,0.9911,0.9954,
2025-09-12,500635396,9773660250,19,0,0.0,2,0,0,0.0,0.0,0.1053,0.0,,,
2025-09-12,525368335,9811363528,21622,69,47.76,531,335,44,33.67,0.0032,0.0246,0.0155,0.6377,0.705,
2025-09-13,63563817,1841014603,795,35,35.77,167,122,31,30.16,0.044,0.2101,0.1535,0.8857,0.8432,
2025-09-13,63563817,2526158329,37,0,0.0,2,2,0,0.0,0.0,0.0541,0.0541,,,
2025-09-13,63563817,2874903000,495,11,12.19,107,33,8,10.71,0.0222,0.2162,0.0667,0.7273,0.8786,
2025-09-13,63563817,4190988309,1760,10,9.69,144,24,6,5.12,0.0057,0.0818,0.0136,0.6,0.5284,
2025-09-13,63563817,4190988310,705,11,14.42,78,7,2,2.46,0.0156,0.1106,0.0099,0.1818,0.1706,
2025-09-13,495403620,8878077181,1415,987,687.78,1373,1277,987,687.78,0.6975,0.9703,0.9025,1.0,1.0,
2025-09-13,495403620,9628223555,5525,70,58.52,611,121,55,47.43,0.0127,0.1106,0.0219,0.7857,0.8105,
2025-09-13,495817671,9630806627,3814,39,32.75,444,75,30,26.55,0.0102,0.1164,0.0197,0.7692,0.8107,
2025-09-13,500635396,9657930100,39683,1487,4439.45,24483,5127,1474,4425.28,0.0375,0.617,0.1292,0.9913,0.9968,
2025-09-13,500635396,9773660250,17,0,0.0,1,0,0,0.0,0.0,0.0588,0.0,,,
2025-09-13,525368335,9811363528,21809,74,48.37,434,253,51,37.57,0.0034,0.0199,0.0116,0.6892,0.7767,
2025-09-14,63563817,1841014603,630,22,22.85,117,87,20,19.76,0.0349,0.1857,0.1381,0.9091,0.8648,
2025-09-14,63563817,2526158329,29,0,0.0,0,0,0,0.0,0.0,0.0,0.0,,,
2025-09-14,63563817,2874903000,485,11,12.64,126,56,10,12.49,0.0227,0.2598,0.1155,0.9091,0.9881,
2025-09-14,63563817,4190988309,1304,10,13.43,128,22,7,10.38,0.0077,0.0982,0.0169,0.7,0.7729,
2025-09-14,63563817,4190988310,738,25,31.05,80,15,8,9.19,0.0339,0.1084,0.0203,0.32,0.296,
2025-09-14,495403620,8878077181,1266,911,593.84,1235,1175,910,593.73,0.7196,0.9755,0.9281,0.9989,0.9998,
2025-09-14,495403620,9628223555,4341,65,53.3,452,89,56,47.39,0.015,0.1041,0.0205,0.8615,0.8891,
2025-09-14,495817671,9630806627,3360,41,34.42,423,66,39,32.8,0.0122,0.1259,0.0196,0.9512,0.9529,
2025-09-14,500635396,9657930100,33110,1440,4441.75,20966,5248,1427,4432.75,0.0435,0.6332,0.1585,0.991,0.998,
2025-09-14,500635396,9773660250,22,0,0.0,4,0,0,0.0,0.0,0.1818,0.0,,,
2025-09-14,525368335,9811363528,16835,61,42.49,465,297,47,36.21,0.0036,0.0276,0.0176,0.7705,0.8522,
2025-09-15,63563817,1841014603,319,9,7.99,47,35,8,7.06,0.0282,0.1473,0.1097,0.8889,0.8836,
2025-09-15,63563817,2526158329,18,0,0.0,0,0,0,0.0,0.0,0.0,0.0,,,
2025-09-15,63563817,2874903000,177,4,3.6,25,11,2,2.93,0.0226,0.1412,0.0621,0.5,0.8139,
2025-09-15,63563817,4190988309,629,2,0.96,35,6,1,0.48,0.0032,0.0556,0.0095,0.5,0.5,
2025-09-15,63563817,4190988310,239,3,2.89,26,5,2,2.29,0.0126,0.1088,0.0209,0.6667,0.7924,
2025-09-15,495403620,8878077181,353,251,167.74,328,299,251,167.74,0.711,0.9292,0.847,1.0,1.0,
2025-09-15,495403620,9628223555,2395,20,14.67,164,35,14,10.84,0.0084,0.0685,0.0146,0.7,0.7389,
2025-09-15,495817671,9630806627,1602,19,17.37,119,39,14,13.53,0.0119,0.0743,0.0243,0.7368,0.7789,
2025-09-15,500635396,9657930100,7444,202,304.31,2699,697,197,300.74,0.0271,0.3626,0.0936,0.9752,0.9883,
2025-09-15,500635396,9773660250,25,0,0.0,2,1,0,0.0,0.0,0.08,0.04,,,
2025-09-15,525368335,9811363528,15272,23,15.8,216,156,13,11.05,0.0015,0.0141,0.0102,0.5652,0.6994,
2025-09-16,63563817,1841014603,242,7,7.78,50,35,6,6.33,0.0289,0.2066,0.1446,0.8571,0.8136,
2025-09-16,63563817,2526158329,50,0,0.0,1,0,0,0.0,0.0,0.02,0.0,,,
2025-09-16,63563817,2874903000,141,4,6.13,21,8,4,6.13,0.0284,0.1489,0.0567,1.0,1.0,
2025-09-16,63563817,4190988309,629,4,3.84,28,11,4,3.84,0.0064,0.0445,0.0175,1.0,1.0,
2025-09-16,63563817,4190988310,167,5,5.88,26,9,3,3.12,0.0299,0.1557,0.0539,0.6,0.5306,
2025-09-16,495403620,8878077181,279,187,122.72,266,241,187,122.72,0.6703,0.9534,0.8638,1.0,1.0,
2025-09-16,495403620,9628223555,1871,9,6.92,140,22,7,5.99,0.0048,0.0748,0.0118,0.7778,0.8656,
2025-09-16,495817671,9630806627,1548,13,9.42,106,40,9,7.9,0.0084,0.0685,0.0258,0.6923,0.8386,
2025-09-16,500635396,9657930100,7740,185,241.64,2278,523,174,233.51,0.0239,0.2943,0.0676,0.9405,0.9664,
2025-09-16,500635396,9773660250,40,0,0.0,0,0,0,0.0,0.0,0.0,0.0,,,
2025-09-16,525368335,9811363528,14675,26,15.35,206,147,17,12.69,0.0018,0.014,0.01,0.6538,0.8267,
2025-09-17,63563817,1841014603,340,3,3.36,43,26,3,3.36,0.0088,0.1265,0.0765,1.0,1.0,
2025-09-17,63563817,2526158329,27,0,0.0,0,0,0,0.0,0.0,0.0,0.0,,,
2025-09-17,63563817,2874903000,133,4,2.76,21,6,3,2.03,0.0301,0.1579,0.0451,0.75,0.7355,
2025-09-17,63563817,4190988309,599,1,1.5,26,4,1,1.5,0.0017,0.0434,0.0067,1.0,1.0,
2025-09-17,63563817,4190988310,252,3,3.72,24,5,3,3.72,0.0119,0.0952,0.0198,1.0,1.0,
2025-09-17,495403620,8878077181,332,231,151.36,308,269,231,151.36,0.6958,0.9277,0.8102,1.0,1.0,
2025-09-17,495403620,9628223555,1657,10,8.6,143,13,6,5.31,0.006,0.0863,0.0078,0.6,0.6174,
2025-09-17,495817671,9630806627,1588,12,6.01,104,34,5,2.8,0.0076,0.0655,0.0214,0.4167,0.4659,
2025-09-17,500635396,9657930100,8552,189,238.85,2522,679,184,235.1,0.0221,0.2949,0.0794,0.9735,0.9843,
2025-09-17,500635396,9773660250,30,0,0.0,0,0,0,0.0,0.0,0.0,0.0,,,
2025-09-17,525368335,9811363528,15930,23,17.03,205,139,16,13.18,0.0014,0.0129,0.0087,0.6957,0.7739,
2025-09-18,63563817,1841014603,647,26,29.7,139,111,19,19.52,0.0402,0.2148,0.1716,0.7308,0.6572,
2025-09-18,63563817,2526158329,41,1,1.57,3,0,1,1.57,0.0244,0.0732,0.0,1.0,1.0,
2025-09-18,63563817,2874903000,503,16,20.65,112,43,13,17.0,0.0318,0.2227,0.0855,0.8125,0.8232,
2025-09-18,63563817,4190988309,1407,9,10.26,123,21,8,9.18,0.0064,0.0874,0.0149,0.8889,0.8947,
2025-09-18,63563817,4190988310,652,19,26.38,59,4,3,4.15,0.0291,0.0905,0.0061,0.1579,0.1573,
2025-09-18,495403620,8878077181,1483,1027,668.63,1448,1372,1027,668.63,0.6925,0.9764,0.9252,1.0,1.0,
2025-09-18,495403620,9628223555,4429,63,53.11,665,199,56,48.47,0.0142,0.1501,0.0449,0.8889,0.9126,
2025-09-18,495817671,9630806627,3782,37,30.51,441,43,29,25.33,0.0098,0.1166,0.0114,0.7838,0.8302,
2025-09-18,500635396,9657930100,37231,1472,4131.79,21114,4799,1443,4099.36,0.0395,0.5671,0.1289,0.9803,0.9922,
2025-09-18,500635396,9773660250,1,0,0.0,0,0,0,0.0,0.0,0.0,0.0,,,
2025-09-18,525368335,9811363528,18947,78,51.93,549,305,56,40.47,0.0041,0.029,0.0161,0.7179,0.7793,
2025-09-19,63563817,1841014603,575,33,37.04,135,103,30,33.03,0.0574,0.2348,0.1791,0.9091,0.8917,
2025-09-19,63563817,2526158329,33,0,0.0,1,0,0,0.0,0.0,0.0303,0.0,,,
2025-09-19,63563817,2874903000,484,13,13.88,80,23,10,12.39,0.0269,0.1653,0.0475,0.7692,0.8927,
2025-09-19,63563817,4190988309,1318,9,8.48,129,22,6,5.9,0.0068,0.0979,0.0167,0.6667,0.6958,
2025-09-19,63563817,4190988310,687,15,20.15,63,7,7,9.12,0.0218,0.0917,0.0102,0.4667,0.4526,
2025-09-19,495403620,8878077181,1386,924,613.13,1348,1284,924,613.13,0.6667,0.9726,0.9264,1.0,1.0,
2025-09-19,495403620,9628223555,3314,56,44.37,450,59,46,37.99,0.0169,0.1358,0.0178,0.8214,0.8562,
2025-09-19,495817671,9630806627,2900,36,27.99,356,52,28,21.85,0.0124,0.1228,0.0179,0.7778,0.7806,
2025-09-19,500635396,9657930100,34725,1438,4204.29,22990,4838,1428,4193.47,0.0414,0.6621,0.1393,0.993,0.9974,
2025-09-19,500635396,9773660250,4,0,0.0,0,0,0,0.0,0.0,0.0,0.0,,,
2025-09-19,525368335,9811363528,15674,71,52.48,522,315,47,36.39,0.0045,0.0333,0.0201,0.662,0.6934,
2025-09-20,63563817,1841014603,567,26,30.06,162,121,22,25.14,0.0459,0.2857,0.2134,0.8462,0.8363,
2025-09-20,63563817,2526158329,23,0,0.0,0,0,0,0.0,0.0,0.0,0.0,,,
2025-09-20,63563817,2874903000,452,5,7.5,102,44,4,5.95,0.0111,0.2257,0.0973,0.8,0.7933,
2025-09-20,63563817,4190988309,1192,15,15.14,136,15,12,12.24,0.0126,0.1141,0.0126,0.8,0.8085,
2025-09-20,63563817,4190988310,547,13,15.15,78,7,8,8.9,0.0238,0.1426,0.0128,0.6154,0.5875,
2025-09-20,495403620,8878077181,1474,971,641.42,1432,1358,970,641.27,0.6588,0.9715,0.9213,0.999,0.9998,
2025-09-20,495403620,9628223555,3288,56,46.48,537,83,51,42.27,0.017,0.1633,0.0252,0.9107,0.9094,
2025-09-20,495817671,9630806627,3052,25,20.88,315,36,20,17.65,0.0082,0.1032,0.0118,0.8,0.8453,
2025-09-20,500635396,9657930100,38326,1468,4176.19,24246,4983,1449,4162.18,0.0383,0.6326,0.13,0.9871,0.9966,
2025-09-20,500635396,9773660250,3,0,0.0,0,0,0,0.0,0.0,0.0,0.0,,,
2025-09-20,525368335,9811363528,17383,70,50.0,504,280,49,40.32,0.004,0.029,0.0161,0.7,0.8064,
2025-09-21,63563817,1841014603,358,7,6.2,70,52,7,6.2,0.0196,0.1955,0.1453,1.0,1.0,
2025-09-21,63563817,2526158329,27,0,0.0,1,0,0,0.0,0.0,0.037,0.0,,,
2025-09-21,63563817,2874903000,231,6,7.31,48,26,5,5.91,0.026,0.2078,0.1126,0.8333,0.8085,
2025-09-21,63563817,4190988309,819,4,4.05,67,6,3,3.33,0.0049,0.0818,0.0073,0.75,0.8222,
2025-09-21,63563817,4190988310,326,11,13.77,73,11,6,6.81,0.0337,0.2239,0.0337,0.5455,0.4946,
2025-09-21,495403620,8878077181,546,346,215.28,521,477,345,215.18,0.6337,0.9542,0.8736,0.9971,0.9995,
2025-09-21,495403620,9628223555,2996,22,18.23,263,74,16,13.52,0.0073,0.0878,0.0247,0.7273,0.7416,
2025-09-21,495817671,9630806627,1964,14,11.65,219,72,10,9.12,0.0071,0.1115,0.0367,0.7143,0.7828,
2025-09-21,500635396,9657930100,17616,543,1446.19,9178,2106,534,1438.28,0.0308,0.521,0.1196,0.9834,0.9945,
2025-09-21,525368335,9811363528,13759,44,31.68,406,253,29,23.66,0.0032,0.0295,0.0184,0.6591,0.7468,
2025-09-22,63563817,1841014603,278,15,14.08,57,39,14,12.6,0.054,0.205,0.1403,0.9333,0.8949,
2025-09-22,63563817,2526158329,18,0,0.0,0,0,0,0.0,0.0,0.0,0.0,,,
2025-09-22,63563817,2874903000,192,5,6.42,37,20,5,6.42,0.026,0.1927,0.1042,1.0,1.0,
2025-09-22,63563817,4190988309,751,3,2.39,56,10,2,1.8,0.004,0.0746,0.0133,0.6667,0.7531,
2025-09-22,63563817,4190988310,228,4,4.27,50,6,2,1.69,0.0175,0.2193,0.0263,0.5,0.3958,
2025-09-22,495403620,8878077181,529,325,215.23,514,459,325,215.23,0.6144,0.9716,0.8677,1.0,1.0,
2025-09-22,495403620,9628223555,2401,14,11.05,228,39,11,8.62,0.0058,0.095,0.0162,0.7857,0.7801,
2025-09-22,495817671,9630806627,2142,21,16.68,211,73,17,14.26,0.0098,0.0985,0.0341,0.8095,0.8549,
2025-09-22,500635396,9657930100,15614,613,1638.6,8505,2031,600,1625.57,0.0393,0.5447,0.1301,0.9788,0.992,
2025-09-22,525368335,9811363528,17245,32,23.97,357,204,25,20.1,0.0019,0.0207,0.0118,0.7812,0.8385,
2025-09-23,63563817,1841014603,348,12,12.83,81,60,11,12.43,0.0345,0.2328,0.1724,0.9167,0.9688,
2025-09-23,63563817,2526158329,25,1,0.15,0,0,0,0.0,0.04,0.0,0.0,0.0,0.0,
2025-09-23,63563817,2874903000,403,11,15.71,81,34,11,15.71,0.0273,0.201,0.0844,1.0,1.0,
2025-09-23,63563817,4190988309,1183,8,7.23,97,10,4,3.3,0.0068,0.082,0.0085,0.5,0.4564,
2025-09-23,63563817,4190988310,359,4,5.19,42,3,2,2.16,0.0111,0.117,0.0084,0.5,0.4162,
2025-09-23,495403620,8878077181,1154,855,571.43,1139,1083,855,571.43,0.7409,0.987,0.9385,1.0,1.0,
2025-09-23,495403620,9628223555,3213,49,41.42,409,60,43,36.44,0.0153,0.1273,0.0187,0.8776,0.8798,
2025-09-23,495817671,9630806627,2657,21,16.48,274,52,18,15.11,0.0079,0.1031,0.0196,0.8571,0.9169,
2025-09-23,500635396,9657930100,30293,1464,4319.22,21741,4796,1457,4310.15,0.0483,0.7177,0.1583,0.9952,0.9979,
2025-09-23,525368335,9811363528,16489,65,47.8,460,254,52,41.16,0.0039,0.0279,0.0154,0.8,0.8611,
2025-09-24,63563817,1841014603,676,38,39.3,159,113,34,34.88,0.0562,0.2352,0.1672,0.8947,0.8875,
2025-09-24,63563817,2526158329,31,0,0.0,2,1,0,0.0,0.0,0.0645,0.0323,,,
2025-09-24,63563817,2874903000,531,15,19.37,93,36,12,15.02,0.0282,0.1751,0.0678,0.8,0.7754,
2025-09-24,63563817,4190988309,1707,8,7.01,125,11,7,5.94,0.0047,0.0732,0.0064,0.875,0.8474,
2025-09-24,63563817,4190988310,641,11,13.39,98,11,9,11.02,0.0172,0.1529,0.0172,0.8182,0.823,
2025-09-24,495403620,8878077181,1542,1107,668.18,1501,1421,1107,668.18,0.7179,0.9734,0.9215,1.0,1.0,
2025-09-24,495403620,9628223555,4567,60,48.71,555,56,51,42.45,0.0131,0.1215,0.0123,0.85,0.8715,
2025-09-24,495817671,9630806627,3693,28,22.93,304,35,21,17.54,0.0076,0.0823,0.0095,0.75,0.7649,
2025-09-24,500635396,9657930100,43242,1588,4129.38,26365,4726,1568,4108.11,0.0367,0.6097,0.1093,0.9874,0.9948,
2025-09-24,525368335,9811363528,24098,77,55.23,643,390,60,46.28,0.0032,0.0267,0.0162,0.7792,0.838,
2025-09-25,63563817,1841014603,708,42,42.56,166,115,40,40.88,0.0593,0.2345,0.1624,0.9524,0.9605,
2025-09-25,63563817,2526158329,51,0,0.0,1,0,0,0.0,0.0,0.0196,0.0,,,
2025-09-25,63563817,2874903000,511,15,15.66,121,58,13,13.91,0.0294,0.2368,0.1135,0.8667,0.8883,
2025-09-25,63563817,4190988309,1711,17,18.96,153,29,11,12.83,0.0099,0.0894,0.0169,0.6471,0.6767,
2025-09-25,63563817,4190988310,571,6,7.2,73,6,4,6.0,0.0105,0.1278,0.0105,0.6667,0.8333,
2025-09-25,495403620,8878077181,1658,1175,659.96,1621,1528,1175,659.96,0.7087,0.9777,0.9216,1.0,1.0,
2025-09-25,495403620,9628223555,4234,58,45.68,551,86,48,38.7,0.0137,0.1301,0.0203,0.8276,0.8472,
2025-09-25,495817671,9630806627,3517,34,27.17,328,39,20,17.15,0.0097,0.0933,0.0111,0.5882,0.6312,
2025-09-25,500635396,9657930100,43254,1617,4120.85,23509,5109,1598,4097.07,0.0374,0.5435,0.1181,0.9882,0.9942,
2025-09-25,525368335,9811363528,23111,93,62.95,650,391,71,52.15,0.004,0.0281,0.0169,0.7634,0.8284,
2025-09-26,63563817,1841014603,673,46,47.29,175,131,44,44.56,0.0684,0.26,0.1947,0.9565,0.9423,
2025-09-26,63563817,2526158329,28,0,0.0,1,0,0,0.0,0.0,0.0357,0.0,,,
2025-09-26,63563817,2874903000,502,14,15.77,96,50,9,11.05,0.0279,0.1912,0.0996,0.6429,0.7007,
2025-09-26,63563817,4190988309,1672,12,13.41,141,17,10,11.57,0.0072,0.0843,0.0102,0.8333,0.8628,
2025-09-26,63563817,4190988310,614,12,15.29,105,17,11,14.19,0.0195,0.171,0.0277,0.9167,0.9281,
2025-09-26,495403620,8878077181,1518,1038,630.95,1484,1381,1036,628.69,0.6838,0.9776,0.9097,0.9981,0.9964,
2025-09-26,495403620,9628223555,5294,60,51.17,592,74,58,49.9,0.0113,0.1118,0.014,0.9667,0.9752,
2025-09-26,495817671,9630806627,3369,31,24.86,242,43,17,14.54,0.0092,0.0718,0.0128,0.5484,0.5849,
2025-09-26,500635396,9657930100,41758,1558,3980.03,23276,4683,1539,3959.39,0.0373,0.5574,0.1121,0.9878,0.9948,
2025-09-26,500635396,9773660250,6,0,0.0,1,0,0,0.0,0.0,0.1667,0.0,,,
2025-09-26,525368335,9811363528,19015,97,67.06,615,388,69,50.41,0.0051,0.0323,0.0204,0.7113,0.7517,
2025-09-27,63563817,1841014603,604,29,31.89,136,95,28,30.79,0.048,0.2252,0.1573,0.9655,0.9655,
2025-09-27,63563817,2526158329,35,0,0.0,0,0,0,0.0,0.0,0.0,0.0,,,
2025-09-27,63563817,2874903000,419,7,7.13,84,37,6,6.98,0.0167,0.2005,0.0883,0.8571,0.979,
2025-09-27,63563817,4190988309,1649,10,12.02,148,31,9,10.78,0.0061,0.0898,0.0188,0.9,0.8968,
2025-09-27,63563817,4190988310,586,12,14.74,93,16,9,10.42,0.0205,0.1587,0.0273,0.75,0.7069,
2025-09-27,495403620,8878077181,1419,973,603.56,1343,1227,972,602.67,0.6857,0.9464,0.8647,0.999,0.9985,
2025-09-27,495403620,9628223555,4888,40,29.72,481,54,37,28.13,0.0082,0.0984,0.011,0.925,0.9465,
2025-09-27,495817671,9630806627,2852,18,10.57,197,30,12,8.49,0.0063,0.0691,0.0105,0.6667,0.8032,
2025-09-27,500635396,9657930100,38281,1403,3588.71,21393,4210,1384,3566.36,0.0367,0.5588,0.11,0.9865,0.9938,
2025-09-27,500635396,9700005700,1,0,0.0,0,0,0,0.0,0.0,0.0,0.0,,,
2025-09-27,500635396,9773660250,7,0,0.0,0,0,0,0.0,0.0,0.0,0.0,,,
2025-09-27,525368335,9811363528,16761,59,41.2,521,323,44,33.36,0.0035,0.0311,0.0193,0.7458,0.8097,
2025-09-28,63563817,1841014603,438,14,15.31,75,56,14,15.31,0.032,0.1712,0.1279,1.0,1.0,
2025-09-28,63563817,2526158329,32,0,0.0,0,0,0,0.0,0.0,0.0,0.0,,,
2025-09-28,63563817,2874903000,221,6,7.82,37,12,5,6.48,0.0271,0.1674,0.0543,0.8333,0.8286,
2025-09-28,63563817,4190988309,903,9,9.4,72,16,6,6.83,0.01,0.0797,0.0177,0.6667,0.7266,
2025-09-28,63563817,4190988310,321,8,8.73,69,20,6,5.91,0.0249,0.215,0.0623,0.75,0.677,
2025-09-28,495403620,8878077181,597,376,241.08,562,511,376,241.08,0.6298,0.9414,0.8559,1.0,1.0,
2025-09-28,495403620,9628223555,2368,23,17.93,213,36,20,15.3,0.0097,0.0899,0.0152,0.8696,0.8533,
2025-09-28,495817671,9630806627,1838,12,9.64,156,34,9,7.76,0.0065,0.0849,0.0185,0.75,0.805,
2025-09-28,500635396,9657930100,15504,558,1349.12,8189,1855,550,1338.75,0.036,0.5282,0.1196,0.9857,0.9923,
2025-09-28,500635396,9700005700,1,0,0.0,0,0,0,0.0,0.0,0.0,0.0,,,
2025-09-28,500635396,9773660250,2,0,0.0,0,0,0,0.0,0.0,0.0,0.0,,,
2025-09-28,525368335,9811363528,11970,22,11.18,262,114,10,7.19,0.0018,0.0219,0.0095,0.4545,0.6431,
2025-09-29,63563817,1841014603,483,10,10.19,91,61,9,9.17,0.0207,0.1884,0.1263,0.9,0.8999,
2025-09-29,63563817,2526158329,22,0,0.0,1,0,0,0.0,0.0,0.0455,0.0,,,
2025-09-29,63563817,2874903000,307,6,7.77,52,25,5,6.95,0.0195,0.1694,0.0814,0.8333,0.8945,
2025-09-29,63563817,4190988309,1065,4,4.25,90,23,4,4.25,0.0038,0.0845,0.0216,1.0,1.0,
2025-09-29,63563817,4190988310,470,9,11.71,90,20,8,10.58,0.0191,0.1915,0.0426,0.8889,0.9035,
2025-09-29,495403620,8878077181,1185,842,496.65,1155,1116,842,496.65,0.7105,0.9747,0.9418,1.0,1.0,
2025-09-29,495403620,9628223555,2185,56,43.88,414,56,51,40.08,0.0256,0.1895,0.0256,0.9107,0.9134,
2025-09-29,495817671,9630806627,3012,28,23.79,225,42,17,15.7,0.0093,0.0747,0.0139,0.6071,0.6599,
2025-09-29,500635396,9657930100,27274,945,2368.6,13257,2822,930,2354.99,0.0346,0.4861,0.1035,0.9841,0.9943,
2025-09-29,500635396,9773660250,7,0,0.0,1,0,0,0.0,0.0,0.1429,0.0,,,
2025-09-29,525368335,9811363528,14125,64,44.78,487,277,46,34.33,0.0045,0.0345,0.0196,0.7188,0.7666,
2025-09-30,63563817,1841014603,804,14,16.8,87,64,13,16.14,0.0174,0.1082,0.0796,0.9286,0.9607,
2025-09-30,63563817,2526158329,33,0,0.0,2,0,0,0.0,0.0,0.0606,0.0,,,
2025-09-30,63563817,2874903000,324,3,4.34,70,33,3,4.34,0.0093,0.216,0.1019,1.0,1.0,
2025-09-30,63563817,4190988309,1781,6,7.18,109,16,5,5.89,0.0034,0.0612,0.009,0.8333,0.8203,
2025-09-30,63563817,4190988310,486,9,10.5,91,21,7,8.47,0.0185,0.1872,0.0432,0.7778,0.8067,
2025-09-30,495403620,8878077181,1171,778,479.41,1122,1051,777,478.98,0.6644,0.9582,0.8975,0.9987,0.9991,
2025-09-30,495403620,9628223555,2632,41,33.21,423,44,38,30.36,0.0156,0.1607,0.0167,0.9268,0.9142,
2025-09-30,495817671,9630806627,3326,24,18.03,239,52,10,8.28,0.0072,0.0719,0.0156,0.4167,0.4592,
2025-09-30,500635396,9657930100,29166,716,1198.92,9462,2129,692,1180.75,0.0245,0.3244,0.073,0.9665,0.9848,
2025-09-30,525368335,9811363528,18577,49,37.82,406,194,35,29.21,0.0026,0.0219,0.0104,0.7143,0.7723,
2025-10-01,63563817,1841014603,295,9,10.81,36,24,8,10.43,0.0305,0.122,0.0814,0.8889,0.9648,
2025-10-01,63563817,2526158329,12,0,0.0,0,0,0,0.0,0.0,0.0,0.0,,,
2025-10-01,63563817,2874903000,95,3,3.93,12,2,2,2.54,0.0316,0.1263,0.0211,0.6667,0.6463,
2025-10-01,63563817,4190988309,892,13,12.76,34,6,10,9.83,0.0146,0.0381,0.0067,0.7692,0.7704,
2025-10-01,63563817,4190988310,196,7,5.65,29,6,5,4.93,0.0357,0.148,0.0306,0.7143,0.8726,
2025-10-01,495403620,8878077181,242,154,101.58,208,187,154,101.58,0.6364,0.8595,0.7727,1.0,1.0,
2025-10-01,495403620,9628223555,1653,10,7.15,83,9,8,6.11,0.006,0.0502,0.0054,0.8,0.8545,
2025-10-01,495817671,9630806627,1320,7,5.93,72,14,4,3.42,0.0053,0.0545,0.0106,0.5714,0.5767,
2025-10-01,500635396,9657930100,6992,197,304.48,2769,651,181,293.62,0.0282,0.396,0.0931,0.9188,0.9643,
2025-10-01,525368335,9811363528,11023,15,7.68,80,37,5,3.57,0.0014,0.0073,0.0034,0.3333,0.4648,
2025-10-02,63563817,1841014603,207,3,2.92,24,15,2,2.05,0.0145,0.1159,0.0725,0.6667,0.7021,
2025-10-02,63563817,2526158329,12,0,0.0,0,0,0,0.0,0.0,0.0,0.0,,,
2025-10-02,63563817,2874903000,84,2,1.36,14,2,1,1.21,0.0238,0.1667,0.0238,0.5,0.8897,
2025-10-02,63563817,4190988309,458,7,6.99,46,6,6,6.33,0.0153,0.1004,0.0131,0.8571,0.9056,
2025-10-02,63563817,4190988310,160,5,6.73,32,12,2,2.42,0.0312,0.2,0.075,0.4,0.3596,
2025-10-02,495403620,8878077181,241,152,92.0,217,194,152,92.0,0.6307,0.9004,0.805,1.0,1.0,
2025-10-02,495403620,9628223555,1181,13,10.94,89,15,10,8.42,0.011,0.0754,0.0127,0.7692,0.7697,
2025-10-02,495817671,9630806627,1016,7,2.89,73,3,7,2.89,0.0069,0.0719,0.003,1.0,1.0,
2025-10-02,500635396,9657930100,6424,171,269.95,2220,618,166,264.44,0.0266,0.3456,0.0962,0.9708,0.9796,
2025-10-02,525368335,9811363528,9274,11,6.98,80,25,3,2.34,0.0012,0.0086,0.0027,0.2727,0.3352,
2025-10-03,63563817,1841014603,284,4,4.7,29,21,4,4.7,0.0141,0.1021,0.0739,1.0,1.0,
2025-10-03,63563817,2526158329,15,0,0.0,1,0,0,0.0,0.0,0.0667,0.0,,,
2025-10-03,63563817,2874903000,78,3,4.29,17,10,3,4.29,0.0385,0.2179,0.1282,1.0,1.0,
2025-10-03,63563817,4190988309,622,2,1.78,23,5,2,1.78,0.0032,0.037,0.008,1.0,1.0,
2025-10-03,63563817,4190988310,153,2,1.54,20,3,1,1.16,0.0131,0.1307,0.0196,0.5,0.7532,
2025-10-03,495403620,8878077181,242,177,108.83,224,199,177,108.83,0.7314,0.9256,0.8223,1.0,1.0,
2025-10-03,495403620,9628223555,1283,15,12.05,84,21,11,9.43,0.0117,0.0655,0.0164,0.7333,0.7826,
2025-10-03,495817671,9630806627,1016,5,4.36,59,6,4,3.61,0.0049,0.0581,0.0059,0.8,0.828,
2025-10-03,500635396,9657930100,5840,166,278.96,2220,541,155,269.51,0.0284,0.3801,0.0926,0.9337,0.9661,
2025-10-03,525368335,9811363528,10533,15,9.72,79,27,7,5.18,0.0014,0.0075,0.0026,0.4667,0.5329,
2025-10-04,63563817,1841014603,299,12,13.02,49,39,11,11.87,0.0401,0.1639,0.1304,0.9167,0.9117,
2025-10-04,63563817,2526158329,10,0,0.0,1,0,0,0.0,0.0,0.1,0.0,,,
2025-10-04,63563817,2874903000,123,4,4.92,21,5,3,4.47,0.0325,0.1707,0.0407,0.75,0.9085,
2025-10-04,63563817,4190988309,656,0,0.0,27,9,0,0.0,0.0,0.0412,0.0137,,,
2025-10-04,63563817,4190988310,187,7,9.86,41,11,7,9.86,0.0374,0.2193,0.0588,1.0,1.0,
2025-10-04,495403620,8878077181,264,179,119.61,243,215,179,119.61,0.678,0.9205,0.8144,1.0,1.0,
2025-10-04,495403620,9628223555,1136,7,5.52,97,17,4,3.27,0.0062,0.0854,0.015,0.5714,0.5924,
2025-10-04,495817671,9630806627,1080,9,6.19,83,9,6,4.36,0.0083,0.0769,0.0083,0.6667,0.7044,
2025-10-04,500635396,9657930100,6833,196,329.03,2281,616,179,316.94,0.0287,0.3338,0.0902,0.9133,0.9633,
2025-10-04,525368335,9811363528,11026,13,8.64,97,43,6,4.14,0.0012,0.0088,0.0039,0.4615,0.4792,
2025-10-05,63563817,1841014603,318,6,6.51,67,50,5,5.54,0.0189,0.2107,0.1572,0.8333,0.851,
2025-10-05,63563817,2526158329,19,1,1.57,0,0,0,0.0,0.0526,0.0,0.0,0.0,0.0,
2025-10-05,63563817,2874903000,132,6,7.64,23,6,4,6.23,0.0455,0.1742,0.0455,0.6667,0.8154,
2025-10-05,63563817,4190988309,885,1,1.02,40,13,1,1.02,0.0011,0.0452,0.0147,1.0,1.0,
2025-10-05,63563817,4190988310,188,4,3.89,28,6,3,2.55,0.0213,0.1489,0.0319,0.75,0.6555,
2025-10-05,495403620,8878077181,312,189,116.46,249,221,189,116.46,0.6058,0.7981,0.7083,1.0,1.0,
2025-10-05,495403620,9628223555,1529,17,12.07,132,16,10,7.89,0.0111,0.0863,0.0105,0.5882,0.6537,
2025-10-05,495817671,9630806627,1426,7,6.35,104,11,5,4.69,0.0049,0.0729,0.0077,0.7143,0.7386,
2025-10-05,500635396,9657930100,8132,229,358.62,2649,772,215,347.01,0.0282,0.3258,0.0949,0.9389,0.9676,
2025-10-05,525368335,9811363528,12706,16,8.86,134,51,8,5.68,0.0013,0.0105,0.004,0.5,0.6411,
2025-10-06,63563817,1841014603,380,8,7.7,70,53,7,6.57,0.0211,0.1842,0.1395,0.875,0.8532,
2025-10-06,63563817,2526158329,18,0,0.0,0,0,0,0.0,0.0,0.0,0.0,,,
2025-10-06,63563817,2874903000,187,2,2.0,33,11,1,1.0,0.0107,0.1765,0.0588,0.5,0.5,
2025-10-06,63563817,4190988309,762,5,5.29,48,13,4,4.31,0.0066,0.063,0.0171,0.8,0.8147,
2025-10-06,63563817,4190988310,217,7,8.38,53,13,5,5.63,0.0323,0.2442,0.0599,0.7143,0.6718,
2025-10-06,495403620,8878077181,373,238,141.96,332,297,238,141.96,0.6381,0.8901,0.7962,1.0,1.0,
2025-10-06,495403620,9628223555,1213,10,6.97,136,15,9,5.94,0.0082,0.1121,0.0124,0.9,0.8522,
2025-10-06,495817671,9630806627,1513,6,4.71,120,19,3,2.36,0.004,0.0793,0.0126,0.5,0.5011,
2025-10-06,500635396,9657930100,11107,307,509.33,3214,953,283,488.8,0.0276,0.2894,0.0858,0.9218,0.9597,
2025-10-06,525368335,9811363528,11090,23,11.66,157,68,6,4.27,0.0021,0.0142,0.0061,0.2609,0.3662,
2025-10-07,63563817,1841014603,479,12,13.21,64,41,11,11.95,0.0251,0.1336,0.0856,0.9167,0.9046,
2025-10-07,63563817,2526158329,27,0,0.0,1,0,0,0.0,0.0,0.037,0.0,,,
2025-10-07,63563817,2874903000,184,5,5.05,42,15,4,4.72,0.0272,0.2283,0.0815,0.8,0.9347,
2025-10-07,63563817,4190988309,1068,7,5.45,68,16,6,4.14,0.0066,0.0637,0.015,0.8571,0.7596,
2025-10-07,63563817,4190988310,279,7,6.44,45,16,7,6.44,0.0251,0.1613,0.0573,1.0,1.0,
2025-10-07,495403620,8878077181,523,374,252.04,491,444,374,252.04,0.7151,0.9388,0.8489,1.0,1.0,
2025-10-07,495403620,9628223555,1933,29,21.65,197,23,26,19.19,0.015,0.1019,0.0119,0.8966,0.8864,
2025-10-07,495817671,9630806627,2237,17,12.92,125,13,9,7.37,0.0076,0.0559,0.0058,0.5294,0.5704,
2025-10-07,500635396,9657930100,17000,369,585.09,4417,1115,347,574.7,0.0217,0.2598,0.0656,0.9404,0.9822,
2025-10-07,525368335,9811363528,13923,23,16.12,181,66,15,11.08,0.0017,0.013,0.0047,0.6522,0.6873,
2025-10-08,63563817,1841014603,351,10,9.21,65,43,10,9.21,0.0285,0.1852,0.1225,1.0,1.0,
2025-10-08,63563817,2526158329,14,0,0.0,0,0,0,0.0,0.0,0.0,0.0,,,
2025-10-08,63563817,2874903000,237,7,7.95,51,17,6,7.45,0.0295,0.2152,0.0717,0.8571,0.9371,
2025-10-08,63563817,4190988309,886,7,8.28,78,18,5,5.52,0.0079,0.088,0.0203,0.7143,0.6667,
2025-10-08,63563817,4190988310,230,7,7.34,61,22,6,6.74,0.0304,0.2652,0.0957,0.8571,0.9183,
2025-10-08,495403620,8878077181,870,658,464.71,853,804,658,464.71,0.7563,0.9805,0.9241,1.0,1.0,
2025-10-08,495403620,9628223555,1442,36,27.66,256,43,33,25.61,0.025,0.1775,0.0298,0.9167,0.9259,
2025-10-08,495817671,9630806627,1742,18,15.62,148,22,17,14.95,0.0103,0.085,0.0126,0.9444,0.9571,
2025-10-08,500635396,9657930100,20806,688,1475.3,9359,2071,677,1462.67,0.0331,0.4498,0.0995,0.984,0.9914,
2025-10-08,525368335,9811363528,10203,24,18.47,213,106,16,13.88,0.0024,0.0209,0.0104,0.6667,0.7515,
2025-10-09,63563817,1841014603,592,26,27.61,122,97,26,27.61,0.0439,0.2061,0.1639,1.0,1.0,
2025-10-09,63563817,2526158329,55,0,0.0,1,0,0,0.0,0.0,0.0182,0.0,,,
2025-10-09,63563817,2874903000,506,14,15.94,111,41,12,14.48,0.0277,0.2194,0.081,0.8571,0.9084,
2025-10-09,63563817,4190988309,1535,11,10.6,140,30,9,8.67,0.0072,0.0912,0.0195,0.8182,0.8179,
2025-10-09,63563817,4190988310,560,7,7.32,101,18,3,3.04,0.0125,0.1804,0.0321,0.4286,0.4153,
2025-10-09,495403620,8878077181,1371,1009,825.79,1338,1249,1009,825.79,0.736,0.9759,0.911,1.0,1.0,
2025-10-09,495403620,9628223555,2499,53,40.74,381,38,47,36.9,0.0212,0.1525,0.0152,0.8868,0.9057,
2025-10-09,495817671,9630806627,3001,26,19.81,215,18,17,14.48,0.0087,0.0716,0.006,0.6538,0.7309,
2025-10-09,500635396,9657930100,33205,1384,2893.82,19433,4063,1362,2875.47,0.0417,0.5852,0.1224,0.9841,0.9937,
2025-10-09,525368335,9811363528,22773,66,49.15,443,244,51,39.12,0.0029,0.0195,0.0107,0.7727,0.7959,
2025-10-10,63563817,1841014603,711,23,24.26,154,112,22,23.7,0.0323,0.2166,0.1575,0.9565,0.9769,
2025-10-10,63563817,2526158329,26,0,0.0,1,0,0,0.0,0.0,0.0385,0.0,,,
2025-10-10,63563817,2874903000,549,17,19.29,130,57,14,17.71,0.031,0.2368,0.1038,0.8235,0.9181,
2025-10-10,63563817,4190988309,1401,16,16.46,175,36,11,12.47,0.0114,0.1249,0.0257,0.6875,0.7576,
2025-10-10,63563817,4190988310,531,9,9.7,100,12,8,8.89,0.0169,0.1883,0.0226,0.8889,0.9165,
2025-10-10,495403620,8878077181,1520,1104,866.67,1476,1380,1104,866.67,0.7263,0.9711,0.9079,1.0,1.0,
2025-10-10,495403620,9628223555,3113,49,37.12,508,66,41,31.66,0.0157,0.1632,0.0212,0.8367,0.8529,
2025-10-10,495817671,9630806627,3535,26,20.53,276,36,18,14.13,0.0074,0.0781,0.0102,0.6923,0.6883,
2025-10-10,500635396,9657930100,37492,1540,3228.81,21954,4160,1513,3208.83,0.0411,0.5856,0.111,0.9825,0.9938,
2025-10-10,500635396,9700005700,1,0,0.0,0,0,0,0.0,0.0,0.0,0.0,,,
2025-10-10,525368335,9811363528,24835,71,50.68,539,294,51,41.16,0.0029,0.0217,0.0118,0.7183,0.8122,
2025-10-11,63563817,1841014603,634,27,25.85,116,90,26,24.29,0.0426,0.183,0.142,0.963,0.9397,
2025-10-11,63563817,2526158329,46,0,0.0,2,0,0,0.0,0.0,0.0435,0.0,,,
2025-10-11,63563817,2874903000,449,11,13.51,95,37,10,13.08,0.0245,0.2116,0.0824,0.9091,0.9682,
2025-10-11,63563817,4190988309,1226,11,12.14,110,27,6,8.15,0.009,0.0897,0.022,0.5455,0.6713,
2025-10-11,63563817,4190988310,552,11,13.13,86,16,5,5.65,0.0199,0.1558,0.029,0.4545,0.4303,
2025-10-11,495403620,8878077181,1457,979,766.74,1403,1286,977,765.19,0.6719,0.9629,0.8826,0.998,0.998,
2025-10-11,495403620,9628223555,3506,53,40.45,445,60,48,37.33,0.0151,0.1269,0.0171,0.9057,0.9229,
2025-10-11,495817671,9630806627,3259,25,19.85,231,39,16,13.26,0.0077,0.0709,0.012,0.64,0.668,
2025-10-11,500635396,9657930100,37861,1402,2857.59,20717,3610,1360,2816.68,0.037,0.5472,0.0953,0.97,0.9857,
2025-10-11,500635396,9700005700,1,0,0.0,0,0,0,0.0,0.0,0.0,0.0,,,
2025-10-11,525368335,9811363528,23457,96,62.07,583,327,68,50.71,0.0041,0.0249,0.0139,0.7083,0.817,
2025-10-12,495403620,8878077181,1327,952,756.9,1299,1235,950,755.3,0.7174,0.9789,0.9307,0.9979,0.9979,
2025-10-12,495403620,9628223555,2871,42,33.79,374,73,37,30.15,0.0146,0.1303,0.0254,0.881,0.8923,
2025-10-12,495817671,9630806627,2987,30,24.14,231,29,21,17.06,0.01,0.0773,0.0097,0.7,0.7067,
2025-10-12,500635396,9657930100,36873,1255,2552.55,17119,3616,1235,2533.81,0.034,0.4643,0.0981,0.9841,0.9927,
2025-10-12,525368335,9811363528,19215,71,45.88,455,223,46,32.4,0.0037,0.0237,0.0116,0.6479,0.7062,
2025-10-13,495403620,8878077181,508,325,246.52,479,419,322,243.27,0.6398,0.9429,0.8248,0.9908,0.9868,
2025-10-13,495403620,9628223555,2090,12,10.6,134,25,11,10.08,0.0057,0.0641,0.012,0.9167,0.9509,
2025-10-13,495817671,9630806627,2142,11,8.2,144,23,8,6.8,0.0051,0.0672,0.0107,0.7273,0.8293,
2025-10-13,500635396,9657930100,16465,561,1063.03,7629,1599,542,1044.47,0.0341,0.4633,0.0971,0.9661,0.9825,
2025-10-13,525368335,9811363528,13419,31,17.9,232,84,18,13.34,0.0023,0.0173,0.0063,0.5806,0.7453,
2025-10-14,495403620,8878077181,1688,1276,950.04,1647,1528,1276,950.04,0.7559,0.9757,0.9052,1.0,1.0,
2025-10-14,495403620,9628223555,3164,48,36.32,358,50,41,32.0,0.0152,0.1131,0.0158,0.8542,0.8811,
2025-10-14,495817671,9630806627,3683,31,23.51,258,31,20,16.49,0.0084,0.0701,0.0084,0.6452,0.7014,
2025-10-14,500635396,9657930100,45295,1627,3327.68,22291,4796,1597,3295.9,0.0359,0.4921,0.1059,0.9816,0.9904,
2025-10-14,525368335,9811363528,23209,74,51.08,607,315,50,38.15,0.0032,0.0262,0.0136,0.6757,0.7469,
2025-10-15,495403620,8878077181,2401,1188,862.2,1479,1380,1188,862.2,0.4948,0.616,0.5748,1.0,1.0,
2025-10-15,495403620,9628223555,3005,51,44.23,410,60,45,40.22,0.017,0.1364,0.02,0.8824,0.9093,
2025-10-15,495817671,9630806627,3548,40,30.37,257,33,23,19.02,0.0113,0.0724,0.0093,0.575,0.6263,
2025-10-15,500635396,9657930100,39383,1459,2914.77,21260,4085,1434,2889.14,0.037,0.5398,0.1037,0.9829,0.9912,
2025-10-15,525368335,9811363528,25813,86,63.29,590,255,58,44.67,0.0033,0.0229,0.0099,0.6744,0.7058,
2025-10-16,495403620,8878077181,1495,1128,797.07,1441,1342,1128,797.07,0.7545,0.9639,0.8977,1.0,1.0,
2025-10-16,495403620,9628223555,3140,50,40.58,405,43,40,33.38,0.0159,0.129,0.0137,0.8,0.8226,
2025-10-16,495817671,9630806627,3443,26,19.33,278,42,18,15.3,0.0076,0.0807,0.0122,0.6923,0.7915,
2025-10-16,500635396,9657930100,42773,1477,3032.38,21819,4035,1436,2995.95,0.0345,0.5101,0.0943,0.9722,0.988,
2025-10-16,500635396,9700005700,1,0,0.0,1,0,0,0.0,0.0,1.0,0.0,,,
2025-10-16,500635396,9773660250,14,0,0.0,0,0,0,0.0,0.0,0.0,0.0,,,
2025-10-16,525368335,9811363528,21665,95,65.07,610,322,64,46.64,0.0044,0.0282,0.0149,0.6737,0.7168,
2025-10-17,63563817,1841014603,268,12,14.39,56,46,10,11.97,0.0448,0.209,0.1716,0.8333,0.8318,
2025-10-17,63563817,2526158329,28,1,1.57,3,0,1,1.57,0.0357,0.1071,0.0,1.0,1.0,
2025-10-17,63563817,2874903000,209,6,6.72,55,17,5,6.19,0.0287,0.2632,0.0813,0.8333,0.9211,
2025-10-17,63563817,4190988309,633,4,4.29,60,11,3,3.0,0.0063,0.0948,0.0174,0.75,0.6993,
2025-10-17,63563817,4190988310,283,5,5.5,53,11,4,4.65,0.0177,0.1873,0.0389,0.8,0.8455,
2025-10-17,495403620,8878077181,1401,964,714.74,1265,1195,964,714.74,0.6881,0.9029,0.853,1.0,1.0,
2025-10-17,495403620,9628223555,2458,48,39.02,352,64,48,39.02,0.0195,0.1432,0.026,1.0,1.0,
2025-10-17,495817671,9630806627,2721,26,20.74,203,29,17,13.17,0.0096,0.0746,0.0107,0.6538,0.635,
2025-10-17,500635396,9657930100,36931,1395,3601.36,19923,4109,1373,3577.17,0.0378,0.5395,0.1113,0.9842,0.9933,
2025-10-17,500635396,9700005700,2,0,0.0,0,0,0,0.0,0.0,0.0,0.0,,,
2025-10-17,525368335,9811363528,16320,64,42.77,481,202,46,31.72,0.0039,0.0295,0.0124,0.7188,0.7416,
2025-10-18,63563817,1841014603,584,19,22.73,97,67,16,18.49,0.0325,0.1661,0.1147,0.8421,0.8135,
2025-10-18,63563817,2526158329,38,0,0.0,0,0,0,0.0,0.0,0.0,0.0,,,
2025-10-18,63563817,2874903000,404,6,5.81,69,17,3,4.71,0.0149,0.1708,0.0421,0.5,0.8107,
2025-10-18,63563817,4190988309,1406,10,12.58,83,6,7,9.03,0.0071,0.059,0.0043,0.7,0.7178,
2025-10-18,63563817,4190988310,640,34,46.1,87,24,9,11.02,0.0531,0.1359,0.0375,0.2647,0.239,
2025-10-18,495403620,8878077181,1324,862,637.08,1144,1107,862,637.08,0.6511,0.864,0.8361,1.0,1.0,
2025-10-18,495403620,9628223555,1943,41,33.45,352,39,35,29.36,0.0211,0.1812,0.0201,0.8537,0.8777,
2025-10-18,495817671,9630806627,2588,16,12.54,157,22,12,9.86,0.0062,0.0607,0.0085,0.75,0.7863,
2025-10-18,500635396,9657930100,31221,1255,3635.02,19119,3532,1237,3616.59,0.0402,0.6124,0.1131,0.9857,0.9949,
2025-10-18,525368335,9811363528,13857,60,46.14,364,195,45,36.48,0.0043,0.0263,0.0141,0.75,0.7906,
2025-10-19,63563817,1841014603,458,11,10.92,53,44,10,9.62,0.024,0.1157,0.0961,0.9091,0.881,
2025-10-19,63563817,2526158329,32,2,2.82,0,0,0,0.0,0.0625,0.0,0.0,0.0,0.0,
2025-10-19,63563817,2874903000,185,1,1.57,16,8,0,0.0,0.0054,0.0865,0.0432,0.0,0.0,
2025-10-19,63563817,4190988309,1198,5,6.46,39,5,4,5.16,0.0042,0.0326,0.0042,0.8,0.7988,
2025-10-19,63563817,4190988310,410,16,18.8,53,16,8,8.24,0.039,0.1293,0.039,0.5,0.4383,
2025-10-19,495403620,8878077181,735,314,220.1,507,453,314,220.1,0.4272,0.6898,0.6163,1.0,1.0,
2025-10-19,495403620,9628223555,1827,20,16.78,119,10,18,15.36,0.0109,0.0651,0.0055,0.9,0.9154,
2025-10-19,495817671,9630806627,2323,17,13.32,97,4,9,7.45,0.0073,0.0418,0.0017,0.5294,0.5593,
2025-10-19,500635396,9657930100,15668,424,949.07,6218,1186,410,935.4,0.0271,0.3969,0.0757,0.967,0.9856,
2025-10-19,525368335,9811363528,19800,137,99.6,659,569,111,85.99,0.0069,0.0333,0.0287,0.8102,0.8634,
2025-10-20,63563817,1841014603,365,14,15.93,41,27,11,11.64,0.0384,0.1123,0.074,0.7857,0.7307,
2025-10-20,63563817,2526158329,34,0,0.0,0,0,0,0.0,0.0,0.0,0.0,,,
2025-10-20,63563817,2874903000,230,10,12.79,41,16,9,12.38,0.0435,0.1783,0.0696,0.9,0.9679,
2025-10-20,63563817,4190988309,1049,2,2.3,37,5,2,2.3,0.0019,0.0353,0.0048,1.0,1.0,
2025-10-20,63563817,4190988310,349,20,25.31,41,15,6,7.11,0.0573,0.1175,0.043,0.3,0.2809,
2025-10-20,495403620,8878077181,513,352,263.31,466,430,352,263.31,0.6862,0.9084,0.8382,1.0,1.0,
2025-10-20,495403620,9628223555,1431,12,9.12,105,19,10,8.08,0.0084,0.0734,0.0133,0.8333,0.886,
2025-10-20,495817671,9630806627,2228,13,11.33,79,4,4,3.92,0.0058,0.0355,0.0018,0.3077,0.346,
2025-10-20,500635396,9657930100,15722,366,808.71,5470,1096,349,789.54,0.0233,0.3479,0.0697,0.9536,0.9763,
2025-10-20,525368335,9811363528,14672,97,62.96,595,450,78,54.36,0.0066,0.0406,0.0307,0.8041,0.8634,
2025-10-21,63563817,1841014603,719,22,24.44,117,91,20,21.65,0.0306,0.1627,0.1266,0.9091,0.8858,
2025-10-21,63563817,2526158329,49,0,0.0,1,1,0,0.0,0.0,0.0204,0.0204,,,
2025-10-21,63563817,2874903000,603,12,15.39,72,26,10,13.07,0.0199,0.1194,0.0431,0.8333,0.8493,
2025-10-21,63563817,4190988309,1724,5,6.04,104,12,3,3.94,0.0029,0.0603,0.007,0.6,0.6523,
2025-10-21,63563817,4190988310,772,40,53.46,118,25,8,9.79,0.0518,0.1528,0.0324,0.2,0.1831,
2025-10-21,495403620,8878077181,1756,1249,949.59,1632,1529,1249,949.59,0.7113,0.9294,0.8707,1.0,1.0,
2025-10-21,495403620,9628223555,2527,51,41.21,250,43,42,34.17,0.0202,0.0989,0.017,0.8235,0.8292,
2025-10-21,495817671,9630806627,3935,29,24.2,173,30,19,16.99,0.0074,0.044,0.0076,0.6552,0.7021,
2025-10-21,500635396,9657930100,47002,1281,3168.53,20463,3451,1240,3120.34,0.0273,0.4354,0.0734,0.968,0.9848,
2025-10-21,500635396,9773660250,13,0,0.0,0,0,0,0.0,0.0,0.0,0.0,,,
2025-10-21,525368335,9811363528,25477,111,71.71,632,416,82,56.87,0.0044,0.0248,0.0163,0.7387,0.7931,
2025-10-22,63563817,1841014603,667,32,34.58,123,91,26,26.58,0.048,0.1844,0.1364,0.8125,0.7687,
2025-10-22,63563817,2526158329,51,1,1.55,1,0,0,0.0,0.0196,0.0196,0.0,0.0,0.0,
2025-10-22,63563817,2874903000,556,21,26.33,91,26,17,23.24,0.0378,0.1637,0.0468,0.8095,0.8826,
2025-10-22,63563817,4190988309,1501,13,13.57,130,26,10,10.37,0.0087,0.0866,0.0173,0.7692,0.7642,
2025-10-22,63563817,4190988310,742,26,32.72,116,22,9,10.1,0.035,0.1563,0.0296,0.3462,0.3087,
2025-10-22,495403620,8878077181,1427,1079,849.17,1375,1312,1079,849.17,0.7561,0.9636,0.9194,1.0,1.0,
2025-10-22,495403620,9628223555,2005,46,38.54,259,49,42,35.32,0.0229,0.1292,0.0244,0.913,0.9165,
2025-10-22,495817671,9630806627,3434,28,22.02,191,46,23,18.49,0.0082,0.0556,0.0134,0.8214,0.8397,
2025-10-22,500635396,9657930100,39211,1270,3356.51,20042,3461,1233,3308.31,0.0324,0.5111,0.0883,0.9709,0.9856,
2025-10-22,500635396,9700005700,2,0,0.0,0,0,0,0.0,0.0,0.0,0.0,,,
2025-10-22,500635396,9773660250,203,0,0.0,0,0,0,0.0,0.0,0.0,0.0,,,
2025-10-22,525368335,9811363528,20976,104,73.66,598,351,78,56.84,0.005,0.0285,0.0167,0.75,0.7717,
2025-10-23,63563817,1841014603,755,26,27.31,102,75,18,18.02,0.0344,0.1351,0.0993,0.6923,0.6598,
2025-10-23,63563817,2526158329,52,1,0.94,1,0,1,0.94,0.0192,0.0192,0.0,1.0,1.0,
2025-10-23,63563817,2874903000,544,12,11.18,95,30,7,8.14,0.0221,0.1746,0.0551,0.5833,0.7281,
2025-10-23,63563817,4190988309,1596,8,6.42,105,12,4,2.5,0.005,0.0658,0.0075,0.5,0.3894,
2025-10-23,63563817,4190988310,860,33,44.54,137,28,11,14.69,0.0384,0.1593,0.0326,0.3333,0.3298,
2025-10-23,495403620,8878077181,1438,1025,794.71,1395,1318,1025,794.71,0.7128,0.9701,0.9166,1.0,1.0,
2025-10-23,495403620,9628223555,2344,32,25.67,240,36,25,21.51,0.0137,0.1024,0.0154,0.7812,0.8379,
2025-10-23,495817671,9630806627,3583,32,26.05,189,25,19,16.84,0.0089,0.0527,0.007,0.5938,0.6464,
2025-10-23,500635396,9657930100,42276,1230,3230.5,19546,3321,1201,3190.36,0.0291,0.4623,0.0786,0.9764,0.9876,
2025-10-23,500635396,9700005700,5,0,0.0,0,0,0,0.0,0.0,0.0,0.0,,,
2025-10-23,525368335,9811363528,21641,108,73.44,646,410,74,55.93,0.005,0.0299,0.0189,0.6852,0.7616,
2025-10-24,63563817,1841014603,603,27,28.77,89,62,22,22.41,0.0448,0.1476,0.1028,0.8148,0.7789,
2025-10-24,63563817,2526158329,54,1,1.22,0,0,0,0.0,0.0185,0.0,0.0,0.0,0.0,
2025-10-24,63563817,2874903000,486,6,4.83,69,24,4,3.66,0.0123,0.142,0.0494,0.6667,0.7578,
2025-10-24,63563817,4190988309,1422,7,5.31,80,10,5,4.08,0.0049,0.0563,0.007,0.7143,0.7684,
2025-10-24,63563817,4190988310,714,18,22.8,90,23,11,13.25,0.0252,0.1261,0.0322,0.6111,0.5811,
2025-10-24,495403620,8878077181,1289,929,720.06,1267,1205,929,720.06,0.7207,0.9829,0.9348,1.0,1.0,
2025-10-24,495403620,9628223555,1932,23,18.91,190,27,18,15.38,0.0119,0.0983,0.014,0.7826,0.8133,
2025-10-24,495817671,9630806627,3114,25,18.83,190,30,17,12.63,0.008,0.061,0.0096,0.68,0.6707,
2025-10-24,500635396,9657930100,38625,1355,3597.44,17007,3616,1306,3537.9,0.0351,0.4403,0.0936,0.9638,0.9834,
2025-10-24,500635396,9700005700,1,0,0.0,0,0,0,0.0,0.0,0.0,0.0,,,
2025-10-24,525368335,9811363528,17421,68,47.0,393,198,48,35.68,0.0039,0.0226,0.0114,0.7059,0.7591,
2025-10-25,63563817,1841014603,827,24,25.89,132,90,16,15.62,0.029,0.1596,0.1088,0.6667,0.6033,
2025-10-25,63563817,2526158329,55,0,0.0,1,1,0,0.0,0.0,0.0182,0.0182,,,
2025-10-25,63563817,2874903000,467,7,8.01,65,19,7,8.01,0.015,0.1392,0.0407,1.0,1.0,
2025-10-25,63563817,4190988309,1550,13,10.91,93,6,11,9.15,0.0084,0.06,0.0039,0.8462,0.8387,
2025-10-25,63563817,4190988310,841,19,25.06,119,14,9,11.57,0.0226,0.1415,0.0166,0.4737,0.4617,
2025-10-25,495403620,8878077181,1330,991,795.48,1304,1234,991,795.48,0.7451,0.9805,0.9278,1.0,1.0,
2025-10-25,495403620,9628223555,2590,35,28.9,191,32,29,24.72,0.0135,0.0737,0.0124,0.8286,0.8554,
2025-10-25,495817671,9630806627,3194,15,12.5,201,30,10,9.45,0.0047,0.0629,0.0094,0.6667,0.756,
2025-10-25,500635396,9657930100,41054,1259,3122.51,20199,3307,1216,3066.1,0.0307,0.492,0.0806,0.9658,0.9819,
2025-10-25,500635396,9700005700,4,0,0.0,0,0,0,0.0,0.0,0.0,0.0,,,
2025-10-25,525368335,9811363528,20805,84,60.69,569,354,59,43.88,0.004,0.0273,0.017,0.7024,0.723,
2025-10-26,63563817,1841014603,515,10,11.03,67,54,6,5.27,0.0194,0.1301,0.1049,0.6,0.4778,
2025-10-26,63563817,2526158329,40,0,0.0,0,0,0,0.0,0.0,0.0,0.0,,,
2025-10-26,63563817,2874903000,239,1,0.47,40,9,1,0.47,0.0042,0.1674,0.0377,1.0,1.0,
2025-10-26,63563817,4190988309,990,10,11.17,37,3,9,10.43,0.0101,0.0374,0.003,0.9,0.9338,
2025-10-26,63563817,4190988310,407,21,26.4,50,12,3,3.49,0.0516,0.1229,0.0295,0.1429,0.1322,
2025-10-26,495403620,8878077181,482,301,234.82,458,420,301,234.82,0.6245,0.9502,0.8714,1.0,1.0,
2025-10-26,495403620,9628223555,1777,12,8.67,101,15,7,5.63,0.0068,0.0568,0.0084,0.5833,0.6494,
2025-10-26,495817671,9630806627,1930,13,8.94,87,12,10,7.13,0.0067,0.0451,0.0062,0.7692,0.7975,
2025-10-26,500635396,9657930100,15873,499,1150.72,6866,1386,488,1139.12,0.0314,0.4326,0.0873,0.978,0.9899,
2025-10-26,500635396,9700005700,23,0,0.0,0,0,0,0.0,0.0,0.0,0.0,,,
2025-10-26,525368335,9811363528,17401,65,42.38,431,328,51,35.75,0.0037,0.0248,0.0188,0.7846,0.8436,
2025-10-27,63563817,1841014603,380,9,10.93,36,28,2,1.39,0.0237,0.0947,0.0737,0.2222,0.1272,
2025-10-27,63563817,2526158329,51,0,0.0,0,0,0,0.0,0.0,0.0,0.0,,,
2025-10-27,63563817,2874903000,161,3,2.64,11,3,0,0.0,0.0186,0.0683,0.0186,0.0,0.0,
2025-10-27,63563817,4190988309,759,6,5.61,23,3,4,3.03,0.0079,0.0303,0.004,0.6667,0.5401,
2025-10-27,63563817,4190988310,311,13,17.52,41,8,4,5.43,0.0418,0.1318,0.0257,0.3077,0.3099,
2025-10-27,495403620,8878077181,450,297,232.0,425,363,297,232.0,0.66,0.9444,0.8067,1.0,1.0,
2025-10-27,495403620,9628223555,1668,9,6.86,137,20,7,5.42,0.0054,0.0821,0.012,0.7778,0.7901,
2025-10-27,495817671,9630806627,1768,13,10.27,54,10,8,7.19,0.0074,0.0305,0.0057,0.6154,0.7001,
2025-10-27,500635396,9657930100,16042,455,971.9,6780,1180,436,947.07,0.0284,0.4226,0.0736,0.9582,0.9745,
2025-10-27,500635396,9700005700,22,0,0.0,0,0,0,0.0,0.0,0.0,0.0,,,
2025-10-27,525368335,9811363528,17289,134,80.61,738,605,116,71.42,0.0078,0.0427,0.035,0.8657,0.886,
2025-10-28,63563817,1841014603,711,31,36.1,123,84,23,25.49,0.0436,0.173,0.1181,0.7419,0.7061,
2025-10-28,63563817,2526158329,54,1,1.13,0,0,0,0.0,0.0185,0.0,0.0,0.0,0.0,
2025-10-28,63563817,2874903000,473,6,6.64,64,20,5,5.9,0.0127,0.1353,0.0423,0.8333,0.8886,
2025-10-28,63563817,4190988309,1483,5,3.72,100,8,3,2.48,0.0034,0.0674,0.0054,0.6,0.6667,
2025-10-28,63563817,4190988310,800,30,39.26,98,22,6,7.23,0.0375,0.1225,0.0275,0.2,0.1842,
2025-10-28,495403620,8878077181,1406,1087,854.22,1383,1323,1086,853.09,0.7731,0.9836,0.941,0.9991,0.9987,CTR极高
2025-10-28,495403620,9628223555,2468,37,30.61,265,36,32,26.58,0.015,0.1074,0.0146,0.8649,0.8683,
2025-10-28,495817671,9630806627,2463,14,12.51,130,12,8,7.53,0.0057,0.0528,0.0049,0.5714,0.6019,
2025-10-28,500635396,9657930100,42140,1317,3400.75,19341,3545,1291,3359.92,0.0313,0.459,0.0841,0.9803,0.988,
2025-10-28,500635396,9700005700,3,0,0.0,0,0,0,0.0,0.0,0.0,0.0,,,
2025-10-28,525368335,9811363528,19003,76,56.89,390,173,53,43.67,0.004,0.0205,0.0091,0.6974,0.7676,
2025-10-29,63563817,1841014603,744,22,25.74,118,91,18,20.09,0.0296,0.1586,0.1223,0.8182,0.7805,
2025-10-29,63563817,2526158329,70,0,0.0,3,1,0,0.0,0.0,0.0429,0.0143,,,
2025-10-29,63563817,2874903000,536,14,18.29,82,31,9,13.83,0.0261,0.153,0.0578,0.6429,0.7562,
2025-10-29,63563817,4190988309,1606,15,15.14,101,13,9,9.15,0.0093,0.0629,0.0081,0.6,0.6044,
2025-10-29,63563817,4190988310,815,21,26.7,108,16,11,12.96,0.0258,0.1325,0.0196,0.5238,0.4854,
2025-10-29,495403620,8878077181,1461,1058,788.46,1417,1330,1056,787.19,0.7242,0.9699,0.9103,0.9981,0.9984,
2025-10-29,495403620,9628223555,3367,30,25.16,332,40,25,22.73,0.0089,0.0986,0.0119,0.8333,0.9034,
2025-10-29,495817671,9630806627,3291,15,12.76,184,34,14,11.82,0.0046,0.0559,0.0103,0.9333,0.9263,
2025-10-29,500635396,9657930100,44975,1283,3331.64,19866,3492,1246,3285.21,0.0285,0.4417,0.0776,0.9712,0.9861,
2025-10-29,500635396,9700005700,1,0,0.0,1,0,0,0.0,0.0,1.0,0.0,,,
2025-10-29,525368335,9811363528,23742,116,77.19,665,348,81,58.23,0.0049,0.028,0.0147,0.6983,0.7544,
2025-10-30,63563817,1841014603,804,20,22.72,88,65,14,15.32,0.0249,0.1095,0.0808,0.7,0.6743,
2025-10-30,63563817,2526158329,79,0,0.0,2,0,0,0.0,0.0,0.0253,0.0,,,
2025-10-30,63563817,2874903000,568,15,21.23,73,21,14,20.28,0.0264,0.1285,0.037,0.9333,0.9553,
2025-10-30,63563817,4190988309,1604,10,10.36,94,10,7,7.01,0.0062,0.0586,0.0062,0.7,0.6766,
2025-10-30,63563817,4190988310,883,32,40.48,95,16,7,8.83,0.0362,0.1076,0.0181,0.2188,0.2181,
2025-10-30,495403620,8878077181,1455,1059,792.99,1430,1341,1059,792.99,0.7278,0.9828,0.9216,1.0,1.0,
2025-10-30,495403620,9628223555,3237,33,24.67,319,47,29,22.39,0.0102,0.0985,0.0145,0.8788,0.9076,
2025-10-30,495817671,9630806627,2846,22,19.68,185,37,17,16.02,0.0077,0.065,0.013,0.7727,0.814,
2025-10-30,500635396,9657930100,44414,1226,3044.72,19547,3182,1191,3001.42,0.0276,0.4401,0.0716,0.9715,0.9858,
2025-10-30,500635396,9700005700,9,0,0.0,0,0,0,0.0,0.0,0.0,0.0,,,
2025-10-30,525368335,9811363528,23415,81,55.59,559,282,60,42.86,0.0035,0.0239,0.012,0.7407,0.771,
2025-10-31,63563817,1841014603,786,25,29.63,97,75,20,22.96,0.0318,0.1234,0.0954,0.8,0.7749,
2025-10-31,63563817,2526158329,79,0,0.0,1,0,0,0.0,0.0,0.0127,0.0,,,
2025-10-31,63563817,2874903000,483,10,13.26,67,18,7,10.49,0.0207,0.1387,0.0373,0.7,0.7911,
2025-10-31,63563817,4190988309,1695,12,14.22,124,6,5,6.75,0.0071,0.0732,0.0035,0.4167,0.4747,
2025-10-31,63563817,4190988310,982,19,24.98,76,17,8,10.62,0.0193,0.0774,0.0173,0.4211,0.4251,
2025-10-31,495403620,8878077181,1378,1053,810.02,1364,1291,1052,809.21,0.7642,0.9898,0.9369,0.9991,0.999,CTR极高
2025-10-31,495403620,9628223555,3329,56,45.05,341,55,46,37.47,0.0168,0.1024,0.0165,0.8214,0.8317,
2025-10-31,495817671,9630806627,2293,10,7.57,103,18,10,7.57,0.0044,0.0449,0.0078,1.0,1.0,
2025-10-31,500635396,9657930100,42618,1256,3183.75,19404,3257,1225,3141.97,0.0295,0.4553,0.0764,0.9753,0.9869,
2025-10-31,500635396,9700005700,1,0,0.0,0,0,0,0.0,0.0,0.0,0.0,,,
2025-10-31,525368335,9811363528,24167,65,46.96,462,210,47,35.63,0.0027,0.0191,0.0087,0.7231,0.7587,
2025-11-01,63563817,1841014603,764,30,30.85,110,88,26,25.85,0.0393,0.144,0.1152,0.8667,0.8379,
2025-11-01,63563817,2526158329,31,0,0.0,0,0,0,0.0,0.0,0.0,0.0,,,
2025-11-01,63563817,2874903000,542,9,11.52,80,15,6,8.48,0.0166,0.1476,0.0277,0.6667,0.7361,
2025-11-01,63563817,4190988309,1540,9,9.58,108,15,5,6.26,0.0058,0.0701,0.0097,0.5556,0.6534,
2025-11-01,63563817,4190988310,945,24,28.67,116,23,12,13.5,0.0254,0.1228,0.0243,0.5,0.4709,
2025-11-01,495403620,8878077181,1304,979,796.04,1287,1206,979,796.04,0.7508,0.987,0.9248,1.0,1.0,
2025-11-01,495403620,9628223555,2658,35,27.87,338,62,31,25.39,0.0132,0.1272,0.0233,0.8857,0.911,
2025-11-01,495817671,9630806627,1986,13,9.81,127,33,9,8.19,0.0065,0.0639,0.0166,0.6923,0.8349,
2025-11-01,500635396,9657930100,39567,1174,2932.11,17583,2918,1149,2892.98,0.0297,0.4444,0.0737,0.9787,0.9867,
2025-11-01,500635396,9700005700,7,0,0.0,0,0,0,0.0,0.0,0.0,0.0,,,
2025-11-01,525368335,9811363528,20895,68,48.34,475,294,43,34.76,0.0033,0.0227,0.0141,0.6324,0.7191,
2025-11-02,63563817,1841014603,529,12,12.41,65,56,11,10.85,0.0227,0.1229,0.1059,0.9167,0.8743,
2025-11-02,63563817,2526158329,30,0,0.0,0,0,0,0.0,0.0,0.0,0.0,,,
2025-11-02,63563817,2874903000,238,1,1.57,19,4,1,1.57,0.0042,0.0798,0.0168,1.0,1.0,
2025-11-02,63563817,4190988309,1054,5,4.6,33,4,3,3.57,0.0047,0.0313,0.0038,0.6,0.7761,
2025-11-02,63563817,4190988310,356,14,16.15,44,10,5,5.2,0.0393,0.1236,0.0281,0.3571,0.322,
2025-11-02,495403620,8878077181,391,276,212.17,378,348,275,211.88,0.7059,0.9668,0.89,0.9964,0.9986,
2025-11-02,495403620,9628223555,2868,25,20.28,193,51,22,18.35,0.0087,0.0673,0.0178,0.88,0.9048,
2025-11-02,495817671,9630806627,1513,9,6.16,69,15,8,5.46,0.0059,0.0456,0.0099,0.8889,0.8864,
2025-11-02,500635396,9657930100,14438,402,932.99,5528,1136,382,911.9,0.0278,0.3829,0.0787,0.9502,0.9774,
2025-11-02,525368335,9811363528,18808,34,25.55,249,175,26,20.85,0.0018,0.0132,0.0093,0.7647,0.816,
2025-11-03,63563817,1841014603,1356,17,16.07,50,36,11,10.17,0.0125,0.0369,0.0265,0.6471,0.6329,
2025-11-03,63563817,2526158329,46,1,1.46,1,0,0,0.0,0.0217,0.0217,0.0,0.0,0.0,
2025-11-03,63563817,2874903000,154,1,0.75,9,1,1,0.75,0.0065,0.0584,0.0065,1.0,1.0,
2025-11-03,63563817,4190988309,2372,2,1.69,28,8,2,1.69,0.0008,0.0118,0.0034,1.0,1.0,
2025-11-03,63563817,4190988310,345,15,20.42,44,12,5,6.38,0.0435,0.1275,0.0348,0.3333,0.3124,
2025-11-03,495403620,8878077181,454,303,211.22,438,403,303,211.22,0.6674,0.9648,0.8877,1.0,1.0,
2025-11-03,495403620,9628223555,1711,15,10.77,150,21,12,8.68,0.0088,0.0877,0.0123,0.8,0.8059,
2025-11-03,495817671,9630806627,1382,3,2.47,70,10,2,1.78,0.0022,0.0507,0.0072,0.6667,0.7206,
2025-11-03,500635396,9657930100,15096,421,937.86,5539,1169,407,920.85,0.0279,0.3669,0.0774,0.9667,0.9819,
2025-11-03,500635396,9700005700,2,0,0.0,0,0,0,0.0,0.0,0.0,0.0,,,
2025-11-03,525368335,9811363528,14456,32,17.86,159,85,20,13.9,0.0022,0.011,0.0059,0.625,0.7783,
2025-11-04,63563817,1841014603,789,26,25.35,120,85,22,20.0,0.033,0.1521,0.1077,0.8462,0.789,
2025-11-04,63563817,2526158329,82,0,0.0,0,0,0,0.0,0.0,0.0,0.0,,,
2025-11-04,63563817,2874903000,594,9,10.28,73,16,6,8.86,0.0152,0.1229,0.0269,0.6667,0.8619,
2025-11-04,63563817,4190988309,1919,13,14.04,110,21,13,14.04,0.0068,0.0573,0.0109,1.0,1.0,
2025-11-04,63563817,4190988310,846,39,51.29,110,27,17,23.39,0.0461,0.13,0.0319,0.4359,0.456,
2025-11-04,495403620,8878077181,1562,1145,838.4,1530,1452,1145,838.4,0.733,0.9795,0.9296,1.0,1.0,
2025-11-04,495403620,9628223555,3315,47,37.91,346,54,40,32.96,0.0142,0.1044,0.0163,0.8511,0.8694,
2025-11-04,495817671,9630806627,2630,12,10.15,150,15,9,8.38,0.0046,0.057,0.0057,0.75,0.8256,
2025-11-04,500635396,9657930100,48004,1359,3407.72,21292,3698,1314,3355.37,0.0283,0.4435,0.077,0.9669,0.9846,
2025-11-04,500635396,9700005700,3,0,0.0,0,0,0,0.0,0.0,0.0,0.0,,,
2025-11-04,500635396,9773660250,1,0,0.0,1,1,0,0.0,0.0,1.0,1.0,,,
2025-11-04,525368335,9811363528,22712,57,42.98,340,165,33,26.6,0.0025,0.015,0.0073,0.5789,0.6189,
2025-11-05,63563817,1841014603,385,16,15.19,58,39,13,10.98,0.0416,0.1506,0.1013,0.8125,0.7228,
2025-11-05,63563817,2526158329,40,0,0.0,0,0,0,0.0,0.0,0.0,0.0,,,
2025-11-05,63563817,2874903000,258,2,0.73,21,5,0,0.0,0.0078,0.0814,0.0194,0.0,0.0,
2025-11-05,63563817,4190988309,1022,1,0.48,39,2,1,0.48,0.001,0.0382,0.002,1.0,1.0,
2025-11-05,63563817,4190988310,407,9,9.92,51,15,1,0.48,0.0221,0.1253,0.0369,0.1111,0.0484,
2025-11-05,495403620,8878077181,654,484,340.16,640,604,481,338.6,0.7401,0.9786,0.9235,0.9938,0.9954,
2025-11-05,495403620,9628223555,1977,17,14.76,129,18,14,11.75,0.0086,0.0653,0.0091,0.8235,0.7961,
2025-11-05,495817671,9630806627,1340,11,9.39,74,9,7,6.35,0.0082,0.0552,0.0067,0.6364,0.6763,
2025-11-05,500635396,9657930100,20830,616,1684.01,10568,1601,604,1668.69,0.0296,0.5073,0.0769,0.9805,0.9909,
2025-11-05,525368335,9811363528,14016,15,8.13,105,38,11,6.11,0.0011,0.0075,0.0027,0.7333,0.7515,
2025-11-06,63563817,1841014603,881,21,24.18,129,95,17,19.34,0.0238,0.1464,0.1078,0.8095,0.7998,
2025-11-06,63563817,2526158329,60,0,0.0,0,0,0,0.0,0.0,0.0,0.0,,,
2025-11-06,63563817,2874903000,667,14,19.59,85,31,13,19.32,0.021,0.1274,0.0465,0.9286,0.9862,
2025-11-06,63563817,4190988309,2120,11,12.58,97,9,9,9.98,0.0052,0.0458,0.0042,0.8182,0.7933,
2025-11-06,63563817,4190988310,892,22,28.61,110,18,7,9.31,0.0247,0.1233,0.0202,0.3182,0.3254,
2025-11-06,495403620,8878077181,1356,1035,784.89,1336,1244,1034,784.74,0.7633,0.9853,0.9174,0.999,0.9998,CTR极高
2025-11-06,495403620,9628223555,2989,47,37.65,341,36,42,34.28,0.0157,0.1141,0.012,0.8936,0.9105,
2025-11-06,495817671,9630806627,3585,17,13.18,188,27,9,8.58,0.0047,0.0524,0.0075,0.5294,0.651,
2025-11-06,500635396,9657930100,44426,1486,4094.64,21326,3732,1456,4058.95,0.0334,0.48,0.084,0.9798,0.9913,
2025-11-06,500635396,9700005700,38,0,0.0,0,0,0,0.0,0.0,0.0,0.0,,,
2025-11-06,500635396,9773660250,5,0,0.0,0,0,0,0.0,0.0,0.0,0.0,,,
2025-11-06,525368335,9811363528,23191,58,38.84,395,157,31,25.65,0.0025,0.017,0.0068,0.5345,0.6604,
2025-11-07,63563817,1841014603,888,35,37.74,123,92,27,28.51,0.0394,0.1385,0.1036,0.7714,0.7554,
2025-11-07,63563817,2526158329,85,1,1.11,1,1,0,0.0,0.0118,0.0118,0.0118,0.0,0.0,
2025-11-07,63563817,2874903000,565,2,1.27,63,18,1,1.04,0.0035,0.1115,0.0319,0.5,0.8189,
2025-11-07,63563817,4190988309,1878,13,15.57,95,16,10,12.13,0.0069,0.0506,0.0085,0.7692,0.7791,
2025-11-07,63563817,4190988310,1063,25,31.21,110,26,10,12.91,0.0235,0.1035,0.0245,0.4,0.4136,
2025-11-07,495403620,8878077181,1451,1062,836.71,1406,1326,1062,836.71,0.7319,0.969,0.9139,1.0,1.0,
2025-11-07,495403620,9628223555,3049,47,36.1,382,56,41,32.34,0.0154,0.1253,0.0184,0.8723,0.8958,
2025-11-07,495817671,9630806627,2781,13,9.08,143,32,7,4.09,0.0047,0.0514,0.0115,0.5385,0.4504,
2025-11-07,500635396,9657930100,40287,1361,3776.76,20974,3600,1341,3746.34,0.0338,0.5206,0.0894,0.9853,0.9919,
2025-11-07,500635396,9700005700,4,0,0.0,0,0,0,0.0,0.0,0.0,0.0,,,
2025-11-07,500635396,9773660250,44,0,0.0,0,0,0,0.0,0.0,0.0,0.0,,,
2025-11-07,525368335,9811363528,25266,56,38.62,298,131,32,22.26,0.0022,0.0118,0.0052,0.5714,0.5764,
2025-11-08,63563817,1841014603,761,39,40.31,138,112,35,34.66,0.0512,0.1813,0.1472,0.8974,0.8598,
2025-11-08,63563817,2526158329,39,1,1.04,0,0,0,0.0,0.0256,0.0,0.0,0.0,0.0,
2025-11-08,63563817,2874903000,528,4,5.05,70,24,3,4.14,0.0076,0.1326,0.0455,0.75,0.8198,
2025-11-08,63563817,4190988309,1701,15,14.92,95,8,11,11.26,0.0088,0.0558,0.0047,0.7333,0.7547,
2025-11-08,63563817,4190988310,868,24,29.65,111,20,12,14.62,0.0276,0.1279,0.023,0.5,0.4931,
2025-11-08,495403620,8878077181,1635,913,694.21,1228,1163,913,694.21,0.5584,0.7511,0.7113,1.0,1.0,
2025-11-08,495403620,9628223555,2730,53,41.83,336,45,43,34.5,0.0194,0.1231,0.0165,0.8113,0.8248,
2025-11-08,495817671,9630806627,2509,23,16.15,133,18,14,9.02,0.0092,0.053,0.0072,0.6087,0.5585,
2025-11-08,500635396,9657930100,38546,1289,3477.32,19688,3367,1264,3442.29,0.0334,0.5108,0.0874,0.9806,0.9899,
2025-11-08,525368335,9811363528,24069,39,27.08,303,160,27,20.08,0.0016,0.0126,0.0066,0.6923,0.7415,
2025-11-09,63563817,1841014603,477,14,13.39,51,43,11,9.71,0.0294,0.1069,0.0901,0.7857,0.7252,
2025-11-09,63563817,2526158329,37,0,0.0,2,1,0,0.0,0.0,0.0541,0.027,,,
2025-11-09,63563817,2874903000,228,3,2.04,24,3,1,1.17,0.0132,0.1053,0.0132,0.3333,0.5735,
2025-11-09,63563817,4190988309,887,8,7.92,41,5,6,6.24,0.009,0.0462,0.0056,0.75,0.7879,
2025-11-09,63563817,4190988310,428,14,17.61,56,11,6,6.8,0.0327,0.1308,0.0257,0.4286,0.3861,
2025-11-09,495403620,8878077181,460,304,210.98,421,391,304,210.98,0.6609,0.9152,0.85,1.0,1.0,
2025-11-09,495403620,9628223555,1606,18,15.2,179,35,17,14.11,0.0112,0.1115,0.0218,0.9444,0.9283,
2025-11-09,495817671,9630806627,1789,17,10.31,98,23,12,7.73,0.0095,0.0548,0.0129,0.7059,0.7498,
2025-11-09,500635396,9657930100,15921,501,1349.76,7730,1442,488,1332.53,0.0315,0.4855,0.0906,0.9741,0.9872,
2025-11-09,500635396,9700005700,20,0,0.0,0,0,0,0.0,0.0,0.0,0.0,,,
2025-11-09,500635396,9773660250,24,0,0.0,0,0,0,0.0,0.0,0.0,0.0,,,
2025-11-09,525368335,9811363528,17364,23,16.77,121,48,14,11.62,0.0013,0.007,0.0028,0.6087,0.6929,
2025-11-10,63563817,1841014603,427,9,9.08,47,36,8,7.68,0.0211,0.1101,0.0843,0.8889,0.8458,
2025-11-10,63563817,2526158329,24,0,0.0,0,0,0,0.0,0.0,0.0,0.0,,,
2025-11-10,63563817,2874903000,267,0,0.0,21,6,0,0.0,0.0,0.0787,0.0225,,,
2025-11-10,63563817,4190988309,876,5,3.61,35,7,4,3.24,0.0057,0.04,0.008,0.8,0.8975,
2025-11-10,63563817,4190988310,299,8,9.95,39,6,2,2.47,0.0268,0.1304,0.0201,0.25,0.2482,
2025-11-10,495403620,8878077181,387,282,190.82,366,325,282,190.82,0.7287,0.9457,0.8398,1.0,1.0,
2025-11-10,495403620,9628223555,1438,15,12.05,125,18,14,11.51,0.0104,0.0869,0.0125,0.9333,0.9552,
2025-11-10,495817671,9630806627,1983,10,6.04,95,25,7,3.84,0.005,0.0479,0.0126,0.7,0.6358,
2025-11-10,500635396,9657930100,16111,597,1634.98,7887,1571,583,1618.67,0.0371,0.4895,0.0975,0.9765,0.99,
2025-11-10,500635396,9773660250,1,0,0.0,1,0,0,0.0,0.0,1.0,0.0,,,
2025-11-10,525368335,9811363528,17119,26,13.84,113,49,9,5.55,0.0015,0.0066,0.0029,0.3462,0.401,
2025-11-11,63563817,1841014603,843,33,32.03,148,95,28,23.8,0.0391,0.1756,0.1127,0.8485,0.7431,
2025-11-11,63563817,2526158329,71,2,2.97,1,1,1,1.88,0.0282,0.0141,0.0141,0.5,0.633,
2025-11-11,63563817,2874903000,563,13,18.19,83,20,10,15.24,0.0231,0.1474,0.0355,0.7692,0.8378,
2025-11-11,63563817,4190988309,1583,6,6.84,101,8,4,5.3,0.0038,0.0638,0.0051,0.6667,0.7749,
2025-11-11,63563817,4190988310,1004,31,45.06,152,33,16,23.62,0.0309,0.1514,0.0329,0.5161,0.5242,
2025-11-11,495403620,8878077181,1581,1216,897.22,1530,1444,1215,897.09,0.7691,0.9677,0.9133,0.9992,0.9999,CTR极高
2025-11-11,495403620,9628223555,9253,131,127.22,1007,365,118,116.91,0.0142,0.1088,0.0394,0.9008,0.919,
2025-11-11,495817671,9630806627,5247,47,46.38,347,111,33,34.5,0.009,0.0661,0.0212,0.7021,0.7439,
2025-11-11,500635396,9657930100,33110,1660,6068.87,21417,4698,1641,6040.78,0.0501,0.6468,0.1419,0.9886,0.9954,
2025-11-11,500635396,9773660250,5,0,0.0,0,0,0,0.0,0.0,0.0,0.0,,,
2025-11-11,525368335,9811363528,30983,95,60.72,360,261,66,46.92,0.0031,0.0116,0.0084,0.6947,0.7727,
2025-11-12,63563817,1841014603,828,20,21.5,115,96,18,17.96,0.0242,0.1389,0.1159,0.9,0.8353,
2025-11-12,63563817,2526158329,89,1,1.44,2,1,0,0.0,0.0112,0.0225,0.0112,0.0,0.0,
2025-11-12,63563817,2874903000,648,13,15.22,94,24,7,11.96,0.0201,0.1451,0.037,0.5385,0.7858,
2025-11-12,63563817,4190988309,1553,13,16.14,143,14,11,14.41,0.0084,0.0921,0.009,0.8462,0.8928,
2025-11-12,63563817,4190988310,994,30,43.51,127,27,14,20.74,0.0302,0.1278,0.0272,0.4667,0.4767,
2025-11-12,495403620,8878077181,1453,1074,829.37,1415,1328,1074,829.37,0.7392,0.9738,0.914,1.0,1.0,
2025-11-12,495403620,9628223555,5802,110,107.63,716,214,94,94.23,0.019,0.1234,0.0369,0.8545,0.8755,
2025-11-12,495817671,9630806627,5087,36,37.6,268,61,21,23.16,0.0071,0.0527,0.012,0.5833,0.616,
2025-11-12,500635396,9657930100,39935,1796,6008.53,23492,5300,1763,5967.62,0.045,0.5883,0.1327,0.9816,0.9932,
2025-11-12,500635396,9700005700,90,0,0.0,0,0,0,0.0,0.0,0.0,0.0,,,
2025-11-12,500635396,9773660250,7,0,0.0,0,0,0,0.0,0.0,0.0,0.0,,,
2025-11-12,525368335,9811363528,24690,46,29.72,249,155,30,19.04,0.0019,0.0101,0.0063,0.6522,0.6406,
2025-11-13,63563817,1841014603,867,29,33.12,142,119,25,27.35,0.0334,0.1638,0.1373,0.8621,0.8258,
2025-11-13,63563817,2526158329,95,0,0.0,2,1,0,0.0,0.0,0.0211,0.0105,,,
2025-11-13,63563817,2874903000,533,11,13.91,78,23,7,11.13,0.0206,0.1463,0.0432,0.6364,0.8001,
2025-11-13,63563817,4190988309,1511,8,11.35,115,10,7,10.65,0.0053,0.0761,0.0066,0.875,0.9383,
2025-11-13,63563817,4190988310,1114,28,39.97,161,44,16,22.89,0.0251,0.1445,0.0395,0.5714,0.5727,
2025-11-13,495403620,8878077181,1473,1075,823.16,1442,1351,1074,821.05,0.7298,0.979,0.9172,0.9991,0.9974,
2025-11-13,495403620,9628223555,5007,91,94.39,672,116,82,85.63,0.0182,0.1342,0.0232,0.9011,0.9072,
2025-11-13,495817671,9630806627,4303,25,26.86,274,57,16,18.64,0.0058,0.0637,0.0132,0.64,0.694,
2025-11-13,500635396,9657930100,43542,1742,6004.34,25536,5363,1721,5980.56,0.04,0.5865,0.1232,0.9879,0.996,
2025-11-13,500635396,9700005700,6,0,0.0,0,0,0,0.0,0.0,0.0,0.0,,,
2025-11-13,500635396,9773660250,12,0,0.0,0,0,0,0.0,0.0,0.0,0.0,,,
2025-11-13,525368335,9811363528,24750,34,21.66,203,109,27,17.59,0.0014,0.0082,0.0044,0.7941,0.8121,
2025-11-14,63563817,1841014603,814,41,45.65,138,117,32,31.97,0.0504,0.1695,0.1437,0.7805,0.7003,
2025-11-14,63563817,2526158329,75,0,0.0,1,0,0,0.0,0.0,0.0133,0.0,,,
2025-11-14,63563817,2874903000,595,13,20.36,118,49,13,20.36,0.0218,0.1983,0.0824,1.0,1.0,
2025-11-14,63563817,4190988309,1522,11,17.72,133,11,9,14.75,0.0072,0.0874,0.0072,0.8182,0.8324,
2025-11-14,63563817,4190988310,971,27,39.32,166,33,11,13.91,0.0278,0.171,0.034,0.4074,0.3538,
2025-11-14,495403620,8878077181,1447,1062,836.21,1407,1312,1061,834.99,0.7339,0.9724,0.9067,0.9991,0.9985,
2025-11-14,495403620,9628223555,5113,74,79.23,642,110,66,72.54,0.0145,0.1256,0.0215,0.8919,0.9156,
2025-11-14,495817671,9630806627,4275,25,21.85,254,44,12,11.5,0.0058,0.0594,0.0103,0.48,0.5263,
2025-11-14,500635396,9657930100,44423,1674,5575.39,22520,5134,1643,5527.51,0.0377,0.5069,0.1156,0.9815,0.9914,
2025-11-14,500635396,9773660250,11,0,0.0,0,0,0,0.0,0.0,0.0,0.0,,,
2025-11-14,525368335,9811363528,24076,23,15.71,147,69,9,8.32,0.001,0.0061,0.0029,0.3913,0.5296,
2025-11-15,63563817,1841014603,921,38,42.03,136,115,31,31.19,0.0413,0.1477,0.1249,0.8158,0.7421,
2025-11-15,63563817,2526158329,109,1,1.65,5,2,0,0.0,0.0092,0.0459,0.0183,0.0,0.0,
2025-11-15,63563817,2874903000,489,15,23.98,89,24,12,20.93,0.0307,0.182,0.0491,0.8,0.8728,
2025-11-15,63563817,4190988309,1472,16,18.92,136,25,13,16.29,0.0109,0.0924,0.017,0.8125,0.861,
2025-11-15,63563817,4190988310,961,29,40.9,115,27,11,14.74,0.0302,0.1197,0.0281,0.3793,0.3604,
2025-11-15,495403620,8878077181,1264,904,711.59,1232,1167,903,711.16,0.7152,0.9747,0.9233,0.9989,0.9994,
2025-11-15,495403620,9628223555,4840,62,61.61,578,87,53,53.65,0.0128,0.1194,0.018,0.8548,0.8708,
2025-11-15,495817671,9630806627,3924,23,26.39,240,53,16,19.45,0.0059,0.0612,0.0135,0.6957,0.737,
2025-11-15,500635396,9657930100,40648,1487,4945.44,21621,4220,1453,4893.83,0.0366,0.5319,0.1038,0.9771,0.9896,
2025-11-15,500635396,9700005700,1,0,0.0,0,0,0,0.0,0.0,0.0,0.0,,,
2025-11-15,500635396,9773660250,48,0,0.0,0,0,0,0.0,0.0,0.0,0.0,,,
2025-11-15,525368335,9811363528,17944,24,16.57,145,71,12,9.81,0.0013,0.0081,0.004,0.5,0.592,
2025-11-16,63563817,1841014603,732,14,16.31,63,57,10,10.41,0.0191,0.0861,0.0779,0.7143,0.6383,
2025-11-16,63563817,2526158329,70,0,0.0,1,0,0,0.0,0.0,0.0143,0.0,,,
2025-11-16,63563817,2874903000,216,4,7.44,27,7,3,5.61,0.0185,0.125,0.0324,0.75,0.754,
2025-11-16,63563817,4190988309,1143,6,7.3,45,7,6,7.3,0.0052,0.0394,0.0061,1.0,1.0,
2025-11-16,63563817,4190988310,561,21,29.91,53,10,4,5.36,0.0374,0.0945,0.0178,0.1905,0.1792,
2025-11-16,495403620,8878077181,490,342,250.39,446,420,342,250.39,0.698,0.9102,0.8571,1.0,1.0,
2025-11-16,495403620,9628223555,2776,32,33.43,246,56,27,28.89,0.0115,0.0886,0.0202,0.8438,0.8642,
2025-11-16,495817671,9630806627,2810,18,19.19,120,34,13,15.32,0.0064,0.0427,0.0121,0.7222,0.7983,
2025-11-16,500635396,9657930100,15776,605,1901.7,8172,1844,593,1888.59,0.0383,0.518,0.1169,0.9802,0.9931,
2025-11-16,525368335,9811363528,14631,9,5.78,68,27,7,4.79,0.0006,0.0046,0.0018,0.7778,0.8287,
2025-11-17,63563817,1841014603,499,11,12.05,45,39,7,5.29,0.022,0.0902,0.0782,0.6364,0.439,
2025-11-17,63563817,2526158329,60,0,0.0,0,0,0,0.0,0.0,0.0,0.0,,,
2025-11-17,63563817,2874903000,244,0,0.0,22,5,0,0.0,0.0,0.0902,0.0205,,,
2025-11-17,63563817,4190988309,790,11,16.84,25,4,4,5.58,0.0139,0.0316,0.0051,0.3636,0.3314,
2025-11-17,63563817,4190988310,439,17,26.63,47,9,5,6.75,0.0387,0.1071,0.0205,0.2941,0.2535,
2025-11-17,495403620,8878077181,435,332,243.83,418,392,332,243.83,0.7632,0.9609,0.9011,1.0,1.0,CTR极高
2025-11-17,495403620,9628223555,3422,25,21.41,249,57,18,17.3,0.0073,0.0728,0.0167,0.72,0.808,
2025-11-17,495817671,9630806627,2791,13,11.45,127,20,8,9.38,0.0047,0.0455,0.0072,0.6154,0.8192,
2025-11-17,500635396,9657930100,14934,557,1701.15,8063,1662,551,1695.55,0.0373,0.5399,0.1113,0.9892,0.9967,
2025-11-17,500635396,9700005700,5,0,0.0,0,0,0,0.0,0.0,0.0,0.0,,,
2025-11-17,525368335,9811363528,18498,17,11.31,66,31,10,7.91,0.0009,0.0036,0.0017,0.5882,0.6994,
2025-11-18,63563817,1841014603,996,28,25.03,154,136,23,18.32,0.0281,0.1546,0.1365,0.8214,0.7319,
2025-11-18,63563817,2526158329,90,1,0.34,0,0,0,0.0,0.0111,0.0,0.0,0.0,0.0,
2025-11-18,63563817,2874903000,645,13,18.92,94,24,10,16.13,0.0202,0.1457,0.0372,0.7692,0.8525,
2025-11-18,63563817,4190988309,1535,13,18.66,110,6,9,13.47,0.0085,0.0717,0.0039,0.6923,0.7219,
2025-11-18,63563817,4190988310,1152,22,34.45,141,36,3,4.79,0.0191,0.1224,0.0312,0.1364,0.139,
2025-11-18,495403620,8878077181,1646,1239,949.91,1598,1503,1237,948.87,0.7527,0.9708,0.9131,0.9984,0.9989,
2025-11-18,495403620,9628223555,7159,132,143.57,964,232,117,131.47,0.0184,0.1347,0.0324,0.8864,0.9157,
2025-11-18,495817671,9630806627,4726,34,32.55,244,45,25,24.68,0.0072,0.0516,0.0095,0.7353,0.7582,
2025-11-18,500635396,9657930100,10975,1061,3004.33,8715,3672,1057,2998.45,0.0967,0.7941,0.3346,0.9962,0.998,
2025-11-18,500635396,9700005700,9,0,0.0,0,0,0,0.0,0.0,0.0,0.0,,,
2025-11-18,500635396,9773660250,56,0,0.0,0,0,0,0.0,0.0,0.0,0.0,,,
2025-11-18,525368335,9811363528,54743,131,94.41,542,399,84,65.58,0.0024,0.0099,0.0073,0.6412,0.6946,
2025-11-19,63563817,1841014603,1080,36,39.12,151,138,31,32.57,0.0333,0.1398,0.1278,0.8611,0.8326,
2025-11-19,63563817,2526158329,150,2,3.59,1,1,0,0.0,0.0133,0.0067,0.0067,0.0,0.0,
2025-11-19,63563817,2874903000,577,9,10.67,96,35,5,7.86,0.0156,0.1664,0.0607,0.5556,0.7366,
2025-11-19,63563817,4190988309,2136,11,14.74,115,10,8,10.76,0.0051,0.0538,0.0047,0.7273,0.73,
2025-11-19,63563817,4190988310,1755,51,74.37,229,80,23,32.16,0.0291,0.1305,0.0456,0.451,0.4324,
2025-11-19,495403620,8878077181,1513,1134,857.67,1474,1376,1134,857.67,0.7495,0.9742,0.9095,1.0,1.0,
2025-11-19,495403620,9628223555,6478,187,194.8,1084,336,177,186.0,0.0289,0.1673,0.0519,0.9465,0.9548,
2025-11-19,495817671,9630806627,5283,44,44.43,267,59,29,28.88,0.0083,0.0505,0.0112,0.6591,0.65,
2025-11-19,500635396,9657930100,20659,1741,6014.1,16437,5825,1738,6010.76,0.0843,0.7956,0.282,0.9983,0.9994,
2025-11-19,500635396,9700005700,11,0,0.0,0,0,0,0.0,0.0,0.0,0.0,,,
2025-11-19,500635396,9773660250,110,0,0.0,0,0,0,0.0,0.0,0.0,0.0,,,
2025-11-19,525368335,9811363528,43372,97,65.31,424,288,57,46.22,0.0022,0.0098,0.0066,0.5876,0.7077,
2025-11-20,63563817,1841014603,802,25,24.32,140,120,21,17.7,0.0312,0.1746,0.1496,0.84,0.7278,
2025-11-20,63563817,2526158329,109,0,0.0,0,0,0,0.0,0.0,0.0,0.0,,,
2025-11-20,63563817,2874903000,462,2,3.66,73,10,2,3.66,0.0043,0.158,0.0216,1.0,1.0,
2025-11-20,63563817,4190988309,1725,6,8.97,85,10,5,7.11,0.0035,0.0493,0.0058,0.8333,0.7926,
2025-11-20,63563817,4190988310,1572,65,105.15,229,82,11,15.6,0.0413,0.1457,0.0522,0.1692,0.1484,
2025-11-20,495403620,8878077181,1414,1005,788.41,1314,1248,1005,788.41,0.7107,0.9293,0.8826,1.0,1.0,
2025-11-20,495403620,9628223555,6810,120,125.46,1027,239,116,122.56,0.0176,0.1508,0.0351,0.9667,0.9769,
2025-11-20,495817671,9630806627,3608,16,17.89,152,35,13,14.65,0.0044,0.0421,0.0097,0.8125,0.8189,
2025-11-20,500635396,9657930100,20128,1588,5569.52,16110,5132,1580,5558.16,0.0789,0.8004,0.255,0.995,0.998,
2025-11-20,500635396,9700005700,4,0,0.0,0,0,0,0.0,0.0,0.0,0.0,,,
2025-11-20,500635396,9773660250,1,0,0.0,0,0,0,0.0,0.0,0.0,0.0,,,
2025-11-20,525368335,9811363528,32826,66,48.52,221,142,33,28.48,0.002,0.0067,0.0043,0.5,0.587,
2025-11-21,63563817,1841014603,947,26,27.04,154,121,23,24.13,0.0275,0.1626,0.1278,0.8846,0.8924,
2025-11-21,63563817,2526158329,57,0,0.0,3,0,0,0.0,0.0,0.0526,0.0,,,
2025-11-21,63563817,2874903000,590,18,26.97,113,28,14,23.37,0.0305,0.1915,0.0475,0.7778,0.8665,
2025-11-21,63563817,4190988309,1988,9,12.53,109,29,7,10.41,0.0045,0.0548,0.0146,0.7778,0.8308,
2025-11-21,63563817,4190988310,1751,67,104.95,249,77,21,30.07,0.0383,0.1422,0.044,0.3134,0.2865,
2025-11-21,495403620,8878077181,1611,1150,917.67,1515,1427,1150,917.67,0.7138,0.9404,0.8858,1.0,1.0,
2025-11-21,495403620,9628223555,7845,121,124.57,1032,277,103,108.49,0.0154,0.1315,0.0353,0.8512,0.8709,
2025-11-21,495817671,9630806627,4049,14,14.59,194,44,9,10.24,0.0035,0.0479,0.0109,0.6429,0.7019,
2025-11-21,500635396,9657930100,20330,1433,4631.88,15253,4418,1433,4631.88,0.0705,0.7503,0.2173,1.0,1.0,
2025-11-21,500635396,9700005700,16,0,0.0,0,0,0,0.0,0.0,0.0,0.0,,,
2025-11-21,500635396,9773660250,16,0,0.0,0,0,0,0.0,0.0,0.0,0.0,,,
2025-11-21,525368335,9811363528,37126,49,32.12,232,125,23,20.04,0.0013,0.0062,0.0034,0.4694,0.6239,
2025-11-22,63563817,1841014603,755,16,20.69,115,98,11,12.61,0.0212,0.1523,0.1298,0.6875,0.6095,
2025-11-22,63563817,2526158329,87,1,1.88,1,0,1,1.88,0.0115,0.0115,0.0,1.0,1.0,
2025-11-22,63563817,2874903000,468,10,17.73,91,30,10,17.73,0.0214,0.1944,0.0641,1.0,1.0,
2025-11-22,63563817,4190988309,1573,16,22.04,119,31,11,16.38,0.0102,0.0757,0.0197,0.6875,0.7432,
2025-11-22,63563817,4190988310,1538,36,57.31,201,68,9,13.39,0.0234,0.1307,0.0442,0.25,0.2336,
2025-11-22,495403620,8878077181,1401,927,710.92,1307,1212,925,708.66,0.6617,0.9329,0.8651,0.9978,0.9968,
2025-11-22,495403620,9628223555,6757,98,100.39,838,181,80,84.8,0.0145,0.124,0.0268,0.8163,0.8447,
2025-11-22,495817671,9630806627,3340,30,30.61,162,34,19,20.93,0.009,0.0485,0.0102,0.6333,0.6838,
2025-11-22,500635396,9657930100,23389,1247,3849.29,16706,3559,1238,3838.09,0.0533,0.7143,0.1522,0.9928,0.9971,
2025-11-22,500635396,9700005700,4,0,0.0,0,0,0,0.0,0.0,0.0,0.0,,,
2025-11-22,500635396,9773660250,4,0,0.0,0,0,0,0.0,0.0,0.0,0.0,,,
2025-11-22,525368335,9811363528,28716,46,28.69,214,119,19,15.56,0.0016,0.0075,0.0041,0.413,0.5423,
2025-11-23,63563817,1841014603,542,13,15.08,68,57,9,8.67,0.024,0.1255,0.1052,0.6923,0.5749,
2025-11-23,63563817,2526158329,49,1,1.87,2,1,0,0.0,0.0204,0.0408,0.0204,0.0,0.0,
2025-11-23,63563817,2874903000,220,6,8.4,50,16,5,7.71,0.0273,0.2273,0.0727,0.8333,0.9179,
2025-11-23,63563817,4190988309,831,4,5.13,68,5,4,5.13,0.0048,0.0818,0.006,1.0,1.0,
2025-11-23,63563817,4190988310,808,26,43.13,124,29,6,9.95,0.0322,0.1535,0.0359,0.2308,0.2307,
2025-11-23,495403620,8878077181,513,340,247.72,488,432,339,246.59,0.6628,0.9513,0.8421,0.9971,0.9954,
2025-11-23,495403620,9628223555,5504,61,58.16,918,195,56,54.34,0.0111,0.1668,0.0354,0.918,0.9343,
2025-11-23,495817671,9630806627,2080,16,15.55,100,14,9,9.97,0.0077,0.0481,0.0067,0.5625,0.6412,
2025-11-23,500635396,9657930100,5691,374,1084.39,4144,1335,373,1082.3,0.0657,0.7282,0.2346,0.9973,0.9981,
2025-11-23,500635396,9700005700,4,0,0.0,0,0,0,0.0,0.0,0.0,0.0,,,
2025-11-23,500635396,9773660250,60,0,0.0,0,0,0,0.0,0.0,0.0,0.0,,,
2025-11-23,525368335,9811363528,17290,32,21.36,316,114,21,17.55,0.0019,0.0183,0.0066,0.6562,0.8216,
2025-11-24,63563817,1841014603,491,10,11.83,38,30,5,3.75,0.0204,0.0774,0.0611,0.5,0.317,
2025-11-24,63563817,2526158329,45,1,1.88,2,0,1,1.88,0.0222,0.0444,0.0,1.0,1.0,
2025-11-24,63563817,2874903000,155,0,0.0,17,4,0,0.0,0.0,0.1097,0.0258,,,
2025-11-24,63563817,4190988309,763,5,3.74,52,11,4,3.13,0.0066,0.0682,0.0144,0.8,0.8369,
2025-11-24,63563817,4190988310,771,39,60.74,111,30,10,11.64,0.0506,0.144,0.0389,0.2564,0.1916,
2025-11-24,495403620,8878077181,453,269,183.88,391,325,269,183.88,0.5938,0.8631,0.7174,1.0,1.0,
2025-11-24,495403620,9628223555,6023,48,52.05,820,171,42,47.52,0.008,0.1361,0.0284,0.875,0.913,
2025-11-24,495817671,9630806627,2121,17,12.3,120,22,5,5.22,0.008,0.0566,0.0104,0.2941,0.4244,
2025-11-24,500635396,9657930100,5001,320,866.86,3512,1072,318,863.31,0.064,0.7023,0.2144,0.9938,0.9959,
2025-11-24,500635396,9700005700,5,0,0.0,0,0,0,0.0,0.0,0.0,0.0,,,
2025-11-24,500635396,9773660250,70,0,0.0,0,0,0,0.0,0.0,0.0,0.0,,,
2025-11-24,525368335,9811363528,18242,25,15.04,250,84,17,11.27,0.0014,0.0137,0.0046,0.68,0.7493,
2025-11-25,63563817,1841014603,1035,32,33.62,145,120,26,25.5,0.0309,0.1401,0.1159,0.8125,0.7585,
2025-11-25,63563817,2526158329,78,1,1.82,1,0,1,1.82,0.0128,0.0128,0.0,1.0,1.0,
2025-11-25,63563817,2874903000,548,9,13.92,111,35,9,13.92,0.0164,0.2026,0.0639,1.0,1.0,
2025-11-25,63563817,4190988309,1742,6,9.11,143,23,3,4.29,0.0034,0.0821,0.0132,0.5,0.4709,
2025-11-25,63563817,4190988310,1635,41,64.78,217,62,18,26.63,0.0251,0.1327,0.0379,0.439,0.4111,
2025-11-25,495403620,8878077181,1783,1252,936.61,1627,1522,1251,935.48,0.7022,0.9125,0.8536,0.9992,0.9988,
2025-11-25,495403620,9628223555,14830,150,157.52,1540,402,141,148.88,0.0101,0.1038,0.0271,0.94,0.9451,
2025-11-25,495817671,9630806627,3646,30,30.17,204,39,14,15.88,0.0082,0.056,0.0107,0.4667,0.5264,
2025-11-25,500635396,9657930100,18770,1321,3930.83,13197,4257,1312,3920.55,0.0704,0.7031,0.2268,0.9932,0.9974,
2025-11-25,500635396,9700005700,9,0,0.0,0,0,0,0.0,0.0,0.0,0.0,,,
2025-11-25,500635396,9773660250,24,1,0.1,0,0,0,0.0,0.0417,0.0,0.0,0.0,0.0,
2025-11-25,525368335,9811363528,35635,83,58.9,411,203,48,38.94,0.0023,0.0115,0.0057,0.5783,0.6611,
2025-11-26,63563817,1841014603,934,24,28.43,148,121,20,21.39,0.0257,0.1585,0.1296,0.8333,0.7524,
2025-11-26,63563817,2526158329,82,1,1.69,1,0,0,0.0,0.0122,0.0122,0.0,0.0,0.0,
2025-11-26,63563817,2874903000,524,18,26.82,108,38,14,24.14,0.0344,0.2061,0.0725,0.7778,0.9001,
2025-11-26,63563817,4190988309,1485,24,33.85,125,32,14,21.17,0.0162,0.0842,0.0215,0.5833,0.6254,
2025-11-26,63563817,4190988310,1717,47,76.8,232,64,11,15.98,0.0274,0.1351,0.0373,0.234,0.2081,
2025-11-26,495403620,8878077181,1619,1097,782.87,1429,1328,1095,780.61,0.6776,0.8826,0.8203,0.9982,0.9971,
2025-11-26,495403620,9628223555,10668,147,149.14,1181,318,131,136.8,0.0138,0.1107,0.0298,0.8912,0.9173,
2025-11-26,495817671,9630806627,3622,21,22.57,184,34,16,18.26,0.0058,0.0508,0.0094,0.7619,0.809,
2025-11-26,500635396,9657930100,29068,1502,4786.31,19062,4654,1498,4782.95,0.0517,0.6558,0.1601,0.9973,0.9993,
2025-11-26,500635396,9700005700,5,0,0.0,0,0,0,0.0,0.0,0.0,0.0,,,
2025-11-26,500635396,9773660250,24,0,0.0,0,0,0,0.0,0.0,0.0,0.0,,,
2025-11-26,525368335,9811363528,24936,53,36.12,242,142,26,21.53,0.0021,0.0097,0.0057,0.4906,0.5961,
2025-11-27,63563817,1841014603,973,35,38.88,136,117,28,28.14,0.036,0.1398,0.1202,0.8,0.7238,
2025-11-27,63563817,2526158329,135,1,1.88,3,1,1,1.88,0.0074,0.0222,0.0074,1.0,1.0,
2025-11-27,63563817,2874903000,533,14,24.59,117,40,12,21.37,0.0263,0.2195,0.075,0.8571,0.8691,
2025-11-27,63563817,4190988309,1436,7,11.19,110,16,7,11.19,0.0049,0.0766,0.0111,1.0,1.0,
2025-11-27,63563817,4190988310,1556,46,75.09,168,45,18,28.88,0.0296,0.108,0.0289,0.3913,0.3846,
2025-11-27,495403620,8878077181,1700,1095,740.52,1508,1412,1095,740.52,0.6441,0.8871,0.8306,1.0,1.0,
2025-11-27,495403620,9628223555,10775,131,130.64,911,243,118,120.92,0.0122,0.0845,0.0226,0.9008,0.9256,
2025-11-27,495817671,9630806627,3565,16,15.63,183,49,7,8.62,0.0045,0.0513,0.0137,0.4375,0.5515,
2025-11-27,500635396,9657930100,27571,1268,3838.93,17135,3693,1258,3826.97,0.046,0.6215,0.1339,0.9921,0.9969,
2025-11-27,500635396,9700005700,13,0,0.0,0,0,0,0.0,0.0,0.0,0.0,,,
2025-11-27,500635396,9773660250,58,0,0.0,0,0,0,0.0,0.0,0.0,0.0,,,
2025-11-27,525368335,9811363528,24325,30,20.09,232,140,16,13.22,0.0012,0.0095,0.0058,0.5333,0.658,
2025-11-28,63563817,1841014603,962,27,32.36,117,105,22,25.2,0.0281,0.1216,0.1091,0.8148,0.7787,
2025-11-28,63563817,2526158329,128,0,0.0,2,1,0,0.0,0.0,0.0156,0.0078,,,
2025-11-28,63563817,2874903000,586,13,19.25,116,35,10,16.52,0.0222,0.198,0.0597,0.7692,0.8582,
2025-11-28,63563817,4190988309,1496,13,15.68,116,18,7,7.69,0.0087,0.0775,0.012,0.5385,0.4904,
2025-11-28,63563817,4190988310,1738,55,88.98,216,43,15,22.07,0.0316,0.1243,0.0247,0.2727,0.248,
2025-11-28,495403620,8878077181,1590,1115,738.32,1500,1417,1114,737.46,0.7013,0.9434,0.8912,0.9991,0.9988,
2025-11-28,495403620,9628223555,17115,156,160.0,1140,307,139,148.26,0.0091,0.0666,0.0179,0.891,0.9266,
2025-11-28,495817671,9630806627,3549,16,17.16,142,30,12,13.11,0.0045,0.04,0.0085,0.75,0.764,
2025-11-28,500635396,9657930100,19997,987,2353.09,12071,2881,982,2348.02,0.0494,0.6036,0.1441,0.9949,0.9978,
2025-11-28,500635396,9700005700,1,0,0.0,0,0,0,0.0,0.0,0.0,0.0,,,
2025-11-28,500635396,9773660250,23,1,0.01,0,0,0,0.0,0.0435,0.0,0.0,0.0,0.0,
2025-11-28,525368335,9811363528,25832,47,33.93,221,143,33,26.53,0.0018,0.0086,0.0055,0.7021,0.7819,
2025-11-29,63563817,1841014603,799,30,32.86,126,101,25,25.09,0.0375,0.1577,0.1264,0.8333,0.7635,
2025-11-29,63563817,2526158329,77,0,0.0,2,0,0,0.0,0.0,0.026,0.0,,,
2025-11-29,63563817,2874903000,502,9,14.06,101,21,8,13.42,0.0179,0.2012,0.0418,0.8889,0.9545,
2025-11-29,63563817,4190988309,1395,3,3.45,99,15,2,1.72,0.0022,0.071,0.0108,0.6667,0.4986,
2025-11-29,63563817,4190988310,1347,19,27.9,181,45,8,10.18,0.0141,0.1344,0.0334,0.4211,0.3649,
2025-11-29,495403620,8878077181,1619,996,654.79,1332,1253,993,651.85,0.6152,0.8227,0.7739,0.997,0.9955,
2025-11-29,495403620,9628223555,20333,149,156.91,1285,368,124,133.47,0.0073,0.0632,0.0181,0.8322,0.8506,
2025-11-29,495817671,9630806627,3082,13,12.8,118,21,7,8.03,0.0042,0.0383,0.0068,0.5385,0.6273,
2025-11-29,500635396,9657930100,15671,795,2115.38,9571,2482,791,2108.54,0.0507,0.6107,0.1584,0.995,0.9968,
2025-11-29,500635396,9773660250,12,0,0.0,0,0,0,0.0,0.0,0.0,0.0,,,
2025-11-29,525368335,9811363528,22566,47,34.19,272,176,33,26.49,0.0021,0.0121,0.0078,0.7021,0.7748,
2025-11-30,63563817,1841014603,458,9,8.11,60,49,8,6.38,0.0197,0.131,0.107,0.8889,0.7867,
2025-11-30,63563817,2526158329,58,0,0.0,5,0,0,0.0,0.0,0.0862,0.0,,,
2025-11-30,63563817,2874903000,216,2,2.89,36,11,1,1.85,0.0093,0.1667,0.0509,0.5,0.6401,
2025-11-30,63563817,4190988309,840,5,5.81,34,8,3,3.43,0.006,0.0405,0.0095,0.6,0.5904,
2025-11-30,63563817,4190988310,828,24,37.89,120,33,9,12.57,0.029,0.1449,0.0399,0.375,0.3317,
2025-11-30,495403620,8878077181,568,353,232.9,522,467,352,231.77,0.6215,0.919,0.8222,0.9972,0.9951,
2025-11-30,495403620,9628223555,7307,77,73.16,636,206,66,66.39,0.0105,0.087,0.0282,0.8571,0.9075,
2025-11-30,495817671,9630806627,2050,8,8.8,87,22,5,6.14,0.0039,0.0424,0.0107,0.625,0.6977,
2025-11-30,500635396,9657930100,5402,285,736.68,3716,1047,284,735.02,0.0528,0.6879,0.1938,0.9965,0.9977,
2025-11-30,500635396,9773660250,13,0,0.0,0,0,0,0.0,0.0,0.0,0.0,,,
2025-11-30,525368335,9811363528,16715,22,14.1,138,97,14,10.62,0.0013,0.0083,0.0058,0.6364,0.7532,
2025-12-01,63563817,1841014603,445,10,14.62,51,44,7,9.46,0.0225,0.1146,0.0989,0.7,0.6471,
2025-12-01,63563817,2526158329,29,0,0.0,0,0,0,0.0,0.0,0.0,0.0,,,
2025-12-01,63563817,2874903000,162,4,5.91,21,5,2,3.72,0.0247,0.1296,0.0309,0.5,0.6294,
2025-12-01,63563817,4190988309,698,3,3.4,31,6,2,2.56,0.0043,0.0444,0.0086,0.6667,0.7529,
2025-12-01,63563817,4190988310,732,18,29.57,98,29,7,10.72,0.0246,0.1339,0.0396,0.3889,0.3625,
2025-12-01,495403620,8878077181,470,324,205.43,449,383,324,205.43,0.6894,0.9553,0.8149,1.0,1.0,
2025-12-01,495403620,9628223555,7535,65,64.84,551,179,60,60.27,0.0086,0.0731,0.0238,0.9231,0.9295,
2025-12-01,495817671,9630806627,2123,12,8.48,101,20,9,7.0,0.0057,0.0476,0.0094,0.75,0.8255,
2025-12-01,500635396,9657930100,4817,263,607.3,3325,930,261,605.0,0.0546,0.6903,0.1931,0.9924,0.9962,
2025-12-01,500635396,9773660250,5,0,0.0,0,0,0,0.0,0.0,0.0,0.0,,,
2025-12-01,525368335,9811363528,16913,14,9.39,80,50,8,6.75,0.0008,0.0047,0.003,0.5714,0.7188,
2025-12-02,63563817,1841014603,986,27,26.13,153,132,25,22.9,0.0274,0.1552,0.1339,0.9259,0.8764,
2025-12-02,63563817,2526158329,63,0,0.0,3,1,0,0.0,0.0,0.0476,0.0159,,,
2025-12-02,63563817,2874903000,658,16,20.86,119,37,11,17.09,0.0243,0.1809,0.0562,0.6875,0.8193,
2025-12-02,63563817,4190988309,1864,15,20.89,125,14,11,14.88,0.008,0.0671,0.0075,0.7333,0.7123,
2025-12-02,63563817,4190988310,1523,37,55.93,204,62,17,24.36,0.0243,0.1339,0.0407,0.4595,0.4355,
2025-12-02,495403620,8878077181,1722,1239,809.55,1618,1511,1239,809.55,0.7195,0.9396,0.8775,1.0,1.0,
2025-12-02,495403620,9628223555,18624,159,168.11,1291,323,134,146.65,0.0085,0.0693,0.0173,0.8428,0.8723,
2025-12-02,495817671,9630806627,3597,12,13.46,150,44,7,7.7,0.0033,0.0417,0.0122,0.5833,0.5721,
2025-12-02,500635396,9657930100,23477,1154,2832.81,15211,3546,1147,2823.4,0.0492,0.6479,0.151,0.9939,0.9967,
2025-12-02,500635396,9773660250,14,0,0.0,1,0,0,0.0,0.0,0.0714,0.0,,,
2025-12-02,525368335,9811363528,28344,43,27.96,205,94,12,9.62,0.0015,0.0072,0.0033,0.2791,0.3441,
2025-12-03,63563817,1841014603,991,35,42.38,150,126,27,29.04,0.0353,0.1514,0.1271,0.7714,0.6852,
2025-12-03,63563817,2526158329,103,0,0.0,8,1,0,0.0,0.0,0.0777,0.0097,,,
2025-12-03,63563817,2874903000,626,17,24.12,140,40,11,18.19,0.0272,0.2236,0.0639,0.6471,0.7541,
2025-12-03,63563817,4190988309,1886,10,13.66,134,18,9,12.52,0.0053,0.071,0.0095,0.9,0.9165,
2025-12-03,63563817,4190988310,1617,39,61.47,222,61,16,23.89,0.0241,0.1373,0.0377,0.4103,0.3886,
2025-12-03,495403620,8878077181,1645,1208,777.15,1605,1456,1206,776.07,0.7343,0.9757,0.8851,0.9983,0.9986,
2025-12-03,495403620,9628223555,5702,64,66.27,702,149,55,58.45,0.0112,0.1231,0.0261,0.8594,0.882,
2025-12-03,495817671,9630806627,3470,22,18.08,217,48,12,9.78,0.0063,0.0625,0.0138,0.5455,0.5409,
2025-12-03,500635396,9657930100,46821,1744,4892.66,23990,4409,1723,4863.12,0.0372,0.5124,0.0942,0.988,0.994,
2025-12-03,525368335,9811363528,18908,19,14.4,167,73,13,10.53,0.001,0.0088,0.0039,0.6842,0.7312,
2025-12-04,63563817,1841014603,963,27,30.77,133,111,23,23.49,0.028,0.1381,0.1153,0.8519,0.7634,
2025-12-04,63563817,2526158329,97,0,0.0,1,0,0,0.0,0.0,0.0103,0.0,,,
2025-12-04,63563817,2874903000,630,14,21.75,124,34,11,19.0,0.0222,0.1968,0.054,0.7857,0.8736,
2025-12-04,63563817,4190988309,1897,15,20.76,124,21,11,15.38,0.0079,0.0654,0.0111,0.7333,0.7408,
2025-12-04,63563817,4190988310,1762,37,57.87,210,71,17,26.14,0.021,0.1192,0.0403,0.4595,0.4517,
2025-12-04,495403620,8878077181,1671,1245,811.76,1629,1450,1245,811.76,0.7451,0.9749,0.8677,1.0,1.0,
2025-12-04,495403620,9628223555,6273,94,93.64,790,209,86,86.81,0.015,0.1259,0.0333,0.9149,0.9271,
2025-12-04,495817671,9630806627,3835,25,25.58,172,45,18,19.79,0.0065,0.0449,0.0117,0.72,0.7737,
2025-12-04,500635396,9657930100,43082,1727,5016.89,21469,4861,1709,4993.62,0.0401,0.4983,0.1128,0.9896,0.9954,
2025-12-04,525368335,9811363528,22462,30,20.46,204,104,16,11.53,0.0013,0.0091,0.0046,0.5333,0.5635,
2025-12-05,63563817,1841014603,1087,39,36.91,144,120,35,31.66,0.0359,0.1325,0.1104,0.8974,0.8578,
2025-12-05,63563817,2526158329,96,0,0.0,0,0,0,0.0,0.0,0.0,0.0,,,
2025-12-05,63563817,2874903000,655,21,30.9,149,33,15,24.45,0.0321,0.2275,0.0504,0.7143,0.7913,
2025-12-05,63563817,4190988309,1568,8,10.41,103,23,6,7.23,0.0051,0.0657,0.0147,0.75,0.6945,
2025-12-05,63563817,4190988310,1643,28,45.65,178,44,10,15.95,0.017,0.1083,0.0268,0.3571,0.3494,
2025-12-05,495403620,8878077181,1813,1293,815.99,1662,1495,1292,815.45,0.7132,0.9167,0.8246,0.9992,0.9993,
2025-12-05,495403620,9628223555,5140,69,65.79,627,118,63,60.3,0.0134,0.122,0.023,0.913,0.9166,
2025-12-05,495817671,9630806627,3663,17,19.8,171,36,15,17.68,0.0046,0.0467,0.0098,0.8824,0.8929,
2025-12-05,500635396,9657930100,46271,1732,4788.48,26015,4856,1704,4752.4,0.0374,0.5622,0.1049,0.9838,0.9925,
2025-12-05,525368335,9811363528,16349,13,10.08,140,70,5,4.49,0.0008,0.0086,0.0043,0.3846,0.4454,
2025-12-06,63563817,1841014603,766,35,32.26,150,137,29,23.44,0.0457,0.1958,0.1789,0.8286,0.7266,
2025-12-06,63563817,2526158329,79,1,1.87,2,1,0,0.0,0.0127,0.0253,0.0127,0.0,0.0,
2025-12-06,63563817,2874903000,559,5,9.06,128,28,5,9.06,0.0089,0.229,0.0501,1.0,1.0,
2025-12-06,63563817,4190988309,1179,8,12.52,103,13,7,10.68,0.0068,0.0874,0.011,0.875,0.853,
2025-12-06,63563817,4190988310,1466,25,38.44,170,52,11,16.83,0.0171,0.116,0.0355,0.44,0.4378,
2025-12-06,495403620,8878077181,1569,1137,719.46,1511,1376,1136,718.92,0.7247,0.963,0.877,0.9991,0.9992,
2025-12-06,495403620,9628223555,4853,64,69.02,565,155,58,63.78,0.0132,0.1164,0.0319,0.9062,0.9241,
2025-12-06,495817671,9630806627,3081,20,22.71,218,49,16,19.44,0.0065,0.0708,0.0159,0.8,0.856,
2025-12-06,500635396,9657930100,40132,1130,3086.88,18463,3306,1110,3067.42,0.0282,0.4601,0.0824,0.9823,0.9937,
2025-12-06,525368335,9811363528,13152,11,7.93,103,39,7,5.94,0.0008,0.0078,0.003,0.6364,0.7491,
2025-12-07,63563817,1841014603,565,11,10.69,63,56,8,6.48,0.0195,0.1115,0.0991,0.7273,0.6062,
2025-12-07,63563817,2526158329,59,1,0.48,0,0,0,0.0,0.0169,0.0,0.0,0.0,0.0,
2025-12-07,63563817,2874903000,262,7,13.16,64,16,7,13.16,0.0267,0.2443,0.0611,1.0,1.0,
2025-12-07,63563817,4190988309,562,2,1.35,42,8,2,1.35,0.0036,0.0747,0.0142,1.0,1.0,
2025-12-07,63563817,4190988310,889,17,27.86,117,42,7,10.62,0.0191,0.1316,0.0472,0.4118,0.3812,
2025-12-07,495403620,8878077181,592,453,273.02,560,475,452,272.48,0.7652,0.9459,0.8024,0.9978,0.998,CTR极高
2025-12-07,495403620,9628223555,2632,25,25.2,242,49,19,19.67,0.0095,0.0919,0.0186,0.76,0.7806,
2025-12-07,495817671,9630806627,2126,10,9.87,87,14,6,5.82,0.0047,0.0409,0.0066,0.6,0.5897,
2025-12-07,500635396,9657930100,14811,315,552.54,3962,1019,294,536.51,0.0213,0.2675,0.0688,0.9333,0.971,
2025-12-07,525368335,9811363528,9244,7,4.2,41,11,3,2.1,0.0008,0.0044,0.0012,0.4286,0.5,
2025-12-08,63563817,1841014603,519,15,17.03,63,54,12,12.11,0.0289,0.1214,0.104,0.8,0.7111,
2025-12-08,63563817,2526158329,70,0,0.0,0,0,0,0.0,0.0,0.0,0.0,,,
2025-12-08,63563817,2874903000,189,5,6.91,29,8,4,6.32,0.0265,0.1534,0.0423,0.8,0.9146,
2025-12-08,63563817,4190988309,814,4,4.33,40,10,1,1.88,0.0049,0.0491,0.0123,0.25,0.4342,
2025-12-08,63563817,4190988310,768,20,31.78,68,28,10,14.28,0.026,0.0885,0.0365,0.5,0.4493,
2025-12-08,495403620,8878077181,534,379,231.4,516,447,379,231.4,0.7097,0.9663,0.8371,1.0,1.0,
2025-12-08,495403620,9628223555,2502,34,30.0,205,46,30,26.65,0.0136,0.0819,0.0184,0.8824,0.8883,
2025-12-08,495817671,9630806627,2008,8,7.63,71,14,3,3.49,0.004,0.0354,0.007,0.375,0.4574,
2025-12-08,500635396,9657930100,15192,318,569.32,4255,969,305,559.97,0.0209,0.2801,0.0638,0.9591,0.9836,
2025-12-08,525368335,9811363528,10767,8,3.77,48,20,4,2.73,0.0007,0.0045,0.0019,0.5,0.7241,
2025-12-09,63563817,1841014603,995,29,30.73,150,120,26,26.91,0.0291,0.1508,0.1206,0.8966,0.8757,
2025-12-09,63563817,2526158329,75,0,0.0,2,1,0,0.0,0.0,0.0267,0.0133,,,
2025-12-09,63563817,2874903000,601,8,11.7,116,25,6,10.32,0.0133,0.193,0.0416,0.75,0.8821,
2025-12-09,63563817,4190988309,1484,15,24.84,105,12,12,20.73,0.0101,0.0708,0.0081,0.8,0.8345,
2025-12-09,63563817,4190988310,1475,20,28.73,155,43,14,20.34,0.0136,0.1051,0.0292,0.7,0.708,
2025-12-09,495403620,8878077181,1871,1406,942.34,1839,1660,1405,942.19,0.7515,0.9829,0.8872,0.9993,0.9998,
2025-12-09,495403620,9628223555,6229,87,91.83,574,146,79,86.28,0.014,0.0921,0.0234,0.908,0.9396,
2025-12-09,495817671,9630806627,3364,11,12.46,193,34,8,9.49,0.0033,0.0574,0.0101,0.7273,0.7616,
2025-12-09,500635396,9657930100,48904,1422,3892.14,23375,4188,1396,3853.06,0.0291,0.478,0.0856,0.9817,0.99,
2025-12-09,525368335,9811363528,14887,20,12.88,157,62,9,6.78,0.0013,0.0105,0.0042,0.45,0.5264,
2025-12-10,63563817,1841014603,1173,42,41.19,169,138,35,30.87,0.0358,0.1441,0.1176,0.8333,0.7495,
2025-12-10,63563817,2526158329,106,0,0.0,1,0,0,0.0,0.0,0.0094,0.0,,,
2025-12-10,63563817,2874903000,741,15,25.16,188,58,14,24.82,0.0202,0.2537,0.0783,0.9333,0.9865,
2025-12-10,63563817,4190988309,1499,13,18.05,127,28,11,15.65,0.0087,0.0847,0.0187,0.8462,0.867,
2025-12-10,63563817,4190988310,1693,27,40.88,184,53,20,32.54,0.0159,0.1087,0.0313,0.7407,0.796,
2025-12-10,495403620,8878077181,1687,1312,859.67,1607,1453,1312,859.67,0.7777,0.9526,0.8613,1.0,1.0,CTR极高
2025-12-10,495403620,9628223555,6547,80,80.23,630,142,66,67.56,0.0122,0.0962,0.0217,0.825,0.8421,
2025-12-10,495817671,9630806627,3434,29,30.4,194,43,17,19.41,0.0084,0.0565,0.0125,0.5862,0.6385,
2025-12-10,500635396,9657930100,47581,1496,4669.64,24053,4349,1465,4633.58,0.0314,0.5055,0.0914,0.9793,0.9923,
2025-12-10,525368335,9811363528,14291,33,23.49,140,66,18,13.96,0.0023,0.0098,0.0046,0.5455,0.5943,
2025-12-11,63563817,1841014603,1109,41,39.28,157,132,36,31.28,0.037,0.1416,0.119,0.878,0.7963,
2025-12-11,63563817,2526158329,80,0,0.0,2,0,0,0.0,0.0,0.025,0.0,,,
2025-12-11,63563817,2874903000,669,21,29.0,219,68,19,27.61,0.0314,0.3274,0.1016,0.9048,0.9521,
2025-12-11,63563817,4190988309,1383,5,6.23,116,19,5,6.23,0.0036,0.0839,0.0137,1.0,1.0,
2025-12-11,63563817,4190988310,1708,28,42.48,233,55,16,22.8,0.0164,0.1364,0.0322,0.5714,0.5367,
2025-12-11,495403620,8878077181,1741,1277,803.7,1668,1536,1277,803.7,0.7335,0.9581,0.8823,1.0,1.0,
2025-12-11,495403620,9628223555,6215,91,91.34,663,136,75,76.93,0.0146,0.1067,0.0219,0.8242,0.8422,
2025-12-11,495817671,9630806627,3532,33,31.74,196,35,15,16.94,0.0093,0.0555,0.0099,0.4545,0.5337,
2025-12-11,500635396,9657930100,47719,1578,4749.88,24628,4373,1547,4707.05,0.0331,0.5161,0.0916,0.9804,0.991,
2025-12-11,525368335,9811363528,12897,14,8.02,160,57,9,5.63,0.0011,0.0124,0.0044,0.6429,0.702,
2025-12-12,63563817,1841014603,1045,27,28.92,142,126,25,25.23,0.0258,0.1359,0.1206,0.9259,0.8724,
2025-12-12,63563817,2526158329,101,1,0.89,3,0,0,0.0,0.0099,0.0297,0.0,0.0,0.0,
2025-12-12,63563817,2874903000,758,32,45.88,239,57,29,42.91,0.0422,0.3153,0.0752,0.9062,0.9353,
2025-12-12,63563817,4190988309,1343,12,16.01,117,20,7,8.68,0.0089,0.0871,0.0149,0.5833,0.5422,
2025-12-12,63563817,4190988310,1544,34,48.55,175,42,17,22.92,0.022,0.1133,0.0272,0.5,0.4721,
2025-12-12,495403620,8878077181,1851,1438,877.23,1799,1688,1437,876.69,0.7769,0.9719,0.9119,0.9993,0.9994,CTR极高
2025-12-12,495403620,9628223555,5290,79,81.02,547,110,66,71.04,0.0149,0.1034,0.0208,0.8354,0.8768,
2025-12-12,495817671,9630806627,3288,24,23.66,200,36,9,11.27,0.0073,0.0608,0.0109,0.375,0.4763,
2025-12-12,500635396,9657930100,45644,1334,4212.6,22781,4086,1302,4167.64,0.0292,0.4991,0.0895,0.976,0.9893,
2025-12-12,525368335,9811363528,15901,20,14.77,151,66,13,9.92,0.0013,0.0095,0.0042,0.65,0.6716,
2025-12-13,63563817,1841014603,917,30,30.65,149,127,27,26.33,0.0327,0.1625,0.1385,0.9,0.8591,
2025-12-13,63563817,2526158329,76,0,0.0,2,0,0,0.0,0.0,0.0263,0.0,,,
2025-12-13,63563817,2874903000,673,20,32.81,221,47,19,31.54,0.0297,0.3284,0.0698,0.95,0.9613,
2025-12-13,63563817,4190988309,1437,11,12.67,109,24,7,9.43,0.0077,0.0759,0.0167,0.6364,0.7443,
2025-12-13,63563817,4190988310,1432,18,25.83,229,62,12,16.25,0.0126,0.1599,0.0433,0.6667,0.6291,
2025-12-13,495403620,8878077181,1594,1160,742.91,1551,1426,1160,742.91,0.7277,0.973,0.8946,1.0,1.0,
2025-12-13,495403620,9628223555,4653,49,46.2,416,88,41,38.39,0.0105,0.0894,0.0189,0.8367,0.831,
2025-12-13,495817671,9630806627,2475,18,18.68,127,31,11,12.36,0.0073,0.0513,0.0125,0.6111,0.6617,
2025-12-13,500635396,9657930100,42088,1317,4135.3,20556,3993,1296,4101.03,0.0313,0.4884,0.0949,0.9841,0.9917,
2025-12-13,525368335,9811363528,13100,5,2.69,99,37,3,2.49,0.0004,0.0076,0.0028,0.6,0.9257,
2025-12-14,63563817,1841014603,432,13,13.04,54,49,10,7.82,0.0301,0.125,0.1134,0.7692,0.5997,
2025-12-14,63563817,2526158329,54,0,0.0,2,2,0,0.0,0.0,0.037,0.037,,,
2025-12-14,63563817,2874903000,239,10,13.71,75,22,9,13.02,0.0418,0.3138,0.0921,0.9,0.9497,
2025-12-14,63563817,4190988309,948,3,3.4,45,5,2,2.92,0.0032,0.0475,0.0053,0.6667,0.8588,
2025-12-14,63563817,4190988310,681,18,29.02,82,33,6,9.03,0.0264,0.1204,0.0485,0.3333,0.3112,
2025-12-14,495403620,8878077181,482,353,212.03,465,426,353,212.03,0.7324,0.9647,0.8838,1.0,1.0,
2025-12-14,495403620,9628223555,2438,23,21.95,197,43,18,17.21,0.0094,0.0808,0.0176,0.7826,0.7841,
2025-12-14,495817671,9630806627,1611,7,7.22,67,15,3,3.24,0.0043,0.0416,0.0093,0.4286,0.4488,
2025-12-14,500635396,9657930100,13591,305,552.17,3504,958,288,539.39,0.0224,0.2578,0.0705,0.9443,0.9769,
2025-12-14,525368335,9811363528,9808,4,2.84,44,10,1,0.98,0.0004,0.0045,0.001,0.25,0.3451,
2025-12-15,63563817,1841014603,512,16,15.82,50,47,11,11.03,0.0312,0.0977,0.0918,0.6875,0.6972,
2025-12-15,63563817,2526158329,86,0,0.0,0,0,0,0.0,0.0,0.0,0.0,,,
2025-12-15,63563817,2874903000,229,6,6.91,61,14,5,6.76,0.0262,0.2664,0.0611,0.8333,0.9783,
2025-12-15,63563817,4190988309,1020,2,2.63,41,10,2,2.63,0.002,0.0402,0.0098,1.0,1.0,
2025-12-15,63563817,4190988310,652,21,32.66,78,28,8,11.11,0.0322,0.1196,0.0429,0.381,0.3402,
2025-12-15,495403620,8878077181,511,380,227.93,491,434,380,227.93,0.7436,0.9609,0.8493,1.0,1.0,
2025-12-15,495403620,9628223555,2685,34,32.57,225,35,29,28.35,0.0127,0.0838,0.013,0.8529,0.8704,
2025-12-15,495817671,9630806627,1842,7,8.91,75,12,5,6.56,0.0038,0.0407,0.0065,0.7143,0.7363,
2025-12-15,500635396,9657930100,15211,295,545.38,3780,932,286,539.26,0.0194,0.2485,0.0613,0.9695,0.9888,
2025-12-15,525368335,9811363528,8703,9,5.45,43,17,2,1.6,0.001,0.0049,0.002,0.2222,0.2936,
2025-12-16,63563817,1841014603,899,44,42.1,160,145,38,33.22,0.0489,0.178,0.1613,0.8636,0.7891,
2025-12-16,63563817,2526158329,82,0,0.0,2,2,0,0.0,0.0,0.0244,0.0244,,,
2025-12-16,63563817,2874903000,656,21,28.43,187,63,18,25.48,0.032,0.2851,0.096,0.8571,0.8962,
2025-12-16,63563817,4190988309,1892,9,13.54,136,33,8,12.0,0.0048,0.0719,0.0174,0.8889,0.8863,
2025-12-16,63563817,4190988310,1545,35,52.63,187,64,17,24.16,0.0227,0.121,0.0414,0.4857,0.4591,
2025-12-16,495403620,8878077181,1936,1535,932.13,1887,1769,1535,932.13,0.7929,0.9747,0.9137,1.0,1.0,CTR极高
2025-12-16,495403620,9628223555,9169,132,125.56,995,367,117,113.7,0.0144,0.1085,0.04,0.8864,0.9055,
2025-12-16,495817671,9630806627,2435,12,10.31,127,28,7,6.23,0.0049,0.0522,0.0115,0.5833,0.6043,
2025-12-16,500635396,9657930100,42316,1467,5023.49,23577,4215,1445,4995.01,0.0347,0.5572,0.0996,0.985,0.9943,
2025-12-16,525368335,9811363528,17731,47,32.94,274,176,38,29.04,0.0027,0.0155,0.0099,0.8085,0.8816,
2025-12-17,63563817,1841014603,920,43,34.5,173,156,36,24.37,0.0467,0.188,0.1696,0.8372,0.7064,
2025-12-17,63563817,2526158329,80,2,2.91,3,1,2,2.91,0.025,0.0375,0.0125,1.0,1.0,
2025-12-17,63563817,2874903000,754,21,30.61,228,70,17,25.69,0.0279,0.3024,0.0928,0.8095,0.8393,
2025-12-17,63563817,4190988309,2488,6,7.1,137,23,2,3.13,0.0024,0.0551,0.0092,0.3333,0.4408,
2025-12-17,63563817,4190988310,1407,34,51.73,217,71,18,24.75,0.0242,0.1542,0.0505,0.5294,0.4784,
2025-12-17,495403620,8878077181,1792,1473,910.63,1770,1657,1473,910.63,0.822,0.9877,0.9247,1.0,1.0,CTR极高
2025-12-17,495403620,9628223555,11023,136,127.07,882,335,122,116.32,0.0123,0.08,0.0304,0.8971,0.9154,
2025-12-17,495817671,9630806627,2685,8,7.84,118,39,5,5.07,0.003,0.0439,0.0145,0.625,0.6467,
2025-12-17,500635396,9657930100,37999,1445,5032.03,20738,4215,1431,5011.3,0.038,0.5458,0.1109,0.9903,0.9959,
2025-12-17,525368335,9811363528,16725,37,24.18,169,97,21,16.79,0.0022,0.0101,0.0058,0.5676,0.6944,
2025-12-18,63563817,1841014603,869,32,31.85,140,119,29,27.35,0.0368,0.1611,0.1369,0.9062,0.8587,
2025-12-18,63563817,2526158329,75,0,0.0,5,0,0,0.0,0.0,0.0667,0.0,,,
2025-12-18,63563817,2874903000,825,26,41.0,254,86,21,34.22,0.0315,0.3079,0.1042,0.8077,0.8346,
2025-12-18,63563817,4190988309,1927,12,16.81,110,13,8,10.47,0.0062,0.0571,0.0067,0.6667,0.6228,
2025-12-18,63563817,4190988310,1402,34,53.6,233,63,11,16.87,0.0243,0.1662,0.0449,0.3235,0.3147,
2025-12-18,495403620,8878077181,1748,1377,859.53,1721,1566,1377,859.53,0.7878,0.9846,0.8959,1.0,1.0,CTR极高
2025-12-18,495403620,9628223555,8002,83,72.15,682,120,77,66.81,0.0104,0.0852,0.015,0.9277,0.926,
2025-12-18,495817671,9630806627,2702,16,15.53,116,26,9,9.95,0.0059,0.0429,0.0096,0.5625,0.6407,
2025-12-18,500635396,9657930100,47361,1552,4988.13,25045,4433,1529,4962.87,0.0328,0.5288,0.0936,0.9852,0.9949,
2025-12-18,525368335,9811363528,9771,14,10.95,134,68,9,7.75,0.0014,0.0137,0.007,0.6429,0.7078,
2025-12-19,63563817,1841014603,878,22,21.5,119,106,19,17.07,0.0251,0.1355,0.1207,0.8636,0.794,
2025-12-19,63563817,2526158329,70,0,0.0,3,1,0,0.0,0.0,0.0429,0.0143,,,
2025-12-19,63563817,2874903000,845,19,26.9,246,58,15,22.86,0.0225,0.2911,0.0686,0.7895,0.8498,
2025-12-19,63563817,4190988309,1553,12,16.15,117,16,10,13.22,0.0077,0.0753,0.0103,0.8333,0.8186,
2025-12-19,63563817,4190988310,1484,39,57.02,198,58,15,21.12,0.0263,0.1334,0.0391,0.3846,0.3704,
2025-12-19,495403620,8878077181,1646,1291,802.77,1625,1495,1291,802.77,0.7843,0.9872,0.9083,1.0,1.0,CTR极高
2025-12-19,495403620,9628223555,6812,65,59.08,473,78,60,54.48,0.0095,0.0694,0.0115,0.9231,0.9221,
2025-12-19,495817671,9630806627,2605,15,17.43,122,29,8,9.07,0.0058,0.0468,0.0111,0.5333,0.5204,
2025-12-19,500635396,9657930100,45686,1303,4197.1,22743,3801,1277,4162.47,0.0285,0.4978,0.0832,0.98,0.9917,
2025-12-19,525368335,9811363528,8995,19,13.38,80,36,8,6.64,0.0021,0.0089,0.004,0.4211,0.4963,
2025-12-20,63563817,1841014603,809,26,29.05,117,107,24,25.43,0.0321,0.1446,0.1323,0.9231,0.8754,
2025-12-20,63563817,2526158329,81,1,1.43,1,0,0,0.0,0.0123,0.0123,0.0,0.0,0.0,
2025-12-20,63563817,2874903000,719,10,17.88,154,47,10,17.88,0.0139,0.2142,0.0654,1.0,1.0,
2025-12-20,63563817,4190988309,1326,9,12.63,113,17,6,8.04,0.0068,0.0852,0.0128,0.6667,0.6366,
2025-12-20,63563817,4190988310,1400,34,53.37,160,45,20,29.72,0.0243,0.1143,0.0321,0.5882,0.5569,
2025-12-20,495403620,8878077181,1584,1180,762.48,1555,1441,1178,760.22,0.7449,0.9817,0.9097,0.9983,0.997,
2025-12-20,495403620,9628223555,6319,73,71.49,472,92,69,68.34,0.0116,0.0747,0.0146,0.9452,0.9559,
2025-12-20,495817671,9630806627,2256,14,15.47,130,33,9,11.64,0.0062,0.0576,0.0146,0.6429,0.7524,
2025-12-20,500635396,9657930100,42286,1224,3987.22,21086,3577,1211,3971.2,0.0289,0.4987,0.0846,0.9894,0.996,
2025-12-20,500635396,9773660250,18,1,0.01,0,0,0,0.0,0.0556,0.0,0.0,0.0,0.0,
2025-12-20,525368335,9811363528,7838,8,5.04,99,50,3,2.56,0.001,0.0126,0.0064,0.375,0.5079,
2025-12-21,63563817,1841014603,490,7,7.15,61,54,5,4.08,0.0143,0.1245,0.1102,0.7143,0.5706,
2025-12-21,63563817,2526158329,153,0,0.0,1,0,0,0.0,0.0,0.0065,0.0,,,
2025-12-21,63563817,2874903000,254,7,12.38,63,15,5,9.4,0.0276,0.248,0.0591,0.7143,0.7593,
2025-12-21,63563817,4190988309,727,1,1.04,36,7,1,1.04,0.0014,0.0495,0.0096,1.0,1.0,
2025-12-21,63563817,4190988310,1474,36,53.96,82,23,8,10.94,0.0244,0.0556,0.0156,0.2222,0.2027,
2025-12-21,495403620,8878077181,485,380,240.78,474,437,380,240.78,0.7835,0.9773,0.901,1.0,1.0,CTR极高
2025-12-21,495403620,9628223555,3772,20,19.62,204,49,16,16.75,0.0053,0.0541,0.013,0.8,0.8537,
2025-12-21,495817671,9630806627,1295,2,1.94,44,9,1,1.24,0.0015,0.034,0.0069,0.5,0.6392,
2025-12-21,500635396,9657930100,11877,285,516.26,3310,937,272,507.91,0.024,0.2787,0.0789,0.9544,0.9838,
2025-12-21,500635396,9773660250,35,0,0.0,0,0,0,0.0,0.0,0.0,0.0,,,
2025-12-21,525368335,9811363528,5272,3,2.15,28,11,0,0.0,0.0006,0.0053,0.0021,0.0,0.0,
2025-12-22,63563817,1841014603,453,15,16.88,62,52,11,9.6,0.0331,0.1369,0.1148,0.7333,0.5687,
2025-12-22,63563817,2526158329,72,0,0.0,0,0,0,0.0,0.0,0.0,0.0,,,
2025-12-22,63563817,2874903000,207,4,7.52,40,5,4,7.52,0.0193,0.1932,0.0242,1.0,1.0,
2025-12-22,63563817,4190988309,604,2,2.37,44,8,2,2.37,0.0033,0.0728,0.0132,1.0,1.0,
2025-12-22,63563817,4190988310,646,17,24.07,80,26,7,8.7,0.0263,0.1238,0.0402,0.4118,0.3614,
2025-12-22,495403620,8878077181,491,377,231.28,472,411,377,231.28,0.7678,0.9613,0.8371,1.0,1.0,CTR极高
2025-12-22,495403620,9628223555,3585,19,15.75,218,46,17,14.38,0.0053,0.0608,0.0128,0.8947,0.913,
2025-12-22,495817671,9630806627,1204,3,2.3,43,6,1,1.25,0.0025,0.0357,0.005,0.3333,0.5435,
2025-12-22,500635396,9657930100,13393,295,541.77,3805,928,286,533.2,0.022,0.2841,0.0693,0.9695,0.9842,
2025-12-22,500635396,9773660250,8,0,0.0,0,0,0,0.0,0.0,0.0,0.0,,,
2025-12-22,525368335,9811363528,5265,6,2.53,38,19,4,2.23,0.0011,0.0072,0.0036,0.6667,0.8814,
2025-12-23,63563817,1841014603,822,28,22.66,141,119,27,20.85,0.0341,0.1715,0.1448,0.9643,0.9201,
2025-12-23,63563817,2526158329,103,0,0.0,2,1,0,0.0,0.0,0.0194,0.0097,,,
2025-12-23,63563817,2874903000,791,20,28.74,163,27,12,22.22,0.0253,0.2061,0.0341,0.6,0.7731,
2025-12-23,63563817,4190988309,1524,16,19.16,117,24,13,16.05,0.0105,0.0768,0.0157,0.8125,0.8377,
2025-12-23,63563817,4190988310,1366,39,60.76,239,77,23,34.42,0.0286,0.175,0.0564,0.5897,0.5665,
2025-12-23,495403620,8878077181,1904,1463,992.16,1855,1703,1460,989.46,0.7684,0.9743,0.8944,0.9979,0.9973,CTR极高
2025-12-23,495403620,9628223555,12679,171,164.2,1114,402,156,153.64,0.0135,0.0879,0.0317,0.9123,0.9357,
2025-12-23,495817671,9630806627,2326,15,13.37,143,38,11,12.3,0.0064,0.0615,0.0163,0.7333,0.92,
2025-12-23,500635396,9657930100,33550,1437,4806.3,21691,3755,1420,4790.19,0.0428,0.6465,0.1119,0.9882,0.9966,
2025-12-23,500635396,9773660250,20,0,0.0,0,0,0,0.0,0.0,0.0,0.0,,,
2025-12-23,525368335,9811363528,15121,28,20.74,188,83,18,15.03,0.0019,0.0124,0.0055,0.6429,0.7247,
2025-12-24,63563817,1841014603,875,33,32.35,155,125,30,27.61,0.0377,0.1771,0.1429,0.9091,0.8535,
2025-12-24,63563817,2526158329,189,0,0.0,2,1,0,0.0,0.0,0.0106,0.0053,,,
2025-12-24,63563817,2874903000,885,21,29.4,207,29,15,24.77,0.0237,0.2339,0.0328,0.7143,0.8425,
2025-12-24,63563817,4190988309,1576,9,12.82,134,26,6,9.23,0.0057,0.085,0.0165,0.6667,0.72,
2025-12-24,63563817,4190988310,1519,32,46.32,215,64,18,25.1,0.0211,0.1415,0.0421,0.5625,0.5419,
2025-12-24,495403620,8878077181,1782,1380,934.82,1743,1636,1379,933.6,0.7744,0.9781,0.9181,0.9993,0.9987,CTR极高
2025-12-24,495403620,9628223555,12247,131,122.97,903,360,116,110.47,0.0107,0.0737,0.0294,0.8855,0.8983,
2025-12-24,495817671,9630806627,2340,19,22.12,132,36,16,19.21,0.0081,0.0564,0.0154,0.8421,0.8684,
2025-12-24,500635396,9657930100,35017,1455,4847.69,21748,3845,1440,4820.85,0.0416,0.6211,0.1098,0.9897,0.9945,
2025-12-24,500635396,9773660250,21,0,0.0,0,0,0,0.0,0.0,0.0,0.0,,,
2025-12-24,525368335,9811363528,11533,22,15.47,119,52,11,10.04,0.0019,0.0103,0.0045,0.5,0.649,
2025-12-25,63563817,1841014603,628,20,22.32,106,91,17,17.26,0.0318,0.1688,0.1449,0.85,0.7733,
2025-12-25,63563817,2526158329,117,0,0.0,3,1,0,0.0,0.0,0.0256,0.0085,,,
2025-12-25,63563817,2874903000,882,19,30.07,246,31,18,29.14,0.0215,0.2789,0.0351,0.9474,0.9691,
2025-12-25,63563817,4190988309,1366,10,11.03,132,23,10,11.03,0.0073,0.0966,0.0168,1.0,1.0,
2025-12-25,63563817,4190988310,1258,38,60.81,204,68,14,20.81,0.0302,0.1622,0.0541,0.3684,0.3422,
2025-12-25,495403620,8878077181,1701,1315,878.3,1660,1561,1315,878.3,0.7731,0.9759,0.9177,1.0,1.0,CTR极高
2025-12-25,495403620,9628223555,7236,74,68.24,480,79,61,59.4,0.0102,0.0663,0.0109,0.8243,0.8705,
2025-12-25,495817671,9630806627,2208,7,6.19,102,13,3,3.08,0.0032,0.0462,0.0059,0.4286,0.4976,
2025-12-25,500635396,9657930100,42938,1419,4028.02,18598,3543,1392,3986.88,0.033,0.4331,0.0825,0.981,0.9898,
2025-12-25,500635396,9773660250,14,0,0.0,0,0,0,0.0,0.0,0.0,0.0,,,
2025-12-25,525368335,9811363528,8436,19,10.93,83,27,4,3.69,0.0023,0.0098,0.0032,0.2105,0.3376,
2025-12-26,63563817,1841014603,621,26,21.34,112,96,23,16.97,0.0419,0.1804,0.1546,0.8846,0.7952,
2025-12-26,63563817,2526158329,147,0,0.0,5,0,0,0.0,0.0,0.034,0.0,,,
2025-12-26,63563817,2874903000,923,23,34.77,245,25,16,28.37,0.0249,0.2654,0.0271,0.6957,0.8159,
2025-12-26,63563817,4190988309,1419,7,9.73,141,28,4,5.42,0.0049,0.0994,0.0197,0.5714,0.557,
2025-12-26,63563817,4190988310,1190,45,67.28,205,56,22,31.2,0.0378,0.1723,0.0471,0.4889,0.4637,
2025-12-26,495403620,8878077181,1515,1181,760.94,1476,1386,1181,760.94,0.7795,0.9743,0.9149,1.0,1.0,CTR极高
2025-12-26,495403620,9628223555,6751,64,59.79,501,61,58,55.4,0.0095,0.0742,0.009,0.9062,0.9266,
2025-12-26,495817671,9630806627,1730,14,12.15,108,29,8,9.44,0.0081,0.0624,0.0168,0.5714,0.777,
2025-12-26,500635396,9657930100,43753,1575,4625.73,22979,3953,1556,4601.62,0.036,0.5252,0.0903,0.9879,0.9948,
2025-12-26,525368335,9811363528,7687,12,7.22,102,51,2,1.69,0.0016,0.0133,0.0066,0.1667,0.2341,
2025-12-27,63563817,1841014603,650,25,24.44,125,115,24,22.63,0.0385,0.1923,0.1769,0.96,0.9259,
2025-12-27,63563817,2526158329,146,0,0.0,6,1,0,0.0,0.0,0.0411,0.0068,,,
2025-12-27,63563817,2874903000,955,18,26.46,168,29,14,22.8,0.0188,0.1759,0.0304,0.7778,0.8617,
2025-12-27,63563817,4190988309,1266,9,12.12,112,17,9,12.12,0.0071,0.0885,0.0134,1.0,1.0,
2025-12-27,63563817,4190988310,1077,32,48.28,192,50,15,20.55,0.0297,0.1783,0.0464,0.4688,0.4256,
2025-12-27,495403620,8878077181,1421,1155,750.38,1407,1340,1155,750.38,0.8128,0.9901,0.943,1.0,1.0,CTR极高
2025-12-27,495403620,9628223555,9824,119,107.71,782,259,105,98.37,0.0121,0.0796,0.0264,0.8824,0.9133,
2025-12-27,495817671,9630806627,273,2,1.47,23,1,2,1.47,0.0073,0.0842,0.0037,1.0,1.0,
2025-12-27,500635396,9657930100,34603,1385,5015.52,19612,3478,1372,4998.02,0.04,0.5668,0.1005,0.9906,0.9965,
2025-12-27,525368335,9811363528,8948,18,11.54,166,74,11,8.48,0.002,0.0186,0.0083,0.6111,0.7348,
2025-12-28,63563817,1841014603,342,9,10.19,43,40,8,9.64,0.0263,0.1257,0.117,0.8889,0.946,
2025-12-28,63563817,2526158329,121,1,1.67,5,2,0,0.0,0.0083,0.0413,0.0165,0.0,0.0,
2025-12-28,63563817,2874903000,346,2,2.26,49,9,2,2.26,0.0058,0.1416,0.026,1.0,1.0,
2025-12-28,63563817,4190988309,635,5,4.48,42,14,4,4.0,0.0079,0.0661,0.022,0.8,0.8929,
2025-12-28,63563817,4190988310,568,11,16.49,66,27,4,5.38,0.0194,0.1162,0.0475,0.3636,0.3263,
2025-12-28,495403620,8878077181,420,312,196.28,413,376,312,196.28,0.7429,0.9833,0.8952,1.0,1.0,
2025-12-28,495403620,9628223555,2882,24,23.65,244,47,22,22.54,0.0083,0.0847,0.0163,0.9167,0.9531,
2025-12-28,495817671,9630806627,193,0,0.0,12,0,0,0.0,0.0,0.0622,0.0,,,
2025-12-28,500635396,9657930100,15157,329,577.95,3684,772,313,568.55,0.0217,0.2431,0.0509,0.9514,0.9837,
2025-12-28,525368335,9811363528,4544,3,1.62,31,13,1,0.97,0.0007,0.0068,0.0029,0.3333,0.5988,
2025-12-29,63563817,1841014603,310,13,11.67,47,43,12,9.8,0.0419,0.1516,0.1387,0.9231,0.8398,
2025-12-29,63563817,2526158329,92,1,1.59,3,1,1,1.59,0.0109,0.0326,0.0109,1.0,1.0,
2025-12-29,63563817,2874903000,257,1,0.54,34,10,1,0.54,0.0039,0.1323,0.0389,1.0,1.0,
2025-12-29,63563817,4190988309,580,2,1.59,25,8,2,1.59,0.0034,0.0431,0.0138,1.0,1.0,
2025-12-29,63563817,4190988310,385,21,29.21,47,16,5,5.26,0.0545,0.1221,0.0416,0.2381,0.1801,
2025-12-29,495403620,8878077181,442,342,221.19,434,402,341,220.29,0.7738,0.9819,0.9095,0.9971,0.9959,CTR极高
2025-12-29,495403620,9628223555,2305,19,18.32,235,44,17,17.1,0.0082,0.102,0.0191,0.8947,0.9334,
2025-12-29,495817671,9630806627,157,3,3.23,13,1,1,0.79,0.0191,0.0828,0.0064,0.3333,0.2446,
2025-12-29,500635396,9657930100,14801,320,558.43,4426,720,308,546.7,0.0216,0.299,0.0486,0.9625,0.979,
2025-12-29,525368335,9811363528,7103,10,6.19,47,11,5,3.28,0.0014,0.0066,0.0015,0.5,0.5299,
2025-12-30,63563817,1841014603,589,20,20.87,85,75,15,14.35,0.034,0.1443,0.1273,0.75,0.6876,
2025-12-30,63563817,2526158329,118,2,3.2,6,1,0,0.0,0.0169,0.0508,0.0085,0.0,0.0,
2025-12-30,63563817,2874903000,683,5,9.28,110,24,5,9.28,0.0073,0.1611,0.0351,1.0,1.0,
2025-12-30,63563817,4190988309,1126,4,5.51,79,20,4,5.51,0.0036,0.0702,0.0178,1.0,1.0,
2025-12-30,63563817,4190988310,609,15,21.01,88,31,5,5.44,0.0246,0.1445,0.0509,0.3333,0.2589,
2025-12-30,495403620,8878077181,1172,961,630.0,1157,1115,959,627.84,0.82,0.9872,0.9514,0.9979,0.9966,CTR极高
2025-12-30,495403620,9628223555,5228,64,62.78,482,123,56,54.94,0.0122,0.0922,0.0235,0.875,0.8751,
2025-12-30,495817671,9630806627,153,0,0.0,23,2,0,0.0,0.0,0.1503,0.0131,,,
2025-12-30,500635396,9657930100,33064,1626,5979.66,20254,4237,1610,5951.22,0.0492,0.6126,0.1281,0.9902,0.9952,
2025-12-30,500635396,9773660250,3,0,0.0,0,0,0,0.0,0.0,0.0,0.0,,,
2025-12-30,525368335,9811363528,6180,12,10.08,105,40,7,6.12,0.0019,0.017,0.0065,0.5833,0.6071,
2025-12-31,63563817,1841014603,580,18,16.86,90,82,18,16.86,0.031,0.1552,0.1414,1.0,1.0,
2025-12-31,63563817,2526158329,99,0,0.0,2,0,0,0.0,0.0,0.0202,0.0,,,
2025-12-31,63563817,2874903000,780,15,25.45,149,29,14,24.38,0.0192,0.191,0.0372,0.9333,0.958,
2025-12-31,63563817,4190988309,1095,5,5.87,73,8,4,4.37,0.0046,0.0667,0.0073,0.8,0.7445,
2025-12-31,63563817,4190988310,627,21,27.36,125,48,11,13.1,0.0335,0.1994,0.0766,0.5238,0.4788,
2025-12-31,495403620,8878077181,1660,955,699.22,1621,1221,955,699.22,0.5753,0.9765,0.7355,1.0,1.0,
2025-12-31,495403620,9628223555,2440,33,28.47,255,41,29,25.64,0.0135,0.1045,0.0168,0.8788,0.9006,
2025-12-31,495817671,9630806627,3033,15,12.55,123,19,8,7.79,0.0049,0.0406,0.0063,0.5333,0.6207,
2025-12-31,500635396,9657930100,33758,1284,4106.14,18036,3024,1258,4076.6,0.038,0.5343,0.0896,0.9798,0.9928,
2025-12-31,500635396,9773660250,33,0,0.0,0,0,0,0.0,0.0,0.0,0.0,,,
2025-12-31,525368335,9811363528,2921,7,7.8,46,16,4,4.91,0.0024,0.0157,0.0055,0.5714,0.6295,
