序号,关键词ID,方案ID,推广单元ID,消费额,点击量,浏览量,跳出率,平均停留秒,是否零点击词,CPC,浏览深度,异常标记
1,9,63563817,1841014603,3424.41,3271,9750,0.6109,196,0,1.0469,2.9807,
2,283,63563817,1841014603,0.0,0,0,,,1,,,
3,726,63563817,1841014603,252.86,135,255,0.9059,39,0,1.873,1.8889,
4,770,63563817,1841014603,0.0,0,0,,,1,,,
5,800,63563817,1841014603,0.0,0,0,,,1,,,
6,867,63563817,1841014603,0.0,0,0,,,1,,,
7,1186,63563817,1841014603,1.79,1,1,1.0,13,0,1.79,1.0,
8,1277,63563817,1841014603,0.0,0,0,,,1,,,
9,1517,63563817,1841014603,0.0,0,0,,,1,,,
10,1567,63563817,1841014603,37.32,23,77,0.6957,187,0,1.6226,3.3478,
11,1583,63563817,1841014603,0.0,0,0,,,1,,,
12,1667,63563817,1841014603,88.09,41,86,0.8333,49,0,2.1485,2.0976,
13,2023,63563817,1841014603,0.0,0,0,,,1,,,
14,2083,63563817,1841014603,0.0,0,0,,,1,,,
15,2123,63563817,1841014603,6.32,3,2,1.0,8,0,2.1067,0.6667,浏览<点击
16,2294,63563817,1841014603,0.0,0,0,,,1,,,
17,2373,63563817,1841014603,0.0,0,0,,,1,,,
18,2384,63563817,1841014603,0.0,0,0,,,1,,,
19,2478,63563817,1841014603,49.0,25,166,0.4737,646,0,1.96,6.64,
20,2505,63563817,1841014603,6.15,2,7,0.0,142,0,3.075,3.5,
21,2570,63563817,1841014603,10.34,7,27,0.5,54,0,1.4771,3.8571,
22,2590,63563817,1841014603,0.0,0,0,,,1,,,
23,2789,63563817,1841014603,0.0,0,0,,,1,,,
24,2889,63563817,1841014603,1.89,1,1,1.0,21,0,1.89,1.0,
25,2892,63563817,1841014603,30.77,18,54,0.6842,119,0,1.7094,3.0,
26,2980,63563817,1841014603,0.0,0,0,,,1,,,
27,2985,63563817,1841014603,114.03,75,197,0.6901,164,0,1.5204,2.6267,
28,3106,63563817,1841014603,0.0,0,0,,,1,,,
29,3160,63563817,1841014603,0.0,0,0,,,1,,,
30,3169,63563817,1841014603,5.66,4,4,1.0,7,0,1.415,1.0,
31,3304,63563817,1841014603,7.68,5,6,0.75,50,0,1.536,1.2,
32,3334,63563817,1841014603,0.0,0,0,,,1,,,
33,3485,63563817,1841014603,0.0,0,0,,,1,,,
34,3501,63563817,1841014603,13.49,8,40,0.75,361,0,1.6862,5.0,
35,3732,63563817,1841014603,15.92,10,11,0.9,29,0,1.592,1.1,
36,3840,63563817,1841014603,0.0,0,0,,,1,,,
37,4043,63563817,1841014603,0.0,0,0,,,1,,,
38,4048,63563817,1841014603,2.81,2,23,0.0,477,0,1.405,11.5,
39,4183,63563817,1841014603,0.0,0,0,,,1,,,
40,4186,63563817,1841014603,3.17,2,3,0.5,124,0,1.585,1.5,
41,4195,63563817,1841014603,0.0,0,0,,,1,,,
42,4675,63563817,1841014603,1.45,1,3,0.0,42,0,1.45,3.0,
43,4713,63563817,1841014603,7.19,4,8,0.5,31,0,1.7975,2.0,
44,4773,63563817,1841014603,52.44,31,42,0.8621,48,0,1.6916,1.3548,
45,4827,63563817,1841014603,14.14,7,13,0.6667,255,0,2.02,1.8571,
46,4868,63563817,1841014603,6.19,3,3,1.0,191,0,2.0633,1.0,
47,5001,63563817,1841014603,0.0,0,0,,,1,,,
48,5010,63563817,1841014603,0.0,0,0,,,1,,,
49,5134,63563817,1841014603,68.89,48,115,0.6744,178,0,1.4352,2.3958,
50,5176,63563817,1841014603,0.0,0,0,,,1,,,
51,5190,63563817,1841014603,0.0,0,0,,,1,,,
52,5267,63563817,1841014603,3.36,2,4,0.5,133,0,1.68,2.0,
53,5307,63563817,1841014603,88.18,34,40,0.6667,90,0,2.5935,1.1765,
54,5310,63563817,1841014603,0.0,0,0,,,1,,,
55,5330,63563817,1841014603,0.0,0,0,,,1,,,
56,5353,63563817,1841014603,0.0,0,0,,,1,,,
57,5374,63563817,1841014603,38.32,26,33,0.7895,153,0,1.4738,1.2692,
58,5393,63563817,1841014603,0.0,0,0,,,1,,,
59,5418,63563817,1841014603,16.8,10,27,0.8,104,0,1.68,2.7,
60,5592,63563817,1841014603,7.11,4,3,1.0,7,0,1.7775,0.75,浏览<点击
61,5701,63563817,1841014603,0.0,0,0,,,1,,,
62,5758,63563817,1841014603,0.0,0,0,,,1,,,
63,5801,63563817,1841014603,0.5,1,2,0.0,32,0,0.5,2.0,
64,5812,63563817,1841014603,0.0,0,0,,,1,,,
65,5849,63563817,1841014603,0.0,0,0,,,1,,,
66,5973,63563817,1841014603,0.0,0,0,,,1,,,
67,5976,63563817,1841014603,0.0,0,0,,,1,,,
68,6082,63563817,1841014603,0.0,0,0,,,1,,,
69,6083,63563817,1841014603,126.96,76,279,0.6053,197,0,1.6705,3.6711,
70,6086,63563817,1841014603,0.0,0,0,,,1,,,
71,6149,63563817,1841014603,183.37,97,613,0.4804,397,0,1.8904,6.3196,
72,6299,63563817,1841014603,0.0,0,0,,,1,,,
73,6325,63563817,1841014603,18.15,9,13,0.75,41,0,2.0167,1.4444,
74,6352,63563817,1841014603,61.07,36,181,0.4286,404,0,1.6964,5.0278,
75,6364,63563817,1841014603,0.0,0,0,,,1,,,
76,6414,63563817,1841014603,1.78,1,1,1.0,260,0,1.78,1.0,
77,56,63563817,2526158329,0.0,0,0,,,1,,,
78,480,63563817,2526158329,12.25,4,4,1.0,187,0,3.0625,1.0,
79,770,63563817,2526158329,41.28,30,49,0.75,107,0,1.376,1.6333,
80,846,63563817,2526158329,0.0,0,0,,,1,,,
81,934,63563817,2526158329,3.84,2,4,0.5,16,0,1.92,2.0,
82,1262,63563817,2526158329,2.21,1,1,1.0,11,0,2.21,1.0,
83,1277,63563817,2526158329,0.0,0,0,,,1,,,
84,1385,63563817,2526158329,11.15,5,9,1.0,43,0,2.23,1.8,
85,2052,63563817,2526158329,0.0,0,0,,,1,,,
86,2373,63563817,2526158329,0.0,0,0,,,1,,,
87,2397,63563817,2526158329,8.06,6,24,0.75,293,0,1.3433,4.0,
88,2514,63563817,2526158329,0.0,0,0,,,1,,,
89,2942,63563817,2526158329,0.0,0,0,,,1,,,
90,3286,63563817,2526158329,1.9,1,1,1.0,19,0,1.9,1.0,
91,3791,63563817,2526158329,0.0,0,0,,,1,,,
92,4113,63563817,2526158329,0.0,0,0,,,1,,,
93,4348,63563817,2526158329,23.31,12,15,0.8333,25,0,1.9425,1.25,
94,4497,63563817,2526158329,15.14,10,30,0.963,30,0,1.514,3.0,
95,5236,63563817,2526158329,7.11,5,36,0.5,1272,0,1.422,7.2,
96,5700,63563817,2526158329,3.63,2,1,1.0,3,0,1.815,0.5,浏览<点击
97,5910,63563817,2526158329,0.0,0,0,,,1,,,
98,5942,63563817,2526158329,0.0,0,0,,,1,,,
99,6014,63563817,2526158329,0.0,0,0,,,1,,,
100,6207,63563817,2526158329,2.68,2,3,0.0,19,0,1.34,1.5,
101,6545,63563817,2526158329,14.84,6,37,0.5714,180,0,2.4733,6.1667,
102,6604,63563817,2526158329,1.8,1,2,0.0,9,0,1.8,2.0,
103,18,63563817,2874903000,0.0,0,0,,,1,,,
104,19,63563817,2874903000,0.0,0,0,,,1,,,
105,147,63563817,2874903000,41.96,37,51,0.9565,80,0,1.1341,1.3784,
106,193,63563817,2874903000,4.83,5,4,1.0,63,0,0.966,0.8,浏览<点击
107,384,63563817,2874903000,25.16,17,21,0.8824,67,0,1.48,1.2353,
108,405,63563817,2874903000,39.06,26,22,1.0,56,0,1.5023,0.8462,浏览<点击
109,431,63563817,2874903000,121.72,94,161,0.9146,114,0,1.2949,1.7128,
110,504,63563817,2874903000,60.02,45,64,0.9667,60,0,1.3338,1.4222,
111,615,63563817,2874903000,0.0,0,0,,,1,,,
112,648,63563817,2874903000,5.79,4,3,1.0,83,0,1.4475,0.75,浏览<点击
113,811,63563817,2874903000,20.17,13,13,0.9167,137,0,1.5515,1.0,
114,891,63563817,2874903000,0.0,0,0,,,1,,,
115,1176,63563817,2874903000,0.0,0,0,,,1,,,
116,1307,63563817,2874903000,0.81,1,0,0.0,0,0,0.81,0.0,浏览<点击
117,1461,63563817,2874903000,28.41,18,16,1.0,29,0,1.5783,0.8889,浏览<点击
118,1490,63563817,2874903000,1.88,1,1,1.0,8,0,1.88,1.0,
119,1541,63563817,2874903000,0.0,0,0,,,1,,,
120,1552,63563817,2874903000,11.22,8,4,1.0,3,0,1.4025,0.5,浏览<点击
121,1812,63563817,2874903000,7.32,4,3,1.0,3,0,1.83,0.75,浏览<点击
122,1849,63563817,2874903000,0.0,0,0,,,1,,,
123,2038,63563817,2874903000,84.93,60,60,0.9057,128,0,1.4155,1.0,
124,2081,63563817,2874903000,0.0,0,0,,,1,,,
125,2107,63563817,2874903000,60.53,43,37,0.9714,90,0,1.4077,0.8605,浏览<点击
126,2249,63563817,2874903000,4.33,3,3,1.0,46,0,1.4433,1.0,
127,2270,63563817,2874903000,26.65,15,13,1.0,34,0,1.7767,0.8667,浏览<点击
128,2275,63563817,2874903000,264.04,180,181,0.9463,87,0,1.4669,1.0056,
129,2499,63563817,2874903000,1.08,1,0,0.0,0,0,1.08,0.0,浏览<点击
130,2561,63563817,2874903000,402.98,281,248,0.9607,79,0,1.4341,0.8826,浏览<点击
131,2574,63563817,2874903000,4.62,2,1,1.0,120,0,2.31,0.5,浏览<点击
132,2596,63563817,2874903000,1.47,1,1,1.0,1,0,1.47,1.0,
133,2669,63563817,2874903000,7.34,7,9,0.8571,23,0,1.0486,1.2857,
134,2733,63563817,2874903000,9.83,7,7,1.0,88,0,1.4043,1.0,
135,2774,63563817,2874903000,37.05,27,17,1.0,93,0,1.3722,0.6296,浏览<点击
136,2797,63563817,2874903000,5.41,4,3,1.0,4,0,1.3525,0.75,浏览<点击
137,2803,63563817,2874903000,8.18,7,7,1.0,23,0,1.1686,1.0,
138,2863,63563817,2874903000,27.28,18,12,1.0,86,0,1.5156,0.6667,浏览<点击
139,2938,63563817,2874903000,40.92,30,26,0.9091,72,0,1.364,0.8667,浏览<点击
140,2959,63563817,2874903000,1.27,2,2,1.0,25,0,0.635,1.0,
141,3163,63563817,2874903000,614.71,402,350,0.9824,44,0,1.5291,0.8706,浏览<点击
142,3422,63563817,2874903000,7.28,6,4,1.0,66,0,1.2133,0.6667,浏览<点击
143,3465,63563817,2874903000,1.98,2,1,1.0,1,0,0.99,0.5,浏览<点击
144,3540,63563817,2874903000,0.0,0,0,,,1,,,
145,3801,63563817,2874903000,12.08,9,7,1.0,40,0,1.3422,0.7778,浏览<点击
146,3863,63563817,2874903000,28.12,18,15,1.0,39,0,1.5622,0.8333,浏览<点击
147,3972,63563817,2874903000,18.12,14,15,0.9,70,0,1.2943,1.0714,
148,4023,63563817,2874903000,29.05,12,19,0.9375,72,0,2.4208,1.5833,
149,4166,63563817,2874903000,24.53,20,21,0.9444,41,0,1.2265,1.05,
150,4345,63563817,2874903000,0.56,1,0,0.0,0,0,0.56,0.0,浏览<点击
151,4347,63563817,2874903000,0.0,0,0,,,1,,,
152,4363,63563817,2874903000,0.15,1,1,1.0,15,0,0.15,1.0,
153,4400,63563817,2874903000,14.68,9,4,1.0,4,0,1.6311,0.4444,浏览<点击
154,4458,63563817,2874903000,14.62,7,5,1.0,237,0,2.0886,0.7143,浏览<点击
155,4527,63563817,2874903000,103.53,68,96,0.9153,293,0,1.5225,1.4118,
156,4667,63563817,2874903000,8.06,19,37,0.7059,196,0,0.4242,1.9474,
157,4700,63563817,2874903000,59.83,35,44,0.9231,83,0,1.7094,1.2571,
158,4738,63563817,2874903000,3.78,3,3,1.0,2,0,1.26,1.0,
159,4798,63563817,2874903000,105.25,107,116,0.973,83,0,0.9836,1.0841,
160,4805,63563817,2874903000,39.87,31,24,1.0,36,0,1.2861,0.7742,浏览<点击
161,4836,63563817,2874903000,2.94,3,2,1.0,61,0,0.98,0.6667,浏览<点击
162,4837,63563817,2874903000,36.73,24,25,0.9583,79,0,1.5304,1.0417,
163,4857,63563817,2874903000,26.8,21,20,0.875,31,0,1.2762,0.9524,浏览<点击
164,4860,63563817,2874903000,46.03,41,111,0.5625,173,0,1.1227,2.7073,
165,5241,63563817,2874903000,6.42,4,4,1.0,33,0,1.605,1.0,
166,5351,63563817,2874903000,4.07,3,6,0.75,558,0,1.3567,2.0,
167,5532,63563817,2874903000,68.56,43,82,0.9574,119,0,1.5944,1.907,
168,5926,63563817,2874903000,31.28,19,18,0.9412,77,0,1.6463,0.9474,浏览<点击
169,5995,63563817,2874903000,0.92,1,0,0.0,0,0,0.92,0.0,浏览<点击
170,6098,63563817,2874903000,0.0,0,0,,,1,,,
171,6242,63563817,2874903000,4.45,4,3,1.0,43,0,1.1125,0.75,浏览<点击
172,6282,63563817,2874903000,162.07,119,149,0.947,76,0,1.3619,1.2521,
173,6623,63563817,2874903000,0.0,0,0,,,1,,,
174,6633,63563817,2874903000,15.18,12,7,1.0,142,0,1.265,0.5833,浏览<点击
175,9,63563817,4190988309,34.07,14,71,0.7143,390,0,2.4336,5.0714,
176,152,63563817,4190988309,0.0,0,0,,,1,,,
177,770,63563817,4190988309,0.0,0,0,,,1,,,
178,886,63563817,4190988309,0.0,0,0,,,1,,,
179,1098,63563817,4190988309,0.0,0,0,,,1,,,
180,1203,63563817,4190988309,0.0,0,0,,,1,,,
181,1277,63563817,4190988309,0.0,0,0,,,1,,,
182,1651,63563817,4190988309,0.0,0,0,,,1,,,
183,1942,63563817,4190988309,0.0,0,0,,,1,,,
184,2050,63563817,4190988309,0.0,0,0,,,1,,,
185,2373,63563817,4190988309,0.0,0,0,,,1,,,
186,2397,63563817,4190988309,2.26,2,36,0.5,1490,0,1.13,18.0,
187,2478,63563817,4190988309,101.65,54,148,0.74,136,0,1.8824,2.7407,
188,2706,63563817,4190988309,0.48,2,0,0.0,0,0,0.24,0.0,浏览<点击
189,2725,63563817,4190988309,0.0,0,0,,,1,,,
190,2789,63563817,4190988309,0.0,0,0,,,1,,,
191,2941,63563817,4190988309,38.41,28,269,0.4138,643,0,1.3718,9.6071,
192,2977,63563817,4190988309,0.0,0,0,,,1,,,
193,3084,63563817,4190988309,0.0,0,0,,,1,,,
194,3485,63563817,4190988309,0.0,0,0,,,1,,,
195,3617,63563817,4190988309,1.68,1,1,1.0,120,0,1.68,1.0,
196,3840,63563817,4190988309,0.0,0,0,,,1,,,
197,4017,63563817,4190988309,18.21,10,21,0.6364,315,0,1.821,2.1,
198,4097,63563817,4190988309,37.12,19,418,0.6316,449,0,1.9537,22.0,
199,4101,63563817,4190988309,33.58,27,56,0.6538,97,0,1.2437,2.0741,
200,4134,63563817,4190988309,0.0,0,0,,,1,,,
201,4135,63563817,4190988309,1.57,1,1,1.0,0,0,1.57,1.0,
202,4177,63563817,4190988309,2053.55,1402,10918,0.4145,483,0,1.4647,7.7874,
203,4195,63563817,4190988309,25.1,10,11,1.0,57,0,2.51,1.1,
204,4905,63563817,4190988309,0.0,0,0,,,1,,,
205,5257,63563817,4190988309,12.66,10,11,1.0,55,0,1.266,1.1,
206,5268,63563817,4190988309,0.0,0,0,,,1,,,
207,5367,63563817,4190988309,0.0,0,0,,,1,,,
208,5374,63563817,4190988309,73.72,28,44,0.75,75,0,2.6329,1.5714,
209,5465,63563817,4190988309,0.0,0,0,,,1,,,
210,5649,63563817,4190988309,9.69,6,26,0.8,466,0,1.615,4.3333,
211,5699,63563817,4190988309,0.0,0,0,,,1,,,
212,5801,63563817,4190988309,0.0,0,0,,,1,,,
213,5900,63563817,4190988309,0.0,0,0,,,1,,,
214,5910,63563817,4190988309,0.0,0,0,,,1,,,
215,6051,63563817,4190988309,0.0,0,0,,,1,,,
216,6082,63563817,4190988309,1.85,1,1,1.0,12,0,1.85,1.0,
217,6083,63563817,4190988309,22.89,16,84,0.4375,371,0,1.4306,5.25,
218,6207,63563817,4190988309,0.0,0,0,,,1,,,
219,6224,63563817,4190988309,3.44,2,2,1.0,11,0,1.72,1.0,
220,6245,63563817,4190988309,6.07,2,61,0.0,1360,0,3.035,30.5,
221,6602,63563817,4190988309,0.0,0,0,,,1,,,
222,88,63563817,4190988310,0.0,0,0,,,1,,,
223,167,63563817,4190988310,0.0,0,0,,,1,,,
224,228,63563817,4190988310,4.64,4,3,1.0,62,0,1.16,0.75,浏览<点击
225,266,63563817,4190988310,0.0,0,0,,,1,,,
226,467,63563817,4190988310,0.0,0,0,,,1,,,
227,867,63563817,4190988310,0.0,0,0,,,1,,,
228,925,63563817,4190988310,109.28,74,122,0.9231,44,0,1.4768,1.6486,
229,990,63563817,4190988310,12.69,8,28,0.7143,415,0,1.5862,3.5,
230,1108,63563817,4190988310,1.73,1,1,1.0,25,0,1.73,1.0,
231,1186,63563817,4190988310,55.07,39,57,0.8974,146,0,1.4121,1.4615,
232,1362,63563817,4190988310,0.0,0,0,,,1,,,
233,1517,63563817,4190988310,9.07,7,7,0.8333,11,0,1.2957,1.0,
234,1554,63563817,4190988310,0.0,0,0,,,1,,,
235,1567,63563817,4190988310,367.4,238,812,0.6996,208,0,1.5437,3.4118,
236,1583,63563817,4190988310,0.48,1,1,1.0,120,0,0.48,1.0,
237,1667,63563817,4190988310,93.58,53,120,0.8824,101,0,1.7657,2.2642,
238,1714,63563817,4190988310,0.0,0,0,,,1,,,
239,1808,63563817,4190988310,0.0,0,0,,,1,,,
240,1907,63563817,4190988310,0.0,0,0,,,1,,,
241,2123,63563817,4190988310,72.85,47,122,0.75,249,0,1.55,2.5957,
242,2145,63563817,4190988310,0.0,0,0,,,1,,,
243,2158,63563817,4190988310,0.0,0,0,,,1,,,
244,2190,63563817,4190988310,0.0,0,0,,,1,,,
245,2212,63563817,4190988310,3.45,2,2,1.0,61,0,1.725,1.0,
246,2294,63563817,4190988310,6.61,4,4,1.0,15,0,1.6525,1.0,
247,2384,63563817,4190988310,0.0,0,0,,,1,,,
248,2397,63563817,4190988310,0.0,0,0,,,1,,,
249,2505,63563817,4190988310,13.67,8,17,0.875,85,0,1.7088,2.125,
250,2570,63563817,4190988310,0.0,0,0,,,1,,,
251,2789,63563817,4190988310,0.0,0,0,,,1,,,
252,2889,63563817,4190988310,14.0,8,6,1.0,20,0,1.75,0.75,浏览<点击
253,2892,63563817,4190988310,148.25,104,175,0.82,140,0,1.4255,1.6827,
254,2980,63563817,4190988310,1.88,1,1,1.0,1,0,1.88,1.0,
255,2985,63563817,4190988310,1810.51,1217,1985,0.8828,84,0,1.4877,1.6311,
256,3106,63563817,4190988310,18.29,11,18,0.7273,78,0,1.6627,1.6364,
257,3169,63563817,4190988310,1047.53,674,977,0.8812,64,0,1.5542,1.4496,
258,3180,63563817,4190988310,3.89,3,14,0.6667,676,0,1.2967,4.6667,
259,3304,63563817,4190988310,17.28,11,26,0.8182,84,0,1.5709,2.3636,
260,3328,63563817,4190988310,0.0,0,0,,,1,,,
261,3501,63563817,4190988310,1.01,1,0,0.0,0,0,1.01,0.0,浏览<点击
262,3732,63563817,4190988310,62.1,44,44,0.9,22,0,1.4114,1.0,
263,3818,63563817,4190988310,5.74,2,9,0.0,54,0,2.87,4.5,
264,4043,63563817,4190988310,0.0,0,0,,,1,,,
265,4048,63563817,4190988310,9.39,8,49,0.5,563,0,1.1738,6.125,
266,4126,63563817,4190988310,8.95,4,4,1.0,46,0,2.2375,1.0,
267,4155,63563817,4190988310,5.39,4,6,0.6667,30,0,1.3475,1.5,
268,4403,63563817,4190988310,25.77,19,160,0.4444,413,0,1.3563,8.4211,
269,4675,63563817,4190988310,22.54,16,61,0.7059,172,0,1.4088,3.8125,
270,4713,63563817,4190988310,4.68,1,7,0.0,278,0,4.68,7.0,
271,4773,63563817,4190988310,205.93,107,171,0.9248,58,0,1.9246,1.5981,
272,4791,63563817,4190988310,24.87,13,116,0.3846,617,0,1.9131,8.9231,
273,4827,63563817,4190988310,96.36,61,207,0.7097,256,0,1.5797,3.3934,
274,4868,63563817,4190988310,0.0,0,0,,,1,,,
275,5010,63563817,4190988310,63.52,44,78,0.8444,114,0,1.4436,1.7727,
276,5134,63563817,4190988310,168.35,129,782,0.6371,296,0,1.305,6.062,
277,5267,63563817,4190988310,110.96,83,183,0.8214,167,0,1.3369,2.2048,
278,5330,63563817,4190988310,121.6,77,649,0.4861,767,0,1.5792,8.4286,
279,5393,63563817,4190988310,0.0,0,0,,,1,,,
280,5418,63563817,4190988310,15.18,8,64,0.375,699,0,1.8975,8.0,
281,5592,63563817,4190988310,28.18,17,18,0.9375,34,0,1.6576,1.0588,
282,5701,63563817,4190988310,25.42,17,18,0.7857,191,0,1.4953,1.0588,
283,5801,63563817,4190988310,0.0,0,0,,,1,,,
284,5812,63563817,4190988310,5.56,4,6,0.75,192,0,1.39,1.5,
285,5840,63563817,4190988310,3.66,2,2,1.0,16,0,1.83,1.0,
286,5849,63563817,4190988310,0.0,0,0,,,1,,,
287,5973,63563817,4190988310,0.0,0,0,,,1,,,
288,6054,63563817,4190988310,0.0,0,0,,,1,,,
289,6082,63563817,4190988310,0.0,0,0,,,1,,,
290,6299,63563817,4190988310,0.0,0,0,,,1,,,
291,6325,63563817,4190988310,83.51,64,118,0.9153,94,0,1.3048,1.8438,
292,6352,63563817,4190988310,70.17,42,269,0.375,387,0,1.6707,6.4048,
293,6364,63563817,4190988310,0.9,1,1,1.0,7,0,0.9,1.0,
294,6604,63563817,4190988310,0.0,0,0,,,1,,,
295,1048,495403620,8878077181,1263.59,2840,29775,0.082,670,0,0.4449,10.4842,
296,1607,495403620,8878077181,1149.42,805,8194,0.0958,710,0,1.4279,10.1789,
297,3989,495403620,8878077181,75197.1,124758,1230619,0.0814,631,0,0.6027,9.864,
298,5778,495403620,8878077181,46615.59,40349,425786,0.0839,653,0,1.1553,10.5526,
299,2,495403620,9628223555,14.89,12,9,0.8333,86,0,1.2408,0.75,浏览<点击
300,6,495403620,9628223555,4.69,3,2,1.0,72,0,1.5633,0.6667,浏览<点击
301,14,495403620,9628223555,1.48,2,1,1.0,1,0,0.74,0.5,浏览<点击
302,31,495403620,9628223555,0.83,1,0,0.0,0,0,0.83,0.0,浏览<点击
303,33,495403620,9628223555,20.07,21,20,0.9375,40,0,0.9557,0.9524,浏览<点击
304,55,495403620,9628223555,0.9,1,1,1.0,120,0,0.9,1.0,
305,57,495403620,9628223555,5.02,6,2,1.0,2,0,0.8367,0.3333,浏览<点击
306,62,495403620,9628223555,5.88,7,10,0.8333,372,0,0.84,1.4286,
307,104,495403620,9628223555,210.57,164,201,0.8636,64,0,1.284,1.2256,
308,149,495403620,9628223555,1.23,1,1,1.0,120,0,1.23,1.0,
309,151,495403620,9628223555,48.47,39,46,0.875,73,0,1.2428,1.1795,
310,154,495403620,9628223555,50.67,71,55,0.9615,94,0,0.7137,0.7746,浏览<点击
311,155,495403620,9628223555,0.0,0,0,,,1,,,
312,164,495403620,9628223555,0.0,0,0,,,1,,,
313,175,495403620,9628223555,6.73,4,2,1.0,10,0,1.6825,0.5,浏览<点击
314,190,495403620,9628223555,4.14,3,2,1.0,21,0,1.38,0.6667,浏览<点击
315,217,495403620,9628223555,27.42,13,10,0.8333,73,0,2.1092,0.7692,浏览<点击
316,235,495403620,9628223555,46.26,36,60,0.7667,161,0,1.285,1.6667,
317,255,495403620,9628223555,30.98,17,33,0.8571,42,0,1.8224,1.9412,
318,267,495403620,9628223555,0.0,0,0,,,1,,,
319,270,495403620,9628223555,0.0,0,0,,,1,,,
320,282,495403620,9628223555,0.0,0,0,,,1,,,
321,303,495403620,9628223555,0.0,0,0,,,1,,,
322,306,495403620,9628223555,0.65,2,2,0.0,40,0,0.325,1.0,
323,338,495403620,9628223555,19.59,13,13,0.9,49,0,1.5069,1.0,
324,391,495403620,9628223555,0.0,0,0,,,1,,,
325,400,495403620,9628223555,79.42,60,80,0.9057,76,0,1.3237,1.3333,
326,427,495403620,9628223555,14.62,9,7,1.0,3,0,1.6244,0.7778,浏览<点击
327,432,495403620,9628223555,0.0,0,0,,,1,,,
328,433,495403620,9628223555,0.0,0,0,,,1,,,
329,438,495403620,9628223555,10.63,35,8,0.8571,133,0,0.3037,0.2286,浏览<点击
330,444,495403620,9628223555,11427.64,6746,61262,0.1014,598,0,1.694,9.0812,
331,457,495403620,9628223555,0.0,0,0,,,1,,,
332,469,495403620,9628223555,0.0,0,0,,,1,,,
333,510,495403620,9628223555,0.0,0,0,,,1,,,
334,523,495403620,9628223555,9.83,10,24,0.75,298,0,0.983,2.4,
335,524,495403620,9628223555,8.95,6,14,0.8,176,0,1.4917,2.3333,
336,528,495403620,9628223555,1.27,1,0,0.0,0,0,1.27,0.0,浏览<点击
337,546,495403620,9628223555,0.0,0,0,,,1,,,
338,552,495403620,9628223555,0.94,1,1,1.0,1,0,0.94,1.0,
339,570,495403620,9628223555,4.51,4,2,1.0,62,0,1.1275,0.5,浏览<点击
340,608,495403620,9628223555,0.0,0,0,,,1,,,
341,609,495403620,9628223555,0.0,0,0,,,1,,,
342,646,495403620,9628223555,4.58,6,4,1.0,96,0,0.7633,0.6667,浏览<点击
343,652,495403620,9628223555,2.01,4,7,0.5,63,0,0.5025,1.75,
344,665,495403620,9628223555,893.04,602,734,0.7539,174,0,1.4835,1.2193,
345,700,495403620,9628223555,111.9,117,191,0.6778,186,0,0.9564,1.6325,
346,703,495403620,9628223555,1.38,1,1,1.0,6,0,1.38,1.0,
347,711,495403620,9628223555,0.81,1,0,0.0,0,0,0.81,0.0,浏览<点击
348,734,495403620,9628223555,1.77,1,1,1.0,44,0,1.77,1.0,
349,751,495403620,9628223555,0.0,0,0,,,1,,,
350,752,495403620,9628223555,0.0,0,0,,,1,,,
351,755,495403620,9628223555,5.73,7,13,0.8333,235,0,0.8186,1.8571,
352,763,495403620,9628223555,0.0,0,0,,,1,,,
353,856,495403620,9628223555,0.0,0,0,,,1,,,
354,859,495403620,9628223555,32.11,16,41,0.6364,626,0,2.0069,2.5625,
355,874,495403620,9628223555,0.0,0,0,,,1,,,
356,875,495403620,9628223555,1047.58,1054,1220,0.8092,149,0,0.9939,1.1575,
357,904,495403620,9628223555,0.0,0,0,,,1,,,
358,909,495403620,9628223555,5.4,2,0,0.0,0,0,2.7,0.0,浏览<点击
359,958,495403620,9628223555,0.37,1,1,1.0,12,0,0.37,1.0,
360,982,495403620,9628223555,9.1,11,14,0.9,20,0,0.8273,1.2727,
361,1018,495403620,9628223555,102.67,67,256,0.5556,376,0,1.5324,3.8209,
362,1040,495403620,9628223555,5.45,6,29,0.5,261,0,0.9083,4.8333,
363,1049,495403620,9628223555,1.61,1,1,1.0,2,0,1.61,1.0,
364,1092,495403620,9628223555,24.51,26,46,0.875,329,0,0.9427,1.7692,
365,1094,495403620,9628223555,2.51,3,3,1.0,177,0,0.8367,1.0,
366,1164,495403620,9628223555,18.53,13,78,0.4615,206,0,1.4254,6.0,
367,1178,495403620,9628223555,0.0,0,0,,,1,,,
368,1235,495403620,9628223555,0.0,0,0,,,1,,,
369,1241,495403620,9628223555,3.09,4,10,0.75,462,0,0.7725,2.5,
370,1249,495403620,9628223555,0.0,0,0,,,1,,,
371,1257,495403620,9628223555,212.08,164,241,0.5614,344,0,1.2932,1.4695,
372,1265,495403620,9628223555,0.0,0,0,,,1,,,
373,1268,495403620,9628223555,9.13,12,7,1.0,5,0,0.7608,0.5833,浏览<点击
374,1270,495403620,9628223555,3.53,4,1,1.0,3,0,0.8825,0.25,浏览<点击
375,1285,495403620,9628223555,2.38,1,1,1.0,2,0,2.38,1.0,
376,1310,495403620,9628223555,0.0,0,0,,,1,,,
377,1314,495403620,9628223555,23.63,16,24,0.8462,148,0,1.4769,1.5,
378,1316,495403620,9628223555,45.15,213,54,1.0,112,0,0.212,0.2535,浏览<点击
379,1318,495403620,9628223555,1364.38,1278,1396,0.8394,130,0,1.0676,1.0923,
380,1327,495403620,9628223555,1.34,1,1,1.0,6,0,1.34,1.0,
381,1332,495403620,9628223555,7.5,5,6,0.6667,175,0,1.5,1.2,
382,1339,495403620,9628223555,1.29,1,1,1.0,11,0,1.29,1.0,
383,1354,495403620,9628223555,0.0,0,0,,,1,,,
384,1373,495403620,9628223555,0.49,1,1,1.0,15,0,0.49,1.0,
385,1439,495403620,9628223555,5.2,9,3,0.5,99,0,0.5778,0.3333,浏览<点击
386,1447,495403620,9628223555,0.0,0,0,,,1,,,
387,1465,495403620,9628223555,0.97,1,6,0.0,214,0,0.97,6.0,
388,1475,495403620,9628223555,0.64,1,1,1.0,120,0,0.64,1.0,
389,1506,495403620,9628223555,0.0,0,0,,,1,,,
390,1513,495403620,9628223555,33.69,23,25,0.9474,59,0,1.4648,1.087,
391,1531,495403620,9628223555,3.87,9,16,0.5714,63,0,0.43,1.7778,
392,1575,495403620,9628223555,0.0,0,0,,,1,,,
393,1621,495403620,9628223555,0.0,0,0,,,1,,,
394,1647,495403620,9628223555,1.1,1,0,0.0,0,0,1.1,0.0,浏览<点击
395,1655,495403620,9628223555,968.54,714,783,0.8632,105,0,1.3565,1.0966,
396,1660,495403620,9628223555,0.0,0,0,,,1,,,
397,1666,495403620,9628223555,16.26,12,31,0.5,160,0,1.355,2.5833,
398,1676,495403620,9628223555,270.03,159,450,0.75,199,0,1.6983,2.8302,
399,1683,495403620,9628223555,0.0,0,0,,,1,,,
400,1715,495403620,9628223555,0.0,0,0,,,1,,,
401,1719,495403620,9628223555,5.28,6,5,1.0,79,0,0.88,0.8333,浏览<点击
402,1735,495403620,9628223555,62.35,65,76,0.8718,170,0,0.9592,1.1692,
403,1752,495403620,9628223555,4.32,2,9,0.5,291,0,2.16,4.5,
404,1757,495403620,9628223555,0.0,0,0,,,1,,,
405,1764,495403620,9628223555,12.51,20,178,0.2727,582,0,0.6255,8.9,
406,1777,495403620,9628223555,0.0,0,0,,,1,,,
407,1802,495403620,9628223555,217.36,110,329,0.5875,326,0,1.976,2.9909,
408,1846,495403620,9628223555,0.0,0,0,,,1,,,
409,1921,495403620,9628223555,1.63,1,1,1.0,22,0,1.63,1.0,
410,1978,495403620,9628223555,0.0,0,0,,,1,,,
411,2004,495403620,9628223555,0.0,0,0,,,1,,,
412,2006,495403620,9628223555,4.41,2,2,1.0,63,0,2.205,1.0,
413,2021,495403620,9628223555,0.0,0,0,,,1,,,
414,2043,495403620,9628223555,1.63,2,0,0.0,0,0,0.815,0.0,浏览<点击
415,2072,495403620,9628223555,0.0,0,0,,,1,,,
416,2079,495403620,9628223555,0.0,0,0,,,1,,,
417,2084,495403620,9628223555,0.0,0,0,,,1,,,
418,2093,495403620,9628223555,2.33,2,2,1.0,6,0,1.165,1.0,
419,2111,495403620,9628223555,0.0,0,0,,,1,,,
420,2113,495403620,9628223555,32.61,32,38,0.875,145,0,1.0191,1.1875,
421,2127,495403620,9628223555,0.0,0,0,,,1,,,
422,2176,495403620,9628223555,17.75,10,27,0.6667,376,0,1.775,2.7,
423,2178,495403620,9628223555,1.35,4,1,1.0,120,0,0.3375,0.25,浏览<点击
424,2186,495403620,9628223555,2.48,3,3,1.0,10,0,0.8267,1.0,
425,2188,495403620,9628223555,5.13,3,3,1.0,10,0,1.71,1.0,
426,2226,495403620,9628223555,43.74,46,78,0.7714,178,0,0.9509,1.6957,
427,2234,495403620,9628223555,0.0,0,0,,,1,,,
428,2351,495403620,9628223555,42.25,28,34,0.8182,47,0,1.5089,1.2143,
429,2354,495403620,9628223555,2.88,2,81,0.0,1618,0,1.44,40.5,
430,2370,495403620,9628223555,1.26,1,1,1.0,3,0,1.26,1.0,
431,2371,495403620,9628223555,0.0,0,0,,,1,,,
432,2424,495403620,9628223555,0.0,0,0,,,1,,,
433,2432,495403620,9628223555,3.85,3,4,1.0,38,0,1.2833,1.3333,
434,2441,495403620,9628223555,0.0,0,0,,,1,,,
435,2525,495403620,9628223555,13.42,12,10,1.0,30,0,1.1183,0.8333,浏览<点击
436,2534,495403620,9628223555,6.02,7,6,1.0,53,0,0.86,0.8571,浏览<点击
437,2541,495403620,9628223555,21686.91,29926,87461,0.4974,328,0,0.7247,2.9226,
438,2547,495403620,9628223555,2.17,2,2,1.0,3,0,1.085,1.0,
439,2551,495403620,9628223555,2.83,2,16,0.5,276,0,1.415,8.0,
440,2555,495403620,9628223555,0.0,0,0,,,1,,,
441,2579,495403620,9628223555,41.09,33,51,0.9,55,0,1.2452,1.5455,
442,2584,495403620,9628223555,115.98,262,182,0.9412,39,0,0.4427,0.6947,浏览<点击
443,2602,495403620,9628223555,14.01,10,9,0.7143,10,0,1.401,0.9,浏览<点击
444,2633,495403620,9628223555,60.22,42,105,0.7576,252,0,1.4338,2.5,
445,2678,495403620,9628223555,0.0,0,0,,,1,,,
446,2682,495403620,9628223555,6.07,4,26,0.25,888,0,1.5175,6.5,
447,2690,495403620,9628223555,5.24,9,8,1.0,48,0,0.5822,0.8889,浏览<点击
448,2703,495403620,9628223555,0.0,0,0,,,1,,,
449,2717,495403620,9628223555,0.0,0,0,,,1,,,
450,2723,495403620,9628223555,340.06,332,721,0.7402,206,0,1.0243,2.1717,
451,2738,495403620,9628223555,2.73,2,2,1.0,120,0,1.365,1.0,
452,2742,495403620,9628223555,0.0,0,0,,,1,,,
453,2748,495403620,9628223555,43.02,39,182,0.6,347,0,1.1031,4.6667,
454,2775,495403620,9628223555,0.0,0,0,,,1,,,
455,2780,495403620,9628223555,95.7,65,179,0.7119,195,0,1.4723,2.7538,
456,2795,495403620,9628223555,3.49,4,4,1.0,85,0,0.8725,1.0,
457,2813,495403620,9628223555,5.37,11,3,1.0,51,0,0.4882,0.2727,浏览<点击
458,2834,495403620,9628223555,1.88,1,1,1.0,4,0,1.88,1.0,
459,2843,495403620,9628223555,150.65,108,141,0.814,123,0,1.3949,1.3056,
460,2854,495403620,9628223555,4.83,6,5,1.0,57,0,0.805,0.8333,浏览<点击
461,2855,495403620,9628223555,15.1,18,15,1.0,120,0,0.8389,0.8333,浏览<点击
462,2874,495403620,9628223555,5435.94,1915,10266,0.3591,411,0,2.8386,5.3608,
463,2890,495403620,9628223555,6.51,6,19,0.8,48,0,1.085,3.1667,
464,2919,495403620,9628223555,8.23,13,15,0.8182,235,0,0.6331,1.1538,
465,2936,495403620,9628223555,0.0,0,0,,,1,,,
466,2955,495403620,9628223555,3.09,3,3,1.0,3,0,1.03,1.0,
467,2993,495403620,9628223555,22.18,15,23,0.8462,328,0,1.4787,1.5333,
468,2996,495403620,9628223555,74.77,50,316,0.2692,487,0,1.4954,6.32,
469,2997,495403620,9628223555,184.97,118,214,0.7664,108,0,1.5675,1.8136,
470,3008,495403620,9628223555,45.41,54,204,0.6042,319,0,0.8409,3.7778,
471,3060,495403620,9628223555,0.0,0,0,,,1,,,
472,3064,495403620,9628223555,13.2,15,16,0.9,60,0,0.88,1.0667,
473,3070,495403620,9628223555,9.57,8,14,0.6,61,0,1.1962,1.75,
474,3093,495403620,9628223555,0.32,1,0,0.0,0,0,0.32,0.0,浏览<点击
475,3135,495403620,9628223555,2.7,2,22,0.5,1001,0,1.35,11.0,
476,3153,495403620,9628223555,0.72,1,1,1.0,120,0,0.72,1.0,
477,3165,495403620,9628223555,53.44,53,64,0.875,128,0,1.0083,1.2075,
478,3175,495403620,9628223555,0.0,0,0,,,1,,,
479,3195,495403620,9628223555,0.0,0,0,,,1,,,
480,3201,495403620,9628223555,0.0,0,0,,,1,,,
481,3222,495403620,9628223555,1.65,1,1,1.0,2,0,1.65,1.0,
482,3275,495403620,9628223555,0.0,0,0,,,1,,,
483,3327,495403620,9628223555,22.08,13,59,0.7,539,0,1.6985,4.5385,
484,3352,495403620,9628223555,37.67,27,27,0.9524,122,0,1.3952,1.0,
485,3353,495403620,9628223555,0.8,1,1,1.0,0,0,0.8,1.0,
486,3374,495403620,9628223555,2398.88,445,3848,0.2606,480,0,5.3907,8.6472,
487,3379,495403620,9628223555,31.79,21,74,0.65,369,0,1.5138,3.5238,
488,3382,495403620,9628223555,1533.0,276,1485,0.4779,384,0,5.5543,5.3804,
489,3386,495403620,9628223555,0.0,0,0,,,1,,,
490,3393,495403620,9628223555,298.34,124,269,0.7182,103,0,2.406,2.1694,
491,3416,495403620,9628223555,4.17,3,2,1.0,120,0,1.39,0.6667,浏览<点击
492,3417,495403620,9628223555,6.95,6,10,0.6,33,0,1.1583,1.6667,
493,3445,495403620,9628223555,0.0,0,0,,,1,,,
494,3451,495403620,9628223555,2.63,3,3,0.5,14,0,0.8767,1.0,
495,3481,495403620,9628223555,0.0,0,1,,,1,,,零点击有浏览
496,3548,495403620,9628223555,11.61,15,23,0.9167,279,0,0.774,1.5333,
497,3567,495403620,9628223555,1.35,2,2,1.0,25,0,0.675,1.0,
498,3575,495403620,9628223555,160.27,44,142,0.5,370,0,3.6425,3.2273,
499,3579,495403620,9628223555,0.0,0,0,,,1,,,
500,3653,495403620,9628223555,0.0,0,0,,,1,,,
501,3659,495403620,9628223555,5.77,7,6,1.0,184,0,0.8243,0.8571,浏览<点击
502,3677,495403620,9628223555,6.93,10,9,1.0,44,0,0.693,0.9,浏览<点击
503,3720,495403620,9628223555,0.0,0,0,,,1,,,
504,3769,495403620,9628223555,1.24,3,3,1.0,3,0,0.4133,1.0,
505,3922,495403620,9628223555,2.35,2,2,1.0,25,0,1.175,1.0,
506,3923,495403620,9628223555,14.78,15,143,0.4286,930,0,0.9853,9.5333,
507,3924,495403620,9628223555,0.0,0,0,,,1,,,
508,3949,495403620,9628223555,0.0,0,0,,,1,,,
509,3951,495403620,9628223555,0.0,0,0,,,1,,,
510,3962,495403620,9628223555,8.52,6,6,1.0,44,0,1.42,1.0,
511,3973,495403620,9628223555,4.8,7,35,0.8,77,0,0.6857,5.0,
512,3989,495403620,9628223555,106.06,63,407,0.4483,394,0,1.6835,6.4603,
513,3991,495403620,9628223555,0.0,0,0,,,1,,,
514,4001,495403620,9628223555,0.0,0,0,,,1,,,
515,4002,495403620,9628223555,26.24,17,59,0.75,288,0,1.5435,3.4706,
516,4016,495403620,9628223555,48.68,27,55,0.6522,172,0,1.803,2.037,
517,4020,495403620,9628223555,0.0,0,0,,,1,,,
518,4046,495403620,9628223555,21.51,20,28,0.8235,55,0,1.0755,1.4,
519,4047,495403620,9628223555,50.95,36,52,0.7778,326,0,1.4153,1.4444,
520,4052,495403620,9628223555,1.19,1,1,1.0,9,0,1.19,1.0,
521,4141,495403620,9628223555,0.0,0,0,,,1,,,
522,4158,495403620,9628223555,36.54,28,49,0.92,98,0,1.305,1.75,
523,4163,495403620,9628223555,0.49,2,2,1.0,1,0,0.245,1.0,
524,4165,495403620,9628223555,36.37,33,30,0.8095,153,0,1.1021,0.9091,浏览<点击
525,4171,495403620,9628223555,1.68,2,1,1.0,8,0,0.84,0.5,浏览<点击
526,4188,495403620,9628223555,1533.24,434,1683,0.5805,286,0,3.5328,3.8779,
527,4189,495403620,9628223555,19.42,15,28,0.6667,57,0,1.2947,1.8667,
528,4251,495403620,9628223555,1.23,1,0,0.0,0,0,1.23,0.0,浏览<点击
529,4310,495403620,9628223555,0.0,0,0,,,1,,,
530,4321,495403620,9628223555,89.22,64,291,0.566,525,0,1.3941,4.5469,
531,4331,495403620,9628223555,16.86,15,9,1.0,48,0,1.124,0.6,浏览<点击
532,4388,495403620,9628223555,8.28,9,5,1.0,32,0,0.92,0.5556,浏览<点击
533,4422,495403620,9628223555,5.1,4,31,0.6,1425,0,1.275,7.75,
534,4454,495403620,9628223555,0.0,0,0,,,1,,,
535,4463,495403620,9628223555,0.0,0,0,,,1,,,
536,4479,495403620,9628223555,7.22,8,6,1.0,52,0,0.9025,0.75,浏览<点击
537,4480,495403620,9628223555,21.87,15,12,0.9091,34,0,1.458,0.8,浏览<点击
538,4498,495403620,9628223555,3.53,2,2,1.0,120,0,1.765,1.0,
539,4504,495403620,9628223555,0.0,0,0,,,1,,,
540,4505,495403620,9628223555,0.0,0,0,,,1,,,
541,4529,495403620,9628223555,1.62,2,2,1.0,2,0,0.81,1.0,
542,4541,495403620,9628223555,0.0,0,0,,,1,,,
543,4545,495403620,9628223555,0.0,0,0,,,1,,,
544,4558,495403620,9628223555,0.0,0,0,,,1,,,
545,4560,495403620,9628223555,15.29,8,17,0.6667,121,0,1.9112,2.125,
546,4581,495403620,9628223555,3.58,2,2,1.0,63,0,1.79,1.0,
547,4594,495403620,9628223555,20.64,30,24,1.0,40,0,0.688,0.8,浏览<点击
548,4613,495403620,9628223555,5.38,5,3,1.0,80,0,1.076,0.6,浏览<点击
549,4634,495403620,9628223555,375.36,121,502,0.5534,438,0,3.1021,4.1488,
550,4637,495403620,9628223555,5.75,11,9,1.0,54,0,0.5227,0.8182,浏览<点击
551,4706,495403620,9628223555,6.41,11,14,0.8889,94,0,0.5827,1.2727,
552,4717,495403620,9628223555,1.77,3,3,1.0,15,0,0.59,1.0,
553,4718,495403620,9628223555,0.0,0,0,,,1,,,
554,4760,495403620,9628223555,0.0,0,0,,,1,,,
555,4762,495403620,9628223555,0.97,2,1,1.0,2,0,0.485,0.5,浏览<点击
556,4828,495403620,9628223555,11.05,8,22,0.5,199,0,1.3812,2.75,
557,4832,495403620,9628223555,0.0,0,0,,,1,,,
558,4854,495403620,9628223555,0.0,0,0,,,1,,,
559,4865,495403620,9628223555,61.99,63,65,0.84,64,0,0.984,1.0317,
560,4888,495403620,9628223555,33.02,26,57,0.7083,202,0,1.27,2.1923,
561,4914,495403620,9628223555,2.05,2,2,1.0,92,0,1.025,1.0,
562,4927,495403620,9628223555,22.07,17,23,0.8,61,0,1.2982,1.3529,
563,4931,495403620,9628223555,0.81,2,1,1.0,1,0,0.405,0.5,浏览<点击
564,4935,495403620,9628223555,10.31,11,8,1.0,33,0,0.9373,0.7273,浏览<点击
565,4949,495403620,9628223555,21.56,17,16,0.9286,59,0,1.2682,0.9412,浏览<点击
566,4960,495403620,9628223555,10.94,15,15,0.7273,46,0,0.7293,1.0,
567,5031,495403620,9628223555,0.0,0,0,,,1,,,
568,5035,495403620,9628223555,66.79,41,39,0.9167,104,0,1.629,0.9512,浏览<点击
569,5038,495403620,9628223555,0.0,0,0,,,1,,,
570,5064,495403620,9628223555,1.33,3,3,1.0,43,0,0.4433,1.0,
571,5111,495403620,9628223555,0.0,0,0,,,1,,,
572,5126,495403620,9628223555,10.69,12,8,1.0,21,0,0.8908,0.6667,浏览<点击
573,5163,495403620,9628223555,2.85,4,3,1.0,3,0,0.7125,0.75,浏览<点击
574,5197,495403620,9628223555,0.0,0,0,,,1,,,
575,5199,495403620,9628223555,0.0,0,0,,,1,,,
576,5229,495403620,9628223555,28.35,51,38,1.0,54,0,0.5559,0.7451,浏览<点击
577,5249,495403620,9628223555,371.71,111,99,0.9457,71,0,3.3487,0.8919,浏览<点击
578,5259,495403620,9628223555,0.0,0,0,,,1,,,
579,5306,495403620,9628223555,13.59,17,10,0.8889,66,0,0.7994,0.5882,浏览<点击
580,5313,495403620,9628223555,11.64,18,32,0.7857,171,0,0.6467,1.7778,
581,5314,495403620,9628223555,0.29,1,1,1.0,0,0,0.29,1.0,
582,5395,495403620,9628223555,1.19,1,0,0.0,0,0,1.19,0.0,浏览<点击
583,5406,495403620,9628223555,6.44,8,5,1.0,77,0,0.805,0.625,浏览<点击
584,5436,495403620,9628223555,17.1,13,31,0.4545,297,0,1.3154,2.3846,
585,5438,495403620,9628223555,0.0,0,0,,,1,,,
586,5455,495403620,9628223555,0.0,0,0,,,1,,,
587,5460,495403620,9628223555,0.0,0,0,,,1,,,
588,5467,495403620,9628223555,9.29,9,7,1.0,36,0,1.0322,0.7778,浏览<点击
589,5486,495403620,9628223555,0.0,0,0,,,1,,,
590,5495,495403620,9628223555,1.56,9,18,0.625,174,0,0.1733,2.0,
591,5501,495403620,9628223555,0.0,0,0,,,1,,,
592,5508,495403620,9628223555,1.4,1,0,0.0,0,0,1.4,0.0,浏览<点击
593,5534,495403620,9628223555,0.1,1,0,0.0,0,0,0.1,0.0,浏览<点击
594,5546,495403620,9628223555,0.0,0,0,,,1,,,
595,5549,495403620,9628223555,3.05,3,3,1.0,2,0,1.0167,1.0,
596,5576,495403620,9628223555,0.0,0,0,,,1,,,
597,5588,495403620,9628223555,1.37,2,1,1.0,3,0,0.685,0.5,浏览<点击
598,5622,495403620,9628223555,0.0,0,0,,,1,,,
599,5629,495403620,9628223555,1.1,1,0,0.0,0,0,1.1,0.0,浏览<点击
600,5643,495403620,9628223555,5.44,3,3,1.0,3,0,1.8133,1.0,
601,5655,495403620,9628223555,0.0,0,0,,,1,,,
602,5661,495403620,9628223555,33.08,29,27,0.8947,100,0,1.1407,0.931,浏览<点击
603,5671,495403620,9628223555,0.0,0,0,,,1,,,
604,5672,495403620,9628223555,0.0,0,0,,,1,,,
605,5683,495403620,9628223555,0.0,0,0,,,1,,,
606,5696,495403620,9628223555,54.85,41,39,0.9375,76,0,1.3378,0.9512,浏览<点击
607,5702,495403620,9628223555,22.93,16,40,0.8182,77,0,1.4331,2.5,
608,5703,495403620,9628223555,2433.25,464,1009,0.7268,229,0,5.2441,2.1746,
609,5705,495403620,9628223555,134.41,26,101,0.56,209,0,5.1696,3.8846,
610,5721,495403620,9628223555,20.77,18,25,0.9444,150,0,1.1539,1.3889,
611,5767,495403620,9628223555,10.18,6,8,0.8571,23,0,1.6967,1.3333,
612,5779,495403620,9628223555,15.29,14,9,1.0,19,0,1.0921,0.6429,浏览<点击
613,5795,495403620,9628223555,31.96,31,30,0.9231,119,0,1.031,0.9677,浏览<点击
614,5862,495403620,9628223555,5.94,8,5,1.0,33,0,0.7425,0.625,浏览<点击
615,5888,495403620,9628223555,1.8,1,1,1.0,1,0,1.8,1.0,
616,5911,495403620,9628223555,29.26,17,100,0.4375,335,0,1.7212,5.8824,
617,5912,495403620,9628223555,2.7,4,36,0.25,315,0,0.675,9.0,
618,5917,495403620,9628223555,0.0,0,0,,,1,,,
619,5921,495403620,9628223555,11.58,11,11,0.8333,44,0,1.0527,1.0,
620,5945,495403620,9628223555,0.0,0,0,,,1,,,
621,5964,495403620,9628223555,1774.21,550,790,0.8364,111,0,3.2258,1.4364,
622,5987,495403620,9628223555,0.0,0,0,,,1,,,
623,6017,495403620,9628223555,4.12,4,7,0.6667,517,0,1.03,1.75,
624,6027,495403620,9628223555,501.74,66,512,0.25,720,0,7.6021,7.7576,
625,6028,495403620,9628223555,4.42,3,4,0.5,43,0,1.4733,1.3333,
626,6039,495403620,9628223555,2.31,5,3,1.0,6,0,0.462,0.6,浏览<点击
627,6093,495403620,9628223555,6.74,3,7,0.6667,652,0,2.2467,2.3333,
628,6106,495403620,9628223555,1.1,3,9,0.0,47,0,0.3667,3.0,
629,6149,495403620,9628223555,60.82,89,25,0.9091,171,0,0.6834,0.2809,浏览<点击
630,6152,495403620,9628223555,7.16,9,8,1.0,33,0,0.7956,0.8889,浏览<点击
631,6157,495403620,9628223555,4.06,3,8,0.6667,72,0,1.3533,2.6667,
632,6159,495403620,9628223555,43.15,13,43,0.75,41,0,3.3192,3.3077,
633,6162,495403620,9628223555,0.0,0,0,,,1,,,
634,6164,495403620,9628223555,0.15,1,1,1.0,1,0,0.15,1.0,
635,6173,495403620,9628223555,0.0,0,0,,,1,,,
636,6177,495403620,9628223555,0.0,0,0,,,1,,,
637,6198,495403620,9628223555,0.27,2,2,1.0,120,0,0.135,1.0,
638,6210,495403620,9628223555,1.06,4,3,1.0,41,0,0.265,0.75,浏览<点击
639,6229,495403620,9628223555,19.34,17,68,0.9333,503,0,1.1376,4.0,
640,6250,495403620,9628223555,0.0,0,0,,,1,,,
641,6261,495403620,9628223555,18916.77,16391,13078,0.8917,106,0,1.1541,0.7979,浏览<点击
642,6281,495403620,9628223555,0.0,0,0,,,1,,,
643,6294,495403620,9628223555,0.0,0,0,,,1,,,
644,6298,495403620,9628223555,1983.14,693,1366,0.7867,202,0,2.8617,1.9711,
645,6343,495403620,9628223555,0.0,0,0,,,1,,,
646,6360,495403620,9628223555,10735.93,5191,13273,0.6879,230,0,2.0682,2.5569,
647,6366,495403620,9628223555,8.41,9,8,1.0,32,0,0.9344,0.8889,浏览<点击
648,6372,495403620,9628223555,8.06,12,8,1.0,76,0,0.6717,0.6667,浏览<点击
649,6377,495403620,9628223555,20.2,24,370,0.08,761,0,0.8417,15.4167,
650,6383,495403620,9628223555,4.85,6,5,1.0,2,0,0.8083,0.8333,浏览<点击
651,6440,495403620,9628223555,2.62,3,3,1.0,453,0,0.8733,1.0,
652,6447,495403620,9628223555,0.0,0,0,,,1,,,
653,6451,495403620,9628223555,0.0,0,0,,,1,,,
654,6474,495403620,9628223555,120.04,56,136,0.5366,265,0,2.1436,2.4286,
655,6500,495403620,9628223555,116.38,82,350,0.4595,252,0,1.4193,4.2683,
656,6504,495403620,9628223555,36.72,26,52,0.7619,134,0,1.4123,2.0,
657,6538,495403620,9628223555,22.9,20,102,0.7222,345,0,1.145,5.1,
658,6542,495403620,9628223555,7.58,10,7,1.0,28,0,0.758,0.7,浏览<点击
659,6560,495403620,9628223555,4.72,2,4,0.5,527,0,2.36,2.0,
660,6574,495403620,9628223555,56.31,43,187,0.6216,267,0,1.3095,4.3488,
661,6617,495403620,9628223555,318.27,238,301,0.858,99,0,1.3373,1.2647,
662,6649,495403620,9628223555,0.0,0,0,,,1,,,
663,15,495817671,9630806627,0.0,0,0,,,1,,,
664,59,495817671,9630806627,0.0,0,0,,,1,,,
665,64,495817671,9630806627,6.47,13,10,1.0,25,0,0.4977,0.7692,浏览<点击
666,65,495817671,9630806627,0.0,0,0,,,1,,,
667,108,495817671,9630806627,2.28,2,3,0.5,6,0,1.14,1.5,
668,110,495817671,9630806627,2838.16,1511,3464,0.2866,448,0,1.8783,2.2925,
669,114,495817671,9630806627,5.49,6,6,1.0,64,0,0.915,1.0,
670,127,495817671,9630806627,0.0,0,0,,,1,,,
671,136,495817671,9630806627,20.16,35,42,0.7931,118,0,0.576,1.2,
672,155,495817671,9630806627,0.0,0,0,,,1,,,
673,216,495817671,9630806627,0.0,0,0,,,1,,,
674,221,495817671,9630806627,0.0,0,0,,,1,,,
675,231,495817671,9630806627,0.0,0,0,,,1,,,
676,235,495817671,9630806627,123.8,96,181,0.7952,196,0,1.2896,1.8854,
677,243,495817671,9630806627,12.22,11,60,0.3333,226,0,1.1109,5.4545,
678,292,495817671,9630806627,0.96,1,1,1.0,1,0,0.96,1.0,
679,299,495817671,9630806627,121.03,97,200,0.7143,231,0,1.2477,2.0619,
680,308,495817671,9630806627,83.0,85,147,0.7167,196,0,0.9765,1.7294,
681,314,495817671,9630806627,0.0,0,0,,,1,,,
682,316,495817671,9630806627,49.94,43,32,1.0,94,0,1.1614,0.7442,浏览<点击
683,348,495817671,9630806627,0.0,0,0,,,1,,,
684,353,495817671,9630806627,2953.6,2626,2546,0.8257,148,0,1.1248,0.9695,浏览<点击
685,370,495817671,9630806627,3.46,8,31,0.1429,236,0,0.4325,3.875,
686,381,495817671,9630806627,0.31,1,1,1.0,3,0,0.31,1.0,
687,391,495817671,9630806627,11.9,8,13,0.6667,245,0,1.4875,1.625,
688,393,495817671,9630806627,0.0,0,0,,,1,,,
689,417,495817671,9630806627,0.0,0,0,,,1,,,
690,441,495817671,9630806627,0.0,0,0,,,1,,,
691,444,495817671,9630806627,241.33,194,925,0.1414,551,0,1.244,4.768,
692,445,495817671,9630806627,8.59,8,9,0.8571,132,0,1.0738,1.125,
693,456,495817671,9630806627,26.44,31,39,0.7727,76,0,0.8529,1.2581,
694,505,495817671,9630806627,128.05,108,155,0.7722,100,0,1.1856,1.4352,
695,513,495817671,9630806627,0.0,0,0,,,1,,,
696,518,495817671,9630806627,1.57,3,11,0.5,156,0,0.5233,3.6667,
697,530,495817671,9630806627,74.08,84,140,0.8169,56,0,0.8819,1.6667,
698,533,495817671,9630806627,0.0,0,0,,,1,,,
699,546,495817671,9630806627,0.0,0,0,,,1,,,
700,560,495817671,9630806627,0.0,0,0,,,1,,,
701,561,495817671,9630806627,0.0,0,0,,,1,,,
702,567,495817671,9630806627,0.0,0,0,,,1,,,
703,584,495817671,9630806627,0.24,1,1,1.0,13,0,0.24,1.0,
704,617,495817671,9630806627,5.13,6,5,1.0,6,0,0.855,0.8333,浏览<点击
705,625,495817671,9630806627,0.0,0,0,,,1,,,
706,640,495817671,9630806627,0.0,0,0,,,1,,,
707,643,495817671,9630806627,0.0,0,0,,,1,,,
708,665,495817671,9630806627,0.0,0,0,,,1,,,
709,677,495817671,9630806627,1.39,1,1,1.0,120,0,1.39,1.0,
710,679,495817671,9630806627,200.65,252,174,0.925,85,0,0.7962,0.6905,浏览<点击
711,680,495817671,9630806627,0.0,0,0,,,1,,,
712,714,495817671,9630806627,5.76,12,7,1.0,39,0,0.48,0.5833,浏览<点击
713,735,495817671,9630806627,18.17,21,22,0.8333,87,0,0.8652,1.0476,
714,763,495817671,9630806627,0.0,0,0,,,1,,,
715,794,495817671,9630806627,0.0,0,0,,,1,,,
716,798,495817671,9630806627,0.89,2,2,1.0,98,0,0.445,1.0,
717,815,495817671,9630806627,2298.65,2510,2693,0.7592,154,0,0.9158,1.0729,
718,847,495817671,9630806627,19.53,16,39,0.5833,184,0,1.2206,2.4375,
719,848,495817671,9630806627,0.0,0,0,,,1,,,
720,858,495817671,9630806627,10.73,23,19,0.8824,85,0,0.4665,0.8261,浏览<点击
721,859,495817671,9630806627,0.0,0,0,,,1,,,
722,872,495817671,9630806627,0.0,0,0,,,1,,,
723,875,495817671,9630806627,47.51,29,95,0.72,311,0,1.6383,3.2759,
724,882,495817671,9630806627,0.0,0,0,,,1,,,
725,890,495817671,9630806627,56.98,132,47,0.9783,86,0,0.4317,0.3561,浏览<点击
726,965,495817671,9630806627,12.3,13,11,0.875,129,0,0.9462,0.8462,浏览<点击
727,966,495817671,9630806627,0.0,0,0,,,1,,,
728,976,495817671,9630806627,0.0,0,0,,,1,,,
729,1018,495817671,9630806627,0.15,1,0,0.0,0,0,0.15,0.0,浏览<点击
730,1040,495817671,9630806627,6.4,5,3,1.0,65,0,1.28,0.6,浏览<点击
731,1041,495817671,9630806627,2.11,4,4,1.0,90,0,0.5275,1.0,
732,1045,495817671,9630806627,0.0,0,0,,,1,,,
733,1056,495817671,9630806627,1.01,2,1,1.0,0,0,0.505,0.5,浏览<点击
734,1062,495817671,9630806627,0.0,0,0,,,1,,,
735,1089,495817671,9630806627,396.88,330,591,0.5259,419,0,1.2027,1.7909,
736,1090,495817671,9630806627,14.8,21,22,0.7778,84,0,0.7048,1.0476,
737,1092,495817671,9630806627,4.16,3,6,0.6667,251,0,1.3867,2.0,
738,1150,495817671,9630806627,33.45,50,47,0.9231,29,0,0.669,0.94,浏览<点击
739,1151,495817671,9630806627,0.0,0,0,,,1,,,
740,1152,495817671,9630806627,20.59,30,29,0.96,65,0,0.6863,0.9667,浏览<点击
741,1158,495817671,9630806627,0.0,0,0,,,1,,,
742,1164,495817671,9630806627,237.11,200,369,0.5455,335,0,1.1856,1.845,
743,1185,495817671,9630806627,3.09,4,6,0.75,24,0,0.7725,1.5,
744,1195,495817671,9630806627,0.0,0,0,,,1,,,
745,1207,495817671,9630806627,115.45,90,134,0.8289,91,0,1.2828,1.4889,
746,1225,495817671,9630806627,0.0,0,0,,,1,,,
747,1229,495817671,9630806627,0.0,0,0,,,1,,,
748,1241,495817671,9630806627,0.0,0,0,,,1,,,
749,1242,495817671,9630806627,10.75,12,11,0.7778,114,0,0.8958,0.9167,浏览<点击
750,1243,495817671,9630806627,13.53,13,7,1.0,72,0,1.0408,0.5385,浏览<点击
751,1265,495817671,9630806627,1.37,2,1,1.0,1,0,0.685,0.5,浏览<点击
752,1287,495817671,9630806627,3.95,6,6,1.0,73,0,0.6583,1.0,
753,1312,495817671,9630806627,0.0,0,0,,,1,,,
754,1314,495817671,9630806627,14.45,12,18,0.6364,53,0,1.2042,1.5,
755,1318,495817671,9630806627,0.0,0,0,,,1,,,
756,1364,495817671,9630806627,41.04,62,22,1.0,63,0,0.6619,0.3548,浏览<点击
757,1365,495817671,9630806627,3.6,5,8,0.75,82,0,0.72,1.6,
758,1368,495817671,9630806627,0.0,0,0,,,1,,,
759,1377,495817671,9630806627,1.03,1,1,1.0,120,0,1.03,1.0,
760,1390,495817671,9630806627,18.22,25,21,0.9375,68,0,0.7288,0.84,浏览<点击
761,1424,495817671,9630806627,2592.53,2414,145,0.8839,97,0,1.074,0.0601,浏览<点击
762,1425,495817671,9630806627,50.01,43,43,0.9091,156,0,1.163,1.0,
763,1437,495817671,9630806627,0.91,1,1,1.0,2,0,0.91,1.0,
764,1438,495817671,9630806627,1912.61,934,966,0.6199,276,0,2.0478,1.0343,
765,1446,495817671,9630806627,0.0,0,0,,,1,,,
766,1458,495817671,9630806627,0.0,0,0,,,1,,,
767,1486,495817671,9630806627,73.03,75,130,0.8333,101,0,0.9737,1.7333,
768,1524,495817671,9630806627,5.5,9,6,1.0,49,0,0.6111,0.6667,浏览<点击
769,1566,495817671,9630806627,0.93,1,4,0.0,104,0,0.93,4.0,
770,1575,495817671,9630806627,33.9,202,144,0.5,508,0,0.1678,0.7129,浏览<点击
771,1581,495817671,9630806627,17.82,27,20,0.8571,45,0,0.66,0.7407,浏览<点击
772,1590,495817671,9630806627,126.84,80,136,0.8281,137,0,1.5855,1.7,
773,1608,495817671,9630806627,0.89,1,1,1.0,120,0,0.89,1.0,
774,1619,495817671,9630806627,0.0,0,0,,,1,,,
775,1647,495817671,9630806627,0.0,0,0,,,1,,,
776,1649,495817671,9630806627,0.0,0,0,,,1,,,
777,1656,495817671,9630806627,0.51,2,2,1.0,62,0,0.255,1.0,
778,1666,495817671,9630806627,28.78,19,26,0.7,201,0,1.5147,1.3684,
779,1691,495817671,9630806627,1.24,1,1,1.0,120,0,1.24,1.0,
780,1702,495817671,9630806627,0.0,0,0,,,1,,,
781,1707,495817671,9630806627,50.61,45,3,1.0,80,0,1.1247,0.0667,浏览<点击
782,1723,495817671,9630806627,3.03,5,3,1.0,80,0,0.606,0.6,浏览<点击
783,1727,495817671,9630806627,0.0,0,0,,,1,,,
784,1738,495817671,9630806627,162.44,128,148,0.8454,85,0,1.2691,1.1562,
785,1754,495817671,9630806627,2.05,5,4,1.0,32,0,0.41,0.8,浏览<点击
786,1785,495817671,9630806627,44.38,65,68,0.902,142,0,0.6828,1.0462,
787,1786,495817671,9630806627,0.0,0,0,,,1,,,
788,1817,495817671,9630806627,115.52,116,109,0.9186,102,0,0.9959,0.9397,浏览<点击
789,1824,495817671,9630806627,4.04,5,5,1.0,106,0,0.808,1.0,
790,1825,495817671,9630806627,0.0,0,0,,,1,,,
791,1844,495817671,9630806627,8.64,13,68,0.6364,329,0,0.6646,5.2308,
792,1853,495817671,9630806627,4.59,8,6,1.0,230,0,0.5738,0.75,浏览<点击
793,1914,495817671,9630806627,14.49,9,17,0.8333,202,0,1.61,1.8889,
794,1917,495817671,9630806627,0.0,0,0,,,1,,,
795,1921,495817671,9630806627,0.0,0,0,,,1,,,
796,1924,495817671,9630806627,1649.24,645,683,0.7829,165,0,2.557,1.0589,
797,1976,495817671,9630806627,58.12,47,46,0.8378,139,0,1.2366,0.9787,浏览<点击
798,1981,495817671,9630806627,375.87,274,329,0.8894,126,0,1.3718,1.2007,
799,1983,495817671,9630806627,5.04,4,5,0.6667,21,0,1.26,1.25,
800,2019,495817671,9630806627,901.8,964,1186,0.7208,166,0,0.9355,1.2303,
801,2036,495817671,9630806627,0.0,0,0,,,1,,,
802,2093,495817671,9630806627,0.0,0,0,,,1,,,
803,2096,495817671,9630806627,5.78,12,18,0.6667,49,0,0.4817,1.5,
804,2097,495817671,9630806627,0.91,1,0,0.0,0,0,0.91,0.0,浏览<点击
805,2124,495817671,9630806627,5.91,6,7,0.8333,29,0,0.985,1.1667,
806,2125,495817671,9630806627,0.15,1,0,0.0,0,0,0.15,0.0,浏览<点击
807,2128,495817671,9630806627,32.54,38,55,0.8571,125,0,0.8563,1.4474,
808,2129,495817671,9630806627,1.95,1,1,1.0,1,0,1.95,1.0,
809,2139,495817671,9630806627,0.0,0,0,,,1,,,
810,2152,495817671,9630806627,18.12,21,38,0.6667,69,0,0.8629,1.8095,
811,2176,495817671,9630806627,0.0,0,0,,,1,,,
812,2195,495817671,9630806627,0.65,1,1,1.0,120,0,0.65,1.0,
813,2203,495817671,9630806627,0.78,1,1,1.0,289,0,0.78,1.0,
814,2267,495817671,9630806627,0.0,0,0,,,1,,,
815,2280,495817671,9630806627,13.66,10,8,0.8571,58,0,1.366,0.8,浏览<点击
816,2320,495817671,9630806627,55.43,61,44,0.9211,101,0,0.9087,0.7213,浏览<点击
817,2322,495817671,9630806627,0.0,0,0,,,1,,,
818,2328,495817671,9630806627,0.0,0,0,,,1,,,
819,2354,495817671,9630806627,2.39,2,4,0.0,126,0,1.195,2.0,
820,2367,495817671,9630806627,3.84,5,4,1.0,64,0,0.768,0.8,浏览<点击
821,2370,495817671,9630806627,0.0,0,0,,,1,,,
822,2381,495817671,9630806627,0.0,0,0,,,1,,,
823,2383,495817671,9630806627,19.2,39,30,0.9655,45,0,0.4923,0.7692,浏览<点击
824,2390,495817671,9630806627,22.25,16,7,0.8333,84,0,1.3906,0.4375,浏览<点击
825,2425,495817671,9630806627,0.0,0,0,,,1,,,
826,2432,495817671,9630806627,2.71,3,3,1.0,8,0,0.9033,1.0,
827,2438,495817671,9630806627,663.8,552,565,0.7393,236,0,1.2025,1.0236,
828,2447,495817671,9630806627,0.0,0,0,,,1,,,
829,2479,495817671,9630806627,0.8,1,1,1.0,120,0,0.8,1.0,
830,2501,495817671,9630806627,15.12,17,17,0.7778,390,0,0.8894,1.0,
831,2516,495817671,9630806627,1.29,6,4,1.0,70,0,0.215,0.6667,浏览<点击
832,2524,495817671,9630806627,20.21,13,13,0.8,45,0,1.5546,1.0,
833,2527,495817671,9630806627,2.29,5,0,0.0,0,0,0.458,0.0,浏览<点击
834,2533,495817671,9630806627,19372.48,19493,16351,0.6791,148,0,0.9938,0.8388,浏览<点击
835,2541,495817671,9630806627,1719.88,695,3422,0.4544,346,0,2.4746,4.9237,
836,2586,495817671,9630806627,1676.01,523,808,0.7976,129,0,3.2046,1.5449,
837,2587,495817671,9630806627,0.0,0,0,,,1,,,
838,2629,495817671,9630806627,4.43,5,3,1.0,82,0,0.886,0.6,浏览<点击
839,2633,495817671,9630806627,0.0,0,0,,,1,,,
840,2699,495817671,9630806627,1.08,1,1,1.0,129,0,1.08,1.0,
841,2703,495817671,9630806627,0.0,0,0,,,1,,,
842,2727,495817671,9630806627,11.66,15,15,1.0,45,0,0.7773,1.0,
843,2738,495817671,9630806627,0.0,0,0,,,1,,,
844,2745,495817671,9630806627,2.05,3,3,1.0,1,0,0.6833,1.0,
845,2793,495817671,9630806627,17.12,21,19,0.875,102,0,0.8152,0.9048,浏览<点击
846,2814,495817671,9630806627,2.07,2,2,1.0,62,0,1.035,1.0,
847,2821,495817671,9630806627,1327.25,927,1812,0.7814,140,0,1.4318,1.9547,
848,2825,495817671,9630806627,10.3,8,14,0.75,298,0,1.2875,1.75,
849,2855,495817671,9630806627,42.31,55,60,0.8444,60,0,0.7693,1.0909,
850,2869,495817671,9630806627,57.95,52,127,0.8409,118,0,1.1144,2.4423,
851,2874,495817671,9630806627,6.68,7,5,1.0,263,0,0.9543,0.7143,浏览<点击
852,2891,495817671,9630806627,4.31,6,5,0.6667,115,0,0.7183,0.8333,浏览<点击
853,2892,495817671,9630806627,0.0,0,0,,,1,,,
854,2896,495817671,9630806627,6.25,9,8,1.0,26,0,0.6944,0.8889,浏览<点击
855,2898,495817671,9630806627,0.0,0,0,,,1,,,
856,2899,495817671,9630806627,1569.85,1892,1578,0.822,176,0,0.8297,0.834,浏览<点击
857,2921,495817671,9630806627,0.0,0,0,,,1,,,
858,2933,495817671,9630806627,2839.7,2473,3691,0.6966,195,0,1.1483,1.4925,
859,2966,495817671,9630806627,1.5,1,0,0.0,0,0,1.5,0.0,浏览<点击
860,2987,495817671,9630806627,442.84,485,133,0.9145,111,0,0.9131,0.2742,浏览<点击
861,2995,495817671,9630806627,0.0,0,0,,,1,,,
862,2996,495817671,9630806627,0.0,0,0,,,1,,,
863,2997,495817671,9630806627,0.71,1,3,0.0,37,0,0.71,3.0,
864,3008,495817671,9630806627,0.0,0,0,,,1,,,
865,3016,495817671,9630806627,22.59,16,51,0.6875,191,0,1.4119,3.1875,
866,3040,495817671,9630806627,1.98,4,4,1.0,65,0,0.495,1.0,
867,3082,495817671,9630806627,5.14,3,16,0.0,403,0,1.7133,5.3333,
868,3101,495817671,9630806627,0.0,0,0,,,1,,,
869,3104,495817671,9630806627,18.62,25,23,1.0,25,0,0.7448,0.92,浏览<点击
870,3112,495817671,9630806627,8.5,10,10,1.0,49,0,0.85,1.0,
871,3127,495817671,9630806627,5.8,7,10,0.8,351,0,0.8286,1.4286,
872,3132,495817671,9630806627,36.2,53,318,0.7111,443,0,0.683,6.0,
873,3135,495817671,9630806627,240.28,168,310,0.8429,186,0,1.4302,1.8452,
874,3149,495817671,9630806627,1.86,2,2,1.0,120,0,0.93,1.0,
875,3157,495817671,9630806627,88.98,92,89,0.8857,74,0,0.9672,0.9674,浏览<点击
876,3170,495817671,9630806627,0.0,0,0,,,1,,,
877,3195,495817671,9630806627,0.0,0,0,,,1,,,
878,3215,495817671,9630806627,203.86,101,1085,0.1604,679,0,2.0184,10.7426,
879,3217,495817671,9630806627,0.0,0,0,,,1,,,
880,3275,495817671,9630806627,0.0,0,0,,,1,,,
881,3303,495817671,9630806627,3.47,3,3,1.0,95,0,1.1567,1.0,
882,3305,495817671,9630806627,0.0,0,0,,,1,,,
883,3321,495817671,9630806627,0.0,0,0,,,1,,,
884,3323,495817671,9630806627,0.0,0,0,,,1,,,
885,3327,495817671,9630806627,84.29,58,107,0.7917,151,0,1.4533,1.8448,
886,3374,495817671,9630806627,0.0,0,0,,,1,,,
887,3382,495817671,9630806627,14.26,18,31,0.6429,90,0,0.7922,1.7222,
888,3393,495817671,9630806627,0.0,0,0,,,1,,,
889,3412,495817671,9630806627,77.97,59,72,0.7556,80,0,1.3215,1.2203,
890,3416,495817671,9630806627,10.74,8,9,0.875,92,0,1.3425,1.125,
891,3417,495817671,9630806627,15.19,16,49,0.8,478,0,0.9494,3.0625,
892,3420,495817671,9630806627,1.26,1,1,1.0,7,0,1.26,1.0,
893,3437,495817671,9630806627,1.98,2,1,1.0,17,0,0.99,0.5,浏览<点击
894,3443,495817671,9630806627,7.46,22,21,1.0,105,0,0.3391,0.9545,浏览<点击
895,3497,495817671,9630806627,0.0,0,0,,,1,,,
896,3505,495817671,9630806627,0.5,1,1,1.0,120,0,0.5,1.0,
897,3520,495817671,9630806627,0.0,0,0,,,1,,,
898,3526,495817671,9630806627,29.64,25,39,0.7895,121,0,1.1856,1.56,
899,3533,495817671,9630806627,0.0,0,0,,,1,,,
900,3536,495817671,9630806627,0.0,0,0,,,1,,,
901,3539,495817671,9630806627,0.89,2,120,0.5,5099,0,0.445,60.0,
902,3549,495817671,9630806627,14.61,13,9,1.0,52,0,1.1238,0.6923,浏览<点击
903,3566,495817671,9630806627,0.0,0,0,,,1,,,
904,3567,495817671,9630806627,33494.72,17166,33833,0.6059,185,0,1.9512,1.9709,
905,3575,495817671,9630806627,1246.44,197,682,0.6395,291,0,6.3271,3.4619,
906,3579,495817671,9630806627,0.0,0,0,,,1,,,
907,3587,495817671,9630806627,1331.48,832,1556,0.586,145,0,1.6003,1.8702,
908,3600,495817671,9630806627,0.0,0,0,,,1,,,
909,3603,495817671,9630806627,0.0,0,0,,,1,,,
910,3652,495817671,9630806627,0.0,0,0,,,1,,,
911,3659,495817671,9630806627,0.0,0,0,,,1,,,
912,3678,495817671,9630806627,3.98,11,11,0.75,127,0,0.3618,1.0,
913,3701,495817671,9630806627,0.0,0,0,,,1,,,
914,3714,495817671,9630806627,1.0,1,1,1.0,27,0,1.0,1.0,
915,3731,495817671,9630806627,0.0,0,0,,,1,,,
916,3774,495817671,9630806627,2.56,9,9,0.875,68,0,0.2844,1.0,
917,3784,495817671,9630806627,6.91,15,11,1.0,58,0,0.4607,0.7333,浏览<点击
918,3794,495817671,9630806627,0.0,0,0,,,1,,,
919,3809,495817671,9630806627,17.29,21,27,0.75,107,0,0.8233,1.2857,
920,3816,495817671,9630806627,0.0,0,0,,,1,,,
921,3830,495817671,9630806627,53.31,116,129,0.7935,134,0,0.4596,1.1121,
922,3842,495817671,9630806627,1.8,2,2,0.0,38,0,0.9,1.0,
923,3873,495817671,9630806627,1.53,1,4,0.0,118,0,1.53,4.0,
924,3875,495817671,9630806627,0.0,0,0,,,1,,,
925,3877,495817671,9630806627,1.5,1,1,1.0,2,0,1.5,1.0,
926,3882,495817671,9630806627,2.83,3,3,1.0,25,0,0.9433,1.0,
927,3905,495817671,9630806627,115.64,57,204,0.5333,419,0,2.0288,3.5789,
928,3913,495817671,9630806627,0.45,3,1,1.0,120,0,0.15,0.3333,浏览<点击
929,3936,495817671,9630806627,0.0,0,0,,,1,,,
930,3964,495817671,9630806627,15.17,14,36,0.6,197,0,1.0836,2.5714,
931,3973,495817671,9630806627,7.09,8,7,1.0,50,0,0.8862,0.875,浏览<点击
932,3989,495817671,9630806627,8240.76,1204,10226,0.1738,567,0,6.8445,8.4934,
933,4001,495817671,9630806627,1.61,2,2,1.0,120,0,0.805,1.0,
934,4002,495817671,9630806627,194.96,150,388,0.68,321,0,1.2997,2.5867,
935,4006,495817671,9630806627,0.0,0,0,,,1,,,
936,4016,495817671,9630806627,5.08,4,21,0.75,565,0,1.27,5.25,
937,4025,495817671,9630806627,0.0,0,0,,,1,,,
938,4054,495817671,9630806627,1793.1,669,1298,0.7342,146,0,2.6803,1.9402,
939,4056,495817671,9630806627,5.66,7,4,1.0,11,0,0.8086,0.5714,浏览<点击
940,4076,495817671,9630806627,0.0,0,0,,,1,,,
941,4110,495817671,9630806627,1.55,5,4,1.0,62,0,0.31,0.8,浏览<点击
942,4128,495817671,9630806627,0.0,0,0,,,1,,,
943,4158,495817671,9630806627,11.34,13,17,0.6667,301,0,0.8723,1.3077,
944,4173,495817671,9630806627,27.6,28,50,0.88,170,0,0.9857,1.7857,
945,4177,495817671,9630806627,1.93,2,1,1.0,24,0,0.965,0.5,浏览<点击
946,4189,495817671,9630806627,0.0,0,0,,,1,,,
947,4190,495817671,9630806627,21.98,25,49,0.4762,87,0,0.8792,1.96,
948,4244,495817671,9630806627,14.34,17,46,0.9375,181,0,0.8435,2.7059,
949,4256,495817671,9630806627,187.93,58,100,0.8125,194,0,3.2402,1.7241,
950,4258,495817671,9630806627,0.0,0,0,,,1,,,
951,4280,495817671,9630806627,19.71,26,27,0.913,58,0,0.7581,1.0385,
952,4286,495817671,9630806627,1.71,1,11,0.0,230,0,1.71,11.0,
953,4326,495817671,9630806627,0.0,0,0,,,1,,,
954,4331,495817671,9630806627,10.97,13,23,0.9167,162,0,0.8438,1.7692,
955,4350,495817671,9630806627,0.0,0,0,,,1,,,
956,4355,495817671,9630806627,19.69,16,32,0.8182,263,0,1.2306,2.0,
957,4364,495817671,9630806627,0.0,0,0,,,1,,,
958,4419,495817671,9630806627,0.0,0,0,,,1,,,
959,4447,495817671,9630806627,0.0,0,0,,,1,,,
960,4467,495817671,9630806627,9.91,17,14,0.9231,32,0,0.5829,0.8235,浏览<点击
961,4480,495817671,9630806627,0.0,0,0,,,1,,,
962,4522,495817671,9630806627,0.0,0,0,,,1,,,
963,4538,495817671,9630806627,5.54,4,2,1.0,4,0,1.385,0.5,浏览<点击
964,4539,495817671,9630806627,25.13,28,25,0.9048,56,0,0.8975,0.8929,浏览<点击
965,4541,495817671,9630806627,0.0,0,0,,,1,,,
966,4546,495817671,9630806627,33.96,44,38,0.9259,82,0,0.7718,0.8636,浏览<点击
967,4563,495817671,9630806627,1429.75,374,522,0.854,130,0,3.8229,1.3957,
968,4579,495817671,9630806627,193.14,89,82,0.9048,94,0,2.1701,0.9213,浏览<点击
969,4593,495817671,9630806627,5.08,6,11,0.4,63,0,0.8467,1.8333,
970,4606,495817671,9630806627,1.3,1,0,0.0,0,0,1.3,0.0,浏览<点击
971,4613,495817671,9630806627,0.0,0,0,,,1,,,
972,4625,495817671,9630806627,0.0,0,0,,,1,,,
973,4652,495817671,9630806627,194.44,90,101,0.8378,73,0,2.1604,1.1222,
974,4688,495817671,9630806627,2.48,5,9,0.6667,638,0,0.496,1.8,
975,4718,495817671,9630806627,1.41,1,0,0.0,0,0,1.41,0.0,浏览<点击
976,4721,495817671,9630806627,18.53,32,59,0.72,191,0,0.5791,1.8438,
977,4735,495817671,9630806627,8.0,12,12,0.9,54,0,0.6667,1.0,
978,4751,495817671,9630806627,453.98,133,230,0.7905,180,0,3.4134,1.7293,
979,4760,495817671,9630806627,2556.38,436,1281,0.7647,242,0,5.8633,2.9381,
980,4762,495817671,9630806627,3.14,7,5,1.0,293,0,0.4486,0.7143,浏览<点击
981,4763,495817671,9630806627,0.0,0,0,,,1,,,
982,4776,495817671,9630806627,17.93,25,29,0.9,44,0,0.7172,1.16,
983,4782,495817671,9630806627,42.62,45,50,0.8857,76,0,0.9471,1.1111,
984,4804,495817671,9630806627,24.55,27,65,0.619,96,0,0.9093,2.4074,
985,4807,495817671,9630806627,0.31,1,6,0.0,117,0,0.31,6.0,
986,4828,495817671,9630806627,159.62,47,88,0.7857,201,0,3.3962,1.8723,
987,4830,495817671,9630806627,0.0,0,0,,,1,,,
988,4832,495817671,9630806627,171.45,73,180,0.7231,162,0,2.3486,2.4658,
989,4843,495817671,9630806627,12.41,21,22,0.9444,46,0,0.591,1.0476,
990,4854,495817671,9630806627,7.17,12,10,1.0,58,0,0.5975,0.8333,浏览<点击
991,4870,495817671,9630806627,0.0,0,0,,,1,,,
992,4887,495817671,9630806627,167.05,190,239,0.8592,128,0,0.8792,1.2579,
993,4923,495817671,9630806627,2.4,3,14,0.3333,244,0,0.8,4.6667,
994,4927,495817671,9630806627,150.07,36,45,0.72,193,0,4.1686,1.25,
995,4931,495817671,9630806627,1.62,3,2,1.0,62,0,0.54,0.6667,浏览<点击
996,4949,495817671,9630806627,0.0,0,0,,,1,,,
997,4995,495817671,9630806627,182.38,142,50,0.8537,105,0,1.2844,0.3521,浏览<点击
998,5009,495817671,9630806627,2.96,5,8,0.75,60,0,0.592,1.6,
999,5027,495817671,9630806627,0.1,1,1,1.0,120,0,0.1,1.0,
1000,5038,495817671,9630806627,0.0,0,0,,,1,,,
1001,5048,495817671,9630806627,2.15,3,1,1.0,3,0,0.7167,0.3333,浏览<点击
1002,5050,495817671,9630806627,13.37,21,16,1.0,35,0,0.6367,0.7619,浏览<点击
1003,5061,495817671,9630806627,1.26,1,1,1.0,120,0,1.26,1.0,
1004,5071,495817671,9630806627,0.0,0,0,,,1,,,
1005,5082,495817671,9630806627,0.74,1,0,0.0,0,0,0.74,0.0,浏览<点击
1006,5122,495817671,9630806627,0.0,0,0,,,1,,,
1007,5126,495817671,9630806627,0.0,0,0,,,1,,,
1008,5194,495817671,9630806627,1244.51,197,219,0.9338,118,0,6.3173,1.1117,
1009,5199,495817671,9630806627,2.75,2,3,0.5,4,0,1.375,1.5,
1010,5210,495817671,9630806627,12400.94,6640,12836,0.408,379,0,1.8676,1.9331,
1011,5259,495817671,9630806627,0.0,0,0,,,1,,,
1012,5272,495817671,9630806627,0.0,0,0,,,1,,,
1013,5273,495817671,9630806627,0.36,1,1,1.0,1,0,0.36,1.0,
1014,5274,495817671,9630806627,0.0,0,0,,,1,,,
1015,5280,495817671,9630806627,0.0,0,0,,,1,,,
1016,5282,495817671,9630806627,0.0,0,0,,,1,,,
1017,5284,495817671,9630806627,0.91,1,1,1.0,4,0,0.91,1.0,
1018,5288,495817671,9630806627,41.91,24,24,0.9375,61,0,1.7462,1.0,
1019,5304,495817671,9630806627,299.99,77,371,0.5352,293,0,3.896,4.8182,
1020,5308,495817671,9630806627,0.0,0,0,,,1,,,
1021,5345,495817671,9630806627,140.22,49,122,0.7429,246,0,2.8616,2.4898,
1022,5406,495817671,9630806627,0.0,0,0,,,1,,,
1023,5428,495817671,9630806627,3.11,4,3,1.0,7,0,0.7775,0.75,浏览<点击
1024,5431,495817671,9630806627,0.0,0,0,,,1,,,
1025,5486,495817671,9630806627,1121.76,52,93,0.7955,234,0,21.5723,1.7885,CPC极高
1026,5493,495817671,9630806627,6217.86,3852,3190,0.8329,153,0,1.6142,0.8281,浏览<点击
1027,5501,495817671,9630806627,0.59,1,1,1.0,2,0,0.59,1.0,
1028,5527,495817671,9630806627,13.68,35,47,0.9643,90,0,0.3909,1.3429,
1029,5550,495817671,9630806627,0.0,0,0,,,1,,,
1030,5588,495817671,9630806627,0.0,0,0,,,1,,,
1031,5602,495817671,9630806627,1.5,1,1,1.0,524,0,1.5,1.0,
1032,5621,495817671,9630806627,200.67,223,215,0.9398,63,0,0.8999,0.9641,浏览<点击
1033,5626,495817671,9630806627,1662.23,1045,802,0.868,137,0,1.5907,0.7675,浏览<点击
1034,5630,495817671,9630806627,5131.63,5913,4780,0.9174,91,0,0.8679,0.8084,浏览<点击
1035,5653,495817671,9630806627,13.05,16,26,0.9286,72,0,0.8156,1.625,
1036,5655,495817671,9630806627,3.04,5,4,1.0,63,0,0.608,0.8,浏览<点击
1037,5661,495817671,9630806627,0.0,0,0,,,1,,,
1038,5672,495817671,9630806627,0.0,0,0,,,1,,,
1039,5679,495817671,9630806627,28.92,27,42,0.8261,109,0,1.0711,1.5556,
1040,5696,495817671,9630806627,0.0,0,0,,,1,,,
1041,5702,495817671,9630806627,924.69,93,107,0.8919,96,0,9.9429,1.1505,CPC极高
1042,5713,495817671,9630806627,42.48,38,52,0.875,60,0,1.1179,1.3684,
1043,5721,495817671,9630806627,0.0,0,0,,,1,,,
1044,5723,495817671,9630806627,16.57,18,13,1.0,93,0,0.9206,0.7222,浏览<点击
1045,5734,495817671,9630806627,4.55,4,7,0.75,93,0,1.1375,1.75,
1046,5742,495817671,9630806627,1.27,1,1,1.0,4,0,1.27,1.0,
1047,5767,495817671,9630806627,18.66,14,12,0.9091,48,0,1.3329,0.8571,浏览<点击
1048,5783,495817671,9630806627,170.77,117,128,0.8571,129,0,1.4596,1.094,
1049,5787,495817671,9630806627,0.0,0,0,,,1,,,
1050,5795,495817671,9630806627,1.29,1,1,1.0,1,0,1.29,1.0,
1051,5813,495817671,9630806627,2.31,3,3,1.0,43,0,0.77,1.0,
1052,5831,495817671,9630806627,0.0,0,0,,,1,,,
1053,5832,495817671,9630806627,5.52,8,6,1.0,25,0,0.69,0.75,浏览<点击
1054,5833,495817671,9630806627,0.0,0,0,,,1,,,
1055,5834,495817671,9630806627,1229.83,157,191,0.8879,160,0,7.8333,1.2166,
1056,5862,495817671,9630806627,0.0,0,0,,,1,,,
1057,5870,495817671,9630806627,7.27,11,10,1.0,28,0,0.6609,0.9091,浏览<点击
1058,5895,495817671,9630806627,40.9,33,22,0.95,46,0,1.2394,0.6667,浏览<点击
1059,5917,495817671,9630806627,0.0,0,0,,,1,,,
1060,5944,495817671,9630806627,0.0,0,0,,,1,,,
1061,5964,495817671,9630806627,0.0,0,0,,,1,,,
1062,5980,495817671,9630806627,9.57,8,6,1.0,43,0,1.1962,0.75,浏览<点击
1063,6004,495817671,9630806627,42.67,39,74,0.8065,126,0,1.0941,1.8974,
1064,6069,495817671,9630806627,0.0,0,0,,,1,,,
1065,6076,495817671,9630806627,0.0,0,0,,,1,,,
1066,6091,495817671,9630806627,6.28,7,45,0.5,466,0,0.8971,6.4286,
1067,6095,495817671,9630806627,0.0,0,0,,,1,,,
1068,6119,495817671,9630806627,1007.59,169,182,0.8915,86,0,5.9621,1.0769,
1069,6133,495817671,9630806627,76.35,40,98,0.575,173,0,1.9088,2.45,
1070,6148,495817671,9630806627,12.03,14,19,0.8462,51,0,0.8593,1.3571,
1071,6154,495817671,9630806627,4.51,6,5,1.0,34,0,0.7517,0.8333,浏览<点击
1072,6157,495817671,9630806627,6.75,7,17,0.6,366,0,0.9643,2.4286,
1073,6159,495817671,9630806627,2951.62,1910,1493,0.8262,168,0,1.5454,0.7817,浏览<点击
1074,6203,495817671,9630806627,0.0,0,0,,,1,,,
1075,6209,495817671,9630806627,7.2,4,3,1.0,2,0,1.8,0.75,浏览<点击
1076,6210,495817671,9630806627,0.0,0,0,,,1,,,
1077,6250,495817671,9630806627,3.0,3,3,1.0,80,0,1.0,1.0,
1078,6256,495817671,9630806627,127.35,41,59,0.8235,125,0,3.1061,1.439,
1079,6259,495817671,9630806627,0.0,0,0,,,1,,,
1080,6261,495817671,9630806627,136.68,48,89,0.619,635,0,2.8475,1.8542,
1081,6270,495817671,9630806627,0.9,2,1,1.0,5,0,0.45,0.5,浏览<点击
1082,6280,495817671,9630806627,3.71,4,4,1.0,24,0,0.9275,1.0,
1083,6315,495817671,9630806627,20.1,21,16,1.0,100,0,0.9571,0.7619,浏览<点击
1084,6360,495817671,9630806627,31984.96,19838,39158,0.6224,273,0,1.6123,1.9739,
1085,6378,495817671,9630806627,1.85,3,2,1.0,5,0,0.6167,0.6667,浏览<点击
1086,6390,495817671,9630806627,0.0,0,0,,,1,,,
1087,6435,495817671,9630806627,0.0,0,0,,,1,,,
1088,6436,495817671,9630806627,0.0,0,0,,,1,,,
1089,6463,495817671,9630806627,127.09,21,177,0.4091,401,0,6.0519,8.4286,
1090,6474,495817671,9630806627,23.07,18,34,0.625,273,0,1.2817,1.8889,
1091,6486,495817671,9630806627,186.06,55,295,0.463,267,0,3.3829,5.3636,
1092,6489,495817671,9630806627,1542.48,551,581,0.8906,109,0,2.7994,1.0544,
1093,6500,495817671,9630806627,0.0,0,0,,,1,,,
1094,6504,495817671,9630806627,269.55,136,212,0.814,184,0,1.982,1.5588,
1095,6505,495817671,9630806627,0.0,0,0,,,1,,,
1096,6510,495817671,9630806627,45.13,28,155,0.3333,517,0,1.6118,5.5357,
1097,6514,495817671,9630806627,0.0,0,0,,,1,,,
1098,6538,495817671,9630806627,1.11,1,1,1.0,9,0,1.11,1.0,
1099,6548,495817671,9630806627,0.0,0,0,,,1,,,
1100,6549,495817671,9630806627,0.0,0,0,,,1,,,
1101,6578,495817671,9630806627,9.86,32,3,1.0,18,0,0.3081,0.0938,浏览<点击
1102,6596,495817671,9630806627,1.48,3,1,1.0,1,0,0.4933,0.3333,浏览<点击
1103,6607,495817671,9630806627,0.0,0,0,,,1,,,
1104,6617,495817671,9630806627,17.81,11,19,0.7,324,0,1.6191,1.7273,
1105,434,500635396,9657930100,18.54,7,12,0.7143,50,0,2.6486,1.7143,
1106,509,500635396,9657930100,2532.96,350,889,0.5478,192,0,7.237,2.54,
1107,797,500635396,9657930100,8332.06,3712,9168,0.6722,213,0,2.2446,2.4698,
1108,844,500635396,9657930100,38287.88,15931,48781,0.5177,229,0,2.4034,3.062,
1109,861,500635396,9657930100,4227.49,768,2244,0.5787,239,0,5.5045,2.9219,
1110,919,500635396,9657930100,0.0,0,0,,,1,,,
1111,998,500635396,9657930100,2.91,1,3,0.0,189,0,2.91,3.0,
1112,1380,500635396,9657930100,0.0,0,0,,,1,,,
1113,1934,500635396,9657930100,4656.78,2449,5135,0.6731,189,0,1.9015,2.0968,
1114,1998,500635396,9657930100,418.66,97,484,0.494,369,0,4.3161,4.9897,
1115,2253,500635396,9657930100,70.6,27,62,0.6364,295,0,2.6148,2.2963,
1116,2531,500635396,9657930100,0.0,0,0,,,1,,,
1117,2533,500635396,9657930100,172871.87,59522,156572,0.5621,222,0,2.9043,2.6305,
1118,2818,500635396,9657930100,13968.87,6980,12860,0.6439,136,0,2.0013,1.8424,
1119,2832,500635396,9657930100,164553.1,74970,173306,0.5672,212,0,2.1949,2.3117,
1120,2874,500635396,9657930100,103832.28,39270,110134,0.5535,234,0,2.6441,2.8045,
1121,2992,500635396,9657930100,10.54,3,38,0.0,686,0,3.5133,12.6667,
1122,3324,500635396,9657930100,0.0,0,0,,,1,,,
1123,3366,500635396,9657930100,513.5,239,700,0.5176,236,0,2.1485,2.9289,
1124,3408,500635396,9657930100,12956.21,6733,12890,0.5714,229,0,1.9243,1.9145,
1125,3567,500635396,9657930100,38819.52,16735,32505,0.6115,175,0,2.3197,1.9423,
1126,3587,500635396,9657930100,7.03,6,11,0.3333,77,0,1.1717,1.8333,
1127,3935,500635396,9657930100,0.0,0,0,,,1,,,
1128,4127,500635396,9657930100,20.95,13,14,0.8333,46,0,1.6115,1.0769,
1129,4196,500635396,9657930100,657.56,352,563,0.659,152,0,1.8681,1.5994,
1130,4482,500635396,9657930100,1556.31,396,1005,0.6404,197,0,3.9301,2.5379,
1131,4491,500635396,9657930100,0.0,0,0,,,1,,,
1132,4536,500635396,9657930100,48121.97,23315,52173,0.575,196,0,2.064,2.2377,
1133,4721,500635396,9657930100,72765.96,23486,55320,0.57,222,0,3.0983,2.3554,
1134,4766,500635396,9657930100,83.21,22,40,0.625,101,0,3.7823,1.8182,
1135,5166,500635396,9657930100,3.88,1,1,1.0,120,0,3.88,1.0,
1136,5331,500635396,9657930100,4160.45,2130,3953,0.7037,152,0,1.9533,1.8559,
1137,5337,500635396,9657930100,727.12,260,711,0.5821,193,0,2.7966,2.7346,
1138,5553,500635396,9657930100,71798.68,51724,100920,0.5765,187,0,1.3881,1.9511,
1139,5573,500635396,9657930100,10656.71,10553,10503,0.5927,209,0,1.0098,0.9953,浏览<点击
1140,5867,500635396,9657930100,24613.57,15146,13988,0.5599,213,0,1.6251,0.9235,浏览<点击
1141,5874,500635396,9657930100,18.64,22,61,0.6,100,0,0.8473,2.7727,
1142,6001,500635396,9657930100,182.78,71,244,0.5385,327,0,2.5744,3.4366,
1143,6023,500635396,9657930100,344.18,149,280,0.6667,207,0,2.3099,1.8792,
1144,6133,500635396,9657930100,2.08,2,2,1.0,120,0,1.04,1.0,
1145,6180,500635396,9657930100,1896.27,400,1364,0.4804,337,0,4.7407,3.41,
1146,6271,500635396,9657930100,17.47,11,9,1.0,53,0,1.5882,0.8182,浏览<点击
1147,6434,500635396,9657930100,89.74,49,76,0.7619,68,0,1.8314,1.551,
1148,6452,500635396,9657930100,5.59,5,4,1.0,33,0,1.118,0.8,浏览<点击
1149,6660,500635396,9657930100,4349.38,2727,5333,0.7072,181,0,1.5949,1.9556,
1150,373,500635396,9700005700,0.0,0,0,,,1,,,
1151,389,500635396,9700005700,6387.87,4897,24764,0.7273,68,0,1.3044,5.057,
1152,416,500635396,9700005700,2417.24,1207,507,0.6579,186,0,2.0027,0.42,浏览<点击
1153,459,500635396,9700005700,0.0,0,0,,,1,,,
1154,1191,500635396,9700005700,0.0,0,0,,,1,,,
1155,1800,500635396,9700005700,0.0,0,0,,,1,,,
1156,1900,500635396,9700005700,0.8,1,1,1.0,13,0,0.8,1.0,
1157,3020,500635396,9700005700,0.0,0,0,,,1,,,
1158,3371,500635396,9700005700,4326.98,2145,3643,0.6543,61,0,2.0172,1.6984,
1159,3785,500635396,9700005700,11.91,7,5,1.0,9,0,1.7014,0.7143,浏览<点击
1160,3897,500635396,9700005700,12164.19,1125,364,0.7423,257,0,10.8126,0.3236,CPC极高浏览<点击
1161,4956,500635396,9700005700,0.65,1,0,0.0,0,0,0.65,0.0,浏览<点击
1162,5120,500635396,9700005700,0.0,0,0,,,1,,,
1163,5248,500635396,9700005700,1.81,1,1,1.0,120,0,1.81,1.0,
1164,5453,500635396,9700005700,1623.0,2785,3265,0.6667,39,0,0.5828,1.1724,
1165,5963,500635396,9700005700,2.98,2,2,1.0,4,0,1.49,1.0,
1166,6656,500635396,9700005700,2.09,2,2,1.0,2,0,1.045,1.0,
1167,232,500635396,9773660250,2235.16,1712,3698,0.6848,189,0,1.3056,2.16,
1168,4514,500635396,9773660250,5.52,2,6,0.0,438,0,2.76,3.0,
1169,6586,500635396,9773660250,4114.5,2439,5984,0.6409,211,0,1.687,2.4535,
1170,3457,500635396,9773660250,13.65,5,11,0.25,187,0,2.73,2.2,
1171,4229,500635396,9773660250,65.11,48,251,0.4082,254,0,1.3565,5.2292,
1172,5384,500635396,9773660250,0.0,0,0,,,1,,,
1173,2,525368335,9811363528,0.0,0,0,,,1,,,
1174,4,525368335,9811363528,0.0,0,0,,,1,,,
1175,8,525368335,9811363528,0.0,0,0,,,1,,,
1176,17,525368335,9811363528,0.0,0,0,,,1,,,
1177,24,525368335,9811363528,0.0,0,0,,,1,,,
1178,32,525368335,9811363528,0.8,1,1,1.0,3,0,0.8,1.0,
1179,33,525368335,9811363528,183.41,75,149,0.7288,108,0,2.4455,1.9867,
1180,41,525368335,9811363528,0.0,0,0,,,1,,,
1181,47,525368335,9811363528,0.38,1,55,0.0,724,0,0.38,55.0,
1182,48,525368335,9811363528,58.58,11,7,1.0,43,0,5.3255,0.6364,浏览<点击
1183,54,525368335,9811363528,0.0,0,0,,,1,,,
1184,55,525368335,9811363528,0.0,0,0,,,1,,,
1185,57,525368335,9811363528,0.0,0,0,,,1,,,
1186,61,525368335,9811363528,6.13,8,11,0.75,13,0,0.7662,1.375,
1187,62,525368335,9811363528,0.0,0,0,,,1,,,
1188,74,525368335,9811363528,0.73,1,0,0.0,0,0,0.73,0.0,浏览<点击
1189,83,525368335,9811363528,0.0,0,0,,,1,,,
1190,90,525368335,9811363528,0.0,0,0,,,1,,,
1191,91,525368335,9811363528,36.38,6,2,1.0,120,0,6.0633,0.3333,浏览<点击
1192,98,525368335,9811363528,0.0,0,0,,,1,,,
1193,99,525368335,9811363528,0.0,0,0,,,1,,,
1194,100,525368335,9811363528,0.0,0,0,,,1,,,
1195,108,525368335,9811363528,0.0,0,0,,,1,,,
1196,110,525368335,9811363528,1.5,1,1,1.0,120,0,1.5,1.0,
1197,113,525368335,9811363528,1.44,1,1,1.0,9,0,1.44,1.0,
1198,120,525368335,9811363528,0.0,0,0,,,1,,,
1199,121,525368335,9811363528,0.0,0,0,,,1,,,
1200,122,525368335,9811363528,0.0,0,0,,,1,,,
1201,143,525368335,9811363528,0.0,0,0,,,1,,,
1202,144,525368335,9811363528,26.87,6,5,1.0,73,0,4.4783,0.8333,浏览<点击
1203,154,525368335,9811363528,1.48,2,0,0.0,0,0,0.74,0.0,浏览<点击
1204,159,525368335,9811363528,1.03,1,1,1.0,3,0,1.03,1.0,
1205,162,525368335,9811363528,14.99,5,4,1.0,62,0,2.998,0.8,浏览<点击
1206,172,525368335,9811363528,0.95,1,1,1.0,3,0,0.95,1.0,
1207,173,525368335,9811363528,0.0,0,0,,,1,,,
1208,178,525368335,9811363528,0.0,0,0,,,1,,,
1209,181,525368335,9811363528,165.4,49,72,0.6875,134,0,3.3755,1.4694,
1210,190,525368335,9811363528,0.0,0,0,,,1,,,
1211,202,525368335,9811363528,6.04,7,6,0.8,87,0,0.8629,0.8571,浏览<点击
1212,206,525368335,9811363528,122.53,26,38,0.8125,93,0,4.7127,1.4615,
1213,213,525368335,9811363528,1.1,1,1,1.0,1,0,1.1,1.0,
1214,217,525368335,9811363528,0.0,0,0,,,1,,,
1215,229,525368335,9811363528,0.0,0,0,,,1,,,
1216,231,525368335,9811363528,0.0,0,0,,,1,,,
1217,235,525368335,9811363528,1.29,1,1,1.0,2,0,1.29,1.0,
1218,247,525368335,9811363528,0.0,0,0,,,1,,,
1219,257,525368335,9811363528,3.48,3,16,0.3333,794,0,1.16,5.3333,
1220,263,525368335,9811363528,1.31,2,2,1.0,15,0,0.655,1.0,
1221,265,525368335,9811363528,0.0,0,0,,,1,,,
1222,268,525368335,9811363528,10.55,14,8,0.8571,78,0,0.7536,0.5714,浏览<点击
1223,269,525368335,9811363528,0.0,0,0,,,1,,,
1224,270,525368335,9811363528,263.36,50,167,0.6512,163,0,5.2672,3.34,
1225,273,525368335,9811363528,0.0,0,0,,,1,,,
1226,276,525368335,9811363528,0.0,0,0,,,1,,,
1227,290,525368335,9811363528,0.0,0,0,,,1,,,
1228,295,525368335,9811363528,2.99,4,4,0.6667,8,0,0.7475,1.0,
1229,303,525368335,9811363528,1.3,2,2,1.0,62,0,0.65,1.0,
1230,307,525368335,9811363528,7.98,7,39,0.6667,946,0,1.14,5.5714,
1231,317,525368335,9811363528,5.17,5,2,1.0,2,0,1.034,0.4,浏览<点击
1232,332,525368335,9811363528,0.0,0,0,,,1,,,
1233,362,525368335,9811363528,0.0,0,0,,,1,,,
1234,363,525368335,9811363528,1.21,1,9,0.0,187,0,1.21,9.0,
1235,367,525368335,9811363528,0.0,0,0,,,1,,,
1236,377,525368335,9811363528,2.08,2,1,1.0,120,0,1.04,0.5,浏览<点击
1237,378,525368335,9811363528,0.59,1,0,0.0,0,0,0.59,0.0,浏览<点击
1238,386,525368335,9811363528,0.0,0,0,,,1,,,
1239,396,525368335,9811363528,4.0,8,5,0.75,132,0,0.5,0.625,浏览<点击
1240,408,525368335,9811363528,0.0,0,0,,,1,,,
1241,424,525368335,9811363528,0.0,0,0,,,1,,,
1242,432,525368335,9811363528,2.08,3,0,0.0,0,0,0.6933,0.0,浏览<点击
1243,433,525368335,9811363528,438.82,72,332,0.4746,375,0,6.0947,4.6111,
1244,435,525368335,9811363528,0.7,1,0,0.0,0,0,0.7,0.0,浏览<点击
1245,444,525368335,9811363528,0.0,0,0,,,1,,,
1246,451,525368335,9811363528,0.0,0,0,,,1,,,
1247,461,525368335,9811363528,13.69,13,8,1.0,101,0,1.0531,0.6154,浏览<点击
1248,469,525368335,9811363528,124.59,25,119,0.7143,438,0,4.9836,4.76,
1249,472,525368335,9811363528,2.19,4,6,0.6667,22,0,0.5475,1.5,
1250,479,525368335,9811363528,0.0,0,0,,,1,,,
1251,488,525368335,9811363528,0.0,0,0,,,1,,,
1252,493,525368335,9811363528,0.55,1,0,0.0,0,0,0.55,0.0,浏览<点击
1253,500,525368335,9811363528,0.0,0,0,,,1,,,
1254,501,525368335,9811363528,1.81,3,2,1.0,165,0,0.6033,0.6667,浏览<点击
1255,503,525368335,9811363528,0.0,0,0,,,1,,,
1256,506,525368335,9811363528,0.0,0,0,,,1,,,
1257,516,525368335,9811363528,7.59,6,4,0.6667,87,0,1.265,0.6667,浏览<点击
1258,528,525368335,9811363528,0.0,0,0,,,1,,,
1259,543,525368335,9811363528,1.58,3,3,1.0,42,0,0.5267,1.0,
1260,557,525368335,9811363528,111.75,13,26,0.6,169,0,8.5962,2.0,
1261,560,525368335,9811363528,1.56,3,5,0.0,239,0,0.52,1.6667,
1262,561,525368335,9811363528,1.12,2,2,1.0,120,0,0.56,1.0,
1263,563,525368335,9811363528,0.0,0,0,,,1,,,
1264,565,525368335,9811363528,0.0,0,0,,,1,,,
1265,568,525368335,9811363528,2.89,2,4,0.0,262,0,1.445,2.0,
1266,572,525368335,9811363528,126.06,22,26,0.9474,45,0,5.73,1.1818,
1267,579,525368335,9811363528,12.94,14,25,0.6154,85,0,0.9243,1.7857,
1268,588,525368335,9811363528,11.97,13,12,1.0,15,0,0.9208,0.9231,浏览<点击
1269,592,525368335,9811363528,0.0,0,0,,,1,,,
1270,593,525368335,9811363528,0.0,0,0,,,1,,,
1271,596,525368335,9811363528,0.0,0,0,,,1,,,
1272,597,525368335,9811363528,0.87,1,1,1.0,3,0,0.87,1.0,
1273,607,525368335,9811363528,0.0,0,0,,,1,,,
1274,609,525368335,9811363528,7.94,8,14,0.5,238,0,0.9925,1.75,
1275,613,525368335,9811363528,0.0,0,0,,,1,,,
1276,618,525368335,9811363528,8.11,8,37,0.6667,128,0,1.0138,4.625,
1277,625,525368335,9811363528,33.59,37,30,0.84,96,0,0.9078,0.8108,浏览<点击
1278,627,525368335,9811363528,0.0,0,0,,,1,,,
1279,640,525368335,9811363528,432.45,35,165,0.3871,337,0,12.3557,4.7143,CPC极高
1280,644,525368335,9811363528,0.97,2,2,1.0,64,0,0.485,1.0,
1281,649,525368335,9811363528,0.0,0,0,,,1,,,
1282,652,525368335,9811363528,0.0,0,0,,,1,,,
1283,653,525368335,9811363528,570.08,73,221,0.597,259,0,7.8093,3.0274,
1284,660,525368335,9811363528,2.76,3,4,0.5,25,0,0.92,1.3333,
1285,661,525368335,9811363528,2.71,2,2,1.0,15,0,1.355,1.0,
1286,664,525368335,9811363528,0.0,0,0,,,1,,,
1287,665,525368335,9811363528,0.0,0,0,,,1,,,
1288,666,525368335,9811363528,6.06,6,9,0.75,210,0,1.01,1.5,
1289,669,525368335,9811363528,1.5,1,1,1.0,120,0,1.5,1.0,
1290,671,525368335,9811363528,0.0,0,0,,,1,,,
1291,674,525368335,9811363528,5.07,4,4,1.0,62,0,1.2675,1.0,
1292,677,525368335,9811363528,0.0,0,0,,,1,,,
1293,681,525368335,9811363528,0.0,0,0,,,1,,,
1294,688,525368335,9811363528,0.0,0,0,,,1,,,
1295,709,525368335,9811363528,1363.47,2319,263,0.9787,79,0,0.588,0.1134,浏览<点击
1296,710,525368335,9811363528,6.56,8,16,0.8571,98,0,0.82,2.0,
1297,716,525368335,9811363528,0.0,0,0,,,1,,,
1298,719,525368335,9811363528,0.0,0,0,,,1,,,
1299,720,525368335,9811363528,30.61,26,23,0.875,71,0,1.1773,0.8846,浏览<点击
1300,725,525368335,9811363528,6.12,7,2,1.0,63,0,0.8743,0.2857,浏览<点击
1301,729,525368335,9811363528,0.0,0,0,,,1,,,
1302,733,525368335,9811363528,0.0,0,0,,,1,,,
1303,735,525368335,9811363528,23.37,23,24,0.7692,261,0,1.0161,1.0435,
1304,751,525368335,9811363528,118.97,21,76,0.5294,589,0,5.6652,3.619,
1305,752,525368335,9811363528,5.46,8,7,1.0,74,0,0.6825,0.875,浏览<点击
1306,753,525368335,9811363528,0.0,0,0,,,1,,,
1307,759,525368335,9811363528,12.71,15,6,0.8,82,0,0.8473,0.4,浏览<点击
1308,763,525368335,9811363528,0.0,0,0,,,1,,,
1309,765,525368335,9811363528,0.0,0,0,,,1,,,
1310,766,525368335,9811363528,6.28,4,4,1.0,6,0,1.57,1.0,
1311,775,525368335,9811363528,0.0,0,0,,,1,,,
1312,785,525368335,9811363528,0.15,1,1,1.0,120,0,0.15,1.0,
1313,799,525368335,9811363528,0.0,0,0,,,1,,,
1314,805,525368335,9811363528,0.0,0,0,,,1,,,
1315,809,525368335,9811363528,6.97,2,4,0.5,60,0,3.485,2.0,
1316,810,525368335,9811363528,1.87,1,1,1.0,8,0,1.87,1.0,
1317,825,525368335,9811363528,0.0,0,0,,,1,,,
1318,829,525368335,9811363528,112.68,22,79,0.5625,234,0,5.1218,3.5909,
1319,831,525368335,9811363528,1.96,2,4,0.5,148,0,0.98,2.0,
1320,834,525368335,9811363528,0.0,0,0,,,1,,,
1321,836,525368335,9811363528,22.95,53,54,0.7895,119,0,0.433,1.0189,
1322,848,525368335,9811363528,8.34,8,27,0.5714,254,0,1.0425,3.375,
1323,850,525368335,9811363528,0.0,0,0,,,1,,,
1324,851,525368335,9811363528,0.0,0,0,,,1,,,
1325,860,525368335,9811363528,0.0,0,0,,,1,,,
1326,874,525368335,9811363528,16.71,15,34,0.7692,140,0,1.114,2.2667,
1327,884,525368335,9811363528,4.94,5,4,1.0,42,0,0.988,0.8,浏览<点击
1328,888,525368335,9811363528,244.33,31,104,0.5769,291,0,7.8816,3.3548,
1329,901,525368335,9811363528,2.85,3,2,1.0,8,0,0.95,0.6667,浏览<点击
1330,905,525368335,9811363528,0.75,1,0,0.0,0,0,0.75,0.0,浏览<点击
1331,911,525368335,9811363528,1.96,4,4,1.0,64,0,0.49,1.0,
1332,912,525368335,9811363528,116.42,16,8,1.0,252,0,7.2762,0.5,浏览<点击
1333,926,525368335,9811363528,1346.58,500,94,0.954,120,0,2.6932,0.188,浏览<点击
1334,937,525368335,9811363528,286.55,134,107,0.908,103,0,2.1384,0.7985,浏览<点击
1335,944,525368335,9811363528,1.08,3,3,1.0,83,0,0.36,1.0,
1336,954,525368335,9811363528,22.07,35,90,0.72,249,0,0.6306,2.5714,
1337,957,525368335,9811363528,11.4,9,31,0.4444,121,0,1.2667,3.4444,
1338,984,525368335,9811363528,10.36,11,8,1.0,40,0,0.9418,0.7273,浏览<点击
1339,989,525368335,9811363528,2.24,3,3,1.0,54,0,0.7467,1.0,
1340,993,525368335,9811363528,2.26,4,5,0.75,51,0,0.565,1.25,
1341,1010,525368335,9811363528,4.3,4,2,1.0,120,0,1.075,0.5,浏览<点击
1342,1014,525368335,9811363528,2.6,4,4,1.0,97,0,0.65,1.0,
1343,1018,525368335,9811363528,0.0,0,0,,,1,,,
1344,1022,525368335,9811363528,0.0,0,0,,,1,,,
1345,1030,525368335,9811363528,0.0,0,0,,,1,,,
1346,1034,525368335,9811363528,0.0,0,0,,,1,,,
1347,1038,525368335,9811363528,0.0,0,0,,,1,,,
1348,1046,525368335,9811363528,0.0,0,0,,,1,,,
1349,1047,525368335,9811363528,0.0,0,0,,,1,,,
1350,1050,525368335,9811363528,0.0,0,0,,,1,,,
1351,1060,525368335,9811363528,0.0,0,0,,,1,,,
1352,1074,525368335,9811363528,0.0,0,0,,,1,,,
1353,1075,525368335,9811363528,0.0,0,0,,,1,,,
1354,1081,525368335,9811363528,0.0,0,0,,,1,,,
1355,1087,525368335,9811363528,0.0,0,0,,,1,,,
1356,1093,525368335,9811363528,6.03,5,6,0.8,17,0,1.206,1.2,
1357,1124,525368335,9811363528,6.52,6,3,1.0,75,0,1.0867,0.5,浏览<点击
1358,1131,525368335,9811363528,8.44,10,3,1.0,72,0,0.844,0.3,浏览<点击
1359,1135,525368335,9811363528,1.46,1,1,1.0,3,0,1.46,1.0,
1360,1136,525368335,9811363528,0.15,1,1,1.0,10,0,0.15,1.0,
1361,1137,525368335,9811363528,0.0,0,0,,,1,,,
1362,1143,525368335,9811363528,7.32,5,4,1.0,37,0,1.464,0.8,浏览<点击
1363,1148,525368335,9811363528,0.0,0,0,,,1,,,
1364,1149,525368335,9811363528,0.37,1,1,1.0,0,0,0.37,1.0,
1365,1159,525368335,9811363528,10.33,9,11,0.7143,34,0,1.1478,1.2222,
1366,1161,525368335,9811363528,0.0,0,0,,,1,,,
1367,1167,525368335,9811363528,1264.77,257,325,0.8144,111,0,4.9213,1.2646,
1368,1169,525368335,9811363528,0.0,0,0,,,1,,,
1369,1172,525368335,9811363528,0.0,0,0,,,1,,,
1370,1184,525368335,9811363528,0.0,0,0,,,1,,,
1371,1187,525368335,9811363528,0.0,0,0,,,1,,,
1372,1188,525368335,9811363528,0.39,1,1,1.0,120,0,0.39,1.0,
1373,1194,525368335,9811363528,3.39,3,3,1.0,1,0,1.13,1.0,
1374,1196,525368335,9811363528,25.68,26,5,1.0,433,0,0.9877,0.1923,浏览<点击
1375,1199,525368335,9811363528,0.0,0,0,,,1,,,
1376,1205,525368335,9811363528,12.68,11,18,0.7143,116,0,1.1527,1.6364,
1377,1209,525368335,9811363528,21.0,22,86,0.7,141,0,0.9545,3.9091,
1378,1216,525368335,9811363528,0.0,0,0,,,1,,,
1379,1217,525368335,9811363528,11.05,12,16,0.9,73,0,0.9208,1.3333,
1380,1221,525368335,9811363528,0.0,0,0,,,1,,,
1381,1225,525368335,9811363528,0.0,0,0,,,1,,,
1382,1233,525368335,9811363528,3.36,2,3,0.0,225,0,1.68,1.5,
1383,1235,525368335,9811363528,10.08,10,27,0.6,119,0,1.008,2.7,
1384,1236,525368335,9811363528,1.34,2,0,0.0,0,0,0.67,0.0,浏览<点击
1385,1241,525368335,9811363528,24.82,23,67,0.65,177,0,1.0791,2.913,
1386,1244,525368335,9811363528,0.0,0,0,,,1,,,
1387,1245,525368335,9811363528,0.0,0,0,,,1,,,
1388,1255,525368335,9811363528,1.5,1,1,1.0,10,0,1.5,1.0,
1389,1257,525368335,9811363528,0.61,1,1,1.0,120,0,0.61,1.0,
1390,1265,525368335,9811363528,4.26,1,1,1.0,10,0,4.26,1.0,
1391,1270,525368335,9811363528,16.29,16,160,0.6429,1163,0,1.0181,10.0,
1392,1278,525368335,9811363528,0.0,0,0,,,1,,,
1393,1280,525368335,9811363528,0.0,0,0,,,1,,,
1394,1281,525368335,9811363528,0.0,0,0,,,1,,,
1395,1282,525368335,9811363528,0.65,1,0,0.0,0,0,0.65,0.0,浏览<点击
1396,1289,525368335,9811363528,0.0,0,0,,,1,,,
1397,1292,525368335,9811363528,6.18,8,15,0.5714,48,0,0.7725,1.875,
1398,1294,525368335,9811363528,1.3,2,2,1.0,22,0,0.65,1.0,
1399,1295,525368335,9811363528,0.23,1,1,1.0,5,0,0.23,1.0,
1400,1296,525368335,9811363528,10.54,6,14,0.3333,343,0,1.7567,2.3333,
1401,1303,525368335,9811363528,0.0,0,0,,,1,,,
1402,1308,525368335,9811363528,44.83,48,61,0.7,168,0,0.934,1.2708,
1403,1311,525368335,9811363528,0.0,0,0,,,1,,,
1404,1315,525368335,9811363528,0.63,1,0,0.0,0,0,0.63,0.0,浏览<点击
1405,1318,525368335,9811363528,239.2,249,245,0.8079,91,0,0.9606,0.9839,浏览<点击
1406,1323,525368335,9811363528,16.79,16,60,0.5,247,0,1.0494,3.75,
1407,1325,525368335,9811363528,5.23,8,63,0.5,909,0,0.6538,7.875,
1408,1327,525368335,9811363528,8.67,6,34,0.4,505,0,1.445,5.6667,
1409,1337,525368335,9811363528,0.15,1,1,1.0,2,0,0.15,1.0,
1410,1351,525368335,9811363528,0.0,0,0,,,1,,,
1411,1353,525368335,9811363528,113.91,107,560,0.3587,341,0,1.0646,5.2336,
1412,1370,525368335,9811363528,1.66,2,2,1.0,4,0,0.83,1.0,
1413,1375,525368335,9811363528,0.0,0,0,,,1,,,
1414,1381,525368335,9811363528,2.27,3,2,1.0,61,0,0.7567,0.6667,浏览<点击
1415,1387,525368335,9811363528,0.0,0,0,,,1,,,
1416,1396,525368335,9811363528,0.0,0,0,,,1,,,
1417,1397,525368335,9811363528,0.0,0,0,,,1,,,
1418,1398,525368335,9811363528,5.87,4,4,0.6667,87,0,1.4675,1.0,
1419,1400,525368335,9811363528,0.0,0,0,,,1,,,
1420,1402,525368335,9811363528,0.75,1,1,1.0,120,0,0.75,1.0,
1421,1414,525368335,9811363528,0.0,0,0,,,1,,,
1422,1437,525368335,9811363528,19.68,21,43,0.75,89,0,0.9371,2.0476,
1423,1441,525368335,9811363528,34.01,50,42,0.8182,76,0,0.6802,0.84,浏览<点击
1424,1475,525368335,9811363528,0.0,0,0,,,1,,,
1425,1492,525368335,9811363528,0.0,0,0,,,1,,,
1426,1496,525368335,9811363528,0.0,0,0,,,1,,,
1427,1507,525368335,9811363528,0.0,0,0,,,1,,,
1428,1508,525368335,9811363528,0.0,0,0,,,1,,,
1429,1523,525368335,9811363528,7.77,7,9,0.8,172,0,1.11,1.2857,
1430,1525,525368335,9811363528,29.45,32,180,0.7241,400,0,0.9203,5.625,
1431,1533,525368335,9811363528,0.0,0,0,,,1,,,
1432,1535,525368335,9811363528,6.01,10,18,0.4,261,0,0.601,1.8,
1433,1537,525368335,9811363528,0.0,0,0,,,1,,,
1434,1561,525368335,9811363528,14.9,16,14,0.8333,95,0,0.9312,0.875,浏览<点击
1435,1564,525368335,9811363528,0.0,0,0,,,1,,,
1436,1575,525368335,9811363528,33.51,40,8,0.5,60,0,0.8378,0.2,浏览<点击
1437,1576,525368335,9811363528,0.0,0,0,,,1,,,
1438,1601,525368335,9811363528,0.0,0,0,,,1,,,
1439,1602,525368335,9811363528,0.0,0,0,,,1,,,
1440,1610,525368335,9811363528,9.46,9,5,1.0,33,0,1.0511,0.5556,浏览<点击
1441,1617,525368335,9811363528,3.61,3,2,1.0,2,0,1.2033,0.6667,浏览<点击
1442,1621,525368335,9811363528,0.0,0,0,,,1,,,
1443,1628,525368335,9811363528,2.96,3,14,0.3333,254,0,0.9867,4.6667,
1444,1629,525368335,9811363528,6.69,8,16,0.7143,339,0,0.8362,2.0,
1445,1638,525368335,9811363528,19.33,26,59,0.5789,120,0,0.7435,2.2692,
1446,1639,525368335,9811363528,0.0,0,0,,,1,,,
1447,1640,525368335,9811363528,0.0,0,0,,,1,,,
1448,1641,525368335,9811363528,0.34,1,1,1.0,1,0,0.34,1.0,
1449,1647,525368335,9811363528,0.0,0,0,,,1,,,
1450,1649,525368335,9811363528,12.97,12,31,0.6,160,0,1.0808,2.5833,
1451,1652,525368335,9811363528,2.48,3,2,1.0,2,0,0.8267,0.6667,浏览<点击
1452,1660,525368335,9811363528,24.25,18,38,0.6667,282,0,1.3472,2.1111,
1453,1670,525368335,9811363528,0.0,0,0,,,1,,,
1454,1672,525368335,9811363528,662.43,3390,507,0.9859,66,0,0.1954,0.1496,浏览<点击
1455,1677,525368335,9811363528,24.31,21,39,0.5333,188,0,1.1576,1.8571,
1456,1678,525368335,9811363528,5.64,6,10,0.75,396,0,0.94,1.6667,
1457,1688,525368335,9811363528,0.64,2,9,0.5,1179,0,0.32,4.5,
1458,1694,525368335,9811363528,0.85,2,11,0.5,668,0,0.425,5.5,
1459,1702,525368335,9811363528,0.0,0,0,,,1,,,
1460,1703,525368335,9811363528,0.0,0,0,,,1,,,
1461,1705,525368335,9811363528,14.22,13,33,0.7273,77,0,1.0938,2.5385,
1462,1716,525368335,9811363528,3.37,2,2,0.0,17,0,1.685,1.0,
1463,1717,525368335,9811363528,0.0,0,0,,,1,,,
1464,1718,525368335,9811363528,0.0,0,0,,,1,,,
1465,1719,525368335,9811363528,49.34,66,98,0.7381,114,0,0.7476,1.4848,
1466,1735,525368335,9811363528,0.0,0,0,,,1,,,
1467,1737,525368335,9811363528,0.0,0,0,,,1,,,
1468,1739,525368335,9811363528,0.0,0,0,,,1,,,
1469,1742,525368335,9811363528,13.43,15,37,0.6923,105,0,0.8953,2.4667,
1470,1756,525368335,9811363528,0.0,0,0,,,1,,,
1471,1765,525368335,9811363528,33.74,46,46,0.9286,70,0,0.7335,1.0,
1472,1766,525368335,9811363528,0.0,0,0,,,1,,,
1473,1797,525368335,9811363528,0.0,0,0,,,1,,,
1474,1816,525368335,9811363528,1.16,2,6,0.0,41,0,0.58,3.0,
1475,1827,525368335,9811363528,0.0,0,0,,,1,,,
1476,1869,525368335,9811363528,16.93,17,11,1.0,118,0,0.9959,0.6471,浏览<点击
1477,1879,525368335,9811363528,1.82,2,2,1.0,28,0,0.91,1.0,
1478,1881,525368335,9811363528,2.24,3,8,0.3333,530,0,0.7467,2.6667,
1479,1906,525368335,9811363528,0.81,1,1,1.0,0,0,0.81,1.0,
1480,1916,525368335,9811363528,1457.46,924,1318,0.698,174,0,1.5773,1.4264,
1481,1921,525368335,9811363528,0.0,0,0,,,1,,,
1482,1923,525368335,9811363528,0.0,0,0,,,1,,,
1483,1930,525368335,9811363528,6.29,5,39,0.5,478,0,1.258,7.8,
1484,1935,525368335,9811363528,1.11,2,2,1.0,5,0,0.555,1.0,
1485,1939,525368335,9811363528,0.2,1,0,0.0,0,0,0.2,0.0,浏览<点击
1486,1952,525368335,9811363528,23556.53,28520,31283,0.6368,210,0,0.826,1.0969,
1487,1955,525368335,9811363528,0.0,0,0,,,1,,,
1488,1957,525368335,9811363528,0.0,0,0,,,1,,,
1489,1958,525368335,9811363528,0.73,2,1,1.0,19,0,0.365,0.5,浏览<点击
1490,1965,525368335,9811363528,0.0,0,0,,,1,,,
1491,1988,525368335,9811363528,0.15,1,1,1.0,1,0,0.15,1.0,
1492,1996,525368335,9811363528,0.0,0,0,,,1,,,
1493,2010,525368335,9811363528,2.75,3,2,1.0,120,0,0.9167,0.6667,浏览<点击
1494,2015,525368335,9811363528,0.0,0,0,,,1,,,
1495,2019,525368335,9811363528,4.98,5,3,1.0,42,0,0.996,0.6,浏览<点击
1496,2030,525368335,9811363528,0.5,1,1,1.0,33,0,0.5,1.0,
1497,2042,525368335,9811363528,0.31,1,1,1.0,5,0,0.31,1.0,
1498,2043,525368335,9811363528,2.64,2,0,0.0,0,0,1.32,0.0,浏览<点击
1499,2051,525368335,9811363528,0.0,0,0,,,1,,,
1500,2054,525368335,9811363528,0.92,1,1,1.0,1728,0,0.92,1.0,
1501,2056,525368335,9811363528,24.53,26,52,0.3684,155,0,0.9435,2.0,
1502,2060,525368335,9811363528,0.83,1,0,0.0,0,0,0.83,0.0,浏览<点击
1503,2071,525368335,9811363528,0.0,0,0,,,1,,,
1504,2072,525368335,9811363528,0.0,0,0,,,1,,,
1505,2076,525368335,9811363528,3.75,5,5,0.6667,95,0,0.75,1.0,
1506,2078,525368335,9811363528,127.96,115,117,0.9231,86,0,1.1127,1.0174,
1507,2091,525368335,9811363528,4.76,5,2,1.0,120,0,0.952,0.4,浏览<点击
1508,2092,525368335,9811363528,0.0,0,0,,,1,,,
1509,2093,525368335,9811363528,1.85,3,11,0.6667,289,0,0.6167,3.6667,
1510,2095,525368335,9811363528,0.0,0,0,,,1,,,
1511,2101,525368335,9811363528,3.75,3,5,0.5,172,0,1.25,1.6667,
1512,2113,525368335,9811363528,66.87,69,68,0.8776,45,0,0.9691,0.9855,浏览<点击
1513,2116,525368335,9811363528,23.67,33,18,1.0,54,0,0.7173,0.5455,浏览<点击
1514,2127,525368335,9811363528,16.0,6,7,0.8333,7,0,2.6667,1.1667,
1515,2146,525368335,9811363528,0.0,0,0,,,1,,,
1516,2147,525368335,9811363528,12.55,11,5,1.0,27,0,1.1409,0.4545,浏览<点击
1517,2166,525368335,9811363528,0.0,0,0,,,1,,,
1518,2175,525368335,9811363528,8.76,7,19,0.75,144,0,1.2514,2.7143,
1519,2177,525368335,9811363528,0.0,0,0,,,1,,,
1520,2180,525368335,9811363528,0.0,0,0,,,1,,,
1521,2186,525368335,9811363528,8.06,8,48,0.8571,1078,0,1.0075,6.0,
1522,2191,525368335,9811363528,0.0,0,0,,,1,,,
1523,2198,525368335,9811363528,2.35,2,2,1.0,166,0,1.175,1.0,
1524,2206,525368335,9811363528,32.01,43,63,0.8378,162,0,0.7444,1.4651,
1525,2214,525368335,9811363528,0.0,0,0,,,1,,,
1526,2217,525368335,9811363528,2.02,2,8,0.5,41,0,1.01,4.0,
1527,2225,525368335,9811363528,2.93,5,5,0.75,45,0,0.586,1.0,
1528,2226,525368335,9811363528,0.0,0,0,,,1,,,
1529,2231,525368335,9811363528,0.0,0,0,,,1,,,
1530,2232,525368335,9811363528,0.0,0,0,,,1,,,
1531,2233,525368335,9811363528,16.86,20,10,0.8889,175,0,0.843,0.5,浏览<点击
1532,2236,525368335,9811363528,0.0,0,0,,,1,,,
1533,2238,525368335,9811363528,0.0,0,0,,,1,,,
1534,2243,525368335,9811363528,2.54,2,3,0.5,86,0,1.27,1.5,
1535,2267,525368335,9811363528,1.45,2,5,0.5,128,0,0.725,2.5,
1536,2274,525368335,9811363528,15.49,4,0,0.0,0,0,3.8725,0.0,浏览<点击
1537,2277,525368335,9811363528,0.0,0,0,,,1,,,
1538,2278,525368335,9811363528,0.72,1,2,0.0,4,0,0.72,2.0,
1539,2282,525368335,9811363528,0.0,0,0,,,1,,,
1540,2283,525368335,9811363528,0.0,0,0,,,1,,,
1541,2284,525368335,9811363528,0.0,0,0,,,1,,,
1542,2288,525368335,9811363528,1.64,2,2,1.0,3,0,0.82,1.0,
1543,2291,525368335,9811363528,2.75,3,0,0.0,0,0,0.9167,0.0,浏览<点击
1544,2295,525368335,9811363528,5.07,2,1,1.0,9,0,2.535,0.5,浏览<点击
1545,2304,525368335,9811363528,9.61,12,11,0.75,61,0,0.8008,0.9167,浏览<点击
1546,2322,525368335,9811363528,0.0,0,0,,,1,,,
1547,2331,525368335,9811363528,3.33,4,5,1.0,64,0,0.8325,1.25,
1548,2335,525368335,9811363528,0.59,1,0,0.0,0,0,0.59,0.0,浏览<点击
1549,2337,525368335,9811363528,0.0,0,0,,,1,,,
1550,2339,525368335,9811363528,0.0,0,0,,,1,,,
1551,2354,525368335,9811363528,60.44,58,87,0.6364,197,0,1.0421,1.5,
1552,2356,525368335,9811363528,0.0,0,0,,,1,,,
1553,2357,525368335,9811363528,7.84,9,19,0.7143,77,0,0.8711,2.1111,
1554,2371,525368335,9811363528,20.29,22,81,0.5294,209,0,0.9223,3.6818,
1555,2380,525368335,9811363528,0.0,0,0,,,1,,,
1556,2382,525368335,9811363528,26.76,27,51,0.8182,149,0,0.9911,1.8889,
1557,2387,525368335,9811363528,0.0,0,0,,,1,,,
1558,2418,525368335,9811363528,7.31,6,7,0.8,16,0,1.2183,1.1667,
1559,2422,525368335,9811363528,0.0,0,0,,,1,,,
1560,2424,525368335,9811363528,6.26,4,3,1.0,1,0,1.565,0.75,浏览<点击
1561,2425,525368335,9811363528,0.0,0,0,,,1,,,
1562,2426,525368335,9811363528,0.0,0,0,,,1,,,
1563,2436,525368335,9811363528,1.86,2,1,1.0,1,0,0.93,0.5,浏览<点击
1564,2441,525368335,9811363528,0.0,0,0,,,1,,,
1565,2442,525368335,9811363528,2.2,2,0,0.0,0,0,1.1,0.0,浏览<点击
1566,2453,525368335,9811363528,2.48,3,1,1.0,120,0,0.8267,0.3333,浏览<点击
1567,2458,525368335,9811363528,0.0,0,0,,,1,,,
1568,2460,525368335,9811363528,0.84,1,1,1.0,11,0,0.84,1.0,
1569,2465,525368335,9811363528,0.0,0,0,,,1,,,
1570,2467,525368335,9811363528,4.9,8,2,0.0,16,0,0.6125,0.25,浏览<点击
1571,2474,525368335,9811363528,0.0,0,0,,,1,,,
1572,2476,525368335,9811363528,0.0,0,0,,,1,,,
1573,2482,525368335,9811363528,0.0,0,0,,,1,,,
1574,2500,525368335,9811363528,27.75,34,83,0.5714,223,0,0.8162,2.4412,
1575,2509,525368335,9811363528,0.0,0,0,,,1,,,
1576,2518,525368335,9811363528,16.92,15,61,0.5833,427,0,1.128,4.0667,
1577,2534,525368335,9811363528,12.84,11,25,0.75,119,0,1.1673,2.2727,
1578,2546,525368335,9811363528,12.2,11,56,0.4,251,0,1.1091,5.0909,
1579,2547,525368335,9811363528,0.65,1,4,0.0,97,0,0.65,4.0,
1580,2549,525368335,9811363528,0.0,0,0,,,1,,,
1581,2553,525368335,9811363528,2.88,4,2,1.0,61,0,0.72,0.5,浏览<点击
1582,2557,525368335,9811363528,126.11,148,160,0.844,71,0,0.8521,1.0811,
1583,2559,525368335,9811363528,0.0,0,0,,,1,,,
1584,2563,525368335,9811363528,0.0,0,0,,,1,,,
1585,2564,525368335,9811363528,0.0,0,0,,,1,,,
1586,2569,525368335,9811363528,8.56,6,19,0.8,152,0,1.4267,3.1667,
1587,2571,525368335,9811363528,7.58,8,5,1.0,7,0,0.9475,0.625,浏览<点击
1588,2572,525368335,9811363528,4.75,5,7,0.75,50,0,0.95,1.4,
1589,2577,525368335,9811363528,22.78,23,65,0.5,208,0,0.9904,2.8261,
1590,2578,525368335,9811363528,18.31,21,21,0.7692,115,0,0.8719,1.0,
1591,2583,525368335,9811363528,0.0,0,0,,,1,,,
1592,2586,525368335,9811363528,5.37,2,1,1.0,120,0,2.685,0.5,浏览<点击
1593,2591,525368335,9811363528,0.0,0,0,,,1,,,
1594,2597,525368335,9811363528,12.23,15,19,0.6667,106,0,0.8153,1.2667,
1595,2610,525368335,9811363528,0.1,1,1,1.0,2,0,0.1,1.0,
1596,2616,525368335,9811363528,8.53,12,16,0.8,227,0,0.7108,1.3333,
1597,2618,525368335,9811363528,0.0,0,0,,,1,,,
1598,2624,525368335,9811363528,43.85,44,57,0.8125,71,0,0.9966,1.2955,
1599,2632,525368335,9811363528,0.0,0,0,,,1,,,
1600,2633,525368335,9811363528,877.62,769,1298,0.6834,212,0,1.1412,1.6879,
1601,2636,525368335,9811363528,0.0,0,0,,,1,,,
1602,2638,525368335,9811363528,8.93,9,34,0.4286,304,0,0.9922,3.7778,
1603,2655,525368335,9811363528,0.99,3,3,1.0,43,0,0.33,1.0,
1604,2665,525368335,9811363528,0.0,0,0,,,1,,,
1605,2666,525368335,9811363528,0.0,0,0,,,1,,,
1606,2668,525368335,9811363528,18.74,26,20,0.7857,88,0,0.7208,0.7692,浏览<点击
1607,2675,525368335,9811363528,1.83,1,5,0.0,140,0,1.83,5.0,
1608,2678,525368335,9811363528,0.0,0,0,,,1,,,
1609,2684,525368335,9811363528,0.0,0,0,,,1,,,
1610,2685,525368335,9811363528,0.0,0,0,,,1,,,
1611,2705,525368335,9811363528,15.07,15,17,0.8462,36,0,1.0047,1.1333,
1612,2711,525368335,9811363528,0.35,1,0,0.0,0,0,0.35,0.0,浏览<点击
1613,2718,525368335,9811363528,1.15,2,2,1.0,120,0,0.575,1.0,
1614,2719,525368335,9811363528,1.63,3,5,0.6667,22,0,0.5433,1.6667,
1615,2724,525368335,9811363528,17.48,15,24,0.7692,145,0,1.1653,1.6,
1616,2731,525368335,9811363528,3.0,2,2,1.0,120,0,1.5,1.0,
1617,2734,525368335,9811363528,7.95,8,54,0.4,679,0,0.9938,6.75,
1618,2738,525368335,9811363528,0.0,0,0,,,1,,,
1619,2739,525368335,9811363528,0.0,0,0,,,1,,,
1620,2742,525368335,9811363528,2201.88,6284,4228,0.9227,58,0,0.3504,0.6728,浏览<点击
1621,2749,525368335,9811363528,4.24,5,3,1.0,4,0,0.848,0.6,浏览<点击
1622,2754,525368335,9811363528,0.0,0,0,,,1,,,
1623,2758,525368335,9811363528,0.0,0,0,,,1,,,
1624,2759,525368335,9811363528,1.33,2,8,0.5,397,0,0.665,4.0,
1625,2762,525368335,9811363528,3.98,5,4,1.0,62,0,0.796,0.8,浏览<点击
1626,2767,525368335,9811363528,4.47,6,3,1.0,629,0,0.745,0.5,浏览<点击
1627,2768,525368335,9811363528,3.5,4,2,1.0,61,0,0.875,0.5,浏览<点击
1628,2770,525368335,9811363528,1.86,2,2,1.0,61,0,0.93,1.0,
1629,2771,525368335,9811363528,0.0,0,0,,,1,,,
1630,2775,525368335,9811363528,10.21,9,9,0.8333,64,0,1.1344,1.0,
1631,2790,525368335,9811363528,6.8,6,4,1.0,246,0,1.1333,0.6667,浏览<点击
1632,2796,525368335,9811363528,0.56,1,1,1.0,120,0,0.56,1.0,
1633,2799,525368335,9811363528,0.0,0,0,,,1,,,
1634,2806,525368335,9811363528,45.31,44,60,0.8293,154,0,1.0298,1.3636,
1635,2807,525368335,9811363528,128.13,146,236,0.8,32,0,0.8776,1.6164,
1636,2826,525368335,9811363528,0.15,1,1,1.0,2,0,0.15,1.0,
1637,2835,525368335,9811363528,2.16,2,15,0.5,309,0,1.08,7.5,
1638,2840,525368335,9811363528,0.0,0,0,,,1,,,
1639,2843,525368335,9811363528,4124.08,5431,5542,0.7917,117,0,0.7594,1.0204,
1640,2847,525368335,9811363528,0.0,0,0,,,1,,,
1641,2854,525368335,9811363528,8.89,7,9,0.6667,123,0,1.27,1.2857,
1642,2855,525368335,9811363528,10.02,11,10,1.0,92,0,0.9109,0.9091,浏览<点击
1643,2858,525368335,9811363528,7.04,6,13,0.25,283,0,1.1733,2.1667,
1644,2859,525368335,9811363528,4.18,3,3,0.0,45,0,1.3933,1.0,
1645,2861,525368335,9811363528,0.0,0,0,,,1,,,
1646,2875,525368335,9811363528,0.0,0,0,,,1,,,
1647,2877,525368335,9811363528,1.46,1,3,0.5,72,0,1.46,3.0,
1648,2884,525368335,9811363528,0.0,0,0,,,1,,,
1649,2888,525368335,9811363528,0.0,0,0,,,1,,,
1650,2890,525368335,9811363528,3.71,4,82,0.3333,2573,0,0.9275,20.5,
1651,2904,525368335,9811363528,4.24,6,3,1.0,69,0,0.7067,0.5,浏览<点击
1652,2905,525368335,9811363528,11.09,19,16,0.9091,83,0,0.5837,0.8421,浏览<点击
1653,2914,525368335,9811363528,4623.04,5627,3428,0.7333,205,0,0.8216,0.6092,浏览<点击
1654,2916,525368335,9811363528,1.83,1,1,1.0,1,0,1.83,1.0,
1655,2919,525368335,9811363528,90.58,106,104,0.9079,95,0,0.8545,0.9811,浏览<点击
1656,2939,525368335,9811363528,0.0,0,0,,,1,,,
1657,2947,525368335,9811363528,0.0,0,0,,,1,,,
1658,2953,525368335,9811363528,0.85,1,1,1.0,0,0,0.85,1.0,
1659,2955,525368335,9811363528,2.82,5,5,1.0,43,0,0.564,1.0,
1660,2961,525368335,9811363528,3144.54,4114,5321,0.9121,95,0,0.7644,1.2934,
1661,2964,525368335,9811363528,4.03,3,2,1.0,7,0,1.3433,0.6667,浏览<点击
1662,2975,525368335,9811363528,0.0,0,0,,,1,,,
1663,2976,525368335,9811363528,0.15,1,1,1.0,1,0,0.15,1.0,
1664,2978,525368335,9811363528,2698.76,4658,6365,0.9164,86,0,0.5794,1.3665,
1665,2979,525368335,9811363528,0.0,0,0,,,1,,,
1666,2989,525368335,9811363528,0.0,0,0,,,1,,,
1667,2990,525368335,9811363528,3.5,2,1,1.0,2,0,1.75,0.5,浏览<点击
1668,2994,525368335,9811363528,0.0,0,0,,,1,,,
1669,2996,525368335,9811363528,1.0,1,3,0.0,21,0,1.0,3.0,
1670,2997,525368335,9811363528,35.47,36,33,0.8571,55,0,0.9853,0.9167,浏览<点击
1671,3009,525368335,9811363528,0.0,0,0,,,1,,,
1672,3012,525368335,9811363528,0.0,0,0,,,1,,,
1673,3022,525368335,9811363528,0.0,0,0,,,1,,,
1674,3024,525368335,9811363528,4.23,5,14,0.6667,42,0,0.846,2.8,
1675,3029,525368335,9811363528,1.8,1,3,0.0,51,0,1.8,3.0,
1676,3035,525368335,9811363528,0.0,0,0,,,1,,,
1677,3043,525368335,9811363528,0.95,1,8,0.0,141,0,0.95,8.0,
1678,3045,525368335,9811363528,24.51,22,68,0.3889,274,0,1.1141,3.0909,
1679,3060,525368335,9811363528,0.0,0,0,,,1,,,
1680,3062,525368335,9811363528,0.0,0,0,,,1,,,
1681,3063,525368335,9811363528,0.0,0,0,,,1,,,
1682,3068,525368335,9811363528,0.0,0,0,,,1,,,
1683,3072,525368335,9811363528,5.77,6,6,1.0,70,0,0.9617,1.0,
1684,3073,525368335,9811363528,38.81,35,99,0.6,110,0,1.1089,2.8286,
1685,3076,525368335,9811363528,0.0,0,0,,,1,,,
1686,3078,525368335,9811363528,33.02,29,54,0.6364,167,0,1.1386,1.8621,
1687,3082,525368335,9811363528,1.32,1,1,1.0,1,0,1.32,1.0,
1688,3090,525368335,9811363528,1.9,1,0,0.0,0,0,1.9,0.0,浏览<点击
1689,3102,525368335,9811363528,0.0,0,0,,,1,,,
1690,3107,525368335,9811363528,0.0,0,0,,,1,,,
1691,3116,525368335,9811363528,0.0,0,0,,,1,,,
1692,3124,525368335,9811363528,0.3,2,2,1.0,120,0,0.15,1.0,
1693,3126,525368335,9811363528,0.0,0,0,,,1,,,
1694,3135,525368335,9811363528,0.0,0,0,,,1,,,
1695,3138,525368335,9811363528,0.0,0,0,,,1,,,
1696,3147,525368335,9811363528,0.0,0,0,,,1,,,
1697,3151,525368335,9811363528,0.0,0,0,,,1,,,
1698,3158,525368335,9811363528,1.99,1,1,1.0,11,0,1.99,1.0,
1699,3164,525368335,9811363528,0.0,0,0,,,1,,,
1700,3178,525368335,9811363528,10.08,13,14,0.8889,88,0,0.7754,1.0769,
1701,3179,525368335,9811363528,3.04,5,4,0.6667,1275,0,0.608,0.8,浏览<点击
1702,3181,525368335,9811363528,11.07,13,50,0.75,623,0,0.8515,3.8462,
1703,3182,525368335,9811363528,0.0,0,0,,,1,,,
1704,3185,525368335,9811363528,2.72,4,2,1.0,62,0,0.68,0.5,浏览<点击
1705,3188,525368335,9811363528,0.0,0,0,,,1,,,
1706,3202,525368335,9811363528,32.23,27,119,0.6316,228,0,1.1937,4.4074,
1707,3206,525368335,9811363528,0.0,0,0,,,1,,,
1708,3211,525368335,9811363528,4.96,6,6,1.0,26,0,0.8267,1.0,
1709,3222,525368335,9811363528,1176.51,172,337,0.7801,144,0,6.8402,1.9593,
1710,3235,525368335,9811363528,0.0,0,0,,,1,,,
1711,3262,525368335,9811363528,0.0,0,0,,,1,,,
1712,3267,525368335,9811363528,9.34,6,8,0.6667,57,0,1.5567,1.3333,
1713,3275,525368335,9811363528,0.0,0,0,,,1,,,
1714,3280,525368335,9811363528,30.61,27,55,0.75,218,0,1.1337,2.037,
1715,3281,525368335,9811363528,1.75,2,1,1.0,120,0,0.875,0.5,浏览<点击
1716,3284,525368335,9811363528,0.0,0,0,,,1,,,
1717,3300,525368335,9811363528,0.1,1,0,0.0,0,0,0.1,0.0,浏览<点击
1718,3305,525368335,9811363528,10.73,11,11,0.75,32,0,0.9755,1.0,
1719,3313,525368335,9811363528,36.15,43,107,0.5143,400,0,0.8407,2.4884,
1720,3320,525368335,9811363528,0.15,1,1,1.0,0,0,0.15,1.0,
1721,3326,525368335,9811363528,0.0,0,0,,,1,,,
1722,3331,525368335,9811363528,1.01,1,1,1.0,120,0,1.01,1.0,
1723,3333,525368335,9811363528,0.0,0,0,,,1,,,
1724,3340,525368335,9811363528,0.0,0,0,,,1,,,
1725,3347,525368335,9811363528,0.0,0,0,,,1,,,
1726,3348,525368335,9811363528,0.0,0,0,,,1,,,
1727,3352,525368335,9811363528,4.01,3,3,1.0,81,0,1.3367,1.0,
1728,3359,525368335,9811363528,2.83,3,1,1.0,6,0,0.9433,0.3333,浏览<点击
1729,3363,525368335,9811363528,0.0,0,0,,,1,,,
1730,3365,525368335,9811363528,1.95,1,2,0.0,70,0,1.95,2.0,
1731,3369,525368335,9811363528,0.0,0,0,,,1,,,
1732,3375,525368335,9811363528,0.0,0,0,,,1,,,
1733,3387,525368335,9811363528,0.0,0,0,,,1,,,
1734,3392,525368335,9811363528,0.0,0,0,,,1,,,
1735,3395,525368335,9811363528,0.0,0,0,,,1,,,
1736,3396,525368335,9811363528,1.26,1,1,1.0,4,0,1.26,1.0,
1737,3413,525368335,9811363528,1.41,1,1,1.0,10,0,1.41,1.0,
1738,3431,525368335,9811363528,0.0,0,0,,,1,,,
1739,3442,525368335,9811363528,0.0,0,0,,,1,,,
1740,3446,525368335,9811363528,0.0,0,0,,,1,,,
1741,3453,525368335,9811363528,0.0,0,0,,,1,,,
1742,3455,525368335,9811363528,0.0,0,0,,,1,,,
1743,3456,525368335,9811363528,0.0,0,0,,,1,,,
1744,3460,525368335,9811363528,0.6,1,0,0.0,0,0,0.6,0.0,浏览<点击
1745,3463,525368335,9811363528,0.53,2,2,1.0,120,0,0.265,1.0,
1746,3473,525368335,9811363528,7.85,7,13,0.75,139,0,1.1214,1.8571,
1747,3476,525368335,9811363528,6.72,7,19,0.75,405,0,0.96,2.7143,
1748,3481,525368335,9811363528,8.14,12,62,0.4,474,0,0.6783,5.1667,
1749,3486,525368335,9811363528,0.15,1,2,0.0,39,0,0.15,2.0,
1750,3487,525368335,9811363528,5.23,5,4,1.0,4,0,1.046,0.8,浏览<点击
1751,3495,525368335,9811363528,2.74,4,10,0.6667,226,0,0.685,2.5,
1752,3505,525368335,9811363528,0.0,0,0,,,1,,,
1753,3515,525368335,9811363528,2110.21,88,180,0.6615,152,0,23.9797,2.0455,CPC极高
1754,3529,525368335,9811363528,0.0,0,0,,,1,,,
1755,3535,525368335,9811363528,9.73,8,21,0.5714,157,0,1.2162,2.625,
1756,3541,525368335,9811363528,3.12,4,3,0.0,1359,0,0.78,0.75,浏览<点击
1757,3543,525368335,9811363528,0.0,0,0,,,1,,,
1758,3544,525368335,9811363528,0.9,1,4,0.0,444,0,0.9,4.0,
1759,3566,525368335,9811363528,0.0,0,0,,,1,,,
1760,3575,525368335,9811363528,167.95,71,201,0.6,316,0,2.3655,2.831,
1761,3586,525368335,9811363528,0.0,0,0,,,1,,,
1762,3595,525368335,9811363528,3343.5,420,418,0.8,121,0,7.9607,0.9952,浏览<点击
1763,3597,525368335,9811363528,44.81,51,65,0.8333,110,0,0.8786,1.2745,
1764,3622,525368335,9811363528,0.0,0,0,,,1,,,
1765,3634,525368335,9811363528,1.18,1,0,0.0,0,0,1.18,0.0,浏览<点击
1766,3640,525368335,9811363528,0.0,0,0,,,1,,,
1767,3643,525368335,9811363528,3.44,5,4,1.0,96,0,0.688,0.8,浏览<点击
1768,3649,525368335,9811363528,33.42,4,3,0.0,56,0,8.355,0.75,浏览<点击
1769,3657,525368335,9811363528,0.0,0,0,,,1,,,
1770,3659,525368335,9811363528,0.0,0,0,,,1,,,
1771,3663,525368335,9811363528,0.0,0,0,,,1,,,
1772,3665,525368335,9811363528,3.95,5,15,0.6667,68,0,0.79,3.0,
1773,3671,525368335,9811363528,0.0,0,0,,,1,,,
1774,3673,525368335,9811363528,0.85,1,0,0.0,0,0,0.85,0.0,浏览<点击
1775,3679,525368335,9811363528,0.0,0,0,,,1,,,
1776,3685,525368335,9811363528,0.0,0,0,,,1,,,
1777,3692,525368335,9811363528,16.38,15,49,0.5,306,0,1.092,3.2667,
1778,3697,525368335,9811363528,1.28,1,0,0.0,0,0,1.28,0.0,浏览<点击
1779,3698,525368335,9811363528,0.0,0,0,,,1,,,
1780,3703,525368335,9811363528,1.28,1,1,1.0,1156,0,1.28,1.0,
1781,3704,525368335,9811363528,0.0,0,0,,,1,,,
1782,3705,525368335,9811363528,0.0,0,0,,,1,,,
1783,3716,525368335,9811363528,1.44,1,1,1.0,11,0,1.44,1.0,
1784,3733,525368335,9811363528,0.71,1,1,1.0,120,0,0.71,1.0,
1785,3742,525368335,9811363528,1.99,2,1,1.0,120,0,0.995,0.5,浏览<点击
1786,3749,525368335,9811363528,11.54,14,11,1.0,36,0,0.8243,0.7857,浏览<点击
1787,3750,525368335,9811363528,0.0,0,0,,,1,,,
1788,3759,525368335,9811363528,0.97,1,1,1.0,1,0,0.97,1.0,
1789,3760,525368335,9811363528,9.1,17,15,0.9286,96,0,0.5353,0.8824,浏览<点击
1790,3769,525368335,9811363528,4.68,6,12,0.8,67,0,0.78,2.0,
1791,3775,525368335,9811363528,4.81,4,6,0.75,47,0,1.2025,1.5,
1792,3779,525368335,9811363528,2.4,2,0,0.0,0,0,1.2,0.0,浏览<点击
1793,3814,525368335,9811363528,0.0,0,0,,,1,,,
1794,3819,525368335,9811363528,0.0,0,0,,,1,,,
1795,3821,525368335,9811363528,0.0,0,0,,,1,,,
1796,3835,525368335,9811363528,0.0,0,0,,,1,,,
1797,3843,525368335,9811363528,6.63,5,13,0.4,74,0,1.326,2.6,
1798,3844,525368335,9811363528,0.0,0,0,,,1,,,
1799,3857,525368335,9811363528,0.0,0,0,,,1,,,
1800,3865,525368335,9811363528,0.0,0,0,,,1,,,
1801,3893,525368335,9811363528,0.0,0,0,,,1,,,
1802,3907,525368335,9811363528,0.0,0,0,,,1,,,
1803,3916,525368335,9811363528,0.58,1,0,0.0,0,0,0.58,0.0,浏览<点击
1804,3921,525368335,9811363528,0.0,0,0,,,1,,,
1805,3923,525368335,9811363528,316.24,20,94,0.5263,244,0,15.812,4.7,CPC极高
1806,3924,525368335,9811363528,4.53,6,21,0.5,246,0,0.755,3.5,
1807,3934,525368335,9811363528,4.48,4,6,0.6667,131,0,1.12,1.5,
1808,3936,525368335,9811363528,155.23,28,51,0.8696,72,0,5.5439,1.8214,
1809,3949,525368335,9811363528,13.87,13,6,1.0,124,0,1.0669,0.4615,浏览<点击
1810,3951,525368335,9811363528,4.31,1,0,0.0,0,0,4.31,0.0,浏览<点击
1811,3964,525368335,9811363528,0.0,0,0,,,1,,,
1812,3968,525368335,9811363528,0.0,0,0,,,1,,,
1813,3973,525368335,9811363528,0.0,0,0,,,1,,,
1814,3979,525368335,9811363528,1.82,1,1,1.0,0,0,1.82,1.0,
1815,3989,525368335,9811363528,0.0,0,0,,,1,,,
1816,3991,525368335,9811363528,10.09,7,9,0.6,38,0,1.4414,1.2857,
1817,3996,525368335,9811363528,1.7,6,5,0.75,569,0,0.2833,0.8333,浏览<点击
1818,4005,525368335,9811363528,3.61,1,1,1.0,922,0,3.61,1.0,
1819,4012,525368335,9811363528,1.78,5,4,0.6667,82,0,0.356,0.8,浏览<点击
1820,4015,525368335,9811363528,0.0,0,0,,,1,,,
1821,4020,525368335,9811363528,0.0,0,0,,,1,,,
1822,4025,525368335,9811363528,4371.61,319,1051,0.5397,264,0,13.7041,3.2947,CPC极高
1823,4026,525368335,9811363528,0.0,0,0,,,1,,,
1824,4032,525368335,9811363528,11.18,11,52,0.2727,252,0,1.0164,4.7273,
1825,4039,525368335,9811363528,1.21,2,2,1.0,29,0,0.605,1.0,
1826,4041,525368335,9811363528,0.78,1,2,0.0,15,0,0.78,2.0,
1827,4042,525368335,9811363528,1.73,7,20,0.25,350,0,0.2471,2.8571,
1828,4045,525368335,9811363528,2116.51,24,117,0.5714,341,0,88.1879,4.875,CPC极高
1829,4051,525368335,9811363528,0.0,0,0,,,1,,,
1830,4053,525368335,9811363528,223.0,37,100,0.7333,287,0,6.027,2.7027,
1831,4082,525368335,9811363528,0.0,0,0,,,1,,,
1832,4089,525368335,9811363528,0.0,0,0,,,1,,,
1833,4090,525368335,9811363528,15.57,18,15,0.8182,59,0,0.865,0.8333,浏览<点击
1834,4091,525368335,9811363528,44.79,64,337,0.4,581,0,0.6998,5.2656,
1835,4106,525368335,9811363528,0.0,0,0,,,1,,,
1836,4108,525368335,9811363528,2.36,3,2,0.0,82,0,0.7867,0.6667,浏览<点击
1837,4111,525368335,9811363528,0.54,1,1,1.0,120,0,0.54,1.0,
1838,4152,525368335,9811363528,0.0,0,0,,,1,,,
1839,4153,525368335,9811363528,0.0,0,0,,,1,,,
1840,4158,525368335,9811363528,4.79,3,3,1.0,312,0,1.5967,1.0,
1841,4162,525368335,9811363528,0.0,0,0,,,1,,,
1842,4163,525368335,9811363528,1.26,1,0,0.0,0,0,1.26,0.0,浏览<点击
1843,4171,525368335,9811363528,5.91,6,7,0.75,258,0,0.985,1.1667,
1844,4184,525368335,9811363528,0.0,0,0,,,1,,,
1845,4189,525368335,9811363528,8.85,8,19,0.3333,77,0,1.1062,2.375,
1846,4199,525368335,9811363528,0.0,0,0,,,1,,,
1847,4202,525368335,9811363528,1.12,1,0,0.0,0,0,1.12,0.0,浏览<点击
1848,4210,525368335,9811363528,13.71,12,18,0.75,130,0,1.1425,1.5,
1849,4212,525368335,9811363528,37.2,30,81,0.6667,242,0,1.24,2.7,
1850,4224,525368335,9811363528,0.0,0,0,,,1,,,
1851,4236,525368335,9811363528,0.0,0,0,,,1,,,
1852,4248,525368335,9811363528,0.0,0,0,,,1,,,
1853,4249,525368335,9811363528,0.0,0,0,,,1,,,
1854,4251,525368335,9811363528,2.47,4,2,1.0,90,0,0.6175,0.5,浏览<点击
1855,4254,525368335,9811363528,0.93,3,1,1.0,120,0,0.31,0.3333,浏览<点击
1856,4255,525368335,9811363528,7.61,25,149,0.381,369,0,0.3044,5.96,
1857,4260,525368335,9811363528,362.82,62,58,0.913,49,0,5.8519,0.9355,浏览<点击
1858,4261,525368335,9811363528,12.22,54,9,1.0,54,0,0.2263,0.1667,浏览<点击
1859,4264,525368335,9811363528,0.15,1,1,1.0,2,0,0.15,1.0,
1860,4269,525368335,9811363528,0.0,0,0,,,1,,,
1861,4288,525368335,9811363528,0.0,0,0,,,1,,,
1862,4289,525368335,9811363528,1.5,1,0,0.0,0,0,1.5,0.0,浏览<点击
1863,4290,525368335,9811363528,0.0,0,0,,,1,,,
1864,4292,525368335,9811363528,3.3,3,2,1.0,61,0,1.1,0.6667,浏览<点击
1865,4296,525368335,9811363528,0.0,0,0,,,1,,,
1866,4307,525368335,9811363528,1.92,2,10,0.0,71,0,0.96,5.0,
1867,4323,525368335,9811363528,5.2,5,4,1.0,104,0,1.04,0.8,浏览<点击
1868,4333,525368335,9811363528,3.45,2,3,0.5,66,0,1.725,1.5,
1869,4340,525368335,9811363528,0.0,0,0,,,1,,,
1870,4352,525368335,9811363528,29.26,39,434,0.2927,677,0,0.7503,11.1282,
1871,4366,525368335,9811363528,1.82,3,4,0.6667,76,0,0.6067,1.3333,
1872,4376,525368335,9811363528,0.0,0,0,,,1,,,
1873,4378,525368335,9811363528,23.08,17,38,0.5882,87,0,1.3576,2.2353,
1874,4379,525368335,9811363528,4.62,5,6,0.8,33,0,0.924,1.2,
1875,4387,525368335,9811363528,0.0,0,0,,,1,,,
1876,4390,525368335,9811363528,0.0,0,0,,,1,,,
1877,4393,525368335,9811363528,3.55,2,4,0.0,62,0,1.775,2.0,
1878,4397,525368335,9811363528,15.91,19,10,1.0,58,0,0.8374,0.5263,浏览<点击
1879,4399,525368335,9811363528,2.49,5,7,0.75,62,0,0.498,1.4,
1880,4418,525368335,9811363528,10.74,8,16,0.75,39,0,1.3425,2.0,
1881,4420,525368335,9811363528,1.53,1,1,1.0,0,0,1.53,1.0,
1882,4422,525368335,9811363528,0.0,0,0,,,1,,,
1883,4437,525368335,9811363528,129.39,89,223,0.5616,213,0,1.4538,2.5056,
1884,4438,525368335,9811363528,0.0,0,0,,,1,,,
1885,4442,525368335,9811363528,0.0,0,0,,,1,,,
1886,4443,525368335,9811363528,1.39,1,1,1.0,1,0,1.39,1.0,
1887,4447,525368335,9811363528,0.0,0,0,,,1,,,
1888,4453,525368335,9811363528,0.0,0,0,,,1,,,
1889,4463,525368335,9811363528,0.0,0,0,,,1,,,
1890,4465,525368335,9811363528,0.0,0,0,,,1,,,
1891,4476,525368335,9811363528,2.68,4,2,1.0,120,0,0.67,0.5,浏览<点击
1892,4479,525368335,9811363528,18.44,21,23,0.9444,53,0,0.8781,1.0952,
1893,4480,525368335,9811363528,3.63,3,11,0.5,596,0,1.21,3.6667,
1894,4483,525368335,9811363528,0.0,0,0,,,1,,,
1895,4494,525368335,9811363528,0.0,0,0,,,1,,,
1896,4508,525368335,9811363528,0.0,0,0,,,1,,,
1897,4519,525368335,9811363528,5.33,8,9,0.6,50,0,0.6662,1.125,
1898,4526,525368335,9811363528,0.0,0,0,,,1,,,
1899,4529,525368335,9811363528,8.37,7,5,1.0,73,0,1.1957,0.7143,浏览<点击
1900,4530,525368335,9811363528,0.0,0,0,,,1,,,
1901,4541,525368335,9811363528,1.13,1,1,1.0,41,0,1.13,1.0,
1902,4544,525368335,9811363528,1.61,2,3,0.5,13,0,0.805,1.5,
1903,4545,525368335,9811363528,0.0,0,0,,,1,,,
1904,4549,525368335,9811363528,3.28,2,65,0.5,3529,0,1.64,32.5,
1905,4550,525368335,9811363528,3.97,3,2,1.0,62,0,1.3233,0.6667,浏览<点击
1906,4556,525368335,9811363528,0.0,0,0,,,1,,,
1907,4557,525368335,9811363528,0.52,1,1,1.0,120,0,0.52,1.0,
1908,4573,525368335,9811363528,0.0,0,0,,,1,,,
1909,4578,525368335,9811363528,4.05,5,1,1.0,7,0,0.81,0.2,浏览<点击
1910,4583,525368335,9811363528,0.0,0,0,,,1,,,
1911,4594,525368335,9811363528,2076.36,273,546,0.7826,227,0,7.6057,2.0,
1912,4601,525368335,9811363528,0.0,0,0,,,1,,,
1913,4606,525368335,9811363528,146.02,51,93,0.7381,101,0,2.8631,1.8235,
1914,4614,525368335,9811363528,19.9,24,120,0.3684,373,0,0.8292,5.0,
1915,4615,525368335,9811363528,2.39,2,2,1.0,68,0,1.195,1.0,
1916,4616,525368335,9811363528,0.0,0,0,,,1,,,
1917,4621,525368335,9811363528,9.04,11,19,0.8,153,0,0.8218,1.7273,
1918,4629,525368335,9811363528,0.0,0,0,,,1,,,
1919,4631,525368335,9811363528,0.0,0,0,,,1,,,
1920,4635,525368335,9811363528,0.0,0,0,,,1,,,
1921,4637,525368335,9811363528,3.48,3,3,1.0,111,0,1.16,1.0,
1922,4638,525368335,9811363528,0.37,1,1,1.0,120,0,0.37,1.0,
1923,4639,525368335,9811363528,1.71,3,2,1.0,109,0,0.57,0.6667,浏览<点击
1924,4647,525368335,9811363528,0.0,0,0,,,1,,,
1925,4660,525368335,9811363528,0.28,1,1,1.0,6,0,0.28,1.0,
1926,4662,525368335,9811363528,62.34,48,145,0.6216,270,0,1.2988,3.0208,
1927,4663,525368335,9811363528,15.68,16,18,0.7692,159,0,0.98,1.125,
1928,4665,525368335,9811363528,0.0,0,0,,,1,,,
1929,4674,525368335,9811363528,1.48,1,0,0.0,0,0,1.48,0.0,浏览<点击
1930,4696,525368335,9811363528,0.0,0,0,,,1,,,
1931,4701,525368335,9811363528,0.0,0,0,,,1,,,
1932,4706,525368335,9811363528,4.31,5,90,0.4,691,0,0.862,18.0,
1933,4712,525368335,9811363528,0.0,0,0,,,1,,,
1934,4717,525368335,9811363528,0.0,0,0,,,1,,,
1935,4718,525368335,9811363528,2594.66,813,1424,0.7243,123,0,3.1915,1.7515,
1936,4723,525368335,9811363528,10.24,10,19,0.625,154,0,1.024,1.9,
1937,4728,525368335,9811363528,0.0,0,0,,,1,,,
1938,4736,525368335,9811363528,0.92,1,0,0.0,0,0,0.92,0.0,浏览<点击
1939,4739,525368335,9811363528,3.37,8,10,0.8333,115,0,0.4212,1.25,
1940,4750,525368335,9811363528,2.04,2,1,1.0,7,0,1.02,0.5,浏览<点击
1941,4760,525368335,9811363528,53.34,40,119,0.7714,267,0,1.3335,2.975,
1942,4761,525368335,9811363528,0.0,0,0,,,1,,,
1943,4764,525368335,9811363528,2.46,2,2,1.0,746,0,1.23,1.0,
1944,4771,525368335,9811363528,0.0,0,0,,,1,,,
1945,4778,525368335,9811363528,0.0,0,0,,,1,,,
1946,4793,525368335,9811363528,0.0,0,0,,,1,,,
1947,4802,525368335,9811363528,0.0,0,0,,,1,,,
1948,4806,525368335,9811363528,0.0,0,0,,,1,,,
1949,4807,525368335,9811363528,2.65,4,9,0.6667,27,0,0.6625,2.25,
1950,4815,525368335,9811363528,13.7,17,19,0.8333,205,0,0.8059,1.1176,
1951,4817,525368335,9811363528,0.83,1,1,1.0,13,0,0.83,1.0,
1952,4824,525368335,9811363528,0.0,0,0,,,1,,,
1953,4832,525368335,9811363528,0.0,0,0,,,1,,,
1954,4833,525368335,9811363528,6.88,8,8,1.0,79,0,0.86,1.0,
1955,4845,525368335,9811363528,4.63,4,2,1.0,1,0,1.1575,0.5,浏览<点击
1956,4846,525368335,9811363528,0.0,0,0,,,1,,,
1957,4849,525368335,9811363528,7.46,9,22,0.375,97,0,0.8289,2.4444,
1958,4853,525368335,9811363528,18.66,18,4,1.0,7,0,1.0367,0.2222,浏览<点击
1959,4880,525368335,9811363528,18.79,23,87,0.6,300,0,0.817,3.7826,
1960,4891,525368335,9811363528,4.61,4,19,0.5,351,0,1.1525,4.75,
1961,4894,525368335,9811363528,23.29,39,29,0.8333,150,0,0.5972,0.7436,浏览<点击
1962,4901,525368335,9811363528,0.0,0,0,,,1,,,
1963,4920,525368335,9811363528,2.5,2,2,1.0,68,0,1.25,1.0,
1964,4931,525368335,9811363528,0.0,0,0,,,1,,,
1965,4934,525368335,9811363528,0.0,0,0,,,1,,,
1966,4937,525368335,9811363528,25.77,21,27,0.7333,51,0,1.2271,1.2857,
1967,4938,525368335,9811363528,36.87,40,106,0.5517,184,0,0.9218,2.65,
1968,4939,525368335,9811363528,0.33,1,5,0.0,43,0,0.33,5.0,
1969,4944,525368335,9811363528,0.0,0,0,,,1,,,
1970,4951,525368335,9811363528,1.95,1,1,1.0,1,0,1.95,1.0,
1971,4957,525368335,9811363528,15.54,14,32,0.4545,84,0,1.11,2.2857,
1972,4958,525368335,9811363528,0.0,0,0,,,1,,,
1973,4959,525368335,9811363528,0.0,0,0,,,1,,,
1974,4966,525368335,9811363528,0.0,0,0,,,1,,,
1975,4968,525368335,9811363528,0.59,1,0,0.0,0,0,0.59,0.0,浏览<点击
1976,4969,525368335,9811363528,9353.77,4456,5427,0.449,320,0,2.0991,1.2179,
1977,4987,525368335,9811363528,12.34,11,8,0.8571,69,0,1.1218,0.7273,浏览<点击
1978,4999,525368335,9811363528,9.03,6,17,0.6667,55,0,1.505,2.8333,
1979,5006,525368335,9811363528,0.0,0,0,,,1,,,
1980,5013,525368335,9811363528,1.65,2,10,0.5,157,0,0.825,5.0,
1981,5024,525368335,9811363528,0.0,0,0,,,1,,,
1982,5029,525368335,9811363528,0.0,0,0,,,1,,,
1983,5044,525368335,9811363528,23.34,23,31,0.8889,98,0,1.0148,1.3478,
1984,5045,525368335,9811363528,9739.85,3556,5599,0.6304,63,0,2.739,1.5745,
1985,5049,525368335,9811363528,0.32,1,2,0.0,22,0,0.32,2.0,
1986,5051,525368335,9811363528,0.0,0,0,,,1,,,
1987,5070,525368335,9811363528,4240.55,2224,4333,0.8343,111,0,1.9067,1.9483,
1988,5072,525368335,9811363528,0.0,0,0,,,1,,,
1989,5084,525368335,9811363528,0.0,0,0,,,1,,,
1990,5085,525368335,9811363528,0.0,0,0,,,1,,,
1991,5091,525368335,9811363528,0.0,0,0,,,1,,,
1992,5095,525368335,9811363528,13.79,13,10,0.7143,53,0,1.0608,0.7692,浏览<点击
1993,5103,525368335,9811363528,0.0,0,0,,,1,,,
1994,5111,525368335,9811363528,4.1,5,24,0.6,263,0,0.82,4.8,
1995,5113,525368335,9811363528,2.91,3,11,0.6667,99,0,0.97,3.6667,
1996,5118,525368335,9811363528,0.0,0,0,,,1,,,
1997,5138,525368335,9811363528,0.0,0,0,,,1,,,
1998,5148,525368335,9811363528,0.0,0,0,,,1,,,
1999,5150,525368335,9811363528,1.17,1,12,0.0,2062,0,1.17,12.0,
2000,5155,525368335,9811363528,3.94,3,0,0.0,0,0,1.3133,0.0,浏览<点击
2001,5163,525368335,9811363528,0.0,0,0,,,1,,,
2002,5167,525368335,9811363528,2.4,3,1,1.0,120,0,0.8,0.3333,浏览<点击
2003,5175,525368335,9811363528,0.0,0,0,,,1,,,
2004,5182,525368335,9811363528,132.06,13,23,0.7,33,0,10.1585,1.7692,CPC极高
2005,5184,525368335,9811363528,0.0,0,0,,,1,,,
2006,5187,525368335,9811363528,0.0,0,0,,,1,,,
2007,5188,525368335,9811363528,0.0,0,0,,,1,,,
2008,5196,525368335,9811363528,5.93,9,13,0.625,85,0,0.6589,1.4444,
2009,5204,525368335,9811363528,0.0,0,0,,,1,,,
2010,5207,525368335,9811363528,0.0,0,0,,,1,,,
2011,5212,525368335,9811363528,242.98,40,36,0.8148,68,0,6.0745,0.9,浏览<点击
2012,5219,525368335,9811363528,8.05,7,16,0.75,725,0,1.15,2.2857,
2013,5220,525368335,9811363528,6.19,4,8,0.5,28,0,1.5475,2.0,
2014,5222,525368335,9811363528,6.44,4,15,0.6667,679,0,1.61,3.75,
2015,5223,525368335,9811363528,0.0,0,0,,,1,,,
2016,5226,525368335,9811363528,0.0,0,0,,,1,,,
2017,5228,525368335,9811363528,6.63,5,4,0.6667,53,0,1.326,0.8,浏览<点击
2018,5230,525368335,9811363528,0.22,1,0,0.0,0,0,0.22,0.0,浏览<点击
2019,5232,525368335,9811363528,0.0,0,0,,,1,,,
2020,5234,525368335,9811363528,0.0,0,0,,,1,,,
2021,5242,525368335,9811363528,3.64,3,1,1.0,378,0,1.2133,0.3333,浏览<点击
2022,5254,525368335,9811363528,0.0,0,0,,,1,,,
2023,5255,525368335,9811363528,7.45,9,3,1.0,6,0,0.8278,0.3333,浏览<点击
2024,5260,525368335,9811363528,310.37,345,915,0.6833,214,0,0.8996,2.6522,
2025,5264,525368335,9811363528,0.0,0,0,,,1,,,
2026,5266,525368335,9811363528,0.0,0,0,,,1,,,
2027,5271,525368335,9811363528,20.07,22,132,0.6316,197,0,0.9123,6.0,
2028,5292,525368335,9811363528,3.93,3,5,0.6667,522,0,1.31,1.6667,
2029,5302,525368335,9811363528,0.0,0,0,,,1,,,
2030,5306,525368335,9811363528,0.0,0,0,,,1,,,
2031,5309,525368335,9811363528,4.65,10,5,1.0,200,0,0.465,0.5,浏览<点击
2032,5313,525368335,9811363528,0.89,1,1,1.0,0,0,0.89,1.0,
2033,5317,525368335,9811363528,0.0,0,0,,,1,,,
2034,5326,525368335,9811363528,1.8,2,0,0.0,0,0,0.9,0.0,浏览<点击
2035,5327,525368335,9811363528,1.93,2,2,1.0,80,0,0.965,1.0,
2036,5328,525368335,9811363528,0.0,0,0,,,1,,,
2037,5346,525368335,9811363528,0.0,0,0,,,1,,,
2038,5365,525368335,9811363528,0.0,0,0,,,1,,,
2039,5375,525368335,9811363528,0.0,0,0,,,1,,,
2040,5378,525368335,9811363528,0.15,1,1,1.0,4,0,0.15,1.0,
2041,5380,525368335,9811363528,0.0,0,0,,,1,,,
2042,5391,525368335,9811363528,0.0,0,0,,,1,,,
2043,5395,525368335,9811363528,3.89,3,1,1.0,14,0,1.2967,0.3333,浏览<点击
2044,5397,525368335,9811363528,0.0,0,0,,,1,,,
2045,5406,525368335,9811363528,0.86,1,0,0.0,0,0,0.86,0.0,浏览<点击
2046,5413,525368335,9811363528,0.0,0,0,,,1,,,
2047,5420,525368335,9811363528,0.0,0,0,,,1,,,
2048,5449,525368335,9811363528,4.71,6,25,0.5,275,0,0.785,4.1667,
2049,5460,525368335,9811363528,9272.73,2590,5678,0.697,171,0,3.5802,2.1923,
2050,5466,525368335,9811363528,0.0,0,0,,,1,,,
2051,5474,525368335,9811363528,3.52,4,5,0.75,392,0,0.88,1.25,
2052,5475,525368335,9811363528,0.0,0,0,,,1,,,
2053,5481,525368335,9811363528,0.15,1,0,0.0,0,0,0.15,0.0,浏览<点击
2054,5484,525368335,9811363528,2870.73,670,867,0.8636,66,0,4.2847,1.294,
2055,5492,525368335,9811363528,5.47,7,4,1.0,65,0,0.7814,0.5714,浏览<点击
2056,5497,525368335,9811363528,0.15,1,0,0.0,0,0,0.15,0.0,浏览<点击
2057,5500,525368335,9811363528,27.94,29,39,0.7143,330,0,0.9634,1.3448,
2058,5501,525368335,9811363528,0.15,1,1,1.0,654,0,0.15,1.0,
2059,5502,525368335,9811363528,0.0,0,0,,,1,,,
2060,5504,525368335,9811363528,0.0,0,0,,,1,,,
2061,5505,525368335,9811363528,4.09,6,7,0.8,99,0,0.6817,1.1667,
2062,5508,525368335,9811363528,3.2,5,34,0.5,442,0,0.64,6.8,
2063,5509,525368335,9811363528,0.0,0,0,,,1,,,
2064,5515,525368335,9811363528,2.51,1,0,0.0,0,0,2.51,0.0,浏览<点击
2065,5522,525368335,9811363528,2.41,1,1,1.0,5,0,2.41,1.0,
2066,5531,525368335,9811363528,13.14,12,11,0.8889,36,0,1.095,0.9167,浏览<点击
2067,5533,525368335,9811363528,18.68,17,9,1.0,25,0,1.0988,0.5294,浏览<点击
2068,5536,525368335,9811363528,0.0,0,0,,,1,,,
2069,5538,525368335,9811363528,33.94,39,40,0.7778,76,0,0.8703,1.0256,
2070,5543,525368335,9811363528,0.0,0,0,,,1,,,
2071,5551,525368335,9811363528,0.3,2,2,1.0,5,0,0.15,1.0,
2072,5578,525368335,9811363528,0.0,0,0,,,1,,,
2073,5583,525368335,9811363528,0.0,0,0,,,1,,,
2074,5584,525368335,9811363528,0.0,0,0,,,1,,,
2075,5588,525368335,9811363528,17.72,17,43,0.75,272,0,1.0424,2.5294,
2076,5591,525368335,9811363528,0.31,2,1,1.0,120,0,0.155,0.5,浏览<点击
2077,5593,525368335,9811363528,0.0,0,0,,,1,,,
2078,5594,525368335,9811363528,0.0,0,0,,,1,,,
2079,5596,525368335,9811363528,1051.38,988,1708,0.6986,126,0,1.0641,1.7287,
2080,5605,525368335,9811363528,0.0,0,0,,,1,,,
2081,5608,525368335,9811363528,111.69,12,19,0.5714,287,0,9.3075,1.5833,CPC极高
2082,5624,525368335,9811363528,5.22,14,5,1.0,54,0,0.3729,0.3571,浏览<点击
2083,5637,525368335,9811363528,0.0,0,0,,,1,,,
2084,5640,525368335,9811363528,531.84,40,33,0.875,30,0,13.296,0.825,CPC极高浏览<点击
2085,5656,525368335,9811363528,0.0,0,0,,,1,,,
2086,5658,525368335,9811363528,2.07,2,2,1.0,120,0,1.035,1.0,
2087,5661,525368335,9811363528,0.0,0,0,,,1,,,
2088,5672,525368335,9811363528,0.0,0,0,,,1,,,
2089,5683,525368335,9811363528,0.0,0,0,,,1,,,
2090,5693,525368335,9811363528,12.75,9,14,0.875,95,0,1.4167,1.5556,
2091,5694,525368335,9811363528,0.0,0,0,,,1,,,
2092,5698,525368335,9811363528,0.0,0,0,,,1,,,
2093,5705,525368335,9811363528,4.36,3,16,0.3333,243,0,1.4533,5.3333,
2094,5720,525368335,9811363528,0.0,0,0,,,1,,,
2095,5721,525368335,9811363528,5.21,4,4,1.0,6,0,1.3025,1.0,
2096,5726,525368335,9811363528,5.1,3,2,1.0,61,0,1.7,0.6667,浏览<点击
2097,5728,525368335,9811363528,0.0,0,0,,,1,,,
2098,5730,525368335,9811363528,2.54,2,4,0.5,49,0,1.27,2.0,
2099,5736,525368335,9811363528,0.0,0,0,,,1,,,
2100,5745,525368335,9811363528,6.58,6,30,0.2,596,0,1.0967,5.0,
2101,5755,525368335,9811363528,29.05,27,41,0.6875,141,0,1.0759,1.5185,
2102,5764,525368335,9811363528,11.39,9,51,0.75,275,0,1.2656,5.6667,
2103,5771,525368335,9811363528,165.76,118,152,0.8571,29,0,1.4047,1.2881,
2104,5792,525368335,9811363528,0.45,1,0,0.0,0,0,0.45,0.0,浏览<点击
2105,5800,525368335,9811363528,3.02,3,4,0.6667,135,0,1.0067,1.3333,
2106,5802,525368335,9811363528,4.09,3,13,0.5,112,0,1.3633,4.3333,
2107,5810,525368335,9811363528,0.0,0,0,,,1,,,
2108,5817,525368335,9811363528,4.01,6,14,0.75,674,0,0.6683,2.3333,
2109,5830,525368335,9811363528,68.65,16,5,1.0,29,0,4.2906,0.3125,浏览<点击
2110,5831,525368335,9811363528,52.79,3,19,0.3333,517,0,17.5967,6.3333,CPC极高
2111,5836,525368335,9811363528,0.0,0,0,,,1,,,
2112,5841,525368335,9811363528,3.53,6,5,1.0,181,0,0.5883,0.8333,浏览<点击
2113,5844,525368335,9811363528,0.0,0,1,,,1,,,零点击有浏览
2114,5866,525368335,9811363528,0.0,0,0,,,1,,,
2115,5869,525368335,9811363528,12.17,5,3,1.0,8,0,2.434,0.6,浏览<点击
2116,5872,525368335,9811363528,0.96,2,3,0.5,96,0,0.48,1.5,
2117,5873,525368335,9811363528,0.0,0,0,,,1,,,
2118,5885,525368335,9811363528,1.71,2,1,1.0,2,0,0.855,0.5,浏览<点击
2119,5888,525368335,9811363528,2.86,4,6,0.3333,130,0,0.715,1.5,
2120,5891,525368335,9811363528,112.7,110,170,0.3,569,0,1.0245,1.5455,
2121,5893,525368335,9811363528,0.0,0,0,,,1,,,
2122,5896,525368335,9811363528,18.37,25,53,0.4762,192,0,0.7348,2.12,
2123,5897,525368335,9811363528,0.43,2,1,1.0,0,0,0.215,0.5,浏览<点击
2124,5898,525368335,9811363528,0.0,0,0,,,1,,,
2125,5902,525368335,9811363528,7.4,7,5,0.75,13,0,1.0571,0.7143,浏览<点击
2126,5913,525368335,9811363528,4.42,6,31,0.25,412,0,0.7367,5.1667,
2127,5916,525368335,9811363528,0.0,0,0,,,1,,,
2128,5918,525368335,9811363528,0.0,0,0,,,1,,,
2129,5921,525368335,9811363528,1.97,1,0,0.0,0,0,1.97,0.0,浏览<点击
2130,5928,525368335,9811363528,0.85,1,1,1.0,3,0,0.85,1.0,
2131,5931,525368335,9811363528,0.0,0,0,,,1,,,
2132,5935,525368335,9811363528,46.08,7,7,0.8,190,0,6.5829,1.0,
2133,5964,525368335,9811363528,0.0,0,0,,,1,,,
2134,5979,525368335,9811363528,0.0,0,0,,,1,,,
2135,5985,525368335,9811363528,0.0,0,0,,,1,,,
2136,5996,525368335,9811363528,0.0,0,0,,,1,,,
2137,6009,525368335,9811363528,0.0,0,0,,,1,,,
2138,6021,525368335,9811363528,2.94,2,1,1.0,18,0,1.47,0.5,浏览<点击
2139,6029,525368335,9811363528,120.76,18,36,0.7059,104,0,6.7089,2.0,
2140,6039,525368335,9811363528,0.0,0,0,,,1,,,
2141,6042,525368335,9811363528,0.0,0,0,,,1,,,
2142,6077,525368335,9811363528,0.0,0,0,,,1,,,
2143,6109,525368335,9811363528,0.0,0,0,,,1,,,
2144,6113,525368335,9811363528,0.0,0,0,,,1,,,
2145,6118,525368335,9811363528,0.0,0,0,,,1,,,
2146,6130,525368335,9811363528,2.93,3,1,1.0,13,0,0.9767,0.3333,浏览<点击
2147,6131,525368335,9811363528,0.0,0,0,,,1,,,
2148,6152,525368335,9811363528,7.29,9,8,0.8571,410,0,0.81,0.8889,浏览<点击
2149,6162,525368335,9811363528,121.83,24,24,0.9048,45,0,5.0762,1.0,
2150,6173,525368335,9811363528,1.4,1,1,1.0,46,0,1.4,1.0,
2151,6175,525368335,9811363528,0.0,0,0,,,1,,,
2152,6177,525368335,9811363528,0.0,0,0,,,1,,,
2153,6190,525368335,9811363528,0.0,0,0,,,1,,,
2154,6202,525368335,9811363528,0.0,0,0,,,1,,,
2155,6206,525368335,9811363528,0.0,0,0,,,1,,,
2156,6208,525368335,9811363528,0.0,0,0,,,1,,,
2157,6211,525368335,9811363528,0.0,0,0,,,1,,,
2158,6220,525368335,9811363528,0.76,2,2,1.0,1,0,0.38,1.0,
2159,6222,525368335,9811363528,0.0,0,0,,,1,,,
2160,6229,525368335,9811363528,1.21,1,1,1.0,3,0,1.21,1.0,
2161,6231,525368335,9811363528,0.88,2,1,1.0,120,0,0.44,0.5,浏览<点击
2162,6246,525368335,9811363528,53.38,10,23,0.6364,79,0,5.338,2.3,
2163,6250,525368335,9811363528,1.47,1,1,1.0,10,0,1.47,1.0,
2164,6261,525368335,9811363528,27.63,12,14,0.8333,86,0,2.3025,1.1667,
2165,6269,525368335,9811363528,0.0,0,0,,,1,,,
2166,6272,525368335,9811363528,121.35,23,43,0.75,57,0,5.2761,1.8696,
2167,6291,525368335,9811363528,0.0,0,0,,,1,,,
2168,6305,525368335,9811363528,3.8,5,6,0.75,15,0,0.76,1.2,
2169,6306,525368335,9811363528,0.0,0,0,,,1,,,
2170,6307,525368335,9811363528,20.78,8,22,0.7143,223,0,2.5975,2.75,
2171,6340,525368335,9811363528,1.45,1,0,0.0,0,0,1.45,0.0,浏览<点击
2172,6343,525368335,9811363528,40.22,9,35,0.5,214,0,4.4689,3.8889,
2173,6351,525368335,9811363528,0.0,0,0,,,1,,,
2174,6353,525368335,9811363528,1.5,2,2,1.0,2,0,0.75,1.0,
2175,6359,525368335,9811363528,0.0,0,0,,,1,,,
2176,6363,525368335,9811363528,0.0,0,0,,,1,,,
2177,6365,525368335,9811363528,0.0,0,0,,,1,,,
2178,6366,525368335,9811363528,12.65,13,36,0.6923,81,0,0.9731,2.7692,
2179,6372,525368335,9811363528,4.92,4,10,0.75,37,0,1.23,2.5,
2180,6383,525368335,9811363528,2.7,5,4,1.0,92,0,0.54,0.8,浏览<点击
2181,6402,525368335,9811363528,0.0,0,0,,,1,,,
2182,6407,525368335,9811363528,0.0,0,0,,,1,,,
2183,6409,525368335,9811363528,0.0,0,0,,,1,,,
2184,6418,525368335,9811363528,0.0,0,0,,,1,,,
2185,6428,525368335,9811363528,0.0,0,0,,,1,,,
2186,6432,525368335,9811363528,5.13,4,2,1.0,75,0,1.2825,0.5,浏览<点击
2187,6436,525368335,9811363528,9.62,7,6,1.0,52,0,1.3743,0.8571,浏览<点击
2188,6440,525368335,9811363528,11.87,8,17,0.875,81,0,1.4837,2.125,
2189,6444,525368335,9811363528,0.0,0,0,,,1,,,
2190,6446,525368335,9811363528,0.0,0,0,,,1,,,
2191,6451,525368335,9811363528,0.0,0,0,,,1,,,
2192,6457,525368335,9811363528,0.73,1,1,1.0,120,0,0.73,1.0,
2193,6461,525368335,9811363528,0.0,0,0,,,1,,,
2194,6470,525368335,9811363528,0.0,0,0,,,1,,,
2195,6473,525368335,9811363528,0.0,0,0,,,1,,,
2196,6474,525368335,9811363528,12230.47,690,1211,0.6592,172,0,17.7253,1.7551,CPC极高
2197,6483,525368335,9811363528,21240.56,994,2010,0.8,157,0,21.3688,2.0221,CPC极高
2198,6487,525368335,9811363528,4.97,9,4,1.0,65,0,0.5522,0.4444,浏览<点击
2199,6488,525368335,9811363528,0.0,0,0,,,1,,,
2200,6490,525368335,9811363528,166.07,165,145,0.9524,55,0,1.0065,0.8788,浏览<点击
2201,6492,525368335,9811363528,0.0,0,0,,,1,,,
2202,6503,525368335,9811363528,5.49,7,15,0.8,89,0,0.7843,2.1429,
2203,6510,525368335,9811363528,1.89,2,4,0.5,26,0,0.945,2.0,
2204,6516,525368335,9811363528,110.03,110,88,1.0,3,0,1.0003,0.8,浏览<点击
2205,6518,525368335,9811363528,10.03,8,46,0.4286,322,0,1.2538,5.75,
2206,6522,525368335,9811363528,31241.97,10293,31253,0.8863,39,0,3.0353,3.0363,
2207,6523,525368335,9811363528,1.35,1,1,1.0,37,0,1.35,1.0,
2208,6529,525368335,9811363528,0.0,0,0,,,1,,,
2209,6542,525368335,9811363528,2.88,3,2,1.0,502,0,0.96,0.6667,浏览<点击
2210,6547,525368335,9811363528,0.0,0,0,,,1,,,
2211,6554,525368335,9811363528,22.07,120,24,0.5714,127,0,0.1839,0.2,浏览<点击
2212,6561,525368335,9811363528,190.83,93,12,0.8333,108,0,2.0519,0.129,浏览<点击
2213,6579,525368335,9811363528,10.19,10,7,1.0,54,0,1.019,0.7,浏览<点击
2214,6583,525368335,9811363528,0.0,0,0,,,1,,,
2215,6588,525368335,9811363528,0.0,0,0,,,1,,,
2216,6595,525368335,9811363528,2.0,1,0,0.0,0,0,2.0,0.0,浏览<点击
2217,6601,525368335,9811363528,0.75,1,1,1.0,8,0,0.75,1.0,
2218,6607,525368335,9811363528,2674.93,1735,2223,0.6209,240,0,1.5417,1.2813,
2219,6615,525368335,9811363528,0.0,0,0,,,1,,,
2220,6616,525368335,9811363528,5.75,3,6,0.3333,19,0,1.9167,2.0,
2221,6621,525368335,9811363528,0.0,0,0,,,1,,,
2222,6631,525368335,9811363528,0.0,0,0,,,1,,,
2223,6639,525368335,9811363528,0.69,1,1,1.0,120,0,0.69,1.0,
2224,6641,525368335,9811363528,0.37,1,0,0.0,0,0,0.37,0.0,浏览<点击
2225,6648,525368335,9811363528,18.0,18,12,0.8,39,0,1.0,0.6667,浏览<点击
2226,6658,525368335,9811363528,0.0,0,0,,,1,,,
2227,6662,525368335,9811363528,3.14,2,2,0.0,7,0,1.57,1.0,
