序号,关键词,方案ID,推广单元ID,消费额,点击量,浏览量,跳出率,平均访问时长,时长秒_原,是否无效词,是否活跃,时长缺失,时长秒,浏览深度,留存率,CPC,消费额_w,点击量_w,浏览深度_w,留存率_w,时长秒_w,x1,x2,x3,x4,S,d_plus,d_minus,基准类别,S_基准等权,类别_基准等权,S_流量优先,类别_流量优先,S_质量优先,类别_质量优先,稳定词,敏感性
1,9,63563817,1841014603,3424.41,3271,9750,0.6109, 00:03:16,196.0,False,True,False,196.0,2.9807398349128706,0.3891,1.0469000305716907,3424.41,3271.0,2.9807398349128706,0.3891,196.0,8.093156697722637,1.3814676901903444,0.3891,5.2832037287379885,0.6029584397484802,0.013402905288859263,0.020354027563129144,重点词,0.6029584397484802,重点词,0.6968058000340012,重点词,0.5555799893617444,重点词,True,稳定词
3,726,63563817,1841014603,252.86,135,255,0.9059, 00:00:39,39.0,False,True,False,39.0,1.8888888888888888,0.09409999999999996,1.873037037037037,252.86,135.0,1.8888888888888888,0.09409999999999996,39.0,4.912654885736052,1.0608719606852626,0.09409999999999996,3.6888794541139363,0.36625419443704876,0.021229634177959682,0.012269024103654618,重点词,0.36625419443704876,重点词,0.41649631867307335,重点词,0.3284392337110213,重点词,True,稳定词
7,1186,63563817,1841014603,1.79,1,1,1.0, 00:00:13,13.0,False,True,False,13.0,1.0,0.0,1.79,1.79,1.0,1.0,0.0,13.0,0.6931471805599453,0.6931471805599453,0.0,2.6390573296152584,0.15973308856622034,0.028769151445645035,0.0054689591525161245,潜力词,0.15973308856622034,潜力词,0.11163007131836757,潜力词,0.1599766973590889,潜力词,True,稳定词
10,1567,63563817,1841014603,37.32,23,77,0.6957, 00:03:07,187.0,False,True,False,187.0,3.347826086956522,0.3043,1.622608695652174,37.32,23.0,3.347826086956522,0.3043,187.0,3.1780538303479458,1.4696759700589417,0.3043,5.236441962829949,0.41841754147593757,0.01944878969339599,0.013992366256790418,重点词,0.41841754147593757,重点词,0.3519030209977782,重点词,0.4217574968660213,重点词,True,稳定词
12,1667,63563817,1841014603,88.09,41,86,0.8333, 00:00:49,49.0,False,True,False,49.0,2.097560975609756,0.16669999999999996,2.1485365853658536,88.09,41.0,2.097560975609756,0.16669999999999996,49.0,3.7376696182833684,1.1306150197542835,0.16669999999999996,3.912023005428146,0.346282993472263,0.02140575180948609,0.011338924550066215,重点词,0.346282993472263,重点词,0.3418436904467922,重点词,0.328969901393901,重点词,True,稳定词
15,2123,63563817,1841014603,6.32,3,2,1.0, 00:00:08,8.0,False,True,False,8.0,0.6666666666666666,0.0,2.106666666666667,6.32,3.0,0.6666666666666666,0.0,8.0,1.3862943611198906,0.5108256237659907,0.0,2.1972245773362196,0.13184875270225402,0.02854958749208752,0.004335912103694314,潜力词,0.13184875270225402,潜力词,0.107651257690931,潜力词,0.1284347771907295,潜力词,True,稳定词
19,2478,63563817,1841014603,49.0,25,166,0.4737, 00:10:46,646.0,False,True,False,646.0,6.64,0.5263,1.96,49.0,25.0,6.64,0.5263,646.0,3.258096538021482,2.033397603178429,0.5263,6.472346294500901,0.5447478221629591,0.016001462252800566,0.019147106017263472,重点词,0.5447478221629591,重点词,0.42893875460788594,重点词,0.5721879432225113,重点词,True,稳定词
20,2505,63563817,1841014603,6.15,2,7,0.0, 00:02:22,142.0,False,True,False,142.0,3.5,1.0,3.075,6.15,2.0,3.5,1.0,142.0,1.0986122886681098,1.5040773967762742,1.0,4.962844630259907,0.5152005699481566,0.019433579965522935,0.02065223441640559,黄金词,0.5152005699481566,黄金词,0.3603619220837384,黄金词,0.5924229219762907,黄金词,True,稳定词
21,2570,63563817,1841014603,10.34,7,27,0.5, 00:00:54,54.0,False,True,False,54.0,3.857142857142857,0.5,1.477142857142857,10.34,7.0,3.857142857142857,0.5,54.0,2.0794415416798357,1.580450375560848,0.5,4.007333185232471,0.42843493151738404,0.019584465377229767,0.014680164246169662,重点词,0.42843493151738404,重点词,0.3141043936139045,重点词,0.46481895530163514,重点词,True,稳定词
24,2889,63563817,1841014603,1.89,1,1,1.0, 00:00:21,21.0,False,True,False,21.0,1.0,0.0,1.89,1.89,1.0,1.0,0.0,21.0,0.6931471805599453,0.6931471805599453,0.0,3.091042453358316,0.1698329305497781,0.028621966486960377,0.005855390589989535,潜力词,0.1698329305497781,潜力词,0.11881617463855457,潜力词,0.1700914696535724,潜力词,True,稳定词
25,2892,63563817,1841014603,30.77,18,54,0.6842, 00:01:59,119.0,False,True,False,119.0,3.0,0.31579999999999997,1.7094444444444443,30.77,18.0,3.0,0.31579999999999997,119.0,2.9444389791664403,1.3862943611198906,0.31579999999999997,4.787491742782046,0.3974132966563658,0.019983609132375832,0.013179434495189702,重点词,0.3974132966563658,重点词,0.3288273240937122,重点词,0.40464247865601854,重点词,True,稳定词
27,2985,63563817,1841014603,114.03,75,197,0.6901, 00:02:44,164.0,False,True,False,164.0,2.6266666666666665,0.30989999999999995,1.5204,114.03,75.0,2.6266666666666665,0.30989999999999995,164.0,4.330733340286331,1.2883139527596867,0.30989999999999995,5.10594547390058,0.4374116229723603,0.018307699338678325,0.014234208895197038,重点词,0.4374116229723603,重点词,0.42027496992100205,重点词,0.42697731862063376,重点词,True,稳定词
30,3169,63563817,1841014603,5.66,4,4,1.0, 00:00:07,7.0,False,True,False,7.0,1.0,0.0,1.415,5.66,4.0,1.0,0.0,7.0,1.6094379124341003,0.6931471805599453,0.0,2.0794415416798357,0.1634272285571087,0.027764291491103803,0.005423845200480037,潜力词,0.1634272285571087,潜力词,0.13597173932143422,潜力词,0.15845716958685083,潜力词,True,稳定词
31,3304,63563817,1841014603,7.68,5,6,0.75, 00:00:50,50.0,False,True,False,50.0,1.2,0.25,1.536,7.68,5.0,1.2,0.25,50.0,1.791759469228055,0.7884573603642702,0.25,3.9318256327243257,0.26251805965935265,0.024195873588642343,0.008612894009742675,潜力词,0.26251805965935265,潜力词,0.2017844342694896,潜力词,0.27494369173020455,潜力词,True,稳定词
34,3501,63563817,1841014603,13.49,8,40,0.75, 00:06:01,361.0,False,True,False,361.0,5.0,0.25,1.68625,13.49,8.0,5.0,0.25,361.0,2.1972245773362196,1.791759469228055,0.25,5.8916442118257715,0.42266366324238197,0.020775202417405967,0.015209372075309494,重点词,0.42266366324238197,重点词,0.32056110328459786,重点词,0.4302732805124772,重点词,True,稳定词
35,3732,63563817,1841014603,15.92,10,11,0.9, 00:00:29,29.0,False,True,False,29.0,1.1,0.09999999999999998,1.592,15.92,10.0,1.1,0.09999999999999998,29.0,2.3978952727983707,0.7419373447293773,0.09999999999999998,3.4011973816621555,0.23032441327596787,0.025111909771858284,0.007514706175182507,问题词,0.23032441327596787,问题词,0.21033978888750365,问题词,0.22268636993054142,问题词,True,稳定词
38,4048,63563817,1841014603,2.81,2,23,0.0, 00:07:57,477.0,False,True,False,477.0,11.5,1.0,1.405,2.81,2.0,11.082051282051294,1.0,477.0,1.0986122886681098,2.4917209862077314,1.0,6.169610732491456,0.5814185046854591,0.018056944461608236,0.0250814758071603,黄金词,0.5814185046854591,黄金词,0.4107623103003735,黄金词,0.654905508612031,黄金词,True,稳定词
40,4186,63563817,1841014603,3.17,2,3,0.5, 00:02:04,124.0,False,True,False,124.0,1.5,0.5,1.585,3.17,2.0,1.5,0.5,124.0,1.0986122886681098,0.9162907318741551,0.5,4.8283137373023015,0.34799858571027403,0.022744233876094345,0.012139484744165619,黄金词,0.34799858571027403,黄金词,0.24055959284635386,潜力词,0.39124301662933836,黄金词,False,边界敏感词
42,4675,63563817,1841014603,1.45,1,3,0.0, 00:00:42,42.0,False,True,False,42.0,3.0,1.0,1.45,1.45,1.0,3.0,1.0,42.0,0.6931471805599453,1.3862943611198906,1.0,3.7612001156935624,0.48683888143863596,0.02084100633525854,0.019771981635626403,黄金词,0.48683888143863596,黄金词,0.3379033694827771,黄金词,0.5647839292746155,黄金词,True,稳定词
43,4713,63563817,1841014603,7.19,4,8,0.5, 00:00:31,31.0,False,True,False,31.0,2.0,0.5,1.7975,7.19,4.0,2.0,0.5,31.0,1.6094379124341003,1.0986122886681098,0.5,3.4657359027997265,0.3568371962844677,0.021759891224671413,0.012072741973276561,黄金词,0.3568371962844677,黄金词,0.255244137771525,潜力词,0.3981508877602844,黄金词,False,边界敏感词
44,4773,63563817,1841014603,52.44,31,42,0.8621, 00:00:48,48.0,False,True,False,48.0,1.3548387096774193,0.13790000000000002,1.6916129032258065,52.44,31.0,1.3548387096774193,0.13790000000000002,48.0,3.4657359027997265,0.8564722366632449,0.13790000000000002,3.8918202981106265,0.2982118029084748,0.02288203960080879,0.00972329587738903,问题词,0.2982118029084748,问题词,0.302742591359174,重点词,0.281070867366072,问题词,False,边界敏感词
45,4827,63563817,1841014603,14.14,7,13,0.6667, 00:04:15,255.0,False,True,False,255.0,1.8571428571428572,0.33330000000000004,2.02,14.14,7.0,1.8571428571428572,0.33330000000000004,255.0,2.0794415416798357,1.0498221244986776,0.33330000000000004,5.545177444479562,0.3522737001422724,0.021885142060123295,0.011902496429977144,重点词,0.3522737001422724,重点词,0.2681271749705993,问题词,0.36984170407448347,重点词,False,边界敏感词
46,4868,63563817,1841014603,6.19,3,3,1.0, 00:03:11,191.0,False,True,False,191.0,1.0,0.0,2.0633333333333335,6.19,3.0,1.0,0.0,191.0,1.3862943611198906,0.6931471805599453,0.0,5.2574953720277815,0.2353600168100689,0.027181928206407347,0.008366733652745722,潜力词,0.2353600168100689,潜力词,0.17706981329053129,潜力词,0.23247969655082112,潜力词,True,稳定词
49,5134,63563817,1841014603,68.89,48,115,0.6744, 00:02:58,178.0,False,True,False,178.0,2.3958333333333335,0.3256,1.4352083333333334,68.89,48.0,2.3958333333333335,0.3256,178.0,3.8918202981106265,1.2225491898988714,0.3256,5.187385805840755,0.41955063918083374,0.01889821805287883,0.013659691953617673,重点词,0.41955063918083374,重点词,0.3873948811965943,重点词,0.4165043541474917,重点词,True,稳定词
52,5267,63563817,1841014603,3.36,2,4,0.5, 00:02:13,133.0,False,True,False,133.0,2.0,0.5,1.68,3.36,2.0,2.0,0.5,133.0,1.0986122886681098,1.0986122886681098,0.5,4.897839799950911,0.36668155846522676,0.022190867659521652,0.012848168320142352,黄金词,0.36668155846522676,黄金词,0.25251652180675976,潜力词,0.409724438331262,黄金词,False,边界敏感词
53,5307,63563817,1841014603,88.18,34,40,0.6667, 00:01:30,90.0,False,True,False,90.0,1.1764705882352942,0.33330000000000004,2.593529411764706,88.18,34.0,1.1764705882352942,0.33330000000000004,90.0,3.5553480614894135,0.7777045685880084,0.33330000000000004,4.51085950651685,0.34991129944851745,0.02092315737742392,0.011261923457967327,重点词,0.34991129944851745,重点词,0.3334926887506364,重点词,0.35189326079635275,重点词,True,稳定词
57,5374,63563817,1841014603,38.32,26,33,0.7895, 00:02:33,153.0,False,True,False,153.0,1.2692307692307692,0.21050000000000002,1.4738461538461538,38.32,26.0,1.2692307692307692,0.21050000000000002,153.0,3.295836866004329,0.8194409058842373,0.21050000000000002,5.0369526024136295,0.32534255436489506,0.022162166707642025,0.010687343589808468,重点词,0.32534255436489506,重点词,0.30728553432389094,重点词,0.3174848875074475,重点词,True,稳定词
59,5418,63563817,1841014603,16.8,10,27,0.8, 00:01:44,104.0,False,True,False,104.0,2.7,0.19999999999999996,1.6800000000000002,16.8,10.0,2.7,0.19999999999999996,104.0,2.3978952727983707,1.308332819650179,0.19999999999999996,4.653960350157523,0.3443721808593131,0.022162049036727804,0.01164074027409641,重点词,0.3443721808593131,重点词,0.27612346770609125,问题词,0.3457046196595387,重点词,False,边界敏感词
60,5592,63563817,1841014603,7.11,4,3,1.0, 00:00:07,7.0,False,True,False,7.0,0.75,0.0,1.7775,7.11,4.0,0.75,0.0,7.0,1.6094379124341003,0.5596157879354227,0.0,2.0794415416798357,0.1426117754085243,0.028162331007395947,0.0046843190860487134,潜力词,0.1426117754085243,潜力词,0.12366204275799211,潜力词,0.1372583438651469,潜力词,True,稳定词
63,5801,63563817,1841014603,0.5,1,2,0.0, 00:00:32,32.0,False,True,False,32.0,2.0,1.0,0.5,0.5,1.0,2.0,1.0,32.0,0.6931471805599453,1.0986122886681098,1.0,3.4965075614664802,0.46502794930884994,0.021691307842765937,0.018855311022167545,黄金词,0.46502794930884994,黄金词,0.3247499372317321,黄金词,0.5422137685934019,黄金词,True,稳定词
69,6083,63563817,1841014603,126.96,76,279,0.6053, 00:03:17,197.0,False,True,False,197.0,3.6710526315789473,0.39470000000000005,1.6705263157894736,126.96,76.0,3.6710526315789473,0.39470000000000005,197.0,4.343805421853684,1.5413844491890847,0.39470000000000005,5.288267030694535,0.4897633590447876,0.016657860489796044,0.01598946263974424,重点词,0.4897633590447876,重点词,0.44751116566667526,重点词,0.48885764387039243,重点词,True,稳定词
71,6149,63563817,1841014603,183.37,97,613,0.4804, 00:06:37,397.0,False,True,False,397.0,6.319587628865979,0.5196000000000001,1.8904123711340206,183.37,97.0,6.319587628865979,0.5196000000000001,397.0,4.584967478670572,1.9905539915319783,0.5196000000000001,5.986452005284438,0.5837792963962699,0.013940882007742189,0.01955308378261609,重点词,0.5837792963962699,重点词,0.5092209059609484,重点词,0.5949681036475396,重点词,True,稳定词
73,6325,63563817,1841014603,18.15,9,13,0.75, 00:00:41,41.0,False,True,False,41.0,1.4444444444444444,0.25,2.0166666666666666,18.15,9.0,1.4444444444444444,0.25,41.0,2.302585092994046,0.8938178760220964,0.25,3.7376696182833684,0.28484116241296914,0.023205134537006882,0.009242390848125406,问题词,0.28484116241296914,问题词,0.23543721625363614,问题词,0.2923578148520101,问题词,True,稳定词
74,6352,63563817,1841014603,61.07,36,181,0.4286, 00:06:44,404.0,False,True,False,404.0,5.027777777777778,0.5714,1.696388888888889,61.07,36.0,5.027777777777778,0.5714,404.0,3.6109179126442243,1.7963784150843496,0.5714,6.003887067106539,0.5428059525642381,0.015461647400553186,0.018356919326796055,重点词,0.5428059525642381,重点词,0.4398265614893294,重点词,0.5723660083093426,重点词,True,稳定词
76,6414,63563817,1841014603,1.78,1,1,1.0, 00:04:20,260.0,False,True,False,260.0,1.0,0.0,1.78,1.78,1.0,1.0,0.0,260.0,0.6931471805599453,0.6931471805599453,0.0,5.564520407322694,0.23487510746251675,0.028091259407863556,0.008623347164013693,潜力词,0.23487510746251675,潜力词,0.1667923170599862,潜力词,0.23521720609047614,潜力词,True,稳定词
78,480,63563817,2526158329,12.25,4,4,1.0, 00:03:07,187.0,False,True,False,187.0,1.0,0.0,3.0625,12.25,4.0,1.0,0.0,187.0,1.6094379124341003,0.6931471805599453,0.0,5.236441962829949,0.238781536155022,0.02688891198642085,0.008434603224446096,问题词,0.238781536155022,问题词,0.18547899826386263,问题词,0.2344236531143406,问题词,True,稳定词
79,770,63563817,2526158329,41.28,30,49,0.75, 00:01:47,107.0,False,True,False,107.0,1.6333333333333333,0.25,1.3760000000000001,41.28,30.0,1.6333333333333333,0.25,107.0,3.4339872044851463,0.9682504708048661,0.25,4.68213122712422,0.34813451865674017,0.021176647878568204,0.011309575866445513,重点词,0.34813451865674017,重点词,0.32619160877051007,重点词,0.3424876531471446,重点词,True,稳定词
81,934,63563817,2526158329,3.84,2,4,0.5, 00:00:16,16.0,False,True,False,16.0,2.0,0.5,1.92,3.84,2.0,2.0,0.5,16.0,1.0986122886681098,1.0986122886681098,0.5,2.833213344056216,0.3378755505438438,0.02284320759191109,0.011656662652532578,黄金词,0.3378755505438438,黄金词,0.2330617862854835,潜力词,0.3821150018479637,黄金词,False,边界敏感词
82,1262,63563817,2526158329,2.21,1,1,1.0, 00:00:11,11.0,False,True,False,11.0,1.0,0.0,2.21,2.21,1.0,1.0,0.0,11.0,0.6931471805599453,0.6931471805599453,0.0,2.4849066497880004,0.15656376398824745,0.028822790348021664,0.005350261647363608,潜力词,0.15656376398824745,潜力词,0.1093930955023073,潜力词,0.15680254782984282,潜力词,True,稳定词
84,1385,63563817,2526158329,11.15,5,9,1.0, 00:00:43,43.0,False,True,False,43.0,1.8,0.0,2.23,11.15,5.0,1.8,0.0,43.0,1.791759469228055,1.0296194171811581,0.0,3.784189633918261,0.2482895719043336,0.026032971699106306,0.008598677305759196,问题词,0.2482895719043336,问题词,0.1965060893623275,问题词,0.24236402659022044,问题词,True,稳定词
87,2397,63563817,2526158329,8.06,6,24,0.75, 00:04:53,293.0,False,True,False,293.0,4.0,0.25,1.3433333333333335,8.06,6.0,4.0,0.25,293.0,1.9459101490553132,1.6094379124341003,0.25,5.683579767338681,0.3942312059058963,0.02150474922078493,0.013995179845294126,重点词,0.3942312059058963,重点词,0.2935444913597725,重点词,0.4040181028110901,重点词,True,稳定词
90,3286,63563817,2526158329,1.9,1,1,1.0, 00:00:19,19.0,False,True,False,19.0,1.0,0.0,1.9,1.9,1.0,1.0,0.0,19.0,0.6931471805599453,0.6931471805599453,0.0,2.995732273553991,0.16761432673177723,0.028651744064575796,0.005769492370308442,潜力词,0.16761432673177723,潜力词,0.11723078344125087,潜力词,0.1678696385622914,潜力词,True,稳定词
93,4348,63563817,2526158329,23.31,12,15,0.8333, 00:00:25,25.0,False,True,False,25.0,1.25,0.16669999999999996,1.9425,23.31,12.0,1.25,0.16669999999999996,25.0,2.5649493574615367,0.8109302162163288,0.16669999999999996,3.258096538021482,0.2541604900852323,0.024062702400342233,0.008199871625927902,问题词,0.2541604900852323,问题词,0.23132566241978397,问题词,0.2502312692631121,问题词,True,稳定词
94,4497,63563817,2526158329,15.14,10,30,0.963, 00:00:30,30.0,False,True,False,30.0,3.0,0.03700000000000003,1.514,15.14,10.0,3.0,0.03700000000000003,30.0,2.3978952727983707,1.3862943611198906,0.03700000000000003,3.4339872044851463,0.3085166914948552,0.024108187021936303,0.010756265561964256,问题词,0.3085166914948552,问题词,0.2571650368950413,问题词,0.29880545298403627,问题词,True,稳定词
95,5236,63563817,2526158329,7.11,5,36,0.5, 00:21:12,1272.0,False,True,False,1272.0,7.2,0.5,1.4220000000000002,7.11,5.0,7.2,0.5,1160.4800000000007,1.791759469228055,2.1041341542702074,0.5,7.057450332948998,0.5043429797652896,0.018760752719820337,0.019089518645117633,黄金词,0.5043429797652896,黄金词,0.3626218363843929,黄金词,0.5405418879090471,黄金词,True,稳定词
96,5700,63563817,2526158329,3.63,2,1,1.0, 00:00:03,3.0,False,True,False,3.0,0.5,0.0,1.815,3.63,2.0,0.5,0.0,3.0,1.0986122886681098,0.4054651081081644,0.0,1.3862943611198906,0.09272591684463333,0.029572784939087843,0.003022420289565905,潜力词,0.09272591684463333,潜力词,0.07249975261201598,潜力词,0.09113680160906418,潜力词,True,稳定词
100,6207,63563817,2526158329,2.68,2,3,0.0, 00:00:19,19.0,False,True,False,19.0,1.5,1.0,1.34,2.68,2.0,1.5,1.0,19.0,1.0986122886681098,0.9162907318741551,1.0,2.995732273553991,0.45692995791027574,0.021725055622936192,0.01827909474289608,黄金词,0.45692995791027574,黄金词,0.32543247114431006,黄金词,0.5319530234239792,黄金词,True,稳定词
101,6545,63563817,2526158329,14.84,6,37,0.5714, 00:03:00,180.0,False,True,False,180.0,6.166666666666667,0.4286,2.473333333333333,14.84,6.0,6.166666666666667,0.4286,180.0,1.9459101490553132,1.9694406464655074,0.4286,5.198497031265826,0.4620438380443504,0.019398776310957728,0.016661367029415442,重点词,0.4620438380443504,重点词,0.33571868846020453,重点词,0.4902813515939008,重点词,True,稳定词
102,6604,63563817,2526158329,1.8,1,2,0.0, 00:00:09,9.0,False,True,False,9.0,2.0,1.0,1.8,1.8,1.0,2.0,1.0,9.0,0.6931471805599453,1.0986122886681098,1.0,2.302585092994046,0.45514808484984165,0.022195547887352195,0.018541296877587682,黄金词,0.45514808484984165,黄金词,0.3195220929188833,黄金词,0.5313548016630084,黄金词,True,稳定词
105,147,63563817,2874903000,41.96,37,51,0.9565, 00:01:20,80.0,False,True,False,80.0,1.3783783783783783,0.04349999999999998,1.134054054054054,41.96,37.0,1.3783783783783783,0.04349999999999998,80.0,3.6375861597263857,0.866418901833982,0.04349999999999998,4.394449154672439,0.3005145876260072,0.023561105729869733,0.010122378318647282,问题词,0.3005145876260072,问题词,0.3131348959785341,重点词,0.2762534574068737,问题词,False,边界敏感词
106,193,63563817,2874903000,4.83,5,4,1.0, 00:01:03,63.0,False,True,False,63.0,0.8,0.0,0.966,4.83,5.0,0.8,0.0,63.0,1.791759469228055,0.5877866649021191,0.0,4.1588830833596715,0.20221391160460028,0.027184915372317837,0.006890528869879096,潜力词,0.20221391160460028,潜力词,0.16756985659344634,潜力词,0.19617711948143704,潜力词,True,稳定词
107,384,63563817,2874903000,25.16,17,21,0.8824, 00:01:07,67.0,False,True,False,67.0,1.2352941176470589,0.11760000000000004,1.48,25.16,17.0,1.2352941176470589,0.11760000000000004,67.0,2.8903717578961645,0.8043728156701697,0.11760000000000004,4.219507705176107,0.27456715764646655,0.023871500549527115,0.009035061100039814,问题词,0.27456715764646655,问题词,0.2594374897375421,问题词,0.26318284370039985,问题词,True,稳定词
108,405,63563817,2874903000,39.06,26,22,1.0, 00:00:56,56.0,False,True,False,56.0,0.8461538461538461,0.0,1.5023076923076923,39.06,26.0,0.8461538461538461,0.0,56.0,3.295836866004329,0.6131044728864088,0.0,4.04305126783455,0.25005131852388485,0.025338966867407532,0.008448634195552059,问题词,0.25005131852388485,问题词,0.2690031918379861,问题词,0.2272534231754517,问题词,True,稳定词
109,431,63563817,2874903000,121.72,94,161,0.9146, 00:01:54,114.0,False,True,False,114.0,1.7127659574468086,0.08540000000000003,1.2948936170212766,121.72,94.0,1.7127659574468086,0.08540000000000003,114.0,4.553876891600541,0.9979687628884223,0.08540000000000003,4.74493212836325,0.3606980151391659,0.021579112222297112,0.012175064572562271,重点词,0.3606980151391659,重点词,0.39364031759522883,重点词,0.3278761703249208,重点词,True,稳定词
110,504,63563817,2874903000,60.02,45,64,0.9667, 00:01:00,60.0,False,True,False,60.0,1.4222222222222223,0.033299999999999996,1.333777777777778,60.02,45.0,1.4222222222222223,0.033299999999999996,60.0,3.828641396489095,0.8846853924588239,0.033299999999999996,4.110873864173311,0.30299356940254557,0.023486655112684236,0.010209813214806131,问题词,0.30299356940254557,问题词,0.32491214558499026,重点词,0.27567538527145513,问题词,False,边界敏感词
112,648,63563817,2874903000,5.79,4,3,1.0, 00:01:23,83.0,False,True,False,83.0,0.75,0.0,1.4475,5.79,4.0,0.75,0.0,83.0,1.6094379124341003,0.5596157879354227,0.0,4.430816798843313,0.20288387533930782,0.027445601627945987,0.006985519232428949,潜力词,0.20288387533930782,潜力词,0.16139644634874217,潜力词,0.1984110955333221,潜力词,True,稳定词
113,811,63563817,2874903000,20.17,13,13,0.9167, 00:02:17,137.0,False,True,False,137.0,1.0,0.08330000000000004,1.5515384615384618,20.17,13.0,1.0,0.08330000000000004,137.0,2.6390573296152584,0.6931471805599453,0.08330000000000004,4.927253685157205,0.26543693717643335,0.02474111407865766,0.008940288282571852,问题词,0.26543693717643335,问题词,0.2421680969061152,问题词,0.2550650010047882,问题词,True,稳定词
116,1307,63563817,2874903000,0.81,1,0,0.0,0,,False,True,True,66.5,0.0,1.0,0.81,0.81,1.0,0.0,1.0,66.5,0.6931471805599453,0.0,1.0,4.212127597878484,0.4089551909754047,0.02551493244462157,0.017654269035599555,黄金词,0.4089551909754047,黄金词,0.29872850172996734,黄金词,0.4774579325082321,黄金词,True,稳定词
117,1461,63563817,2874903000,28.41,18,16,1.0, 00:00:29,29.0,False,True,False,29.0,0.8888888888888888,0.0,1.5783333333333334,28.41,18.0,0.8888888888888888,0.0,29.0,2.9444389791664403,0.6359887667199967,0.0,3.4011973816621555,0.22536837189350242,0.025846244972462944,0.0075196079499658345,问题词,0.22536837189350242,问题词,0.23736542050716739,问题词,0.20608935146271767,问题词,True,稳定词
118,1490,63563817,2874903000,1.88,1,1,1.0, 00:00:08,8.0,False,True,False,8.0,1.0,0.0,1.88,1.88,1.0,1.0,0.0,8.0,0.6931471805599453,0.6931471805599453,0.0,2.1972245773362196,0.15110050164909317,0.02892752463508226,0.0051489764009974934,潜力词,0.15110050164909317,潜力词,0.105562267333471,潜力词,0.15133076760769848,潜力词,True,稳定词
120,1552,63563817,2874903000,11.22,8,4,1.0, 00:00:03,3.0,False,True,False,3.0,0.5,0.0,1.4025,11.22,8.0,0.5,0.0,3.0,2.1972245773362196,0.4054651081081644,0.0,1.3862943611198906,0.13155536972950083,0.028233819982039627,0.0042769688442387795,问题词,0.13155536972950083,问题词,0.15003548542994816,问题词,0.11738019886964733,问题词,True,稳定词
121,1812,63563817,2874903000,7.32,4,3,1.0, 00:00:03,3.0,False,True,False,3.0,0.75,0.0,1.83,7.32,4.0,0.75,0.0,3.0,1.6094379124341003,0.5596157879354227,0.0,1.3862943611198906,0.1320237209231217,0.02845293306848616,0.004327839579755797,潜力词,0.1320237209231217,潜力词,0.11769284314421112,潜力词,0.12642828880112686,潜力词,True,稳定词
123,2038,63563817,2874903000,84.93,60,60,0.9057, 00:02:08,128.0,False,True,False,128.0,1.0,0.09430000000000005,1.4155000000000002,84.93,60.0,1.0,0.09430000000000005,128.0,4.110873864173311,0.6931471805599453,0.09430000000000005,4.859812404361672,0.317442503780712,0.022925437650897388,0.010662117650864385,问题词,0.317442503780712,问题词,0.34784445220023374,重点词,0.28988311367034936,问题词,False,边界敏感词
125,2107,63563817,2874903000,60.53,43,37,0.9714, 00:01:30,90.0,False,True,False,90.0,0.8604651162790697,0.02859999999999996,1.4076744186046513,60.53,43.0,0.8604651162790697,0.02859999999999996,90.0,3.784189633918261,0.6208265189803192,0.02859999999999996,4.51085950651685,0.28225757077603586,0.02434368827125826,0.009573337224335038,问题词,0.28225757077603586,问题词,0.3120379857627577,重点词,0.2549649760270637,问题词,False,边界敏感词
126,2249,63563817,2874903000,4.33,3,3,1.0, 00:00:46,46.0,False,True,False,46.0,1.0,0.0,1.4433333333333334,4.33,3.0,1.0,0.0,46.0,1.3862943611198906,0.6931471805599453,0.0,3.8501476017100584,0.19763697688673387,0.02746933194385633,0.006766208768466105,潜力词,0.19763697688673387,潜力词,0.15032669513544636,潜力词,0.19468108929467728,潜力词,True,稳定词
127,2270,63563817,2874903000,26.65,15,13,1.0, 00:00:34,34.0,False,True,False,34.0,0.8666666666666667,0.0,1.7766666666666666,26.65,15.0,0.8666666666666667,0.0,34.0,2.772588722239781,0.6241543090729939,0.0,3.5553480614894135,0.22098238734392775,0.02603515040458025,0.007385339686539788,问题词,0.22098238734392775,问题词,0.22562513811785065,问题词,0.20399570464249014,问题词,True,稳定词
128,2275,63563817,2874903000,264.04,180,181,0.9463, 00:01:27,87.0,False,True,False,87.0,1.0055555555555555,0.05369999999999997,1.466888888888889,264.04,180.0,1.0055555555555555,0.05369999999999997,87.0,5.198497031265826,0.6959211074426706,0.05369999999999997,4.477336814478207,0.3478692920029727,0.022416205532641682,0.011957586803393911,重点词,0.3478692920029727,重点词,0.4215146718772457,重点词,0.3043358470256732,问题词,False,边界敏感词
129,2499,63563817,2874903000,1.08,1,0,0.0,0,,False,True,True,66.5,0.0,1.0,1.08,1.08,1.0,0.0,1.0,66.5,0.6931471805599453,0.0,1.0,4.212127597878484,0.4089551909754047,0.02551493244462157,0.017654269035599555,黄金词,0.4089551909754047,黄金词,0.29872850172996734,黄金词,0.4774579325082321,黄金词,True,稳定词
130,2561,63563817,2874903000,402.98,281,248,0.9607, 00:01:19,79.0,False,True,False,79.0,0.8825622775800712,0.0393,1.4340925266903914,402.98,281.0,0.8825622775800712,0.0393,79.0,5.641907070938114,0.6326337625245536,0.0393,4.382026634673881,0.35689344331695705,0.022474497601881752,0.012472273455466334,重点词,0.35689344331695705,重点词,0.44806728573221744,重点词,0.30756675496834607,问题词,False,边界敏感词
131,2574,63563817,2874903000,4.62,2,1,1.0, 00:02:00,120.0,False,True,False,120.0,0.5,0.0,2.31,4.62,2.0,0.5,0.0,120.0,1.0986122886681098,0.4054651081081644,0.0,4.795790545596741,0.19132793798168635,0.02853532326950284,0.006751320859494673,潜力词,0.19132793798168635,潜力词,0.1404719610137314,潜力词,0.19011176874161245,潜力词,True,稳定词
132,2596,63563817,2874903000,1.47,1,1,1.0, 00:00:01,1.0,False,True,False,1.0,1.0,0.0,1.47,1.47,1.0,1.0,0.0,1.0,0.6931471805599453,0.6931471805599453,0.0,0.6931471805599453,0.1354663103126751,0.029570784147216124,0.004633532584397842,潜力词,0.1354663103126751,潜力词,0.09516320728013836,潜力词,0.13566748995043118,潜力词,True,稳定词
133,2669,63563817,2874903000,7.34,7,9,0.8571, 00:00:23,23.0,False,True,False,23.0,1.2857142857142858,0.14290000000000003,1.0485714285714285,7.34,7.0,1.2857142857142858,0.14290000000000003,23.0,2.0794415416798357,0.826678573184468,0.14290000000000003,3.1780538303479458,0.23485986478914006,0.02491596581198809,0.00764795897170093,潜力词,0.23485986478914006,潜力词,0.19729117664840623,潜力词,0.23412009010272813,潜力词,True,稳定词
134,2733,63563817,2874903000,9.83,7,7,1.0, 00:01:28,88.0,False,True,False,88.0,1.0,0.0,1.4042857142857144,9.83,7.0,1.0,0.0,88.0,2.0794415416798357,0.6931471805599453,0.0,4.48863636973214,0.22955595273698348,0.026420134218595178,0.007871952679151716,问题词,0.22955595273698348,问题词,0.19622081995302676,问题词,0.22112781828952988,问题词,True,稳定词
135,2774,63563817,2874903000,37.05,27,17,1.0, 00:01:33,93.0,False,True,False,93.0,0.6296296296296297,0.0,1.372222222222222,37.05,27.0,0.6296296296296297,0.0,93.0,3.332204510175204,0.4883527679139321,0.0,4.543294782270004,0.2516180676391437,0.025602861640884638,0.008608094735517297,问题词,0.2516180676391437,问题词,0.27155445510269816,问题词,0.2289342002558058,问题词,True,稳定词
136,2797,63563817,2874903000,5.41,4,3,1.0, 00:00:04,4.0,False,True,False,4.0,0.75,0.0,1.3525,5.41,4.0,0.75,0.0,4.0,1.6094379124341003,0.5596157879354227,0.0,1.6094379124341003,0.1348393869977655,0.028355583412776865,0.004419352231113374,潜力词,0.1348393869977655,潜力词,0.11925359628138202,潜力词,0.12930676125747473,潜力词,True,稳定词
137,2803,63563817,2874903000,8.18,7,7,1.0, 00:00:23,23.0,False,True,False,23.0,1.0,0.0,1.1685714285714286,8.18,7.0,1.0,0.0,23.0,2.0794415416798357,0.6931471805599453,0.0,3.1780538303479458,0.1978694287789789,0.026774236825125145,0.006604664049290853,问题词,0.1978694287789789,问题词,0.17730814335922723,问题词,0.1887362733114968,问题词,True,稳定词
138,2863,63563817,2874903000,27.28,18,12,1.0, 00:01:26,86.0,False,True,False,86.0,0.6666666666666666,0.0,1.5155555555555555,27.28,18.0,0.6666666666666666,0.0,86.0,2.9444389791664403,0.5108256237659907,0.0,4.465908118654584,0.23757841882775482,0.02597421831210431,0.008093834001116153,问题词,0.23757841882775482,问题词,0.24331632970048966,问题词,0.21950454170301648,问题词,True,稳定词
139,2938,63563817,2874903000,40.92,30,26,0.9091, 00:01:12,72.0,False,True,False,72.0,0.8666666666666667,0.09089999999999998,1.364,40.92,30.0,0.8666666666666667,0.09089999999999998,72.0,3.4339872044851463,0.6241543090729939,0.09089999999999998,4.290459441148391,0.2725073349713091,0.024084557889849055,0.00902169739988532,问题词,0.2725073349713091,问题词,0.288143978661838,重点词,0.25213252541097647,问题词,False,边界敏感词
140,2959,63563817,2874903000,1.27,2,2,1.0, 00:00:25,25.0,False,True,False,25.0,1.0,0.0,0.635,1.27,2.0,1.0,0.0,25.0,1.0986122886681098,0.6931471805599453,0.0,3.258096538021482,0.17807266914686276,0.028019580556048442,0.006070514157026633,潜力词,0.17807266914686276,潜力词,0.1296418599914533,潜力词,0.17679686568688444,潜力词,True,稳定词
141,3163,63563817,2874903000,614.71,402,350,0.9824, 00:00:44,44.0,False,True,False,44.0,0.8706467661691543,0.01759999999999995,1.529129353233831,614.71,402.0,0.8706467661691543,0.01759999999999995,44.0,5.998936561946683,0.6262842353308188,0.01759999999999995,3.8066624897703196,0.35971952292953935,0.02266251144693088,0.012732151140035597,重点词,0.35971952292953935,重点词,0.46640388648413567,重点词,0.3049550429785737,问题词,False,边界敏感词
142,3422,63563817,2874903000,7.28,6,4,1.0, 00:01:06,66.0,False,True,False,66.0,0.6666666666666666,0.0,1.2133333333333334,7.28,6.0,0.6666666666666666,0.0,66.0,1.9459101490553132,0.5108256237659907,0.0,4.204692619390966,0.1994268785594482,0.027225531242490917,0.006782019739861924,潜力词,0.1994268785594482,潜力词,0.1724613700942543,潜力词,0.19196090866360888,潜力词,True,稳定词
143,3465,63563817,2874903000,1.98,2,1,1.0, 00:00:01,1.0,False,True,False,1.0,0.5,0.0,0.99,1.98,2.0,0.5,0.0,1.0,1.0986122886681098,0.4054651081081644,0.0,0.6931471805599453,0.08677527623050757,0.02988551301323723,0.0028397431426404,潜力词,0.08677527623050757,潜力词,0.06889712343625956,潜力词,0.08513521330442218,潜力词,True,稳定词
145,3801,63563817,2874903000,12.08,9,7,1.0, 00:00:40,40.0,False,True,False,40.0,0.7777777777777778,0.0,1.3422222222222222,12.08,9.0,0.7777777777777778,0.0,40.0,2.302585092994046,0.5753641449035619,0.0,3.713572066704308,0.2032975799942526,0.026704445598092,0.006814274726492122,问题词,0.2032975799942526,问题词,0.19145175966477634,问题词,0.19185091206253405,问题词,True,稳定词
146,3863,63563817,2874903000,28.12,18,15,1.0, 00:00:39,39.0,False,True,False,39.0,0.8333333333333334,0.0,1.5622222222222222,28.12,18.0,0.8333333333333334,0.0,39.0,2.9444389791664403,0.6061358035703155,0.0,3.6888794541139363,0.2283532924586777,0.025855655660223967,0.007651460235607645,问题词,0.2283532924586777,问题词,0.2387947953872946,问题词,0.20935414437140273,问题词,True,稳定词
147,3972,63563817,2874903000,18.12,14,15,0.9, 00:01:10,70.0,False,True,False,70.0,1.0714285714285714,0.09999999999999998,1.2942857142857143,18.12,14.0,1.0714285714285714,0.09999999999999998,70.0,2.70805020110221,0.7282385003712154,0.09999999999999998,4.2626798770413155,0.25800329133357497,0.024514706439866647,0.008524128036806989,问题词,0.25800329133357497,问题词,0.24126156733639498,问题词,0.24739008460119072,问题词,True,稳定词
148,4023,63563817,2874903000,29.05,12,19,0.9375, 00:01:12,72.0,False,True,False,72.0,1.5833333333333333,0.0625,2.4208333333333334,29.05,12.0,1.5833333333333333,0.0625,72.0,2.5649493574615367,0.9490805546971459,0.0625,4.290459441148391,0.2746364655456389,0.024421730484079543,0.009246532840530864,问题词,0.2746364655456389,问题词,0.2436195391718897,问题词,0.26394476919093796,问题词,True,稳定词
149,4166,63563817,2874903000,24.53,20,21,0.9444, 00:00:41,41.0,False,True,False,41.0,1.05,0.05559999999999998,1.2265000000000001,24.53,20.0,1.05,0.05559999999999998,41.0,3.044522437723423,0.7178397931503169,0.05559999999999998,3.7376696182833684,0.250817124973359,0.024757535728023784,0.008288515581068677,问题词,0.250817124973359,问题词,0.2556553597886971,问题词,0.23300668581694514,问题词,True,稳定词
150,4345,63563817,2874903000,0.56,1,0,0.0,0,,False,True,True,66.5,0.0,1.0,0.56,0.56,1.0,0.0,1.0,66.5,0.6931471805599453,0.0,1.0,4.212127597878484,0.4089551909754047,0.02551493244462157,0.017654269035599555,黄金词,0.4089551909754047,黄金词,0.29872850172996734,黄金词,0.4774579325082321,黄金词,True,稳定词
152,4363,63563817,2874903000,0.15,1,1,1.0, 00:00:15,15.0,False,True,False,15.0,1.0,0.0,0.15,0.15,1.0,1.0,0.0,15.0,0.6931471805599453,0.6931471805599453,0.0,2.772588722239781,0.16259971898946918,0.028724096814214967,0.005577416411398274,潜力词,0.16259971898946918,潜力词,0.11366129650839232,潜力词,0.16284763015956913,潜力词,True,稳定词
153,4400,63563817,2874903000,14.68,9,4,1.0, 00:00:04,4.0,False,True,False,4.0,0.4444444444444444,0.0,1.6311111111111112,14.68,9.0,0.4444444444444444,0.0,4.0,2.302585092994046,0.36772478012531734,0.0,1.6094379124341003,0.13479799125285596,0.028139820346875045,0.004384168342914197,问题词,0.13479799125285596,问题词,0.15788014206437356,问题词,0.11899734106047842,问题词,True,稳定词
154,4458,63563817,2874903000,14.62,7,5,1.0, 00:03:57,237.0,False,True,False,237.0,0.7142857142857143,0.0,2.0885714285714285,14.62,7.0,0.7142857142857143,0.0,237.0,2.0794415416798357,0.538996500732687,0.0,5.472270673671475,0.24127501126347314,0.026734933120995327,0.008501725112069987,问题词,0.24127501126347314,问题词,0.204264656065847,问题词,0.23329234598355508,问题词,True,稳定词
155,4527,63563817,2874903000,103.53,68,96,0.9153, 00:04:53,293.0,False,True,False,293.0,1.411764705882353,0.0847,1.5225,103.53,68.0,1.411764705882353,0.0847,293.0,4.23410650459726,0.8803587226480918,0.0847,5.683579767338681,0.35394030208955607,0.02212444930941573,0.012120759579132829,重点词,0.35394030208955607,重点词,0.3724410253023986,重点词,0.32612820511689183,重点词,True,稳定词
156,4667,63563817,2874903000,8.06,19,37,0.7059, 00:03:16,196.0,False,True,False,196.0,1.9473684210526316,0.29410000000000003,0.4242105263157895,8.06,19.0,1.9473684210526316,0.29410000000000003,196.0,2.995732273553991,1.080912711568709,0.29410000000000003,5.2832037287379885,0.36758874706351435,0.020850923404849134,0.012119589545437084,重点词,0.36758874706351435,重点词,0.31462337271780105,重点词,0.3719018588227314,重点词,True,稳定词
157,4700,63563817,2874903000,59.83,35,44,0.9231, 00:01:23,83.0,False,True,False,83.0,1.2571428571428571,0.07689999999999997,1.7094285714285713,59.83,35.0,1.2571428571428571,0.07689999999999997,83.0,3.58351893845611,0.8140997909776078,0.07689999999999997,4.430816798843313,0.29826194347134977,0.023398036571956847,0.009944941415729878,问题词,0.29826194347134977,问题词,0.3091468693996591,重点词,0.27607778532909855,问题词,False,边界敏感词
158,4738,63563817,2874903000,3.78,3,3,1.0, 00:00:02,2.0,False,True,False,2.0,1.0,0.0,1.26,3.78,3.0,1.0,0.0,2.0,1.3862943611198906,0.6931471805599453,0.0,1.0986122886681098,0.1466198130923384,0.028474186161385386,0.004892168715642456,潜力词,0.1466198130923384,潜力词,0.11705198963366364,潜力词,0.1434280154508012,潜力词,True,稳定词
159,4798,63563817,2874903000,105.25,107,116,0.973, 00:01:23,83.0,False,True,False,83.0,1.0841121495327102,0.027000000000000024,0.9836448598130841,105.25,107.0,1.0841121495327102,0.027000000000000024,83.0,4.68213122712422,0.7343429369982125,0.027000000000000024,4.430816798843313,0.32617888635285963,0.023087236214070776,0.011175917234933287,重点词,0.32617888635285963,重点词,0.3829748088333133,重点词,0.28793404657789184,问题词,False,边界敏感词
160,4805,63563817,2874903000,39.87,31,24,1.0, 00:00:36,36.0,False,True,False,36.0,0.7741935483870968,0.0,1.2861290322580645,39.87,31.0,0.7741935483870968,0.0,36.0,3.4657359027997265,0.5733459807473247,0.0,3.6109179126442243,0.2439541352951219,0.025409301396616492,0.008198846710291008,问题词,0.2439541352951219,问题词,0.27580464674644184,问题词,0.21804072963581275,问题词,True,稳定词
161,4836,63563817,2874903000,2.94,3,2,1.0, 00:01:01,61.0,False,True,False,61.0,0.6666666666666666,0.0,0.98,2.94,3.0,0.6666666666666666,0.0,61.0,1.3862943611198906,0.5108256237659907,0.0,4.127134385045092,0.1845693873097629,0.02795652499713718,0.006327845201945849,潜力词,0.1845693873097629,潜力词,0.14203534767515963,潜力词,0.18163880459460063,潜力词,True,稳定词
162,4837,63563817,2874903000,36.73,24,25,0.9583, 00:01:19,79.0,False,True,False,79.0,1.0416666666666667,0.04169999999999996,1.5304166666666665,36.73,24.0,1.0416666666666667,0.04169999999999996,79.0,3.2188758248682006,0.713766467762681,0.04169999999999996,4.382026634673881,0.26882456886792083,0.024545050038254863,0.009024253569569806,问题词,0.26882456886792083,问题词,0.2742285460955645,问题词,0.2491033069340525,问题词,True,稳定词
163,4857,63563817,2874903000,26.8,21,20,0.875, 00:00:31,31.0,False,True,False,31.0,0.9523809523809523,0.125,1.2761904761904763,26.8,21.0,0.9523809523809523,0.125,31.0,3.091042453358316,0.6690496289808848,0.125,3.4657359027997265,0.25216763982612045,0.024215625134191097,0.008165462424738139,问题词,0.25216763982612045,问题词,0.2590501935591779,问题词,0.23767137728659504,问题词,True,稳定词
164,4860,63563817,2874903000,46.03,41,111,0.5625, 00:02:53,173.0,False,True,False,173.0,2.707317073170732,0.4375,1.1226829268292684,46.03,41.0,2.707317073170732,0.4375,173.0,3.7376696182833684,1.3103084541419687,0.4375,5.159055299214529,0.45243561082869627,0.01778753800852594,0.014697295483743345,重点词,0.45243561082869627,重点词,0.3960276100688006,重点词,0.46441114668332634,重点词,True,稳定词
165,5241,63563817,2874903000,6.42,4,4,1.0, 00:00:33,33.0,False,True,False,33.0,1.0,0.0,1.605,6.42,4.0,1.0,0.0,33.0,1.6094379124341003,0.6931471805599453,0.0,3.5263605246161616,0.19392241366611832,0.02726561346951052,0.006559435051584267,潜力词,0.19392241366611832,潜力词,0.1550451556027659,潜力词,0.18928504810807537,潜力词,True,稳定词
166,5351,63563817,2874903000,4.07,3,6,0.75, 00:09:18,558.0,False,True,False,558.0,2.0,0.25,1.3566666666666667,4.07,3.0,2.0,0.25,558.0,1.3862943611198906,1.0986122886681098,0.25,6.326149473155099,0.3387353803132974,0.023467365208577434,0.012021249348928948,黄金词,0.3387353803132974,黄金词,0.24323503839075908,潜力词,0.35238089778356757,黄金词,False,边界敏感词
167,5532,63563817,2874903000,68.56,43,82,0.9574, 00:01:59,119.0,False,True,False,119.0,1.9069767441860466,0.04259999999999997,1.5944186046511628,68.56,43.0,1.9069767441860466,0.04259999999999997,119.0,3.784189633918261,1.0671136216087387,0.04259999999999997,4.787491742782046,0.33454140265832705,0.02272119464212788,0.011422469190442475,重点词,0.33454140265832705,重点词,0.33835887497407796,重点词,0.3095599022825362,问题词,False,边界敏感词
168,5926,63563817,2874903000,31.28,19,18,0.9412, 00:01:17,77.0,False,True,False,77.0,0.9473684210526315,0.05879999999999996,1.6463157894736842,31.28,19.0,0.9473684210526315,0.05879999999999996,77.0,2.995732273553991,0.666478933477784,0.05879999999999996,4.356708826689592,0.257552975400894,0.024779586035974546,0.008595975068004028,问题词,0.257552975400894,问题词,0.25637520450701556,问题词,0.2411113910032741,问题词,True,稳定词
169,5995,63563817,2874903000,0.92,1,0,0.0,0,,False,True,True,66.5,0.0,1.0,0.92,0.92,1.0,0.0,1.0,66.5,0.6931471805599453,0.0,1.0,4.212127597878484,0.4089551909754047,0.02551493244462157,0.017654269035599555,黄金词,0.4089551909754047,黄金词,0.29872850172996734,黄金词,0.4774579325082321,黄金词,True,稳定词
171,6242,63563817,2874903000,4.45,4,3,1.0, 00:00:43,43.0,False,True,False,43.0,0.75,0.0,1.1125,4.45,4.0,0.75,0.0,43.0,1.6094379124341003,0.5596157879354227,0.0,3.784189633918261,0.1844312265167097,0.027600079451515654,0.00624143134301348,潜力词,0.1844312265167097,潜力词,0.1492588848645433,潜力词,0.17977627384197425,潜力词,True,稳定词
172,6282,63563817,2874903000,162.07,119,149,0.947, 00:01:16,76.0,False,True,False,76.0,1.2521008403361344,0.05300000000000005,1.3619327731092437,162.07,119.0,1.2521008403361344,0.05300000000000005,76.0,4.787491742782046,0.8118634873993273,0.05300000000000005,4.343805421853684,0.33961660357490353,0.02243623782126644,0.011538325958989437,重点词,0.33961660357490353,重点词,0.395811917723219,重点词,0.3010946296944343,问题词,False,边界敏感词
174,6633,63563817,2874903000,15.18,12,7,1.0, 00:02:22,142.0,False,True,False,142.0,0.5833333333333334,0.0,1.265,15.18,12.0,0.5833333333333334,0.0,142.0,2.5649493574615367,0.4595323293784402,0.0,4.962844630259907,0.23383279183364494,0.026490327679694652,0.008084798216248032,问题词,0.23383279183364494,问题词,0.22165386517708519,问题词,0.22069982747896855,问题词,True,稳定词
175,9,63563817,4190988309,34.07,14,71,0.7143, 00:06:30,390.0,False,True,False,390.0,5.071428571428571,0.28569999999999995,2.4335714285714287,34.07,14.0,5.071428571428571,0.28569999999999995,390.0,2.70805020110221,1.8035939268750578,0.28569999999999995,5.968707559985366,0.445962359593079,0.01957644107036526,0.015757694451522853,重点词,0.445962359593079,重点词,0.3514374345640949,重点词,0.4522697589398274,重点词,True,稳定词
186,2397,63563817,4190988309,2.26,2,36,0.5, 00:24:50,1490.0,False,True,False,1490.0,18.0,0.5,1.13,2.26,2.0,11.082051282051294,0.5,1160.4800000000007,1.0986122886681098,2.4917209862077314,0.5,7.057450332948998,0.5132295428096116,0.019882513473947462,0.020963255163508908,黄金词,0.5132295428096116,黄金词,0.3622961252596283,黄金词,0.5520244490201256,黄金词,True,稳定词
187,2478,63563817,4190988309,101.65,54,148,0.74, 00:02:16,136.0,False,True,False,136.0,2.740740740740741,0.26,1.8824074074074075,101.65,54.0,2.740740740740741,0.26,136.0,4.007333185232471,1.3192836508369303,0.26,4.919980925828125,0.4142066312802139,0.01922283218400532,0.01359220671958553,重点词,0.4142066312802139,重点词,0.39108461441975084,重点词,0.4028068049965651,重点词,True,稳定词
188,2706,63563817,4190988309,0.48,2,0,0.0,0,,False,True,True,315.0,0.0,1.0,0.24,0.48,2.0,0.0,1.0,315.0,1.0986122886681098,0.0,1.0,5.755742213586912,0.429043008354357,0.02460721698031235,0.01849098015251915,黄金词,0.429043008354357,黄金词,0.31828526727993683,黄金词,0.4942115246399781,黄金词,True,稳定词
191,2941,63563817,4190988309,38.41,28,269,0.4138, 00:10:43,643.0,False,True,False,643.0,9.607142857142858,0.5862,1.3717857142857142,38.41,28.0,9.607142857142858,0.5862,643.0,3.367295829986474,2.3615276286274955,0.5862,6.467698726104354,0.5857646063857238,0.015040665459705557,0.021268799379774047,重点词,0.5857646063857238,重点词,0.45968283534438337,重点词,0.6184516379699571,重点词,True,稳定词
195,3617,63563817,4190988309,1.68,1,1,1.0, 00:02:00,120.0,False,True,False,120.0,1.0,0.0,1.68,1.68,1.0,1.0,0.0,120.0,0.6931471805599453,0.6931471805599453,0.0,4.795790545596741,0.21401869481923805,0.028205532455741852,0.007680222421411457,潜力词,0.21401869481923805,潜力词,0.15108856472007434,潜力词,0.21433632984851855,潜力词,True,稳定词
197,4017,63563817,4190988309,18.21,10,21,0.6364, 00:05:15,315.0,False,True,False,315.0,2.1,0.36360000000000003,1.8210000000000002,18.21,10.0,2.1,0.36360000000000003,315.0,2.3978952727983707,1.1314021114911006,0.36360000000000003,5.755742213586912,0.3807229397914898,0.020866557731604236,0.012828470023143338,重点词,0.3807229397914898,重点词,0.29683108421845905,重点词,0.39860504086866827,重点词,True,稳定词
198,4097,63563817,4190988309,37.12,19,418,0.6316, 00:07:29,449.0,False,True,False,449.0,22.0,0.36839999999999995,1.9536842105263157,37.12,19.0,11.082051282051294,0.36839999999999995,449.0,2.995732273553991,2.4917209862077314,0.36839999999999995,6.1092475827643655,0.532187931506729,0.017679817337073685,0.020112746232346053,重点词,0.532187931506729,重点词,0.4199348558462873,重点词,0.5435184713218654,重点词,True,稳定词
199,4101,63563817,4190988309,33.58,27,56,0.6538, 00:01:37,97.0,False,True,False,97.0,2.074074074074074,0.34619999999999995,1.2437037037037035,33.58,27.0,2.074074074074074,0.34619999999999995,97.0,3.332204510175204,1.123003741792269,0.34619999999999995,4.584967478670572,0.3842921721508779,0.019918991524807902,0.012432378108402297,重点词,0.3842921721508779,重点词,0.33943688015770207,重点词,0.39058008696382446,重点词,True,稳定词
201,4135,63563817,4190988309,1.57,1,1,1.0,0,,False,True,True,315.0,1.0,0.0,1.57,1.57,1.0,1.0,0.0,315.0,0.6931471805599453,0.6931471805599453,0.0,5.755742213586912,0.2400250801728612,0.02807005056501734,0.008865445373982928,潜力词,0.2400250801728612,潜力词,0.170721199113849,潜力词,0.24037284947311555,潜力词,True,稳定词
202,4177,63563817,4190988309,2053.55,1402,10918,0.4145, 00:08:03,483.0,False,True,False,483.0,7.787446504992867,0.5855,1.4647289586305279,2053.55,1402.0,7.787446504992867,0.5855,483.0,7.246368080102461,2.1733241694929752,0.5855,6.182084906716632,0.7241450244428062,0.009039293162305099,0.023728987141672795,重点词,0.7241450244428062,重点词,0.7251377076249367,重点词,0.7057629569288636,重点词,True,稳定词
203,4195,63563817,4190988309,25.1,10,11,1.0, 00:00:57,57.0,False,True,False,57.0,1.1,0.0,2.5100000000000002,25.1,10.0,1.1,0.0,57.0,2.3978952727983707,0.7419373447293773,0.0,4.060443010546419,0.233407089582086,0.025977018043311054,0.007909308963221636,问题词,0.233407089582086,问题词,0.21282221979332006,问题词,0.22159084697043477,问题词,True,稳定词
205,5257,63563817,4190988309,12.66,10,11,1.0, 00:00:55,55.0,False,True,False,55.0,1.1,0.0,1.266,12.66,10.0,1.1,0.0,55.0,2.3978952727983707,0.7419373447293773,0.0,4.02535169073515,0.23259304069088735,0.025986093086371446,0.007876113623047003,问题词,0.23259304069088735,问题词,0.21235651480743226,问题词,0.2207523215971382,问题词,True,稳定词
208,5374,63563817,4190988309,73.72,28,44,0.75, 00:01:15,75.0,False,True,False,75.0,1.5714285714285714,0.25,2.632857142857143,73.72,28.0,1.5714285714285714,0.25,75.0,3.367295829986474,0.9444616088408514,0.25,4.330733340286331,0.3366547673935156,0.02143335997591907,0.010877658363205648,重点词,0.3366547673935156,重点词,0.31661306054505517,重点词,0.33172040027616134,重点词,True,稳定词
210,5649,63563817,4190988309,9.69,6,26,0.8, 00:07:46,466.0,False,True,False,466.0,4.333333333333333,0.19999999999999996,1.615,9.69,6.0,4.333333333333333,0.19999999999999996,466.0,1.9459101490553132,1.6739764335716716,0.19999999999999996,6.1463292576688975,0.3986472167138287,0.02184514114031359,0.01448152391798704,重点词,0.3986472167138287,重点词,0.298789742979331,重点词,0.40390720534900465,重点词,True,稳定词
216,6082,63563817,4190988309,1.85,1,1,1.0, 00:00:12,12.0,False,True,False,12.0,1.0,0.0,1.85,1.85,1.0,1.0,0.0,12.0,0.6931471805599453,0.6931471805599453,0.0,2.5649493574615367,0.15818987777563526,0.028794721251005503,0.005410998650436767,潜力词,0.15818987777563526,潜力词,0.11053963652295337,潜力词,0.15843114666652594,潜力词,True,稳定词
217,6083,63563817,4190988309,22.89,16,84,0.4375, 00:06:11,371.0,False,True,False,371.0,5.25,0.5625,1.430625,22.89,16.0,5.25,0.5625,371.0,2.833213344056216,1.8325814637483102,0.5625,5.918893854273146,0.5154158972137524,0.016839845557420713,0.017911285279508228,重点词,0.5154158972137524,重点词,0.3935411494973001,重点词,0.5517903499485295,重点词,True,稳定词
219,6224,63563817,4190988309,3.44,2,2,1.0, 00:00:11,11.0,False,True,False,11.0,1.0,0.0,1.72,3.44,2.0,1.0,0.0,11.0,1.0986122886681098,0.6931471805599453,0.0,2.4849066497880004,0.1607736827381477,0.02827586839564308,0.005416912459822573,潜力词,0.1607736827381477,潜力词,0.11762446936946745,潜力词,0.15948909922405433,潜力词,True,稳定词
220,6245,63563817,4190988309,6.07,2,61,0.0, 00:22:40,1360.0,False,True,False,1360.0,30.5,1.0,3.035,6.07,2.0,11.082051282051294,1.0,1160.4800000000007,1.0986122886681098,2.4917209862077314,1.0,7.057450332948998,0.5865172177165384,0.018008228393823766,0.025544318811100215,黄金词,0.5865172177165384,黄金词,0.41534461180673027,黄金词,0.6593037390924742,黄金词,True,稳定词
224,228,63563817,4190988310,4.64,4,3,1.0, 00:01:02,62.0,False,True,False,62.0,0.75,0.0,1.16,4.64,4.0,0.75,0.0,62.0,1.6094379124341003,0.5596157879354227,0.0,4.143134726391533,0.19461066051591083,0.027510252475205412,0.006647453775075653,潜力词,0.19461066051591083,潜力词,0.15589681403606295,潜力词,0.1900633371891909,潜力词,True,稳定词
228,925,63563817,4190988310,109.28,74,122,0.9231, 00:00:44,44.0,False,True,False,44.0,1.6486486486486487,0.07689999999999997,1.4767567567567568,109.28,74.0,1.6486486486486487,0.07689999999999997,44.0,4.31748811353631,0.9740495660263475,0.07689999999999997,3.8066624897703196,0.3324894349071545,0.02226768894014771,0.011091616671817319,重点词,0.3324894349071545,重点词,0.3669949470469439,重点词,0.3009227817946072,问题词,False,边界敏感词
229,990,63563817,4190988310,12.69,8,28,0.7143, 00:06:55,415.0,False,True,False,415.0,3.5,0.28569999999999995,1.58625,12.69,8.0,3.5,0.28569999999999995,415.0,2.1972245773362196,1.5040773967762742,0.28569999999999995,6.030685260261263,0.4018905667043092,0.020923058886335964,0.014058932237004353,重点词,0.4018905667043092,重点词,0.3051498545712808,重点词,0.41301334502650633,重点词,True,稳定词
230,1108,63563817,4190988310,1.73,1,1,1.0, 00:00:25,25.0,False,True,False,25.0,1.0,0.0,1.73,1.73,1.0,1.0,0.0,25.0,0.6931471805599453,0.6931471805599453,0.0,3.258096538021482,0.1738194373732794,0.028571408863672994,0.006011114807465391,潜力词,0.1738194373732794,潜力词,0.1216738451809881,潜力词,0.1740837076629998,潜力词,True,稳定词
231,1186,63563817,4190988310,55.07,39,57,0.8974, 00:02:26,146.0,False,True,False,146.0,1.4615384615384615,0.10260000000000002,1.412051282051282,55.07,39.0,1.4615384615384615,0.10260000000000002,146.0,3.6888794541139363,0.9007865453381898,0.10260000000000002,4.990432586778736,0.3262359538250483,0.022584667395933806,0.010935475930427955,重点词,0.3262359538250483,重点词,0.3290232156124161,重点词,0.30517830789706424,问题词,False,边界敏感词
233,1517,63563817,4190988310,9.07,7,7,0.8333, 00:00:11,11.0,False,True,False,11.0,1.0,0.16669999999999996,1.2957142857142858,9.07,7.0,1.0,0.16669999999999996,11.0,2.0794415416798357,0.6931471805599453,0.16669999999999996,2.4849066497880004,0.20902051805885657,0.025359456368016238,0.006701370678700035,问题词,0.20902051805885657,问题词,0.18244316149081405,问题词,0.21048622530748662,问题词,True,稳定词
235,1567,63563817,4190988310,367.4,238,812,0.6996, 00:03:28,208.0,False,True,False,208.0,3.411764705882353,0.3004,1.5436974789915965,367.4,238.0,3.411764705882353,0.3004,208.0,5.476463551931511,1.4842747694800944,0.3004,5.342334251964811,0.5012276370859359,0.016415695004554736,0.01649650347542214,重点词,0.5012276370859359,重点词,0.5155007470797903,重点词,0.47496548011514306,重点词,True,稳定词
236,1583,63563817,4190988310,0.48,1,1,1.0, 00:02:00,120.0,False,True,False,120.0,1.0,0.0,0.48,0.48,1.0,1.0,0.0,120.0,0.6931471805599453,0.6931471805599453,0.0,4.795790545596741,0.21401869481923805,0.028205532455741852,0.007680222421411457,潜力词,0.21401869481923805,潜力词,0.15108856472007434,潜力词,0.21433632984851855,潜力词,True,稳定词
237,1667,63563817,4190988310,93.58,53,120,0.8824, 00:01:41,101.0,False,True,False,101.0,2.2641509433962264,0.11760000000000004,1.7656603773584905,93.58,53.0,2.2641509433962264,0.11760000000000004,101.0,3.9889840465642745,1.182999680945657,0.11760000000000004,4.624972813284271,0.3636655357304222,0.021311450256026335,0.01217950686270976,重点词,0.3636655357304222,重点词,0.3644138416369626,重点词,0.34027751626974,重点词,True,稳定词
241,2123,63563817,4190988310,72.85,47,122,0.75, 00:04:09,249.0,False,True,False,249.0,2.595744680851064,0.25,1.5499999999999998,72.85,47.0,2.595744680851064,0.25,249.0,3.871201010907891,1.2797511132130148,0.25,5.521460917862246,0.4123076164783947,0.019491155050344443,0.01367441863558353,重点词,0.4123076164783947,重点词,0.38313909135246504,重点词,0.40183283752251464,重点词,True,稳定词
245,2212,63563817,4190988310,3.45,2,2,1.0, 00:01:01,61.0,False,True,False,61.0,1.0,0.0,1.725,3.45,2.0,1.0,0.0,61.0,1.0986122886681098,0.6931471805599453,0.0,4.127134385045092,0.20035960454971513,0.027785994953253037,0.006962118212798921,潜力词,0.20035960454971513,潜力词,0.14553888555093894,潜力词,0.19908358468982168,潜力词,True,稳定词
246,2294,63563817,4190988310,6.61,4,4,1.0, 00:00:15,15.0,False,True,False,15.0,1.0,0.0,1.6525,6.61,4.0,1.0,0.0,15.0,1.6094379124341003,0.6931471805599453,0.0,2.772588722239781,0.17654000144776497,0.027505365588455174,0.005896822297797579,潜力词,0.17654000144776497,潜力词,0.14398932696843164,潜力词,0.17172785814280012,潜力词,True,稳定词
249,2505,63563817,4190988310,13.67,8,17,0.875, 00:01:25,85.0,False,True,False,85.0,2.125,0.125,1.70875,13.67,8.0,2.125,0.125,85.0,2.1972245773362196,1.1394342831883648,0.125,4.454347296253507,0.3007948653010008,0.023689832780568364,0.010191258196783511,问题词,0.3007948653010008,问题词,0.24254337304601492,问题词,0.2978989905492533,问题词,True,稳定词
252,2889,63563817,4190988310,14.0,8,6,1.0, 00:00:20,20.0,False,True,False,20.0,0.75,0.0,1.75,14.0,8.0,0.75,0.0,20.0,2.1972245773362196,0.5596157879354227,0.0,3.044522437723423,0.1817403001569559,0.02708645066129242,0.006016060273179917,问题词,0.1817403001569559,问题词,0.1744312512365934,问题词,0.17075046317072162,问题词,True,稳定词
253,2892,63563817,4190988310,148.25,104,175,0.82, 00:02:20,140.0,False,True,False,140.0,1.6826923076923077,0.18000000000000005,1.4254807692307692,148.25,104.0,1.6826923076923077,0.18000000000000005,140.0,4.653960350157523,0.986820882679993,0.18000000000000005,4.948759890378168,0.3844868661708093,0.02034847854068784,0.012710894886646186,重点词,0.3844868661708093,重点词,0.4116233963282937,重点词,0.3568703026274324,重点词,True,稳定词
254,2980,63563817,4190988310,1.88,1,1,1.0, 00:00:01,1.0,False,True,False,1.0,1.0,0.0,1.88,1.88,1.0,1.0,0.0,1.0,0.6931471805599453,0.6931471805599453,0.0,0.6931471805599453,0.1354663103126751,0.029570784147216124,0.004633532584397842,潜力词,0.1354663103126751,潜力词,0.09516320728013836,潜力词,0.13566748995043118,潜力词,True,稳定词
255,2985,63563817,4190988310,1810.51,1217,1985,0.8828, 00:01:24,84.0,False,True,False,84.0,1.6310599835661463,0.11719999999999997,1.487682826622843,1810.51,1217.0,1.6310599835661463,0.11719999999999997,84.0,7.1049654482698426,0.9673868005691328,0.11719999999999997,4.442651256490317,0.4542500488936811,0.019242200636530697,0.016016072126524623,重点词,0.4542500488936811,重点词,0.5680369269561025,重点词,0.39429001173146344,重点词,True,稳定词
256,3106,63563817,4190988310,18.29,11,18,0.7273, 00:01:18,78.0,False,True,False,78.0,1.6363636363636365,0.27270000000000005,1.6627272727272726,18.29,11.0,1.6363636363636365,0.27270000000000005,78.0,2.4849066497880004,0.9694005571881035,0.27270000000000005,4.3694478524670215,0.3169150408510618,0.022322531206078914,0.010356465611375182,问题词,0.3169150408510618,问题词,0.26209645421730926,问题词,0.3247258162461332,重点词,False,边界敏感词
257,3169,63563817,4190988310,1047.53,674,977,0.8812, 00:01:04,64.0,False,True,False,64.0,1.4495548961424332,0.11880000000000002,1.5541988130563797,1047.53,674.0,1.4495548961424332,0.11880000000000002,64.0,6.51471269087253,0.895906333007821,0.11880000000000002,4.174387269895637,0.4236194096767156,0.019942409579068544,0.014656967835571848,重点词,0.4236194096767156,重点词,0.526651553049446,重点词,0.3687525549089913,重点词,True,稳定词
258,3180,63563817,4190988310,3.89,3,14,0.6667, 00:11:16,676.0,False,True,False,676.0,4.666666666666667,0.33330000000000004,1.2966666666666666,3.89,3.0,4.666666666666667,0.33330000000000004,676.0,1.3862943611198906,1.7346010553881064,0.33330000000000004,6.517671272912275,0.4224496295400095,0.021343420726641853,0.015611660281518294,黄金词,0.4224496295400095,黄金词,0.2997401023872595,黄金词,0.4442351497240233,黄金词,True,稳定词
259,3304,63563817,4190988310,17.28,11,26,0.8182, 00:01:24,84.0,False,True,False,84.0,2.3636363636363638,0.18179999999999996,1.570909090909091,17.28,11.0,2.3636363636363638,0.18179999999999996,84.0,2.4849066497880004,1.213022639845854,0.18179999999999996,4.442651256490317,0.3277640297275247,0.022513216272357632,0.010976833751642752,重点词,0.3277640297275247,重点词,0.26968269856823085,问题词,0.3266086816509806,重点词,False,边界敏感词
261,3501,63563817,4190988310,1.01,1,0,0.0,0,,False,True,True,97.5,0.0,1.0,1.01,1.01,1.0,0.0,1.0,97.5,0.6931471805599453,0.0,1.0,4.590056548178043,0.41219111166254435,0.025427082416228312,0.017830314538325495,黄金词,0.41219111166254435,黄金词,0.3010857290180601,黄金词,0.4803025794211561,黄金词,True,稳定词
262,3732,63563817,4190988310,62.1,44,44,0.9, 00:00:22,22.0,False,True,False,22.0,1.0,0.09999999999999998,1.4113636363636364,62.1,44.0,1.0,0.09999999999999998,22.0,3.8066624897703196,0.6931471805599453,0.09999999999999998,3.1354942159291497,0.2739341263452263,0.02369529469660061,0.008939891112816917,问题词,0.2739341263452263,问题词,0.310608963226092,重点词,0.2477654093504136,问题词,False,边界敏感词
263,3818,63563817,4190988310,5.74,2,9,0.0, 00:00:54,54.0,False,True,False,54.0,4.5,1.0,2.87,5.74,2.0,4.5,1.0,54.0,1.0986122886681098,1.7047480922384253,1.0,4.007333185232471,0.5204907533532367,0.019305636532308473,0.020955602781247914,黄金词,0.5204907533532367,黄金词,0.36413885091345377,黄金词,0.5974617328563537,黄金词,True,稳定词
265,4048,63563817,4190988310,9.39,8,49,0.5, 00:09:23,563.0,False,True,False,563.0,6.125,0.5,1.17375,9.39,8.0,6.125,0.5,563.0,2.1972245773362196,1.9636097261547143,0.5,6.335054251498059,0.4971789894775806,0.018208227305865587,0.018003917622103235,重点词,0.4971789894775806,重点词,0.36483780048167885,重点词,0.5312563591888155,重点词,True,稳定词
266,4126,63563817,4190988310,8.95,4,4,1.0, 00:00:46,46.0,False,True,False,46.0,1.0,0.0,2.2375,8.95,4.0,1.0,0.0,46.0,1.6094379124341003,0.6931471805599453,0.0,3.8501476017100584,0.20204380354350046,0.02717628832027213,0.006881080293386653,问题词,0.20204380354350046,问题词,0.16035939121281453,问题词,0.19747342315218785,问题词,True,稳定词
267,4155,63563817,4190988310,5.39,4,6,0.6667, 00:00:30,30.0,False,True,False,30.0,1.5,0.33330000000000004,1.3475,5.39,4.0,1.5,0.33330000000000004,30.0,1.6094379124341003,0.9162907318741551,0.33330000000000004,3.4339872044851463,0.2867863451176194,0.02352525859178382,0.009459609870477297,潜力词,0.2867863451176194,潜力词,0.21044168439305946,潜力词,0.3099790914517502,黄金词,False,边界敏感词
268,4403,63563817,4190988310,25.77,19,160,0.4444, 00:06:53,413.0,False,True,False,413.0,8.421052631578947,0.5556,1.3563157894736841,25.77,19.0,8.421052631578947,0.5556,413.0,2.995732273553991,2.2429468266743147,0.5556,6.025865973825314,0.5540597079228855,0.01607761114711688,0.019975670946389603,重点词,0.5540597079228855,重点词,0.4260376694140888,重点词,0.5871931017237773,重点词,True,稳定词
269,4675,63563817,4190988310,22.54,16,61,0.7059, 00:02:52,172.0,False,True,False,172.0,3.8125,0.29410000000000003,1.40875,22.54,16.0,3.8125,0.29410000000000003,172.0,2.833213344056216,1.5712166996139025,0.29410000000000003,5.153291594497779,0.4154502784724645,0.01985951797260874,0.014114526050048874,重点词,0.4154502784724645,重点词,0.33568466580006656,重点词,0.4214617223766303,重点词,True,稳定词
270,4713,63563817,4190988310,4.68,1,7,0.0, 00:04:38,278.0,False,True,False,278.0,7.0,1.0,4.68,4.68,1.0,7.0,1.0,278.0,0.6931471805599453,2.0794415416798357,1.0,5.631211781821365,0.5459749501427141,0.01917431215707888,0.023057525410266712,黄金词,0.5459749501427141,黄金词,0.37843432592471493,黄金词,0.6233864863188252,黄金词,True,稳定词
271,4773,63563817,4190988310,205.93,107,171,0.9248, 00:00:58,58.0,False,True,False,58.0,1.5981308411214954,0.07520000000000004,1.9245794392523365,205.93,107.0,1.5981308411214954,0.07520000000000004,58.0,4.68213122712422,0.9547922792287309,0.07520000000000004,4.07753744390572,0.34872537770065604,0.021886014663085148,0.011718879361214369,重点词,0.34872537770065604,重点词,0.39498877835177953,重点词,0.312703884408924,重点词,True,稳定词
272,4791,63563817,4190988310,24.87,13,116,0.3846, 00:10:17,617.0,False,True,False,617.0,8.923076923076923,0.6154,1.9130769230769231,24.87,13.0,8.923076923076923,0.6154,617.0,2.6390573296152584,2.294863046900135,0.6154,6.42648845745769,0.5617450816789329,0.01622885950115871,0.020801779112848567,重点词,0.5617450816789329,重点词,0.42002294672303353,重点词,0.6043955088810694,重点词,True,稳定词
273,4827,63563817,4190988310,96.36,61,207,0.7097, 00:04:16,256.0,False,True,False,256.0,3.3934426229508197,0.2903,1.579672131147541,96.36,61.0,3.3934426229508197,0.2903,256.0,4.127134385045092,1.4801131163375456,0.2903,5.54907608489522,0.4526286146953179,0.01817472172168517,0.015028916995323422,重点词,0.4526286146953179,重点词,0.41760574707240067,重点词,0.44309804873656866,重点词,True,稳定词
275,5010,63563817,4190988310,63.52,44,78,0.8444, 00:01:54,114.0,False,True,False,114.0,1.7727272727272727,0.15559999999999996,1.4436363636363636,63.52,44.0,1.7727272727272727,0.15559999999999996,114.0,3.8066624897703196,1.0198314108149953,0.15559999999999996,4.74493212836325,0.3481130374663651,0.021536184882876716,0.011500501108163535,重点词,0.3481130374663651,重点词,0.3465749323413023,重点词,0.3293014994844415,重点词,True,稳定词
276,5134,63563817,4190988310,168.35,129,782,0.6371, 00:04:56,296.0,False,True,False,296.0,6.062015503875969,0.3629,1.3050387596899224,168.35,129.0,6.062015503875969,0.3629,296.0,4.867534450455582,1.9547304928982863,0.3629,5.6937321388027,0.5460080485390753,0.015330663866346414,0.0184379168695302,重点词,0.5460080485390753,重点词,0.5056337764034272,重点词,0.5348858562014426,重点词,True,稳定词
277,5267,63563817,4190988310,110.96,83,183,0.8214, 00:02:47,167.0,False,True,False,167.0,2.2048192771084336,0.17859999999999998,1.336867469879518,110.96,83.0,2.2048192771084336,0.17859999999999998,167.0,4.430816798843313,1.164655700985101,0.17859999999999998,5.123963979403259,0.39749743871843657,0.020017800922566168,0.013206623684006392,重点词,0.39749743871843657,重点词,0.4057117394640302,重点词,0.37325172129913503,重点词,True,稳定词
278,5330,63563817,4190988310,121.6,77,649,0.4861, 00:12:47,767.0,False,True,False,767.0,8.428571428571429,0.5139,1.579220779220779,121.6,77.0,8.428571428571429,0.5139,767.0,4.356708826689592,2.243744592971112,0.5139,6.643789733147672,0.59921702934217,0.013989931839647309,0.02091657084105483,重点词,0.59921702934217,重点词,0.5086821973803839,重点词,0.6123648162115738,重点词,True,稳定词
280,5418,63563817,4190988310,15.18,8,64,0.375, 00:11:39,699.0,False,True,False,699.0,8.0,0.625,1.8975,15.18,8.0,8.0,0.625,699.0,2.1972245773362196,2.1972245773362196,0.625,6.551080335043404,0.543549276936447,0.017067219807249907,0.020323935348995917,重点词,0.543549276936447,重点词,0.39575531287094967,重点词,0.5907382851923151,重点词,True,稳定词
281,5592,63563817,4190988310,28.18,17,18,0.9375, 00:00:34,34.0,False,True,False,34.0,1.0588235294117647,0.0625,1.6576470588235295,28.18,17.0,1.0588235294117647,0.0625,34.0,2.8903717578961645,0.7221347174331976,0.0625,3.5553480614894135,0.2427344405094964,0.024908305681088823,0.007984126001460425,问题词,0.2427344405094964,问题词,0.24309815287865777,问题词,0.2269813992938538,问题词,True,稳定词
282,5701,63563817,4190988310,25.42,17,18,0.7857, 00:03:11,191.0,False,True,False,191.0,1.0588235294117647,0.21430000000000005,1.4952941176470589,25.42,17.0,1.0588235294117647,0.21430000000000005,191.0,2.8903717578961645,0.7221347174331976,0.21430000000000005,5.2574953720277815,0.3076482155821335,0.022934689743684716,0.010191085707256511,问题词,0.3076482155821335,问题词,0.27716007448317076,问题词,0.3049561804527168,问题词,True,稳定词
284,5812,63563817,4190988310,5.56,4,6,0.75, 00:03:12,192.0,False,True,False,192.0,1.5,0.25,1.39,5.56,4.0,1.5,0.25,192.0,1.6094379124341003,0.9162907318741551,0.25,5.262690188904886,0.30173495414705637,0.02376713653990824,0.010270277592538051,潜力词,0.30173495414705637,潜力词,0.22227881857407544,潜力词,0.3145192966970417,黄金词,False,边界敏感词
285,5840,63563817,4190988310,3.66,2,2,1.0, 00:00:16,16.0,False,True,False,16.0,1.0,0.0,1.83,3.66,2.0,1.0,0.0,16.0,1.0986122886681098,0.6931471805599453,0.0,2.833213344056216,0.16816176393384408,0.028154847253448106,0.005691694096460407,潜力词,0.16816176393384408,潜力词,0.12271802236457197,潜力词,0.1668819237029141,潜力词,True,稳定词
291,6325,63563817,4190988310,83.51,64,118,0.9153, 00:01:34,94.0,False,True,False,94.0,1.84375,0.0847,1.30484375,83.51,64.0,1.84375,0.0847,94.0,4.174387269895637,1.0451236037171234,0.0847,4.553876891600541,0.34828104606350924,0.02190010041303617,0.011703495555373105,重点词,0.34828104606350924,重点词,0.3666795401246713,重点词,0.3201068729804707,重点词,True,稳定词
292,6352,63563817,4190988310,70.17,42,269,0.375, 00:06:27,387.0,False,True,False,387.0,6.404761904761905,0.625,1.6707142857142858,70.17,42.0,6.404761904761905,0.625,387.0,3.7612001156935624,2.002123293895866,0.625,5.961005339623274,0.5787485680487133,0.014429971570971457,0.019825037377318912,重点词,0.5787485680487133,重点词,0.4669382413388224,重点词,0.613119583461399,重点词,True,稳定词
293,6364,63563817,4190988310,0.9,1,1,1.0, 00:00:07,7.0,False,True,False,7.0,1.0,0.0,0.9,0.9,1.0,1.0,0.0,7.0,0.6931471805599453,0.6931471805599453,0.0,2.0794415416798357,0.1490519960619047,0.02897213288042148,0.005074756878226033,潜力词,0.1490519960619047,潜力词,0.10413592917166858,潜力词,0.1492789869046824,潜力词,True,稳定词
295,1048,495403620,8878077181,1263.59,2840,29775,0.082, 00:11:10,670.0,False,True,False,670.0,10.484154929577464,0.918,0.4449260563380281,1263.59,2840.0,10.484154929577464,0.918,670.0,7.951911381854188,2.440968253074945,0.918,6.508769136971682,0.8758030283485999,0.004038534879017238,0.028478641871094886,重点词,0.8758030283485999,重点词,0.836731898999216,重点词,0.8918830335877669,重点词,True,稳定词
296,1607,495403620,8878077181,1149.42,805,8194,0.0958, 00:11:50,710.0,False,True,False,710.0,10.17888198757764,0.9042,1.4278509316770187,1149.42,805.0,10.17888198757764,0.9042,710.0,6.692083742506628,2.4140264616153853,0.9042,6.566672429803241,0.8036446763862625,0.006586271027572287,0.02695634399481712,重点词,0.8036446763862625,重点词,0.730360375106016,重点词,0.8350393312330087,重点词,True,稳定词
297,3989,495403620,8878077181,75197.1,124758,1230619,0.0814, 00:10:31,631.0,False,True,False,631.0,9.864048798473846,0.9186,0.6027437118260953,24233.035600000105,16611.160000000033,9.864048798473846,0.9186,631.0,9.717890236295883,2.385459062565627,0.9186,6.448889394146858,0.9443026585581108,0.0017922879440493739,0.030386769397840574,重点词,0.9443026585581108,重点词,0.9613738714495269,重点词,0.9372316924149912,重点词,True,稳定词
298,5778,495403620,8878077181,46615.59,40349,425786,0.0839, 00:10:53,653.0,False,True,False,653.0,10.552578750402736,0.9161,1.1553096731021835,24233.035600000105,16611.160000000033,10.552578750402736,0.9161,653.0,9.717890236295883,2.4469086804802527,0.9161,6.483107351457199,0.9479317764345842,0.001680663032299865,0.030597431306531735,重点词,0.9479317764345842,重点词,0.9638046046390478,重点词,0.9401196580174828,重点词,True,稳定词
299,2,495403620,9628223555,14.89,12,9,0.8333, 00:01:26,86.0,False,True,False,86.0,0.75,0.16669999999999996,1.2408333333333335,14.89,12.0,0.75,0.16669999999999996,86.0,2.5649493574615367,0.5596157879354227,0.16669999999999996,4.465908118654584,0.25273839892869315,0.02454348413295413,0.008301083415769798,问题词,0.25273839892869315,问题词,0.2309808201400117,问题词,0.24893400158428722,问题词,True,稳定词
300,6,495403620,9628223555,4.69,3,2,1.0, 00:01:12,72.0,False,True,False,72.0,0.6666666666666666,0.0,1.5633333333333335,4.69,3.0,0.6666666666666666,0.0,72.0,1.3862943611198906,0.5108256237659907,0.0,4.290459441148391,0.18948192553551532,0.027919406629513772,0.006526964782944034,潜力词,0.18948192553551532,潜力词,0.145419612225081,潜力词,0.18657470905769288,潜力词,True,稳定词
301,14,495403620,9628223555,1.48,2,1,1.0, 00:00:01,1.0,False,True,False,1.0,0.5,0.0,0.74,1.48,2.0,0.5,0.0,1.0,1.0986122886681098,0.4054651081081644,0.0,0.6931471805599453,0.08677527623050757,0.02988551301323723,0.0028397431426404,潜力词,0.08677527623050757,潜力词,0.06889712343625956,潜力词,0.08513521330442218,潜力词,True,稳定词
302,31,495403620,9628223555,0.83,1,0,0.0,0,,False,True,True,92.0,0.0,1.0,0.83,0.83,1.0,0.0,1.0,92.0,0.6931471805599453,0.0,1.0,4.532599493153256,0.4116933396092666,0.025439651296495898,0.0178025096533729,黄金词,0.4116933396092666,黄金词,0.30071818807662226,黄金词,0.4798693147924276,黄金词,True,稳定词
303,33,495403620,9628223555,20.07,21,20,0.9375, 00:00:40,40.0,False,True,False,40.0,0.9523809523809523,0.0625,0.9557142857142857,20.07,21.0,0.9523809523809523,0.0625,40.0,3.091042453358316,0.6690496289808848,0.0625,3.713572066704308,0.2475618793651979,0.024794058047426053,0.008157565969852995,问题词,0.2475618793651979,问题词,0.2566559875141909,问题词,0.2292483092818661,问题词,True,稳定词
304,55,495403620,9628223555,0.9,1,1,1.0, 00:02:00,120.0,False,True,False,120.0,1.0,0.0,0.9,0.9,1.0,1.0,0.0,120.0,0.6931471805599453,0.6931471805599453,0.0,4.795790545596741,0.21401869481923805,0.028205532455741852,0.007680222421411457,潜力词,0.21401869481923805,潜力词,0.15108856472007434,潜力词,0.21433632984851855,潜力词,True,稳定词
305,57,495403620,9628223555,5.02,6,2,1.0, 00:00:02,2.0,False,True,False,2.0,0.3333333333333333,0.0,0.8366666666666666,5.02,6.0,0.3333333333333333,0.0,2.0,1.9459101490553132,0.2876820724517809,0.0,1.0986122886681098,0.10211296649220722,0.02905104804655759,0.0033038551455102294,潜力词,0.10211296649220722,潜力词,0.12183020911593657,潜力词,0.08951884744615626,潜力词,True,稳定词
306,62,495403620,9628223555,5.88,7,10,0.8333, 00:06:12,372.0,False,True,False,372.0,1.4285714285714286,0.16669999999999996,0.84,5.88,7.0,1.4285714285714286,0.16669999999999996,372.0,2.0794415416798357,0.8873031950009028,0.16669999999999996,5.921578419643816,0.3075333476042156,0.023871548540193386,0.01060166176907278,潜力词,0.3075333476042156,潜力词,0.2430739864500152,潜力词,0.3088822293708936,潜力词,True,稳定词
307,104,495403620,9628223555,210.57,164,201,0.8636, 00:01:04,64.0,False,True,False,64.0,1.225609756097561,0.13639999999999997,1.2839634146341463,210.57,164.0,1.225609756097561,0.13639999999999997,64.0,5.10594547390058,0.800030925758293,0.13639999999999997,4.174387269895637,0.3625290400751021,0.02123958599991559,0.01207892940730842,重点词,0.3625290400751021,重点词,0.4256976433884535,重点词,0.3242411111811997,重点词,True,稳定词
308,149,495403620,9628223555,1.23,1,1,1.0, 00:02:00,120.0,False,True,False,120.0,1.0,0.0,1.23,1.23,1.0,1.0,0.0,120.0,0.6931471805599453,0.6931471805599453,0.0,4.795790545596741,0.21401869481923805,0.028205532455741852,0.007680222421411457,潜力词,0.21401869481923805,潜力词,0.15108856472007434,潜力词,0.21433632984851855,潜力词,True,稳定词
309,151,495403620,9628223555,48.47,39,46,0.875, 00:01:13,73.0,False,True,False,73.0,1.1794871794871795,0.125,1.2428205128205128,48.47,39.0,1.1794871794871795,0.125,73.0,3.6888794541139363,0.77908961036067,0.125,4.30406509320417,0.30379538438683523,0.022893861204607284,0.009989950093374547,问题词,0.30379538438683523,问题词,0.31794051877088075,重点词,0.2829842788854486,问题词,False,边界敏感词
310,154,495403620,9628223555,50.67,71,55,0.9615, 00:01:34,94.0,False,True,False,94.0,0.7746478873239436,0.03849999999999998,0.7136619718309859,50.67,71.0,0.7746478873239436,0.03849999999999998,94.0,4.276666119016055,0.5736020299101626,0.03849999999999998,4.553876891600541,0.2996628665359951,0.02387965225877831,0.010217714734550836,问题词,0.2996628665359951,问题词,0.3478609852825857,重点词,0.26652325061131094,问题词,False,边界敏感词
313,175,495403620,9628223555,6.73,4,2,1.0, 00:00:10,10.0,False,True,False,10.0,0.5,0.0,1.6825,6.73,4.0,0.5,0.0,10.0,1.6094379124341003,0.4054651081081644,0.0,2.3978952727983707,0.12784292579478196,0.028529918285994525,0.004181985486606707,潜力词,0.12784292579478196,潜力词,0.11536239540138665,潜力词,0.12211789579037405,潜力词,True,稳定词
314,190,495403620,9628223555,4.14,3,2,1.0, 00:00:21,21.0,False,True,False,21.0,0.6666666666666666,0.0,1.38,4.14,3.0,0.6666666666666666,0.0,21.0,1.3862943611198906,0.5108256237659907,0.0,3.091042453358316,0.15436408698717513,0.028239940333431163,0.005154975727806267,潜力词,0.15436408698717513,潜力词,0.12186414622745867,潜力词,0.1512202574802739,潜力词,True,稳定词
315,217,495403620,9628223555,27.42,13,10,0.8333, 00:01:13,73.0,False,True,False,73.0,0.7692307692307693,0.16669999999999996,2.1092307692307695,27.42,13.0,0.7692307692307693,0.16669999999999996,73.0,2.6390573296152584,0.570544858467613,0.16669999999999996,4.30406509320417,0.25224693424723116,0.024450459292493367,0.0082481151598613,问题词,0.25224693424723116,问题词,0.2344522584646556,问题词,0.24751781127272277,问题词,True,稳定词
316,235,495403620,9628223555,46.26,36,60,0.7667, 00:02:41,161.0,False,True,False,161.0,1.6666666666666667,0.23329999999999995,1.285,46.26,36.0,1.6666666666666667,0.23329999999999995,161.0,3.6109179126442243,0.9808292530117262,0.23329999999999995,5.087596335232384,0.35941767711629485,0.020986740242495645,0.011775231939346304,重点词,0.35941767711629485,重点词,0.34164945776646,重点词,0.3500586266964304,重点词,True,稳定词
317,255,495403620,9628223555,30.98,17,33,0.8571, 00:00:42,42.0,False,True,False,42.0,1.9411764705882353,0.14290000000000003,1.8223529411764705,30.98,17.0,1.9411764705882353,0.14290000000000003,42.0,2.8903717578961645,1.07880966137193,0.14290000000000003,3.7612001156935624,0.30356784091437466,0.02292580995321327,0.0099931321922981,问题词,0.30356784091437466,问题词,0.2747777489654429,问题词,0.29450828428839665,问题词,True,稳定词
322,306,495403620,9628223555,0.65,2,2,0.0, 00:00:40,40.0,False,True,False,40.0,1.0,1.0,0.325,0.65,2.0,1.0,1.0,40.0,1.0986122886681098,0.6931471805599453,1.0,3.713572066704308,0.4485133153227247,0.022220999052971317,0.018071903151865836,黄金词,0.4485133153227247,黄金词,0.3213164655309599,黄金词,0.5224695877102103,黄金词,True,稳定词
323,338,495403620,9628223555,19.59,13,13,0.9, 00:00:49,49.0,False,True,False,49.0,1.0,0.09999999999999998,1.5069230769230768,19.59,13.0,1.0,0.09999999999999998,49.0,2.6390573296152584,0.6931471805599453,0.09999999999999998,3.912023005428146,0.24374610275807593,0.0248081083765014,0.007995832822317092,问题词,0.24374610275807593,问题词,0.23004684937970654,问题词,0.23354805354790037,问题词,True,稳定词
325,400,495403620,9628223555,79.42,60,80,0.9057, 00:01:16,76.0,False,True,False,76.0,1.3333333333333333,0.09430000000000005,1.3236666666666668,79.42,60.0,1.3333333333333333,0.09430000000000005,76.0,4.110873864173311,0.8472978603872036,0.09430000000000005,4.343805421853684,0.32278931843140324,0.022527927784576653,0.010737831893631745,重点词,0.32278931843140324,重点词,0.35074503977610566,重点词,0.2948880179799311,问题词,False,边界敏感词
326,427,495403620,9628223555,14.62,9,7,1.0, 00:00:03,3.0,False,True,False,3.0,0.7777777777777778,0.0,1.6244444444444444,14.62,9.0,0.7777777777777778,0.0,3.0,2.302585092994046,0.5753641449035619,0.0,1.3862943611198906,0.15902345442964447,0.027566118575365475,0.005212582234500705,问题词,0.15902345442964447,问题词,0.16886442219247108,问题词,0.14536532536924474,问题词,True,稳定词
329,438,495403620,9628223555,10.63,35,8,0.8571, 00:02:13,133.0,False,True,False,133.0,0.22857142857142856,0.14290000000000003,0.3037142857142857,10.63,35.0,0.22857142857142856,0.14290000000000003,133.0,3.58351893845611,0.20585205420414876,0.14290000000000003,4.897839799950911,0.26904487693371887,0.02483622599082121,0.009141545293735646,问题词,0.26904487693371887,问题词,0.2942937590915988,重点词,0.25106385224436006,问题词,False,边界敏感词
330,444,495403620,9628223555,11427.64,6746,61262,0.1014, 00:09:58,598.0,False,True,False,598.0,9.081233323450935,0.8986,1.6939875481766973,11427.64,6746.0,9.081233323450935,0.8986,598.0,8.816853240627426,2.3106756086755995,0.8986,6.395261598115449,0.9060568886775054,0.002984428133572105,0.028784033561580262,重点词,0.9060568886775054,重点词,0.9029866441587833,重点词,0.9058690967973331,重点词,True,稳定词
334,523,495403620,9628223555,9.83,10,24,0.75, 00:04:58,298.0,False,True,False,298.0,2.4,0.25,0.983,9.83,10.0,2.4,0.25,298.0,2.3978952727983707,1.2237754316221157,0.25,5.700443573390687,0.36356071994783495,0.02167099237700902,0.01237937669391442,重点词,0.36356071994783495,重点词,0.28781827072100574,重点词,0.369479722423082,重点词,True,稳定词
335,524,495403620,9628223555,8.95,6,14,0.8, 00:02:56,176.0,False,True,False,176.0,2.3333333333333335,0.19999999999999996,1.4916666666666665,8.95,6.0,2.3333333333333335,0.19999999999999996,176.0,1.9459101490553132,1.2039728043259361,0.19999999999999996,5.176149732573829,0.3298470639417009,0.02296670671478392,0.01130413726579958,重点词,0.3298470639417009,重点词,0.2511703648535333,问题词,0.3352115203995174,重点词,False,边界敏感词
336,528,495403620,9628223555,1.27,1,0,0.0,0,,False,True,True,92.0,0.0,1.0,1.27,1.27,1.0,0.0,1.0,92.0,0.6931471805599453,0.0,1.0,4.532599493153256,0.4116933396092666,0.025439651296495898,0.0178025096533729,黄金词,0.4116933396092666,黄金词,0.30071818807662226,黄金词,0.4798693147924276,黄金词,True,稳定词
338,552,495403620,9628223555,0.94,1,1,1.0, 00:00:01,1.0,False,True,False,1.0,1.0,0.0,0.94,0.94,1.0,1.0,0.0,1.0,0.6931471805599453,0.6931471805599453,0.0,0.6931471805599453,0.1354663103126751,0.029570784147216124,0.004633532584397842,潜力词,0.1354663103126751,潜力词,0.09516320728013836,潜力词,0.13566748995043118,潜力词,True,稳定词
339,570,495403620,9628223555,4.51,4,2,1.0, 00:01:02,62.0,False,True,False,62.0,0.5,0.0,1.1275,4.51,4.0,0.5,0.0,62.0,1.6094379124341003,0.4054651081081644,0.0,4.143134726391533,0.17949012237690024,0.028008821974224413,0.0061270522401872165,潜力词,0.17949012237690024,潜力词,0.14657181493184154,潜力词,0.17489560202724838,潜力词,True,稳定词
342,646,495403620,9628223555,4.58,6,4,1.0, 00:01:36,96.0,False,True,False,96.0,0.6666666666666666,0.0,0.7633333333333333,4.58,6.0,0.6666666666666666,0.0,96.0,1.9459101490553132,0.5108256237659907,0.0,4.574710978503383,0.21004381575355344,0.027144597613113865,0.007217558357609479,潜力词,0.21004381575355344,潜力词,0.17901847983394137,潜力词,0.20279579336051534,潜力词,True,稳定词
343,652,495403620,9628223555,2.01,4,7,0.5, 00:01:03,63.0,False,True,False,63.0,1.75,0.5,0.5025,2.01,4.0,1.75,0.5,63.0,1.6094379124341003,1.0116009116784799,0.5,4.1588830833596715,0.3576833180921333,0.021786173743840974,0.01213194539815254,黄金词,0.3576833180921333,黄金词,0.2560284387912314,潜力词,0.39878328249324924,黄金词,False,边界敏感词
344,665,495403620,9628223555,893.04,602,734,0.7539, 00:02:54,174.0,False,True,False,174.0,1.2192691029900333,0.24609999999999999,1.483455149501661,893.04,602.0,1.2192691029900333,0.24609999999999999,174.0,6.401917196727186,0.7971779087877701,0.24609999999999999,5.1647859739235145,0.4505209002468294,0.018594471609288867,0.015245708331388802,重点词,0.4505209002468294,重点词,0.5370764730977698,重点词,0.4073780596174132,重点词,True,稳定词
345,700,495403620,9628223555,111.9,117,191,0.6778, 00:03:06,186.0,False,True,False,186.0,1.6324786324786325,0.32220000000000004,0.9564102564102565,111.9,117.0,1.6324786324786325,0.32220000000000004,186.0,4.770684624465665,0.9679258481758184,0.32220000000000004,5.231108616854587,0.42462859731384933,0.01866914073177309,0.01377797194121562,重点词,0.42462859731384933,重点词,0.43835760889455966,重点词,0.40946258978626593,重点词,True,稳定词
346,703,495403620,9628223555,1.38,1,1,1.0, 00:00:06,6.0,False,True,False,6.0,1.0,0.0,1.38,1.38,1.0,1.0,0.0,6.0,0.6931471805599453,0.6931471805599453,0.0,1.9459101490553132,0.14687445426547843,0.029023911203365355,0.004996768810824622,潜力词,0.14687445426547843,潜力词,0.10262742399060708,潜力词,0.14709790085681135,潜力词,True,稳定词
347,711,495403620,9628223555,0.81,1,0,0.0,0,,False,True,True,92.0,0.0,1.0,0.81,0.81,1.0,0.0,1.0,92.0,0.6931471805599453,0.0,1.0,4.532599493153256,0.4116933396092666,0.025439651296495898,0.0178025096533729,黄金词,0.4116933396092666,黄金词,0.30071818807662226,黄金词,0.4798693147924276,黄金词,True,稳定词
348,734,495403620,9628223555,1.77,1,1,1.0, 00:00:44,44.0,False,True,False,44.0,1.0,0.0,1.77,1.77,1.0,1.0,0.0,44.0,0.6931471805599453,0.6931471805599453,0.0,3.8066624897703196,0.18761093610752136,0.028420154700003017,0.006563273762008485,潜力词,0.18761093610752136,潜力词,0.1316440186592898,潜力词,0.1878944066033042,潜力词,True,稳定词
351,755,495403620,9628223555,5.73,7,13,0.8333, 00:03:55,235.0,False,True,False,235.0,1.8571428571428572,0.16669999999999996,0.8185714285714286,5.73,7.0,1.8571428571428572,0.16669999999999996,235.0,2.0794415416798357,1.0498221244986776,0.16669999999999996,5.4638318050256105,0.3148581644427257,0.023462996866347615,0.010782462465826283,潜力词,0.3148581644427257,潜力词,0.24698847314630634,潜力词,0.3162429710825914,黄金词,False,边界敏感词
354,859,495403620,9628223555,32.11,16,41,0.6364, 00:10:26,626.0,False,True,False,626.0,2.5625,0.36360000000000003,2.006875,32.11,16.0,2.5625,0.36360000000000003,626.0,2.833213344056216,1.270462545594769,0.36360000000000003,6.440946540632921,0.41945825125880504,0.019734470034745787,0.014258726970528329,重点词,0.41945825125880504,重点词,0.3379799925051027,重点词,0.4326728975132862,重点词,True,稳定词
356,875,495403620,9628223555,1047.58,1054,1220,0.8092, 00:02:29,149.0,False,True,False,149.0,1.157495256166983,0.19079999999999997,0.993908918406072,1047.58,1054.0,1.157495256166983,0.19079999999999997,149.0,6.961296045910167,0.7689479452091738,0.19079999999999997,5.0106352940962555,0.45406109960813906,0.019003842104933454,0.01580562483595129,重点词,0.45406109960813906,重点词,0.5629583889664641,重点词,0.40065495304158044,重点词,True,稳定词
358,909,495403620,9628223555,5.4,2,0,0.0,0,,False,True,True,92.0,0.0,1.0,2.7,5.4,2.0,0.0,1.0,92.0,1.0986122886681098,0.0,1.0,4.532599493153256,0.41797046887720274,0.024818286567952704,0.01782265386693481,黄金词,0.41797046887720274,黄金词,0.3096981655968301,黄金词,0.4848998414518694,黄金词,True,稳定词
359,958,495403620,9628223555,0.37,1,1,1.0, 00:00:12,12.0,False,True,False,12.0,1.0,0.0,0.37,0.37,1.0,1.0,0.0,12.0,0.6931471805599453,0.6931471805599453,0.0,2.5649493574615367,0.15818987777563526,0.028794721251005503,0.005410998650436767,潜力词,0.15818987777563526,潜力词,0.11053963652295337,潜力词,0.15843114666652594,潜力词,True,稳定词
360,982,495403620,9628223555,9.1,11,14,0.9, 00:00:20,20.0,False,True,False,20.0,1.2727272727272727,0.09999999999999998,0.8272727272727273,9.1,11.0,1.2727272727272727,0.09999999999999998,20.0,2.4849066497880004,0.8209805520698302,0.09999999999999998,3.044522437723423,0.236340240884549,0.02488163374843541,0.00770045984944628,问题词,0.236340240884549,问题词,0.2179867324403118,问题词,0.22775015773752877,问题词,True,稳定词
361,1018,495403620,9628223555,102.67,67,256,0.5556, 00:06:16,376.0,False,True,False,376.0,3.8208955223880596,0.4444,1.5323880597014925,102.67,67.0,3.8208955223880596,0.4444,376.0,4.219507705176107,1.5729597038316905,0.4444,5.932245187448011,0.5101104949205179,0.016130768596301834,0.01679659242908836,重点词,0.5101104949205179,重点词,0.45161246894241186,重点词,0.5167266345891518,重点词,True,稳定词
362,1040,495403620,9628223555,5.45,6,29,0.5, 00:04:21,261.0,False,True,False,261.0,4.833333333333333,0.5,0.9083333333333333,5.45,6.0,4.833333333333333,0.5,261.0,1.9459101490553132,1.7635885922613586,0.5,5.568344503761097,0.4628803532461191,0.019061055136780202,0.016426485212892323,黄金词,0.4628803532461191,黄金词,0.33402339204451986,黄金词,0.4995658858774715,黄金词,True,稳定词
363,1049,495403620,9628223555,1.61,1,1,1.0, 00:00:02,2.0,False,True,False,2.0,1.0,0.0,1.61,1.61,1.0,1.0,0.0,2.0,0.6931471805599453,0.6931471805599453,0.0,1.0986122886681098,0.13721737004141432,0.02938187074738171,0.004672907046176866,潜力词,0.13721737004141432,潜力词,0.09614406329892622,潜力词,0.13742336656649506,潜力词,True,稳定词
364,1092,495403620,9628223555,24.51,26,46,0.875, 00:05:29,329.0,False,True,False,329.0,1.7692307692307692,0.125,0.9426923076923077,24.51,26.0,1.7692307692307692,0.125,329.0,3.295836866004329,1.0185695809945732,0.125,5.799092654460526,0.3452525997901038,0.02231659418931261,0.011767686530486278,重点词,0.3452525997901038,重点词,0.31871176568030146,重点词,0.33126488083034517,重点词,True,稳定词
365,1094,495403620,9628223555,2.51,3,3,1.0, 00:02:57,177.0,False,True,False,177.0,1.0,0.0,0.8366666666666666,2.51,3.0,1.0,0.0,177.0,1.3862943611198906,0.6931471805599453,0.0,5.181783550292085,0.2333052237920196,0.02719333554550156,0.008274932126802047,潜力词,0.2333052237920196,潜力词,0.17557365181751855,潜力词,0.2304224674829724,潜力词,True,稳定词
366,1164,495403620,9628223555,18.53,13,78,0.4615, 00:03:26,206.0,False,True,False,206.0,6.0,0.5385,1.4253846153846155,18.53,13.0,6.0,0.5385,206.0,2.6390573296152584,1.9459101490553132,0.5385,5.332718793265369,0.5068713956982256,0.01729689982947506,0.01777893977623167,重点词,0.5068713956982256,重点词,0.38220802978023205,重点词,0.5421408881044862,重点词,True,稳定词
369,1241,495403620,9628223555,3.09,4,10,0.75, 00:07:42,462.0,False,True,False,462.0,2.5,0.25,0.7725,3.09,4.0,2.5,0.25,462.0,1.6094379124341003,1.252762968495368,0.25,6.137727054086234,0.35567732209856084,0.022743489507591138,0.012554801686607941,黄金词,0.35567732209856084,黄金词,0.25913500909017384,潜力词,0.3679501740949423,黄金词,False,边界敏感词
371,1257,495403620,9628223555,212.08,164,241,0.5614, 00:05:44,344.0,False,True,False,344.0,1.4695121951219512,0.4386,1.2931707317073171,212.08,164.0,1.4695121951219512,0.4386,344.0,5.10594547390058,0.9040206392823407,0.4386,5.84354441703136,0.47037370724191074,0.017271573082397743,0.015339294841953328,重点词,0.47037370724191074,重点词,0.4796907609492745,重点词,0.4643906557532872,重点词,True,稳定词
373,1268,495403620,9628223555,9.13,12,7,1.0, 00:00:05,5.0,False,True,False,5.0,0.5833333333333334,0.0,0.7608333333333334,9.13,12.0,0.5833333333333334,0.0,5.0,2.5649493574615367,0.4595323293784402,0.0,1.791759469228055,0.16017973629728124,0.027454696252386553,0.005236460938010822,问题词,0.16017973629728124,问题词,0.18493850286827682,问题词,0.14213196728792712,问题词,True,稳定词
374,1270,495403620,9628223555,3.53,4,1,1.0, 00:00:03,3.0,False,True,False,3.0,0.25,0.0,0.8825,3.53,4.0,0.25,0.0,3.0,1.6094379124341003,0.22314355131420976,0.0,1.3862943611198906,0.08198634964250875,0.029541995087686557,0.0026383489368084663,潜力词,0.08198634964250875,潜力词,0.09236804465127031,潜力词,0.07357673093043304,潜力词,True,稳定词
375,1285,495403620,9628223555,2.38,1,1,1.0, 00:00:02,2.0,False,True,False,2.0,1.0,0.0,2.38,2.38,1.0,1.0,0.0,2.0,0.6931471805599453,0.6931471805599453,0.0,1.0986122886681098,0.13721737004141432,0.02938187074738171,0.004672907046176866,潜力词,0.13721737004141432,潜力词,0.09614406329892622,潜力词,0.13742336656649506,潜力词,True,稳定词
377,1314,495403620,9628223555,23.63,16,24,0.8462, 00:02:28,148.0,False,True,False,148.0,1.5,0.15380000000000005,1.476875,23.63,16.0,1.5,0.15380000000000005,148.0,2.833213344056216,0.9162907318741551,0.15380000000000005,5.003946305945459,0.30853773372214083,0.023035271707218093,0.010278580444421275,问题词,0.30853773372214083,问题词,0.27498515847602495,问题词,0.3012400884195577,问题词,True,稳定词
378,1316,495403620,9628223555,45.15,213,54,1.0, 00:01:52,112.0,False,True,False,112.0,0.2535211267605634,0.0,0.2119718309859155,45.15,213.0,0.2535211267605634,0.0,112.0,5.365976015021851,0.2259564926908244,0.0,4.727387818712341,0.3193300679959248,0.024662743228079,0.011570300231715465,重点词,0.3193300679959248,重点词,0.4118352707060509,重点词,0.27335888273249426,问题词,False,边界敏感词
379,1318,495403620,9628223555,1364.38,1278,1396,0.8394, 00:02:10,130.0,False,True,False,130.0,1.0923317683881064,0.16059999999999997,1.0675899843505479,1364.38,1278.0,1.0923317683881064,0.16059999999999997,130.0,7.153833801578843,0.7382791227244083,0.16059999999999997,4.875197323201151,0.45029042391517254,0.01941283753869168,0.01590187841905984,重点词,0.45029042391517254,重点词,0.5678706749989426,重点词,0.3929623441549564,重点词,True,稳定词
380,1327,495403620,9628223555,1.34,1,1,1.0, 00:00:06,6.0,False,True,False,6.0,1.0,0.0,1.34,1.34,1.0,1.0,0.0,6.0,0.6931471805599453,0.6931471805599453,0.0,1.9459101490553132,0.14687445426547843,0.029023911203365355,0.004996768810824622,潜力词,0.14687445426547843,潜力词,0.10262742399060708,潜力词,0.14709790085681135,潜力词,True,稳定词
381,1332,495403620,9628223555,7.5,5,6,0.6667, 00:02:55,175.0,False,True,False,175.0,1.2,0.33330000000000004,1.5,7.5,5.0,1.2,0.33330000000000004,175.0,1.791759469228055,0.7884573603642702,0.33330000000000004,5.170483995038151,0.310665343446427,0.023196499989521172,0.010454064027520107,潜力词,0.310665343446427,潜力词,0.23265521542395826,潜力词,0.33111329818686047,黄金词,False,边界敏感词
382,1339,495403620,9628223555,1.29,1,1,1.0, 00:00:11,11.0,False,True,False,11.0,1.0,0.0,1.29,1.29,1.0,1.0,0.0,11.0,0.6931471805599453,0.6931471805599453,0.0,2.4849066497880004,0.15656376398824745,0.028822790348021664,0.005350261647363608,潜力词,0.15656376398824745,潜力词,0.1093930955023073,潜力词,0.15680254782984282,潜力词,True,稳定词
384,1373,495403620,9628223555,0.49,1,1,1.0, 00:00:15,15.0,False,True,False,15.0,1.0,0.0,0.49,0.49,1.0,1.0,0.0,15.0,0.6931471805599453,0.6931471805599453,0.0,2.772588722239781,0.16259971898946918,0.028724096814214967,0.005577416411398274,潜力词,0.16259971898946918,潜力词,0.11366129650839232,潜力词,0.16284763015956913,潜力词,True,稳定词
385,1439,495403620,9628223555,5.2,9,3,0.5, 00:01:39,99.0,False,True,False,99.0,0.3333333333333333,0.5,0.5777777777777778,5.2,9.0,0.3333333333333333,0.5,99.0,2.302585092994046,0.2876820724517809,0.5,4.605170185988092,0.32019223752960846,0.023270669479766987,0.010960580535976283,黄金词,0.32019223752960846,黄金词,0.25895393567488156,潜力词,0.3549841463091711,黄金词,False,边界敏感词
387,1465,495403620,9628223555,0.97,1,6,0.0, 00:03:34,214.0,False,True,False,214.0,6.0,1.0,0.97,0.97,1.0,6.0,1.0,214.0,0.6931471805599453,1.9459101490553132,1.0,5.3706380281276624,0.536346638781127,0.0193695436972596,0.02240637192716306,黄金词,0.536346638781127,黄金词,0.3711089504473145,黄金词,0.6143000517395845,黄金词,True,稳定词
388,1475,495403620,9628223555,0.64,1,1,1.0, 00:02:00,120.0,False,True,False,120.0,1.0,0.0,0.64,0.64,1.0,1.0,0.0,120.0,0.6931471805599453,0.6931471805599453,0.0,4.795790545596741,0.21401869481923805,0.028205532455741852,0.007680222421411457,潜力词,0.21401869481923805,潜力词,0.15108856472007434,潜力词,0.21433632984851855,潜力词,True,稳定词
390,1513,495403620,9628223555,33.69,23,25,0.9474, 00:00:59,59.0,False,True,False,59.0,1.0869565217391304,0.05259999999999998,1.4647826086956521,33.69,23.0,1.0869565217391304,0.05259999999999998,59.0,3.1780538303479458,0.7357067949787413,0.05259999999999998,4.0943445622221,0.2648016873273629,0.024475147642493388,0.008815390734179243,问题词,0.2648016873273629,问题词,0.27000410045154194,问题词,0.24573111384518753,问题词,True,稳定词
391,1531,495403620,9628223555,3.87,9,16,0.5714, 00:01:03,63.0,False,True,False,63.0,1.7777777777777777,0.4286,0.43,3.87,9.0,1.7777777777777777,0.4286,63.0,2.302585092994046,1.0216512475319812,0.4286,4.1588830833596715,0.35598454669002805,0.021167738072310358,0.01170063172148415,黄金词,0.35598454669002805,黄金词,0.27662472089804346,潜力词,0.3835413151821032,黄金词,False,边界敏感词
394,1647,495403620,9628223555,1.1,1,0,0.0,0,,False,True,True,92.0,0.0,1.0,1.1,1.1,1.0,0.0,1.0,92.0,0.6931471805599453,0.0,1.0,4.532599493153256,0.4116933396092666,0.025439651296495898,0.0178025096533729,黄金词,0.4116933396092666,黄金词,0.30071818807662226,黄金词,0.4798693147924276,黄金词,True,稳定词
395,1655,495403620,9628223555,968.54,714,783,0.8632, 00:01:45,105.0,False,True,False,105.0,1.096638655462185,0.13680000000000003,1.3564985994397758,968.54,714.0,1.096638655462185,0.13680000000000003,105.0,6.5722825426940075,0.740335422080044,0.13680000000000003,4.663439094112067,0.4220535909744751,0.020117197726147232,0.014690869963150858,重点词,0.4220535909744751,重点词,0.5279773664661207,重点词,0.3682320110809941,重点词,True,稳定词
397,1666,495403620,9628223555,16.26,12,31,0.5, 00:02:40,160.0,False,True,False,160.0,2.5833333333333335,0.5,1.3550000000000002,16.26,12.0,2.5833333333333335,0.5,160.0,2.5649493574615367,1.2762934659055623,0.5,5.081404364984463,0.42523770410531175,0.019211356985236655,0.01421351643192411,重点词,0.42523770410531175,重点词,0.3281573819256869,重点词,0.4576324267013323,重点词,True,稳定词
398,1676,495403620,9628223555,270.03,159,450,0.75, 00:03:19,199.0,False,True,False,199.0,2.830188679245283,0.25,1.6983018867924526,270.03,159.0,2.830188679245283,0.25,199.0,5.075173815233827,1.3429140654896654,0.25,5.298317366548036,0.45860245086545387,0.017881645601629394,0.01514703291790619,重点词,0.45860245086545387,重点词,0.4719482218605108,重点词,0.43261161531052605,重点词,True,稳定词
401,1719,495403620,9628223555,5.28,6,5,1.0, 00:01:19,79.0,False,True,False,79.0,0.8333333333333334,0.0,0.88,5.28,6.0,0.8333333333333334,0.0,79.0,1.9459101490553132,0.6061358035703155,0.0,4.382026634673881,0.21405623670532054,0.02688079135312731,0.007321135818408378,潜力词,0.21405623670532054,潜力词,0.1812254600460712,潜力词,0.2067570031354317,潜力词,True,稳定词
402,1735,495403620,9628223555,62.35,65,76,0.8718, 00:02:50,170.0,False,True,False,170.0,1.1692307692307693,0.12819999999999998,0.9592307692307692,62.35,65.0,1.1692307692307693,0.12819999999999998,170.0,4.189654742026425,0.7743726204825312,0.12819999999999998,5.14166355650266,0.3392143719458338,0.022119747817876168,0.011355174878328355,重点词,0.3392143719458338,重点词,0.36307385743093645,重点词,0.3134522626614985,重点词,True,稳定词
403,1752,495403620,9628223555,4.32,2,9,0.5, 00:04:51,291.0,False,True,False,291.0,4.5,0.5,2.16,4.32,2.0,4.5,0.5,291.0,1.0986122886681098,1.7047480922384253,0.5,5.676753802268282,0.436786781916244,0.020669753216121984,0.01602994159297279,黄金词,0.436786781916244,黄金词,0.3007920123105738,黄金词,0.47860456248876226,黄金词,True,稳定词
405,1764,495403620,9628223555,12.51,20,178,0.2727, 00:09:42,582.0,False,True,False,582.0,8.9,0.7273000000000001,0.6255,12.51,20.0,8.9,0.7273000000000001,582.0,3.044522437723423,2.2925347571405443,0.7273000000000001,6.368187186350492,0.597465846339534,0.01477681650481073,0.02193265614598661,重点词,0.597465846339534,重点词,0.45383450741129905,重点词,0.6488811286600389,重点词,True,稳定词
407,1802,495403620,9628223555,217.36,110,329,0.5875, 00:05:26,326.0,False,True,False,326.0,2.9909090909090907,0.4125,1.9760000000000002,217.36,110.0,2.9909090909090907,0.4125,326.0,4.709530201312334,1.3840190472827552,0.4125,5.7899601708972535,0.49824696458256257,0.01630811103081725,0.016194155781080733,重点词,0.49824696458256257,重点词,0.4715972472010146,重点词,0.4945483709866483,重点词,True,稳定词
409,1921,495403620,9628223555,1.63,1,1,1.0, 00:00:22,22.0,False,True,False,22.0,1.0,0.0,1.63,1.63,1.0,1.0,0.0,22.0,0.6931471805599453,0.6931471805599453,0.0,3.1354942159291497,0.17088198796232204,0.028608309927347066,0.005896199095485508,潜力词,0.17088198796232204,潜力词,0.11956707600388751,潜力词,0.17114204354468138,潜力词,True,稳定词
412,2006,495403620,9628223555,4.41,2,2,1.0, 00:01:03,63.0,False,True,False,63.0,1.0,0.0,2.205,4.41,2.0,1.0,0.0,63.0,1.0986122886681098,0.6931471805599453,0.0,4.1588830833596715,0.20120665423864575,0.0277785715241252,0.006997095638761089,潜力词,0.20120665423864575,潜力词,0.14615147777129528,潜力词,0.19993041071783654,潜力词,True,稳定词
414,2043,495403620,9628223555,1.63,2,0,0.0,0,,False,True,True,92.0,0.0,1.0,0.815,1.63,2.0,0.0,1.0,92.0,1.0986122886681098,0.0,1.0,4.532599493153256,0.41797046887720274,0.024818286567952704,0.01782265386693481,黄金词,0.41797046887720274,黄金词,0.3096981655968301,黄金词,0.4848998414518694,黄金词,True,稳定词
418,2093,495403620,9628223555,2.33,2,2,1.0, 00:00:06,6.0,False,True,False,6.0,1.0,0.0,1.165,2.33,2.0,1.0,0.0,6.0,1.0986122886681098,0.6931471805599453,0.0,1.9459101490553132,0.1510650788355518,0.028480851666032626,0.005068070584646665,潜力词,0.1510650788355518,潜力词,0.11104467903159562,潜力词,0.1497729366149722,潜力词,True,稳定词
420,2113,495403620,9628223555,32.61,32,38,0.875, 00:02:25,145.0,False,True,False,145.0,1.1875,0.125,1.0190625,32.61,32.0,1.1875,0.125,145.0,3.4965075614664802,0.7827593392496325,0.125,4.983606621708336,0.31087387538018985,0.022946533148339245,0.010351483467993234,问题词,0.31087387538018985,问题词,0.31075455687456816,重点词,0.29335749657311483,问题词,False,边界敏感词
422,2176,495403620,9628223555,17.75,10,27,0.6667, 00:06:16,376.0,False,True,False,376.0,2.7,0.33330000000000004,1.775,17.75,10.0,2.7,0.33330000000000004,376.0,2.3978952727983707,1.308332819650179,0.33330000000000004,5.932245187448011,0.3953348793231208,0.020629185173594047,0.013487525825878116,重点词,0.3953348793231208,重点词,0.30639656647886393,重点词,0.4097200947317867,重点词,True,稳定词
423,2178,495403620,9628223555,1.35,4,1,1.0, 00:02:00,120.0,False,True,False,120.0,0.25,0.0,0.3375,1.35,4.0,0.25,0.0,120.0,1.6094379124341003,0.22314355131420976,0.0,4.795790545596741,0.1877460553860679,0.0285034127571136,0.006588337730674302,潜力词,0.1877460553860679,潜力词,0.15275884082602573,潜力词,0.1834239390360032,潜力词,True,稳定词
424,2186,495403620,9628223555,2.48,3,3,1.0, 00:00:10,10.0,False,True,False,10.0,1.0,0.0,0.8266666666666667,2.48,3.0,1.0,0.0,10.0,1.3862943611198906,0.6931471805599453,0.0,2.3978952727983707,0.16405974337690388,0.027928993270064786,0.005481281027392871,潜力词,0.16405974337690388,潜力词,0.12791111010905598,潜力词,0.16095404064596724,潜力词,True,稳定词
425,2188,495403620,9628223555,5.13,3,3,1.0, 00:00:10,10.0,False,True,False,10.0,1.0,0.0,1.71,5.13,3.0,1.0,0.0,10.0,1.3862943611198906,0.6931471805599453,0.0,2.3978952727983707,0.16405974337690388,0.027928993270064786,0.005481281027392871,潜力词,0.16405974337690388,潜力词,0.12791111010905598,潜力词,0.16095404064596724,潜力词,True,稳定词
426,2226,495403620,9628223555,43.74,46,78,0.7714, 00:02:58,178.0,False,True,False,178.0,1.6956521739130435,0.22860000000000003,0.9508695652173913,43.74,46.0,1.6956521739130435,0.22860000000000003,178.0,3.8501476017100584,0.9916401691159419,0.22860000000000003,5.187385805840755,0.3698380901722495,0.02068050435969569,0.012137258880466718,重点词,0.3698380901722495,重点词,0.35993674173940127,重点词,0.35708063413552177,重点词,True,稳定词
428,2351,495403620,9628223555,42.25,28,34,0.8182, 00:00:47,47.0,False,True,False,47.0,1.2142857142857142,0.18179999999999996,1.5089285714285714,42.25,28.0,1.2142857142857142,0.18179999999999996,47.0,3.367295829986474,0.7949298748698875,0.18179999999999996,3.871201010907891,0.29585062666039574,0.022748712825668347,0.009557944947492616,问题词,0.29585062666039574,问题词,0.29608436712202163,重点词,0.28356125677198946,问题词,False,边界敏感词
429,2354,495403620,9628223555,2.88,2,81,0.0, 00:26:58,1618.0,False,True,False,1618.0,40.5,1.0,1.44,2.88,2.0,11.082051282051294,1.0,1160.4800000000007,1.0986122886681098,2.4917209862077314,1.0,7.057450332948998,0.5865172177165384,0.018008228393823766,0.025544318811100215,黄金词,0.5865172177165384,黄金词,0.41534461180673027,黄金词,0.6593037390924742,黄金词,True,稳定词
430,2370,495403620,9628223555,1.26,1,1,1.0, 00:00:03,3.0,False,True,False,3.0,1.0,0.0,1.26,1.26,1.0,1.0,0.0,3.0,0.6931471805599453,0.6931471805599453,0.0,1.3862943611198906,0.13962801875520683,0.029254691864219275,0.004747684435731067,潜力词,0.13962801875520683,潜力词,0.09770305952716112,潜力词,0.13983887342209136,潜力词,True,稳定词
433,2432,495403620,9628223555,3.85,3,4,1.0, 00:00:38,38.0,False,True,False,38.0,1.3333333333333333,0.0,1.2833333333333334,3.85,3.0,1.3333333333333333,0.0,38.0,1.3862943611198906,0.8472978603872036,0.0,3.6635616461296463,0.21316924686010683,0.02708491722734542,0.007337882236531033,潜力词,0.21316924686010683,潜力词,0.1606071036656821,潜力词,0.21020101023597107,潜力词,True,稳定词
435,2525,495403620,9628223555,13.42,12,10,1.0, 00:00:30,30.0,False,True,False,30.0,0.8333333333333334,0.0,1.1183333333333334,13.42,12.0,0.8333333333333334,0.0,30.0,2.5649493574615367,0.6061358035703155,0.0,3.4339872044851463,0.2088235195868963,0.02637341169204718,0.006961011593989592,问题词,0.2088235195868963,问题词,0.2081310506382178,问题词,0.19412804901344063,问题词,True,稳定词
436,2534,495403620,9628223555,6.02,7,6,1.0, 00:00:53,53.0,False,True,False,53.0,0.8571428571428571,0.0,0.86,6.02,7.0,0.8571428571428571,0.0,53.0,2.0794415416798357,0.6190392084062234,0.0,3.9889840465642745,0.2085134510679692,0.026766758225242455,0.007051577994569994,潜力词,0.2085134510679692,潜力词,0.18361356771179135,潜力词,0.1997342514747339,潜力词,True,稳定词
437,2541,495403620,9628223555,21686.91,29926,87461,0.4974, 00:05:28,328.0,False,True,False,328.0,2.9225756866938446,0.5025999999999999,0.7246845552362494,21686.91,16611.160000000033,2.9225756866938446,0.5025999999999999,328.0,9.717890236295883,1.3667485009631377,0.5025999999999999,5.796057750765372,0.6762369037686434,0.011418451547618556,0.02384947021533336,重点词,0.6762369037686434,重点词,0.7798138775728015,重点词,0.6311715468259768,重点词,True,稳定词
438,2547,495403620,9628223555,2.17,2,2,1.0, 00:00:03,3.0,False,True,False,3.0,1.0,0.0,1.085,2.17,2.0,1.0,0.0,3.0,1.0986122886681098,0.6931471805599453,0.0,1.3862943611198906,0.1437943318835629,0.0287159970426265,0.004822670256550214,潜力词,0.1437943318835629,潜力词,0.10626409793566069,潜力词,0.14249913910118375,潜力词,True,稳定词
439,2551,495403620,9628223555,2.83,2,16,0.5, 00:04:36,276.0,False,True,False,276.0,8.0,0.5,1.415,2.83,2.0,8.0,0.5,276.0,1.0986122886681098,2.1972245773362196,0.5,5.6240175061873385,0.4791350161839038,0.02009402118393755,0.018484155134845713,黄金词,0.4791350161839038,黄金词,0.3332210253396056,黄金词,0.5197080519971033,黄金词,True,稳定词
441,2579,495403620,9628223555,41.09,33,51,0.9, 00:00:55,55.0,False,True,False,55.0,1.5454545454545454,0.09999999999999998,1.2451515151515153,41.09,33.0,1.5454545454545454,0.09999999999999998,55.0,3.5263605246161616,0.9343092373768334,0.09999999999999998,4.02535169073515,0.30528698131094595,0.02294159076224856,0.010081528346041773,问题词,0.30528698131094595,问题词,0.30958132429537777,重点词,0.2851532472523901,问题词,False,边界敏感词
442,2584,495403620,9628223555,115.98,262,182,0.9412, 00:00:39,39.0,False,True,False,39.0,0.6946564885496184,0.05879999999999996,0.44267175572519085,115.98,262.0,0.6946564885496184,0.05879999999999996,39.0,5.572154032177765,0.527480058671128,0.05879999999999996,3.6888794541139363,0.3385170431434809,0.02289921943002963,0.011718784242885336,重点词,0.3385170431434809,重点词,0.4363261647667225,重点词,0.28888408946763655,问题词,False,边界敏感词
443,2602,495403620,9628223555,14.01,10,9,0.7143, 00:00:10,10.0,False,True,False,10.0,0.9,0.28569999999999995,1.401,14.01,10.0,0.9,0.28569999999999995,10.0,2.3978952727983707,0.6418538861723948,0.28569999999999995,2.3978952727983707,0.244498875078645,0.024086206786468948,0.007794893045084894,问题词,0.244498875078645,问题词,0.21731493464576723,问题词,0.25618387805529136,问题词,True,稳定词
444,2633,495403620,9628223555,60.22,42,105,0.7576, 00:04:12,252.0,False,True,False,252.0,2.5,0.24239999999999995,1.4338095238095239,60.22,42.0,2.5,0.24239999999999995,252.0,3.7612001156935624,1.252762968495368,0.24239999999999995,5.53338948872752,0.40410000581250544,0.01979146426591219,0.013421263471898433,重点词,0.40410000581250544,重点词,0.3731276174082133,重点词,0.39424142058244155,重点词,True,稳定词
446,2682,495403620,9628223555,6.07,4,26,0.25, 00:14:48,888.0,False,True,False,888.0,6.5,0.75,1.5175,6.07,4.0,6.5,0.75,888.0,1.6094379124341003,2.0149030205422647,0.75,6.790097235513905,0.5381377025601928,0.017750202193769295,0.020681603762599365,黄金词,0.5381377025601928,黄金词,0.37918072171599665,黄金词,0.6006539815464434,黄金词,True,稳定词
447,2690,495403620,9628223555,5.24,9,8,1.0, 00:00:48,48.0,False,True,False,48.0,0.8888888888888888,0.0,0.5822222222222222,5.24,9.0,0.8888888888888888,0.0,48.0,2.302585092994046,0.6359887667199967,0.0,3.8918202981106265,0.21444196247329556,0.026463603144071604,0.007224045482618177,潜力词,0.21444196247329556,潜力词,0.19757086435644972,潜力词,0.2033034830326683,潜力词,True,稳定词
450,2723,495403620,9628223555,340.06,332,721,0.7402, 00:03:26,206.0,False,True,False,206.0,2.1716867469879517,0.25980000000000003,1.024277108433735,340.06,332.0,2.1716867469879517,0.25980000000000003,206.0,5.808142489980444,1.154263543217487,0.25980000000000003,5.332718793265369,0.46894471722045145,0.01757649299010269,0.015520801321907826,重点词,0.46894471722045145,重点词,0.5170435150424352,重点词,0.434257690098935,重点词,True,稳定词
451,2738,495403620,9628223555,2.73,2,2,1.0, 00:02:00,120.0,False,True,False,120.0,1.0,0.0,1.365,2.73,2.0,1.0,0.0,120.0,1.0986122886681098,0.6931471805599453,0.0,4.795790545596741,0.21843657059918795,0.027646402138318527,0.007726801236247917,潜力词,0.21843657059918795,潜力词,0.15874296766226273,潜力词,0.21715322323575523,潜力词,True,稳定词
453,2748,495403620,9628223555,43.02,39,182,0.6, 00:05:47,347.0,False,True,False,347.0,4.666666666666667,0.4,1.103076923076923,43.02,39.0,4.666666666666667,0.4,347.0,3.6888794541139363,1.7346010553881064,0.4,5.8522024797744745,0.4949905476119934,0.01702317073553076,0.016685447301288858,重点词,0.4949905476119934,重点词,0.41827931861999684,重点词,0.5029519883564199,重点词,True,稳定词
455,2780,495403620,9628223555,95.7,65,179,0.7119, 00:03:15,195.0,False,True,False,195.0,2.753846153846154,0.2881,1.4723076923076923,95.7,65.0,2.753846153846154,0.2881,195.0,4.189654742026425,1.3227809553975647,0.2881,5.278114659230517,0.4333067378553221,0.01858737651576173,0.014212336763723734,重点词,0.4333067378553221,重点词,0.410664391194159,重点词,0.42252045283805656,重点词,True,稳定词
456,2795,495403620,9628223555,3.49,4,4,1.0, 00:01:25,85.0,False,True,False,85.0,1.0,0.0,0.8725,3.49,4.0,1.0,0.0,85.0,1.6094379124341003,0.6931471805599453,0.0,4.454347296253507,0.2178173010296367,0.02703193958819796,0.007527683916364103,潜力词,0.2178173010296367,潜力词,0.1709329514077532,潜力词,0.2133540507665573,潜力词,True,稳定词
457,2813,495403620,9628223555,5.37,11,3,1.0, 00:00:51,51.0,False,True,False,51.0,0.2727272727272727,0.0,0.4881818181818182,5.37,11.0,0.2727272727272727,0.0,51.0,2.4849066497880004,0.24116205681688804,0.0,3.9512437185814275,0.18709415558743858,0.02757321396371576,0.006346106647936721,潜力词,0.18709415558743858,潜力词,0.1926643092161925,潜力词,0.17317446333246042,潜力词,True,稳定词
458,2834,495403620,9628223555,1.88,1,1,1.0, 00:00:04,4.0,False,True,False,4.0,1.0,0.0,1.88,1.88,1.0,1.0,0.0,4.0,0.6931471805599453,0.6931471805599453,0.0,1.6094379124341003,0.1421321122428281,0.029160018973752585,0.004831250999050757,潜力词,0.1421321122428281,潜力词,0.09938094953804383,潜力词,0.14234751798888284,潜力词,True,稳定词
459,2843,495403620,9628223555,150.65,108,141,0.814, 00:02:03,123.0,False,True,False,123.0,1.3055555555555556,0.18600000000000005,1.3949074074074075,150.65,108.0,1.3055555555555556,0.18600000000000005,123.0,4.6913478822291435,0.8353216693404879,0.18600000000000005,4.820281565605037,0.36972741725866587,0.02079122437963597,0.012196446271062082,重点词,0.36972741725866587,重点词,0.40652981924200254,重点词,0.34158907774019337,重点词,True,稳定词
460,2854,495403620,9628223555,4.83,6,5,1.0, 00:00:57,57.0,False,True,False,57.0,0.8333333333333334,0.0,0.805,4.83,6.0,0.8333333333333334,0.0,57.0,1.9459101490553132,0.6061358035703155,0.0,4.060443010546419,0.20537872518745964,0.026956313212483353,0.006967159600200445,潜力词,0.20537872518745964,潜力词,0.1758485687427523,潜力词,0.19791830020587636,潜力词,True,稳定词
461,2855,495403620,9628223555,15.1,18,15,1.0, 00:02:00,120.0,False,True,False,120.0,0.8333333333333334,0.0,0.8388888888888889,15.1,18.0,0.8333333333333334,0.0,120.0,2.9444389791664403,0.6061358035703155,0.0,4.795790545596741,0.2542101006695433,0.02558562168918381,0.008721120346547243,问题词,0.2542101006695433,问题词,0.25195822671599755,问题词,0.2367750884688914,问题词,True,稳定词
462,2874,495403620,9628223555,5435.94,1915,10266,0.3591, 00:06:51,411.0,False,True,False,411.0,5.360835509138381,0.6409,2.8386109660574412,5435.94,1915.0,5.360835509138381,0.6409,411.0,7.557994958530806,1.8501597380852126,0.6409,6.021023349349527,0.7246316243527822,0.008819475826001412,0.023208442431759204,重点词,0.7246316243527822,重点词,0.7425897477726409,重点词,0.7094046744352188,重点词,True,稳定词
463,2890,495403620,9628223555,6.51,6,19,0.8, 00:00:48,48.0,False,True,False,48.0,3.1666666666666665,0.19999999999999996,1.085,6.51,6.0,3.1666666666666665,0.19999999999999996,48.0,1.9459101490553132,1.4271163556401456,0.19999999999999996,3.8918202981106265,0.3353869289451757,0.02276973538617701,0.011490402396004408,黄金词,0.3353869289451757,黄金词,0.2544834672143744,潜力词,0.3407822780079949,黄金词,False,边界敏感词
464,2919,495403620,9628223555,8.23,13,15,0.8182, 00:03:55,235.0,False,True,False,235.0,1.1538461538461537,0.18179999999999996,0.6330769230769231,8.23,13.0,1.1538461538461537,0.18179999999999996,235.0,2.6390573296152584,0.7672551527136672,0.18179999999999996,5.4638318050256105,0.3024814000194775,0.023397815474277474,0.010146545170629823,问题词,0.3024814000194775,问题词,0.2625310836107415,问题词,0.2996622313515683,问题词,True,稳定词
466,2955,495403620,9628223555,3.09,3,3,1.0, 00:00:03,3.0,False,True,False,3.0,1.0,0.0,1.03,3.09,3.0,1.0,0.0,3.0,1.3862943611198906,0.6931471805599453,0.0,1.3862943611198906,0.1490289371990321,0.02834293465764975,0.004963644022427915,潜力词,0.1490289371990321,潜力词,0.118474548872108,潜力词,0.1458405062406619,潜力词,True,稳定词
467,2993,495403620,9628223555,22.18,15,23,0.8462, 00:05:28,328.0,False,True,False,328.0,1.5333333333333334,0.15380000000000005,1.4786666666666666,22.18,15.0,1.5333333333333334,0.15380000000000005,328.0,2.772588722239781,0.9295359586241758,0.15380000000000005,5.796057750765372,0.32515505130162453,0.022947199941773872,0.011056462656625765,重点词,0.32515505130162453,重点词,0.2821127943110438,重点词,0.31886925438617814,重点词,True,稳定词
468,2996,495403620,9628223555,74.77,50,316,0.2692, 00:08:07,487.0,False,True,False,487.0,6.32,0.7308,1.4953999999999998,74.77,50.0,6.32,0.7308,487.0,3.9318256327243257,1.9906103279732201,0.7308,6.1903154058531475,0.6106728830812038,0.01340234092756328,0.02102202959569177,重点词,0.6106728830812038,重点词,0.49190574715202584,重点词,0.6553979610283257,重点词,True,稳定词
469,2997,495403620,9628223555,184.97,118,214,0.7664, 00:01:48,108.0,False,True,False,108.0,1.8135593220338984,0.23360000000000003,1.567542372881356,184.97,118.0,1.8135593220338984,0.23360000000000003,108.0,4.77912349311153,1.0344503444508237,0.23360000000000003,4.6913478822291435,0.40184936869267346,0.019511620884761553,0.01310829099615827,重点词,0.40184936869267346,重点词,0.4275229000998031,重点词,0.37711883188838885,重点词,True,稳定词
470,3008,495403620,9628223555,45.41,54,204,0.6042, 00:05:19,319.0,False,True,False,319.0,3.7777777777777777,0.39580000000000004,0.8409259259259259,45.41,54.0,3.7777777777777777,0.39580000000000004,319.0,4.007333185232471,1.563975538357343,0.39580000000000004,5.768320995793772,0.4867200125725596,0.016977004448952112,0.01609851936806025,重点词,0.4867200125725596,重点词,0.42877286908826046,重点词,0.49029228956116305,重点词,True,稳定词
472,3064,495403620,9628223555,13.2,15,16,0.9, 00:01:00,60.0,False,True,False,60.0,1.0666666666666667,0.09999999999999998,0.88,13.2,15.0,1.0666666666666667,0.09999999999999998,60.0,2.772588722239781,0.7259370033829362,0.09999999999999998,4.110873864173311,0.2564566622536717,0.024481523459067202,0.008443959449932334,问题词,0.2564566622536717,问题词,0.24377784759699,问题词,0.2449491620289665,问题词,True,稳定词
473,3070,495403620,9628223555,9.57,8,14,0.6, 00:01:01,61.0,False,True,False,61.0,1.75,0.4,1.19625,9.57,8.0,1.75,0.4,61.0,2.1972245773362196,1.0116009116784799,0.4,4.127134385045092,0.3432429421602582,0.02159159240101669,0.011284479722269647,重点词,0.3432429421602582,重点词,0.2650493195778759,问题词,0.3684857118807366,重点词,False,边界敏感词
474,3093,495403620,9628223555,0.32,1,0,0.0,0,,False,True,True,92.0,0.0,1.0,0.32,0.32,1.0,0.0,1.0,92.0,0.6931471805599453,0.0,1.0,4.532599493153256,0.4116933396092666,0.025439651296495898,0.0178025096533729,黄金词,0.4116933396092666,黄金词,0.30071818807662226,黄金词,0.4798693147924276,黄金词,True,稳定词
475,3135,495403620,9628223555,2.7,2,22,0.5, 00:16:41,1001.0,False,True,False,1001.0,11.0,0.5,1.35,2.7,2.0,11.0,0.5,1001.0,1.0986122886681098,2.4849066497880004,0.5,6.90975328164481,0.5115949680784635,0.019883788353418856,0.02082788956519284,黄金词,0.5115949680784635,黄金词,0.3608038103933392,黄金词,0.5505078878881926,黄金词,True,稳定词
476,3153,495403620,9628223555,0.72,1,1,1.0, 00:02:00,120.0,False,True,False,120.0,1.0,0.0,0.72,0.72,1.0,1.0,0.0,120.0,0.6931471805599453,0.6931471805599453,0.0,4.795790545596741,0.21401869481923805,0.028205532455741852,0.007680222421411457,潜力词,0.21401869481923805,潜力词,0.15108856472007434,潜力词,0.21433632984851855,潜力词,True,稳定词
477,3165,495403620,9628223555,53.44,53,64,0.875, 00:02:08,128.0,False,True,False,128.0,1.2075471698113207,0.125,1.0083018867924527,53.44,53.0,1.2075471698113207,0.125,128.0,3.9889840465642745,0.7918820212456342,0.125,4.859812404361672,0.3273532462755523,0.022375038950639376,0.010889135486758407,重点词,0.3273532462755523,重点词,0.34617227362038383,重点词,0.30351792639315783,问题词,False,边界敏感词
481,3222,495403620,9628223555,1.65,1,1,1.0, 00:00:02,2.0,False,True,False,2.0,1.0,0.0,1.65,1.65,1.0,1.0,0.0,2.0,0.6931471805599453,0.6931471805599453,0.0,1.0986122886681098,0.13721737004141432,0.02938187074738171,0.004672907046176866,潜力词,0.13721737004141432,潜力词,0.09614406329892622,潜力词,0.13742336656649506,潜力词,True,稳定词
483,3327,495403620,9628223555,22.08,13,59,0.7, 00:08:59,539.0,False,True,False,539.0,4.538461538461538,0.30000000000000004,1.6984615384615382,22.08,13.0,4.538461538461538,0.30000000000000004,539.0,2.6390573296152584,1.7117167615545186,0.30000000000000004,6.29156913955832,0.4422141800331593,0.019657767623304703,0.015584733924105235,重点词,0.4422141800331593,重点词,0.34624784013311305,重点词,0.4506070238645869,重点词,True,稳定词
484,3352,495403620,9628223555,37.67,27,27,0.9524, 00:02:02,122.0,False,True,False,122.0,1.0,0.047599999999999976,1.3951851851851853,37.67,27.0,1.0,0.047599999999999976,122.0,3.332204510175204,0.6931471805599453,0.047599999999999976,4.812184355372417,0.2809904413691428,0.024319963223148732,0.009504292562071939,问题词,0.2809904413691428,问题词,0.2865411903969196,重点词,0.26069149577373235,问题词,False,边界敏感词
485,3353,495403620,9628223555,0.8,1,1,1.0,0,,False,True,True,92.0,1.0,0.0,0.8,0.8,1.0,1.0,0.0,92.0,0.6931471805599453,0.6931471805599453,0.0,4.532599493153256,0.206890558053113,0.02825526427721885,0.007370669273463869,潜力词,0.206890558053113,潜力词,0.14579345963939744,潜力词,0.2071993103703867,潜力词,True,稳定词
486,3374,495403620,9628223555,2398.88,445,3848,0.2606, 00:08:00,480.0,False,True,False,480.0,8.647191011235956,0.7394000000000001,5.390741573033708,2398.88,445.0,8.647191011235956,0.7394000000000001,480.0,6.100318952020064,2.2666667860583205,0.7394000000000001,6.175867270105761,0.7285956188477551,0.008967368584615455,0.0240732497965049,重点词,0.7285956188477551,重点词,0.6615958191806518,重点词,0.7479728954422001,重点词,True,稳定词
487,3379,495403620,9628223555,31.79,21,74,0.65, 00:06:09,369.0,False,True,False,369.0,3.5238095238095237,0.35,1.5138095238095237,31.79,21.0,3.5238095238095237,0.35,369.0,3.091042453358316,1.5093544538771178,0.35,5.91350300563827,0.44087927022057294,0.018914490505861484,0.01491450115632075,重点词,0.44087927022057294,重点词,0.36100370952087396,重点词,0.4500395191017342,重点词,True,稳定词
488,3382,495403620,9628223555,1533.0,276,1485,0.4779, 00:06:24,384.0,False,True,False,384.0,5.380434782608695,0.5221,5.554347826086956,1533.0,276.0,5.380434782608695,0.5221,384.0,5.6240175061873385,1.853236242779056,0.5221,5.953243334287785,0.6129557447884459,0.012608431105351328,0.019967768994711383,重点词,0.6129557447884459,重点词,0.5792198184115817,重点词,0.6100776151465852,重点词,True,稳定词
490,3393,495403620,9628223555,298.34,124,269,0.7182, 00:01:43,103.0,False,True,False,103.0,2.1693548387096775,0.28180000000000005,2.4059677419354837,298.34,124.0,2.1693548387096775,0.28180000000000005,103.0,4.8283137373023015,1.1535280462642243,0.28180000000000005,4.6443908991413725,0.42731310633846975,0.018544287168615246,0.01383690991108482,重点词,0.42731310633846975,重点词,0.4429450100145899,重点词,0.4068947826359192,重点词,True,稳定词
491,3416,495403620,9628223555,4.17,3,2,1.0, 00:02:00,120.0,False,True,False,120.0,0.6666666666666666,0.0,1.39,4.17,3.0,0.6666666666666666,0.0,120.0,1.3862943611198906,0.5108256237659907,0.0,4.795790545596741,0.2047146626674918,0.02781778793446697,0.007160586025967778,潜力词,0.2047146626674918,潜力词,0.15608373613108387,潜力词,0.20186545067827014,潜力词,True,稳定词
492,3417,495403620,9628223555,6.95,6,10,0.6, 00:00:33,33.0,False,True,False,33.0,1.6666666666666667,0.4,1.1583333333333334,6.95,6.0,1.6666666666666667,0.4,33.0,1.9459101490553132,0.9808292530117262,0.4,3.5263605246161616,0.323327813414294,0.022265184053006957,0.010638760418762598,黄金词,0.323327813414294,黄金词,0.2437909056378192,潜力词,0.351275257318736,黄金词,False,边界敏感词
494,3451,495403620,9628223555,2.63,3,3,0.5, 00:00:14,14.0,False,True,False,14.0,1.0,0.5,0.8766666666666666,2.63,3.0,1.0,0.5,14.0,1.3862943611198906,0.6931471805599453,0.5,2.70805020110221,0.30065048271718925,0.02368008804561442,0.010180074091365225,潜力词,0.30065048271718925,潜力词,0.21474952958827695,潜力词,0.34512827209708974,黄金词,False,边界敏感词
496,3548,495403620,9628223555,11.61,15,23,0.9167, 00:04:39,279.0,False,True,False,279.0,1.5333333333333334,0.08330000000000004,0.7739999999999999,11.61,15.0,1.5333333333333334,0.08330000000000004,279.0,2.772588722239781,0.9295359586241758,0.08330000000000004,5.634789603169249,0.31026067311827,0.02372434465468553,0.010671757945324047,问题词,0.31026067311827,问题词,0.27421287159485436,问题词,0.2992347532970608,问题词,True,稳定词
497,3567,495403620,9628223555,1.35,2,2,1.0, 00:00:25,25.0,False,True,False,25.0,1.0,0.0,0.675,1.35,2.0,1.0,0.0,25.0,1.0986122886681098,0.6931471805599453,0.0,3.258096538021482,0.17807266914686276,0.028019580556048442,0.006070514157026633,潜力词,0.17807266914686276,潜力词,0.1296418599914533,潜力词,0.17679686568688444,潜力词,True,稳定词
498,3575,495403620,9628223555,160.27,44,142,0.5, 00:06:10,370.0,False,True,False,370.0,3.227272727272727,0.5,3.6425,160.27,44.0,3.227272727272727,0.5,370.0,3.8066624897703196,1.44155703979494,0.5,5.916202062607435,0.495977356497218,0.01660521387029023,0.016340158890920994,重点词,0.495977356497218,重点词,0.42294782311250134,重点词,0.5144700046658929,重点词,True,稳定词
501,3659,495403620,9628223555,5.77,7,6,1.0, 00:03:04,184.0,False,True,False,184.0,0.8571428571428571,0.0,0.8242857142857142,5.77,7.0,0.8571428571428571,0.0,184.0,2.0794415416798357,0.6190392084062234,0.0,5.220355825078324,0.24141136160175833,0.026514062338029772,0.008437769255459632,潜力词,0.24141136160175833,潜力词,0.20400510935899469,潜力词,0.23329959780304949,潜力词,True,稳定词
502,3677,495403620,9628223555,6.93,10,9,1.0, 00:00:44,44.0,False,True,False,44.0,0.9,0.0,0.693,6.93,10.0,0.9,0.0,44.0,2.3978952727983707,0.6418538861723948,0.0,3.8066624897703196,0.215984783306877,0.02635220000776886,0.0072596476281980874,潜力词,0.215984783306877,潜力词,0.20316684003946975,潜力词,0.2037402484723068,潜力词,True,稳定词
504,3769,495403620,9628223555,1.24,3,3,1.0, 00:00:03,3.0,False,True,False,3.0,1.0,0.0,0.41333333333333333,1.24,3.0,1.0,0.0,3.0,1.3862943611198906,0.6931471805599453,0.0,1.3862943611198906,0.1490289371990321,0.02834293465764975,0.004963644022427915,潜力词,0.1490289371990321,潜力词,0.118474548872108,潜力词,0.1458405062406619,潜力词,True,稳定词
505,3922,495403620,9628223555,2.35,2,2,1.0, 00:00:25,25.0,False,True,False,25.0,1.0,0.0,1.175,2.35,2.0,1.0,0.0,25.0,1.0986122886681098,0.6931471805599453,0.0,3.258096538021482,0.17807266914686276,0.028019580556048442,0.006070514157026633,潜力词,0.17807266914686276,潜力词,0.1296418599914533,潜力词,0.17679686568688444,潜力词,True,稳定词
506,3923,495403620,9628223555,14.78,15,143,0.4286, 00:15:30,930.0,False,True,False,930.0,9.533333333333333,0.5714,0.9853333333333333,14.78,15.0,9.533333333333333,0.5714,930.0,2.772588722239781,2.354544831924757,0.5714,6.836259277277067,0.5646164362509918,0.01623873709925279,0.021058805691347743,重点词,0.5646164362509918,重点词,0.42770416334630074,重点词,0.6007725050037988,重点词,True,稳定词
510,3962,495403620,9628223555,8.52,6,6,1.0, 00:00:44,44.0,False,True,False,44.0,1.0,0.0,1.42,8.52,6.0,1.0,0.0,44.0,1.9459101490553132,0.6931471805599453,0.0,3.8066624897703196,0.2089191693310992,0.02675541295563325,0.007065926050913185,问题词,0.2089191693310992,问题词,0.17781339443226632,问题词,0.2014339784570452,问题词,True,稳定词
511,3973,495403620,9628223555,4.8,7,35,0.8, 00:01:17,77.0,False,True,False,77.0,5.0,0.19999999999999996,0.6857142857142857,4.8,7.0,5.0,0.19999999999999996,77.0,2.0794415416798357,1.791759469228055,0.19999999999999996,4.356708826689592,0.3894538868453884,0.021786392229532523,0.01389705863540722,黄金词,0.3894538868453884,黄金词,0.29567263686454065,黄金词,0.39364001028027884,黄金词,True,稳定词
512,3989,495403620,9628223555,106.06,63,407,0.4483, 00:06:34,394.0,False,True,False,394.0,6.4603174603174605,0.5517000000000001,1.6834920634920636,106.06,63.0,6.4603174603174605,0.5517000000000001,394.0,4.1588830833596715,2.0095979683125718,0.5517000000000001,5.978885764901122,0.5770828558250358,0.014316609668513386,0.019535434084507166,重点词,0.5770828558250358,重点词,0.48459199188200625,重点词,0.5977363454726322,重点词,True,稳定词
515,4002,495403620,9628223555,26.24,17,59,0.75, 00:04:48,288.0,False,True,False,288.0,3.4705882352941178,0.25,1.5435294117647058,26.24,17.0,3.4705882352941178,0.25,288.0,2.8903717578961645,1.4975199962301151,0.25,5.666426688112432,0.40712830320516796,0.020291743591788373,0.013934453579520499,重点词,0.40712830320516796,重点词,0.33413143481559227,重点词,0.4081351393709393,重点词,True,稳定词
516,4016,495403620,9628223555,48.68,27,55,0.6522, 00:02:52,172.0,False,True,False,172.0,2.037037037037037,0.3478,1.8029629629629629,48.68,27.0,2.037037037037037,0.3478,172.0,3.332204510175204,1.110882381259924,0.3478,5.153291594497779,0.3929118310039651,0.019801966553544822,0.012815975229593693,重点词,0.3929118310039651,重点词,0.3443483505191827,重点词,0.39928945755797773,重点词,True,稳定词
518,4046,495403620,9628223555,21.51,20,28,0.8235, 00:00:55,55.0,False,True,False,55.0,1.4,0.1765,1.0755000000000001,21.51,20.0,1.4,0.1765,55.0,3.044522437723423,0.8754687373538999,0.1765,4.02535169073515,0.2952128480637008,0.022896850283257563,0.009590759941122703,问题词,0.2952128480637008,问题词,0.27812144216086865,问题词,0.2868223045466754,问题词,True,稳定词
519,4047,495403620,9628223555,50.95,36,52,0.7778, 00:05:26,326.0,False,True,False,326.0,1.4444444444444444,0.22219999999999995,1.4152777777777779,50.95,36.0,1.4444444444444444,0.22219999999999995,326.0,3.6109179126442243,0.8938178760220964,0.22219999999999995,5.7899601708972535,0.3613362220650248,0.021268120817102613,0.012032845281006059,重点词,0.3613362220650248,重点词,0.34294440068133025,重点词,0.35124863659657746,重点词,True,稳定词
520,4052,495403620,9628223555,1.19,1,1,1.0, 00:00:09,9.0,False,True,False,9.0,1.0,0.0,1.19,1.19,1.0,1.0,0.0,9.0,0.6931471805599453,0.6931471805599453,0.0,2.302585092994046,0.15302863302248787,0.028888469827167657,0.005219495274720695,潜力词,0.15302863302248787,潜力词,0.10691018880119407,潜力词,0.15326193788480943,潜力词,True,稳定词
522,4158,495403620,9628223555,36.54,28,49,0.92, 00:01:38,98.0,False,True,False,98.0,1.75,0.07999999999999996,1.305,36.54,28.0,1.75,0.07999999999999996,98.0,3.367295829986474,1.0116009116784799,0.07999999999999996,4.59511985013459,0.3160268222067712,0.022975996369457574,0.010615958864207194,问题词,0.3160268222067712,问题词,0.30653599463171544,重点词,0.29747968237087624,问题词,False,边界敏感词
523,4163,495403620,9628223555,0.49,2,2,1.0, 00:00:01,1.0,False,True,False,1.0,1.0,0.0,0.245,0.49,2.0,1.0,0.0,1.0,1.0986122886681098,0.6931471805599453,0.0,0.6931471805599453,0.1395725829865599,0.029037953873559424,0.004710335987252675,潜力词,0.1395725829865599,潜力词,0.10375731134152906,潜力词,0.13828996979872368,潜力词,True,稳定词
524,4165,495403620,9628223555,36.37,33,30,0.8095, 00:02:33,153.0,False,True,False,153.0,0.9090909090909091,0.1905,1.102121212121212,36.37,33.0,0.9090909090909091,0.1905,153.0,3.5263605246161616,0.6466271649250523,0.1905,5.0369526024136295,0.3122403514647357,0.02268735538505597,0.010299975920835112,问题词,0.3122403514647357,问题词,0.3130814924785927,重点词,0.29945794195887276,问题词,False,边界敏感词
525,4171,495403620,9628223555,1.68,2,1,1.0, 00:00:08,8.0,False,True,False,8.0,0.5,0.0,0.84,1.68,2.0,0.5,0.0,8.0,1.0986122886681098,0.4054651081081644,0.0,2.1972245773362196,0.11014133774326776,0.029249175962690204,0.0036202865747790923,潜力词,0.11014133774326776,潜力词,0.08370793669218635,潜力词,0.10870397788172793,潜力词,True,稳定词
526,4188,495403620,9628223555,1533.24,434,1683,0.5805, 00:04:46,286.0,False,True,False,286.0,3.877880184331797,0.4195,3.532811059907834,1533.24,434.0,3.877880184331797,0.4195,286.0,6.075346031088684,1.5847107370344602,0.4195,5.659482215759621,0.5705029371481931,0.01395571953581018,0.018537446874097127,重点词,0.5705029371481931,重点词,0.5834508812762403,重点词,0.548997631241665,重点词,True,稳定词
527,4189,495403620,9628223555,19.42,15,28,0.6667, 00:00:57,57.0,False,True,False,57.0,1.8666666666666667,0.33330000000000004,1.2946666666666669,19.42,15.0,1.8666666666666667,0.33330000000000004,57.0,2.772588722239781,1.0531499145913523,0.33330000000000004,4.060443010546419,0.34555205906652586,0.021197352651561478,0.011192317062008955,重点词,0.34555205906652586,重点词,0.29087930713696175,重点词,0.35707799654461686,重点词,True,稳定词
528,4251,495403620,9628223555,1.23,1,0,0.0,0,,False,True,True,92.0,0.0,1.0,1.23,1.23,1.0,0.0,1.0,92.0,0.6931471805599453,0.0,1.0,4.532599493153256,0.4116933396092666,0.025439651296495898,0.0178025096533729,黄金词,0.4116933396092666,黄金词,0.30071818807662226,黄金词,0.4798693147924276,黄金词,True,稳定词
530,4321,495403620,9628223555,89.22,64,291,0.566, 00:08:45,525.0,False,True,False,525.0,4.546875,0.43400000000000005,1.3940625,89.22,64.0,4.546875,0.43400000000000005,525.0,4.174387269895637,1.713234706115744,0.43400000000000005,6.26530121273771,0.5237629315022811,0.01592569557683634,0.01751499316894663,重点词,0.5237629315022811,重点词,0.4572074126768641,重点词,0.5296989223805488,重点词,True,稳定词
531,4331,495403620,9628223555,16.86,15,9,1.0, 00:00:48,48.0,False,True,False,48.0,0.6,0.0,1.1239999999999999,16.86,15.0,0.6,0.0,48.0,2.772588722239781,0.4700036292457356,0.0,3.8918202981106265,0.2134966280062273,0.0264503209536182,0.007179949297565955,问题词,0.2134966280062273,问题词,0.2218233730478996,问题词,0.196451407645749,问题词,True,稳定词
532,4388,495403620,9628223555,8.28,9,5,1.0, 00:00:32,32.0,False,True,False,32.0,0.5555555555555556,0.0,0.9199999999999999,8.28,9.0,0.5555555555555556,0.0,32.0,2.302585092994046,0.44183275227903923,0.0,3.4965075614664802,0.18382893231454353,0.02720541687620779,0.006127566800067861,问题词,0.18382893231454353,问题词,0.1811548852787611,问题词,0.1717320308351166,问题词,True,稳定词
533,4422,495403620,9628223555,5.1,4,31,0.6, 00:23:45,1425.0,False,True,False,1425.0,7.75,0.4,1.275,5.1,4.0,7.75,0.4,1160.4800000000007,1.6094379124341003,2.169053700369523,0.4,7.057450332948998,0.48509927229314487,0.019847283472823003,0.01869856120138091,黄金词,0.48509927229314487,黄金词,0.3489905688896055,黄金词,0.5116279754918737,黄金词,True,稳定词
536,4479,495403620,9628223555,7.22,8,6,1.0, 00:00:52,52.0,False,True,False,52.0,0.75,0.0,0.9025,7.22,8.0,0.75,0.0,52.0,2.1972245773362196,0.5596157879354227,0.0,3.970291913552122,0.20499537622749048,0.02681464398457732,0.006914271776106768,潜力词,0.20499537622749048,潜力词,0.187202015743659,潜力词,0.1948974238069741,潜力词,True,稳定词
537,4480,495403620,9628223555,21.87,15,12,0.9091, 00:00:34,34.0,False,True,False,34.0,0.8,0.09089999999999998,1.458,21.87,15.0,0.8,0.09089999999999998,34.0,2.772588722239781,0.5877866649021191,0.09089999999999998,3.5553480614894135,0.2273037982064694,0.025192482040974816,0.007410864503889408,问题词,0.2273037982064694,问题词,0.22886604319277248,问题词,0.2141267508273548,问题词,True,稳定词
538,4498,495403620,9628223555,3.53,2,2,1.0, 00:02:00,120.0,False,True,False,120.0,1.0,0.0,1.765,3.53,2.0,1.0,0.0,120.0,1.0986122886681098,0.6931471805599453,0.0,4.795790545596741,0.21843657059918795,0.027646402138318527,0.007726801236247917,潜力词,0.21843657059918795,潜力词,0.15874296766226273,潜力词,0.21715322323575523,潜力词,True,稳定词
541,4529,495403620,9628223555,1.62,2,2,1.0, 00:00:02,2.0,False,True,False,2.0,1.0,0.0,0.81,1.62,2.0,1.0,0.0,2.0,1.0986122886681098,0.6931471805599453,0.0,1.0986122886681098,0.1413640944448003,0.028845551107537563,0.004749073716456767,潜力词,0.1413640944448003,潜力词,0.1047421939272683,潜力词,0.14007141943068893,潜力词,True,稳定词
545,4560,495403620,9628223555,15.29,8,17,0.6667, 00:02:01,121.0,False,True,False,121.0,2.125,0.33330000000000004,1.91125,15.29,8.0,2.125,0.33330000000000004,121.0,2.1972245773362196,1.1394342831883648,0.33330000000000004,4.804021044733257,0.35162784358618293,0.02159160034502136,0.011709645137890367,重点词,0.35162784358618293,重点词,0.270975838342321,问题词,0.3685387786833253,重点词,False,边界敏感词
546,4581,495403620,9628223555,3.58,2,2,1.0, 00:01:03,63.0,False,True,False,63.0,1.0,0.0,1.79,3.58,2.0,1.0,0.0,63.0,1.0986122886681098,0.6931471805599453,0.0,4.1588830833596715,0.20120665423864575,0.0277785715241252,0.006997095638761089,潜力词,0.20120665423864575,潜力词,0.14615147777129528,潜力词,0.19993041071783654,潜力词,True,稳定词
547,4594,495403620,9628223555,20.64,30,24,1.0, 00:00:40,40.0,False,True,False,40.0,0.8,0.0,0.6880000000000001,20.64,30.0,0.8,0.0,40.0,3.4339872044851463,0.5877866649021191,0.0,3.713572066704308,0.24611268873365338,0.025364339624806123,0.008280396459424058,问题词,0.24611268873365338,问题词,0.27498723994235574,问题词,0.22087107614811716,问题词,True,稳定词
548,4613,495403620,9628223555,5.38,5,3,1.0, 00:01:20,80.0,False,True,False,80.0,0.6,0.0,1.076,5.38,5.0,0.6,0.0,80.0,1.791759469228055,0.4700036292457356,0.0,4.394449154672439,0.19722201827108754,0.0275092946854052,0.0067583301268243,潜力词,0.19722201827108754,潜力词,0.16478327067618725,潜力词,0.19123354284076688,潜力词,True,稳定词
549,4634,495403620,9628223555,375.36,121,502,0.5534, 00:07:18,438.0,False,True,False,438.0,4.148760330578512,0.4466,3.1021487603305786,375.36,121.0,4.148760330578512,0.4466,438.0,4.804021044733257,1.638755973190712,0.4466,6.0844994130751715,0.5409366538072837,0.01506720207575675,0.01775441655426014,重点词,0.5409366538072837,重点词,0.4984482467765763,重点词,0.5401114191463977,重点词,True,稳定词
550,4637,495403620,9628223555,5.75,11,9,1.0, 00:00:54,54.0,False,True,False,54.0,0.8181818181818182,0.0,0.5227272727272727,5.75,11.0,0.8181818181818182,0.0,54.0,2.4849066497880004,0.5978370007556204,0.0,4.007333185232471,0.21890719486302654,0.02633356176176605,0.007380180816042181,潜力词,0.21890719486302654,潜力词,0.2092288035291117,潜力词,0.20577608925763327,潜力词,True,稳定词
551,4706,495403620,9628223555,6.41,11,14,0.8889, 00:01:34,94.0,False,True,False,94.0,1.2727272727272727,0.11109999999999998,0.5827272727272728,6.41,11.0,1.2727272727272727,0.11109999999999998,94.0,2.4849066497880004,0.8209805520698302,0.11109999999999998,4.553876891600541,0.26992779379764786,0.024321432708187585,0.008992303250480699,潜力词,0.26992779379764786,潜力词,0.23680202154379537,潜力词,0.2629050791989949,潜力词,True,稳定词
552,4717,495403620,9628223555,1.77,3,3,1.0, 00:00:15,15.0,False,True,False,15.0,1.0,0.0,0.59,1.77,3.0,1.0,0.0,15.0,1.3862943611198906,0.6931471805599453,0.0,2.772588722239781,0.17171710962736816,0.027794939948303187,0.005762363083513235,潜力词,0.17171710962736816,潜力词,0.13289050750136874,潜力词,0.16865385243719688,潜力词,True,稳定词
555,4762,495403620,9628223555,0.97,2,1,1.0, 00:00:02,2.0,False,True,False,2.0,0.5,0.0,0.485,0.97,2.0,0.5,0.0,2.0,1.0986122886681098,0.4054651081081644,0.0,1.0986122886681098,0.08905995036305749,0.02969860167750274,0.0029035456200490516,潜力词,0.08905995036305749,潜力词,0.07023116599108227,潜力词,0.08743356672652602,潜力词,True,稳定词
556,4828,495403620,9628223555,11.05,8,22,0.5, 00:03:19,199.0,False,True,False,199.0,2.75,0.5,1.38125,11.05,8.0,2.75,0.5,199.0,2.1972245773362196,1.3217558399823195,0.5,5.298317366548036,0.42228724167920667,0.019646324895514412,0.014360756673221113,重点词,0.42228724167920667,重点词,0.31391135780715806,重点词,0.4577182603462507,重点词,True,稳定词
559,4865,495403620,9628223555,61.99,63,65,0.84, 00:01:04,64.0,False,True,False,64.0,1.0317460317460319,0.16000000000000003,0.983968253968254,61.99,63.0,1.0317460317460319,0.16000000000000003,64.0,4.1588830833596715,0.7088955375280845,0.16000000000000003,4.174387269895637,0.3193586084884394,0.022268730776346973,0.010448543039300399,重点词,0.3193586084884394,重点词,0.3523110614502504,重点词,0.2947001195772311,问题词,False,边界敏感词
560,4888,495403620,9628223555,33.02,26,57,0.7083, 00:03:22,202.0,False,True,False,202.0,2.1923076923076925,0.29169999999999996,1.27,33.02,26.0,2.1923076923076925,0.29169999999999996,202.0,3.295836866004329,1.160744069775116,0.29169999999999996,5.313205979041787,0.38605921041871444,0.02021113470703781,0.012709197432519212,重点词,0.38605921041871444,重点词,0.33932805634437135,重点词,0.38666437905280715,重点词,True,稳定词
561,4914,495403620,9628223555,2.05,2,2,1.0, 00:01:32,92.0,False,True,False,92.0,1.0,0.0,1.025,2.05,2.0,1.0,0.0,92.0,1.0986122886681098,0.6931471805599453,0.0,4.532599493153256,0.21127469269685506,0.027697137928984577,0.007419191764667866,潜力词,0.21127469269685506,潜力词,0.15347884754643093,潜力词,0.20999483575453678,潜力词,True,稳定词
562,4927,495403620,9628223555,22.07,17,23,0.8, 00:01:01,61.0,False,True,False,61.0,1.3529411764705883,0.19999999999999996,1.2982352941176472,22.07,17.0,1.3529411764705883,0.19999999999999996,61.0,2.8903717578961645,0.8556661100577203,0.19999999999999996,4.127134385045092,0.2946411131139627,0.022891870351946342,0.00956234661129001,问题词,0.2946411131139627,问题词,0.2696597862981091,问题词,0.2903489718380997,问题词,True,稳定词
563,4931,495403620,9628223555,0.81,2,1,1.0, 00:00:01,1.0,False,True,False,1.0,0.5,0.0,0.405,0.81,2.0,0.5,0.0,1.0,1.0986122886681098,0.4054651081081644,0.0,0.6931471805599453,0.08677527623050757,0.02988551301323723,0.0028397431426404,潜力词,0.08677527623050757,潜力词,0.06889712343625956,潜力词,0.08513521330442218,潜力词,True,稳定词
564,4935,495403620,9628223555,10.31,11,8,1.0, 00:00:33,33.0,False,True,False,33.0,0.7272727272727273,0.0,0.9372727272727274,10.31,11.0,0.7272727272727273,0.0,33.0,2.4849066497880004,0.5465437063680699,0.0,3.5263605246161616,0.20165148482206458,0.02663289931233999,0.0067270917266664095,问题词,0.20165148482206458,问题词,0.20013263285326155,问题词,0.18779740250069482,问题词,True,稳定词
565,4949,495403620,9628223555,21.56,17,16,0.9286, 00:00:59,59.0,False,True,False,59.0,0.9411764705882353,0.07140000000000002,1.268235294117647,21.56,17.0,0.9411764705882353,0.07140000000000002,59.0,2.8903717578961645,0.6632942174102642,0.07140000000000002,4.0943445622221,0.24913161283086338,0.024847516820918188,0.00824419038837889,问题词,0.24913161283086338,问题词,0.24634745161998328,问题词,0.2342642446243272,问题词,True,稳定词
566,4960,495403620,9628223555,10.94,15,15,0.7273, 00:00:46,46.0,False,True,False,46.0,1.0,0.27270000000000005,0.7293333333333333,10.94,15.0,1.0,0.27270000000000005,46.0,2.772588722239781,0.6931471805599453,0.27270000000000005,3.8501476017100584,0.28469041161869085,0.022984989706021187,0.009147935784373064,问题词,0.28469041161869085,问题词,0.2580443387695416,问题词,0.2895968720770702,问题词,True,稳定词
568,5035,495403620,9628223555,66.79,41,39,0.9167, 00:01:44,104.0,False,True,False,104.0,0.9512195121951219,0.08330000000000004,1.6290243902439026,66.79,41.0,0.9512195121951219,0.08330000000000004,104.0,3.7376696182833684,0.6684545679695738,0.08330000000000004,4.653960350157523,0.29496908708358277,0.023585049509404658,0.009867454596895017,问题词,0.29496908708358277,问题词,0.3160340732338041,重点词,0.27105814858080085,问题词,False,边界敏感词
570,5064,495403620,9628223555,1.33,3,3,1.0, 00:00:43,43.0,False,True,False,43.0,1.0,0.0,0.44333333333333336,1.33,3.0,1.0,0.0,43.0,1.3862943611198906,0.6931471805599453,0.0,3.784189633918261,0.19593548827908014,0.027486668232763804,0.006697987142629835,潜力词,0.19593548827908014,潜力词,0.14915730442963335,潜力词,0.19297421546239976,潜力词,True,稳定词
572,5126,495403620,9628223555,10.69,12,8,1.0, 00:00:21,21.0,False,True,False,21.0,0.6666666666666666,0.0,0.8908333333333333,10.69,12.0,0.6666666666666666,0.0,21.0,2.5649493574615367,0.5108256237659907,0.0,3.091042453358316,0.19053292743759004,0.026792275147167907,0.006306384520798044,问题词,0.19053292743759004,问题词,0.198991854217798,问题词,0.17491472466084945,问题词,True,稳定词
573,5163,495403620,9628223555,2.85,4,3,1.0, 00:00:03,3.0,False,True,False,3.0,0.75,0.0,0.7125,2.85,4.0,0.75,0.0,3.0,1.6094379124341003,0.5596157879354227,0.0,1.3862943611198906,0.1320237209231217,0.02845293306848616,0.004327839579755797,潜力词,0.1320237209231217,潜力词,0.11769284314421112,潜力词,0.12642828880112686,潜力词,True,稳定词
576,5229,495403620,9628223555,28.35,51,38,1.0, 00:00:54,54.0,False,True,False,54.0,0.7450980392156863,0.0,0.5558823529411765,28.35,51.0,0.7450980392156863,0.0,54.0,3.9512437185814275,0.556810737007814,0.0,4.007333185232471,0.2702704034681658,0.024844875683283446,0.009201812023180706,问题词,0.2702704034681658,问题词,0.31551480909026847,重点词,0.23891228850647248,问题词,False,边界敏感词
577,5249,495403620,9628223555,371.71,111,99,0.9457, 00:01:11,71.0,False,True,False,71.0,0.8918918918918919,0.054300000000000015,3.3487387387387386,371.71,111.0,0.8918918918918919,0.054300000000000015,71.0,4.718498871295094,0.6375773294051346,0.054300000000000015,4.276666119016055,0.3200875603008797,0.023108916016238813,0.010879160487354997,重点词,0.3200875603008797,重点词,0.3825208276387562,重点词,0.2816738569277035,问题词,False,边界敏感词
579,5306,495403620,9628223555,13.59,17,10,0.8889, 00:01:06,66.0,False,True,False,66.0,0.5882352941176471,0.11109999999999998,0.7994117647058824,13.59,17.0,0.5882352941176471,0.11109999999999998,66.0,2.8903717578961645,0.462623521948113,0.11109999999999998,4.204692619390966,0.2382413358790564,0.025101050419215152,0.007850396806109595,问题词,0.2382413358790564,问题词,0.24084036751634466,问题词,0.22551743960645143,问题词,True,稳定词
580,5313,495403620,9628223555,11.64,18,32,0.7857, 00:02:51,171.0,False,True,False,171.0,1.7777777777777777,0.21430000000000005,0.6466666666666667,11.64,18.0,1.7777777777777777,0.21430000000000005,171.0,2.9444389791664403,1.0216512475319812,0.21430000000000005,5.147494476813453,0.33872937389161484,0.021916642254653843,0.01122658442038315,重点词,0.33872937389161484,重点词,0.2966956084978387,重点词,0.335568120145982,重点词,True,稳定词
581,5314,495403620,9628223555,0.29,1,1,1.0,0,,False,True,True,92.0,1.0,0.0,0.29,0.29,1.0,1.0,0.0,92.0,0.6931471805599453,0.6931471805599453,0.0,4.532599493153256,0.206890558053113,0.02825526427721885,0.007370669273463869,潜力词,0.206890558053113,潜力词,0.14579345963939744,潜力词,0.2071993103703867,潜力词,True,稳定词
582,5395,495403620,9628223555,1.19,1,0,0.0,0,,False,True,True,92.0,0.0,1.0,1.19,1.19,1.0,0.0,1.0,92.0,0.6931471805599453,0.0,1.0,4.532599493153256,0.4116933396092666,0.025439651296495898,0.0178025096533729,黄金词,0.4116933396092666,黄金词,0.30071818807662226,黄金词,0.4798693147924276,黄金词,True,稳定词
583,5406,495403620,9628223555,6.44,8,5,1.0, 00:01:17,77.0,False,True,False,77.0,0.625,0.0,0.805,6.44,8.0,0.625,0.0,77.0,2.1972245773362196,0.4855078157817008,0.0,4.356708826689592,0.20828762174737434,0.026964462682186007,0.007093944667335033,潜力词,0.20828762174737434,潜力词,0.18922514772310928,潜力词,0.19842869741485675,潜力词,True,稳定词
584,5436,495403620,9628223555,17.1,13,31,0.4545, 00:04:57,297.0,False,True,False,297.0,2.3846153846153846,0.5455,1.3153846153846156,17.1,13.0,2.3846153846153846,0.5455,297.0,2.6390573296152584,1.2192402764567245,0.5455,5.697093486505405,0.4426903815950492,0.01881221639167002,0.014943196704395978,重点词,0.4426903815950492,重点词,0.3420028957888058,重点词,0.47906795000407176,重点词,True,稳定词
588,5467,495403620,9628223555,9.29,9,7,1.0, 00:00:36,36.0,False,True,False,36.0,0.7777777777777778,0.0,1.0322222222222222,9.29,9.0,0.7777777777777778,0.0,36.0,2.302585092994046,0.5753641449035619,0.0,3.6109179126442243,0.20072854058891948,0.02673352020636925,0.006713839750743509,问题词,0.20072854058891948,问题词,0.1900519288636959,问题词,0.18917815163250684,问题词,True,稳定词
590,5495,495403620,9628223555,1.56,9,18,0.625, 00:02:54,174.0,False,True,False,174.0,2.0,0.375,0.17333333333333334,1.56,9.0,2.0,0.375,174.0,2.302585092994046,1.0986122886681098,0.375,5.1647859739235145,0.36695143439817257,0.02111162869297689,0.012237516759878626,黄金词,0.36695143439817257,黄金词,0.28414754527386243,黄金词,0.3874380135149039,黄金词,True,稳定词
592,5508,495403620,9628223555,1.4,1,0,0.0,0,,False,True,True,92.0,0.0,1.0,1.4,1.4,1.0,0.0,1.0,92.0,0.6931471805599453,0.0,1.0,4.532599493153256,0.4116933396092666,0.025439651296495898,0.0178025096533729,黄金词,0.4116933396092666,黄金词,0.30071818807662226,黄金词,0.4798693147924276,黄金词,True,稳定词
593,5534,495403620,9628223555,0.1,1,0,0.0,0,,False,True,True,92.0,0.0,1.0,0.1,0.15,1.0,0.0,1.0,92.0,0.6931471805599453,0.0,1.0,4.532599493153256,0.4116933396092666,0.025439651296495898,0.0178025096533729,黄金词,0.4116933396092666,黄金词,0.30071818807662226,黄金词,0.4798693147924276,黄金词,True,稳定词
595,5549,495403620,9628223555,3.05,3,3,1.0, 00:00:02,2.0,False,True,False,2.0,1.0,0.0,1.0166666666666666,3.05,3.0,1.0,0.0,2.0,1.3862943611198906,0.6931471805599453,0.0,1.0986122886681098,0.1466198130923384,0.028474186161385386,0.004892168715642456,潜力词,0.1466198130923384,潜力词,0.11705198963366364,潜力词,0.1434280154508012,潜力词,True,稳定词
597,5588,495403620,9628223555,1.37,2,1,1.0, 00:00:03,3.0,False,True,False,3.0,0.5,0.0,0.685,1.37,2.0,0.5,0.0,3.0,1.0986122886681098,0.4054651081081644,0.0,1.3862943611198906,0.09272591684463333,0.029572784939087843,0.003022420289565905,潜力词,0.09272591684463333,潜力词,0.07249975261201598,潜力词,0.09113680160906418,潜力词,True,稳定词
599,5629,495403620,9628223555,1.1,1,0,0.0,0,,False,True,True,92.0,0.0,1.0,1.1,1.1,1.0,0.0,1.0,92.0,0.6931471805599453,0.0,1.0,4.532599493153256,0.4116933396092666,0.025439651296495898,0.0178025096533729,黄金词,0.4116933396092666,黄金词,0.30071818807662226,黄金词,0.4798693147924276,黄金词,True,稳定词
600,5643,495403620,9628223555,5.44,3,3,1.0, 00:00:03,3.0,False,True,False,3.0,1.0,0.0,1.8133333333333335,5.44,3.0,1.0,0.0,3.0,1.3862943611198906,0.6931471805599453,0.0,1.3862943611198906,0.1490289371990321,0.02834293465764975,0.004963644022427915,潜力词,0.1490289371990321,潜力词,0.118474548872108,潜力词,0.1458405062406619,潜力词,True,稳定词
602,5661,495403620,9628223555,33.08,29,27,0.8947, 00:01:40,100.0,False,True,False,100.0,0.9310344827586207,0.10529999999999995,1.1406896551724137,33.08,29.0,0.9310344827586207,0.10529999999999995,100.0,3.4011973816621555,0.6580558607486753,0.10529999999999995,4.61512051684126,0.28387208017008836,0.02377212684322735,0.009423236980701613,问题词,0.28387208017008836,问题词,0.29190476298427803,重点词,0.26542592867626846,问题词,False,边界敏感词
606,5696,495403620,9628223555,54.85,41,39,0.9375, 00:01:16,76.0,False,True,False,76.0,0.9512195121951219,0.0625,1.3378048780487806,54.85,41.0,0.9512195121951219,0.0625,76.0,3.7376696182833684,0.6684545679695738,0.0625,4.343805421853684,0.28562893753799085,0.023890332315252415,0.009552136970830856,问题词,0.28562893753799085,问题词,0.31146544040034957,重点词,0.260105129403242,问题词,False,边界敏感词
607,5702,495403620,9628223555,22.93,16,40,0.8182, 00:01:17,77.0,False,True,False,77.0,2.5,0.18179999999999996,1.433125,22.93,16.0,2.5,0.18179999999999996,77.0,2.833213344056216,1.252762968495368,0.18179999999999996,4.356708826689592,0.34133839262157695,0.021952846607710814,0.011376629957784785,重点词,0.34133839262157695,重点词,0.2930140442583796,重点词,0.33653632698671715,重点词,True,稳定词
608,5703,495403620,9628223555,2433.25,464,1009,0.7268, 00:03:49,229.0,False,True,False,229.0,2.1745689655172415,0.2732,5.244073275862069,2433.25,464.0,2.1745689655172415,0.2732,229.0,6.142037405587356,1.155171864236375,0.2732,5.438079308923196,0.48598678607483964,0.017074680430398975,0.01614368821816465,重点词,0.48598678607483964,重点词,0.543273744805357,重点词,0.4485550388367153,重点词,True,稳定词
609,5705,495403620,9628223555,134.41,26,101,0.56, 00:03:29,209.0,False,True,False,209.0,3.8846153846153846,0.43999999999999995,5.169615384615384,134.41,26.0,3.8846153846153846,0.43999999999999995,209.0,3.295836866004329,1.5860905484371093,0.43999999999999995,5.3471075307174685,0.46983578398781806,0.01767163351076156,0.015660743471760975,重点词,0.46983578398781806,重点词,0.3849726231422426,重点词,0.48722296481778493,重点词,True,稳定词
610,5721,495403620,9628223555,20.77,18,25,0.9444, 00:02:30,150.0,False,True,False,150.0,1.3888888888888888,0.05559999999999998,1.153888888888889,20.77,18.0,1.3888888888888888,0.05559999999999998,150.0,2.9444389791664403,0.8708283577973978,0.05559999999999998,5.017279836814924,0.2918486531487852,0.02408972109419473,0.00992803683468494,问题词,0.2918486531487852,问题词,0.27203364265103375,问题词,0.2770279040350716,问题词,True,稳定词
611,5767,495403620,9628223555,10.18,6,8,0.8571, 00:00:23,23.0,False,True,False,23.0,1.3333333333333333,0.14290000000000003,1.6966666666666665,10.18,6.0,1.3333333333333333,0.14290000000000003,23.0,1.9459101490553132,0.8472978603872036,0.14290000000000003,3.1780538303479458,0.23401262468383116,0.025034746663640837,0.0076482288923303025,问题词,0.23401262468383116,问题词,0.19102107767142565,问题词,0.234589416031363,问题词,True,稳定词
612,5779,495403620,9628223555,15.29,14,9,1.0, 00:00:19,19.0,False,True,False,19.0,0.6428571428571429,0.0,1.092142857142857,15.29,14.0,0.6428571428571429,0.0,19.0,2.70805020110221,0.4964368863138911,0.0,2.995732273553991,0.19253597316127372,0.02670657559550543,0.006368056472084497,问题词,0.19253597316127372,问题词,0.20812389760131397,问题词,0.17485255925849624,问题词,True,稳定词
613,5795,495403620,9628223555,31.96,31,30,0.9231, 00:01:59,119.0,False,True,False,119.0,0.967741935483871,0.07689999999999997,1.030967741935484,31.96,31.0,0.967741935483871,0.07689999999999997,119.0,3.4657359027997265,0.676886659688165,0.07689999999999997,4.787491742782046,0.28755124461203674,0.023903093899639676,0.009647521100906251,问题词,0.28755124461203674,问题词,0.2972148625367459,重点词,0.2669317396565205,问题词,False,边界敏感词
614,5862,495403620,9628223555,5.94,8,5,1.0, 00:00:33,33.0,False,True,False,33.0,0.625,0.0,0.7425,5.94,8.0,0.625,0.0,33.0,2.1972245773362196,0.4855078157817008,0.0,3.5263605246161616,0.18547824415749753,0.02717748902132672,0.006188702644377311,潜力词,0.18547824415749753,潜力词,0.17646861710947337,潜力词,0.17476351154557723,潜力词,True,稳定词
615,5888,495403620,9628223555,1.8,1,1,1.0, 00:00:01,1.0,False,True,False,1.0,1.0,0.0,1.8,1.8,1.0,1.0,0.0,1.0,0.6931471805599453,0.6931471805599453,0.0,0.6931471805599453,0.1354663103126751,0.029570784147216124,0.004633532584397842,潜力词,0.1354663103126751,潜力词,0.09516320728013836,潜力词,0.13566748995043118,潜力词,True,稳定词
616,5911,495403620,9628223555,29.26,17,100,0.4375, 00:05:35,335.0,False,True,False,335.0,5.882352941176471,0.5625,1.7211764705882353,29.26,17.0,5.882352941176471,0.5625,335.0,2.8903717578961645,1.9289605907415401,0.5625,5.817111159963204,0.5247305901816186,0.016596274071681925,0.01832344457384166,重点词,0.5247305901816186,重点词,0.4015892093717188,重点词,0.5604881156697084,重点词,True,稳定词
617,5912,495403620,9628223555,2.7,4,36,0.25, 00:05:15,315.0,False,True,False,315.0,9.0,0.75,0.675,2.7,4.0,9.0,0.75,315.0,1.6094379124341003,2.302585092994046,0.75,5.755742213586912,0.5484483270876004,0.01761039452653807,0.021389338135186484,黄金词,0.5484483270876004,黄金词,0.38743925290542,黄金词,0.6103266156689867,黄金词,True,稳定词
619,5921,495403620,9628223555,11.58,11,11,0.8333, 00:00:44,44.0,False,True,False,44.0,1.0,0.16669999999999996,1.0527272727272727,11.58,11.0,1.0,0.16669999999999996,44.0,2.4849066497880004,0.6931471805599453,0.16669999999999996,3.8066624897703196,0.2485912149173555,0.02436663144528688,0.00806129850313246,问题词,0.2485912149173555,问题词,0.22438102901874638,问题词,0.24559908871745953,问题词,True,稳定词
621,5964,495403620,9628223555,1774.21,550,790,0.8364, 00:01:51,111.0,False,True,False,111.0,1.4363636363636363,0.16359999999999997,3.225836363636364,1774.21,550.0,1.4363636363636363,0.16359999999999997,111.0,6.311734809152915,0.8905066147184404,0.16359999999999997,4.718498871295094,0.43164946122373815,0.019394204187363644,0.014729462219502222,重点词,0.43164946122373815,重点词,0.5221193306272018,重点词,0.3823733333196257,重点词,True,稳定词
623,6017,495403620,9628223555,4.12,4,7,0.6667, 00:08:37,517.0,False,True,False,517.0,1.75,0.33330000000000004,1.03,4.12,4.0,1.75,0.33330000000000004,517.0,1.6094379124341003,1.0116009116784799,0.33330000000000004,6.249975242259483,0.3508762126960743,0.022640957944229646,0.01223830297188425,黄金词,0.3508762126960743,黄金词,0.2549078849558962,潜力词,0.37144865257842774,黄金词,False,边界敏感词
624,6027,495403620,9628223555,501.74,66,512,0.25, 00:12:00,720.0,False,True,False,720.0,7.757575757575758,0.75,7.6021212121212125,501.74,66.0,7.757575757575758,0.75,720.0,4.204692619390966,2.169919126645952,0.75,6.580639137284949,0.642226387024452,0.012472744939855457,0.02238937034059119,重点词,0.642226387024452,重点词,0.5224793390122544,重点词,0.6860742436618802,重点词,True,稳定词
625,6028,495403620,9628223555,4.42,3,4,0.5, 00:00:43,43.0,False,True,False,43.0,1.3333333333333333,0.5,1.4733333333333334,4.42,3.0,1.3333333333333333,0.5,43.0,1.3862943611198906,0.8472978603872036,0.5,3.784189633918261,0.33056816449742377,0.022775996154886204,0.011246879583891763,黄金词,0.33056816449742377,黄金词,0.23369305883609018,潜力词,0.3737072887128152,黄金词,False,边界敏感词
626,6039,495403620,9628223555,2.31,5,3,1.0, 00:00:06,6.0,False,True,False,6.0,0.6,0.0,0.462,2.31,5.0,0.6,0.0,6.0,1.791759469228055,0.4700036292457356,0.0,1.9459101490553132,0.1324807189931275,0.02826997158570268,0.004317167633717994,潜力词,0.1324807189931275,潜力词,0.12719229635124205,潜力词,0.12465904254319972,潜力词,True,稳定词
627,6093,495403620,9628223555,6.74,3,7,0.6667, 00:10:52,652.0,False,True,False,652.0,2.3333333333333335,0.33330000000000004,2.2466666666666666,6.74,3.0,2.3333333333333335,0.33330000000000004,652.0,1.3862943611198906,1.2039728043259361,0.33330000000000004,6.481577129276431,0.36948197918351233,0.022452589959109405,0.013157161416488839,黄金词,0.36948197918351233,黄金词,0.2627021271475547,潜力词,0.39132144523992674,黄金词,False,边界敏感词
628,6106,495403620,9628223555,1.1,3,9,0.0, 00:00:47,47.0,False,True,False,47.0,3.0,1.0,0.3666666666666667,1.1,3.0,3.0,1.0,47.0,1.3862943611198906,1.3862943611198906,1.0,3.871201010907891,0.5046199022918472,0.01949982322964203,0.019863532948486296,黄金词,0.5046199022918472,黄金词,0.35798493547741517,黄金词,0.580396741606434,黄金词,True,稳定词
629,6149,495403620,9628223555,60.82,89,25,0.9091, 00:02:51,171.0,False,True,False,171.0,0.2808988764044944,0.09089999999999998,0.6833707865168539,60.82,89.0,0.2808988764044944,0.09089999999999998,171.0,4.499809670330265,0.24756207866235563,0.09089999999999998,5.147494476813453,0.304578068349119,0.024224224879640707,0.010609627458225834,问题词,0.304578068349119,问题词,0.36147187824300353,重点词,0.27250404870327893,问题词,False,边界敏感词
630,6152,495403620,9628223555,7.16,9,8,1.0, 00:00:33,33.0,False,True,False,33.0,0.8888888888888888,0.0,0.7955555555555556,7.16,9.0,0.8888888888888888,0.0,33.0,2.302585092994046,0.6359887667199967,0.0,3.5263605246161616,0.20559652806002612,0.026566468874554668,0.006875566329140998,潜力词,0.20559652806002612,潜力词,0.19265661026291397,潜力词,0.19414342372979052,潜力词,True,稳定词
631,6157,495403620,9628223555,4.06,3,8,0.6667, 00:01:12,72.0,False,True,False,72.0,2.6666666666666665,0.33330000000000004,1.3533333333333333,4.06,3.0,2.6666666666666665,0.33330000000000004,72.0,1.3862943611198906,1.2992829841302609,0.33330000000000004,4.290459441148391,0.34215624383413695,0.0225805536091516,0.01174454775041551,黄金词,0.34215624383413695,黄金词,0.24174596523411024,潜力词,0.3652191705870992,黄金词,False,边界敏感词
632,6159,495403620,9628223555,43.15,13,43,0.75, 00:00:41,41.0,False,True,False,41.0,3.3076923076923075,0.25,3.319230769230769,43.15,13.0,3.3076923076923075,0.25,41.0,2.6390573296152584,1.4604023332736125,0.25,3.7376696182833684,0.36605765882627295,0.021227857741292495,0.012257613038257726,重点词,0.36605765882627295,重点词,0.298200556669088,重点词,0.36968712465429987,重点词,True,稳定词
634,6164,495403620,9628223555,0.15,1,1,1.0, 00:00:01,1.0,False,True,False,1.0,1.0,0.0,0.15,0.15,1.0,1.0,0.0,1.0,0.6931471805599453,0.6931471805599453,0.0,0.6931471805599453,0.1354663103126751,0.029570784147216124,0.004633532584397842,潜力词,0.1354663103126751,潜力词,0.09516320728013836,潜力词,0.13566748995043118,潜力词,True,稳定词
637,6198,495403620,9628223555,0.27,2,2,1.0, 00:02:00,120.0,False,True,False,120.0,1.0,0.0,0.135,0.27,2.0,1.0,0.0,120.0,1.0986122886681098,0.6931471805599453,0.0,4.795790545596741,0.21843657059918795,0.027646402138318527,0.007726801236247917,潜力词,0.21843657059918795,潜力词,0.15874296766226273,潜力词,0.21715322323575523,潜力词,True,稳定词
638,6210,495403620,9628223555,1.06,4,3,1.0, 00:00:41,41.0,False,True,False,41.0,0.75,0.0,0.265,1.06,4.0,0.75,0.0,41.0,1.6094379124341003,0.5596157879354227,0.0,3.7376696182833684,0.18312896215642335,0.027612461119222158,0.006190256617123505,潜力词,0.18312896215642335,潜力词,0.14842025999867392,潜力词,0.17845882155837178,潜力词,True,稳定词
639,6229,495403620,9628223555,19.34,17,68,0.9333, 00:08:23,503.0,False,True,False,503.0,4.0,0.06669999999999998,1.1376470588235295,19.34,17.0,4.0,0.06669999999999998,503.0,2.8903717578961645,1.6094379124341003,0.06669999999999998,6.222576268071369,0.39415268987899726,0.022073992461170564,0.014360917940200764,重点词,0.39415268987899726,重点词,0.3313063304173876,重点词,0.3816597498495974,重点词,True,稳定词
641,6261,495403620,9628223555,18916.77,16391,13078,0.8917, 00:01:46,106.0,False,True,False,106.0,0.7978768836556647,0.10829999999999995,1.1540949301445915,18916.77,16391.0,0.7978768836556647,0.10829999999999995,106.0,9.704548689918736,0.5866064596536192,0.10829999999999995,4.672828834461906,0.5023937260527871,0.020018395248384134,0.02021099151073001,重点词,0.5023937260527871,重点词,0.6571237308319012,重点词,0.4290153770087744,重点词,True,稳定词
644,6298,495403620,9628223555,1983.14,693,1366,0.7867, 00:03:22,202.0,False,True,False,202.0,1.971139971139971,0.21330000000000005,2.861673881673882,1983.14,693.0,1.971139971139971,0.21330000000000005,202.0,6.542471960506805,1.0889457078378861,0.21330000000000005,5.313205979041787,0.47756992172095164,0.01773528398777736,0.016212386188870314,重点词,0.47756992172095164,重点词,0.5578519655224943,重点词,0.4304293316838224,重点词,True,稳定词
646,6360,495403620,9628223555,10735.93,5191,13273,0.6879, 00:03:50,230.0,False,True,False,230.0,2.55692544789058,0.31210000000000004,2.0681814679252555,10735.93,5191.0,2.55692544789058,0.31210000000000004,230.0,8.554874258383926,1.268896533480597,0.31210000000000004,5.442417710521793,0.5839964909317947,0.014593221804040116,0.020486342396577,重点词,0.5839964909317947,重点词,0.6977286458510988,重点词,0.5268477750073651,重点词,True,稳定词
647,6366,495403620,9628223555,8.41,9,8,1.0, 00:00:32,32.0,False,True,False,32.0,0.8888888888888888,0.0,0.9344444444444444,8.41,9.0,0.8888888888888888,0.0,32.0,2.302585092994046,0.6359887667199967,0.0,3.4965075614664802,0.20489236274423256,0.026575348874872343,0.0068482376053109395,问题词,0.20489236274423256,问题词,0.19227110205407255,问题词,0.1934128316131981,问题词,True,稳定词
648,6372,495403620,9628223555,8.06,12,8,1.0, 00:01:16,76.0,False,True,False,76.0,0.6666666666666666,0.0,0.6716666666666667,8.06,12.0,0.6666666666666666,0.0,76.0,2.5649493574615367,0.5108256237659907,0.0,4.343805421853684,0.2215912992481548,0.026441886843869764,0.00752726948535705,问题词,0.2215912992481548,问题词,0.21486335211805693,问题词,0.20776659469215716,问题词,True,稳定词
649,6377,495403620,9628223555,20.2,24,370,0.08, 00:12:41,761.0,False,True,False,761.0,15.416666666666666,0.92,0.8416666666666667,20.2,24.0,11.082051282051294,0.92,761.0,3.2188758248682006,2.4917209862077314,0.92,6.635946555686647,0.6465675621523835,0.013659654604505632,0.02498890489866888,重点词,0.6465675621523835,重点词,0.49452215509148,重点词,0.709267349976931,重点词,True,稳定词
650,6383,495403620,9628223555,4.85,6,5,1.0, 00:00:02,2.0,False,True,False,2.0,0.8333333333333334,0.0,0.8083333333333332,4.85,6.0,0.8333333333333334,0.0,2.0,1.9459101490553132,0.6061358035703155,0.0,1.0986122886681098,0.1477993002070478,0.02803151863041065,0.004861576431845333,潜力词,0.1477993002070478,潜力词,0.14339753841485273,潜力词,0.1387338922025286,潜力词,True,稳定词
651,6440,495403620,9628223555,2.62,3,3,1.0, 00:07:33,453.0,False,True,False,453.0,1.0,0.0,0.8733333333333334,2.62,3.0,1.0,0.0,453.0,1.3862943611198906,0.6931471805599453,0.0,6.118097198041348,0.2585062490990364,0.027085100795623755,0.009442652489840322,潜力词,0.2585062490990364,潜力词,0.19423901535819493,潜力词,0.25564555038507986,潜力词,True,稳定词
654,6474,495403620,9628223555,120.04,56,136,0.5366, 00:04:25,265.0,False,True,False,265.0,2.4285714285714284,0.46340000000000003,2.1435714285714287,120.04,56.0,2.4285714285714284,0.46340000000000003,265.0,4.04305126783455,1.2321436812926323,0.46340000000000003,5.583496308781699,0.4682350090050228,0.017265832911178156,0.015203083252092247,重点词,0.4682350090050228,重点词,0.4202019371741256,重点词,0.47937035189715793,重点词,True,稳定词
655,6500,495403620,9628223555,116.38,82,350,0.4595, 00:04:12,252.0,False,True,False,252.0,4.2682926829268295,0.5405,1.4192682926829268,116.38,82.0,4.2682926829268295,0.5405,252.0,4.418840607796598,1.6617063409798571,0.5405,5.53338948872752,0.547225258319858,0.014782255913273966,0.017865890179020058,重点词,0.547225258319858,重点词,0.48036216136720483,重点词,0.5632359110440943,重点词,True,稳定词
656,6504,495403620,9628223555,36.72,26,52,0.7619, 00:02:14,134.0,False,True,False,134.0,2.0,0.23809999999999998,1.4123076923076923,36.72,26.0,2.0,0.23809999999999998,134.0,3.295836866004329,1.0986122886681098,0.23809999999999998,4.90527477843843,0.35942835917422894,0.021023359624978775,0.011796325614094922,重点词,0.35942835917422894,重点词,0.32509290811194,重点词,0.354461072054256,重点词,True,稳定词
657,6538,495403620,9628223555,22.9,20,102,0.7222, 00:05:45,345.0,False,True,False,345.0,5.1,0.27780000000000005,1.145,22.9,20.0,5.1,0.27780000000000005,345.0,3.044522437723423,1.8082887711792655,0.27780000000000005,5.846438775057725,0.4529361065425795,0.01914947798680361,0.015854619735273648,重点词,0.4529361065425795,重点词,0.3686172314134468,重点词,0.4550371684697356,重点词,True,稳定词
658,6542,495403620,9628223555,7.58,10,7,1.0, 00:00:28,28.0,False,True,False,28.0,0.7,0.0,0.758,7.58,10.0,0.7,0.0,28.0,2.3978952727983707,0.5306282510621704,0.0,3.367295829986474,0.19302953770335904,0.02683611710440081,0.0064192724770531645,潜力词,0.19302953770335904,潜力词,0.1910092910580441,潜力词,0.17994465201635051,潜力词,True,稳定词
659,6560,495403620,9628223555,4.72,2,4,0.5, 00:08:47,527.0,False,True,False,527.0,2.0,0.5,2.36,4.72,2.0,2.0,0.5,527.0,1.0986122886681098,1.0986122886681098,0.5,6.269096283706261,0.38840365873977595,0.02198691552440395,0.013963128714086488,黄金词,0.38840365873977595,黄金词,0.268957037406006,潜力词,0.42972900387036683,黄金词,False,边界敏感词
660,6574,495403620,9628223555,56.31,43,187,0.6216, 00:04:27,267.0,False,True,False,267.0,4.348837209302325,0.37839999999999996,1.3095348837209302,56.31,43.0,4.348837209302325,0.37839999999999996,267.0,3.784189633918261,1.676879193229633,0.37839999999999996,5.5909869805108565,0.48371069788436033,0.017260278698595772,0.01617113006363687,重点词,0.48371069788436033,重点词,0.4164735970128734,重点词,0.48806426324320534,重点词,True,稳定词
661,6617,495403620,9628223555,318.27,238,301,0.858, 00:01:39,99.0,False,True,False,99.0,1.2647058823529411,0.14200000000000002,1.337268907563025,318.27,238.0,1.2647058823529411,0.14200000000000002,99.0,5.476463551931511,0.8174448972375224,0.14200000000000002,4.605170185988092,0.38676068577210404,0.020647517281585193,0.013022074348530074,重点词,0.38676068577210404,重点词,0.457094544242711,重点词,0.3451498237339162,重点词,True,稳定词
665,64,495817671,9630806627,6.47,13,10,1.0, 00:00:25,25.0,False,True,False,25.0,0.7692307692307693,0.0,0.49769230769230766,6.47,13.0,0.7692307692307693,0.0,25.0,2.6390573296152584,0.570544858467613,0.0,3.258096538021482,0.20359036871795005,0.02645595196080089,0.006763073678319572,潜力词,0.20359036871795005,潜力词,0.20956597234804097,潜力词,0.18760004273114841,潜力词,True,稳定词
667,108,495817671,9630806627,2.28,2,3,0.5, 00:00:06,6.0,False,True,False,6.0,1.5,0.5,1.14,2.28,2.0,1.5,0.5,6.0,1.0986122886681098,0.9162907318741551,0.5,1.9459101490553132,0.3088841400916541,0.023758389625059523,0.010618465260328726,潜力词,0.3088841400916541,潜力词,0.21469461628738137,潜力词,0.35393128396044404,黄金词,False,边界敏感词
668,110,495817671,9630806627,2838.16,1511,3464,0.2866, 00:07:28,448.0,False,True,False,448.0,2.2925215089344806,0.7134,1.8783322303110521,2838.16,1511.0,2.2925215089344806,0.7134,448.0,7.321188556739478,1.1916536873199537,0.7134,6.1070228877422545,0.6577351014733138,0.011222688560252572,0.021566792945334968,重点词,0.6577351014733138,重点词,0.6945785200307503,重点词,0.6553083047659202,重点词,True,稳定词
669,114,495817671,9630806627,5.49,6,6,1.0, 00:01:04,64.0,False,True,False,64.0,1.0,0.0,0.915,5.49,6.0,1.0,0.0,64.0,1.9459101490553132,0.6931471805599453,0.0,4.174387269895637,0.2181410518013633,0.026661295493197082,0.00743858346147032,潜力词,0.2181410518013633,潜力词,0.18352953851592838,潜力词,0.21081054158649723,潜力词,True,稳定词
671,136,495817671,9630806627,20.16,35,42,0.7931, 00:01:58,118.0,False,True,False,118.0,1.2,0.20689999999999997,0.576,20.16,35.0,1.2,0.20689999999999997,118.0,3.58351893845611,0.7884573603642702,0.20689999999999997,4.77912349311153,0.32634255876452023,0.022003545300653418,0.010659265133532802,重点词,0.32634255876452023,重点词,0.32331508344746657,重点词,0.3143288736032996,重点词,True,稳定词
676,235,495817671,9630806627,123.8,96,181,0.7952, 00:03:16,196.0,False,True,False,196.0,1.8854166666666667,0.20479999999999998,1.2895833333333333,123.8,96.0,1.8854166666666667,0.20479999999999998,196.0,4.574710978503383,1.0596693147195024,0.20479999999999998,5.2832037287379885,0.3998747878643867,0.019843318565352222,0.013221978749415697,重点词,0.3998747878643867,重点词,0.4148815774250517,重点词,0.37586182091315495,重点词,True,稳定词
677,243,495817671,9630806627,12.22,11,60,0.3333, 00:03:46,226.0,False,True,False,226.0,5.454545454545454,0.6667000000000001,1.110909090909091,12.22,11.0,5.454545454545454,0.6667000000000001,226.0,2.4849066497880004,1.8647846042429448,0.6667000000000001,5.424950017481403,0.5247619572718176,0.016835357408506686,0.018589747265059724,重点词,0.5247619572718176,重点词,0.38748933940759756,重点词,0.5757293338339531,重点词,True,稳定词
678,292,495817671,9630806627,0.96,1,1,1.0, 00:00:01,1.0,False,True,False,1.0,1.0,0.0,0.96,0.96,1.0,1.0,0.0,1.0,0.6931471805599453,0.6931471805599453,0.0,0.6931471805599453,0.1354663103126751,0.029570784147216124,0.004633532584397842,潜力词,0.1354663103126751,潜力词,0.09516320728013836,潜力词,0.13566748995043118,潜力词,True,稳定词
679,299,495817671,9630806627,121.03,97,200,0.7143, 00:03:51,231.0,False,True,False,231.0,2.0618556701030926,0.28569999999999995,1.2477319587628866,121.03,97.0,2.0618556701030926,0.28569999999999995,231.0,4.584967478670572,1.1190211602993168,0.28569999999999995,5.44673737166631,0.4278148702780342,0.018706526242928033,0.013986609721681609,重点词,0.4278148702780342,重点词,0.42952591248178923,重点词,0.4114965674674979,重点词,True,稳定词
680,308,495817671,9630806627,83.0,85,147,0.7167, 00:03:16,196.0,False,True,False,196.0,1.7294117647058824,0.2833,0.9764705882352941,83.0,85.0,1.7294117647058824,0.2833,196.0,4.454347296253507,1.0040861151759934,0.2833,5.2832037287379885,0.40766431065808595,0.01930704820205308,0.013287726263593659,重点词,0.40766431065808595,重点词,0.4122312077223867,重点词,0.39259770772043495,重点词,True,稳定词
682,316,495817671,9630806627,49.94,43,32,1.0, 00:01:34,94.0,False,True,False,94.0,0.7441860465116279,0.0,1.1613953488372093,49.94,43.0,0.7441860465116279,0.0,94.0,3.784189633918261,0.556287997842748,0.0,4.553876891600541,0.2746418881462749,0.024882220378931737,0.00942113953710027,问题词,0.2746418881462749,问题词,0.30794472271528145,重点词,0.2465363583647487,问题词,False,边界敏感词
684,353,495817671,9630806627,2953.6,2626,2546,0.8257, 00:02:28,148.0,False,True,False,148.0,0.9695354150799695,0.1743,1.1247524752475246,2953.6,2626.0,0.9695354150799695,0.1743,148.0,7.87359778968554,0.6777976850290066,0.1743,5.003946305945459,0.4736967174420558,0.01910375497561124,0.01719424203243133,重点词,0.4736967174420558,重点词,0.6062584056678284,重点词,0.4120157915755638,重点词,True,稳定词
685,370,495817671,9630806627,3.46,8,31,0.1429, 00:03:56,236.0,False,True,False,236.0,3.875,0.8571,0.4325,3.46,8.0,3.875,0.8571,236.0,2.1972245773362196,1.5841201044498106,0.8571,5.4680601411351315,0.5320453881083143,0.017179537287765848,0.019532436162647073,黄金词,0.5320453881083143,黄金词,0.3865098218387581,黄金词,0.5999917547888661,黄金词,True,稳定词
686,381,495817671,9630806627,0.31,1,1,1.0, 00:00:03,3.0,False,True,False,3.0,1.0,0.0,0.31,0.31,1.0,1.0,0.0,3.0,0.6931471805599453,0.6931471805599453,0.0,1.3862943611198906,0.13962801875520683,0.029254691864219275,0.004747684435731067,潜力词,0.13962801875520683,潜力词,0.09770305952716112,潜力词,0.13983887342209136,潜力词,True,稳定词
687,391,495817671,9630806627,11.9,8,13,0.6667, 00:04:05,245.0,False,True,False,245.0,1.625,0.33330000000000004,1.4875,11.9,8.0,1.625,0.33330000000000004,245.0,2.1972245773362196,0.965080896043587,0.33330000000000004,5.5053315359323625,0.34563716904615305,0.021969952712067673,0.011604620403649594,重点词,0.34563716904615305,重点词,0.2681839459417448,问题词,0.36226482053260173,重点词,False,边界敏感词
691,444,495817671,9630806627,241.33,194,925,0.1414, 00:09:11,551.0,False,True,False,551.0,4.768041237113402,0.8586,1.2439690721649486,241.33,194.0,4.768041237113402,0.8586,551.0,5.272999558563747,1.752332549248597,0.8586,6.313548046277095,0.6752984870420978,0.010843690702109667,0.022552182952213465,重点词,0.6752984870420978,重点词,0.5906209773838421,重点词,0.7163324728536644,重点词,True,稳定词
692,445,495817671,9630806627,8.59,8,9,0.8571, 00:02:12,132.0,False,True,False,132.0,1.125,0.14290000000000003,1.07375,8.59,8.0,1.125,0.14290000000000003,132.0,2.1972245773362196,0.7537718023763802,0.14290000000000003,4.890349128221754,0.2677166850628604,0.024515738058594836,0.008962749786917946,问题词,0.2677166850628604,问题词,0.22256023672226016,问题词,0.26601079742070854,问题词,True,稳定词
693,456,495817671,9630806627,26.44,31,39,0.7727, 00:01:16,76.0,False,True,False,76.0,1.2580645161290323,0.22729999999999995,0.8529032258064516,26.44,31.0,1.2580645161290323,0.22729999999999995,76.0,3.4657359027997265,0.8145080375642128,0.22729999999999995,4.343805421853684,0.32077581884533507,0.021962670558861537,0.010372265634849234,重点词,0.32077581884533507,重点词,0.31397050566223983,重点词,0.31205131709291056,重点词,True,稳定词
694,505,495817671,9630806627,128.05,108,155,0.7722, 00:01:40,100.0,False,True,False,100.0,1.4351851851851851,0.2278,1.1856481481481482,128.05,108.0,1.4351851851851851,0.2278,100.0,4.6913478822291435,0.8900228050535448,0.2278,4.61512051684126,0.3808301826811484,0.020189500668285593,0.012417871499354612,重点词,0.3808301826811484,重点词,0.4123269932313701,重点词,0.35631015530203297,重点词,True,稳定词
696,518,495817671,9630806627,1.57,3,11,0.5, 00:02:36,156.0,False,True,False,156.0,3.6666666666666665,0.5,0.5233333333333333,1.57,3.0,3.6666666666666665,0.5,156.0,1.3862943611198906,1.5404450409471488,0.5,5.056245805348308,0.4197632092779046,0.020576488185330505,0.014885737778871793,黄金词,0.4197632092779046,黄金词,0.29256196034227616,黄金词,0.4606544487336679,黄金词,True,稳定词
697,530,495817671,9630806627,74.08,84,140,0.8169, 00:00:56,56.0,False,True,False,56.0,1.6666666666666667,0.18310000000000004,0.8819047619047619,74.08,84.0,1.6666666666666667,0.18310000000000004,56.0,4.442651256490317,0.9808292530117262,0.18310000000000004,4.04305126783455,0.36149873782649833,0.020815992483072837,0.011785340852140603,重点词,0.36149873782649833,重点词,0.38887184855905965,重点词,0.33588867421822977,重点词,True,稳定词
703,584,495817671,9630806627,0.24,1,1,1.0, 00:00:13,13.0,False,True,False,13.0,1.0,0.0,0.24,0.24,1.0,1.0,0.0,13.0,0.6931471805599453,0.6931471805599453,0.0,2.6390573296152584,0.15973308856622034,0.028769151445645035,0.0054689591525161245,潜力词,0.15973308856622034,潜力词,0.11163007131836757,潜力词,0.1599766973590889,潜力词,True,稳定词
704,617,495817671,9630806627,5.13,6,5,1.0, 00:00:06,6.0,False,True,False,6.0,0.8333333333333334,0.0,0.855,5.13,6.0,0.8333333333333334,0.0,6.0,1.9459101490553132,0.6061358035703155,0.0,1.9459101490553132,0.1575901346372251,0.027656086665543467,0.00517364124087613,潜力词,0.1575901346372251,潜力词,0.1484964612730918,潜力词,0.1488204913060694,潜力词,True,稳定词
709,677,495817671,9630806627,1.39,1,1,1.0, 00:02:00,120.0,False,True,False,120.0,1.0,0.0,1.39,1.39,1.0,1.0,0.0,120.0,0.6931471805599453,0.6931471805599453,0.0,4.795790545596741,0.21401869481923805,0.028205532455741852,0.007680222421411457,潜力词,0.21401869481923805,潜力词,0.15108856472007434,潜力词,0.21433632984851855,潜力词,True,稳定词
710,679,495817671,9630806627,200.65,252,174,0.925, 00:01:25,85.0,False,True,False,85.0,0.6904761904761905,0.07499999999999996,0.7962301587301588,200.65,252.0,0.6904761904761905,0.07499999999999996,85.0,5.53338948872752,0.5250102587579472,0.07499999999999996,4.454347296253507,0.35045182622575244,0.022526448722986033,0.012153733028729843,重点词,0.35045182622575244,重点词,0.43991523823589185,重点词,0.30365765756928,问题词,False,边界敏感词
712,714,495817671,9630806627,5.76,12,7,1.0, 00:00:39,39.0,False,True,False,39.0,0.5833333333333334,0.0,0.48,5.76,12.0,0.5833333333333334,0.0,39.0,2.5649493574615367,0.4595323293784402,0.0,3.6888794541139363,0.19983086810838788,0.026781530895011067,0.00668830670257173,潜力词,0.19983086810838788,潜力词,0.20355261407694447,潜力词,0.1849479962448131,潜力词,True,稳定词
713,735,495817671,9630806627,18.17,21,22,0.8333, 00:01:27,87.0,False,True,False,87.0,1.0476190476190477,0.16669999999999996,0.8652380952380954,18.17,21.0,1.0476190476190477,0.16669999999999996,87.0,3.091042453358316,0.7166776779701395,0.16669999999999996,4.477336814478207,0.2865657626451269,0.02333639282231012,0.009373549594852348,问题词,0.2865657626451269,问题词,0.27627226188598125,问题词,0.27670057897822475,问题词,True,稳定词
716,798,495817671,9630806627,0.89,2,2,1.0, 00:01:38,98.0,False,True,False,98.0,1.0,0.0,0.445,0.89,2.0,1.0,0.0,98.0,1.0986122886681098,0.6931471805599453,0.0,4.59511985013459,0.21297229261980816,0.027684589153982635,0.007491541107221697,潜力词,0.21297229261980816,潜力词,0.15472271149543187,潜力词,0.2116916701706322,潜力词,True,稳定词
717,815,495817671,9630806627,2298.65,2510,2693,0.7592, 00:02:34,154.0,False,True,False,154.0,1.0729083665338646,0.24080000000000001,0.915796812749004,2298.65,2510.0,1.0729083665338646,0.24080000000000001,154.0,7.828436359157585,0.7289526291644739,0.24080000000000001,5.043425116919247,0.49106459121091006,0.018089099711712783,0.017453916944864874,重点词,0.49106459121091006,重点词,0.6171019477795634,重点词,0.4342285968153046,重点词,True,稳定词
718,847,495817671,9630806627,19.53,16,39,0.5833, 00:03:04,184.0,False,True,False,184.0,2.4375,0.41669999999999996,1.220625,19.53,16.0,2.4375,0.41669999999999996,184.0,2.833213344056216,1.2347444629926896,0.41669999999999996,5.220355825078324,0.4092181890141337,0.019536678303689024,0.0135325156701187,重点词,0.4092181890141337,重点词,0.32996888659663914,重点词,0.42914021023062165,重点词,True,稳定词
720,858,495817671,9630806627,10.73,23,19,0.8824, 00:01:25,85.0,False,True,False,85.0,0.8260869565217391,0.11760000000000004,0.4665217391304348,10.73,23.0,0.8260869565217391,0.11760000000000004,85.0,3.1780538303479458,0.6021754023542185,0.11760000000000004,4.454347296253507,0.2686675275912058,0.024135717629569915,0.008866669848281241,问题词,0.2686675275912058,问题词,0.2719835026217106,问题词,0.25349226344044656,问题词,True,稳定词
723,875,495817671,9630806627,47.51,29,95,0.72, 00:05:11,311.0,False,True,False,311.0,3.2758620689655173,0.28,1.6382758620689655,47.51,29.0,3.2758620689655173,0.28,311.0,3.4011973816621555,1.452985735618563,0.28,5.7430031878094825,0.42584378459761646,0.01932619327573645,0.014333972298178224,重点词,0.42584378459761646,重点词,0.36711866962495165,重点词,0.4241306366141519,重点词,True,稳定词
725,890,495817671,9630806627,56.98,132,47,0.9783, 00:01:26,86.0,False,True,False,86.0,0.3560606060606061,0.021700000000000053,0.43166666666666664,56.98,132.0,0.3560606060606061,0.021700000000000053,86.0,4.890349128221754,0.3045838832543841,0.021700000000000053,4.465908118654584,0.30213739300203296,0.024542555817681756,0.010625621373037464,问题词,0.30213739300203296,问题词,0.38092517679036286,重点词,0.26076565782820205,问题词,False,边界敏感词
726,965,495817671,9630806627,12.3,13,11,0.875, 00:02:09,129.0,False,True,False,129.0,0.8461538461538461,0.125,0.9461538461538462,12.3,13.0,0.8461538461538461,0.125,129.0,2.6390573296152584,0.6131044728864088,0.125,4.867534450455582,0.2625076607560698,0.024589148479290703,0.008752416132077672,问题词,0.2625076607560698,问题词,0.24033106564786094,问题词,0.25471960193561743,问题词,True,稳定词
729,1018,495817671,9630806627,0.15,1,0,0.0,0,,False,True,True,101.5,0.0,1.0,0.15,0.15,1.0,0.0,1.0,101.5,0.6931471805599453,0.0,1.0,4.629862798578463,0.41253711607614935,0.02541854080197301,0.017849794096386054,黄金词,0.41253711607614935,黄金词,0.30134224076535654,黄金词,0.4806028565846138,黄金词,True,稳定词
730,1040,495817671,9630806627,6.4,5,3,1.0, 00:01:05,65.0,False,True,False,65.0,0.6,0.0,1.28,6.4,5.0,0.6,0.0,65.0,1.791759469228055,0.4700036292457356,0.0,4.189654742026425,0.1911215129220885,0.027555143257401795,0.006510719165204177,潜力词,0.1911215129220885,潜力词,0.1609306946811694,潜力词,0.18503019626529382,潜力词,True,稳定词
731,1041,495817671,9630806627,2.11,4,4,1.0, 00:01:30,90.0,False,True,False,90.0,1.0,0.0,0.5275,2.11,4.0,1.0,0.0,90.0,1.6094379124341003,0.6931471805599453,0.0,4.51085950651685,0.21931983945366165,0.02701993895578237,0.007590827810562993,潜力词,0.21931983945366165,潜力词,0.17195701412232184,潜力词,0.21486540387292047,潜力词,True,稳定词
733,1056,495817671,9630806627,1.01,2,1,1.0,0,,False,True,True,101.5,0.5,0.0,0.505,1.01,2.0,0.5,0.0,101.5,1.0986122886681098,0.4054651081081644,0.0,4.629862798578463,0.1860026358154401,0.028565694998946976,0.006527410035322147,潜力词,0.1860026358154401,潜力词,0.13657687884775527,潜力词,0.18478421654609065,潜力词,True,稳定词
735,1089,495817671,9630806627,396.88,330,591,0.5259, 00:06:59,419.0,False,True,False,419.0,1.790909090909091,0.47409999999999997,1.2026666666666666,396.88,330.0,1.790909090909091,0.47409999999999997,419.0,5.802118375377063,1.026367381794781,0.47409999999999997,6.040254711277414,0.5210918041550469,0.015612733329827537,0.016987947688549037,重点词,0.5210918041550469,重点词,0.5435503800702363,重点词,0.5101175895487551,重点词,True,稳定词
736,1090,495817671,9630806627,14.8,21,22,0.7778, 00:01:24,84.0,False,True,False,84.0,1.0476190476190477,0.22219999999999995,0.7047619047619048,14.8,21.0,1.0476190476190477,0.22219999999999995,84.0,3.091042453358316,0.7166776779701395,0.22219999999999995,4.442651256490317,0.2977560567577139,0.02279447822945675,0.009665008888671753,问题词,0.2977560567577139,问题词,0.2819080547698706,重点词,0.2931993762388998,问题词,False,边界敏感词
737,1092,495817671,9630806627,4.16,3,6,0.6667, 00:04:11,251.0,False,True,False,251.0,2.0,0.33330000000000004,1.3866666666666667,4.16,3.0,2.0,0.33330000000000004,251.0,1.3862943611198906,1.0986122886681098,0.33330000000000004,5.529429087511423,0.3411337158541565,0.022829929609761088,0.011820393466578883,黄金词,0.3411337158541565,黄金词,0.24214642724345692,潜力词,0.3637425227225141,黄金词,False,边界敏感词
738,1150,495817671,9630806627,33.45,50,47,0.9231, 00:00:29,29.0,False,True,False,29.0,0.94,0.07689999999999997,0.669,33.45,50.0,0.94,0.07689999999999997,29.0,3.9318256327243257,0.6626879730752367,0.07689999999999997,3.4011973816621555,0.2771646449037978,0.023822026342456056,0.00913433941152063,问题词,0.2771646449037978,问题词,0.3190362051969949,重点词,0.2481524036440213,问题词,False,边界敏感词
740,1152,495817671,9630806627,20.59,30,29,0.96, 00:01:05,65.0,False,True,False,65.0,0.9666666666666667,0.040000000000000036,0.6863333333333334,20.59,30.0,0.9666666666666667,0.040000000000000036,65.0,3.4339872044851463,0.676340062243564,0.040000000000000036,4.189654742026425,0.2686591992180232,0.024490186468518586,0.008996508711529851,问题词,0.2686591992180232,问题词,0.28606379102260243,重点词,0.24577668942013725,问题词,False,边界敏感词
742,1164,495817671,9630806627,237.11,200,369,0.5455, 00:05:35,335.0,False,True,False,335.0,1.845,0.4545,1.18555,237.11,200.0,1.845,0.4545,335.0,5.303304908059076,1.045563067578294,0.4545,5.817111159963204,0.4963544933743878,0.016324420417883154,0.01608810029982476,重点词,0.4963544933743878,重点词,0.5036488820705649,重点词,0.4895971183980674,重点词,True,稳定词
743,1185,495817671,9630806627,3.09,4,6,0.75, 00:00:24,24.0,False,True,False,24.0,1.5,0.25,0.7725,3.09,4.0,1.5,0.25,24.0,1.6094379124341003,0.9162907318741551,0.25,3.2188758248682006,0.2603368295966867,0.02430101305219556,0.008553148172223713,潜力词,0.2603368295966867,潜力词,0.19405425917642613,潜力词,0.27429441702101365,潜力词,True,稳定词
745,1207,495817671,9630806627,115.45,90,134,0.8289, 00:01:31,91.0,False,True,False,91.0,1.488888888888889,0.17110000000000003,1.2827777777777778,115.45,90.0,1.488888888888889,0.17110000000000003,91.0,4.51085950651685,0.9118363815247748,0.17110000000000003,4.5217885770490405,0.36224750078071954,0.020961907781418737,0.011906497763176925,重点词,0.36224750078071954,重点词,0.39285755053964666,重点词,0.3350275534827704,重点词,True,稳定词
749,1242,495817671,9630806627,10.75,12,11,0.7778, 00:01:54,114.0,False,True,False,114.0,0.9166666666666666,0.22219999999999995,0.8958333333333334,10.75,12.0,0.9166666666666666,0.22219999999999995,114.0,2.5649493574615367,0.6505875661411494,0.22219999999999995,4.74493212836325,0.28041303579270693,0.02363457569526657,0.009210065565436012,问题词,0.28041303579270693,问题词,0.24594773145611482,问题词,0.28207253004246585,问题词,True,稳定词
750,1243,495817671,9630806627,13.53,13,7,1.0, 00:01:12,72.0,False,True,False,72.0,0.5384615384615384,0.0,1.0407692307692307,13.53,13.0,0.5384615384615384,0.0,72.0,2.6390573296152584,0.4307829160924542,0.0,4.290459441148391,0.21567939362019117,0.02663978252890197,0.0073256422122167176,问题词,0.21567939362019117,问题词,0.21565059958935118,问题词,0.20079198105152418,问题词,True,稳定词
751,1265,495817671,9630806627,1.37,2,1,1.0, 00:00:01,1.0,False,True,False,1.0,0.5,0.0,0.685,1.37,2.0,0.5,0.0,1.0,1.0986122886681098,0.4054651081081644,0.0,0.6931471805599453,0.08677527623050757,0.02988551301323723,0.0028397431426404,潜力词,0.08677527623050757,潜力词,0.06889712343625956,潜力词,0.08513521330442218,潜力词,True,稳定词
752,1287,495817671,9630806627,3.95,6,6,1.0, 00:01:13,73.0,False,True,False,73.0,1.0,0.0,0.6583333333333333,3.95,6.0,1.0,0.0,73.0,1.9459101490553132,0.6931471805599453,0.0,4.30406509320417,0.22145687760544416,0.026630725152929507,0.007575119567683658,潜力词,0.22145687760544416,潜力词,0.18561707066893054,潜力词,0.21417769843434503,潜力词,True,稳定词
754,1314,495817671,9630806627,14.45,12,18,0.6364, 00:00:53,53.0,False,True,False,53.0,1.5,0.36360000000000003,1.2041666666666666,14.45,12.0,1.5,0.36360000000000003,53.0,2.5649493574615367,0.9162907318741551,0.36360000000000003,3.9889840465642745,0.330474501803845,0.021686140428295912,0.010704172542192913,重点词,0.330474501803845,重点词,0.2727919798692274,问题词,0.348095523318269,重点词,False,边界敏感词
756,1364,495817671,9630806627,41.04,62,22,1.0, 00:01:03,63.0,False,True,False,63.0,0.3548387096774194,0.0,0.6619354838709677,41.04,62.0,0.3548387096774194,0.0,63.0,4.143134726391533,0.3036824137982221,0.0,4.1588830833596715,0.2627325371087629,0.025542016045535482,0.009102149513284901,问题词,0.2627325371087629,问题词,0.32189478658613,重点词,0.22882561599906914,问题词,False,边界敏感词
757,1365,495817671,9630806627,3.6,5,8,0.75, 00:01:22,82.0,False,True,False,82.0,1.6,0.25,0.72,3.6,5.0,1.6,0.25,82.0,1.791759469228055,0.9555114450274363,0.25,4.418840607796598,0.2923893532139919,0.023558447670727616,0.009734504855821972,潜力词,0.2923893532139919,潜力词,0.22075360010849096,潜力词,0.3042264359965859,潜力词,True,稳定词
759,1377,495817671,9630806627,1.03,1,1,1.0, 00:02:00,120.0,False,True,False,120.0,1.0,0.0,1.03,1.03,1.0,1.0,0.0,120.0,0.6931471805599453,0.6931471805599453,0.0,4.795790545596741,0.21401869481923805,0.028205532455741852,0.007680222421411457,潜力词,0.21401869481923805,潜力词,0.15108856472007434,潜力词,0.21433632984851855,潜力词,True,稳定词
760,1390,495817671,9630806627,18.22,25,21,0.9375, 00:01:08,68.0,False,True,False,68.0,0.84,0.0625,0.7288,18.22,25.0,0.84,0.0625,68.0,3.258096538021482,0.6097655716208943,0.0625,4.23410650459726,0.259164735555007,0.02465484098561964,0.008624947610958786,问题词,0.259164735555007,问题词,0.2716338828768141,问题词,0.2393050790155966,问题词,True,稳定词
761,1424,495817671,9630806627,2592.53,2414,145,0.8839, 00:01:37,97.0,False,True,False,97.0,0.06006628003314002,0.11609999999999998,1.0739560894780449,2592.53,2414.0,0.06006628003314002,0.11609999999999998,97.0,7.789454566086673,0.058331434502312006,0.11609999999999998,4.584967478670572,0.41391159104302266,0.02272450344801124,0.016048663024351744,重点词,0.41391159104302266,重点词,0.5602208204996831,重点词,0.3524061297409168,重点词,True,稳定词
762,1425,495817671,9630806627,50.01,43,43,0.9091, 00:02:36,156.0,False,True,False,156.0,1.0,0.09089999999999998,1.1630232558139535,50.01,43.0,1.0,0.09089999999999998,156.0,3.784189633918261,0.6931471805599453,0.09089999999999998,5.056245805348308,0.3085880978560175,0.023279766369866103,0.010390128952558107,问题词,0.3085880978560175,问题词,0.3252595386126023,重点词,0.2852658261427983,问题词,False,边界敏感词
763,1437,495817671,9630806627,0.91,1,1,1.0, 00:00:02,2.0,False,True,False,2.0,1.0,0.0,0.91,0.91,1.0,1.0,0.0,2.0,0.6931471805599453,0.6931471805599453,0.0,1.0986122886681098,0.13721737004141432,0.02938187074738171,0.004672907046176866,潜力词,0.13721737004141432,潜力词,0.09614406329892622,潜力词,0.13742336656649506,潜力词,True,稳定词
764,1438,495817671,9630806627,1912.61,934,966,0.6199, 00:04:36,276.0,False,True,False,276.0,1.0342612419700214,0.3801,2.0477623126338327,1912.61,934.0,1.0342612419700214,0.3801,276.0,6.840546529288687,0.7101327269256892,0.3801,5.6240175061873385,0.49608831992186414,0.01707975769351762,0.016814590004216343,重点词,0.49608831992186414,重点词,0.5822976301647776,重点词,0.4622350065855826,重点词,True,稳定词
767,1486,495817671,9630806627,73.03,75,130,0.8333, 00:01:41,101.0,False,True,False,101.0,1.7333333333333334,0.16669999999999996,0.9737333333333333,73.03,75.0,1.7333333333333334,0.16669999999999996,101.0,4.330733340286331,1.0055218656020977,0.16669999999999996,4.624972813284271,0.36603769889613014,0.020876555515692726,0.012053723586616643,重点词,0.36603769889613014,重点词,0.38456664063077184,重点词,0.34121811332778856,重点词,True,稳定词
768,1524,495817671,9630806627,5.5,9,6,1.0, 00:00:49,49.0,False,True,False,49.0,0.6666666666666666,0.0,0.6111111111111112,5.5,9.0,0.6666666666666666,0.0,49.0,2.302585092994046,0.5108256237659907,0.0,3.912023005428146,0.20170467776428166,0.026860689088506487,0.006786870079546787,潜力词,0.20170467776428166,潜力词,0.19064255575775693,潜力词,0.19031222769847925,潜力词,True,稳定词
769,1566,495817671,9630806627,0.93,1,4,0.0, 00:01:44,104.0,False,True,False,104.0,4.0,1.0,0.93,0.93,1.0,4.0,1.0,104.0,0.6931471805599453,1.6094379124341003,1.0,4.653960350157523,0.5094320830446621,0.02007947809487694,0.020851608918514133,黄金词,0.5094320830446621,黄金词,0.35228825002283554,黄金词,0.5878369107755479,黄金词,True,稳定词
770,1575,495817671,9630806627,33.9,202,144,0.5, 00:08:28,508.0,False,True,False,508.0,0.7128712871287128,0.5,0.1678217821782178,33.9,202.0,0.7128712871287128,0.5,508.0,5.313205979041787,0.5381710776565195,0.5,6.2324480165505225,0.46395152884719015,0.018104231233632532,0.015669265395689275,重点词,0.46395152884719015,重点词,0.4871663968119476,重点词,0.4624962799328417,重点词,True,稳定词
771,1581,495817671,9630806627,17.82,27,20,0.8571, 00:00:45,45.0,False,True,False,45.0,0.7407407407407407,0.14290000000000003,0.66,17.82,27.0,0.7407407407407407,0.14290000000000003,45.0,3.332204510175204,0.5543107357057295,0.14290000000000003,3.828641396489095,0.2607210854187011,0.024034400164226553,0.008476198596511504,问题词,0.2607210854187011,问题词,0.2769248143940699,问题词,0.24457012726497535,问题词,True,稳定词
772,1590,495817671,9630806627,126.84,80,136,0.8281, 00:02:17,137.0,False,True,False,137.0,1.7,0.17190000000000005,1.5855000000000001,126.84,80.0,1.7,0.17190000000000005,137.0,4.394449154672439,0.9932517730102833,0.17190000000000005,4.927253685157205,0.3733307303313298,0.02071134560003709,0.012338536694314919,重点词,0.3733307303313298,重点词,0.3916641932612422,重点词,0.34839823511070295,重点词,True,稳定词
773,1608,495817671,9630806627,0.89,1,1,1.0, 00:02:00,120.0,False,True,False,120.0,1.0,0.0,0.89,0.89,1.0,1.0,0.0,120.0,0.6931471805599453,0.6931471805599453,0.0,4.795790545596741,0.21401869481923805,0.028205532455741852,0.007680222421411457,潜力词,0.21401869481923805,潜力词,0.15108856472007434,潜力词,0.21433632984851855,潜力词,True,稳定词
777,1656,495817671,9630806627,0.51,2,2,1.0, 00:01:02,62.0,False,True,False,62.0,1.0,0.0,0.255,0.51,2.0,1.0,0.0,62.0,1.0986122886681098,0.6931471805599453,0.0,4.143134726391533,0.20078629433680567,0.027782243919487967,0.006979727406359135,潜力词,0.20078629433680567,潜力词,0.1458473951762777,潜力词,0.19951016350063036,潜力词,True,稳定词
778,1666,495817671,9630806627,28.78,19,26,0.7, 00:03:21,201.0,False,True,False,201.0,1.368421052631579,0.30000000000000004,1.5147368421052632,28.78,19.0,1.368421052631579,0.30000000000000004,201.0,2.995732273553991,0.8622235106038794,0.30000000000000004,5.308267697401205,0.3461015462028826,0.021492298691759528,0.011375646731503182,重点词,0.3461015462028826,重点词,0.30284716792505356,重点词,0.35105849203152123,重点词,True,稳定词
779,1691,495817671,9630806627,1.24,1,1,1.0, 00:02:00,120.0,False,True,False,120.0,1.0,0.0,1.24,1.24,1.0,1.0,0.0,120.0,0.6931471805599453,0.6931471805599453,0.0,4.795790545596741,0.21401869481923805,0.028205532455741852,0.007680222421411457,潜力词,0.21401869481923805,潜力词,0.15108856472007434,潜力词,0.21433632984851855,潜力词,True,稳定词
781,1707,495817671,9630806627,50.61,45,3,1.0, 00:01:20,80.0,False,True,False,80.0,0.06666666666666667,0.0,1.1246666666666667,50.61,45.0,0.06666666666666667,0.0,80.0,3.828641396489095,0.06453852113757118,0.0,4.394449154672439,0.24301076826172457,0.026730743716088367,0.008581176976239743,问题词,0.24301076826172457,问题词,0.29385062727101025,重点词,0.21399279664867318,问题词,False,边界敏感词
782,1723,495817671,9630806627,3.03,5,3,1.0, 00:01:20,80.0,False,True,False,80.0,0.6,0.0,0.606,3.03,5.0,0.6,0.0,80.0,1.791759469228055,0.4700036292457356,0.0,4.394449154672439,0.19722201827108754,0.0275092946854052,0.0067583301268243,潜力词,0.19722201827108754,潜力词,0.16478327067618725,潜力词,0.19123354284076688,潜力词,True,稳定词
784,1738,495817671,9630806627,162.44,128,148,0.8454, 00:01:25,85.0,False,True,False,85.0,1.15625,0.15459999999999996,1.2690625,162.44,128.0,1.15625,0.15459999999999996,85.0,4.859812404361672,0.7683706017975328,0.15459999999999996,4.454347296253507,0.3574744189943697,0.021304157348906602,0.011852744070587106,重点词,0.3574744189943697,重点词,0.40980744081011666,重点词,0.3239335893588018,重点词,True,稳定词
785,1754,495817671,9630806627,2.05,5,4,1.0, 00:00:32,32.0,False,True,False,32.0,0.8,0.0,0.41,2.05,5.0,0.8,0.0,32.0,1.791759469228055,0.5877866649021191,0.0,3.4965075614664802,0.18432086326966443,0.027359756154357994,0.006182546109287079,潜力词,0.18432086326966443,潜力词,0.1564276370673394,潜力词,0.17798869200579084,潜力词,True,稳定词
786,1785,495817671,9630806627,44.38,65,68,0.902, 00:02:22,142.0,False,True,False,142.0,1.0461538461538462,0.09799999999999998,0.6827692307692308,44.38,65.0,1.0461538461538462,0.09799999999999998,142.0,4.189654742026425,0.7159618583261167,0.09799999999999998,4.962844630259907,0.3251787883569537,0.02269838355434342,0.010937760601643729,重点词,0.3251787883569537,重点词,0.3559976211770798,重点词,0.2970879773928005,问题词,False,边界敏感词
788,1817,495817671,9630806627,115.52,116,109,0.9186, 00:01:42,102.0,False,True,False,102.0,0.9396551724137931,0.08140000000000003,0.9958620689655172,115.52,116.0,0.9396551724137931,0.08140000000000003,102.0,4.762173934797756,0.6625102110980555,0.08140000000000003,4.634728988229636,0.3342195374272362,0.02257244649409996,0.011331291694421897,重点词,0.3342195374272362,重点词,0.39190734434617847,重点词,0.29733458067370316,问题词,False,边界敏感词
789,1824,495817671,9630806627,4.04,5,5,1.0, 00:01:46,106.0,False,True,False,106.0,1.0,0.0,0.808,4.04,5.0,1.0,0.0,106.0,1.791759469228055,0.6931471805599453,0.0,4.672828834461906,0.22747355741972336,0.026749495991044796,0.007876498041858665,潜力词,0.22747355741972336,潜力词,0.18364592464086144,潜力词,0.22163168747553605,潜力词,True,稳定词
791,1844,495817671,9630806627,8.64,13,68,0.6364, 00:05:29,329.0,False,True,False,329.0,5.230769230769231,0.36360000000000003,0.6646153846153846,8.64,13.0,5.230769230769231,0.36360000000000003,329.0,2.6390573296152584,1.829499797210902,0.36360000000000003,5.799092654460526,0.4613197694036835,0.018892173992757173,0.01617904807871856,重点词,0.4613197694036835,重点词,0.3566481443484857,重点词,0.4764690561100334,重点词,True,稳定词
792,1853,495817671,9630806627,4.59,8,6,1.0, 00:03:50,230.0,False,True,False,230.0,0.75,0.0,0.57375,4.59,8.0,0.75,0.0,230.0,2.1972245773362196,0.5596157879354227,0.0,5.442417710521793,0.2450664805348619,0.02652538747218438,0.008610669926588054,潜力词,0.2450664805348619,潜力词,0.2113843933875075,潜力词,0.23600796945017383,潜力词,True,稳定词
793,1914,495817671,9630806627,14.49,9,17,0.8333, 00:03:22,202.0,False,True,False,202.0,1.8888888888888888,0.16669999999999996,1.61,14.49,9.0,1.8888888888888888,0.16669999999999996,202.0,2.302585092994046,1.0608719606852626,0.16669999999999996,5.313205979041787,0.31858838897787095,0.023141977697058842,0.010819841154758902,问题词,0.31858838897787095,问题词,0.25748358896237045,问题词,0.31795592922781174,重点词,False,边界敏感词
796,1924,495817671,9630806627,1649.24,645,683,0.7829, 00:02:45,165.0,False,True,False,165.0,1.0589147286821705,0.21709999999999996,2.5569612403100774,1649.24,645.0,1.0589147286821705,0.21709999999999996,165.0,6.470799503782602,0.7221790132406066,0.21709999999999996,5.111987788356544,0.43915098944089265,0.019196420243287535,0.015031009745669255,重点词,0.43915098944089265,重点词,0.5336009884077404,重点词,0.3928170250888328,重点词,True,稳定词
797,1976,495817671,9630806627,58.12,47,46,0.8378, 00:02:19,139.0,False,True,False,139.0,0.9787234042553191,0.1622,1.236595744680851,58.12,47.0,0.9787234042553191,0.1622,139.0,3.871201010907891,0.6824518914431974,0.1622,4.941642422609304,0.32077689347294314,0.022469239904351814,0.010611554445003484,重点词,0.32077689347294314,重点词,0.33644163996735743,重点词,0.3011023766958146,问题词,False,边界敏感词
798,1981,495817671,9630806627,375.87,274,329,0.8894, 00:02:06,126.0,False,True,False,126.0,1.2007299270072993,0.11060000000000003,1.3717883211678832,375.87,274.0,1.2007299270072993,0.11060000000000003,126.0,5.616771097666572,0.7887890903391153,0.11060000000000003,4.844187086458591,0.387460202070303,0.0209436401348562,0.01324783641188071,重点词,0.387460202070303,重点词,0.4637988578747316,重点词,0.34270912654283225,重点词,True,稳定词
799,1983,495817671,9630806627,5.04,4,5,0.6667, 00:00:21,21.0,False,True,False,21.0,1.25,0.33330000000000004,1.26,5.04,4.0,1.25,0.33330000000000004,21.0,1.6094379124341003,0.8109302162163288,0.33330000000000004,3.091042453358316,0.2685166381573439,0.023970194719593392,0.00879910116597651,潜力词,0.2685166381573439,潜力词,0.19883185854457056,潜力词,0.29243857454081346,潜力词,True,稳定词
800,2019,495817671,9630806627,901.8,964,1186,0.7208, 00:02:46,166.0,False,True,False,166.0,1.2302904564315353,0.2792,0.9354771784232365,901.8,964.0,1.2302904564315353,0.2792,166.0,6.872128101338986,0.8021318265111629,0.2792,5.117993812416755,0.47507385340680663,0.017857529368320958,0.016161597863609753,重点词,0.47507385340680663,重点词,0.5723528328300187,重点词,0.42985345494972105,重点词,True,稳定词
803,2096,495817671,9630806627,5.78,12,18,0.6667, 00:00:49,49.0,False,True,False,49.0,1.5,0.33330000000000004,0.4816666666666667,5.78,12.0,1.5,0.33330000000000004,49.0,2.5649493574615367,0.9162907318741551,0.33330000000000004,3.912023005428146,0.3206057871739624,0.02196749638002798,0.010366450488095945,黄金词,0.3206057871739624,黄金词,0.2672656648062676,潜力词,0.33469670548527614,黄金词,False,边界敏感词
804,2097,495817671,9630806627,0.91,1,0,0.0,0,,False,True,True,101.5,0.0,1.0,0.91,0.91,1.0,0.0,1.0,101.5,0.6931471805599453,0.0,1.0,4.629862798578463,0.41253711607614935,0.02541854080197301,0.017849794096386054,黄金词,0.41253711607614935,黄金词,0.30134224076535654,黄金词,0.4806028565846138,黄金词,True,稳定词
805,2124,495817671,9630806627,5.91,6,7,0.8333, 00:00:29,29.0,False,True,False,29.0,1.1666666666666667,0.16669999999999996,0.985,5.91,6.0,1.1666666666666667,0.16669999999999996,29.0,1.9459101490553132,0.7731898882334818,0.16669999999999996,3.4011973816621555,0.2335283886283647,0.024953931284162793,0.007602957860767982,潜力词,0.2335283886283647,潜力词,0.19056413776713887,潜力词,0.23626125388499467,潜力词,True,稳定词
806,2125,495817671,9630806627,0.15,1,0,0.0,0,,False,True,True,101.5,0.0,1.0,0.15,0.15,1.0,0.0,1.0,101.5,0.6931471805599453,0.0,1.0,4.629862798578463,0.41253711607614935,0.02541854080197301,0.017849794096386054,黄金词,0.41253711607614935,黄金词,0.30134224076535654,黄金词,0.4806028565846138,黄金词,True,稳定词
807,2128,495817671,9630806627,32.54,38,55,0.8571, 00:02:05,125.0,False,True,False,125.0,1.4473684210526316,0.14290000000000003,0.8563157894736841,32.54,38.0,1.4473684210526316,0.14290000000000003,125.0,3.6635616461296463,0.8950133334268702,0.14290000000000003,4.836281906951478,0.32872499647437864,0.022217394546092912,0.010879911966743618,重点词,0.32872499647437864,重点词,0.328930338114442,重点词,0.3105181673335814,重点词,True,稳定词
808,2129,495817671,9630806627,1.95,1,1,1.0, 00:00:01,1.0,False,True,False,1.0,1.0,0.0,1.95,1.95,1.0,1.0,0.0,1.0,0.6931471805599453,0.6931471805599453,0.0,0.6931471805599453,0.1354663103126751,0.029570784147216124,0.004633532584397842,潜力词,0.1354663103126751,潜力词,0.09516320728013836,潜力词,0.13566748995043118,潜力词,True,稳定词
810,2152,495817671,9630806627,18.12,21,38,0.6667, 00:01:09,69.0,False,True,False,69.0,1.8095238095238095,0.33330000000000004,0.8628571428571429,18.12,21.0,1.8095238095238095,0.33330000000000004,69.0,3.091042453358316,1.0330150061822965,0.33330000000000004,4.248495242049359,0.3568009760863919,0.020751731377202008,0.011511581540992495,重点词,0.3568009760863919,重点词,0.3125103651791166,重点词,0.36460418431242214,重点词,True,稳定词
812,2195,495817671,9630806627,0.65,1,1,1.0, 00:02:00,120.0,False,True,False,120.0,1.0,0.0,0.65,0.65,1.0,1.0,0.0,120.0,0.6931471805599453,0.6931471805599453,0.0,4.795790545596741,0.21401869481923805,0.028205532455741852,0.007680222421411457,潜力词,0.21401869481923805,潜力词,0.15108856472007434,潜力词,0.21433632984851855,潜力词,True,稳定词
813,2203,495817671,9630806627,0.78,1,1,1.0, 00:04:49,289.0,False,True,False,289.0,1.0,0.0,0.78,0.78,1.0,1.0,0.0,289.0,0.6931471805599453,0.6931471805599453,0.0,5.66988092298052,0.2377159226493722,0.028079216571564827,0.008756416502598454,潜力词,0.2377159226493722,潜力词,0.16895693308145648,潜力词,0.23806116822739315,潜力词,True,稳定词
815,2280,495817671,9630806627,13.66,10,8,0.8571, 00:00:58,58.0,False,True,False,58.0,0.8,0.14290000000000003,1.366,13.66,10.0,0.8,0.14290000000000003,58.0,2.3978952727983707,0.5877866649021191,0.14290000000000003,4.07753744390572,0.23581760475608113,0.024987178202381412,0.0077107462170967036,问题词,0.23581760475608113,问题词,0.21332739977162102,问题词,0.23164467576020192,问题词,True,稳定词
816,2320,495817671,9630806627,55.43,61,44,0.9211, 00:01:41,101.0,False,True,False,101.0,0.7213114754098361,0.07889999999999997,0.9086885245901639,55.43,61.0,0.7213114754098361,0.07889999999999997,101.0,4.127134385045092,0.5430864859842122,0.07889999999999997,4.624972813284271,0.29790619525039325,0.023671155589123815,0.010043934088338652,问题词,0.29790619525039325,问题词,0.3391167871326307,重点词,0.2684600997118214,问题词,False,边界敏感词
819,2354,495817671,9630806627,2.39,2,4,0.0, 00:02:06,126.0,False,True,False,126.0,2.0,1.0,1.195,2.39,2.0,2.0,1.0,126.0,1.0986122886681098,1.0986122886681098,1.0,4.844187086458591,0.48596980470399864,0.020541165811741143,0.019419844260658646,黄金词,0.48596980470399864,黄金词,0.34273682072122186,黄金词,0.5618546435142484,黄金词,True,稳定词
820,2367,495817671,9630806627,3.84,5,4,1.0, 00:01:04,64.0,False,True,False,64.0,0.8,0.0,0.768,3.84,5.0,0.8,0.0,64.0,1.791759469228055,0.5877866649021191,0.0,4.174387269895637,0.20264288142148218,0.02718124033376819,0.006907927117605837,潜力词,0.20264288142148218,潜力词,0.16784303223085317,潜力词,0.19661223604877734,潜力词,True,稳定词
823,2383,495817671,9630806627,19.2,39,30,0.9655, 00:00:45,45.0,False,True,False,45.0,0.7692307692307693,0.034499999999999975,0.4923076923076923,19.2,39.0,0.7692307692307693,0.034499999999999975,45.0,3.6888794541139363,0.570544858467613,0.034499999999999975,3.828641396489095,0.2605918545117517,0.024731525115631196,0.008716206379537008,问题词,0.2605918545117517,问题词,0.2966586433660273,重点词,0.23313309103222235,问题词,False,边界敏感词
824,2390,495817671,9630806627,22.25,16,7,0.8333, 00:01:24,84.0,False,True,False,84.0,0.4375,0.16669999999999996,1.390625,22.25,16.0,0.4375,0.16669999999999996,84.0,2.833213344056216,0.3629054936893685,0.16669999999999996,4.442651256490317,0.244459540732007,0.024938137212873617,0.008068880355761934,问题词,0.244459540732007,问题词,0.24085427411645693,问题词,0.23728377431377456,问题词,True,稳定词
826,2432,495817671,9630806627,2.71,3,3,1.0, 00:00:08,8.0,False,True,False,8.0,1.0,0.0,0.9033333333333333,2.71,3.0,1.0,0.0,8.0,1.3862943611198906,0.6931471805599453,0.0,2.1972245773362196,0.1603639119928915,0.02800511793316852,0.00534875802949904,潜力词,0.1603639119928915,潜力词,0.1255419260386433,潜力词,0.15723644319420005,潜力词,True,稳定词
827,2438,495817671,9630806627,663.8,552,565,0.7393, 00:03:56,236.0,False,True,False,236.0,1.0235507246376812,0.26070000000000004,1.2025362318840578,663.8,552.0,1.0235507246376812,0.26070000000000004,236.0,6.315358001522335,0.7048537527921054,0.26070000000000004,5.4680601411351315,0.4464317140771531,0.018817788177268494,0.01517582861004003,重点词,0.4464317140771531,重点词,0.5302253056523555,重点词,0.40617944300030406,重点词,True,稳定词
829,2479,495817671,9630806627,0.8,1,1,1.0, 00:02:00,120.0,False,True,False,120.0,1.0,0.0,0.8,0.8,1.0,1.0,0.0,120.0,0.6931471805599453,0.6931471805599453,0.0,4.795790545596741,0.21401869481923805,0.028205532455741852,0.007680222421411457,潜力词,0.21401869481923805,潜力词,0.15108856472007434,潜力词,0.21433632984851855,潜力词,True,稳定词
830,2501,495817671,9630806627,15.12,17,17,0.7778, 00:06:30,390.0,False,True,False,390.0,1.0,0.22219999999999995,0.8894117647058823,15.12,17.0,1.0,0.22219999999999995,390.0,2.8903717578961645,0.6931471805599453,0.22219999999999995,5.968707559985366,0.3226862321923907,0.022859002478384096,0.010890499694554436,重点词,0.3226862321923907,重点词,0.28602266979386703,重点词,0.3208837317442909,重点词,True,稳定词
831,2516,495817671,9630806627,1.29,6,4,1.0, 00:01:10,70.0,False,True,False,70.0,0.6666666666666666,0.0,0.215,1.29,6.0,0.6666666666666666,0.0,70.0,1.9459101490553132,0.5108256237659907,0.0,4.2626798770413155,0.20108346749573364,0.02721212266222261,0.006849161032738718,潜力词,0.20108346749573364,潜力词,0.17347240343822085,潜力词,0.1936537156551636,潜力词,True,稳定词
832,2524,495817671,9630806627,20.21,13,13,0.8, 00:00:45,45.0,False,True,False,45.0,1.0,0.19999999999999996,1.5546153846153847,20.21,13.0,1.0,0.19999999999999996,45.0,2.6390573296152584,0.6931471805599453,0.19999999999999996,3.828641396489095,0.26151956630336903,0.023839769601074146,0.008442425719577457,问题词,0.26151956630336903,问题词,0.23905982860169528,问题词,0.26001360309336174,问题词,True,稳定词
833,2527,495817671,9630806627,2.29,5,0,0.0,0,,False,True,True,101.5,0.0,1.0,0.458,2.29,5.0,0.0,1.0,101.5,1.791759469228055,0.0,1.0,4.629862798578463,0.4309308038810698,0.02376577972571753,0.017996768463151055,黄金词,0.4309308038810698,黄金词,0.3310101403291014,黄金词,0.49476734496846686,黄金词,True,稳定词
834,2533,495817671,9630806627,19372.48,19493,16351,0.6791, 00:02:28,148.0,False,True,False,148.0,0.8388139332067922,0.32089999999999996,0.9938172677371364,19372.48,16611.160000000033,0.8388139332067922,0.32089999999999996,148.0,9.717890236295883,0.6091207622579651,0.32089999999999996,5.003946305945459,0.5490108968567137,0.017285330837918545,0.021042271131716455,重点词,0.5490108968567137,重点词,0.6920795626785403,重点词,0.48948260204048,重点词,True,稳定词
835,2541,495817671,9630806627,1719.88,695,3422,0.4544, 00:05:46,346.0,False,True,False,346.0,4.923741007194245,0.5456,2.4746474820143884,1719.88,695.0,4.923741007194245,0.5456,346.0,6.54534966033442,1.7789681762051126,0.5456,5.849324779946859,0.6477659830889136,0.01133776947658126,0.02085040353409996,重点词,0.6477659830889136,重点词,0.6481189348857997,重点词,0.6346750289738028,重点词,True,稳定词
836,2586,495817671,9630806627,1676.01,523,808,0.7976, 00:02:09,129.0,False,True,False,129.0,1.5449330783938815,0.20240000000000002,3.204608030592734,1676.01,523.0,1.5449330783938815,0.20240000000000002,129.0,6.261491684321042,0.9341043543301888,0.20240000000000002,4.867534450455582,0.444199912084056,0.0187609109426386,0.0149938713082701,重点词,0.444199912084056,重点词,0.5269461530056155,重点词,0.39854166187835827,重点词,True,稳定词
838,2629,495817671,9630806627,4.43,5,3,1.0, 00:01:22,82.0,False,True,False,82.0,0.6,0.0,0.8859999999999999,4.43,5.0,0.6,0.0,82.0,1.791759469228055,0.4700036292457356,0.0,4.418840607796598,0.19794992661127217,0.027504055441072886,0.006788136971385826,潜力词,0.19794992661127217,潜力词,0.16524681987374765,潜力词,0.1919730798740181,潜力词,True,稳定词
840,2699,495817671,9630806627,1.08,1,1,1.0, 00:02:09,129.0,False,True,False,129.0,1.0,0.0,1.08,1.08,1.0,1.0,0.0,129.0,0.6931471805599453,0.6931471805599453,0.0,4.867534450455582,0.21596681688267294,0.028192910609777064,0.007765912584008755,潜力词,0.21596681688267294,潜力词,0.1525419066309766,潜力词,0.21628683462537757,潜力词,True,稳定词
842,2727,495817671,9630806627,11.66,15,15,1.0, 00:00:45,45.0,False,True,False,45.0,1.0,0.0,0.7773333333333333,11.66,15.0,1.0,0.0,45.0,2.772588722239781,0.6931471805599453,0.0,3.828641396489095,0.2346369026002707,0.02573764050618074,0.007890372908135521,问题词,0.2346369026002707,问题词,0.2325946483603876,问题词,0.2182469546997638,问题词,True,稳定词
844,2745,495817671,9630806627,2.05,3,3,1.0, 00:00:01,1.0,False,True,False,1.0,1.0,0.0,0.6833333333333332,2.05,3.0,1.0,0.0,1.0,1.3862943611198906,0.6931471805599453,0.0,0.6931471805599453,0.144810375522198,0.028669081324985534,0.004854572966881628,潜力词,0.144810375522198,潜力词,0.11609155224113735,潜力词,0.14163648526217631,潜力词,True,稳定词
845,2793,495817671,9630806627,17.12,21,19,0.875, 00:01:42,102.0,False,True,False,102.0,0.9047619047619048,0.125,0.8152380952380953,17.12,21.0,0.9047619047619048,0.125,102.0,3.091042453358316,0.6443570163905133,0.125,4.634728988229636,0.27502804657874697,0.023974466414486584,0.009095042414575597,问题词,0.27502804657874697,问题词,0.2704488015085661,问题词,0.2617857394989544,问题词,True,稳定词
846,2814,495817671,9630806627,2.07,2,2,1.0, 00:01:02,62.0,False,True,False,62.0,1.0,0.0,1.035,2.07,2.0,1.0,0.0,62.0,1.0986122886681098,0.6931471805599453,0.0,4.143134726391533,0.20078629433680567,0.027782243919487967,0.006979727406359135,潜力词,0.20078629433680567,潜力词,0.1458473951762777,潜力词,0.19951016350063036,潜力词,True,稳定词
847,2821,495817671,9630806627,1327.25,927,1812,0.7814, 00:02:20,140.0,False,True,False,140.0,1.9546925566343043,0.21860000000000002,1.4317691477885652,1327.25,927.0,1.9546925566343043,0.21860000000000002,140.0,6.833031732786201,1.083394603697223,0.21860000000000002,4.948759890378168,0.4838548502436152,0.017559043682926705,0.0164605411009551,重点词,0.4838548502436152,重点词,0.5751227246146583,重点词,0.4335603961346159,重点词,True,稳定词
848,2825,495817671,9630806627,10.3,8,14,0.75, 00:04:58,298.0,False,True,False,298.0,1.75,0.25,1.2875,10.3,8.0,1.75,0.25,298.0,2.1972245773362196,1.0116009116784799,0.25,5.700443573390687,0.33513167312835296,0.02255408829178275,0.011368550793620428,重点词,0.33513167312835296,重点词,0.2628596872467694,问题词,0.34293020033740546,重点词,False,边界敏感词
849,2855,495817671,9630806627,42.31,55,60,0.8444, 00:01:00,60.0,False,True,False,60.0,1.0909090909090908,0.15559999999999996,0.7692727272727273,42.31,55.0,1.0909090909090908,0.15559999999999996,60.0,4.02535169073515,0.7375989431307791,0.15559999999999996,4.110873864173311,0.3147772459779764,0.02237964970702418,0.010280750981165578,问题词,0.3147772459779764,问题词,0.34252047095422145,重点词,0.291526292881502,问题词,False,边界敏感词
850,2869,495817671,9630806627,57.95,52,127,0.8409, 00:01:58,118.0,False,True,False,118.0,2.4423076923076925,0.15910000000000002,1.114423076923077,57.95,52.0,2.4423076923076925,0.15910000000000002,118.0,3.970291913552122,1.2361420872593276,0.15910000000000002,4.77912349311153,0.37935901613425,0.02066616198742523,0.01263193228070241,重点词,0.37935901613425,重点词,0.37143757685441187,重点词,0.35935375954790744,重点词,True,稳定词
851,2874,495817671,9630806627,6.68,7,5,1.0, 00:04:23,263.0,False,True,False,263.0,0.7142857142857143,0.0,0.9542857142857143,6.68,7.0,0.7142857142857143,0.0,263.0,2.0794415416798357,0.538996500732687,0.0,5.575949103146316,0.2441621465416554,0.026721676073593804,0.008632038947860169,潜力词,0.2441621465416554,潜力词,0.20615115842614906,潜力词,0.23622747741563757,潜力词,True,稳定词
852,2891,495817671,9630806627,4.31,6,5,0.6667, 00:01:55,115.0,False,True,False,115.0,0.8333333333333334,0.33330000000000004,0.7183333333333333,4.31,6.0,0.8333333333333334,0.33330000000000004,115.0,1.9459101490553132,0.6061358035703155,0.33330000000000004,4.7535901911063645,0.28782475601133967,0.023678005330048827,0.009569436967209462,潜力词,0.28782475601133967,潜力词,0.22361334134059915,潜力词,0.30771656971326733,潜力词,True,稳定词
854,2896,495817671,9630806627,6.25,9,8,1.0, 00:00:26,26.0,False,True,False,26.0,0.8888888888888888,0.0,0.6944444444444444,6.25,9.0,0.8888888888888888,0.0,26.0,2.302585092994046,0.6359887667199967,0.0,3.295836866004329,0.20024344846677786,0.026636898624309447,0.00666936010310398,潜力词,0.20024344846677786,潜力词,0.18974706763503082,潜力词,0.18858415891173155,潜力词,True,稳定词
856,2899,495817671,9630806627,1569.85,1892,1578,0.822, 00:02:56,176.0,False,True,False,176.0,0.8340380549682875,0.17800000000000005,0.82973044397463,1569.85,1892.0,0.8340380549682875,0.17800000000000005,176.0,7.545918151209323,0.6065201233290813,0.17800000000000005,5.176149732573829,0.4600131839377014,0.019474040819589856,0.01658987822495053,重点词,0.4600131839377014,重点词,0.586903567130892,重点词,0.40152786588141187,重点词,True,稳定词
858,2933,495817671,9630806627,2839.7,2473,3691,0.6966, 00:03:15,195.0,False,True,False,195.0,1.492519207440356,0.3034,1.1482814395471086,2839.7,2473.0,1.492519207440356,0.3034,195.0,7.813591552952433,0.9132939289185902,0.3034,5.278114659230517,0.5247137538775413,0.016494409231132316,0.018209749295858783,重点词,0.5247137538775413,重点词,0.6383434910164125,重点词,0.4729957421152781,重点词,True,稳定词
859,2966,495817671,9630806627,1.5,1,0,0.0,0,,False,True,True,101.5,0.0,1.0,1.5,1.5,1.0,0.0,1.0,101.5,0.6931471805599453,0.0,1.0,4.629862798578463,0.41253711607614935,0.02541854080197301,0.017849794096386054,黄金词,0.41253711607614935,黄金词,0.30134224076535654,黄金词,0.4806028565846138,黄金词,True,稳定词
860,2987,495817671,9630806627,442.84,485,133,0.9145, 00:01:51,111.0,False,True,False,111.0,0.27422680412371137,0.08550000000000002,0.9130721649484536,442.84,485.0,0.27422680412371137,0.08550000000000002,111.0,6.186208623900494,0.24233956652020758,0.08550000000000002,4.718498871295094,0.36321285957553295,0.023028490543323562,0.013135070372767364,重点词,0.36321285957553295,重点词,0.474967726243064,重点词,0.31157631017947196,重点词,True,稳定词
863,2997,495817671,9630806627,0.71,1,3,0.0, 00:00:37,37.0,False,True,False,37.0,3.0,1.0,0.71,0.71,1.0,3.0,1.0,37.0,0.6931471805599453,1.3862943611198906,1.0,3.6375861597263857,0.48577745616239815,0.02088535354607031,0.019730044974197943,黄金词,0.48577745616239815,黄金词,0.33729078738094315,黄金词,0.5636482216888363,黄金词,True,稳定词
865,3016,495817671,9630806627,22.59,16,51,0.6875, 00:03:11,191.0,False,True,False,191.0,3.1875,0.3125,1.411875,22.59,16.0,3.1875,0.3125,191.0,2.833213344056216,1.4321038971511848,0.3125,5.2574953720277815,0.4057514983116558,0.019964123010791354,0.013631456875519598,重点词,0.4057514983116558,重点词,0.329338089578552,重点词,0.41373532457388673,重点词,True,稳定词
866,3040,495817671,9630806627,1.98,4,4,1.0, 00:01:05,65.0,False,True,False,65.0,1.0,0.0,0.495,1.98,4.0,1.0,0.0,65.0,1.6094379124341003,0.6931471805599453,0.0,4.189654742026425,0.21083150058543856,0.02709157519197648,0.007237690626507349,潜力词,0.21083150058543856,潜力词,0.1662099091963095,潜力词,0.20632424435022712,潜力词,True,稳定词
867,3082,495817671,9630806627,5.14,3,16,0.0, 00:06:43,403.0,False,True,False,403.0,5.333333333333333,1.0,1.7133333333333332,5.14,3.0,5.333333333333333,1.0,403.0,1.3862943611198906,1.8458266904983307,1.0,6.0014148779611505,0.554271011091339,0.018003822204659365,0.022388036195083883,黄金词,0.554271011091339,黄金词,0.3908105557099105,黄金词,0.6303688729804273,黄金词,True,稳定词
869,3104,495817671,9630806627,18.62,25,23,1.0, 00:00:25,25.0,False,True,False,25.0,0.92,0.0,0.7448,18.62,25.0,0.92,0.0,25.0,3.258096538021482,0.6523251860396903,0.0,3.258096538021482,0.23660029336058672,0.025487063593616452,0.007899199686224045,问题词,0.23660029336058672,问题词,0.2605864950516891,问题词,0.2131995930895511,问题词,True,稳定词
870,3112,495817671,9630806627,8.5,10,10,1.0, 00:00:49,49.0,False,True,False,49.0,1.0,0.0,0.85,8.5,10.0,1.0,0.0,49.0,2.3978952727983707,0.6931471805599453,0.0,3.912023005428146,0.22431617065138335,0.026164360612973628,0.007566342056109013,问题词,0.22431617065138335,问题词,0.2077354665025943,问题词,0.21228720123515823,问题词,True,稳定词
871,3127,495817671,9630806627,5.8,7,10,0.8, 00:05:51,351.0,False,True,False,351.0,1.4285714285714286,0.19999999999999996,0.8285714285714285,5.8,7.0,1.4285714285714286,0.19999999999999996,351.0,2.0794415416798357,0.8873031950009028,0.19999999999999996,5.863631175598097,0.3124186541226291,0.023552098796195877,0.010701446529619808,潜力词,0.3124186541226291,潜力词,0.245543913342241,潜力词,0.31656263984388383,黄金词,False,边界敏感词
872,3132,495817671,9630806627,36.2,53,318,0.7111, 00:07:23,443.0,False,True,False,443.0,6.0,0.28890000000000005,0.6830188679245284,36.2,53.0,6.0,0.28890000000000005,443.0,3.9889840465642745,1.9459101490553132,0.28890000000000005,6.095824562432225,0.5012787702770417,0.017386333535469225,0.017475494073368292,重点词,0.5012787702770417,重点词,0.4388208667717884,重点词,0.49381403889702,重点词,True,稳定词
873,3135,495817671,9630806627,240.28,168,310,0.8429, 00:03:06,186.0,False,True,False,186.0,1.8452380952380953,0.15710000000000002,1.4302380952380953,240.28,168.0,1.8452380952380953,0.15710000000000002,186.0,5.1298987149230735,1.045646753088197,0.15710000000000002,5.231108616854587,0.40817578647434294,0.019864344294497186,0.013700257897359595,重点词,0.40817578647434294,重点词,0.4491144949399558,重点词,0.3733517041941812,重点词,True,稳定词
874,3149,495817671,9630806627,1.86,2,2,1.0, 00:02:00,120.0,False,True,False,120.0,1.0,0.0,0.93,1.86,2.0,1.0,0.0,120.0,1.0986122886681098,0.6931471805599453,0.0,4.795790545596741,0.21843657059918795,0.027646402138318527,0.007726801236247917,潜力词,0.21843657059918795,潜力词,0.15874296766226273,潜力词,0.21715322323575523,潜力词,True,稳定词
875,3157,495817671,9630806627,88.98,92,89,0.8857, 00:01:14,74.0,False,True,False,74.0,0.967391304347826,0.11429999999999996,0.9671739130434783,88.98,92.0,0.967391304347826,0.11429999999999996,74.0,4.532599493153256,0.6767084542167854,0.11429999999999996,4.31748811353631,0.32586680777345695,0.022453360365956694,0.010853648730861703,重点词,0.32586680777345695,重点词,0.37598315989595243,重点词,0.2931047921708523,问题词,False,边界敏感词
878,3215,495817671,9630806627,203.86,101,1085,0.1604, 00:11:19,679.0,False,True,False,679.0,10.742574257425742,0.8396,2.0184158415841584,203.86,101.0,10.742574257425742,0.8396,679.0,4.624972813284271,2.4632210627164115,0.8396,6.522092798170152,0.6924788780381701,0.011009380752928405,0.024791024379226742,重点词,0.6924788780381701,重点词,0.5710856274570658,重点词,0.7400991587719115,重点词,True,稳定词
881,3303,495817671,9630806627,3.47,3,3,1.0, 00:01:35,95.0,False,True,False,95.0,1.0,0.0,1.1566666666666667,3.47,3.0,1.0,0.0,95.0,1.3862943611198906,0.6931471805599453,0.0,4.564348191467836,0.21657112068413054,0.02730365935159136,0.007547825030034097,潜力词,0.21657112068413054,潜力词,0.1635572572759276,潜力词,0.21366232740282315,潜力词,True,稳定词
885,3327,495817671,9630806627,84.29,58,107,0.7917, 00:02:31,151.0,False,True,False,151.0,1.8448275862068966,0.20830000000000004,1.4532758620689656,84.29,58.0,1.8448275862068966,0.20830000000000004,151.0,4.07753744390572,1.0455024633541614,0.20830000000000004,5.0238805208462765,0.37647791456712265,0.020484273402579658,0.012368249196292758,重点词,0.37647791456712265,重点词,0.3757497672212364,重点词,0.35890755635736277,重点词,True,稳定词
887,3382,495817671,9630806627,14.26,18,31,0.6429, 00:01:30,90.0,False,True,False,90.0,1.7222222222222223,0.3571,0.7922222222222222,14.26,18.0,1.7222222222222223,0.3571,90.0,2.9444389791664403,1.001448540214462,0.3571,4.51085950651685,0.3592877817691132,0.02076977835208148,0.011646925686168796,重点词,0.3592877817691132,重点词,0.30671266279551423,重点词,0.3715369422676962,重点词,True,稳定词
889,3412,495817671,9630806627,77.97,59,72,0.7556, 00:01:20,80.0,False,True,False,80.0,1.2203389830508475,0.24439999999999995,1.3215254237288134,77.97,59.0,1.2203389830508475,0.24439999999999995,80.0,4.0943445622221,0.7976598792954321,0.24439999999999995,4.394449154672439,0.3478792415442902,0.02107794035994448,0.011244202566251043,重点词,0.3478792415442902,重点词,0.3626519298873064,重点词,0.33259961274074884,重点词,True,稳定词
890,3416,495817671,9630806627,10.74,8,9,0.875, 00:01:32,92.0,False,True,False,92.0,1.125,0.125,1.3425,10.74,8.0,1.125,0.125,92.0,2.1972245773362196,0.7537718023763802,0.125,4.532599493153256,0.2558905280784363,0.024770350570983035,0.008518233307699359,问题词,0.2558905280784363,问题词,0.21549610298369784,问题词,0.2527263805025625,问题词,True,稳定词
891,3417,495817671,9630806627,15.19,16,49,0.8, 00:07:58,478.0,False,True,False,478.0,3.0625,0.19999999999999996,0.949375,15.19,16.0,3.0625,0.19999999999999996,478.0,2.833213344056216,1.4017985476558559,0.19999999999999996,6.171700597410915,0.39308809070924644,0.021060443879900793,0.013640545765387839,重点词,0.39308809070924644,重点词,0.3246976265851987,重点词,0.39020212617696437,重点词,True,稳定词
892,3420,495817671,9630806627,1.26,1,1,1.0, 00:00:07,7.0,False,True,False,7.0,1.0,0.0,1.26,1.26,1.0,1.0,0.0,7.0,0.6931471805599453,0.6931471805599453,0.0,2.0794415416798357,0.1490519960619047,0.02897213288042148,0.005074756878226033,潜力词,0.1490519960619047,潜力词,0.10413592917166858,潜力词,0.1492789869046824,潜力词,True,稳定词
893,3437,495817671,9630806627,1.98,2,1,1.0, 00:00:17,17.0,False,True,False,17.0,0.5,0.0,0.99,1.98,2.0,0.5,0.0,17.0,1.0986122886681098,0.4054651081081644,0.0,2.8903717578961645,0.13010341456142122,0.029009782631681524,0.004338759157404315,潜力词,0.13010341456142122,潜力词,0.0970851939607153,潜力词,0.1287755112918735,潜力词,True,稳定词
894,3443,495817671,9630806627,7.46,22,21,1.0, 00:01:45,105.0,False,True,False,105.0,0.9545454545454546,0.0,0.3390909090909091,7.46,22.0,0.9545454545454546,0.0,105.0,3.1354942159291497,0.6701576623352465,0.0,4.663439094112067,0.263567791986914,0.025184381947645218,0.009013446003950435,潜力词,0.263567791986914,潜力词,0.2669501691877908,潜力词,0.24383547577006115,潜力词,True,稳定词
896,3505,495817671,9630806627,0.5,1,1,1.0, 00:02:00,120.0,False,True,False,120.0,1.0,0.0,0.5,0.5,1.0,1.0,0.0,120.0,0.6931471805599453,0.6931471805599453,0.0,4.795790545596741,0.21401869481923805,0.028205532455741852,0.007680222421411457,潜力词,0.21401869481923805,潜力词,0.15108856472007434,潜力词,0.21433632984851855,潜力词,True,稳定词
898,3526,495817671,9630806627,29.64,25,39,0.7895, 00:02:01,121.0,False,True,False,121.0,1.56,0.21050000000000002,1.1856,29.64,25.0,1.56,0.21050000000000002,121.0,3.258096538021482,0.9400072584914712,0.21050000000000002,4.804021044733257,0.3323298550369242,0.021866252686980264,0.010883830347194545,重点词,0.3323298550369242,重点词,0.30885735760497396,重点词,0.32495708961534453,重点词,True,稳定词
901,3539,495817671,9630806627,0.89,2,120,0.5, 01:24:59,5099.0,False,True,False,5099.0,60.0,0.5,0.445,0.89,2.0,11.082051282051294,0.5,1160.4800000000007,1.0986122886681098,2.4917209862077314,0.5,7.057450332948998,0.5132295428096116,0.019882513473947462,0.020963255163508908,黄金词,0.5132295428096116,黄金词,0.3622961252596283,黄金词,0.5520244490201256,黄金词,True,稳定词
902,3549,495817671,9630806627,14.61,13,9,1.0, 00:00:52,52.0,False,True,False,52.0,0.6923076923076923,0.0,1.1238461538461537,14.61,13.0,0.6923076923076923,0.0,52.0,2.6390573296152584,0.5260930958967791,0.0,3.970291913552122,0.21592079903961506,0.02639519496013502,0.007268744764072279,问题词,0.21592079903961506,问题词,0.21577473101320419,问题词,0.2007721347265944,问题词,True,稳定词
904,3567,495817671,9630806627,33494.72,17166,33833,0.6059, 00:03:05,185.0,False,True,False,185.0,1.97093090993825,0.3941,1.9512245135733428,24233.035600000105,16611.160000000033,1.97093090993825,0.3941,185.0,9.717890236295883,1.0888753413929242,0.3941,5.225746673713202,0.6123724378401254,0.014131764851331434,0.022325304332781105,重点词,0.6123724378401254,重点词,0.736798280940228,重点词,0.5575030591683652,重点词,True,稳定词
905,3575,495817671,9630806627,1246.44,197,682,0.6395, 00:04:51,291.0,False,True,False,291.0,3.4619289340101522,0.36050000000000004,6.327106598984772,1246.44,197.0,3.4619289340101522,0.36050000000000004,291.0,5.288267030694535,1.4955811689471885,0.36050000000000004,5.676753802268282,0.5159013824478675,0.01582455046384253,0.016864141240876884,重点词,0.5159013824478675,重点词,0.512537763266371,重点词,0.49849629143611157,重点词,True,稳定词
907,3587,495817671,9630806627,1331.48,832,1556,0.586, 00:02:25,145.0,False,True,False,145.0,1.8701923076923077,0.41400000000000003,1.6003365384615384,1331.48,832.0,1.8701923076923077,0.41400000000000003,145.0,6.725033642166843,1.054379033691284,0.41400000000000003,4.983606621708336,0.5278741810347943,0.015445210346573663,0.017268972454159648,重点词,0.5278741810347943,重点词,0.5960335403695021,重点词,0.49767142132493697,重点词,True,稳定词
912,3678,495817671,9630806627,3.98,11,11,0.75, 00:02:07,127.0,False,True,False,127.0,1.0,0.25,0.3618181818181818,3.98,11.0,1.0,0.25,127.0,2.4849066497880004,0.6931471805599453,0.25,4.852030263919617,0.2912515524018869,0.023314237415722916,0.009580702241263762,潜力词,0.2912515524018869,潜力词,0.24814177690173686,潜力词,0.29663129272335287,潜力词,True,稳定词
914,3714,495817671,9630806627,1.0,1,1,1.0, 00:00:27,27.0,False,True,False,27.0,1.0,0.0,1.0,1.0,1.0,1.0,0.0,27.0,0.6931471805599453,0.6931471805599453,0.0,3.332204510175204,0.17562434493629953,0.028549649644878227,0.006082195036018083,潜力词,0.17562434493629953,潜力词,0.12297134114471572,潜力词,0.17589118241096122,潜力词,True,稳定词
916,3774,495817671,9630806627,2.56,9,9,0.875, 00:01:08,68.0,False,True,False,68.0,1.0,0.125,0.28444444444444444,2.56,9.0,1.0,0.125,68.0,2.302585092994046,0.6931471805599453,0.125,4.23410650459726,0.2448461871168988,0.024896584908119634,0.00807230763188752,潜力词,0.2448461871168988,潜力词,0.21379472296506535,潜力词,0.24044423103653265,潜力词,True,稳定词
917,3784,495817671,9630806627,6.91,15,11,1.0, 00:00:58,58.0,False,True,False,58.0,0.7333333333333333,0.0,0.46066666666666667,6.91,15.0,0.7333333333333333,0.0,58.0,2.772588722239781,0.5500463369192718,0.0,4.07753744390572,0.2255524449585193,0.02613234159274177,0.007610862091776387,潜力词,0.2255524449585193,潜力词,0.22791372812400956,潜力词,0.20903306491655205,潜力词,True,稳定词
919,3809,495817671,9630806627,17.29,21,27,0.75, 00:01:47,107.0,False,True,False,107.0,1.2857142857142858,0.25,0.8233333333333333,17.29,21.0,1.2857142857142858,0.25,107.0,3.091042453358316,0.826678573184468,0.25,4.68213122712422,0.3208035428941783,0.02208957785359804,0.010433527387153222,重点词,0.3208035428941783,重点词,0.29389294408764066,重点词,0.3192845810765446,重点词,True,稳定词
921,3830,495817671,9630806627,53.31,116,129,0.7935, 00:02:14,134.0,False,True,False,134.0,1.1120689655172413,0.20650000000000002,0.4595689655172414,53.31,116.0,1.1120689655172413,0.20650000000000002,134.0,4.762173934797756,0.7476680194383624,0.20650000000000002,4.90527477843843,0.3698412013777495,0.020792193721535516,0.012202971571712134,重点词,0.3698412013777495,重点词,0.41054914636100265,重点词,0.34252832793081883,重点词,True,稳定词
922,3842,495817671,9630806627,1.8,2,2,0.0, 00:00:38,38.0,False,True,False,38.0,1.0,1.0,0.9,1.8,2.0,1.0,1.0,38.0,1.0986122886681098,0.6931471805599453,1.0,3.6635616461296463,0.4480722475036027,0.022237892142558075,0.018053417801497027,黄金词,0.4480722475036027,黄金词,0.32103899540599645,黄金词,0.5220366022885904,黄金词,True,稳定词
923,3873,495817671,9630806627,1.53,1,4,0.0, 00:01:58,118.0,False,True,False,118.0,4.0,1.0,1.53,1.53,1.0,4.0,1.0,118.0,0.6931471805599453,1.6094379124341003,1.0,4.77912349311153,0.510480988768959,0.020046928031869176,0.02090536916585399,黄金词,0.510480988768959,黄金词,0.3529775364582605,黄金词,0.5888976664495448,黄金词,True,稳定词
925,3877,495817671,9630806627,1.5,1,1,1.0, 00:00:02,2.0,False,True,False,2.0,1.0,0.0,1.5,1.5,1.0,1.0,0.0,2.0,0.6931471805599453,0.6931471805599453,0.0,1.0986122886681098,0.13721737004141432,0.02938187074738171,0.004672907046176866,潜力词,0.13721737004141432,潜力词,0.09614406329892622,潜力词,0.13742336656649506,潜力词,True,稳定词
926,3882,495817671,9630806627,2.83,3,3,1.0, 00:00:25,25.0,False,True,False,25.0,1.0,0.0,0.9433333333333334,2.83,3.0,1.0,0.0,25.0,1.3862943611198906,0.6931471805599453,0.0,3.258096538021482,0.18282264720293392,0.027637119122523562,0.006183102433942935,潜力词,0.18282264720293392,潜力词,0.14025889293378277,潜力词,0.17981231246821291,潜力词,True,稳定词
927,3905,495817671,9630806627,115.64,57,204,0.5333, 00:06:59,419.0,False,True,False,419.0,3.5789473684210527,0.4667,2.0287719298245612,115.64,57.0,3.5789473684210527,0.4667,419.0,4.060443010546419,1.5214691394881434,0.4667,6.040254711277414,0.5062846911959291,0.016275146359297367,0.016689491497934035,重点词,0.5062846911959291,重点词,0.44137700582071643,重点词,0.5175904230403439,重点词,True,稳定词
928,3913,495817671,9630806627,0.45,3,1,1.0, 00:02:00,120.0,False,True,False,120.0,0.3333333333333333,0.0,0.15,0.45,3.0,0.3333333333333333,0.0,120.0,1.3862943611198906,0.2876820724517809,0.0,4.795790545596741,0.18728859928612906,0.028557996161889254,0.006581164106816745,潜力词,0.18728859928612906,潜力词,0.1450032759489131,潜力词,0.18449618904481888,潜力词,True,稳定词
930,3964,495817671,9630806627,15.17,14,36,0.6, 00:03:17,197.0,False,True,False,197.0,2.5714285714285716,0.4,1.0835714285714286,15.17,14.0,2.5714285714285716,0.4,197.0,2.70805020110221,1.2729656758128876,0.4,5.288267030694535,0.4062629041753455,0.019751263847994888,0.013514745614597175,重点词,0.4062629041753455,重点词,0.3232494421182643,重点词,0.42546548305922766,重点词,True,稳定词
931,3973,495817671,9630806627,7.09,8,7,1.0, 00:00:50,50.0,False,True,False,50.0,0.875,0.0,0.88625,7.09,8.0,0.875,0.0,50.0,2.1972245773362196,0.6286086594223741,0.0,3.9318256327243257,0.211472324342343,0.026605582722674315,0.007135252943600072,潜力词,0.211472324342343,潜力词,0.19080346543361454,潜力词,0.2014682814962496,潜力词,True,稳定词
932,3989,495817671,9630806627,8240.76,1204,10226,0.1738, 00:09:27,567.0,False,True,False,567.0,8.493355481727574,0.8262,6.844485049833887,8240.76,1204.0,8.493355481727574,0.8262,567.0,7.094234845924755,2.25059213092009,0.8262,6.342121418721152,0.7990914843499238,0.006509024699995391,0.025888928562136152,重点词,0.7990914843499238,重点词,0.7511088419749183,重点词,0.8156103839680832,重点词,True,稳定词
933,4001,495817671,9630806627,1.61,2,2,1.0, 00:02:00,120.0,False,True,False,120.0,1.0,0.0,0.805,1.61,2.0,1.0,0.0,120.0,1.0986122886681098,0.6931471805599453,0.0,4.795790545596741,0.21843657059918795,0.027646402138318527,0.007726801236247917,潜力词,0.21843657059918795,潜力词,0.15874296766226273,潜力词,0.21715322323575523,潜力词,True,稳定词
934,4002,495817671,9630806627,194.96,150,388,0.68, 00:05:21,321.0,False,True,False,321.0,2.5866666666666664,0.31999999999999995,1.2997333333333334,194.96,150.0,2.5866666666666664,0.31999999999999995,321.0,5.017279836814924,1.2772232660655285,0.31999999999999995,5.7745515455444085,0.4738259392786766,0.01724491795337831,0.015529251738182568,重点词,0.4738259392786766,重点词,0.4764751912514265,重点词,0.4556720496535529,重点词,True,稳定词
936,4016,495817671,9630806627,5.08,4,21,0.75, 00:09:25,565.0,False,True,False,565.0,5.25,0.25,1.27,5.08,4.0,5.25,0.25,565.0,1.6094379124341003,1.8325814637483102,0.25,6.338594078203183,0.41873178183144294,0.021618353338051826,0.015573346917238759,黄金词,0.41873178183144294,黄金词,0.3040439636532165,黄金词,0.43090823867954314,黄金词,True,稳定词
938,4054,495817671,9630806627,1793.1,669,1298,0.7342, 00:02:26,146.0,False,True,False,146.0,1.9402092675635276,0.26580000000000004,2.680269058295964,1793.1,669.0,1.9402092675635276,0.26580000000000004,146.0,6.507277712385012,1.0784807582608307,0.26580000000000004,4.990432586778736,0.48378504326330884,0.01723072277563079,0.0161482457156285,重点词,0.48378504326330884,重点词,0.5606781859681,重点词,0.4409090769822555,重点词,True,稳定词
939,4056,495817671,9630806627,5.66,7,4,1.0, 00:00:11,11.0,False,True,False,11.0,0.5714285714285714,0.0,0.8085714285714286,5.66,7.0,0.5714285714285714,0.0,11.0,2.0794415416798357,0.4519851237430572,0.0,2.4849066497880004,0.15172199051235338,0.027771957950867204,0.004967259192862895,潜力词,0.15172199051235338,潜力词,0.15266625518823818,潜力词,0.14093119387301298,潜力词,True,稳定词
941,4110,495817671,9630806627,1.55,5,4,1.0, 00:01:02,62.0,False,True,False,62.0,0.8,0.0,0.31,1.55,5.0,0.8,0.0,62.0,1.791759469228055,0.5877866649021191,0.0,4.143134726391533,0.20177852934465823,0.027188667953415246,0.006872891341767936,潜力词,0.20177852934465823,潜力词,0.16729288058778777,潜力词,0.1957354579017963,潜力词,True,稳定词
943,4158,495817671,9630806627,11.34,13,17,0.6667, 00:05:01,301.0,False,True,False,301.0,1.3076923076923077,0.33330000000000004,0.8723076923076923,11.34,13.0,1.3076923076923077,0.33330000000000004,301.0,2.6390573296152584,0.8362480242006186,0.33330000000000004,5.71042701737487,0.34894128437693317,0.021714407191373183,0.011638048847238288,重点词,0.34894128437693317,重点词,0.2882869674688136,重点词,0.36123306273744676,重点词,True,稳定词
944,4173,495817671,9630806627,27.6,28,50,0.88, 00:02:50,170.0,False,True,False,170.0,1.7857142857142858,0.12,0.9857142857142858,27.6,28.0,1.7857142857142858,0.12,170.0,3.367295829986474,1.0245043165143877,0.12,5.14166355650266,0.3344081946960359,0.022369854072291646,0.011239114508797967,重点词,0.3344081946960359,重点词,0.3162151161311451,重点词,0.3187630442663318,重点词,True,稳定词
945,4177,495817671,9630806627,1.93,2,1,1.0, 00:00:24,24.0,False,True,False,24.0,0.5,0.0,0.965,1.93,2.0,0.5,0.0,24.0,1.0986122886681098,0.4054651081081644,0.0,3.2188758248682006,0.14036926660282675,0.02890857517819519,0.004720486760937025,潜力词,0.14036926660282675,潜力词,0.10413275828233926,潜力词,0.13907834511911174,潜力词,True,稳定词
947,4190,495817671,9630806627,21.98,25,49,0.4762, 00:01:27,87.0,False,True,False,87.0,1.96,0.5238,0.8792,21.98,25.0,1.96,0.5238,87.0,3.258096538021482,1.085189268335969,0.5238,4.477336814478207,0.42505905140391503,0.018703300509745793,0.013827519490840877,重点词,0.42505905140391503,重点词,0.3574443160349853,重点词,0.4534468153778185,重点词,True,稳定词
948,4244,495817671,9630806627,14.34,17,46,0.9375, 00:03:01,181.0,False,True,False,181.0,2.7058823529411766,0.0625,0.8435294117647059,14.34,17.0,2.7058823529411766,0.0625,181.0,2.8903717578961645,1.3099213823353166,0.0625,5.204006687076795,0.3442628470626828,0.022874061423454814,0.012008911610774612,重点词,0.3442628470626828,重点词,0.29960174125403316,重点词,0.33105875024985576,重点词,True,稳定词
949,4256,495817671,9630806627,187.93,58,100,0.8125, 00:03:14,194.0,False,True,False,194.0,1.7241379310344827,0.1875,3.2401724137931036,187.93,58.0,1.7241379310344827,0.1875,194.0,4.07753744390572,1.0021520224805474,0.1875,5.272999558563747,0.3718494991372782,0.02080027173320233,0.012313244382178585,重点词,0.3718494991372782,重点词,0.3734104040580858,重点词,0.35262100473952224,重点词,True,稳定词
951,4280,495817671,9630806627,19.71,26,27,0.913, 00:00:58,58.0,False,True,False,58.0,1.0384615384615385,0.08699999999999997,0.7580769230769231,19.71,26.0,1.0384615384615385,0.08699999999999997,58.0,3.295836866004329,0.7121953755306398,0.08699999999999997,4.07753744390572,0.2710286183443965,0.02404424707471533,0.008939554045305642,问题词,0.2710286183443965,问题词,0.27970811579834964,重点词,0.2521742026990438,问题词,False,边界敏感词
952,4286,495817671,9630806627,1.71,1,11,0.0, 00:03:50,230.0,False,True,False,230.0,11.0,1.0,1.71,1.71,1.0,11.0,1.0,230.0,0.6931471805599453,2.4849066497880004,1.0,5.442417710521793,0.565138381110614,0.0190089608051458,0.02470370543036538,黄金词,0.565138381110614,黄金词,0.39531325270210305,黄金词,0.6396492408275363,黄金词,True,稳定词
954,4331,495817671,9630806627,10.97,13,23,0.9167, 00:02:42,162.0,False,True,False,162.0,1.7692307692307692,0.08330000000000004,0.8438461538461539,10.97,13.0,1.7692307692307692,0.08330000000000004,162.0,2.6390573296152584,1.0185695809945732,0.08330000000000004,5.093750200806762,0.30460098836990185,0.02372817695580331,0.010393495003697519,问题词,0.30460098836990185,问题词,0.26445819752422495,问题词,0.2947550490912552,问题词,True,稳定词
956,4355,495817671,9630806627,19.69,16,32,0.8182, 00:04:23,263.0,False,True,False,263.0,2.0,0.18179999999999996,1.230625,19.69,16.0,2.0,0.18179999999999996,263.0,2.833213344056216,1.0986122886681098,0.18179999999999996,5.575949103146316,0.34572896937746844,0.022106394916910424,0.01168142982580581,重点词,0.34572896937746844,重点词,0.2961641418341017,重点词,0.34106653720193925,重点词,True,稳定词
960,4467,495817671,9630806627,9.91,17,14,0.9231, 00:00:32,32.0,False,True,False,32.0,0.8235294117647058,0.07689999999999997,0.5829411764705883,9.91,17.0,0.8235294117647058,0.07689999999999997,32.0,2.8903717578961645,0.6007738604289301,0.07689999999999997,3.4965075614664802,0.2297940127739729,0.02517122584623148,0.007509935120704307,问题词,0.2297940127739729,问题词,0.23669373225733886,问题词,0.21420356047187977,问题词,True,稳定词
963,4538,495817671,9630806627,5.54,4,2,1.0, 00:00:04,4.0,False,True,False,4.0,0.5,0.0,1.385,5.54,4.0,0.5,0.0,4.0,1.6094379124341003,0.4054651081081644,0.0,1.6094379124341003,0.11068129127438404,0.028839542780931832,0.003589261986099982,潜力词,0.11068129127438404,潜力词,0.10616074098152282,潜力词,0.10426711472108131,潜力词,True,稳定词
964,4539,495817671,9630806627,25.13,28,25,0.9048, 00:00:56,56.0,False,True,False,56.0,0.8928571428571429,0.09519999999999995,0.8975,25.13,28.0,0.8928571428571429,0.09519999999999995,56.0,3.367295829986474,0.6380874033769179,0.09519999999999995,4.04305126783455,0.2666479778128098,0.02413295724230374,0.008774782168202355,问题词,0.2666479778128098,问题词,0.2816052485141252,重点词,0.24705027537166196,问题词,False,边界敏感词
966,4546,495817671,9630806627,33.96,44,38,0.9259, 00:01:22,82.0,False,True,False,82.0,0.8636363636363636,0.07410000000000005,0.7718181818181818,33.96,44.0,0.8636363636363636,0.07410000000000005,82.0,3.8066624897703196,0.6225296133459919,0.07410000000000005,4.418840607796598,0.28716531962769387,0.02382664280935936,0.00959855866500627,问题词,0.28716531962769387,问题词,0.3161217970445544,重点词,0.26131702041184524,问题词,False,边界敏感词
967,4563,495817671,9630806627,1429.75,374,522,0.854, 00:02:10,130.0,False,True,False,130.0,1.3957219251336899,0.14600000000000002,3.822860962566845,1429.75,374.0,1.3957219251336899,0.14600000000000002,130.0,5.926926025970411,0.8736846155603986,0.14600000000000002,4.875197323201151,0.41419028264155205,0.019937823906834427,0.014096817916347862,重点词,0.41419028264155205,重点词,0.4938144418010327,重点词,0.3682287494995395,重点词,True,稳定词
968,4579,495817671,9630806627,193.14,89,82,0.9048, 00:01:34,94.0,False,True,False,94.0,0.9213483146067416,0.09519999999999995,2.170112359550562,193.14,89.0,0.9213483146067416,0.09519999999999995,94.0,4.499809670330265,0.6530271867705201,0.09519999999999995,4.553876891600541,0.3235065278000771,0.02272577845119012,0.01086771414717454,重点词,0.3235065278000771,重点词,0.3725841843693527,重点词,0.29039951573519757,问题词,False,边界敏感词
969,4593,495817671,9630806627,5.08,6,11,0.4, 00:01:03,63.0,False,True,False,63.0,1.8333333333333333,0.6,0.8466666666666667,5.08,6.0,1.8333333333333333,0.6,63.0,1.9459101490553132,1.041453874828161,0.6,4.1588830833596715,0.39798366311123995,0.020538676095971684,0.013577800214482327,黄金词,0.39798366311123995,黄金词,0.29129923323501145,黄金词,0.44712059033155743,黄金词,True,稳定词
970,4606,495817671,9630806627,1.3,1,0,0.0,0,,False,True,True,101.5,0.0,1.0,1.3,1.3,1.0,0.0,1.0,101.5,0.6931471805599453,0.0,1.0,4.629862798578463,0.41253711607614935,0.02541854080197301,0.017849794096386054,黄金词,0.41253711607614935,黄金词,0.30134224076535654,黄金词,0.4806028565846138,黄金词,True,稳定词
973,4652,495817671,9630806627,194.44,90,101,0.8378, 00:01:13,73.0,False,True,False,73.0,1.1222222222222222,0.1622,2.1604444444444444,194.44,90.0,1.1222222222222222,0.1622,73.0,4.51085950651685,0.7524637577163648,0.1622,4.30406509320417,0.3406979126216569,0.02167533666296477,0.011200847225902992,重点词,0.3406979126216569,重点词,0.3824328950226452,重点词,0.31194322557817517,重点词,True,稳定词
974,4688,495817671,9630806627,2.48,5,9,0.6667, 00:10:38,638.0,False,True,False,638.0,1.8,0.33330000000000004,0.496,2.48,5.0,1.8,0.33330000000000004,638.0,1.791759469228055,1.0296194171811581,0.33330000000000004,6.459904454377535,0.36082047538992007,0.022289576206115127,0.012582592485008834,黄金词,0.36082047538992007,黄金词,0.2664669740662863,潜力词,0.3799262429807136,黄金词,False,边界敏感词
975,4718,495817671,9630806627,1.41,1,0,0.0,0,,False,True,True,101.5,0.0,1.0,1.41,1.41,1.0,0.0,1.0,101.5,0.6931471805599453,0.0,1.0,4.629862798578463,0.41253711607614935,0.02541854080197301,0.017849794096386054,黄金词,0.41253711607614935,黄金词,0.30134224076535654,黄金词,0.4806028565846138,黄金词,True,稳定词
976,4721,495817671,9630806627,18.53,32,59,0.72, 00:03:11,191.0,False,True,False,191.0,1.84375,0.28,0.5790625,18.53,32.0,1.84375,0.28,191.0,3.4965075614664802,1.0451236037171234,0.28,5.2574953720277815,0.3763351021691536,0.02041942237409172,0.012321593586742396,重点词,0.3763351021691536,重点词,0.344310416509237,重点词,0.3732395141744361,重点词,True,稳定词
977,4735,495817671,9630806627,8.0,12,12,0.9, 00:00:54,54.0,False,True,False,54.0,1.0,0.09999999999999998,0.6666666666666666,8.0,12.0,1.0,0.09999999999999998,54.0,2.5649493574615367,0.6931471805599453,0.09999999999999998,4.007333185232471,0.24347525882717705,0.024874283087899785,0.008005385922445804,潜力词,0.24347525882717705,潜力词,0.22607282189953398,潜力词,0.23421853467165324,潜力词,True,稳定词
978,4751,495817671,9630806627,453.98,133,230,0.7905, 00:03:00,180.0,False,True,False,180.0,1.7293233082706767,0.20950000000000002,3.4133834586466167,453.98,133.0,1.7293233082706767,0.20950000000000002,180.0,4.897839799950911,1.004053706043097,0.20950000000000002,5.198497031265826,0.4058821854936409,0.01963489565841169,0.013413929303563136,重点词,0.4058821854936409,重点词,0.4357733540875307,重点词,0.37791862279749006,重点词,True,稳定词
979,4760,495817671,9630806627,2556.38,436,1281,0.7647, 00:04:02,242.0,False,True,False,242.0,2.938073394495413,0.23529999999999995,5.863256880733945,2556.38,436.0,2.938073394495413,0.23529999999999995,242.0,6.07993319509559,1.3706916175484412,0.23529999999999995,5.493061443340548,0.4965385487880066,0.01689673960896591,0.01666439912030528,重点词,0.4965385487880066,重点词,0.5448914924677573,重点词,0.4568731536301517,重点词,True,稳定词
980,4762,495817671,9630806627,3.14,7,5,1.0, 00:04:53,293.0,False,True,False,293.0,0.7142857142857143,0.0,0.44857142857142857,3.14,7.0,0.7142857142857143,0.0,293.0,2.0794415416798357,0.538996500732687,0.0,5.683579767338681,0.24715048620959923,0.026708855708025295,0.008768162233519462,潜力词,0.24715048620959923,潜力词,0.20811759869013138,潜力词,0.23926388272559335,潜力词,True,稳定词
982,4776,495817671,9630806627,17.93,25,29,0.9, 00:00:44,44.0,False,True,False,44.0,1.16,0.09999999999999998,0.7172,17.93,25.0,1.16,0.09999999999999998,44.0,3.258096538021482,0.7701082216960736,0.09999999999999998,3.8066624897703196,0.27242546032871995,0.023838076760186004,0.008925682085685796,问题词,0.27242546032871995,问题词,0.278338593416034,重点词,0.2547655599515321,问题词,False,边界敏感词
983,4782,495817671,9630806627,42.62,45,50,0.8857, 00:01:16,76.0,False,True,False,76.0,1.1111111111111112,0.11429999999999996,0.947111111111111,42.62,45.0,1.1111111111111112,0.11429999999999996,76.0,3.828641396489095,0.7472144018302211,0.11429999999999996,4.343805421853684,0.30484826733533904,0.022948846510886096,0.010063869177699476,问题词,0.30484826733533904,问题词,0.32626932543785303,重点词,0.2814313050755614,问题词,False,边界敏感词
984,4804,495817671,9630806627,24.55,27,65,0.619, 00:01:36,96.0,False,True,False,96.0,2.4074074074074074,0.381,0.9092592592592593,24.55,27.0,2.4074074074074074,0.381,96.0,3.332204510175204,1.2259517110447113,0.381,4.574710978503383,0.40496223874545634,0.019291899752091047,0.013129403580687544,重点词,0.40496223874545634,重点词,0.35036757971881777,重点词,0.4152898698327172,重点词,True,稳定词
985,4807,495817671,9630806627,0.31,1,6,0.0, 00:01:57,117.0,False,True,False,117.0,6.0,1.0,0.31,0.31,1.0,6.0,1.0,117.0,0.6931471805599453,1.9459101490553132,1.0,4.770684624465665,0.5316610148908607,0.01950622574846019,0.02214357571727634,黄金词,0.5316610148908607,黄金词,0.36793180605288905,黄金词,0.6095368357868308,黄金词,True,稳定词
986,4828,495817671,9630806627,159.62,47,88,0.7857, 00:03:21,201.0,False,True,False,201.0,1.872340425531915,0.21430000000000005,3.3961702127659574,159.62,47.0,1.872340425531915,0.21430000000000005,201.0,3.871201010907891,1.055127176728371,0.21430000000000005,5.308267697401205,0.37641555698156176,0.020582164925582264,0.012424054450185077,重点词,0.37641555698156176,重点词,0.36449688421029247,重点词,0.36223752883238747,重点词,True,稳定词
988,4832,495817671,9630806627,171.45,73,180,0.7231, 00:02:42,162.0,False,True,False,162.0,2.4657534246575343,0.27690000000000003,2.3486301369863014,171.45,73.0,2.4657534246575343,0.27690000000000003,162.0,4.30406509320417,1.2429300475791292,0.27690000000000003,5.093750200806762,0.42315030513446455,0.018834984842942548,0.013816475339129688,重点词,0.42315030513446455,重点词,0.4116776207252006,重点词,0.4095680186354901,重点词,True,稳定词
989,4843,495817671,9630806627,12.41,21,22,0.9444, 00:00:46,46.0,False,True,False,46.0,1.0476190476190477,0.05559999999999998,0.590952380952381,12.41,21.0,1.0476190476190477,0.05559999999999998,46.0,3.091042453358316,0.7166776779701395,0.05559999999999998,3.8501476017100584,0.25476147990995235,0.024673521781913916,0.00843469943420438,问题词,0.25476147990995235,问题词,0.26019436173264837,问题词,0.23651068768238281,问题词,True,稳定词
990,4854,495817671,9630806627,7.17,12,10,1.0, 00:00:58,58.0,False,True,False,58.0,0.8333333333333334,0.0,0.5975,7.17,12.0,0.8333333333333334,0.0,58.0,2.5649493574615367,0.6061358035703155,0.0,4.07753744390572,0.22411262780309663,0.026193222168547716,0.007565829862911876,潜力词,0.22411262780309663,潜力词,0.21615372407780548,潜力词,0.21016900285230355,潜力词,True,稳定词
992,4887,495817671,9630806627,167.05,190,239,0.8592, 00:02:08,128.0,False,True,False,128.0,1.2578947368421052,0.14080000000000004,0.8792105263157896,167.05,190.0,1.2578947368421052,0.14080000000000004,128.0,5.25227342804663,0.8144328467675308,0.14080000000000004,4.859812404361672,0.3814074850135301,0.02081437536587003,0.012833583284785951,重点词,0.3814074850135301,重点词,0.44234201995270306,重点词,0.34285333303754184,重点词,True,稳定词
993,4923,495817671,9630806627,2.4,3,14,0.3333, 00:04:04,244.0,False,True,False,244.0,4.666666666666667,0.6667000000000001,0.7999999999999999,2.4,3.0,4.666666666666667,0.6667000000000001,244.0,1.3862943611198906,1.7346010553881064,0.6667000000000001,5.501258210544727,0.48113480158003213,0.01912015502416593,0.017729791903070724,黄金词,0.48113480158003213,黄金词,0.3340236561820187,黄金词,0.5388417969362256,黄金词,True,稳定词
994,4927,495817671,9630806627,150.07,36,45,0.72, 00:03:13,193.0,False,True,False,193.0,1.25,0.28,4.168611111111111,150.07,36.0,1.25,0.28,193.0,3.6109179126442243,0.8109302162163288,0.28,5.267858159063328,0.3559645136276087,0.0210580546970541,0.011638986293134456,重点词,0.3559645136276087,重点词,0.33984583930396434,重点词,0.35132053184355255,重点词,True,稳定词
995,4931,495817671,9630806627,1.62,3,2,1.0, 00:01:02,62.0,False,True,False,62.0,0.6666666666666666,0.0,0.54,1.62,3.0,0.6666666666666666,0.0,62.0,1.3862943611198906,0.5108256237659907,0.0,4.143134726391533,0.18504991980418584,0.027952796847100628,0.006347214314790663,潜力词,0.18504991980418584,潜力词,0.14236517770967538,潜力词,0.18212173638273033,潜力词,True,稳定词
997,4995,495817671,9630806627,182.38,142,50,0.8537, 00:01:45,105.0,False,True,False,105.0,0.352112676056338,0.14629999999999999,1.2843661971830986,182.38,142.0,0.352112676056338,0.14629999999999999,105.0,4.962844630259907,0.3016683144265208,0.14629999999999999,4.663439094112067,0.32618062254184366,0.023083229505099362,0.011174065962086591,重点词,0.32618062254184366,重点词,0.39842105237429865,重点词,0.2907562289164965,问题词,False,边界敏感词
998,5009,495817671,9630806627,2.96,5,8,0.75, 00:01:00,60.0,False,True,False,60.0,1.6,0.25,0.592,2.96,5.0,1.6,0.25,60.0,1.791759469228055,0.9555114450274363,0.25,4.110873864173311,0.28621961118959255,0.023639676082577603,0.009479300640747187,潜力词,0.28621961118959255,潜力词,0.21664081131816298,潜力词,0.2982082280426749,潜力词,True,稳定词
999,5027,495817671,9630806627,0.1,1,1,1.0, 00:02:00,120.0,False,True,False,120.0,1.0,0.0,0.1,0.15,1.0,1.0,0.0,120.0,0.6931471805599453,0.6931471805599453,0.0,4.795790545596741,0.21401869481923805,0.028205532455741852,0.007680222421411457,潜力词,0.21401869481923805,潜力词,0.15108856472007434,潜力词,0.21433632984851855,潜力词,True,稳定词
1001,5048,495817671,9630806627,2.15,3,1,1.0, 00:00:03,3.0,False,True,False,3.0,0.3333333333333333,0.0,0.7166666666666667,2.15,3.0,0.3333333333333333,0.0,3.0,1.3862943611198906,0.2876820724517809,0.0,1.3862943611198906,0.08134037346919784,0.029594663028002056,0.002620383952741429,潜力词,0.08134037346919784,潜力词,0.07907151231465358,潜力词,0.07645506670613189,潜力词,True,稳定词
1002,5050,495817671,9630806627,13.37,21,16,1.0, 00:00:35,35.0,False,True,False,35.0,0.7619047619047619,0.0,0.6366666666666666,13.37,21.0,0.7619047619047619,0.0,35.0,3.091042453358316,0.5663954749208014,0.0,3.58351893845611,0.22764116204598328,0.025851767966494976,0.007619420160226623,问题词,0.22764116204598328,问题词,0.24669771577484909,问题词,0.20644532651009204,问题词,True,稳定词
1003,5061,495817671,9630806627,1.26,1,1,1.0, 00:02:00,120.0,False,True,False,120.0,1.0,0.0,1.26,1.26,1.0,1.0,0.0,120.0,0.6931471805599453,0.6931471805599453,0.0,4.795790545596741,0.21401869481923805,0.028205532455741852,0.007680222421411457,潜力词,0.21401869481923805,潜力词,0.15108856472007434,潜力词,0.21433632984851855,潜力词,True,稳定词
1005,5082,495817671,9630806627,0.74,1,0,0.0,0,,False,True,True,101.5,0.0,1.0,0.74,0.74,1.0,0.0,1.0,101.5,0.6931471805599453,0.0,1.0,4.629862798578463,0.41253711607614935,0.02541854080197301,0.017849794096386054,黄金词,0.41253711607614935,黄金词,0.30134224076535654,黄金词,0.4806028565846138,黄金词,True,稳定词
1008,5194,495817671,9630806627,1244.51,197,219,0.9338, 00:01:58,118.0,False,True,False,118.0,1.1116751269035532,0.06620000000000004,6.3173096446700505,1244.51,197.0,1.1116751269035532,0.06620000000000004,118.0,5.288267030694535,0.7474815315232747,0.06620000000000004,4.77912349311153,0.36258115261451224,0.021928953803596034,0.012473784511316387,重点词,0.36258115261451224,重点词,0.43351583629388274,重点词,0.31926091799905704,重点词,True,稳定词
1009,5199,495817671,9630806627,2.75,2,3,0.5, 00:00:04,4.0,False,True,False,4.0,1.5,0.5,1.375,2.75,2.0,1.5,0.5,4.0,1.0986122886681098,0.9162907318741551,0.5,1.6094379124341003,0.3058541784846604,0.023924472044016137,0.010541588692023951,潜力词,0.3058541784846604,潜力词,0.21306402835607738,潜力词,0.3507615655591433,黄金词,False,边界敏感词
1010,5210,495817671,9630806627,12400.94,6640,12836,0.408, 00:06:19,379.0,False,True,False,379.0,1.933132530120482,0.5920000000000001,1.8676114457831325,12400.94,6640.0,1.933132530120482,0.5920000000000001,379.0,8.801017833540714,1.076070974832112,0.5920000000000001,5.940171252720432,0.6512357126307504,0.011970539884873524,0.02235218270569915,重点词,0.6512357126307504,重点词,0.7480690965138496,重点词,0.6218310352332325,重点词,True,稳定词
1013,5273,495817671,9630806627,0.36,1,1,1.0, 00:00:01,1.0,False,True,False,1.0,1.0,0.0,0.36,0.36,1.0,1.0,0.0,1.0,0.6931471805599453,0.6931471805599453,0.0,0.6931471805599453,0.1354663103126751,0.029570784147216124,0.004633532584397842,潜力词,0.1354663103126751,潜力词,0.09516320728013836,潜力词,0.13566748995043118,潜力词,True,稳定词
1017,5284,495817671,9630806627,0.91,1,1,1.0, 00:00:04,4.0,False,True,False,4.0,1.0,0.0,0.91,0.91,1.0,1.0,0.0,4.0,0.6931471805599453,0.6931471805599453,0.0,1.6094379124341003,0.1421321122428281,0.029160018973752585,0.004831250999050757,潜力词,0.1421321122428281,潜力词,0.09938094953804383,潜力词,0.14234751798888284,潜力词,True,稳定词
1018,5288,495817671,9630806627,41.91,24,24,0.9375, 00:01:01,61.0,False,True,False,61.0,1.0,0.0625,1.7462499999999999,41.91,24.0,1.0,0.0625,61.0,3.2188758248682006,0.6931471805599453,0.0625,4.127134385045092,0.26375126850735736,0.02444868011482902,0.008758412908289263,问题词,0.26375126850735736,问题词,0.2717498244565238,问题词,0.24452135102771969,问题词,True,稳定词
1019,5304,495817671,9630806627,299.99,77,371,0.5352, 00:04:53,293.0,False,True,False,293.0,4.818181818181818,0.4648,3.8959740259740263,299.99,77.0,4.818181818181818,0.4648,293.0,4.356708826689592,1.7609878105613013,0.4648,5.683579767338681,0.5362316394982148,0.015326519903649603,0.017721271211437916,重点词,0.5362316394982148,重点词,0.4723320214545478,重点词,0.5436007092699411,重点词,True,稳定词
1021,5345,495817671,9630806627,140.22,49,122,0.7429, 00:04:06,246.0,False,True,False,246.0,2.489795918367347,0.2571,2.8616326530612244,140.22,49.0,2.489795918367347,0.2571,246.0,3.912023005428146,1.2498432583920334,0.2571,5.5093883366279774,0.41189788999406696,0.019446854042660555,0.013620284659603864,重点词,0.41189788999406696,重点词,0.3849988160753767,重点词,0.40156306297741323,重点词,True,稳定词
1023,5428,495817671,9630806627,3.11,4,3,1.0, 00:00:07,7.0,False,True,False,7.0,0.75,0.0,0.7775,3.11,4.0,0.75,0.0,7.0,1.6094379124341003,0.5596157879354227,0.0,2.0794415416798357,0.1426117754085243,0.028162331007395947,0.0046843190860487134,潜力词,0.1426117754085243,潜力词,0.12366204275799211,潜力词,0.1372583438651469,潜力词,True,稳定词
1025,5486,495817671,9630806627,1121.76,52,93,0.7955, 00:03:54,234.0,False,True,False,234.0,1.7884615384615385,0.20450000000000002,21.572307692307692,1121.76,52.0,1.7884615384615385,0.20450000000000002,234.0,3.970291913552122,1.025490023839147,0.20450000000000002,5.459585514144159,0.37737213257530733,0.020633174683051703,0.012505680422156546,重点词,0.37737213257530733,重点词,0.37038267337020175,重点词,0.3611510257132651,重点词,True,稳定词
1026,5493,495817671,9630806627,6217.86,3852,3190,0.8329, 00:02:33,153.0,False,True,False,153.0,0.828141225337487,0.16710000000000003,1.6141900311526478,6217.86,3852.0,0.828141225337487,0.16710000000000003,153.0,8.256607344626158,0.6032997267969817,0.16710000000000003,5.0369526024136295,0.4786532775488169,0.01936090757764688,0.0177754294201555,重点词,0.4786532775488169,重点词,0.619207109540513,重点词,0.4144568795187896,重点词,True,稳定词
1027,5501,495817671,9630806627,0.59,1,1,1.0, 00:00:02,2.0,False,True,False,2.0,1.0,0.0,0.59,0.59,1.0,1.0,0.0,2.0,0.6931471805599453,0.6931471805599453,0.0,1.0986122886681098,0.13721737004141432,0.02938187074738171,0.004672907046176866,潜力词,0.13721737004141432,潜力词,0.09614406329892622,潜力词,0.13742336656649506,潜力词,True,稳定词
1028,5527,495817671,9630806627,13.68,35,47,0.9643, 00:01:30,90.0,False,True,False,90.0,1.3428571428571427,0.035699999999999954,0.39085714285714285,13.68,35.0,1.3428571428571427,0.035699999999999954,90.0,3.58351893845611,0.8513711857748394,0.035699999999999954,4.51085950651685,0.2982397553072846,0.023729912352231687,0.010084930440155999,问题词,0.2982397553072846,问题词,0.30898112192186367,重点词,0.27444533361545503,问题词,False,边界敏感词
1031,5602,495817671,9630806627,1.5,1,1,1.0, 00:08:44,524.0,False,True,False,524.0,1.0,0.0,1.5,1.5,1.0,1.0,0.0,524.0,0.6931471805599453,0.6931471805599453,0.0,6.263398262591624,0.25354045566066136,0.02802777822207381,0.009519840312136334,潜力词,0.25354045566066136,潜力词,0.18113628951113192,潜力词,0.2539023567350446,潜力词,True,稳定词
1032,5621,495817671,9630806627,200.67,223,215,0.9398, 00:01:03,63.0,False,True,False,63.0,0.9641255605381166,0.06020000000000003,0.8998654708520178,200.67,223.0,0.9641255605381166,0.06020000000000003,63.0,5.4116460518550396,0.6750471389163274,0.06020000000000003,4.1588830833596715,0.3507433911571384,0.022317043472641997,0.012056181487542198,重点词,0.3507433911571384,重点词,0.43436604796898587,重点词,0.30428527939760325,问题词,False,边界敏感词
1033,5626,495817671,9630806627,1662.23,1045,802,0.868, 00:02:17,137.0,False,True,False,137.0,0.7674641148325358,0.132,1.5906507177033493,1662.23,1045.0,0.7674641148325358,0.132,137.0,6.952728644624869,0.5695458158003286,0.132,4.927253685157205,0.42476536987611613,0.020557778006346703,0.015180296389346981,重点词,0.42476536987611613,重点词,0.5439281431810635,重点词,0.3679331095453559,重点词,True,稳定词
1034,5630,495817671,9630806627,5131.63,5913,4780,0.9174, 00:01:31,91.0,False,True,False,91.0,0.8083882969727718,0.0826,0.8678555724674446,5131.63,5913.0,0.8083882969727718,0.0826,91.0,8.685077700412423,0.5924360049358267,0.0826,4.5217885770490405,0.46976987243012536,0.020475954150056867,0.018141153942048873,重点词,0.46976987243012536,重点词,0.6212421112126367,重点词,0.3985643524878981,重点词,True,稳定词
1035,5653,495817671,9630806627,13.05,16,26,0.9286, 00:01:12,72.0,False,True,False,72.0,1.625,0.07140000000000002,0.815625,13.05,16.0,1.625,0.07140000000000002,72.0,2.833213344056216,0.965080896043587,0.07140000000000002,4.290459441148391,0.2859502750973005,0.023938884299075234,0.009586630051255594,问题词,0.2859502750973005,问题词,0.2629102202386825,问题词,0.2728127118358976,问题词,True,稳定词
1036,5655,495817671,9630806627,3.04,5,4,1.0, 00:01:03,63.0,False,True,False,63.0,0.8,0.0,0.608,3.04,5.0,0.8,0.0,63.0,1.791759469228055,0.5877866649021191,0.0,4.1588830833596715,0.20221391160460028,0.027184915372317837,0.006890528869879096,潜力词,0.20221391160460028,潜力词,0.16756985659344634,潜力词,0.19617711948143704,潜力词,True,稳定词
1039,5679,495817671,9630806627,28.92,27,42,0.8261, 00:01:49,109.0,False,True,False,109.0,1.5555555555555556,0.17390000000000005,1.0711111111111111,28.92,27.0,1.5555555555555556,0.17390000000000005,109.0,3.332204510175204,0.9382696385929303,0.17390000000000005,4.700480365792417,0.325047130889794,0.02218287967215677,0.010682940576004525,重点词,0.325047130889794,重点词,0.30907704117547313,重点词,0.31341523392023757,重点词,True,稳定词
1041,5702,495817671,9630806627,924.69,93,107,0.8919, 00:01:36,96.0,False,True,False,96.0,1.1505376344086022,0.10809999999999997,9.942903225806452,924.69,93.0,1.1505376344086022,0.10809999999999997,96.0,4.543294782270004,0.7657178733947808,0.10809999999999997,4.574710978503383,0.33812789431738005,0.022129659858019547,0.011305288779370428,重点词,0.33812789431738005,重点词,0.3823107023251318,重点词,0.3056177636619636,问题词,False,边界敏感词
1042,5713,495817671,9630806627,42.48,38,52,0.875, 00:01:00,60.0,False,True,False,60.0,1.368421052631579,0.125,1.1178947368421053,42.48,38.0,1.368421052631579,0.125,60.0,3.6635616461296463,0.8622235106038794,0.125,4.110873864173311,0.3080921221715903,0.022704689201117855,0.010109923738942532,问题词,0.3080921221715903,问题词,0.31865895987210735,重点词,0.28768342752235493,问题词,False,边界敏感词
1044,5723,495817671,9630806627,16.57,18,13,1.0, 00:01:33,93.0,False,True,False,93.0,0.7222222222222222,0.0,0.9205555555555556,16.57,18.0,0.7222222222222222,0.0,93.0,2.9444389791664403,0.5436154465889815,0.0,4.543294782270004,0.24237662744196714,0.025846128694179737,0.00826861700976165,问题词,0.24237662744196714,问题词,0.24577996895312265,问题词,0.22448432013114136,问题词,True,稳定词
1045,5734,495817671,9630806627,4.55,4,7,0.75, 00:01:33,93.0,False,True,False,93.0,1.75,0.25,1.1375,4.55,4.0,1.75,0.25,93.0,1.6094379124341003,1.0116009116784799,0.25,4.543294782270004,0.29747681657506764,0.02363836334101448,0.010009442025027708,潜力词,0.29747681657506764,潜力词,0.21865361772569342,潜力词,0.3105605997904404,黄金词,False,边界敏感词
1046,5742,495817671,9630806627,1.27,1,1,1.0, 00:00:04,4.0,False,True,False,4.0,1.0,0.0,1.27,1.27,1.0,1.0,0.0,4.0,0.6931471805599453,0.6931471805599453,0.0,1.6094379124341003,0.1421321122428281,0.029160018973752585,0.004831250999050757,潜力词,0.1421321122428281,潜力词,0.09938094953804383,潜力词,0.14234751798888284,潜力词,True,稳定词
1047,5767,495817671,9630806627,18.66,14,12,0.9091, 00:00:48,48.0,False,True,False,48.0,0.8571428571428571,0.09089999999999998,1.332857142857143,18.66,14.0,0.8571428571428571,0.09089999999999998,48.0,2.70805020110221,0.6190392084062234,0.09089999999999998,3.8918202981106265,0.23606689535571812,0.02506626788726941,0.007745856282871478,问题词,0.23606689535571812,问题词,0.2297582303456672,问题词,0.22419686677708103,问题词,True,稳定词
1048,5783,495817671,9630806627,170.77,117,128,0.8571, 00:02:09,129.0,False,True,False,129.0,1.0940170940170941,0.14290000000000003,1.4595726495726498,170.77,117.0,1.0940170940170941,0.14290000000000003,129.0,4.770684624465665,0.7390842757469709,0.14290000000000003,4.867534450455582,0.35599752160899667,0.021528476401000217,0.011900706130700066,重点词,0.35599752160899667,重点词,0.4037082084796321,重点词,0.32337570439567365,重点词,True,稳定词
1050,5795,495817671,9630806627,1.29,1,1,1.0, 00:00:01,1.0,False,True,False,1.0,1.0,0.0,1.29,1.29,1.0,1.0,0.0,1.0,0.6931471805599453,0.6931471805599453,0.0,0.6931471805599453,0.1354663103126751,0.029570784147216124,0.004633532584397842,潜力词,0.1354663103126751,潜力词,0.09516320728013836,潜力词,0.13566748995043118,潜力词,True,稳定词
1051,5813,495817671,9630806627,2.31,3,3,1.0, 00:00:43,43.0,False,True,False,43.0,1.0,0.0,0.77,2.31,3.0,1.0,0.0,43.0,1.3862943611198906,0.6931471805599453,0.0,3.784189633918261,0.19593548827908014,0.027486668232763804,0.006697987142629835,潜力词,0.19593548827908014,潜力词,0.14915730442963335,潜力词,0.19297421546239976,潜力词,True,稳定词
1053,5832,495817671,9630806627,5.52,8,6,1.0, 00:00:25,25.0,False,True,False,25.0,0.75,0.0,0.69,5.52,8.0,0.75,0.0,25.0,2.1972245773362196,0.5596157879354227,0.0,3.258096538021482,0.18683153723884555,0.02701771422657223,0.006207521949991014,潜力词,0.18683153723884555,潜力词,0.17714535239123214,潜力词,0.17606034939526743,潜力词,True,稳定词
1055,5834,495817671,9630806627,1229.83,157,191,0.8879, 00:02:40,160.0,False,True,False,160.0,1.21656050955414,0.11209999999999998,7.833312101910828,1229.83,157.0,1.21656050955414,0.11209999999999998,160.0,5.062595033026967,0.7959566744261662,0.11209999999999998,5.081404364984463,0.3706956959563232,0.021348477438615447,0.012575456183700534,重点词,0.3706956959563232,重点词,0.42624321258755193,重点词,0.333034226712736,重点词,True,稳定词
1057,5870,495817671,9630806627,7.27,11,10,1.0, 00:00:28,28.0,False,True,False,28.0,0.9090909090909091,0.0,0.6609090909090909,7.27,11.0,0.9090909090909091,0.0,28.0,2.4849066497880004,0.6466271649250523,0.0,3.367295829986474,0.20920875755097562,0.026361337671227277,0.006974056369794326,潜力词,0.20920875755097562,潜力词,0.20403495186662302,潜力词,0.19555259216740178,潜力词,True,稳定词
1058,5895,495817671,9630806627,40.9,33,22,0.95, 00:00:46,46.0,False,True,False,46.0,0.6666666666666666,0.050000000000000044,1.2393939393939393,40.9,33.0,0.6666666666666666,0.050000000000000044,46.0,3.5263605246161616,0.5108256237659907,0.050000000000000044,3.8501476017100584,0.2506969209084369,0.02493969374182706,0.008344159531621837,问题词,0.2506969209084369,问题词,0.28278958402285914,重点词,0.22571427741115496,问题词,False,边界敏感词
1062,5980,495817671,9630806627,9.57,8,6,1.0, 00:00:43,43.0,False,True,False,43.0,0.75,0.0,1.19625,9.57,8.0,0.75,0.0,43.0,2.1972245773362196,0.5596157879354227,0.0,3.784189633918261,0.20010927492149938,0.02686379457884148,0.006720536051076862,问题词,0.20010927492149938,问题词,0.18443981206109272,问题词,0.1898454513942835,问题词,True,稳定词
1063,6004,495817671,9630806627,42.67,39,74,0.8065, 00:02:06,126.0,False,True,False,126.0,1.8974358974358974,0.1935,1.0941025641025641,42.67,39.0,1.8974358974358974,0.1935,126.0,3.6888794541139363,1.063826172582694,0.1935,4.844187086458591,0.35822339276720216,0.021106160128381984,0.01178092221540613,重点词,0.35822339276720216,重点词,0.34529475738325777,重点词,0.34419267021091027,重点词,True,稳定词
1066,6091,495817671,9630806627,6.28,7,45,0.5, 00:07:46,466.0,False,True,False,466.0,6.428571428571429,0.5,0.8971428571428571,6.28,7.0,6.428571428571429,0.5,466.0,2.0794415416798357,2.005333569526114,0.5,6.1463292576688975,0.49519891027206414,0.01838828709590919,0.018038510448881405,黄金词,0.49519891027206414,黄金词,0.3605975477683568,黄金词,0.5301769482136263,黄金词,True,稳定词
1068,6119,495817671,9630806627,1007.59,169,182,0.8915, 00:01:26,86.0,False,True,False,86.0,1.0769230769230769,0.10850000000000004,5.96207100591716,1007.59,169.0,1.0769230769230769,0.10850000000000004,86.0,5.135798437050262,0.7308875085427923,0.10850000000000004,4.465908118654584,0.3569407014123482,0.021701206719976614,0.012045613779530779,重点词,0.3569407014123482,重点词,0.42381768288059635,重点词,0.31682383957620386,重点词,True,稳定词
1069,6133,495817671,9630806627,76.35,40,98,0.575, 00:02:53,173.0,False,True,False,173.0,2.45,0.42500000000000004,1.90875,76.35,40.0,2.45,0.42500000000000004,173.0,3.713572066704308,1.2383742310432684,0.42500000000000004,5.159055299214529,0.44041560457748913,0.01815276191676645,0.014286959535902569,重点词,0.44041560457748913,重点词,0.3885062764156534,重点词,0.4511884286007249,重点词,True,稳定词
1070,6148,495817671,9630806627,12.03,14,19,0.8462, 00:00:51,51.0,False,True,False,51.0,1.3571428571428572,0.15380000000000005,0.8592857142857142,12.03,14.0,1.3571428571428572,0.15380000000000005,51.0,2.70805020110221,0.8574502318512216,0.15380000000000005,3.9512437185814275,0.2756966817708863,0.023638129573868454,0.008997548019964097,问题词,0.2756966817708863,问题词,0.25037740357875166,问题词,0.26925931355777194,问题词,True,稳定词
1071,6154,495817671,9630806627,4.51,6,5,1.0, 00:00:34,34.0,False,True,False,34.0,0.8333333333333334,0.0,0.7516666666666666,4.51,6.0,0.8333333333333334,0.0,34.0,1.9459101490553132,0.6061358035703155,0.0,3.5553480614894135,0.19215903840323398,0.027091688211608154,0.006444229746871124,潜力词,0.19215903840323398,潜力词,0.16789052649665154,潜力词,0.18441299026048502,潜力词,True,稳定词
1072,6157,495817671,9630806627,6.75,7,17,0.6, 00:06:06,366.0,False,True,False,366.0,2.4285714285714284,0.4,0.9642857142857143,6.75,7.0,2.4285714285714284,0.4,366.0,2.0794415416798357,1.2321436812926323,0.4,5.905361848054571,0.3940823190845268,0.020755960059562963,0.013499452372375067,黄金词,0.3940823190845268,黄金词,0.2940967574733568,黄金词,0.41865760172483835,黄金词,True,稳定词
1073,6159,495817671,9630806627,2951.62,1910,1493,0.8262, 00:02:48,168.0,False,True,False,168.0,0.7816753926701571,0.17379999999999995,1.5453507853403141,2951.62,1910.0,0.7816753926701571,0.17379999999999995,168.0,7.555381944240273,0.5775541534602301,0.17379999999999995,5.1298987149230735,0.45666725978232436,0.019655435667996334,0.016520252290954503,重点词,0.45666725978232436,重点词,0.5850297384141782,重点词,0.3978515694548486,重点词,True,稳定词
1075,6209,495817671,9630806627,7.2,4,3,1.0, 00:00:02,2.0,False,True,False,2.0,0.75,0.0,1.8,7.2,4.0,0.75,0.0,2.0,1.6094379124341003,0.5596157879354227,0.0,1.0986122886681098,0.1293255455357127,0.02858367948227066,0.004245674055909994,潜力词,0.1293255455357127,潜力词,0.11622432296060524,潜力词,0.12368025112499985,潜力词,True,稳定词
1077,6250,495817671,9630806627,3.0,3,3,1.0, 00:01:20,80.0,False,True,False,80.0,1.0,0.0,1.0,3.0,3.0,1.0,0.0,80.0,1.3862943611198906,0.6931471805599453,0.0,4.394449154672439,0.21200320478538465,0.027339392295920716,0.007355409081380164,潜力词,0.21200320478538465,潜力词,0.16032939408227437,潜力词,0.20908501046294395,潜力词,True,稳定词
1078,6256,495817671,9630806627,127.35,41,59,0.8235, 00:02:05,125.0,False,True,False,125.0,1.4390243902439024,0.1765,3.1060975609756096,127.35,41.0,1.4390243902439024,0.1765,125.0,3.7376696182833684,0.8915981192837835,0.1765,4.836281906951478,0.33753376679399694,0.021775361504039845,0.011094784040825223,重点词,0.33753376679399694,重点词,0.3374438793959661,重点词,0.32106177468124814,重点词,True,稳定词
1080,6261,495817671,9630806627,136.68,48,89,0.619, 00:10:35,635.0,False,True,False,635.0,1.8541666666666667,0.381,2.8475,136.68,48.0,1.8541666666666667,0.381,635.0,3.8918202981106265,1.0487799149202341,0.381,6.455198563340122,0.4356337279793276,0.018731286236602536,0.014458660018577681,重点词,0.4356337279793276,重点词,0.39640281572221386,重点词,0.438768695041265,重点词,True,稳定词
1081,6270,495817671,9630806627,0.9,2,1,1.0, 00:00:05,5.0,False,True,False,5.0,0.5,0.0,0.45,0.9,2.0,0.5,0.0,5.0,1.0986122886681098,0.4054651081081644,0.0,1.791759469228055,0.10033409563811307,0.029405195386588485,0.003279377013034615,潜力词,0.10033409563811307,潜力词,0.0773291653426643,潜力词,0.09881855409387812,潜力词,True,稳定词
1082,6280,495817671,9630806627,3.71,4,4,1.0, 00:00:24,24.0,False,True,False,24.0,1.0,0.0,0.9275,3.71,4.0,1.0,0.0,24.0,1.6094379124341003,0.6931471805599453,0.0,3.2188758248682006,0.18652946697180312,0.027358079322430864,0.006273230247675674,潜力词,0.18652946697180312,潜力词,0.15028812146382584,潜力词,0.18182317070227358,潜力词,True,稳定词
1083,6315,495817671,9630806627,20.1,21,16,1.0, 00:01:40,100.0,False,True,False,100.0,0.7619047619047619,0.0,0.9571428571428572,20.1,21.0,0.7619047619047619,0.0,100.0,3.091042453358316,0.5663954749208014,0.0,4.61512051684126,0.2512487959079052,0.025587309553853674,0.008586003843190948,问题词,0.2512487959079052,问题词,0.2582139133146745,问题词,0.23176632747580428,问题词,True,稳定词
1084,6360,495817671,9630806627,31984.96,19838,39158,0.6224, 00:04:33,273.0,False,True,False,273.0,1.9738884968242767,0.37760000000000005,1.6123076923076922,24233.035600000105,16611.160000000033,1.9738884968242767,0.37760000000000005,273.0,9.717890236295883,1.0898703546734538,0.37760000000000005,5.6131281063880705,0.6118176336127689,0.01423062581105354,0.022429014201697024,重点词,0.6118176336127689,重点词,0.7357321257250595,重点词,0.5558118342203586,重点词,True,稳定词
1085,6378,495817671,9630806627,1.85,3,2,1.0, 00:00:05,5.0,False,True,False,5.0,0.6666666666666666,0.0,0.6166666666666667,1.85,3.0,0.6666666666666666,0.0,5.0,1.3862943611198906,0.5108256237659907,0.0,1.791759469228055,0.12377865541642562,0.028709409035983142,0.004055610001104268,潜力词,0.12377865541642562,潜力词,0.10276965062476032,潜力词,0.12023811599578307,潜力词,True,稳定词
1089,6463,495817671,9630806627,127.09,21,177,0.4091, 00:06:41,401.0,False,True,False,401.0,8.428571428571429,0.5909,6.051904761904762,127.09,21.0,8.428571428571429,0.5909,401.0,3.091042453358316,2.243744592971112,0.5909,5.996452088619021,0.5648430597771134,0.01563638712001998,0.020296366502181352,重点词,0.5648430597771134,重点词,0.4353585201106059,重点词,0.6012523183566857,重点词,True,稳定词
1090,6474,495817671,9630806627,23.07,18,34,0.625, 00:04:33,273.0,False,True,False,273.0,1.8888888888888888,0.375,1.2816666666666667,23.07,18.0,1.8888888888888888,0.375,273.0,2.9444389791664403,1.0608719606852626,0.375,5.6131281063880705,0.389855698680518,0.0201835258271731,0.012896396059378559,重点词,0.389855698680518,重点词,0.3245137705194831,重点词,0.4036180221249046,重点词,True,稳定词
1091,6486,495817671,9630806627,186.06,55,295,0.463, 00:04:27,267.0,False,True,False,267.0,5.363636363636363,0.5369999999999999,3.382909090909091,186.06,55.0,5.363636363636363,0.5369999999999999,267.0,4.02535169073515,1.8505999692509885,0.5369999999999999,5.5909869805108565,0.550007285296367,0.015016997526050124,0.01835464835924021,重点词,0.550007285296367,重点词,0.4627932846369059,重点词,0.57056219799248,重点词,True,稳定词
1092,6489,495817671,9630806627,1542.48,551,581,0.8906, 00:01:49,109.0,False,True,False,109.0,1.0544464609800364,0.10940000000000005,2.799419237749546,1542.48,551.0,1.0544464609800364,0.10940000000000005,109.0,6.313548046277095,0.7200064496102138,0.10940000000000005,4.700480365792417,0.40602291426064074,0.020701650573486285,0.014150957499294311,重点词,0.40602291426064074,重点词,0.50703352310226,重点词,0.35333418892437235,重点词,True,稳定词
1094,6504,495817671,9630806627,269.55,136,212,0.814, 00:03:04,184.0,False,True,False,184.0,1.5588235294117647,0.18600000000000005,1.9819852941176472,269.55,136.0,1.5588235294117647,0.18600000000000005,184.0,4.919980925828125,0.9395475940384224,0.18600000000000005,5.220355825078324,0.39553939039698455,0.02009709130602099,0.013150883808883393,重点词,0.39553939039698455,重点词,0.4316678299281948,重点词,0.36526225111994814,重点词,True,稳定词
1096,6510,495817671,9630806627,45.13,28,155,0.3333, 00:08:37,517.0,False,True,False,517.0,5.535714285714286,0.6667000000000001,1.6117857142857144,45.13,28.0,5.535714285714286,0.6667000000000001,517.0,3.367295829986474,1.8772816426662169,0.6667000000000001,6.249975242259483,0.5658499447495887,0.015030912208249581,0.019590555706985337,重点词,0.5658499447495887,重点词,0.4431156619051702,重点词,0.6090234283392335,重点词,True,稳定词
1098,6538,495817671,9630806627,1.11,1,1,1.0, 00:00:09,9.0,False,True,False,9.0,1.0,0.0,1.11,1.11,1.0,1.0,0.0,9.0,0.6931471805599453,0.6931471805599453,0.0,2.302585092994046,0.15302863302248787,0.028888469827167657,0.005219495274720695,潜力词,0.15302863302248787,潜力词,0.10691018880119407,潜力词,0.15326193788480943,潜力词,True,稳定词
1101,6578,495817671,9630806627,9.86,32,3,1.0, 00:00:18,18.0,False,True,False,18.0,0.09375,0.0,0.308125,9.86,32.0,0.09375,0.0,18.0,3.4965075614664802,0.08961215868968714,0.0,2.9444389791664403,0.19857960481282783,0.02736018128604899,0.006779430645912144,问题词,0.19857960481282783,问题词,0.25615164235932536,问题词,0.1689923795525199,问题词,True,稳定词
1102,6596,495817671,9630806627,1.48,3,1,1.0, 00:00:01,1.0,False,True,False,1.0,0.3333333333333333,0.0,0.49333333333333335,1.48,3.0,0.3333333333333333,0.0,1.0,1.3862943611198906,0.2876820724517809,0.0,0.6931471805599453,0.07449864661292284,0.029907162331987012,0.0024073904480117728,潜力词,0.07449864661292284,潜力词,0.07567219880087818,潜力词,0.0692570385425576,潜力词,True,稳定词
1104,6617,495817671,9630806627,17.81,11,19,0.7, 00:05:24,324.0,False,True,False,324.0,1.7272727272727273,0.30000000000000004,1.619090909090909,17.81,11.0,1.7272727272727273,0.30000000000000004,324.0,2.4849066497880004,1.003302108863785,0.30000000000000004,5.783825182329737,0.3549158942033577,0.021683549222430456,0.01192997346024749,重点词,0.3549158942033577,重点词,0.28544970043602946,重点词,0.365086014770899,重点词,True,稳定词
1105,434,500635396,9657930100,18.54,7,12,0.7143, 00:00:50,50.0,False,True,False,50.0,1.7142857142857142,0.28569999999999995,2.6485714285714286,18.54,7.0,1.7142857142857142,0.28569999999999995,50.0,2.0794415416798357,0.9985288301111271,0.28569999999999995,3.9318256327243257,0.3041142139897297,0.022826268512866427,0.009975477077795118,问题词,0.3041142139897297,问题词,0.23750010290560142,问题词,0.31747387979213176,重点词,False,边界敏感词
1106,509,500635396,9657930100,2532.96,350,889,0.5478, 00:03:12,192.0,False,True,False,192.0,2.54,0.45220000000000005,7.237028571428572,2532.96,350.0,2.54,0.45220000000000005,192.0,5.860786223465865,1.264126727145683,0.45220000000000005,5.262690188904886,0.5329559462306629,0.014990282920984142,0.01710579623900773,重点词,0.5329559462306629,重点词,0.5530419321558446,重点词,0.5181606062116825,重点词,True,稳定词
1107,797,500635396,9657930100,8332.06,3712,9168,0.6722, 00:03:33,213.0,False,True,False,213.0,2.4698275862068964,0.3278,2.2446282327586204,8332.06,3712.0,2.4698275862068964,0.3278,213.0,8.21959545417708,1.2441049057522533,0.3278,5.365976015021851,0.5761632594713556,0.014631860639913511,0.01989053735150044,重点词,0.5761632594713556,重点词,0.6836808620118655,重点词,0.5226168174708794,重点词,True,稳定词
1108,844,500635396,9657930100,38287.88,15931,48781,0.5177, 00:03:49,229.0,False,True,False,229.0,3.0620174502542215,0.48229999999999995,2.4033569769631535,24233.035600000105,15931.0,3.0620174502542215,0.48229999999999995,229.0,9.676084944301534,1.4016797591248937,0.48229999999999995,5.438079308923196,0.6698934576410107,0.01162254063031461,0.02358591221420718,重点词,0.6698934576410107,重点词,0.7755462456952771,重点词,0.6225402520144031,重点词,True,稳定词
1109,861,500635396,9657930100,4227.49,768,2244,0.5787, 00:03:59,239.0,False,True,False,239.0,2.921875,0.4213,5.504544270833333,4227.49,768.0,2.921875,0.4213,239.0,6.645090969505644,1.366569855772112,0.4213,5.480638923341991,0.5667442239871473,0.014087697828477606,0.018428193726675462,重点词,0.5667442239871473,重点词,0.6123135675672756,重点词,0.5381390074357454,重点词,True,稳定词
1111,998,500635396,9657930100,2.91,1,3,0.0, 00:03:09,189.0,False,True,False,189.0,3.0,1.0,2.91,2.91,1.0,3.0,1.0,189.0,0.6931471805599453,1.3862943611198906,1.0,5.247024072160486,0.49962145730779994,0.020431237580588426,0.020400324601638035,黄金词,0.49962145730779994,黄金词,0.34621904208807036,黄金词,0.5775873034361716,黄金词,True,稳定词
1113,1934,500635396,9657930100,4656.78,2449,5135,0.6731, 00:03:09,189.0,False,True,False,189.0,2.096774193548387,0.32689999999999997,1.9015026541445488,4656.78,2449.0,2.096774193548387,0.32689999999999997,189.0,7.803843303538772,1.13036098698269,0.32689999999999997,5.247024072160486,0.5512668687420061,0.015323753622822197,0.018825170437817278,重点词,0.5512668687420061,重点词,0.6546882820864531,重点词,0.5011318331833942,重点词,True,稳定词
1114,1998,500635396,9657930100,418.66,97,484,0.494, 00:06:09,369.0,False,True,False,369.0,4.989690721649485,0.506,4.316082474226804,418.66,97.0,4.989690721649485,0.506,369.0,4.584967478670572,1.7900397783485285,0.506,5.91350300563827,0.5613820277342626,0.014465496786273738,0.01851422064653085,重点词,0.5613820277342626,重点词,0.4969982752024191,重点词,0.5708558124664709,重点词,True,稳定词
1115,2253,500635396,9657930100,70.6,27,62,0.6364, 00:04:55,295.0,False,True,False,295.0,2.2962962962962963,0.36360000000000003,2.6148148148148147,70.6,27.0,2.2962962962962963,0.36360000000000003,295.0,3.332204510175204,1.1927995037278107,0.36360000000000003,5.69035945432406,0.41479298091978817,0.019303078590149177,0.013681964242194889,重点词,0.41479298091978817,重点词,0.35656128479187305,重点词,0.422844314519523,重点词,True,稳定词
1117,2533,500635396,9657930100,172871.87,59522,156572,0.5621, 00:03:42,222.0,False,True,False,222.0,2.6304895668828334,0.43789999999999996,2.9043357078055174,24233.035600000105,16611.160000000033,2.6304895668828334,0.43789999999999996,222.0,9.717890236295883,1.2893675060929068,0.43789999999999996,5.407171771460119,0.6459107672221075,0.01266591752010244,0.023104493855403346,重点词,0.6459107672221075,重点词,0.7595268484285699,重点词,0.5945250959409286,重点词,True,稳定词
1118,2818,500635396,9657930100,13968.87,6980,12860,0.6439, 00:02:16,136.0,False,True,False,136.0,1.842406876790831,0.35609999999999997,2.0012707736389688,13968.87,6980.0,1.842406876790831,0.35609999999999997,136.0,8.850947451970402,1.0446511850824456,0.35609999999999997,4.919980925828125,0.5760627252654987,0.014993864406445897,0.020374255596297637,重点词,0.5760627252654987,重点词,0.70073869209219,重点词,0.5211910203687318,重点词,True,稳定词
1119,2832,500635396,9657930100,164553.1,74970,173306,0.5672, 00:03:32,212.0,False,True,False,212.0,2.3116713352007467,0.43279999999999996,2.194919301053755,24233.035600000105,16611.160000000033,2.3116713352007467,0.43279999999999996,212.0,9.717890236295883,1.1974529970581032,0.43279999999999996,5.3612921657094255,0.6347351694261738,0.01313994566947323,0.02283380425008663,重点词,0.6347351694261738,重点词,0.7520256107224262,重点词,0.5832113438870424,重点词,True,稳定词
1120,2874,500635396,9657930100,103832.28,39270,110134,0.5535, 00:03:54,234.0,False,True,False,234.0,2.804532722179781,0.4465,2.644061115355233,24233.035600000105,16611.160000000033,2.804532722179781,0.4465,234.0,9.717890236295883,1.3361931775121014,0.4465,5.459585514144159,0.653612481840087,0.012344504487785068,0.023293339951188385,重点词,0.653612481840087,重点词,0.7646817660825328,重点词,0.6028926272612821,重点词,True,稳定词
1121,2992,500635396,9657930100,10.54,3,38,0.0, 00:11:26,686.0,False,True,False,686.0,12.666666666666666,1.0,3.513333333333333,10.54,3.0,11.082051282051294,1.0,686.0,1.3862943611198906,2.4917209862077314,1.0,6.532334292222349,0.5920707704244634,0.017424820280493424,0.025290481828709455,重点词,0.5920707704244634,重点词,0.4219043712255104,重点词,0.6646000000479618,重点词,True,稳定词
1123,3366,500635396,9657930100,513.5,239,700,0.5176, 00:03:56,236.0,False,True,False,236.0,2.928870292887029,0.48240000000000005,2.1485355648535567,513.5,239.0,2.928870292887029,0.48240000000000005,236.0,5.480638923341991,1.3683519272767521,0.48240000000000005,5.4680601411351315,0.5409493220456755,0.01471400020661425,0.017339106156684245,重点词,0.5409493220456755,重点词,0.5356154147648076,重点词,0.5350606580000703,重点词,True,稳定词
1124,3408,500635396,9657930100,12956.21,6733,12890,0.5714, 00:03:49,229.0,False,True,False,229.0,1.9144512104559632,0.4286,1.9242848655874052,12956.21,6733.0,1.9144512104559632,0.4286,229.0,8.814924599721019,1.0696815380840416,0.4286,5.438079308923196,0.602268043052947,0.013875063697005701,0.02101039987878834,重点词,0.602268043052947,重点词,0.7170743561021545,重点词,0.5549300127721118,重点词,True,稳定词
1125,3567,500635396,9657930100,38819.52,16735,32505,0.6115, 00:02:55,175.0,False,True,False,175.0,1.9423364206752316,0.38849999999999996,2.3196605915745443,24233.035600000105,16611.160000000033,1.9423364206752316,0.38849999999999996,175.0,9.717890236295883,1.079203966652963,0.38849999999999996,5.170483995038151,0.6094548946270054,0.014258969319707724,0.022251459625726194,重点词,0.6094548946270054,重点词,0.734851732423995,重点词,0.5540578483075438,重点词,True,稳定词
1126,3587,500635396,9657930100,7.03,6,11,0.3333, 00:01:17,77.0,False,True,False,77.0,1.8333333333333333,0.6667000000000001,1.1716666666666666,7.03,6.0,1.8333333333333333,0.6667000000000001,77.0,1.9459101490553132,1.041453874828161,0.6667000000000001,4.356708826689592,0.41935709295371065,0.0201363849941591,0.014543079354406189,黄金词,0.41935709295371065,黄金词,0.3057446255394232,黄金词,0.4745342761006454,黄金词,True,稳定词
1128,4127,500635396,9657930100,20.95,13,14,0.8333, 00:00:46,46.0,False,True,False,46.0,1.0769230769230769,0.16669999999999996,1.6115384615384616,20.95,13.0,1.0769230769230769,0.16669999999999996,46.0,2.6390573296152584,0.7308875085427923,0.16669999999999996,3.8501476017100584,0.2589445290401908,0.02403068098536219,0.008396960300704885,问题词,0.2589445290401908,问题词,0.23780779528118448,问题词,0.2542139217987114,问题词,True,稳定词
1129,4196,500635396,9657930100,657.56,352,563,0.659, 00:02:32,152.0,False,True,False,152.0,1.5994318181818181,0.34099999999999997,1.8680681818181817,657.56,352.0,1.5994318181818181,0.34099999999999997,152.0,5.8664680569332965,0.9552928896774242,0.34099999999999997,5.030437921392435,0.4670771787653756,0.01740006917551365,0.015250191766967363,重点词,0.4670771787653756,重点词,0.5199454887596392,重点词,0.43941006228587043,重点词,True,稳定词
1130,4482,500635396,9657930100,1556.31,396,1005,0.6404, 00:03:17,197.0,False,True,False,197.0,2.537878787878788,0.35960000000000003,3.9300757575757572,1556.31,396.0,2.537878787878788,0.35960000000000003,197.0,5.983936280687191,1.2635273350825265,0.35960000000000003,5.288267030694535,0.5120963044397305,0.015866510816667165,0.016653248638008288,重点词,0.5120963044397305,重点词,0.5490603731451997,重点词,0.48510169696192906,重点词,True,稳定词
1132,4536,500635396,9657930100,48121.97,23315,52173,0.575, 00:03:16,196.0,False,True,False,196.0,2.237743941668454,0.42500000000000004,2.063991850739867,24233.035600000105,16611.160000000033,2.237743941668454,0.42500000000000004,196.0,9.717890236295883,1.1748767729649803,0.42500000000000004,5.2832037287379885,0.6295894736595419,0.0133576665690106,0.022704123307697895,重点词,0.6295894736595419,重点词,0.7485979096438841,重点词,0.5773505305952664,重点词,True,稳定词
1133,4721,500635396,9657930100,72765.96,23486,55320,0.57, 00:03:42,222.0,False,True,False,222.0,2.355445797496381,0.43000000000000005,3.0982696074257006,24233.035600000105,16611.160000000033,2.355445797496381,0.43000000000000005,222.0,9.717890236295883,1.2105846371542588,0.43000000000000005,5.407171771460119,0.6357477488457234,0.013103787137429513,0.022870697840782717,重点词,0.6357477488457234,重点词,0.7526379328139766,重点词,0.583929100982402,重点词,True,稳定词
1134,4766,500635396,9657930100,83.21,22,40,0.625, 00:01:41,101.0,False,True,False,101.0,1.8181818181818181,0.375,3.782272727272727,83.21,22.0,1.8181818181818181,0.375,101.0,3.1354942159291497,1.0360919316867758,0.375,4.624972813284271,0.37622612182149934,0.020198293180610578,0.012182500384506592,重点词,0.37622612182149934,重点词,0.3252005648342842,重点词,0.3882880050344246,重点词,True,稳定词
1135,5166,500635396,9657930100,3.88,1,1,1.0, 00:02:00,120.0,False,True,False,120.0,1.0,0.0,3.88,3.88,1.0,1.0,0.0,120.0,0.6931471805599453,0.6931471805599453,0.0,4.795790545596741,0.21401869481923805,0.028205532455741852,0.007680222421411457,潜力词,0.21401869481923805,潜力词,0.15108856472007434,潜力词,0.21433632984851855,潜力词,True,稳定词
1136,5331,500635396,9657930100,4160.45,2130,3953,0.7037, 00:02:32,152.0,False,True,False,152.0,1.8558685446009389,0.2963,1.953262910798122,4160.45,2130.0,1.8558685446009389,0.2963,152.0,7.664346632098617,1.0493760156172345,0.2963,5.030437921392435,0.5285165175537954,0.016161691070942653,0.01811669125348304,重点词,0.5285165175537954,重点词,0.6358337922939552,重点词,0.4767968583228254,重点词,True,稳定词
1137,5337,500635396,9657930100,727.12,260,711,0.5821, 00:03:13,193.0,False,True,False,193.0,2.7346153846153847,0.41790000000000005,2.7966153846153845,727.12,260.0,2.7346153846153847,0.41790000000000005,193.0,5.564520407322694,1.3176448372757972,0.41790000000000005,5.267858159063328,0.5179548851100924,0.015501372712504418,0.016656141664639953,重点词,0.5179548851100924,重点词,0.5290220974534117,重点词,0.5031054881084044,重点词,True,稳定词
1138,5553,500635396,9657930100,71798.68,51724,100920,0.5765, 00:03:07,187.0,False,True,False,187.0,1.9511252030005413,0.4235,1.3881115149640397,24233.035600000105,16611.160000000033,1.9511252030005413,0.4235,187.0,9.717890236295883,1.0821865223737481,0.4235,5.236441962829949,0.619410359031997,0.013805261286193646,0.022468088800479583,重点词,0.619410359031997,重点词,0.7416970920139183,重点词,0.5673738841959495,重点词,True,稳定词
1139,5573,500635396,9657930100,10656.71,10553,10503,0.5927, 00:03:29,209.0,False,True,False,209.0,0.9952620108026153,0.4073,1.009827537193215,10656.71,10553.0,0.9952620108026153,0.4073,209.0,9.264260213965613,0.6907753754539535,0.4073,5.3471075307174685,0.568424764820731,0.015879123225937326,0.02091428365094571,重点词,0.568424764820731,重点词,0.7009022358985226,重点词,0.5184158229314357,重点词,True,稳定词
1140,5867,500635396,9657930100,24613.57,15146,13988,0.5599, 00:03:33,213.0,False,True,False,213.0,0.9235441700779083,0.44010000000000005,1.6250871517232273,24233.035600000105,15146.0,0.9235441700779083,0.44010000000000005,213.0,9.625557771527026,0.654169406335125,0.44010000000000005,5.365976015021851,0.5803351104929717,0.0156956935834626,0.0217048466473392,重点词,0.5803351104929717,重点词,0.7126500879543457,重点词,0.5323267211126346,重点词,True,稳定词
1141,5874,500635396,9657930100,18.64,22,61,0.6, 00:01:40,100.0,False,True,False,100.0,2.772727272727273,0.4,0.8472727272727273,18.64,22.0,2.772727272727273,0.4,100.0,3.1354942159291497,1.3277981544382822,0.4,4.61512051684126,0.4154979474324279,0.01911104089216648,0.013585235892861789,重点词,0.4154979474324279,重点词,0.34670633540742624,重点词,0.43029655978812154,重点词,True,稳定词
1142,6001,500635396,9657930100,182.78,71,244,0.5385, 00:05:27,327.0,False,True,False,327.0,3.436619718309859,0.4615,2.5743661971830987,182.78,71.0,3.436619718309859,0.4615,327.0,4.276666119016055,1.4898927617843176,0.4615,5.793013608384144,0.5064151728422243,0.01612538918054764,0.0165445558690256,重点词,0.5064151728422243,重点词,0.4523404306919224,重点词,0.5143613107982856,重点词,True,稳定词
1143,6023,500635396,9657930100,344.18,149,280,0.6667, 00:03:27,207.0,False,True,False,207.0,1.8791946308724832,0.33330000000000004,2.3099328859060404,344.18,149.0,1.8791946308724832,0.33330000000000004,207.0,5.0106352940962555,1.0575106129825578,0.33330000000000004,5.337538079701318,0.4475380785300238,0.017930484835631064,0.014525118236381751,重点词,0.4475380785300238,重点词,0.4631033732524275,重点词,0.43050466173492047,重点词,True,稳定词
1144,6133,500635396,9657930100,2.08,2,2,1.0, 00:02:00,120.0,False,True,False,120.0,1.0,0.0,1.04,2.08,2.0,1.0,0.0,120.0,1.0986122886681098,0.6931471805599453,0.0,4.795790545596741,0.21843657059918795,0.027646402138318527,0.007726801236247917,潜力词,0.21843657059918795,潜力词,0.15874296766226273,潜力词,0.21715322323575523,潜力词,True,稳定词
1145,6180,500635396,9657930100,1896.27,400,1364,0.4804, 00:05:37,337.0,False,True,False,337.0,3.41,0.5196000000000001,4.7406749999999995,1896.27,400.0,3.41,0.5196000000000001,337.0,5.993961427306569,1.4838746894587547,0.5196000000000001,5.823045895483019,0.5880657303399188,0.013224234153248715,0.018878543224707854,重点词,0.5880657303399188,重点词,0.5877090855724807,重点词,0.5796609838261876,重点词,True,稳定词
1146,6271,500635396,9657930100,17.47,11,9,1.0, 00:00:53,53.0,False,True,False,53.0,0.8181818181818182,0.0,1.5881818181818181,17.47,11.0,0.8181818181818182,0.0,53.0,2.4849066497880004,0.5978370007556204,0.0,3.9889840465642745,0.21845130023809056,0.02633831269596327,0.007361842782495026,问题词,0.21845130023809056,问题词,0.20898183877332138,问题词,0.20530051110525546,问题词,True,稳定词
1147,6434,500635396,9657930100,89.74,49,76,0.7619, 00:01:08,68.0,False,True,False,68.0,1.5510204081632653,0.23809999999999998,1.8314285714285714,89.74,49.0,1.5510204081632653,0.23809999999999998,68.0,3.912023005428146,0.9364934391916745,0.23809999999999998,4.23410650459726,0.35134328150024363,0.02092591602413728,0.011334469827620671,重点词,0.35134328150024363,重点词,0.3540449938213637,重点词,0.3380146013883966,重点词,True,稳定词
1148,6452,500635396,9657930100,5.59,5,4,1.0, 00:00:33,33.0,False,True,False,33.0,0.8,0.0,1.1179999999999999,5.59,5.0,0.8,0.0,33.0,1.791759469228055,0.5877866649021191,0.0,3.5263605246161616,0.18510355918620633,0.0273511308261182,0.006212803750407968,潜力词,0.18510355918620633,潜力词,0.15690446786107823,潜力词,0.178786051963915,潜力词,True,稳定词
1149,6660,500635396,9657930100,4349.38,2727,5333,0.7072, 00:03:01,181.0,False,True,False,181.0,1.9556288962229555,0.29279999999999995,1.594932159882655,4349.38,2727.0,1.9556288962229555,0.29279999999999995,181.0,7.911324018963353,1.0837114526550853,0.29279999999999995,5.204006687076795,0.5405578173931559,0.015892353479538747,0.01869818713944969,重点词,0.5405578173931559,重点词,0.6514873478031292,重点词,0.486611709384653,重点词,True,稳定词
1151,389,500635396,9700005700,6387.87,4897,24764,0.7273, 00:01:08,68.0,False,True,False,68.0,5.05697365734123,0.27270000000000005,1.3044455789258729,6387.87,4897.0,5.05697365734123,0.27270000000000005,68.0,8.496582237512113,1.8012102788629254,0.27270000000000005,4.23410650459726,0.6051066573973432,0.013994612621815929,0.021444355605859052,重点词,0.6051066573973432,重点词,0.7072675894843824,重点词,0.5453247350509114,重点词,True,稳定词
1152,416,500635396,9700005700,2417.24,1207,507,0.6579, 00:03:06,186.0,False,True,False,186.0,0.420049710024855,0.34209999999999996,2.0026843413421704,2417.24,1207.0,0.420049710024855,0.34209999999999996,186.0,7.0967213784947605,0.3506918780601936,0.34209999999999996,5.231108616854587,0.45934858789570493,0.019110808623399877,0.01623693706918565,重点词,0.45934858789570493,重点词,0.5701184702562745,重点词,0.4197757194444483,重点词,True,稳定词
1156,1900,500635396,9700005700,0.8,1,1,1.0, 00:00:13,13.0,False,True,False,13.0,1.0,0.0,0.8,0.8,1.0,1.0,0.0,13.0,0.6931471805599453,0.6931471805599453,0.0,2.6390573296152584,0.15973308856622034,0.028769151445645035,0.0054689591525161245,潜力词,0.15973308856622034,潜力词,0.11163007131836757,潜力词,0.1599766973590889,潜力词,True,稳定词
1158,3371,500635396,9700005700,4326.98,2145,3643,0.6543, 00:01:01,61.0,False,True,False,61.0,1.6983682983682984,0.3457,2.017240093240093,4326.98,2145.0,1.6983682983682984,0.3457,61.0,7.671360923190644,0.9926472563892571,0.3457,4.127134385045092,0.5249511231585398,0.016107610707125315,0.01779965966518411,重点词,0.5249511231585398,重点词,0.6353933683250463,重点词,0.4771879737947566,重点词,True,稳定词
1159,3785,500635396,9700005700,11.91,7,5,1.0, 00:00:09,9.0,False,True,False,9.0,0.7142857142857143,0.0,1.7014285714285715,11.91,7.0,0.7142857142857143,0.0,9.0,2.0794415416798357,0.538996500732687,0.0,2.302585092994046,0.1589886466970823,0.027559908836256097,0.0052100516738126604,问题词,0.1589886466970823,问题词,0.15632753187648457,问题词,0.14852680602369817,问题词,True,稳定词
1160,3897,500635396,9700005700,12164.19,1125,364,0.7423, 00:04:17,257.0,False,True,False,257.0,0.32355555555555554,0.25770000000000004,10.812613333333333,12164.19,1125.0,0.32355555555555554,0.25770000000000004,257.0,7.026426808699636,0.28032171804548844,0.25770000000000004,5.552959584921617,0.4380132283833869,0.020290909911797578,0.015814761852377006,重点词,0.4380132283833869,重点词,0.5530065915388146,重点词,0.39220270182741457,重点词,True,稳定词
1161,4956,500635396,9700005700,0.65,1,0,0.0,0,,False,True,True,50.0,0.0,1.0,0.65,0.65,1.0,0.0,1.0,50.0,0.6931471805599453,0.0,1.0,3.9318256327243257,0.40661840700302915,0.02558793118618832,0.017534288121209277,黄金词,0.40661840700302915,黄金词,0.2970753082417933,黄金词,0.475359762441171,黄金词,True,稳定词
1163,5248,500635396,9700005700,1.81,1,1,1.0, 00:02:00,120.0,False,True,False,120.0,1.0,0.0,1.81,1.81,1.0,1.0,0.0,120.0,0.6931471805599453,0.6931471805599453,0.0,4.795790545596741,0.21401869481923805,0.028205532455741852,0.007680222421411457,潜力词,0.21401869481923805,潜力词,0.15108856472007434,潜力词,0.21433632984851855,潜力词,True,稳定词
1164,5453,500635396,9700005700,1623.0,2785,3265,0.6667, 00:00:39,39.0,False,True,False,39.0,1.1723518850987433,0.33330000000000004,0.5827648114901257,1623.0,2785.0,1.1723518850987433,0.33330000000000004,39.0,7.932362154339751,0.7758103986635028,0.33330000000000004,3.6888794541139363,0.5042080820792327,0.01723506092241055,0.017527629431014886,重点词,0.5042080820792327,重点词,0.631327856353722,重点词,0.4531843526413253,重点词,True,稳定词
1165,5963,500635396,9700005700,2.98,2,2,1.0, 00:00:04,4.0,False,True,False,4.0,1.0,0.0,1.49,2.98,2.0,1.0,0.0,4.0,1.0986122886681098,0.6931471805599453,0.0,1.6094379124341003,0.1463096898874082,0.02861954221561427,0.004904959441010702,潜力词,0.1463096898874082,潜力词,0.10789411181199607,潜力词,0.14501469736973716,潜力词,True,稳定词
1166,6656,500635396,9700005700,2.09,2,2,1.0, 00:00:02,2.0,False,True,False,2.0,1.0,0.0,1.045,2.09,2.0,1.0,0.0,2.0,1.0986122886681098,0.6931471805599453,0.0,1.0986122886681098,0.1413640944448003,0.028845551107537563,0.004749073716456767,潜力词,0.1413640944448003,潜力词,0.1047421939272683,潜力词,0.14007141943068893,潜力词,True,稳定词
1167,232,500635396,9773660250,2235.16,1712,3698,0.6848, 00:03:09,189.0,False,True,False,189.0,2.1600467289719627,0.31520000000000004,1.3055841121495326,2235.16,1712.0,2.1600467289719627,0.31520000000000004,189.0,7.44600149832412,1.1505868151388399,0.31520000000000004,5.247024072160486,0.5389587051781529,0.015602135493033891,0.018238944835926186,重点词,0.5389587051781529,重点词,0.6335722388068302,重点词,0.49095781265991634,重点词,True,稳定词
1168,4514,500635396,9773660250,5.52,2,6,0.0, 00:07:18,438.0,False,True,False,438.0,3.0,1.0,2.76,5.52,2.0,3.0,1.0,438.0,1.0986122886681098,1.3862943611198906,1.0,6.0844994130751715,0.5166891270043765,0.019519512389150832,0.020867562431174158,黄金词,0.5166891270043765,黄金词,0.3624582381327442,黄金词,0.5928261920492265,黄金词,True,稳定词
1169,6586,500635396,9773660250,4114.5,2439,5984,0.6409, 00:03:31,211.0,False,True,False,211.0,2.4534645346453465,0.3591,1.686961869618696,4114.5,2439.0,2.4534645346453465,0.3591,211.0,7.799753318287247,1.2393779400994434,0.3591,5.356586274672012,0.5721361881745356,0.014466383587642968,0.01934433652426063,重点词,0.5721361881745356,重点词,0.6672844371167063,重点词,0.5248590788330484,重点词,True,稳定词
1170,3457,500635396,9773660250,13.65,5,11,0.25, 00:03:07,187.0,False,True,False,187.0,2.2,0.75,2.73,13.65,5.0,2.2,0.75,187.0,1.791759469228055,1.1631508098056809,0.75,5.236441962829949,0.4586544751987632,0.01944880861171177,0.01647798438958383,重点词,0.4586544751987632,重点词,0.3284676856265309,重点词,0.5209971756306628,重点词,True,稳定词
1171,4229,500635396,9773660250,65.11,48,251,0.4082, 00:04:14,254.0,False,True,False,254.0,5.229166666666667,0.5918,1.3564583333333333,65.11,48.0,5.229166666666667,0.5918,254.0,3.8918202981106265,1.8292425624827955,0.5918,5.541263545158426,0.5562517715863533,0.014840378604553991,0.018602861625625147,重点词,0.5562517715863533,重点词,0.45940252207968185,重点词,0.585240988752371,重点词,True,稳定词
1178,32,525368335,9811363528,0.8,1,1,1.0, 00:00:03,3.0,False,True,False,3.0,1.0,0.0,0.8,0.8,1.0,1.0,0.0,3.0,0.6931471805599453,0.6931471805599453,0.0,1.3862943611198906,0.13962801875520683,0.029254691864219275,0.004747684435731067,潜力词,0.13962801875520683,潜力词,0.09770305952716112,潜力词,0.13983887342209136,潜力词,True,稳定词
1179,33,525368335,9811363528,183.41,75,149,0.7288, 00:01:48,108.0,False,True,False,108.0,1.9866666666666666,0.2712,2.4454666666666665,183.41,75.0,1.9866666666666666,0.2712,108.0,4.330733340286331,1.0941579383187292,0.2712,4.6913478822291435,0.40005749808739755,0.019424902198231467,0.012953037581506323,重点词,0.40005749808739755,重点词,0.40157671881092655,重点词,0.38512344908602814,重点词,True,稳定词
1181,47,525368335,9811363528,0.38,1,55,0.0, 00:12:04,724.0,False,True,False,724.0,55.0,1.0,0.38,0.38,1.0,11.082051282051294,1.0,724.0,0.6931471805599453,2.4917209862077314,1.0,6.586171654854675,0.572582526607296,0.01886848820717664,0.02527684833558232,黄金词,0.572582526607296,黄金词,0.401257124949547,黄金词,0.6466817138593499,黄金词,True,稳定词
1182,48,525368335,9811363528,58.58,11,7,1.0, 00:00:43,43.0,False,True,False,43.0,0.6363636363636364,0.0,5.325454545454545,58.58,11.0,0.6363636363636364,0.0,43.0,2.4849066497880004,0.4924764850977941,0.0,3.784189633918261,0.20259292171401316,0.02673819336444127,0.006793228781841364,问题词,0.20259292171401316,问题词,0.20062686887491035,问题词,0.18890964089544143,问题词,True,稳定词
1186,61,525368335,9811363528,6.13,8,11,0.75, 00:00:13,13.0,False,True,False,13.0,1.375,0.25,0.76625,6.13,8.0,1.375,0.25,13.0,2.1972245773362196,0.8649974374866045,0.25,2.6390573296152584,0.2590793567381708,0.023842167349768746,0.008336943283194566,潜力词,0.2590793567381708,潜力词,0.21579433727935357,潜力词,0.268072098105383,潜力词,True,稳定词
1188,74,525368335,9811363528,0.73,1,0,0.0,0,,False,True,True,95.0,0.0,1.0,0.73,0.73,1.0,0.0,1.0,95.0,0.6931471805599453,0.0,1.0,4.564348191467836,0.4119681460617029,0.025432671188103346,0.01781782794348286,黄金词,0.4119681460617029,黄金词,0.30092088014216595,黄金词,0.48010869592865735,黄金词,True,稳定词
1191,91,525368335,9811363528,36.38,6,2,1.0, 00:02:00,120.0,False,True,False,120.0,0.3333333333333333,0.0,6.0633333333333335,36.38,6.0,0.3333333333333333,0.0,120.0,1.9459101490553132,0.2876820724517809,0.0,4.795790545596741,0.19925783731928295,0.027860745235895244,0.0069329081201654685,问题词,0.19925783731928295,问题词,0.17303607062625292,问题词,0.19212205593188814,问题词,True,稳定词
1196,110,525368335,9811363528,1.5,1,1,1.0, 00:02:00,120.0,False,True,False,120.0,1.0,0.0,1.5,1.5,1.0,1.0,0.0,120.0,0.6931471805599453,0.6931471805599453,0.0,4.795790545596741,0.21401869481923805,0.028205532455741852,0.007680222421411457,潜力词,0.21401869481923805,潜力词,0.15108856472007434,潜力词,0.21433632984851855,潜力词,True,稳定词
1197,113,525368335,9811363528,1.44,1,1,1.0, 00:00:09,9.0,False,True,False,9.0,1.0,0.0,1.44,1.44,1.0,1.0,0.0,9.0,0.6931471805599453,0.6931471805599453,0.0,2.302585092994046,0.15302863302248787,0.028888469827167657,0.005219495274720695,潜力词,0.15302863302248787,潜力词,0.10691018880119407,潜力词,0.15326193788480943,潜力词,True,稳定词
1202,144,525368335,9811363528,26.87,6,5,1.0, 00:01:13,73.0,False,True,False,73.0,0.8333333333333334,0.0,4.4783333333333335,26.87,6.0,0.8333333333333334,0.0,73.0,1.9459101490553132,0.6061358035703155,0.0,4.30406509320417,0.21193948321737488,0.026898332681185327,0.00723398597754128,问题词,0.21193948321737488,问题词,0.17990286779224407,问题词,0.20460266576521968,问题词,True,稳定词
1203,154,525368335,9811363528,1.48,2,0,0.0,0,,False,True,True,95.0,0.0,1.0,0.74,1.48,2.0,0.0,1.0,95.0,1.0986122886681098,0.0,1.0,4.564348191467836,0.41824940034883135,0.024811131651819075,0.01783795485827032,黄金词,0.41824940034883135,黄金词,0.3099043206317119,黄金词,0.48514265371103865,黄金词,True,稳定词
1204,159,525368335,9811363528,1.03,1,1,1.0, 00:00:03,3.0,False,True,False,3.0,1.0,0.0,1.03,1.03,1.0,1.0,0.0,3.0,0.6931471805599453,0.6931471805599453,0.0,1.3862943611198906,0.13962801875520683,0.029254691864219275,0.004747684435731067,潜力词,0.13962801875520683,潜力词,0.09770305952716112,潜力词,0.13983887342209136,潜力词,True,稳定词
1205,162,525368335,9811363528,14.99,5,4,1.0, 00:01:02,62.0,False,True,False,62.0,0.8,0.0,2.998,14.99,5.0,0.8,0.0,62.0,1.791759469228055,0.5877866649021191,0.0,4.143134726391533,0.20177852934465823,0.027188667953415246,0.006872891341767936,问题词,0.20177852934465823,问题词,0.16729288058778777,问题词,0.1957354579017963,问题词,True,稳定词
1206,172,525368335,9811363528,0.95,1,1,1.0, 00:00:03,3.0,False,True,False,3.0,1.0,0.0,0.95,0.95,1.0,1.0,0.0,3.0,0.6931471805599453,0.6931471805599453,0.0,1.3862943611198906,0.13962801875520683,0.029254691864219275,0.004747684435731067,潜力词,0.13962801875520683,潜力词,0.09770305952716112,潜力词,0.13983887342209136,潜力词,True,稳定词
1209,181,525368335,9811363528,165.4,49,72,0.6875, 00:02:14,134.0,False,True,False,134.0,1.469387755102041,0.3125,3.3755102040816327,165.4,49.0,1.469387755102041,0.3125,134.0,3.912023005428146,0.9039702474861145,0.3125,4.90527477843843,0.3777502614360853,0.020109339107613856,0.012207812449611452,重点词,0.3777502614360853,重点词,0.36716405842074595,重点词,0.37274274050295747,重点词,True,稳定词
1211,202,525368335,9811363528,6.04,7,6,0.8, 00:01:27,87.0,False,True,False,87.0,0.8571428571428571,0.19999999999999996,0.8628571428571429,6.04,7.0,0.8571428571428571,0.19999999999999996,87.0,2.0794415416798357,0.6190392084062234,0.19999999999999996,4.477336814478207,0.25170024529167195,0.024658566910109172,0.008294226078204153,潜力词,0.25170024529167195,潜力词,0.2074093942891331,潜力词,0.25622727814630863,潜力词,True,稳定词
1212,206,525368335,9811363528,122.53,26,38,0.8125, 00:01:33,93.0,False,True,False,93.0,1.4615384615384615,0.1875,4.712692307692308,122.53,26.0,1.4615384615384615,0.1875,93.0,3.295836866004329,0.9007865453381898,0.1875,4.543294782270004,0.31929374297159524,0.022243116463333774,0.01043341064901449,重点词,0.31929374297159524,重点词,0.3040738965020356,重点词,0.3091351118736147,问题词,False,边界敏感词
1213,213,525368335,9811363528,1.1,1,1,1.0, 00:00:01,1.0,False,True,False,1.0,1.0,0.0,1.1,1.1,1.0,1.0,0.0,1.0,0.6931471805599453,0.6931471805599453,0.0,0.6931471805599453,0.1354663103126751,0.029570784147216124,0.004633532584397842,潜力词,0.1354663103126751,潜力词,0.09516320728013836,潜力词,0.13566748995043118,潜力词,True,稳定词
1217,235,525368335,9811363528,1.29,1,1,1.0, 00:00:02,2.0,False,True,False,2.0,1.0,0.0,1.29,1.29,1.0,1.0,0.0,2.0,0.6931471805599453,0.6931471805599453,0.0,1.0986122886681098,0.13721737004141432,0.02938187074738171,0.004672907046176866,潜力词,0.13721737004141432,潜力词,0.09614406329892622,潜力词,0.13742336656649506,潜力词,True,稳定词
1219,257,525368335,9811363528,3.48,3,16,0.3333, 00:13:14,794.0,False,True,False,794.0,5.333333333333333,0.6667000000000001,1.16,3.48,3.0,5.333333333333333,0.6667000000000001,794.0,1.3862943611198906,1.8458266904983307,0.6667000000000001,6.678342114654332,0.5024262200403947,0.018802380910258227,0.018985745529572804,黄金词,0.5024262200403947,黄金词,0.350212051570394,黄金词,0.559056136715115,黄金词,True,稳定词
1220,263,525368335,9811363528,1.31,2,2,1.0, 00:00:15,15.0,False,True,False,15.0,1.0,0.0,0.655,1.31,2.0,1.0,0.0,15.0,1.0986122886681098,0.6931471805599453,0.0,2.772588722239781,0.16682271127028309,0.028175259144755188,0.005641384114582687,潜力词,0.16682271127028309,潜力词,0.1217902306209121,潜力词,0.16554211536894864,潜力词,True,稳定词
1222,268,525368335,9811363528,10.55,14,8,0.8571, 00:01:18,78.0,False,True,False,78.0,0.5714285714285714,0.14290000000000003,0.7535714285714287,10.55,14.0,0.5714285714285714,0.14290000000000003,78.0,2.70805020110221,0.4519851237430572,0.14290000000000003,4.3694478524670215,0.2406254336813376,0.025004049100634685,0.00792311255273841,问题词,0.2406254336813376,问题词,0.2321292528621572,问题词,0.23285630818559386,问题词,True,稳定词
1224,270,525368335,9811363528,263.36,50,167,0.6512, 00:02:43,163.0,False,True,False,163.0,3.34,0.3488,5.2672,263.36,50.0,3.34,0.3488,163.0,3.9318256327243257,1.4678743481123135,0.3488,5.099866427824199,0.45248414814458504,0.017944012759129265,0.014829490872447455,重点词,0.45248414814458504,重点词,0.40668755729446004,重点词,0.45161172973062824,重点词,True,稳定词
1228,295,525368335,9811363528,2.99,4,4,0.6667, 00:00:08,8.0,False,True,False,8.0,1.0,0.33330000000000004,0.7475,2.99,4.0,1.0,0.33330000000000004,8.0,1.6094379124341003,0.6931471805599453,0.33330000000000004,2.1972245773362196,0.24127646252380705,0.024707646831276468,0.00785710911851735,潜力词,0.24127646252380705,潜力词,0.18188415195380875,潜力词,0.2665253161225894,潜力词,True,稳定词
1229,303,525368335,9811363528,1.3,2,2,1.0, 00:01:02,62.0,False,True,False,62.0,1.0,0.0,0.65,1.3,2.0,1.0,0.0,62.0,1.0986122886681098,0.6931471805599453,0.0,4.143134726391533,0.20078629433680567,0.027782243919487967,0.006979727406359135,潜力词,0.20078629433680567,潜力词,0.1458473951762777,潜力词,0.19951016350063036,潜力词,True,稳定词
1230,307,525368335,9811363528,7.98,7,39,0.6667, 00:15:46,946.0,False,True,False,946.0,5.571428571428571,0.33330000000000004,1.1400000000000001,7.98,7.0,5.571428571428571,0.33330000000000004,946.0,2.0794415416798357,1.8827312474337816,0.33330000000000004,6.853299093186078,0.45756273934368435,0.01994045512687271,0.016820395524769455,黄金词,0.45756273934368435,黄金词,0.3399280566359827,黄金词,0.4741020405227959,黄金词,True,稳定词
1231,317,525368335,9811363528,5.17,5,2,1.0, 00:00:02,2.0,False,True,False,2.0,0.4,0.0,1.034,5.17,5.0,0.4,0.0,2.0,1.791759469228055,0.33647223662121295,0.0,1.0986122886681098,0.10112034342533767,0.029069265672210826,0.00327017538598859,潜力词,0.10112034342533767,潜力词,0.11194329872026168,潜力词,0.09130862534159954,潜力词,True,稳定词
1234,363,525368335,9811363528,1.21,1,9,0.0, 00:03:07,187.0,False,True,False,187.0,9.0,1.0,1.21,1.21,1.0,9.0,1.0,187.0,0.6931471805599453,2.302585092994046,1.0,5.236441962829949,0.5550010594818804,0.019092263739730397,0.023811801868832534,黄金词,0.5550010594818804,黄金词,0.3862947397127144,黄金词,0.631058430155751,黄金词,True,稳定词
1236,377,525368335,9811363528,2.08,2,1,1.0, 00:02:00,120.0,False,True,False,120.0,0.5,0.0,1.04,2.08,2.0,0.5,0.0,120.0,1.0986122886681098,0.4054651081081644,0.0,4.795790545596741,0.19132793798168635,0.02853532326950284,0.006751320859494673,潜力词,0.19132793798168635,潜力词,0.1404719610137314,潜力词,0.19011176874161245,潜力词,True,稳定词
1237,378,525368335,9811363528,0.59,1,0,0.0,0,,False,True,True,95.0,0.0,1.0,0.59,0.59,1.0,0.0,1.0,95.0,0.6931471805599453,0.0,1.0,4.564348191467836,0.4119681460617029,0.025432671188103346,0.01781782794348286,黄金词,0.4119681460617029,黄金词,0.30092088014216595,黄金词,0.48010869592865735,黄金词,True,稳定词
1239,396,525368335,9811363528,4.0,8,5,0.75, 00:02:12,132.0,False,True,False,132.0,0.625,0.25,0.5,4.0,8.0,0.625,0.25,132.0,2.1972245773362196,0.4855078157817008,0.25,4.890349128221754,0.26477608239922346,0.02443380211110595,0.008799341596786043,潜力词,0.26477608239922346,潜力词,0.22051166304396408,潜力词,0.273144502885711,潜力词,True,稳定词
1242,432,525368335,9811363528,2.08,3,0,0.0,0,,False,True,True,95.0,0.0,1.0,0.6933333333333334,2.08,3.0,0.0,1.0,95.0,1.3862943611198906,0.0,1.0,4.564348191467836,0.4230646427763418,0.024378386179145818,0.01787658376490486,黄金词,0.4230646427763418,黄金词,0.31767428429769334,黄金词,0.4888502698373344,黄金词,True,稳定词
1243,433,525368335,9811363528,438.82,72,332,0.4746, 00:06:15,375.0,False,True,False,375.0,4.611111111111111,0.5254,6.094722222222222,438.82,72.0,4.611111111111111,0.5254,375.0,4.290459441148391,1.7247487589450947,0.5254,5.929589143389895,0.5491685582296544,0.014889334015625037,0.018137053756170373,重点词,0.5491685582296544,重点词,0.4752918389123841,重点词,0.5648995636177215,重点词,True,稳定词
1244,435,525368335,9811363528,0.7,1,0,0.0,0,,False,True,True,95.0,0.0,1.0,0.7,0.7,1.0,0.0,1.0,95.0,0.6931471805599453,0.0,1.0,4.564348191467836,0.4119681460617029,0.025432671188103346,0.01781782794348286,黄金词,0.4119681460617029,黄金词,0.30092088014216595,黄金词,0.48010869592865735,黄金词,True,稳定词
1247,461,525368335,9811363528,13.69,13,8,1.0, 00:01:41,101.0,False,True,False,101.0,0.6153846153846154,0.0,1.053076923076923,13.69,13.0,0.6153846153846154,0.0,101.0,2.6390573296152584,0.4795730802618863,0.0,4.624972813284271,0.2286863790110517,0.0263992606835044,0.007827103230121675,问题词,0.2286863790110517,问题词,0.2225273793270278,问题词,0.2143408593773978,问题词,True,稳定词
1248,469,525368335,9811363528,124.59,25,119,0.7143, 00:07:18,438.0,False,True,False,438.0,4.76,0.28569999999999995,4.9836,124.59,25.0,4.76,0.28569999999999995,438.0,3.258096538021482,1.7509374747078,0.28569999999999995,6.0844994130751715,0.4585444085231527,0.018807606439953755,0.015927664071622397,重点词,0.4585444085231527,重点词,0.3805873677882281,重点词,0.4591116253079175,重点词,True,稳定词
1249,472,525368335,9811363528,2.19,4,6,0.6667, 00:00:22,22.0,False,True,False,22.0,1.5,0.33330000000000004,0.5475,2.19,4.0,1.5,0.33330000000000004,22.0,1.6094379124341003,0.9162907318741551,0.33330000000000004,3.1354942159291497,0.2818693337814028,0.02363171279766381,0.009275547551068287,潜力词,0.2818693337814028,潜力词,0.20726383339129778,潜力词,0.30526628700628844,潜力词,True,稳定词
1252,493,525368335,9811363528,0.55,1,0,0.0,0,,False,True,True,95.0,0.0,1.0,0.55,0.55,1.0,0.0,1.0,95.0,0.6931471805599453,0.0,1.0,4.564348191467836,0.4119681460617029,0.025432671188103346,0.01781782794348286,黄金词,0.4119681460617029,黄金词,0.30092088014216595,黄金词,0.48010869592865735,黄金词,True,稳定词
1254,501,525368335,9811363528,1.81,3,2,1.0, 00:02:45,165.0,False,True,False,165.0,0.6666666666666666,0.0,0.6033333333333334,1.81,3.0,0.6666666666666666,0.0,165.0,1.3862943611198906,0.5108256237659907,0.0,5.111987788356544,0.21420154553492787,0.02776444235098213,0.007568335657448311,潜力词,0.21420154553492787,潜力词,0.16285180924397671,潜力词,0.21137938885984459,潜力词,True,稳定词
1257,516,525368335,9811363528,7.59,6,4,0.6667, 00:01:27,87.0,False,True,False,87.0,0.6666666666666666,0.33330000000000004,1.265,7.59,6.0,0.6666666666666666,0.33330000000000004,87.0,1.9459101490553132,0.5108256237659907,0.33330000000000004,4.477336814478207,0.2732209730513954,0.024085737294869635,0.009054648436944967,潜力词,0.2732209730513954,潜力词,0.21474166562670796,潜力词,0.2935901806399906,潜力词,True,稳定词
1259,543,525368335,9811363528,1.58,3,3,1.0, 00:00:42,42.0,False,True,False,42.0,1.0,0.0,0.5266666666666667,1.58,3.0,1.0,0.0,42.0,1.3862943611198906,0.6931471805599453,0.0,3.7612001156935624,0.19534496914503607,0.027492791083387653,0.006674386190301855,潜力词,0.19534496914503607,潜力词,0.14875222943452104,潜力词,0.19238177756992916,潜力词,True,稳定词
1260,557,525368335,9811363528,111.75,13,26,0.6, 00:02:49,169.0,False,True,False,169.0,2.0,0.4,8.596153846153847,111.75,13.0,2.0,0.4,169.0,2.6390573296152584,1.0986122886681098,0.4,5.135798437050262,0.38272488252405973,0.020395079242486402,0.01264542192963698,重点词,0.38272488252405973,重点词,0.3065338214402637,重点词,0.4028538883195511,重点词,True,稳定词
1261,560,525368335,9811363528,1.56,3,5,0.0, 00:03:59,239.0,False,True,False,239.0,1.6666666666666667,1.0,0.52,1.56,3.0,1.6666666666666667,1.0,239.0,1.3862943611198906,0.9808292530117262,1.0,5.480638923341991,0.49041272788477136,0.020262303702758878,0.01949988191591398,黄金词,0.49041272788477136,黄金词,0.35116454314310014,黄金词,0.5640016300475624,黄金词,True,稳定词
1262,561,525368335,9811363528,1.12,2,2,1.0, 00:02:00,120.0,False,True,False,120.0,1.0,0.0,0.56,1.12,2.0,1.0,0.0,120.0,1.0986122886681098,0.6931471805599453,0.0,4.795790545596741,0.21843657059918795,0.027646402138318527,0.007726801236247917,潜力词,0.21843657059918795,潜力词,0.15874296766226273,潜力词,0.21715322323575523,潜力词,True,稳定词
1265,568,525368335,9811363528,2.89,2,4,0.0, 00:04:22,262.0,False,True,False,262.0,2.0,1.0,1.445,2.89,2.0,2.0,1.0,262.0,1.0986122886681098,1.0986122886681098,1.0,5.572154032177765,0.4925216964929128,0.020394566161220765,0.01979348921036409,黄金词,0.4925216964929128,黄金词,0.3475072888719694,黄金词,0.5678318499774094,黄金词,True,稳定词
1266,572,525368335,9811363528,126.06,22,26,0.9474, 00:00:45,45.0,False,True,False,45.0,1.1818181818181819,0.05259999999999998,5.73,126.06,22.0,1.1818181818181819,0.05259999999999998,45.0,3.1354942159291497,0.7801585575495751,0.05259999999999998,3.828641396489095,0.26268467602489315,0.024459145198007567,0.008714104296035708,问题词,0.26268467602489315,问题词,0.26661298742842404,问题词,0.24399309743041042,问题词,True,稳定词
1267,579,525368335,9811363528,12.94,14,25,0.6154, 00:01:25,85.0,False,True,False,85.0,1.7857142857142858,0.38460000000000005,0.9242857142857143,12.94,14.0,1.7857142857142858,0.38460000000000005,85.0,2.70805020110221,1.0245043165143877,0.38460000000000005,4.454347296253507,0.3608808563883397,0.020817736016409842,0.011754807341889334,重点词,0.3608808563883397,重点词,0.29653043616368363,重点词,0.3789939959052873,重点词,True,稳定词
1268,588,525368335,9811363528,11.97,13,12,1.0, 00:00:15,15.0,False,True,False,15.0,0.9230769230769231,0.0,0.9207692307692308,11.97,13.0,0.9230769230769231,0.0,15.0,2.6390573296152584,0.653926467406664,0.0,2.772588722239781,0.20337594501793171,0.026356399080734203,0.006728716684854216,问题词,0.20337594501793171,问题词,0.20948398443753047,问题词,0.18724616779578515,问题词,True,稳定词
1272,597,525368335,9811363528,0.87,1,1,1.0, 00:00:03,3.0,False,True,False,3.0,1.0,0.0,0.87,0.87,1.0,1.0,0.0,3.0,0.6931471805599453,0.6931471805599453,0.0,1.3862943611198906,0.13962801875520683,0.029254691864219275,0.004747684435731067,潜力词,0.13962801875520683,潜力词,0.09770305952716112,潜力词,0.13983887342209136,潜力词,True,稳定词
1274,609,525368335,9811363528,7.94,8,14,0.5, 00:03:58,238.0,False,True,False,238.0,1.75,0.5,0.9925,7.94,8.0,1.75,0.5,238.0,2.1972245773362196,1.0116009116784799,0.5,5.476463551931511,0.3936616560256189,0.020527568472822937,0.013327404871383487,黄金词,0.3936616560256189,黄金词,0.29691601817026825,黄金词,0.42899273298720525,黄金词,True,稳定词
1276,618,525368335,9811363528,8.11,8,37,0.6667, 00:02:08,128.0,False,True,False,128.0,4.625,0.33330000000000004,1.01375,8.11,8.0,4.625,0.33330000000000004,128.0,2.1972245773362196,1.7272209480904839,0.33330000000000004,4.859812404361672,0.41910383253108335,0.02024954980440846,0.014609605649551391,重点词,0.41910383253108335,重点词,0.3148783988677141,重点词,0.43525572122318107,重点词,True,稳定词
1277,625,525368335,9811363528,33.59,37,30,0.84, 00:01:36,96.0,False,True,False,96.0,0.8108108108108109,0.16000000000000003,0.9078378378378379,33.59,37.0,0.8108108108108109,0.16000000000000003,96.0,3.6375861597263857,0.5937747067467416,0.16000000000000003,4.574710978503383,0.29556539342303106,0.02316310372355431,0.00971873301088703,问题词,0.29556539342303106,问题词,0.31101732185587205,重点词,0.2780275930293296,问题词,False,边界敏感词
1279,640,525368335,9811363528,432.45,35,165,0.3871, 00:05:37,337.0,False,True,False,337.0,4.714285714285714,0.6129,12.355714285714285,432.45,35.0,4.714285714285714,0.6129,337.0,3.58351893845611,1.742969305058623,0.6129,5.823045895483019,0.5450095288114456,0.01533881053092091,0.01837356698514424,重点词,0.5450095288114456,重点词,0.4393184224413258,重点词,0.5799285349177419,重点词,True,稳定词
1280,644,525368335,9811363528,0.97,2,2,1.0, 00:01:04,64.0,False,True,False,64.0,1.0,0.0,0.485,0.97,2.0,1.0,0.0,64.0,1.0986122886681098,0.6931471805599453,0.0,4.174387269895637,0.20162086608110916,0.02777497503514492,0.007014229560934419,潜力词,0.20162086608110916,潜力词,0.1464512581851133,潜力词,0.20034450829750258,潜力词,True,稳定词
1283,653,525368335,9811363528,570.08,73,221,0.597, 00:04:19,259.0,False,True,False,259.0,3.0273972602739727,0.403,7.809315068493151,570.08,73.0,3.0273972602739727,0.403,259.0,4.30406509320417,1.3931203261902905,0.403,5.560681631015528,0.4785145045278485,0.016973887430447292,0.015575220028580278,重点词,0.4785145045278485,重点词,0.43955938988013665,重点词,0.47907259180475187,重点词,True,稳定词
1284,660,525368335,9811363528,2.76,3,4,0.5, 00:00:25,25.0,False,True,False,25.0,1.3333333333333333,0.5,0.9199999999999999,2.76,3.0,1.3333333333333333,0.5,25.0,1.3862943611198906,0.8472978603872036,0.5,3.258096538021482,0.3229002004740232,0.022957339212154395,0.010948060299448384,黄金词,0.3229002004740232,黄金词,0.22862538249864586,潜力词,0.36650368178767173,黄金词,False,边界敏感词
1285,661,525368335,9811363528,2.71,2,2,1.0, 00:00:15,15.0,False,True,False,15.0,1.0,0.0,1.355,2.71,2.0,1.0,0.0,15.0,1.0986122886681098,0.6931471805599453,0.0,2.772588722239781,0.16682271127028309,0.028175259144755188,0.005641384114582687,潜力词,0.16682271127028309,潜力词,0.1217902306209121,潜力词,0.16554211536894864,潜力词,True,稳定词
1288,666,525368335,9811363528,6.06,6,9,0.75, 00:03:30,210.0,False,True,False,210.0,1.5,0.25,1.01,6.06,6.0,1.5,0.25,210.0,1.9459101490553132,0.9162907318741551,0.25,5.351858133476067,0.31129410995928064,0.023256324443954268,0.010511826489936033,潜力词,0.31129410995928064,潜力词,0.23878032217681708,潜力词,0.32143927418344237,黄金词,False,边界敏感词
1289,669,525368335,9811363528,1.5,1,1,1.0, 00:02:00,120.0,False,True,False,120.0,1.0,0.0,1.5,1.5,1.0,1.0,0.0,120.0,0.6931471805599453,0.6931471805599453,0.0,4.795790545596741,0.21401869481923805,0.028205532455741852,0.007680222421411457,潜力词,0.21401869481923805,潜力词,0.15108856472007434,潜力词,0.21433632984851855,潜力词,True,稳定词
1291,674,525368335,9811363528,5.07,4,4,1.0, 00:01:02,62.0,False,True,False,62.0,1.0,0.0,1.2675,5.07,4.0,1.0,0.0,62.0,1.6094379124341003,0.6931471805599453,0.0,4.143134726391533,0.20961436398293998,0.027102637980137456,0.007187759953602905,潜力词,0.20961436398293998,潜力词,0.16539349717076715,潜力词,0.20509890330439584,潜力词,True,稳定词
1295,709,525368335,9811363528,1363.47,2319,263,0.9787, 00:01:19,79.0,False,True,False,79.0,0.11341095299698145,0.021299999999999986,0.5879560155239327,1363.47,2319.0,0.11341095299698145,0.021299999999999986,79.0,7.749322464660356,0.10742823415105615,0.021299999999999986,4.382026634673881,0.3999363911251284,0.023643275488593938,0.015758006540365355,重点词,0.3999363911251284,重点词,0.5485604130297198,重点词,0.3346284228808896,重点词,True,稳定词
1296,710,525368335,9811363528,6.56,8,16,0.8571, 00:01:38,98.0,False,True,False,98.0,2.0,0.14290000000000003,0.82,6.56,8.0,2.0,0.14290000000000003,98.0,2.1972245773362196,1.0986122886681098,0.14290000000000003,4.59511985013459,0.30148962457826983,0.023575821465808507,0.01017574801027043,潜力词,0.30148962457826983,潜力词,0.24270678065796433,潜力词,0.29991206349855704,潜力词,True,稳定词
1299,720,525368335,9811363528,30.61,26,23,0.875, 00:01:11,71.0,False,True,False,71.0,0.8846153846153846,0.125,1.1773076923076924,30.61,26.0,0.8846153846153846,0.125,71.0,3.295836866004329,0.6337237600891445,0.125,4.276666119016055,0.2734172776138221,0.023854209900870213,0.00897647704765831,问题词,0.2734172776138221,问题词,0.28092750993072796,重点词,0.257146203181704,问题词,False,边界敏感词
1300,725,525368335,9811363528,6.12,7,2,1.0, 00:01:03,63.0,False,True,False,63.0,0.2857142857142857,0.0,0.8742857142857143,6.12,7.0,0.2857142857142857,0.0,63.0,2.0794415416798357,0.2513144282809061,0.0,4.1588830833596715,0.18061060829717265,0.02796045240629274,0.0061630701696906666,潜力词,0.18061060829717265,潜力词,0.1681346033510231,潜力词,0.17157598504533864,潜力词,True,稳定词
1303,735,525368335,9811363528,23.37,23,24,0.7692, 00:04:21,261.0,False,True,False,261.0,1.0434782608695652,0.2308,1.0160869565217392,23.37,23.0,1.0434782608695652,0.2308,261.0,3.1780538303479458,0.7146533857809089,0.2308,5.568344503761097,0.32667007724427394,0.02237928282884146,0.010857444178997649,重点词,0.32667007724427394,重点词,0.30207576908328354,重点词,0.3223358314915304,重点词,True,稳定词
1304,751,525368335,9811363528,118.97,21,76,0.5294, 00:09:49,589.0,False,True,False,589.0,3.619047619047619,0.4706,5.665238095238095,118.97,21.0,3.619047619047619,0.4706,589.0,3.091042453358316,1.5301885407799598,0.4706,6.380122536899765,0.4788169529586696,0.01771013209900802,0.01627050522130679,重点词,0.4788169529586696,重点词,0.3821603221506671,重点词,0.5016455652143258,重点词,True,稳定词
1305,752,525368335,9811363528,5.46,8,7,1.0, 00:01:14,74.0,False,True,False,74.0,0.875,0.0,0.6825,5.46,8.0,0.875,0.0,74.0,2.1972245773362196,0.6286086594223741,0.0,4.31748811353631,0.22137369004566054,0.026510657251586,0.007537328171794633,潜力词,0.22137369004566054,潜力词,0.196595826537731,潜力词,0.21164471091808074,潜力词,True,稳定词
1307,759,525368335,9811363528,12.71,15,6,0.8, 00:01:22,82.0,False,True,False,82.0,0.4,0.19999999999999996,0.8473333333333334,12.71,15.0,0.4,0.19999999999999996,82.0,2.772588722239781,0.33647223662121295,0.19999999999999996,4.418840607796598,0.2470197206224103,0.024808453821466365,0.008138562854684738,问题词,0.2470197206224103,问题词,0.23888967701801578,问题词,0.24384654185934718,问题词,True,稳定词
1310,766,525368335,9811363528,6.28,4,4,1.0, 00:00:06,6.0,False,True,False,6.0,1.0,0.0,1.57,6.28,4.0,1.0,0.0,6.0,1.6094379124341003,0.6931471805599453,0.0,1.9459101490553132,0.16132245661621744,0.027818318063876843,0.005350947386631419,潜力词,0.16132245661621744,潜力词,0.1347157257758912,潜力词,0.15632642557605422,潜力词,True,稳定词
1312,785,525368335,9811363528,0.15,1,1,1.0, 00:02:00,120.0,False,True,False,120.0,1.0,0.0,0.15,0.15,1.0,1.0,0.0,120.0,0.6931471805599453,0.6931471805599453,0.0,4.795790545596741,0.21401869481923805,0.028205532455741852,0.007680222421411457,潜力词,0.21401869481923805,潜力词,0.15108856472007434,潜力词,0.21433632984851855,潜力词,True,稳定词
1315,809,525368335,9811363528,6.97,2,4,0.5, 00:01:00,60.0,False,True,False,60.0,2.0,0.5,3.485,6.97,2.0,2.0,0.5,60.0,1.0986122886681098,1.0986122886681098,0.5,4.110873864173311,0.35486460835136885,0.022391766829097205,0.012316865062691392,黄金词,0.35486460835136885,黄金词,0.24417084444368486,潜力词,0.3985992422647795,黄金词,False,边界敏感词
1316,810,525368335,9811363528,1.87,1,1,1.0, 00:00:08,8.0,False,True,False,8.0,1.0,0.0,1.87,1.87,1.0,1.0,0.0,8.0,0.6931471805599453,0.6931471805599453,0.0,2.1972245773362196,0.15110050164909317,0.02892752463508226,0.0051489764009974934,潜力词,0.15110050164909317,潜力词,0.105562267333471,潜力词,0.15133076760769848,潜力词,True,稳定词
1318,829,525368335,9811363528,112.68,22,79,0.5625, 00:03:54,234.0,False,True,False,234.0,3.590909090909091,0.4375,5.121818181818182,112.68,22.0,3.590909090909091,0.4375,234.0,3.1354942159291497,1.5240780634829436,0.4375,5.459585514144159,0.45888822540695273,0.01807062694182746,0.015324741243272185,重点词,0.45888822540695273,重点词,0.3717349206563491,重点词,0.477756054230511,重点词,True,稳定词
1319,831,525368335,9811363528,1.96,2,4,0.5, 00:02:28,148.0,False,True,False,148.0,2.0,0.5,0.98,1.96,2.0,2.0,0.5,148.0,1.0986122886681098,1.0986122886681098,0.5,5.003946305945459,0.36832629830243296,0.022168405470323248,0.012926304679470266,黄金词,0.36832629830243296,黄金词,0.2537123626222401,潜力词,0.4112575380039782,黄金词,False,边界敏感词
1321,836,525368335,9811363528,22.95,53,54,0.7895, 00:01:59,119.0,False,True,False,119.0,1.0188679245283019,0.21050000000000002,0.43301886792452826,22.95,53.0,1.0188679245283019,0.21050000000000002,119.0,3.9889840465642745,0.7025369209097844,0.21050000000000002,4.787491742782046,0.333994024926093,0.02179139195827128,0.010928122241061655,重点词,0.333994024926093,重点词,0.3497287884468286,重点词,0.3169262581352064,重点词,True,稳定词
1322,848,525368335,9811363528,8.34,8,27,0.5714, 00:04:14,254.0,False,True,False,254.0,3.375,0.4286,1.0425,8.34,8.0,3.375,0.4286,254.0,2.1972245773362196,1.4759065198095778,0.4286,5.541263545158426,0.4239917751625176,0.019770657141610415,0.014552910281734277,重点词,0.4239917751625176,重点词,0.3159547825737402,重点词,0.4509194736299375,重点词,True,稳定词
1326,874,525368335,9811363528,16.71,15,34,0.7692, 00:02:20,140.0,False,True,False,140.0,2.2666666666666666,0.2308,1.114,16.71,15.0,2.2666666666666666,0.2308,140.0,2.772588722239781,1.1837700970084166,0.2308,4.948759890378168,0.35181932957382234,0.02156379057755115,0.0117043884370637,重点词,0.35181932957382234,重点词,0.29586240445989775,重点词,0.3521596533354158,重点词,True,稳定词
1327,884,525368335,9811363528,4.94,5,4,1.0, 00:00:42,42.0,False,True,False,42.0,0.8,0.0,0.9880000000000001,4.94,5.0,0.8,0.0,42.0,1.791759469228055,0.5877866649021191,0.0,3.7612001156935624,0.19135051537198153,0.027285723200572737,0.006456613521652793,潜力词,0.19135051537198153,潜力词,0.16074539264379262,潜力词,0.18514401850874687,潜力词,True,稳定词
1328,888,525368335,9811363528,244.33,31,104,0.5769, 00:04:51,291.0,False,True,False,291.0,3.3548387096774195,0.42310000000000003,7.881612903225807,244.33,31.0,3.3548387096774195,0.42310000000000003,291.0,3.4657359027997265,1.4712875739532834,0.42310000000000003,5.676753802268282,0.46385589290569595,0.017775117632956538,0.015378501697657533,重点词,0.46385589290569595,重点词,0.38956826390444593,重点词,0.47723638045930883,重点词,True,稳定词
1329,901,525368335,9811363528,2.85,3,2,1.0, 00:00:08,8.0,False,True,False,8.0,0.6666666666666666,0.0,0.9500000000000001,2.85,3.0,0.6666666666666666,0.0,8.0,1.3862943611198906,0.5108256237659907,0.0,2.1972245773362196,0.13184875270225402,0.02854958749208752,0.004335912103694314,潜力词,0.13184875270225402,潜力词,0.107651257690931,潜力词,0.1284347771907295,潜力词,True,稳定词
1330,905,525368335,9811363528,0.75,1,0,0.0,0,,False,True,True,95.0,0.0,1.0,0.75,0.75,1.0,0.0,1.0,95.0,0.6931471805599453,0.0,1.0,4.564348191467836,0.4119681460617029,0.025432671188103346,0.01781782794348286,黄金词,0.4119681460617029,黄金词,0.30092088014216595,黄金词,0.48010869592865735,黄金词,True,稳定词
1331,911,525368335,9811363528,1.96,4,4,1.0, 00:01:04,64.0,False,True,False,64.0,1.0,0.0,0.49,1.96,4.0,1.0,0.0,64.0,1.6094379124341003,0.6931471805599453,0.0,4.174387269895637,0.21043164938611694,0.02709518677705298,0.0072212682277438675,潜力词,0.21043164938611694,潜力词,0.16594148939031603,潜力词,0.20592171613753815,潜力词,True,稳定词
1332,912,525368335,9811363528,116.42,16,8,1.0, 00:04:12,252.0,False,True,False,252.0,0.5,0.0,7.27625,116.42,16.0,0.5,0.0,252.0,2.833213344056216,0.4054651081081644,0.0,5.53338948872752,0.25339668863511794,0.02628017848413313,0.00891947584915633,问题词,0.25339668863511794,问题词,0.24596321545383212,问题词,0.2380721764019087,问题词,True,稳定词
1333,926,525368335,9811363528,1346.58,500,94,0.954, 00:02:00,120.0,False,True,False,120.0,0.188,0.04600000000000004,2.6931599999999998,1346.58,500.0,0.188,0.04600000000000004,120.0,6.2166061010848646,0.1722712209404532,0.04600000000000004,4.795790545596741,0.3562084615143004,0.023745677051091887,0.013138431595234076,重点词,0.3562084615143004,重点词,0.4705407879957121,重点词,0.30344386706272514,问题词,False,边界敏感词
1334,937,525368335,9811363528,286.55,134,107,0.908, 00:01:43,103.0,False,True,False,103.0,0.7985074626865671,0.09199999999999997,2.1384328358208955,286.55,134.0,0.7985074626865671,0.09199999999999997,103.0,4.90527477843843,0.5869571335397437,0.09199999999999997,4.6443908991413725,0.33544191822993974,0.022592381686388524,0.011403716331430145,重点词,0.33544191822993974,重点词,0.4002420213548508,重点词,0.2972262192334865,问题词,False,边界敏感词
1335,944,525368335,9811363528,1.08,3,3,1.0, 00:01:23,83.0,False,True,False,83.0,1.0,0.0,0.36000000000000004,1.08,3.0,1.0,0.0,83.0,1.3862943611198906,0.6931471805599453,0.0,4.430816798843313,0.21297860500122257,0.027331549416891126,0.007396285926052229,潜力词,0.21297860500122257,潜力词,0.1610167524786254,潜力词,0.21006251300062528,潜力词,True,稳定词
1336,954,525368335,9811363528,22.07,35,90,0.72, 00:04:09,249.0,False,True,False,249.0,2.5714285714285716,0.28,0.6305714285714286,22.07,35.0,2.5714285714285716,0.28,249.0,3.58351893845611,1.2729656758128876,0.28,5.521460917862246,0.40873968252827336,0.019574476526021237,0.013531882800989178,重点词,0.40873968252827336,重点词,0.36623643971473596,重点词,0.4047565296106431,重点词,True,稳定词
1337,957,525368335,9811363528,11.4,9,31,0.4444, 00:02:01,121.0,False,True,False,121.0,3.4444444444444446,0.5556,1.2666666666666666,11.4,9.0,3.4444444444444446,0.5556,121.0,2.302585092994046,1.491654876777717,0.5556,4.804021044733257,0.45019096831372685,0.018765344562452276,0.015365314413626497,重点词,0.45019096831372685,重点词,0.33414329065057263,重点词,0.4911707498574504,重点词,True,稳定词
1338,984,525368335,9811363528,10.36,11,8,1.0, 00:00:40,40.0,False,True,False,40.0,0.7272727272727273,0.0,0.9418181818181818,10.36,11.0,0.7272727272727273,0.0,40.0,2.4849066497880004,0.5465437063680699,0.0,3.713572066704308,0.206247707008527,0.026578987259401537,0.006906254287720601,问题词,0.206247707008527,问题词,0.2025168326411345,问题词,0.19263350440502588,问题词,True,稳定词
1339,989,525368335,9811363528,2.24,3,3,1.0, 00:00:54,54.0,False,True,False,54.0,1.0,0.0,0.7466666666666667,2.24,3.0,1.0,0.0,54.0,1.3862943611198906,0.6931471805599453,0.0,4.007333185232471,0.20173154861378134,0.027429398485036824,0.006931722059567936,潜力词,0.20173154861378134,潜力词,0.1531542374325247,潜力词,0.19878777566303754,潜力词,True,稳定词
1340,993,525368335,9811363528,2.26,4,5,0.75, 00:00:51,51.0,False,True,False,51.0,1.25,0.25,0.565,2.26,4.0,1.25,0.25,51.0,1.6094379124341003,0.8109302162163288,0.25,3.9512437185814275,0.261397177337,0.024383058658494938,0.008629350596296282,潜力词,0.261397177337,潜力词,0.19504865562433954,潜力词,0.2752076929179218,潜力词,True,稳定词
1341,1010,525368335,9811363528,4.3,4,2,1.0, 00:02:00,120.0,False,True,False,120.0,0.5,0.0,1.075,4.3,4.0,0.5,0.0,120.0,1.6094379124341003,0.4054651081081644,0.0,4.795790545596741,0.1999461910004509,0.027874084422192122,0.006966177705986599,潜力词,0.1999461910004509,潜力词,0.1601080217107661,潜力词,0.1955772742216728,潜力词,True,稳定词
1342,1014,525368335,9811363528,2.6,4,4,1.0, 00:01:37,97.0,False,True,False,97.0,1.0,0.0,0.65,2.6,4.0,1.0,0.0,97.0,1.6094379124341003,0.6931471805599453,0.0,4.584967478670572,0.2212948826965405,0.0270045931850172,0.007674250686627185,潜力词,0.2212948826965405,潜力词,0.17330749785609173,潜力词,0.21685170417669888,潜力词,True,稳定词
1356,1093,525368335,9811363528,6.03,5,6,0.8, 00:00:17,17.0,False,True,False,17.0,1.2,0.19999999999999996,1.206,6.03,5.0,1.2,0.19999999999999996,17.0,1.791759469228055,0.7884573603642702,0.19999999999999996,2.8903717578961645,0.22914315569909735,0.024987685898526398,0.007427782788383902,潜力词,0.22914315569909735,潜力词,0.18131360714891184,潜力词,0.2367522021552395,潜力词,True,稳定词
1357,1124,525368335,9811363528,6.52,6,3,1.0, 00:01:15,75.0,False,True,False,75.0,0.5,0.0,1.0866666666666667,6.52,6.0,0.5,0.0,75.0,1.9459101490553132,0.4054651081081644,0.0,4.330733340286331,0.19351742497498495,0.02754652251425082,0.006609854036595795,潜力词,0.19351742497498495,潜力词,0.16915649490833543,潜力词,0.18606286314323398,潜力词,True,稳定词
1358,1131,525368335,9811363528,8.44,10,3,1.0, 00:01:12,72.0,False,True,False,72.0,0.3,0.0,0.844,8.44,10.0,0.3,0.0,72.0,2.3978952727983707,0.262364264467491,0.0,4.290459441148391,0.19531500180869144,0.027515896124107608,0.006678721876669243,问题词,0.19531500180869144,问题词,0.19227382234679677,问题词,0.18301079022114522,问题词,True,稳定词
1359,1135,525368335,9811363528,1.46,1,1,1.0, 00:00:03,3.0,False,True,False,3.0,1.0,0.0,1.46,1.46,1.0,1.0,0.0,3.0,0.6931471805599453,0.6931471805599453,0.0,1.3862943611198906,0.13962801875520683,0.029254691864219275,0.004747684435731067,潜力词,0.13962801875520683,潜力词,0.09770305952716112,潜力词,0.13983887342209136,潜力词,True,稳定词
1360,1136,525368335,9811363528,0.15,1,1,1.0, 00:00:10,10.0,False,True,False,10.0,1.0,0.0,0.15,0.15,1.0,1.0,0.0,10.0,0.6931471805599453,0.6931471805599453,0.0,2.3978952727983707,0.15484641847660463,0.028853833647228544,0.005286509928218776,潜力词,0.15484641847660463,潜力词,0.10818517489144733,潜力词,0.1550825545299602,潜力词,True,稳定词
1362,1143,525368335,9811363528,7.32,5,4,1.0, 00:00:37,37.0,False,True,False,37.0,0.8,0.0,1.464,7.32,5.0,0.8,0.0,37.0,1.791759469228055,0.5877866649021191,0.0,3.6375861597263857,0.18804337318292377,0.02731961087307684,0.006327027347207814,潜力词,0.18804337318292377,潜力词,0.1587042598470718,潜力词,0.1817794179313626,潜力词,True,稳定词
1364,1149,525368335,9811363528,0.37,1,1,1.0,0,,False,True,True,95.0,1.0,0.0,0.37,0.37,1.0,1.0,0.0,95.0,0.6931471805599453,0.6931471805599453,0.0,4.564348191467836,0.2077482779877371,0.0282489798939777,0.007407591255185984,潜力词,0.2077482779877371,潜力词,0.14642875257666044,潜力词,0.2080581126746525,潜力词,True,稳定词
1365,1159,525368335,9811363528,10.33,9,11,0.7143, 00:00:34,34.0,False,True,False,34.0,1.2222222222222223,0.28569999999999995,1.1477777777777778,10.33,9.0,1.2222222222222223,0.28569999999999995,34.0,2.302585092994046,0.7985076962177716,0.28569999999999995,3.5553480614894135,0.2794024947971816,0.02324688232878903,0.009013682217914465,问题词,0.2794024947971816,问题词,0.2321098383433301,问题词,0.29118132352711834,问题词,True,稳定词
1367,1167,525368335,9811363528,1264.77,257,325,0.8144, 00:01:51,111.0,False,True,False,111.0,1.264591439688716,0.1856,4.921284046692607,1264.77,257.0,1.264591439688716,0.1856,111.0,5.552959584921617,0.817394362836218,0.1856,4.718498871295094,0.4002457151351618,0.020039876558798214,0.013373601367940467,重点词,0.4002457151351618,重点词,0.4683987238846148,重点词,0.3610878118896868,重点词,True,稳定词
1372,1188,525368335,9811363528,0.39,1,1,1.0, 00:02:00,120.0,False,True,False,120.0,1.0,0.0,0.39,0.39,1.0,1.0,0.0,120.0,0.6931471805599453,0.6931471805599453,0.0,4.795790545596741,0.21401869481923805,0.028205532455741852,0.007680222421411457,潜力词,0.21401869481923805,潜力词,0.15108856472007434,潜力词,0.21433632984851855,潜力词,True,稳定词
1373,1194,525368335,9811363528,3.39,3,3,1.0, 00:00:01,1.0,False,True,False,1.0,1.0,0.0,1.1300000000000001,3.39,3.0,1.0,0.0,1.0,1.3862943611198906,0.6931471805599453,0.0,0.6931471805599453,0.144810375522198,0.028669081324985534,0.004854572966881628,潜力词,0.144810375522198,潜力词,0.11609155224113735,潜力词,0.14163648526217631,潜力词,True,稳定词
1374,1196,525368335,9811363528,25.68,26,5,1.0, 00:07:13,433.0,False,True,False,433.0,0.19230769230769232,0.0,0.9876923076923076,25.68,26.0,0.19230769230769232,0.0,433.0,3.295836866004329,0.17589066646366422,0.0,6.073044534100405,0.26886746224056296,0.02656913091636413,0.009770560650072643,问题词,0.26886746224056296,问题词,0.2776967562669137,问题词,0.24966548328324195,问题词,True,稳定词
1376,1205,525368335,9811363528,12.68,11,18,0.7143, 00:01:56,116.0,False,True,False,116.0,1.6363636363636365,0.28569999999999995,1.1527272727272726,12.68,11.0,1.6363636363636365,0.28569999999999995,116.0,2.4849066497880004,0.9694005571881035,0.28569999999999995,4.762173934797756,0.32770952061228587,0.02210451432567431,0.010774895696323783,重点词,0.32770952061228587,重点词,0.26850454902262655,问题词,0.33679779830336726,重点词,False,边界敏感词
1377,1209,525368335,9811363528,21.0,22,86,0.7, 00:02:21,141.0,False,True,False,141.0,3.909090909090909,0.30000000000000004,0.9545454545454546,21.0,22.0,3.909090909090909,0.30000000000000004,141.0,3.1354942159291497,1.5910887737659039,0.30000000000000004,4.955827057601261,0.42540567630521753,0.01934993914396978,0.014325888037101072,重点词,0.42540567630521753,重点词,0.3542127943743845,重点词,0.4287748848035505,重点词,True,稳定词
1379,1217,525368335,9811363528,11.05,12,16,0.9, 00:01:13,73.0,False,True,False,73.0,1.3333333333333333,0.09999999999999998,0.9208333333333334,11.05,12.0,1.3333333333333333,0.09999999999999998,73.0,2.5649493574615367,0.8472978603872036,0.09999999999999998,4.30406509320417,0.2680422578671577,0.024314086997500876,0.008903796492128415,问题词,0.2680422578671577,问题词,0.23955608206232765,问题词,0.2593230495340473,问题词,True,稳定词
1382,1233,525368335,9811363528,3.36,2,3,0.0, 00:03:45,225.0,False,True,False,225.0,1.5,1.0,1.68,3.36,2.0,1.5,1.0,225.0,1.0986122886681098,0.9162907318741551,1.0,5.420534999272286,0.4787335232780507,0.021004259539801333,0.01929040830818555,黄金词,0.4787335232780507,黄金词,0.33970245561665524,黄金词,0.5530765290211286,黄金词,True,稳定词
1383,1235,525368335,9811363528,10.08,10,27,0.6, 00:01:59,119.0,False,True,False,119.0,2.7,0.4,1.008,10.08,10.0,2.7,0.4,119.0,2.3978952727983707,1.308332819650179,0.4,4.787491742782046,0.39302211619825095,0.0202540180541018,0.013114608043512593,重点词,0.39302211619825095,重点词,0.3029596251434714,重点词,0.4154599033314135,重点词,True,稳定词
1384,1236,525368335,9811363528,1.34,2,0,0.0,0,,False,True,True,95.0,0.0,1.0,0.67,1.34,2.0,0.0,1.0,95.0,1.0986122886681098,0.0,1.0,4.564348191467836,0.41824940034883135,0.024811131651819075,0.01783795485827032,黄金词,0.41824940034883135,黄金词,0.3099043206317119,黄金词,0.48514265371103865,黄金词,True,稳定词
1385,1241,525368335,9811363528,24.82,23,67,0.65, 00:02:57,177.0,False,True,False,177.0,2.9130434782608696,0.35,1.0791304347826087,24.82,23.0,2.9130434782608696,0.35,177.0,3.1780538303479458,1.3643154544011153,0.35,5.181783550292085,0.4169038153759109,0.01927059236230538,0.013778144484993255,重点词,0.4169038153759109,重点词,0.35026742636684444,重点词,0.4252730864843916,重点词,True,稳定词
1388,1255,525368335,9811363528,1.5,1,1,1.0, 00:00:10,10.0,False,True,False,10.0,1.0,0.0,1.5,1.5,1.0,1.0,0.0,10.0,0.6931471805599453,0.6931471805599453,0.0,2.3978952727983707,0.15484641847660463,0.028853833647228544,0.005286509928218776,潜力词,0.15484641847660463,潜力词,0.10818517489144733,潜力词,0.1550825545299602,潜力词,True,稳定词
1389,1257,525368335,9811363528,0.61,1,1,1.0, 00:02:00,120.0,False,True,False,120.0,1.0,0.0,0.61,0.61,1.0,1.0,0.0,120.0,0.6931471805599453,0.6931471805599453,0.0,4.795790545596741,0.21401869481923805,0.028205532455741852,0.007680222421411457,潜力词,0.21401869481923805,潜力词,0.15108856472007434,潜力词,0.21433632984851855,潜力词,True,稳定词
1390,1265,525368335,9811363528,4.26,1,1,1.0, 00:00:10,10.0,False,True,False,10.0,1.0,0.0,4.26,4.26,1.0,1.0,0.0,10.0,0.6931471805599453,0.6931471805599453,0.0,2.3978952727983707,0.15484641847660463,0.028853833647228544,0.005286509928218776,潜力词,0.15484641847660463,潜力词,0.10818517489144733,潜力词,0.1550825545299602,潜力词,True,稳定词
1391,1270,525368335,9811363528,16.29,16,160,0.6429, 00:19:23,1163.0,False,True,False,1163.0,10.0,0.3571,1.018125,16.29,16.0,10.0,0.3571,1160.4800000000007,2.833213344056216,2.3978952727983707,0.3571,7.057450332948998,0.5271100426532876,0.018019697190411476,0.020085779380747418,重点词,0.5271100426532876,重点词,0.41180623122108656,重点词,0.5388480295052983,重点词,True,稳定词
1395,1282,525368335,9811363528,0.65,1,0,0.0,0,,False,True,True,95.0,0.0,1.0,0.65,0.65,1.0,0.0,1.0,95.0,0.6931471805599453,0.0,1.0,4.564348191467836,0.4119681460617029,0.025432671188103346,0.01781782794348286,黄金词,0.4119681460617029,黄金词,0.30092088014216595,黄金词,0.48010869592865735,黄金词,True,稳定词
1397,1292,525368335,9811363528,6.18,8,15,0.5714, 00:00:48,48.0,False,True,False,48.0,1.875,0.4286,0.7725,6.18,8.0,1.875,0.4286,48.0,2.1972245773362196,1.0560526742493137,0.4286,3.8918202981106265,0.35260269361254387,0.021309276731591796,0.011606023535101869,黄金词,0.35260269361254387,黄金词,0.27053068010028897,潜力词,0.38121995735036623,黄金词,False,边界敏感词
1398,1294,525368335,9811363528,1.3,2,2,1.0, 00:00:22,22.0,False,True,False,22.0,1.0,0.0,0.65,1.3,2.0,1.0,0.0,22.0,1.0986122886681098,0.6931471805599453,0.0,3.1354942159291497,0.1751265037576515,0.02805720739811539,0.005956744469568525,潜力词,0.1751265037576515,潜力词,0.1275735992419187,潜力词,0.17384978812785148,潜力词,True,稳定词
1399,1295,525368335,9811363528,0.23,1,1,1.0, 00:00:05,5.0,False,True,False,5.0,1.0,0.0,0.23,0.23,1.0,1.0,0.0,5.0,0.6931471805599453,0.6931471805599453,0.0,1.791759469228055,0.14456425964062372,0.02908526951465847,0.004915261609326934,潜力词,0.14456425964062372,潜力词,0.10103787637875995,潜力词,0.14478385638610733,潜力词,True,稳定词
1400,1296,525368335,9811363528,10.54,6,14,0.3333, 00:05:43,343.0,False,True,False,343.0,2.3333333333333335,0.6667000000000001,1.7566666666666666,10.54,6.0,2.3333333333333335,0.6667000000000001,343.0,1.9459101490553132,1.2039728043259361,0.6667000000000001,5.840641657373398,0.4536700980606252,0.01930368091800825,0.016029697045532802,重点词,0.4536700980606252,重点词,0.3281111220010665,重点词,0.5076670865438322,重点词,True,稳定词
1402,1308,525368335,9811363528,44.83,48,61,0.7, 00:02:48,168.0,False,True,False,168.0,1.2708333333333333,0.30000000000000004,0.9339583333333333,44.83,48.0,1.2708333333333333,0.30000000000000004,168.0,3.8918202981106265,0.8201468713212527,0.30000000000000004,5.1298987149230735,0.3692911873082791,0.02050619981134644,0.012006743402227304,重点词,0.3692911873082791,重点词,0.3618622871567416,重点词,0.3631755049132209,重点词,True,稳定词
1404,1315,525368335,9811363528,0.63,1,0,0.0,0,,False,True,True,95.0,0.0,1.0,0.63,0.63,1.0,0.0,1.0,95.0,0.6931471805599453,0.0,1.0,4.564348191467836,0.4119681460617029,0.025432671188103346,0.01781782794348286,黄金词,0.4119681460617029,黄金词,0.30092088014216595,黄金词,0.48010869592865735,黄金词,True,稳定词
1405,1318,525368335,9811363528,239.2,249,245,0.8079, 00:01:31,91.0,False,True,False,91.0,0.9839357429718876,0.19210000000000005,0.9606425702811244,239.2,249.0,0.9839357429718876,0.19210000000000005,91.0,5.521460917862246,0.6850826207232149,0.19210000000000005,4.5217885770490405,0.3852338920354271,0.020554057791304155,0.012879889729577435,重点词,0.3852338920354271,重点词,0.4592831336617833,重点词,0.34645141060907864,重点词,True,稳定词
1406,1323,525368335,9811363528,16.79,16,60,0.5, 00:04:07,247.0,False,True,False,247.0,3.75,0.5,1.049375,16.79,16.0,3.75,0.5,247.0,2.833213344056216,1.55814461804655,0.5,5.5134287461649825,0.46897562702789214,0.01794942765586009,0.01585208611534093,重点词,0.46897562702789214,重点词,0.36490110305226175,重点词,0.4983739044975705,重点词,True,稳定词
1407,1325,525368335,9811363528,5.23,8,63,0.5, 00:15:09,909.0,False,True,False,909.0,7.875,0.5,0.65375,5.23,8.0,7.875,0.5,909.0,2.1972245773362196,2.1832383353614797,0.5,6.813444599510896,0.5197121519675622,0.017952672190999438,0.019426312650163865,黄金词,0.5197121519675622,黄金词,0.38225147298070167,黄金词,0.5530013429664764,黄金词,True,稳定词
1408,1327,525368335,9811363528,8.67,6,34,0.4, 00:08:25,505.0,False,True,False,505.0,5.666666666666667,0.6,1.445,8.67,6.0,5.666666666666667,0.6,505.0,1.9459101490553132,1.8971199848858813,0.6,6.226536669287466,0.5044123354766759,0.018068231276634348,0.018389962843296158,重点词,0.5044123354766759,重点词,0.3616728384066004,重点词,0.5516247072169096,重点词,True,稳定词
1409,1337,525368335,9811363528,0.15,1,1,1.0, 00:00:02,2.0,False,True,False,2.0,1.0,0.0,0.15,0.15,1.0,1.0,0.0,2.0,0.6931471805599453,0.6931471805599453,0.0,1.0986122886681098,0.13721737004141432,0.02938187074738171,0.004672907046176866,潜力词,0.13721737004141432,潜力词,0.09614406329892622,潜力词,0.13742336656649506,潜力词,True,稳定词
1411,1353,525368335,9811363528,113.91,107,560,0.3587, 00:05:41,341.0,False,True,False,341.0,5.233644859813084,0.6413,1.0645794392523364,113.91,107.0,5.233644859813084,0.6413,341.0,4.68213122712422,1.8299612114537176,0.6413,5.834810737062605,0.6037054886593771,0.013044040818830479,0.01987097678942217,重点词,0.6037054886593771,重点词,0.5228883379138999,重点词,0.629138099591362,重点词,True,稳定词
1412,1370,525368335,9811363528,1.66,2,2,1.0, 00:00:04,4.0,False,True,False,4.0,1.0,0.0,0.83,1.66,2.0,1.0,0.0,4.0,1.0986122886681098,0.6931471805599453,0.0,1.6094379124341003,0.1463096898874082,0.02861954221561427,0.004904959441010702,潜力词,0.1463096898874082,潜力词,0.10789411181199607,潜力词,0.14501469736973716,潜力词,True,稳定词
1414,1381,525368335,9811363528,2.27,3,2,1.0, 00:01:01,61.0,False,True,False,61.0,0.6666666666666666,0.0,0.7566666666666667,2.27,3.0,0.6666666666666666,0.0,61.0,1.3862943611198906,0.5108256237659907,0.0,4.127134385045092,0.1845693873097629,0.02795652499713718,0.006327845201945849,潜力词,0.1845693873097629,潜力词,0.14203534767515963,潜力词,0.18163880459460063,潜力词,True,稳定词
1418,1398,525368335,9811363528,5.87,4,4,0.6667, 00:01:27,87.0,False,True,False,87.0,1.0,0.33330000000000004,1.4675,5.87,4.0,1.0,0.33330000000000004,87.0,1.6094379124341003,0.6931471805599453,0.33330000000000004,4.477336814478207,0.2823124894210442,0.023930208829586224,0.009413284650301446,潜力词,0.2823124894210442,潜力词,0.20860044656728916,潜力词,0.3050915186265128,潜力词,True,稳定词
1420,1402,525368335,9811363528,0.75,1,1,1.0, 00:02:00,120.0,False,True,False,120.0,1.0,0.0,0.75,0.75,1.0,1.0,0.0,120.0,0.6931471805599453,0.6931471805599453,0.0,4.795790545596741,0.21401869481923805,0.028205532455741852,0.007680222421411457,潜力词,0.21401869481923805,潜力词,0.15108856472007434,潜力词,0.21433632984851855,潜力词,True,稳定词
1422,1437,525368335,9811363528,19.68,21,43,0.75, 00:01:29,89.0,False,True,False,89.0,2.0476190476190474,0.25,0.9371428571428572,19.68,21.0,2.0476190476190474,0.25,89.0,3.091042453358316,1.1143606456362487,0.25,4.499809670330265,0.3499353169340527,0.021233057293699877,0.01142993432362175,重点词,0.3499353169340527,重点词,0.30940908728901395,重点词,0.3485394020541196,重点词,True,稳定词
1423,1441,525368335,9811363528,34.01,50,42,0.8182, 00:01:16,76.0,False,True,False,76.0,0.84,0.18179999999999996,0.6801999999999999,34.01,50.0,0.84,0.18179999999999996,76.0,3.9318256327243257,0.6097655716208943,0.18179999999999996,4.343805421853684,0.30828051028392467,0.022605148015418478,0.010074497927038682,问题词,0.30828051028392467,问题词,0.33403457582889867,重点词,0.2885241050376259,问题词,False,边界敏感词
1429,1523,525368335,9811363528,7.77,7,9,0.8, 00:02:52,172.0,False,True,False,172.0,1.2857142857142858,0.19999999999999996,1.1099999999999999,7.77,7.0,1.2857142857142858,0.19999999999999996,172.0,2.0794415416798357,0.826678573184468,0.19999999999999996,5.153291594497779,0.28977376427287244,0.023842473923809778,0.009727778376712353,潜力词,0.28977376427287244,潜力词,0.23067218058032696,潜力词,0.2940615837309591,潜力词,True,稳定词
1430,1525,525368335,9811363528,29.45,32,180,0.7241, 00:06:40,400.0,False,True,False,400.0,5.625,0.27590000000000003,0.9203125,29.45,32.0,5.625,0.27590000000000003,400.0,3.4965075614664802,1.890850371872286,0.27590000000000003,5.993961427306569,0.4762711532644456,0.01834545714199736,0.016683083402114586,重点词,0.4762711532644456,重点词,0.40202853594206084,重点词,0.47326113815970877,重点词,True,稳定词
1432,1535,525368335,9811363528,6.01,10,18,0.4, 00:04:21,261.0,False,True,False,261.0,1.8,0.6,0.601,6.01,10.0,1.8,0.6,261.0,2.3978952727983707,1.0296194171811581,0.6,5.568344503761097,0.4295154106397872,0.019488894191684578,0.01467310519473353,黄金词,0.4295154106397872,黄金词,0.3261494610654729,黄金词,0.47372484509608664,黄金词,True,稳定词
1434,1561,525368335,9811363528,14.9,16,14,0.8333, 00:01:35,95.0,False,True,False,95.0,0.875,0.16669999999999996,0.93125,14.9,16.0,0.875,0.16669999999999996,95.0,2.833213344056216,0.6286086594223741,0.16669999999999996,4.564348191467836,0.27068114000932497,0.023940090629450336,0.008885182296792695,问题词,0.27068114000932497,问题词,0.25435721374169046,问题词,0.2638697887491816,问题词,True,稳定词
1436,1575,525368335,9811363528,33.51,40,8,0.5, 00:01:00,60.0,False,True,False,60.0,0.2,0.5,0.83775,33.51,40.0,0.2,0.5,60.0,3.713572066704308,0.18232155679395465,0.5,4.110873864173311,0.34791036743637066,0.02204695559146748,0.011762745545463554,重点词,0.34791036743637066,重点词,0.341556328258821,重点词,0.36731853555812194,重点词,True,稳定词
1440,1610,525368335,9811363528,9.46,9,5,1.0, 00:00:33,33.0,False,True,False,33.0,0.5555555555555556,0.0,1.051111111111111,9.46,9.0,0.5555555555555556,0.0,33.0,2.302585092994046,0.44183275227903923,0.0,3.5263605246161616,0.18462373394637843,0.027196742599983455,0.006158094586551622,问题词,0.18462373394637843,问题词,0.1815674329583715,问题词,0.1725691164656442,问题词,True,稳定词
1441,1617,525368335,9811363528,3.61,3,2,1.0, 00:00:02,2.0,False,True,False,2.0,0.6666666666666666,0.0,1.2033333333333334,3.61,3.0,0.6666666666666666,0.0,2.0,1.3862943611198906,0.5108256237659907,0.0,1.0986122886681098,0.11469158207608064,0.02900985337899718,0.0037582224595070417,潜力词,0.11469158207608064,潜力词,0.09746644266962029,潜力词,0.11100452767559153,潜力词,True,稳定词
1443,1628,525368335,9811363528,2.96,3,14,0.3333, 00:04:14,254.0,False,True,False,254.0,4.666666666666667,0.6667000000000001,0.9866666666666667,2.96,3.0,4.666666666666667,0.6667000000000001,254.0,1.3862943611198906,1.7346010553881064,0.6667000000000001,5.541263545158426,0.4815698235903793,0.01911298956734261,0.017754057215522718,黄金词,0.4815698235903793,黄金词,0.3343459238760847,黄金词,0.5392571844171075,黄金词,True,稳定词
1444,1629,525368335,9811363528,6.69,8,16,0.7143, 00:05:39,339.0,False,True,False,339.0,2.0,0.28569999999999995,0.83625,6.69,8.0,2.0,0.28569999999999995,339.0,2.1972245773362196,1.0986122886681098,0.28569999999999995,5.8289456176102075,0.3548423245260098,0.021952781770743567,0.012074220627724529,黄金词,0.3548423245260098,黄金词,0.2747204927779653,潜力词,0.3661488613417148,黄金词,False,边界敏感词
1445,1638,525368335,9811363528,19.33,26,59,0.5789, 00:02:00,120.0,False,True,False,120.0,2.269230769230769,0.42110000000000003,0.7434615384615384,19.33,26.0,2.269230769230769,0.42110000000000003,120.0,3.295836866004329,1.1845547184688343,0.42110000000000003,4.795790545596741,0.4133201126879302,0.019052210738668182,0.013422416653038925,重点词,0.4133201126879302,重点词,0.3530197003389207,重点词,0.4288238982481681,重点词,True,稳定词
1448,1641,525368335,9811363528,0.34,1,1,1.0, 00:00:01,1.0,False,True,False,1.0,1.0,0.0,0.34,0.34,1.0,1.0,0.0,1.0,0.6931471805599453,0.6931471805599453,0.0,0.6931471805599453,0.1354663103126751,0.029570784147216124,0.004633532584397842,潜力词,0.1354663103126751,潜力词,0.09516320728013836,潜力词,0.13566748995043118,潜力词,True,稳定词
1450,1649,525368335,9811363528,12.97,12,31,0.6, 00:02:40,160.0,False,True,False,160.0,2.5833333333333335,0.4,1.0808333333333333,12.97,12.0,2.5833333333333335,0.4,160.0,2.5649493574615367,1.2762934659055623,0.4,5.081404364984463,0.39900871754713213,0.02000810286267884,0.013283732554664267,重点词,0.39900871754713213,重点词,0.31307823794189277,重点词,0.41974267302855334,重点词,True,稳定词
1451,1652,525368335,9811363528,2.48,3,2,1.0, 00:00:02,2.0,False,True,False,2.0,0.6666666666666666,0.0,0.8266666666666667,2.48,3.0,0.6666666666666666,0.0,2.0,1.3862943611198906,0.5108256237659907,0.0,1.0986122886681098,0.11469158207608064,0.02900985337899718,0.0037582224595070417,潜力词,0.11469158207608064,潜力词,0.09746644266962029,潜力词,0.11100452767559153,潜力词,True,稳定词
1452,1660,525368335,9811363528,24.25,18,38,0.6667, 00:04:42,282.0,False,True,False,282.0,2.111111111111111,0.33330000000000004,1.3472222222222223,24.25,18.0,2.111111111111111,0.33330000000000004,282.0,2.9444389791664403,1.1349799328389845,0.33330000000000004,5.645446897643238,0.38786599582250947,0.020328275793148633,0.012880589674900701,重点词,0.38786599582250947,重点词,0.32368658820358237,重点词,0.3969152790359835,重点词,True,稳定词
1454,1672,525368335,9811363528,662.43,3390,507,0.9859, 00:01:06,66.0,False,True,False,66.0,0.1495575221238938,0.014100000000000001,0.1954070796460177,662.43,3390.0,0.1495575221238938,0.014100000000000001,66.0,8.128880142125638,0.1393771049642133,0.014100000000000001,4.204692619390966,0.4113208080829041,0.023506405665865576,0.016424351168454466,重点词,0.4113208080829041,重点词,0.5657275334371019,重点词,0.3431629835913235,重点词,True,稳定词
1455,1677,525368335,9811363528,24.31,21,39,0.5333, 00:03:08,188.0,False,True,False,188.0,1.8571428571428572,0.4667,1.1576190476190475,24.31,21.0,1.8571428571428572,0.4667,188.0,3.091042453358316,1.0498221244986776,0.4667,5.241747015059643,0.41156154479946333,0.019306559275584823,0.013503259839661906,重点词,0.41156154479946333,重点词,0.3426931230309048,重点词,0.4346408286975476,重点词,True,稳定词
1456,1678,525368335,9811363528,5.64,6,10,0.75, 00:06:36,396.0,False,True,False,396.0,1.6666666666666667,0.25,0.94,5.64,6.0,1.6666666666666667,0.25,396.0,1.9459101490553132,0.9808292530117262,0.25,5.983936280687191,0.3316195633465477,0.022979129899476196,0.01140118502196519,黄金词,0.3316195633465477,黄金词,0.2525187577265215,潜力词,0.34144743663350735,黄金词,False,边界敏感词
1457,1688,525368335,9811363528,0.64,2,9,0.5, 00:19:39,1179.0,False,True,False,1179.0,4.5,0.5,0.32,0.64,2.0,4.5,0.5,1160.4800000000007,1.0986122886681098,1.7047480922384253,0.5,7.057450332948998,0.45375754888719266,0.02056671312243807,0.017084540602971737,黄金词,0.45375754888719266,黄金词,0.3145804741469696,黄金词,0.49446453711312266,黄金词,True,稳定词
1458,1694,525368335,9811363528,0.85,2,11,0.5, 00:11:08,668.0,False,True,False,668.0,5.5,0.5,0.425,0.85,2.0,5.5,0.5,668.0,1.0986122886681098,1.8718021769015913,0.5,6.505784060128229,0.4615619659845223,0.020326474296885794,0.017424340119581487,黄金词,0.4615619659845223,黄金词,0.319579029873188,黄金词,0.5026162429358952,黄金词,True,稳定词
1461,1705,525368335,9811363528,14.22,13,33,0.7273, 00:01:17,77.0,False,True,False,77.0,2.5384615384615383,0.27270000000000005,1.093846153846154,14.22,13.0,2.5384615384615383,0.27270000000000005,77.0,2.6390573296152584,1.2636920390275583,0.27270000000000005,4.356708826689592,0.3565032590399175,0.021275546525057518,0.01178685328339355,重点词,0.3565032590399175,重点词,0.2919460896533888,重点词,0.36249985632005893,重点词,True,稳定词
1462,1716,525368335,9811363528,3.37,2,2,0.0, 00:00:17,17.0,False,True,False,17.0,1.0,1.0,1.685,3.37,2.0,1.0,1.0,17.0,1.0986122886681098,0.6931471805599453,1.0,2.8903717578961645,0.44144022527044313,0.022528962621605034,0.017805060057548856,黄金词,0.44144022527044313,黄金词,0.31708910675857976,黄金词,0.5153123520349286,黄金词,True,稳定词
1465,1719,525368335,9811363528,49.34,66,98,0.7381, 00:01:54,114.0,False,True,False,114.0,1.4848484848484849,0.2619,0.7475757575757577,49.34,66.0,1.4848484848484849,0.2619,114.0,4.204692619390966,0.9102116857977729,0.2619,4.74493212836325,0.3741414126217965,0.02027629660339857,0.01212127213227765,重点词,0.3741414126217965,重点词,0.3817097353846023,重点词,0.35966639046673354,重点词,True,稳定词
1469,1742,525368335,9811363528,13.43,15,37,0.6923, 00:01:45,105.0,False,True,False,105.0,2.466666666666667,0.3077,0.8953333333333333,13.43,15.0,2.466666666666667,0.3077,105.0,2.772588722239781,1.2431935174792172,0.3077,4.663439094112067,0.3715246669891846,0.020715824524452496,0.01224620824970572,重点词,0.3715246669891846,重点词,0.3061831847328934,重点词,0.37982660896799897,重点词,True,稳定词
1471,1765,525368335,9811363528,33.74,46,46,0.9286, 00:01:10,70.0,False,True,False,70.0,1.0,0.07140000000000002,0.7334782608695652,33.74,46.0,1.0,0.07140000000000002,70.0,3.8501476017100584,0.6931471805599453,0.07140000000000002,4.2626798770413155,0.292046706165534,0.02360534871021447,0.009737738914057372,问题词,0.292046706165534,问题词,0.3210174220113979,重点词,0.26547509977443723,问题词,False,边界敏感词
1474,1816,525368335,9811363528,1.16,2,6,0.0, 00:00:41,41.0,False,True,False,41.0,3.0,1.0,0.58,1.16,2.0,3.0,1.0,41.0,1.0986122886681098,1.3862943611198906,1.0,3.7376696182833684,0.49618189781389277,0.020086463786884164,0.019782019897460208,黄金词,0.49618189781389277,黄金词,0.3483998564599688,黄金词,0.5729411652712967,黄金词,True,稳定词
1476,1869,525368335,9811363528,16.93,17,11,1.0, 00:01:58,118.0,False,True,False,118.0,0.6470588235294118,0.0,0.9958823529411764,16.93,17.0,0.6470588235294118,0.0,118.0,2.8903717578961645,0.49899116611898786,0.0,4.77912349311153,0.2425986488695404,0.026010990457380114,0.008331423136888503,问题词,0.2425986488695404,问题词,0.24301114239858437,问题词,0.22562151918800116,问题词,True,稳定词
1477,1879,525368335,9811363528,1.82,2,2,1.0, 00:00:28,28.0,False,True,False,28.0,1.0,0.0,0.91,1.82,2.0,1.0,0.0,28.0,1.0986122886681098,0.6931471805599453,0.0,3.367295829986474,0.18074784603968497,0.02798703250122311,0.006174650645939925,潜力词,0.18074784603968497,潜力词,0.13152689758073327,潜力词,0.17947266421528946,潜力词,True,稳定词
1478,1881,525368335,9811363528,2.24,3,8,0.3333, 00:08:50,530.0,False,True,False,530.0,2.6666666666666665,0.6667000000000001,0.7466666666666667,2.24,3.0,2.6666666666666665,0.6667000000000001,530.0,1.3862943611198906,1.2992829841302609,0.6667000000000001,6.274762021241939,0.45266832827979214,0.01998679914597238,0.016529997119728634,黄金词,0.45266832827979214,黄金词,0.3160986170144384,黄金词,0.5094010676156853,黄金词,True,稳定词
1479,1906,525368335,9811363528,0.81,1,1,1.0,0,,False,True,True,95.0,1.0,0.0,0.81,0.81,1.0,1.0,0.0,95.0,0.6931471805599453,0.6931471805599453,0.0,4.564348191467836,0.2077482779877371,0.0282489798939777,0.007407591255185984,潜力词,0.2077482779877371,潜力词,0.14642875257666044,潜力词,0.2080581126746525,潜力词,True,稳定词
1480,1916,525368335,9811363528,1457.46,924,1318,0.698, 00:02:54,174.0,False,True,False,174.0,1.4264069264069263,0.30200000000000005,1.5773376623376625,1457.46,924.0,1.4264069264069263,0.30200000000000005,174.0,6.829793737512425,0.886411531990421,0.30200000000000005,5.1647859739235145,0.4876757573072718,0.01726131159690649,0.016430850823873473,重点词,0.4876757573072718,重点词,0.5778810399203567,重点词,0.4449563496103098,重点词,True,稳定词
1483,1930,525368335,9811363528,6.29,5,39,0.5, 00:07:58,478.0,False,True,False,478.0,7.8,0.5,1.258,6.29,5.0,7.8,0.5,478.0,1.791759469228055,2.174751721484161,0.5,6.171700597410915,0.501076573878262,0.01874809897267864,0.01882900803633176,黄金词,0.501076573878262,黄金词,0.359631814861147,黄金词,0.5375928824382652,黄金词,True,稳定词
1484,1935,525368335,9811363528,1.11,2,2,1.0, 00:00:05,5.0,False,True,False,5.0,1.0,0.0,0.555,1.11,2.0,1.0,0.0,5.0,1.0986122886681098,0.6931471805599453,0.0,1.791759469228055,0.14874930421600546,0.028543377389896204,0.004987728700546401,潜力词,0.14874930421600546,潜力词,0.109502006789831,潜力词,0.14745555241517355,潜力词,True,稳定词
1485,1939,525368335,9811363528,0.2,1,0,0.0,0,,False,True,True,95.0,0.0,1.0,0.2,0.2,1.0,0.0,1.0,95.0,0.6931471805599453,0.0,1.0,4.564348191467836,0.4119681460617029,0.025432671188103346,0.01781782794348286,黄金词,0.4119681460617029,黄金词,0.30092088014216595,黄金词,0.48010869592865735,黄金词,True,稳定词
1486,1952,525368335,9811363528,23556.53,28520,31283,0.6368, 00:03:30,210.0,False,True,False,210.0,1.0968793828892005,0.36319999999999997,0.8259652875175315,23556.53,16611.160000000033,1.0968793828892005,0.36319999999999997,210.0,9.717890236295883,0.740450231376238,0.36319999999999997,5.351858133476067,0.5729909776010012,0.01608507517112437,0.021584094161073986,重点词,0.5729909776010012,重点词,0.7087702346779847,重点词,0.5169513744398917,重点词,True,稳定词
1489,1958,525368335,9811363528,0.73,2,1,1.0, 00:00:19,19.0,False,True,False,19.0,0.5,0.0,0.365,0.73,2.0,0.5,0.0,19.0,1.0986122886681098,0.4054651081081644,0.0,2.995732273553991,0.13335815916979363,0.028976456838700582,0.00445887419833123,潜力词,0.13335815916979363,潜力词,0.09930833308622458,潜力词,0.13204315807481892,潜力词,True,稳定词
1491,1988,525368335,9811363528,0.15,1,1,1.0, 00:00:01,1.0,False,True,False,1.0,1.0,0.0,0.15,0.15,1.0,1.0,0.0,1.0,0.6931471805599453,0.6931471805599453,0.0,0.6931471805599453,0.1354663103126751,0.029570784147216124,0.004633532584397842,潜力词,0.1354663103126751,潜力词,0.09516320728013836,潜力词,0.13566748995043118,潜力词,True,稳定词
1493,2010,525368335,9811363528,2.75,3,2,1.0, 00:02:00,120.0,False,True,False,120.0,0.6666666666666666,0.0,0.9166666666666666,2.75,3.0,0.6666666666666666,0.0,120.0,1.3862943611198906,0.5108256237659907,0.0,4.795790545596741,0.2047146626674918,0.02781778793446697,0.007160586025967778,潜力词,0.2047146626674918,潜力词,0.15608373613108387,潜力词,0.20186545067827014,潜力词,True,稳定词
1495,2019,525368335,9811363528,4.98,5,3,1.0, 00:00:42,42.0,False,True,False,42.0,0.6,0.0,0.9960000000000001,4.98,5.0,0.6,0.0,42.0,1.791759469228055,0.4700036292457356,0.0,3.7612001156935624,0.17848853281557028,0.027661751291865336,0.006010026153519074,潜力词,0.17848853281557028,潜力词,0.15314207129331958,潜力词,0.17214982788731786,潜力词,True,稳定词
1496,2030,525368335,9811363528,0.5,1,1,1.0, 00:00:33,33.0,False,True,False,33.0,1.0,0.0,0.5,0.5,1.0,1.0,0.0,33.0,0.6931471805599453,0.6931471805599453,0.0,3.5263605246161616,0.18044673927405275,0.0284946008834406,0.0062738543822983646,潜力词,0.18044673927405275,潜力词,0.12644894220032268,潜力词,0.18072035421266533,潜力词,True,稳定词
1497,2042,525368335,9811363528,0.31,1,1,1.0, 00:00:05,5.0,False,True,False,5.0,1.0,0.0,0.31,0.31,1.0,1.0,0.0,5.0,0.6931471805599453,0.6931471805599453,0.0,1.791759469228055,0.14456425964062372,0.02908526951465847,0.004915261609326934,潜力词,0.14456425964062372,潜力词,0.10103787637875995,潜力词,0.14478385638610733,潜力词,True,稳定词
1498,2043,525368335,9811363528,2.64,2,0,0.0,0,,False,True,True,95.0,0.0,1.0,1.32,2.64,2.0,0.0,1.0,95.0,1.0986122886681098,0.0,1.0,4.564348191467836,0.41824940034883135,0.024811131651819075,0.01783795485827032,黄金词,0.41824940034883135,黄金词,0.3099043206317119,黄金词,0.48514265371103865,黄金词,True,稳定词
1500,2054,525368335,9811363528,0.92,1,1,1.0, 00:28:48,1728.0,False,True,False,1728.0,1.0,0.0,0.92,0.92,1.0,1.0,0.0,1160.4800000000007,0.6931471805599453,0.6931471805599453,0.0,7.057450332948998,0.2740502987456366,0.02800269606482625,0.010571183112258038,潜力词,0.2740502987456366,潜力词,0.19725579968047652,潜力词,0.2744313957949814,潜力词,True,稳定词
1501,2056,525368335,9811363528,24.53,26,52,0.3684, 00:02:35,155.0,False,True,False,155.0,2.0,0.6315999999999999,0.9434615384615385,24.53,26.0,2.0,0.6315999999999999,155.0,3.295836866004329,1.0986122886681098,0.6315999999999999,5.049856007249537,0.4658890492856121,0.01772832394570307,0.015463888125573422,重点词,0.4658890492856121,重点词,0.38250513315636736,重点词,0.5054625422612212,重点词,True,稳定词
1502,2060,525368335,9811363528,0.83,1,0,0.0,0,,False,True,True,95.0,0.0,1.0,0.83,0.83,1.0,0.0,1.0,95.0,0.6931471805599453,0.0,1.0,4.564348191467836,0.4119681460617029,0.025432671188103346,0.01781782794348286,黄金词,0.4119681460617029,黄金词,0.30092088014216595,黄金词,0.48010869592865735,黄金词,True,稳定词
1505,2076,525368335,9811363528,3.75,5,5,0.6667, 00:01:35,95.0,False,True,False,95.0,1.0,0.33330000000000004,0.75,3.75,5.0,1.0,0.33330000000000004,95.0,1.791759469228055,0.6931471805599453,0.33330000000000004,4.564348191467836,0.28828200899467343,0.023641270409682544,0.009575917730086723,潜力词,0.28828200899467343,潜力词,0.21810549931228623,潜力词,0.30957289531331283,潜力词,True,稳定词
1506,2078,525368335,9811363528,127.96,115,117,0.9231, 00:01:26,86.0,False,True,False,86.0,1.017391304347826,0.07689999999999997,1.112695652173913,127.96,115.0,1.017391304347826,0.07689999999999997,86.0,4.7535901911063645,0.7018052433030598,0.07689999999999997,4.465908118654584,0.333718594169639,0.022533821961215127,0.011286455423131338,重点词,0.333718594169639,重点词,0.39133012374917875,重点词,0.29647723657457736,问题词,False,边界敏感词
1507,2091,525368335,9811363528,4.76,5,2,1.0, 00:02:00,120.0,False,True,False,120.0,0.4,0.0,0.952,4.76,5.0,0.4,0.0,120.0,1.791759469228055,0.33647223662121295,0.0,4.795790545596741,0.19878117848922783,0.0278797406590814,0.006916921514320333,潜力词,0.19878117848922783,潜力词,0.16628619315449455,潜力词,0.1929783949668481,潜力词,True,稳定词
1509,2093,525368335,9811363528,1.85,3,11,0.6667, 00:04:49,289.0,False,True,False,289.0,3.6666666666666665,0.33330000000000004,0.6166666666666667,1.85,3.0,3.6666666666666665,0.33330000000000004,289.0,1.3862943611198906,1.5404450409471488,0.33330000000000004,5.66988092298052,0.3907002840043726,0.02177167461547099,0.013960616150322232,黄金词,0.3907002840043726,黄金词,0.27609971553971746,潜力词,0.41293158139856045,黄金词,False,边界敏感词
1511,2101,525368335,9811363528,3.75,3,5,0.5, 00:02:52,172.0,False,True,False,172.0,1.6666666666666667,0.5,1.25,3.75,3.0,1.6666666666666667,0.5,172.0,1.3862943611198906,0.9808292530117262,0.5,5.153291594497779,0.36535578552527553,0.022002700020404258,0.01266664623467067,黄金词,0.36535578552527553,黄金词,0.25703136806732957,潜力词,0.40671700572851804,黄金词,False,边界敏感词
1512,2113,525368335,9811363528,66.87,69,68,0.8776, 00:00:45,45.0,False,True,False,45.0,0.9855072463768116,0.12239999999999995,0.9691304347826087,66.87,69.0,0.9855072463768116,0.12239999999999995,45.0,4.248495242049359,0.6858744212308656,0.12239999999999995,3.828641396489095,0.30767363824824784,0.022766862680776344,0.01011771883822101,问题词,0.30767363824824784,问题词,0.351728085008655,重点词,0.2782716542472779,问题词,False,边界敏感词
1513,2116,525368335,9811363528,23.67,33,18,1.0, 00:00:54,54.0,False,True,False,54.0,0.5454545454545454,0.0,0.7172727272727273,23.67,33.0,0.5454545454545454,0.0,54.0,3.5263605246161616,0.4353180712578455,0.0,4.007333185232471,0.2428188095456869,0.025712166444782532,0.008245579427582686,问题词,0.2428188095456869,问题词,0.2783869806777592,重点词,0.21642628348461587,问题词,False,边界敏感词
1514,2127,525368335,9811363528,16.0,6,7,0.8333, 00:00:07,7.0,False,True,False,7.0,1.1666666666666667,0.16669999999999996,2.6666666666666665,16.0,6.0,1.1666666666666667,0.16669999999999996,7.0,1.9459101490553132,0.7731898882334818,0.16669999999999996,2.0794415416798357,0.20989916007305534,0.025458511163656484,0.006763339361158123,问题词,0.20989916007305534,问题词,0.176702944574653,问题词,0.2127658119439957,问题词,True,稳定词
1516,2147,525368335,9811363528,12.55,11,5,1.0, 00:00:27,27.0,False,True,False,27.0,0.45454545454545453,0.0,1.1409090909090909,12.55,11.0,0.45454545454545453,0.0,27.0,2.4849066497880004,0.37469344944141064,0.0,3.332204510175204,0.17995480620235435,0.027269884111119413,0.0059842393413113435,问题词,0.17995480620235435,问题词,0.18925361046027667,问题词,0.16513008389271683,问题词,True,稳定词
1518,2175,525368335,9811363528,8.76,7,19,0.75, 00:02:24,144.0,False,True,False,144.0,2.7142857142857144,0.25,1.2514285714285713,8.76,7.0,2.7142857142857144,0.25,144.0,2.0794415416798357,1.3121863889661687,0.25,4.976733742420574,0.3523870721143932,0.022052247136916052,0.011999338597968043,重点词,0.3523870721143932,重点词,0.2689019738864881,问题词,0.36130304985112,重点词,False,边界敏感词
1521,2186,525368335,9811363528,8.06,8,48,0.8571, 00:17:58,1078.0,False,True,False,1078.0,6.0,0.14290000000000003,1.0075,8.06,8.0,6.0,0.14290000000000003,1078.0,2.1972245773362196,1.9459101490553132,0.14290000000000003,6.983789965258135,0.4328317055267242,0.02165421558893432,0.016525308548684125,重点词,0.4328317055267242,重点词,0.3334484163207644,重点词,0.431613635947622,重点词,True,稳定词
1523,2198,525368335,9811363528,2.35,2,2,1.0, 00:02:46,166.0,False,True,False,166.0,1.0,0.0,1.175,2.35,2.0,1.0,0.0,166.0,1.0986122886681098,0.6931471805599453,0.0,5.117993812416755,0.22723351670825623,0.027591782796187205,0.008113418442167274,潜力词,0.22723351670825623,潜力词,0.16526844508036373,潜力词,0.22594507483705864,潜力词,True,稳定词
1524,2206,525368335,9811363528,32.01,43,63,0.8378, 00:02:42,162.0,False,True,False,162.0,1.4651162790697674,0.1622,0.7444186046511627,32.01,43.0,1.4651162790697674,0.1622,162.0,3.784189633918261,0.9022389784185046,0.1622,5.093750200806762,0.3424508065384911,0.02178479728698174,0.011345495478341164,重点词,0.3424508065384911,重点词,0.3424787620523203,重点词,0.3244983588974656,重点词,True,稳定词
1526,2217,525368335,9811363528,2.02,2,8,0.5, 00:00:41,41.0,False,True,False,41.0,4.0,0.5,1.01,2.02,2.0,4.0,0.5,41.0,1.0986122886681098,1.6094379124341003,0.5,3.7376696182833684,0.40355857639100473,0.02132284578769682,0.014427263013725537,黄金词,0.40355857639100473,黄金词,0.2773602514790994,潜力词,0.44593552021627414,黄金词,False,边界敏感词
1527,2225,525368335,9811363528,2.93,5,5,0.75, 00:00:45,45.0,False,True,False,45.0,1.0,0.25,0.5860000000000001,2.93,5.0,1.0,0.25,45.0,1.791759469228055,0.6931471805599453,0.25,3.828641396489095,0.2493495482079095,0.024531943325521957,0.008148971295863804,潜力词,0.2493495482079095,潜力词,0.19369943176289128,潜力词,0.2620706856515904,潜力词,True,稳定词
1531,2233,525368335,9811363528,16.86,20,10,0.8889, 00:02:55,175.0,False,True,False,175.0,0.5,0.11109999999999998,0.843,16.86,20.0,0.5,0.11109999999999998,175.0,3.044522437723423,0.4054651081081644,0.11109999999999998,5.170483995038151,0.26367529649725396,0.024925619363720904,0.008925776963399535,问题词,0.26367529649725396,问题词,0.26217053879742724,问题词,0.25038144212633534,问题词,True,稳定词
1534,2243,525368335,9811363528,2.54,2,3,0.5, 00:01:26,86.0,False,True,False,86.0,1.5,0.5,1.27,2.54,2.0,1.5,0.5,86.0,1.0986122886681098,0.9162907318741551,0.5,4.465908118654584,0.34214392581151015,0.02282967718101145,0.011873471542169996,黄金词,0.34214392581151015,黄金词,0.236358366304604,潜力词,0.385844229919096,黄金词,False,边界敏感词
1535,2267,525368335,9811363528,1.45,2,5,0.5, 00:02:08,128.0,False,True,False,128.0,2.5,0.5,0.725,1.45,2.0,2.5,0.5,128.0,1.0986122886681098,1.252762968495368,0.5,4.859812404361672,0.38147953721404,0.02178699546701529,0.013437377496947123,黄金词,0.38147953721404,黄金词,0.2621446374591191,潜力词,0.4243901804122602,黄金词,False,边界敏感词
1536,2274,525368335,9811363528,15.49,4,0,0.0,0,,False,True,True,95.0,0.0,1.0,3.8725,15.49,4.0,0.0,1.0,95.0,1.6094379124341003,0.0,1.0,4.564348191467836,0.42700014051558677,0.024047705963861948,0.017920377563244213,重点词,0.42700014051558677,重点词,0.3244975022083344,重点词,0.49179990720438316,重点词,True,稳定词
1538,2278,525368335,9811363528,0.72,1,2,0.0, 00:00:04,4.0,False,True,False,4.0,2.0,1.0,0.72,0.72,1.0,2.0,1.0,4.0,0.6931471805599453,1.0986122886681098,1.0,1.6094379124341003,0.44983265770029696,0.022547846097004016,0.01843576809346006,黄金词,0.44983265770029696,黄金词,0.31719206133030586,黄金词,0.52504025821291,黄金词,True,稳定词
1542,2288,525368335,9811363528,1.64,2,2,1.0, 00:00:03,3.0,False,True,False,3.0,1.0,0.0,0.82,1.64,2.0,1.0,0.0,3.0,1.0986122886681098,0.6931471805599453,0.0,1.3862943611198906,0.1437943318835629,0.0287159970426265,0.004822670256550214,潜力词,0.1437943318835629,潜力词,0.10626409793566069,潜力词,0.14249913910118375,潜力词,True,稳定词
1543,2291,525368335,9811363528,2.75,3,0,0.0,0,,False,True,True,95.0,0.0,1.0,0.9166666666666666,2.75,3.0,0.0,1.0,95.0,1.3862943611198906,0.0,1.0,4.564348191467836,0.4230646427763418,0.024378386179145818,0.01787658376490486,黄金词,0.4230646427763418,黄金词,0.31767428429769334,黄金词,0.4888502698373344,黄金词,True,稳定词
1544,2295,525368335,9811363528,5.07,2,1,1.0, 00:00:09,9.0,False,True,False,9.0,0.5,0.0,2.535,5.07,2.0,0.5,0.0,9.0,1.0986122886681098,0.4054651081081644,0.0,2.302585092994046,0.11296228529914627,0.029210551209080247,0.003719898900283218,潜力词,0.11296228529914627,潜力词,0.08556878631610322,潜力词,0.11154408199736644,潜力词,True,稳定词
1545,2304,525368335,9811363528,9.61,12,11,0.75, 00:01:01,61.0,False,True,False,61.0,0.9166666666666666,0.25,0.8008333333333333,9.61,12.0,0.9166666666666666,0.25,61.0,2.5649493574615367,0.6505875661411494,0.25,4.127134385045092,0.2732048208205066,0.023531834974313312,0.008845698130514505,问题词,0.2732048208205066,问题词,0.24155212658683198,问题词,0.2779405866346056,问题词,True,稳定词
1547,2331,525368335,9811363528,3.33,4,5,1.0, 00:01:04,64.0,False,True,False,64.0,1.25,0.0,0.8325,3.33,4.0,1.25,0.0,64.0,1.6094379124341003,0.8109302162163288,0.0,4.174387269895637,0.22460522563725213,0.026755116994177618,0.007750038158777986,潜力词,0.22460522563725213,潜力词,0.17510985779792168,潜力词,0.2201062402779981,潜力词,True,稳定词
1548,2335,525368335,9811363528,0.59,1,0,0.0,0,,False,True,True,95.0,0.0,1.0,0.59,0.59,1.0,0.0,1.0,95.0,0.6931471805599453,0.0,1.0,4.564348191467836,0.4119681460617029,0.025432671188103346,0.01781782794348286,黄金词,0.4119681460617029,黄金词,0.30092088014216595,黄金词,0.48010869592865735,黄金词,True,稳定词
1551,2354,525368335,9811363528,60.44,58,87,0.6364, 00:03:17,197.0,False,True,False,197.0,1.5,0.36360000000000003,1.0420689655172413,60.44,58.0,1.5,0.36360000000000003,197.0,4.07753744390572,0.9162907318741551,0.36360000000000003,5.288267030694535,0.40491032525145637,0.019282344813173966,0.013120073900143081,重点词,0.40491032525145637,重点词,0.38994707404102097,重点词,0.4036705448124481,重点词,True,稳定词
1553,2357,525368335,9811363528,7.84,9,19,0.7143, 00:01:17,77.0,False,True,False,77.0,2.111111111111111,0.28569999999999995,0.8711111111111111,7.84,9.0,2.111111111111111,0.28569999999999995,77.0,2.302585092994046,1.1349799328389845,0.28569999999999995,4.356708826689592,0.33434410596769204,0.021988182958035153,0.011044173782379957,黄金词,0.33434410596769204,黄金词,0.26465205101418604,潜力词,0.3452232644460085,黄金词,False,边界敏感词
1554,2371,525368335,9811363528,20.29,22,81,0.5294, 00:03:29,209.0,False,True,False,209.0,3.6818181818181817,0.4706,0.9222727272727272,20.29,22.0,3.6818181818181817,0.4706,209.0,3.1354942159291497,1.5436865348713198,0.4706,5.3471075307174685,0.46780071257426925,0.017760390112699205,0.015611300778896919,重点词,0.46780071257426925,重点词,0.37646998197298165,重点词,0.4906496101597297,重点词,True,稳定词
1556,2382,525368335,9811363528,26.76,27,51,0.8182, 00:02:29,149.0,False,True,False,149.0,1.8888888888888888,0.18179999999999996,0.9911111111111112,26.76,27.0,1.8888888888888888,0.18179999999999996,149.0,3.332204510175204,1.0608719606852626,0.18179999999999996,5.0106352940962555,0.34631076166126823,0.021656311187194723,0.01147305658736355,重点词,0.34631076166126823,重点词,0.32035254976686683,重点词,0.3357397347324849,重点词,True,稳定词
1558,2418,525368335,9811363528,7.31,6,7,0.8, 00:00:16,16.0,False,True,False,16.0,1.1666666666666667,0.19999999999999996,1.2183333333333333,7.31,6.0,1.1666666666666667,0.19999999999999996,16.0,1.9459101490553132,0.7731898882334818,0.19999999999999996,2.833213344056216,0.23010584487915792,0.02484401072100172,0.00742537404540454,潜力词,0.23010584487915792,潜力词,0.18820204595279702,潜力词,0.23631115142884293,潜力词,True,稳定词
1560,2424,525368335,9811363528,6.26,4,3,1.0, 00:00:01,1.0,False,True,False,1.0,0.75,0.0,1.565,6.26,4.0,0.75,0.0,1.0,1.6094379124341003,0.5596157879354227,0.0,0.6931471805599453,0.1274190925460766,0.0287778331222242,0.0042022984350822065,潜力词,0.1274190925460766,潜力词,0.11523564388744606,潜力词,0.12177623973403402,潜力词,True,稳定词
1563,2436,525368335,9811363528,1.86,2,1,1.0, 00:00:01,1.0,False,True,False,1.0,0.5,0.0,0.93,1.86,2.0,0.5,0.0,1.0,1.0986122886681098,0.4054651081081644,0.0,0.6931471805599453,0.08677527623050757,0.02988551301323723,0.0028397431426404,潜力词,0.08677527623050757,潜力词,0.06889712343625956,潜力词,0.08513521330442218,潜力词,True,稳定词
1565,2442,525368335,9811363528,2.2,2,0,0.0,0,,False,True,True,95.0,0.0,1.0,1.1,2.2,2.0,0.0,1.0,95.0,1.0986122886681098,0.0,1.0,4.564348191467836,0.41824940034883135,0.024811131651819075,0.01783795485827032,黄金词,0.41824940034883135,黄金词,0.3099043206317119,黄金词,0.48514265371103865,黄金词,True,稳定词
1566,2453,525368335,9811363528,2.48,3,1,1.0, 00:02:00,120.0,False,True,False,120.0,0.3333333333333333,0.0,0.8266666666666667,2.48,3.0,0.3333333333333333,0.0,120.0,1.3862943611198906,0.2876820724517809,0.0,4.795790545596741,0.18728859928612906,0.028557996161889254,0.006581164106816745,潜力词,0.18728859928612906,潜力词,0.1450032759489131,潜力词,0.18449618904481888,潜力词,True,稳定词
1568,2460,525368335,9811363528,0.84,1,1,1.0, 00:00:11,11.0,False,True,False,11.0,1.0,0.0,0.84,0.84,1.0,1.0,0.0,11.0,0.6931471805599453,0.6931471805599453,0.0,2.4849066497880004,0.15656376398824745,0.028822790348021664,0.005350261647363608,潜力词,0.15656376398824745,潜力词,0.1093930955023073,潜力词,0.15680254782984282,潜力词,True,稳定词
1570,2467,525368335,9811363528,4.9,8,2,0.0, 00:00:16,16.0,False,True,False,16.0,0.25,1.0,0.6125,4.9,8.0,0.25,1.0,16.0,2.1972245773362196,0.22314355131420976,1.0,2.833213344056216,0.4350533875354395,0.022729788302745937,0.017503727221115695,黄金词,0.4350533875354395,黄金词,0.34078264794618435,黄金词,0.5000164308430634,黄金词,True,稳定词
1574,2500,525368335,9811363528,27.75,34,83,0.5714, 00:03:43,223.0,False,True,False,223.0,2.4411764705882355,0.4286,0.8161764705882353,27.75,34.0,2.4411764705882355,0.4286,223.0,3.5553480614894135,1.2358134101815947,0.4286,5.4116460518550396,0.43938840082528835,0.018304247287659284,0.014346249624294304,重点词,0.43938840082528835,重点词,0.3801562221316815,重点词,0.4524597383905854,重点词,True,稳定词
1576,2518,525368335,9811363528,16.92,15,61,0.5833, 00:07:07,427.0,False,True,False,427.0,4.066666666666666,0.41669999999999996,1.1280000000000001,16.92,15.0,4.066666666666666,0.41669999999999996,427.0,2.772588722239781,1.622683139184121,0.41669999999999996,6.059123195581797,0.46050273870031705,0.018525260079418022,0.01581274570542971,重点词,0.46050273870031705,重点词,0.35933068278201624,重点词,0.4804181814908685,重点词,True,稳定词
1577,2534,525368335,9811363528,12.84,11,25,0.75, 00:01:59,119.0,False,True,False,119.0,2.272727272727273,0.25,1.1672727272727272,12.84,11.0,2.272727272727273,0.25,119.0,2.4849066497880004,1.1856236656577395,0.25,4.787491742782046,0.34493698981018406,0.021814519007646884,0.011486886610303894,重点词,0.34493698981018406,重点词,0.27908420558516783,重点词,0.3501623242061003,重点词,True,稳定词
1578,2546,525368335,9811363528,12.2,11,56,0.4, 00:04:11,251.0,False,True,False,251.0,5.090909090909091,0.6,1.1090909090909091,12.2,11.0,5.090909090909091,0.6,251.0,2.4849066497880004,1.8067973465925955,0.6,5.529429087511423,0.5058227062267582,0.017320129205260448,0.017728282414412152,重点词,0.5058227062267582,重点词,0.37556094368521237,重点词,0.5496692912518966,重点词,True,稳定词
1579,2547,525368335,9811363528,0.65,1,4,0.0, 00:01:37,97.0,False,True,False,97.0,4.0,1.0,0.65,0.65,1.0,4.0,1.0,97.0,0.6931471805599453,1.6094379124341003,1.0,4.584967478670572,0.5088523730094734,0.020098140711057828,0.020822632609598952,黄金词,0.5088523730094734,黄金词,0.3519128400372173,黄金词,0.5872455486783339,黄金词,True,稳定词
1581,2553,525368335,9811363528,2.88,4,2,1.0, 00:01:01,61.0,False,True,False,61.0,0.5,0.0,0.72,2.88,4.0,0.5,0.0,61.0,1.6094379124341003,0.4054651081081644,0.0,4.127134385045092,0.17898796760692914,0.02801254266795632,0.006106984894028214,潜力词,0.17898796760692914,潜力词,0.1462470245530367,潜力词,0.17438681924436258,潜力词,True,稳定词
1582,2557,525368335,9811363528,126.11,148,160,0.844, 00:01:11,71.0,False,True,False,71.0,1.0810810810810811,0.15600000000000003,0.8520945945945946,126.11,148.0,1.0810810810810811,0.15600000000000003,71.0,5.003946305945459,0.7328875092094594,0.15600000000000003,4.276666119016055,0.35736929193359557,0.02132665958963353,0.011859833557889388,重点词,0.35736929193359557,重点词,0.4177753693397193,重点词,0.32171491084254833,重点词,True,稳定词
1586,2569,525368335,9811363528,8.56,6,19,0.8, 00:02:32,152.0,False,True,False,152.0,3.1666666666666665,0.19999999999999996,1.4266666666666667,8.56,6.0,3.1666666666666665,0.19999999999999996,152.0,1.9459101490553132,1.4271163556401456,0.19999999999999996,5.030437921392435,0.3535645541680255,0.02247849206846168,0.01229449603637753,重点词,0.3535645541680255,重点词,0.26683517370540655,问题词,0.35890890782113255,重点词,False,边界敏感词
1587,2571,525368335,9811363528,7.58,8,5,1.0, 00:00:07,7.0,False,True,False,7.0,0.625,0.0,0.9475,7.58,8.0,0.625,0.0,7.0,2.1972245773362196,0.4855078157817008,0.0,2.0794415416798357,0.1522076024015027,0.027677754851840135,0.004969099413710775,潜力词,0.1522076024015027,潜力词,0.15956975528907505,潜力词,0.13965623181164724,潜力词,True,稳定词
1588,2572,525368335,9811363528,4.75,5,7,0.75, 00:00:50,50.0,False,True,False,50.0,1.4,0.25,0.95,4.75,5.0,1.4,0.25,50.0,1.791759469228055,0.8754687373538999,0.25,3.9318256327243257,0.272898542836552,0.0239276686781261,0.008980625539124112,潜力词,0.272898542836552,潜力词,0.20819164461781706,潜力词,0.2851366708771768,潜力词,True,稳定词
1589,2577,525368335,9811363528,22.78,23,65,0.5, 00:03:28,208.0,False,True,False,208.0,2.8260869565217392,0.5,0.9904347826086957,22.78,23.0,2.8260869565217392,0.5,208.0,3.1780538303479458,1.3418425985490567,0.5,5.342334251964811,0.455675908797162,0.01798208037668015,0.015053533272062932,重点词,0.455675908797162,重点词,0.37104801294276935,重点词,0.4816579160893019,重点词,True,稳定词
1590,2578,525368335,9811363528,18.31,21,21,0.7692, 00:01:55,115.0,False,True,False,115.0,1.0,0.2308,0.8719047619047618,18.31,21.0,1.0,0.2308,115.0,3.091042453358316,0.6931471805599453,0.2308,4.7535901911063645,0.3039761145440056,0.022719102356339768,0.009922165897630468,问题词,0.3039761145440056,问题词,0.28521514119458735,重点词,0.3003937262841025,问题词,False,边界敏感词
1592,2586,525368335,9811363528,5.37,2,1,1.0, 00:02:00,120.0,False,True,False,120.0,0.5,0.0,2.685,5.37,2.0,0.5,0.0,120.0,1.0986122886681098,0.4054651081081644,0.0,4.795790545596741,0.19132793798168635,0.02853532326950284,0.006751320859494673,潜力词,0.19132793798168635,潜力词,0.1404719610137314,潜力词,0.19011176874161245,潜力词,True,稳定词
1594,2597,525368335,9811363528,12.23,15,19,0.6667, 00:01:46,106.0,False,True,False,106.0,1.2666666666666666,0.33330000000000004,0.8153333333333334,12.23,15.0,1.2666666666666666,0.33330000000000004,106.0,2.772588722239781,0.8183103235139513,0.33330000000000004,4.672828834461906,0.33049133995761637,0.021786223448203773,0.01075439140631444,重点词,0.33049133995761637,重点词,0.28295866648649715,重点词,0.3419942320541327,重点词,True,稳定词
1595,2610,525368335,9811363528,0.1,1,1,1.0, 00:00:02,2.0,False,True,False,2.0,1.0,0.0,0.1,0.15,1.0,1.0,0.0,2.0,0.6931471805599453,0.6931471805599453,0.0,1.0986122886681098,0.13721737004141432,0.02938187074738171,0.004672907046176866,潜力词,0.13721737004141432,潜力词,0.09614406329892622,潜力词,0.13742336656649506,潜力词,True,稳定词
1596,2616,525368335,9811363528,8.53,12,16,0.8, 00:03:47,227.0,False,True,False,227.0,1.3333333333333333,0.19999999999999996,0.7108333333333333,8.53,12.0,1.3333333333333333,0.19999999999999996,227.0,2.5649493574615367,0.8472978603872036,0.19999999999999996,5.429345628954441,0.3113614405561005,0.02306280890259925,0.010427631890061706,问题词,0.3113614405561005,问题词,0.26398465598996085,问题词,0.3109436950987794,重点词,False,边界敏感词
1598,2624,525368335,9811363528,43.85,44,57,0.8125, 00:01:11,71.0,False,True,False,71.0,1.2954545454545454,0.1875,0.9965909090909091,43.85,44.0,1.2954545454545454,0.1875,71.0,3.8066624897703196,0.8309308829229982,0.1875,4.276666119016055,0.32536875720688635,0.021921503125429398,0.010572549528684005,重点词,0.32536875720688635,重点词,0.33530392282811267,重点词,0.3082883157927232,问题词,False,边界敏感词
1600,2633,525368335,9811363528,877.62,769,1298,0.6834, 00:03:32,212.0,False,True,False,212.0,1.6879063719115734,0.3166,1.1412483745123536,877.62,769.0,1.6879063719115734,0.3166,212.0,6.646390514847729,0.9887625901761242,0.3166,5.3612921657094255,0.49740962415658735,0.016769217025705156,0.01659635826523472,重点词,0.49740962415658735,重点词,0.5747823098669866,重点词,0.4582026040878073,重点词,True,稳定词
1602,2638,525368335,9811363528,8.93,9,34,0.4286, 00:05:04,304.0,False,True,False,304.0,3.7777777777777777,0.5714,0.9922222222222222,8.93,9.0,3.7777777777777777,0.5714,304.0,2.302585092994046,1.563975538357343,0.5714,5.720311776607412,0.4730467658174722,0.018293620628350174,0.01642221265945458,重点词,0.4730467658174722,重点词,0.34917900943091595,重点词,0.5152574263023906,重点词,True,稳定词
1603,2655,525368335,9811363528,0.99,3,3,1.0, 00:00:43,43.0,False,True,False,43.0,1.0,0.0,0.33,0.99,3.0,1.0,0.0,43.0,1.3862943611198906,0.6931471805599453,0.0,3.784189633918261,0.19593548827908014,0.027486668232763804,0.006697987142629835,潜力词,0.19593548827908014,潜力词,0.14915730442963335,潜力词,0.19297421546239976,潜力词,True,稳定词
1606,2668,525368335,9811363528,18.74,26,20,0.7857, 00:01:28,88.0,False,True,False,88.0,0.7692307692307693,0.21430000000000005,0.7207692307692307,18.74,26.0,0.7692307692307693,0.21430000000000005,88.0,3.295836866004329,0.570544858467613,0.21430000000000005,4.48863636973214,0.2900108781059181,0.023130872406082595,0.009448320278412251,问题词,0.2900108781059181,问题词,0.28920158495877707,重点词,0.28191224963954464,问题词,False,边界敏感词
1607,2675,525368335,9811363528,1.83,1,5,0.0, 00:02:20,140.0,False,True,False,140.0,5.0,1.0,1.83,1.83,1.0,5.0,1.0,140.0,0.6931471805599453,1.791759469228055,1.0,4.948759890378168,0.5236044576601976,0.019680691592507904,0.02163097034254459,黄金词,0.5236044576601976,黄金词,0.3619575856936751,黄金词,0.6019109248301342,黄金词,True,稳定词
1611,2705,525368335,9811363528,15.07,15,17,0.8462, 00:00:36,36.0,False,True,False,36.0,1.1333333333333333,0.15380000000000005,1.0046666666666666,15.07,15.0,1.1333333333333333,0.15380000000000005,36.0,2.772588722239781,0.7576857016975165,0.15380000000000005,3.6109179126442243,0.25899873049725164,0.023975332240465205,0.008379986471139621,问题词,0.25899873049725164,问题词,0.24485582128176175,问题词,0.25141867019245445,问题词,True,稳定词
1612,2711,525368335,9811363528,0.35,1,0,0.0,0,,False,True,True,95.0,0.0,1.0,0.35,0.35,1.0,0.0,1.0,95.0,0.6931471805599453,0.0,1.0,4.564348191467836,0.4119681460617029,0.025432671188103346,0.01781782794348286,黄金词,0.4119681460617029,黄金词,0.30092088014216595,黄金词,0.48010869592865735,黄金词,True,稳定词
1613,2718,525368335,9811363528,1.15,2,2,1.0, 00:02:00,120.0,False,True,False,120.0,1.0,0.0,0.575,1.15,2.0,1.0,0.0,120.0,1.0986122886681098,0.6931471805599453,0.0,4.795790545596741,0.21843657059918795,0.027646402138318527,0.007726801236247917,潜力词,0.21843657059918795,潜力词,0.15874296766226273,潜力词,0.21715322323575523,潜力词,True,稳定词
1614,2719,525368335,9811363528,1.63,3,5,0.6667, 00:00:22,22.0,False,True,False,22.0,1.6666666666666667,0.33330000000000004,0.5433333333333333,1.63,3.0,1.6666666666666667,0.33330000000000004,22.0,1.3862943611198906,0.9808292530117262,0.33330000000000004,3.1354942159291497,0.2850904232096177,0.023781726253089632,0.00948363628388844,潜力词,0.2850904232096177,潜力词,0.20347837652026413,潜力词,0.3097039439848438,潜力词,True,稳定词
1615,2724,525368335,9811363528,17.48,15,24,0.7692, 00:02:25,145.0,False,True,False,145.0,1.6,0.2308,1.1653333333333333,17.48,15.0,1.6,0.2308,145.0,2.772588722239781,0.9555114450274363,0.2308,4.983606621708336,0.3263237354486294,0.022218971239815623,0.010762703206755788,重点词,0.3263237354486294,重点词,0.28133542269395445,重点词,0.3266062144640928,重点词,True,稳定词
1616,2731,525368335,9811363528,3.0,2,2,1.0, 00:02:00,120.0,False,True,False,120.0,1.0,0.0,1.5,3.0,2.0,1.0,0.0,120.0,1.0986122886681098,0.6931471805599453,0.0,4.795790545596741,0.21843657059918795,0.027646402138318527,0.007726801236247917,潜力词,0.21843657059918795,潜力词,0.15874296766226273,潜力词,0.21715322323575523,潜力词,True,稳定词
1617,2734,525368335,9811363528,7.95,8,54,0.4, 00:11:19,679.0,False,True,False,679.0,6.75,0.6,0.99375,7.95,8.0,6.75,0.6,679.0,2.1972245773362196,2.0476928433652555,0.6,6.522092798170152,0.5272009161786975,0.01737227743431826,0.01937118935480992,黄金词,0.5272009161786975,黄金词,0.38393032911125136,黄金词,0.5722003040829419,黄金词,True,稳定词
1620,2742,525368335,9811363528,2201.88,6284,4228,0.9227, 00:00:58,58.0,False,True,False,58.0,0.6728198599618078,0.07730000000000004,0.35039465308720563,2201.88,6284.0,0.6728198599618078,0.07730000000000004,58.0,8.745921121024347,0.51451074134888,0.07730000000000004,4.07753744390572,0.46096884277646577,0.020987206177716218,0.017947845899455087,重点词,0.46096884277646577,重点词,0.6166100737834924,重点词,0.3889457809256558,重点词,True,稳定词
1621,2749,525368335,9811363528,4.24,5,3,1.0, 00:00:04,4.0,False,True,False,4.0,0.6,0.0,0.8480000000000001,4.24,5.0,0.6,0.0,4.0,1.791759469228055,0.4700036292457356,0.0,1.6094379124341003,0.12677342065880692,0.028409691629181943,0.004124466516365656,潜力词,0.12677342065880692,潜力词,0.12426570871978768,潜力词,0.11868790074997748,潜力词,True,稳定词
1624,2759,525368335,9811363528,1.33,2,8,0.5, 00:06:37,397.0,False,True,False,397.0,4.0,0.5,0.665,1.33,2.0,4.0,0.5,397.0,1.0986122886681098,1.6094379124341003,0.5,5.986452005284438,0.43183574996609153,0.02080037908062168,0.01580942007407751,黄金词,0.43183574996609153,黄金词,0.2975074286302925,黄金词,0.47356452928150367,黄金词,True,稳定词
1625,2762,525368335,9811363528,3.98,5,4,1.0, 00:01:02,62.0,False,True,False,62.0,0.8,0.0,0.796,3.98,5.0,0.8,0.0,62.0,1.791759469228055,0.5877866649021191,0.0,4.143134726391533,0.20177852934465823,0.027188667953415246,0.006872891341767936,潜力词,0.20177852934465823,潜力词,0.16729288058778777,潜力词,0.1957354579017963,潜力词,True,稳定词
1626,2767,525368335,9811363528,4.47,6,3,1.0, 00:10:29,629.0,False,True,False,629.0,0.5,0.0,0.745,4.47,6.0,0.5,0.0,629.0,1.9459101490553132,0.4054651081081644,0.0,6.4457198193855785,0.2559783880165342,0.027259367680738382,0.009378503103778777,潜力词,0.2559783880165342,潜力词,0.21008199926858342,潜力词,0.24954656775821124,潜力词,True,稳定词
1627,2768,525368335,9811363528,3.5,4,2,1.0, 00:01:01,61.0,False,True,False,61.0,0.5,0.0,0.875,3.5,4.0,0.5,0.0,61.0,1.6094379124341003,0.4054651081081644,0.0,4.127134385045092,0.17898796760692914,0.02801254266795632,0.006106984894028214,潜力词,0.17898796760692914,潜力词,0.1462470245530367,潜力词,0.17438681924436258,潜力词,True,稳定词
1628,2770,525368335,9811363528,1.86,2,2,1.0, 00:01:01,61.0,False,True,False,61.0,1.0,0.0,0.93,1.86,2.0,1.0,0.0,61.0,1.0986122886681098,0.6931471805599453,0.0,4.127134385045092,0.20035960454971513,0.027785994953253037,0.006962118212798921,潜力词,0.20035960454971513,潜力词,0.14553888555093894,潜力词,0.19908358468982168,潜力词,True,稳定词
1630,2775,525368335,9811363528,10.21,9,9,0.8333, 00:01:04,64.0,False,True,False,64.0,1.0,0.16669999999999996,1.1344444444444446,10.21,9.0,1.0,0.16669999999999996,64.0,2.302585092994046,0.6931471805599453,0.16669999999999996,4.174387269895637,0.25136395969740144,0.024502312373730267,0.008226959334624084,问题词,0.25136395969740144,问题词,0.21715567305612327,问题词,0.2504711082924946,问题词,True,稳定词
1631,2790,525368335,9811363528,6.8,6,4,1.0, 00:04:06,246.0,False,True,False,246.0,0.6666666666666666,0.0,1.1333333333333333,6.8,6.0,0.6666666666666666,0.0,246.0,1.9459101490553132,0.5108256237659907,0.0,5.5093883366279774,0.23691321294412485,0.02698947552847719,0.008379339639463796,潜力词,0.23691321294412485,潜力词,0.19640590888443754,潜力词,0.23009373773507463,潜力词,True,稳定词
1632,2796,525368335,9811363528,0.56,1,1,1.0, 00:02:00,120.0,False,True,False,120.0,1.0,0.0,0.56,0.56,1.0,1.0,0.0,120.0,0.6931471805599453,0.6931471805599453,0.0,4.795790545596741,0.21401869481923805,0.028205532455741852,0.007680222421411457,潜力词,0.21401869481923805,潜力词,0.15108856472007434,潜力词,0.21433632984851855,潜力词,True,稳定词
1634,2806,525368335,9811363528,45.31,44,60,0.8293, 00:02:34,154.0,False,True,False,154.0,1.3636363636363635,0.17069999999999996,1.0297727272727273,45.31,44.0,1.3636363636363635,0.17069999999999996,154.0,3.8066624897703196,0.8602012652231115,0.17069999999999996,5.043425116919247,0.3395987459802121,0.021814831713028955,0.011217861032850215,重点词,0.3395987459802121,重点词,0.3422725553114153,重点词,0.32191070638665414,重点词,True,稳定词
1635,2807,525368335,9811363528,128.13,146,236,0.8, 00:00:32,32.0,False,True,False,32.0,1.6164383561643836,0.19999999999999996,0.8776027397260273,128.13,146.0,1.6164383561643836,0.19999999999999996,32.0,4.990432586778736,0.9618139868982387,0.19999999999999996,3.4965075614664802,0.3769046504325672,0.02030317656307077,0.012281204907864144,重点词,0.3769046504325672,重点词,0.4273796526288943,重点词,0.3449964561409979,重点词,True,稳定词
1636,2826,525368335,9811363528,0.15,1,1,1.0, 00:00:02,2.0,False,True,False,2.0,1.0,0.0,0.15,0.15,1.0,1.0,0.0,2.0,0.6931471805599453,0.6931471805599453,0.0,1.0986122886681098,0.13721737004141432,0.02938187074738171,0.004672907046176866,潜力词,0.13721737004141432,潜力词,0.09614406329892622,潜力词,0.13742336656649506,潜力词,True,稳定词
1637,2835,525368335,9811363528,2.16,2,15,0.5, 00:05:09,309.0,False,True,False,309.0,7.5,0.5,1.08,2.16,2.0,7.5,0.5,309.0,1.0986122886681098,2.1400661634962708,0.5,5.736572297479192,0.4756678325783231,0.020117880055855127,0.018250698692196365,黄金词,0.4756678325783231,黄金词,0.33034372363729875,黄金词,0.5164258361114882,黄金词,True,稳定词
1639,2843,525368335,9811363528,4124.08,5431,5542,0.7917, 00:01:57,117.0,False,True,False,117.0,1.0204382250046031,0.20830000000000004,0.7593592340268827,4124.08,5431.0,1.0204382250046031,0.20830000000000004,117.0,8.600062669238532,0.7033144309559538,0.20830000000000004,4.770684624465665,0.5023104785838933,0.018387159182983184,0.01855788062951893,重点词,0.5023104785838933,重点词,0.6443153454233747,重点词,0.4379137880947819,重点词,True,稳定词
1641,2854,525368335,9811363528,8.89,7,9,0.6667, 00:02:03,123.0,False,True,False,123.0,1.2857142857142858,0.33330000000000004,1.27,8.89,7.0,1.2857142857142858,0.33330000000000004,123.0,2.0794415416798357,0.826678573184468,0.33330000000000004,4.820281565605037,0.31434009619319975,0.022715593289095122,0.010413940993101636,问题词,0.31434009619319975,问题词,0.24418992730807812,问题词,0.33272849900163715,重点词,False,边界敏感词
1642,2855,525368335,9811363528,10.02,11,10,1.0, 00:01:32,92.0,False,True,False,92.0,0.9090909090909091,0.0,0.9109090909090909,10.02,11.0,0.9090909090909091,0.0,92.0,2.4849066497880004,0.6466271649250523,0.0,4.532599493153256,0.2370904515504726,0.026053360340830195,0.008096638690875244,问题词,0.2370904515504726,问题词,0.21928342614045315,问题词,0.2245584161684501,问题词,True,稳定词
1643,2858,525368335,9811363528,7.04,6,13,0.25, 00:04:43,283.0,False,True,False,283.0,2.1666666666666665,0.75,1.1733333333333333,7.04,6.0,2.1666666666666665,0.75,283.0,1.9459101490553132,1.1526795099383853,0.75,5.648974238161206,0.46691506304722186,0.019130388363553765,0.01675580356846171,黄金词,0.46691506304722186,黄金词,0.33788833821915215,黄金词,0.5278716065512968,黄金词,True,稳定词
1644,2859,525368335,9811363528,4.18,3,3,0.0, 00:00:45,45.0,False,True,False,45.0,1.0,1.0,1.3933333333333333,4.18,3.0,1.0,1.0,45.0,1.3862943611198906,0.6931471805599453,1.0,3.828641396489095,0.4555303374971889,0.021697937815370577,0.01815357147833328,黄金词,0.4555303374971889,黄金词,0.3303650549285592,黄金词,0.5283159233192565,黄金词,True,稳定词
1647,2877,525368335,9811363528,1.46,1,3,0.5, 00:01:12,72.0,False,True,False,72.0,3.0,0.5,1.46,1.46,1.0,3.0,0.5,72.0,0.6931471805599453,1.3862943611198906,0.5,4.290459441148391,0.37910709761887135,0.022320685175314915,0.013628646971525432,黄金词,0.37910709761887135,黄金词,0.25624481222135786,潜力词,0.42368894836204224,黄金词,False,边界敏感词
1650,2890,525368335,9811363528,3.71,4,82,0.3333, 00:42:53,2573.0,False,True,False,2573.0,20.5,0.6667000000000001,0.9275,3.71,4.0,11.082051282051294,0.6667000000000001,1160.4800000000007,1.6094379124341003,2.4917209862077314,0.6667000000000001,7.057450332948998,0.5555343381695951,0.017848066127767882,0.02230816563660671,黄金词,0.5555343381695951,黄金词,0.3963823692146884,黄金词,0.6081526283862615,黄金词,True,稳定词
1651,2904,525368335,9811363528,4.24,6,3,1.0, 00:01:09,69.0,False,True,False,69.0,0.5,0.0,0.7066666666666667,4.24,6.0,0.5,0.0,69.0,1.9459101490553132,0.4054651081081644,0.0,4.248495242049359,0.191034208057519,0.02756493416568915,0.006509354809497912,潜力词,0.191034208057519,潜力词,0.16765860891250708,潜力词,0.18351769488575645,潜力词,True,稳定词
1652,2905,525368335,9811363528,11.09,19,16,0.9091, 00:01:23,83.0,False,True,False,83.0,0.8421052631578947,0.09089999999999998,0.5836842105263158,11.09,19.0,0.8421052631578947,0.09089999999999998,83.0,2.995732273553991,0.6109090823229731,0.09089999999999998,4.430816798843313,0.2581347855248778,0.024606471562877753,0.008561914126006584,问题词,0.2581347855248778,问题词,0.25666411002185857,问题词,0.24340440898005394,问题词,True,稳定词
1653,2914,525368335,9811363528,4623.04,5627,3428,0.7333, 00:03:25,205.0,False,True,False,205.0,0.6092056157810556,0.26670000000000005,0.821581659854274,4623.04,5627.0,0.6092056157810556,0.26670000000000005,205.0,8.63550941823428,0.4757406508842348,0.26670000000000005,5.327876168789581,0.5026472887797192,0.018605055330463287,0.018803115793837637,重点词,0.5026472887797192,重点词,0.6436777704627832,重点词,0.4444193118017044,重点词,True,稳定词
1654,2916,525368335,9811363528,1.83,1,1,1.0, 00:00:01,1.0,False,True,False,1.0,1.0,0.0,1.83,1.83,1.0,1.0,0.0,1.0,0.6931471805599453,0.6931471805599453,0.0,0.6931471805599453,0.1354663103126751,0.029570784147216124,0.004633532584397842,潜力词,0.1354663103126751,潜力词,0.09516320728013836,潜力词,0.13566748995043118,潜力词,True,稳定词
1655,2919,525368335,9811363528,90.58,106,104,0.9079, 00:01:35,95.0,False,True,False,95.0,0.9811320754716981,0.09209999999999996,0.8545283018867924,90.58,106.0,0.9811320754716981,0.09209999999999996,95.0,4.672828834461906,0.6836684366054016,0.09209999999999996,4.564348191467836,0.3329233102288405,0.02247656810016524,0.0112175609929617,重点词,0.3329233102288405,重点词,0.386657316566248,重点词,0.2976010613473682,问题词,False,边界敏感词
1658,2953,525368335,9811363528,0.85,1,1,1.0,0,,False,True,True,95.0,1.0,0.0,0.85,0.85,1.0,1.0,0.0,95.0,0.6931471805599453,0.6931471805599453,0.0,4.564348191467836,0.2077482779877371,0.0282489798939777,0.007407591255185984,潜力词,0.2077482779877371,潜力词,0.14642875257666044,潜力词,0.2080581126746525,潜力词,True,稳定词
1659,2955,525368335,9811363528,2.82,5,5,1.0, 00:00:43,43.0,False,True,False,43.0,1.0,0.0,0.564,2.82,5.0,1.0,0.0,43.0,1.791759469228055,0.6931471805599453,0.0,3.784189633918261,0.20451216438362016,0.02695815370292262,0.006930678402265044,潜力词,0.20451216438362016,潜力词,0.16873242836626884,潜力词,0.19841594408823723,潜力词,True,稳定词
1660,2961,525368335,9811363528,3144.54,4114,5321,0.9121, 00:01:35,95.0,False,True,False,95.0,1.2933884297520661,0.08789999999999998,0.7643509965969859,3144.54,4114.0,1.2933884297520661,0.08789999999999998,95.0,8.32239411311117,0.8300303875897481,0.08789999999999998,4.564348191467836,0.4780333978693406,0.01954661267955052,0.017901401426642403,重点词,0.4780333978693406,重点词,0.6197510879058037,重点词,0.4082867787366004,重点词,True,稳定词
1661,2964,525368335,9811363528,4.03,3,2,1.0, 00:00:07,7.0,False,True,False,7.0,0.6666666666666666,0.0,1.3433333333333335,4.03,3.0,0.6666666666666666,0.0,7.0,1.3862943611198906,0.5108256237659907,0.0,2.0794415416798357,0.12933046042714968,0.028594785330473608,0.004247509054261826,潜力词,0.12933046042714968,潜力词,0.10611418082883657,潜力词,0.12587862570271788,潜力词,True,稳定词
1663,2976,525368335,9811363528,0.15,1,1,1.0, 00:00:01,1.0,False,True,False,1.0,1.0,0.0,0.15,0.15,1.0,1.0,0.0,1.0,0.6931471805599453,0.6931471805599453,0.0,0.6931471805599453,0.1354663103126751,0.029570784147216124,0.004633532584397842,潜力词,0.1354663103126751,潜力词,0.09516320728013836,潜力词,0.13566748995043118,潜力词,True,稳定词
1664,2978,525368335,9811363528,2698.76,4658,6365,0.9164, 00:01:26,86.0,False,True,False,86.0,1.3664662945470158,0.08360000000000001,0.5793817088879348,2698.76,4658.0,1.3664662945470158,0.08360000000000001,86.0,8.446556111816797,0.8613978275190292,0.08360000000000001,4.465908118654584,0.4823110080263964,0.019477152294259444,0.01814611688132419,重点词,0.4823110080263964,重点词,0.6254152249504286,重点词,0.4115650646648786,重点词,True,稳定词
1667,2990,525368335,9811363528,3.5,2,1,1.0, 00:00:02,2.0,False,True,False,2.0,0.5,0.0,1.75,3.5,2.0,0.5,0.0,2.0,1.0986122886681098,0.4054651081081644,0.0,1.0986122886681098,0.08905995036305749,0.02969860167750274,0.0029035456200490516,潜力词,0.08905995036305749,潜力词,0.07023116599108227,潜力词,0.08743356672652602,潜力词,True,稳定词
1669,2996,525368335,9811363528,1.0,1,3,0.0, 00:00:21,21.0,False,True,False,21.0,3.0,1.0,1.0,1.0,1.0,3.0,1.0,21.0,0.6931471805599453,1.3862943611198906,1.0,3.091042453358316,0.4811228777143324,0.02109966582743802,0.01956442384083147,黄金词,0.4811228777143324,黄金词,0.33474408070420836,黄金词,0.5585367627037979,黄金词,True,稳定词
1670,2997,525368335,9811363528,35.47,36,33,0.8571, 00:00:55,55.0,False,True,False,55.0,0.9166666666666666,0.14290000000000003,0.9852777777777777,35.47,36.0,0.9166666666666666,0.14290000000000003,55.0,3.6109179126442243,0.6505875661411494,0.14290000000000003,4.02535169073515,0.2853308164696914,0.023312060272672117,0.009307312172513871,问题词,0.2853308164696914,问题词,0.30467463809840684,重点词,0.2660840377172225,问题词,False,边界敏感词
1674,3024,525368335,9811363528,4.23,5,14,0.6667, 00:00:42,42.0,False,True,False,42.0,2.8,0.33330000000000004,0.8460000000000001,4.23,5.0,2.8,0.33330000000000004,42.0,1.791759469228055,1.33500106673234,0.33330000000000004,3.7612001156935624,0.3475222887562426,0.022011579405510365,0.011723794272698112,黄金词,0.3475222887562426,黄金词,0.25506435210988704,潜力词,0.36784407546302017,黄金词,False,边界敏感词
1675,3029,525368335,9811363528,1.8,1,3,0.0, 00:00:51,51.0,False,True,False,51.0,3.0,1.0,1.8,1.8,1.0,3.0,1.0,51.0,0.6931471805599453,1.3862943611198906,1.0,3.9512437185814275,0.4884747173756561,0.020775840200033334,0.01983963063934409,黄金词,0.4884747173756561,黄金词,0.33887050966197413,黄金词,0.5665126459072221,黄金词,True,稳定词
1677,3043,525368335,9811363528,0.95,1,8,0.0, 00:02:21,141.0,False,True,False,141.0,8.0,1.0,0.95,0.95,1.0,8.0,1.0,141.0,0.6931471805599453,2.1972245773362196,1.0,4.955827057601261,0.5474417800905916,0.01921574918709274,0.02324453181485058,黄金词,0.5474417800905916,黄金词,0.38020561678401227,黄金词,0.6241474127033606,黄金词,True,稳定词
1678,3045,525368335,9811363528,24.51,22,68,0.3889, 00:04:34,274.0,False,True,False,274.0,3.090909090909091,0.6111,1.1140909090909092,24.51,22.0,3.090909090909091,0.6111,274.0,3.1354942159291497,1.4087672169719492,0.6111,5.616771097666572,0.4936648097841674,0.01700385528089103,0.016578355889624086,重点词,0.4936648097841674,重点词,0.39096158989192165,重点词,0.5328339319825768,重点词,True,稳定词
1683,3072,525368335,9811363528,5.77,6,6,1.0, 00:01:10,70.0,False,True,False,70.0,1.0,0.0,0.9616666666666666,5.77,6.0,1.0,0.0,70.0,1.9459101490553132,0.6931471805599453,0.0,4.2626798770413155,0.2203956643574197,0.026640332285205563,0.007531273832463809,潜力词,0.2203956643574197,潜力词,0.18494712848234265,潜力词,0.21310029120597465,潜力词,True,稳定词
1684,3073,525368335,9811363528,38.81,35,99,0.6, 00:01:50,110.0,False,True,False,110.0,2.8285714285714287,0.4,1.108857142857143,38.81,35.0,2.8285714285714287,0.4,110.0,3.58351893845611,1.3424917384614978,0.4,4.709530201312334,0.43386312946034816,0.018380284962674118,0.014085865749526803,重点词,0.43386312946034816,重点词,0.3784011133274584,重点词,0.44331672315002774,重点词,True,稳定词
1686,3078,525368335,9811363528,33.02,29,54,0.6364, 00:02:47,167.0,False,True,False,167.0,1.8620689655172413,0.36360000000000003,1.1386206896551725,33.02,29.0,1.8620689655172413,0.36360000000000003,167.0,3.4011973816621555,1.051544777810124,0.36360000000000003,5.123963979403259,0.39238186380792744,0.01975448502098689,0.012756863545380382,重点词,0.39238186380792744,重点词,0.3474520452013635,重点词,0.39976182770331276,重点词,True,稳定词
1687,3082,525368335,9811363528,1.32,1,1,1.0, 00:00:01,1.0,False,True,False,1.0,1.0,0.0,1.32,1.32,1.0,1.0,0.0,1.0,0.6931471805599453,0.6931471805599453,0.0,0.6931471805599453,0.1354663103126751,0.029570784147216124,0.004633532584397842,潜力词,0.1354663103126751,潜力词,0.09516320728013836,潜力词,0.13566748995043118,潜力词,True,稳定词
1688,3090,525368335,9811363528,1.9,1,0,0.0,0,,False,True,True,95.0,0.0,1.0,1.9,1.9,1.0,0.0,1.0,95.0,0.6931471805599453,0.0,1.0,4.564348191467836,0.4119681460617029,0.025432671188103346,0.01781782794348286,黄金词,0.4119681460617029,黄金词,0.30092088014216595,黄金词,0.48010869592865735,黄金词,True,稳定词
1692,3124,525368335,9811363528,0.3,2,2,1.0, 00:02:00,120.0,False,True,False,120.0,1.0,0.0,0.15,0.3,2.0,1.0,0.0,120.0,1.0986122886681098,0.6931471805599453,0.0,4.795790545596741,0.21843657059918795,0.027646402138318527,0.007726801236247917,潜力词,0.21843657059918795,潜力词,0.15874296766226273,潜力词,0.21715322323575523,潜力词,True,稳定词
1698,3158,525368335,9811363528,1.99,1,1,1.0, 00:00:11,11.0,False,True,False,11.0,1.0,0.0,1.99,1.99,1.0,1.0,0.0,11.0,0.6931471805599453,0.6931471805599453,0.0,2.4849066497880004,0.15656376398824745,0.028822790348021664,0.005350261647363608,潜力词,0.15656376398824745,潜力词,0.1093930955023073,潜力词,0.15680254782984282,潜力词,True,稳定词
1700,3178,525368335,9811363528,10.08,13,14,0.8889, 00:01:28,88.0,False,True,False,88.0,1.0769230769230769,0.11109999999999998,0.7753846153846153,10.08,13.0,1.0769230769230769,0.11109999999999998,88.0,2.6390573296152584,0.7308875085427923,0.11109999999999998,4.48863636973214,0.2630777804668365,0.024422420162174194,0.008718689597883893,问题词,0.2630777804668365,问题词,0.24049741428685176,问题词,0.2541874394180257,问题词,True,稳定词
1701,3179,525368335,9811363528,3.04,5,4,0.6667, 00:21:15,1275.0,False,True,False,1275.0,0.8,0.33330000000000004,0.608,3.04,5.0,0.8,0.33330000000000004,1160.4800000000007,1.791759469228055,0.5877866649021191,0.33330000000000004,7.057450332948998,0.33484411314355217,0.02371682518642641,0.011939215232178366,黄金词,0.33484411314355217,黄金词,0.2526757913054825,潜力词,0.35295946690211977,黄金词,False,边界敏感词
1702,3181,525368335,9811363528,11.07,13,50,0.75, 00:10:23,623.0,False,True,False,623.0,3.8461538461538463,0.25,0.8515384615384616,11.07,13.0,3.8461538461538463,0.25,623.0,2.6390573296152584,1.578185368929996,0.25,6.436150368369428,0.42033309835061805,0.020412775551200295,0.014801889100374365,重点词,0.42033309835061805,重点词,0.33352343884169205,重点词,0.42386010521250594,重点词,True,稳定词
1704,3185,525368335,9811363528,2.72,4,2,1.0, 00:01:02,62.0,False,True,False,62.0,0.5,0.0,0.68,2.72,4.0,0.5,0.0,62.0,1.6094379124341003,0.4054651081081644,0.0,4.143134726391533,0.17949012237690024,0.028008821974224413,0.0061270522401872165,潜力词,0.17949012237690024,潜力词,0.14657181493184154,潜力词,0.17489560202724838,潜力词,True,稳定词
1706,3202,525368335,9811363528,32.23,27,119,0.6316, 00:03:48,228.0,False,True,False,228.0,4.407407407407407,0.36839999999999995,1.1937037037037035,32.23,27.0,4.407407407407407,0.36839999999999995,228.0,3.332204510175204,1.6877697557040074,0.36839999999999995,5.43372200355424,0.46500281601536386,0.01805764689262119,0.015695141782131466,重点词,0.46500281601536386,重点词,0.38516959875754425,重点词,0.47356042992943354,重点词,True,稳定词
1708,3211,525368335,9811363528,4.96,6,6,1.0, 00:00:26,26.0,False,True,False,26.0,1.0,0.0,0.8266666666666667,4.96,6.0,1.0,0.0,26.0,1.9459101490553132,0.6931471805599453,0.0,3.295836866004329,0.19673379430016064,0.02690420615108341,0.006589305663774196,潜力词,0.19673379430016064,潜力词,0.17046717896698324,潜力词,0.1890146608129116,潜力词,True,稳定词
1709,3222,525368335,9811363528,1176.51,172,337,0.7801, 00:02:24,144.0,False,True,False,144.0,1.9593023255813953,0.21989999999999998,6.840174418604651,1176.51,172.0,1.9593023255813953,0.21989999999999998,144.0,5.153291594497779,1.0849535397370698,0.21989999999999998,4.976733742420574,0.4227289558704021,0.019023878621493125,0.013930967832267762,重点词,0.4227289558704021,重点词,0.4583622608342096,重点词,0.392287449300606,重点词,True,稳定词
1712,3267,525368335,9811363528,9.34,6,8,0.6667, 00:00:57,57.0,False,True,False,57.0,1.3333333333333333,0.33330000000000004,1.5566666666666666,9.34,6.0,1.3333333333333333,0.33330000000000004,57.0,1.9459101490553132,0.8472978603872036,0.33330000000000004,4.060443010546419,0.2981218353756545,0.02303901043878359,0.009785789647588061,问题词,0.2981218353756545,问题词,0.22877649417199583,问题词,0.3183415737567098,重点词,False,边界敏感词
1714,3280,525368335,9811363528,30.61,27,55,0.75, 00:03:38,218.0,False,True,False,218.0,2.037037037037037,0.25,1.1337037037037037,30.61,27.0,2.037037037037037,0.25,218.0,3.332204510175204,1.110882381259924,0.25,5.389071729816501,0.37342994151936576,0.020717062717583,0.012347177166173453,重点词,0.37342994151936576,重点词,0.33464660596354817,重点词,0.3693246366674998,重点词,True,稳定词
1715,3281,525368335,9811363528,1.75,2,1,1.0, 00:02:00,120.0,False,True,False,120.0,0.5,0.0,0.875,1.75,2.0,0.5,0.0,120.0,1.0986122886681098,0.4054651081081644,0.0,4.795790545596741,0.19132793798168635,0.02853532326950284,0.006751320859494673,潜力词,0.19132793798168635,潜力词,0.1404719610137314,潜力词,0.19011176874161245,潜力词,True,稳定词
1717,3300,525368335,9811363528,0.1,1,0,0.0,0,,False,True,True,95.0,0.0,1.0,0.1,0.15,1.0,0.0,1.0,95.0,0.6931471805599453,0.0,1.0,4.564348191467836,0.4119681460617029,0.025432671188103346,0.01781782794348286,黄金词,0.4119681460617029,黄金词,0.30092088014216595,黄金词,0.48010869592865735,黄金词,True,稳定词
1718,3305,525368335,9811363528,10.73,11,11,0.75, 00:00:32,32.0,False,True,False,32.0,1.0,0.25,0.9754545454545455,10.73,11.0,1.0,0.25,32.0,2.4849066497880004,0.6931471805599453,0.25,3.4965075614664802,0.2620714428899656,0.023684926544266675,0.008411576993995168,问题词,0.2620714428899656,问题词,0.2312819647450316,问题词,0.26789587283019356,问题词,True,稳定词
1719,3313,525368335,9811363528,36.15,43,107,0.5143, 00:06:40,400.0,False,True,False,400.0,2.488372093023256,0.4857,0.8406976744186047,36.15,43.0,2.488372093023256,0.4857,400.0,3.784189633918261,1.2494351784026934,0.4857,5.993961427306569,0.4725800682230818,0.017329582315906002,0.015527693778156864,重点词,0.4725800682230818,重点词,0.4095220234229483,重点词,0.48947050456444985,重点词,True,稳定词
1720,3320,525368335,9811363528,0.15,1,1,1.0,0,,False,True,True,95.0,1.0,0.0,0.15,0.15,1.0,1.0,0.0,95.0,0.6931471805599453,0.6931471805599453,0.0,4.564348191467836,0.2077482779877371,0.0282489798939777,0.007407591255185984,潜力词,0.2077482779877371,潜力词,0.14642875257666044,潜力词,0.2080581126746525,潜力词,True,稳定词
1722,3331,525368335,9811363528,1.01,1,1,1.0, 00:02:00,120.0,False,True,False,120.0,1.0,0.0,1.01,1.01,1.0,1.0,0.0,120.0,0.6931471805599453,0.6931471805599453,0.0,4.795790545596741,0.21401869481923805,0.028205532455741852,0.007680222421411457,潜力词,0.21401869481923805,潜力词,0.15108856472007434,潜力词,0.21433632984851855,潜力词,True,稳定词
1727,3352,525368335,9811363528,4.01,3,3,1.0, 00:01:21,81.0,False,True,False,81.0,1.0,0.0,1.3366666666666667,4.01,3.0,1.0,0.0,81.0,1.3862943611198906,0.6931471805599453,0.0,4.406719247264253,0.2123321355502617,0.02733673438153699,0.007369181164013832,潜力词,0.2123321355502617,潜力词,0.16056107413846368,潜力词,0.2094146561060423,潜力词,True,稳定词
1728,3359,525368335,9811363528,2.83,3,1,1.0, 00:00:06,6.0,False,True,False,6.0,0.3333333333333333,0.0,0.9433333333333334,2.83,3.0,0.3333333333333333,0.0,6.0,1.3862943611198906,0.2876820724517809,0.0,1.9459101490553132,0.09404695905843144,0.029366554193698168,0.003048541144109996,潜力词,0.09404695905843144,潜力词,0.08575507604777681,潜力词,0.08974947761683641,潜力词,True,稳定词
1730,3365,525368335,9811363528,1.95,1,2,0.0, 00:01:10,70.0,False,True,False,70.0,2.0,1.0,1.95,1.95,1.0,2.0,1.0,70.0,0.6931471805599453,1.0986122886681098,1.0,4.2626798770413155,0.4716874120015802,0.021439660260283284,0.019141731793065657,黄金词,0.4716874120015802,黄金词,0.3288461854306365,黄金词,0.5489815163452911,黄金词,True,稳定词
1736,3396,525368335,9811363528,1.26,1,1,1.0, 00:00:04,4.0,False,True,False,4.0,1.0,0.0,1.26,1.26,1.0,1.0,0.0,4.0,0.6931471805599453,0.6931471805599453,0.0,1.6094379124341003,0.1421321122428281,0.029160018973752585,0.004831250999050757,潜力词,0.1421321122428281,潜力词,0.09938094953804383,潜力词,0.14234751798888284,潜力词,True,稳定词
1737,3413,525368335,9811363528,1.41,1,1,1.0, 00:00:10,10.0,False,True,False,10.0,1.0,0.0,1.41,1.41,1.0,1.0,0.0,10.0,0.6931471805599453,0.6931471805599453,0.0,2.3978952727983707,0.15484641847660463,0.028853833647228544,0.005286509928218776,潜力词,0.15484641847660463,潜力词,0.10818517489144733,潜力词,0.1550825545299602,潜力词,True,稳定词
1744,3460,525368335,9811363528,0.6,1,0,0.0,0,,False,True,True,95.0,0.0,1.0,0.6,0.6,1.0,0.0,1.0,95.0,0.6931471805599453,0.0,1.0,4.564348191467836,0.4119681460617029,0.025432671188103346,0.01781782794348286,黄金词,0.4119681460617029,黄金词,0.30092088014216595,黄金词,0.48010869592865735,黄金词,True,稳定词
1745,3463,525368335,9811363528,0.53,2,2,1.0, 00:02:00,120.0,False,True,False,120.0,1.0,0.0,0.265,0.53,2.0,1.0,0.0,120.0,1.0986122886681098,0.6931471805599453,0.0,4.795790545596741,0.21843657059918795,0.027646402138318527,0.007726801236247917,潜力词,0.21843657059918795,潜力词,0.15874296766226273,潜力词,0.21715322323575523,潜力词,True,稳定词
1746,3473,525368335,9811363528,7.85,7,13,0.75, 00:02:19,139.0,False,True,False,139.0,1.8571428571428572,0.25,1.1214285714285714,7.85,7.0,1.8571428571428572,0.25,139.0,2.0794415416798357,1.0498221244986776,0.25,4.941642422609304,0.3209957871195196,0.02274563014701816,0.010752880930735476,黄金词,0.3209957871195196,黄金词,0.24894882696010523,潜力词,0.33008658783817996,黄金词,False,边界敏感词
1747,3476,525368335,9811363528,6.72,7,19,0.75, 00:06:45,405.0,False,True,False,405.0,2.7142857142857144,0.25,0.96,6.72,7.0,2.7142857142857144,0.25,405.0,2.0794415416798357,1.3121863889661687,0.25,6.0063531596017325,0.3705281793225331,0.02188868052747164,0.012884409876978909,黄金词,0.3705281793225331,黄金词,0.2816847654234319,黄金词,0.3792111814580767,黄金词,True,稳定词
1748,3481,525368335,9811363528,8.14,12,62,0.4, 00:07:54,474.0,False,True,False,474.0,5.166666666666667,0.6,0.6783333333333333,8.14,12.0,5.166666666666667,0.6,474.0,2.5649493574615367,1.8191584434161694,0.6,6.163314804034641,0.5166126803823625,0.017052519356928007,0.01822461486830707,重点词,0.5166126803823625,重点词,0.385464321270798,重点词,0.5594850286210041,重点词,True,稳定词
1749,3486,525368335,9811363528,0.15,1,2,0.0, 00:00:39,39.0,False,True,False,39.0,2.0,1.0,0.15,0.15,1.0,2.0,1.0,39.0,0.6931471805599453,1.0986122886681098,1.0,3.6888794541139363,0.46668326001784394,0.02162271052792674,0.01892113313362831,黄金词,0.46668326001784394,黄金词,0.32572702555910127,黄金词,0.5439351109870403,黄金词,True,稳定词
1750,3487,525368335,9811363528,5.23,5,4,1.0, 00:00:04,4.0,False,True,False,4.0,0.8,0.0,1.046,5.23,5.0,0.8,0.0,4.0,1.791759469228055,0.5877866649021191,0.0,1.6094379124341003,0.144889288919111,0.028043694202270684,0.004751701573818357,潜力词,0.144889288919111,潜力词,0.13378394805840332,潜力词,0.13757736637310042,潜力词,True,稳定词
1751,3495,525368335,9811363528,2.74,4,10,0.6667, 00:03:46,226.0,False,True,False,226.0,2.5,0.33330000000000004,0.685,2.74,4.0,2.5,0.33330000000000004,226.0,1.6094379124341003,1.252762968495368,0.33330000000000004,5.424950017481403,0.3606821997090639,0.022086135564662865,0.012460275554520846,黄金词,0.3606821997090639,黄金词,0.2598547025499017,潜力词,0.3817871058363838,黄金词,False,边界敏感词
1753,3515,525368335,9811363528,2110.21,88,180,0.6615, 00:02:32,152.0,False,True,False,152.0,2.0454545454545454,0.3385,23.97965909090909,2110.21,88.0,2.0454545454545454,0.3385,152.0,4.48863636973214,1.11365016603265,0.3385,5.030437921392435,0.4303848143038908,0.018376381842533165,0.013884664393577896,重点词,0.4303848143038908,重点词,0.4254220466693583,重点词,0.4208240891089005,重点词,True,稳定词
1755,3535,525368335,9811363528,9.73,8,21,0.5714, 00:02:37,157.0,False,True,False,157.0,2.625,0.4286,1.21625,9.73,8.0,2.625,0.4286,157.0,2.1972245773362196,1.2878542883066382,0.4286,5.062595033026967,0.3967256932410591,0.020329229543088537,0.01336892288164548,重点词,0.3967256932410591,重点词,0.29820478930759237,重点词,0.4241505228872142,重点词,True,稳定词
1756,3541,525368335,9811363528,3.12,4,3,0.0, 00:22:39,1359.0,False,True,False,1359.0,0.75,1.0,0.78,3.12,4.0,0.75,1.0,1160.4800000000007,1.6094379124341003,0.5596157879354227,1.0,7.057450332948998,0.481709508951491,0.021302844467301636,0.019799288092000548,黄金词,0.481709508951491,黄金词,0.35634962687664073,黄金词,0.5481199934663219,黄金词,True,稳定词
1758,3544,525368335,9811363528,0.9,1,4,0.0, 00:07:24,444.0,False,True,False,444.0,4.0,1.0,0.9,0.9,1.0,4.0,1.0,444.0,0.6931471805599453,1.6094379124341003,1.0,6.09807428216624,0.5212019175620738,0.01980810642496046,0.02156237343181399,黄金词,0.5212019175620738,黄金词,0.36082589217231625,黄金词,0.5990050322795722,黄金词,True,稳定词
1760,3575,525368335,9811363528,167.95,71,201,0.6, 00:05:16,316.0,False,True,False,316.0,2.8309859154929575,0.4,2.3654929577464787,167.95,71.0,2.8309859154929575,0.4,316.0,4.276666119016055,1.3431221892546819,0.4,5.75890177387728,0.4742073574224622,0.0171527542082429,0.015469905028974195,重点词,0.4742073574224622,重点词,0.4359871500375976,重点词,0.47476243761250675,重点词,True,稳定词
1762,3595,525368335,9811363528,3343.5,420,418,0.8, 00:02:01,121.0,False,True,False,121.0,0.9952380952380953,0.19999999999999996,7.960714285714285,3343.5,420.0,0.9952380952380953,0.19999999999999996,121.0,6.042632833682381,0.6907633892046691,0.19999999999999996,4.804021044733257,0.4122170183763645,0.019925469803180985,0.01397389514294381,重点词,0.4122170183763645,重点词,0.499150147561341,重点词,0.3685731886004433,重点词,True,稳定词
1763,3597,525368335,9811363528,44.81,51,65,0.8333, 00:01:50,110.0,False,True,False,110.0,1.2745098039215685,0.16669999999999996,0.8786274509803922,44.81,51.0,1.2745098039215685,0.16669999999999996,110.0,3.9512437185814275,0.8217645583820389,0.16669999999999996,4.709530201312334,0.33382573383690073,0.021893441095508885,0.010970994244520773,重点词,0.33382573383690073,重点词,0.34746085789191655,重点词,0.31349363666914143,重点词,True,稳定词
1765,3634,525368335,9811363528,1.18,1,0,0.0,0,,False,True,True,95.0,0.0,1.0,1.18,1.18,1.0,0.0,1.0,95.0,0.6931471805599453,0.0,1.0,4.564348191467836,0.4119681460617029,0.025432671188103346,0.01781782794348286,黄金词,0.4119681460617029,黄金词,0.30092088014216595,黄金词,0.48010869592865735,黄金词,True,稳定词
1767,3643,525368335,9811363528,3.44,5,4,1.0, 00:01:36,96.0,False,True,False,96.0,0.8,0.0,0.688,3.44,5.0,0.8,0.0,96.0,1.791759469228055,0.5877866649021191,0.0,4.574710978503383,0.21380944436564733,0.02709302516823618,0.0073681178384686795,潜力词,0.21380944436564733,潜力词,0.17505021585749514,潜力词,0.2079256994879307,潜力词,True,稳定词
1768,3649,525368335,9811363528,33.42,4,3,0.0, 00:00:56,56.0,False,True,False,56.0,0.75,1.0,8.355,33.42,4.0,0.75,1.0,56.0,1.6094379124341003,0.5596157879354227,1.0,4.04305126783455,0.4536130016737833,0.021773018592580587,0.01807606028242799,重点词,0.4536130016737833,重点词,0.33465028207996456,重点词,0.5243128071766321,重点词,True,稳定词
1772,3665,525368335,9811363528,3.95,5,15,0.6667, 00:01:08,68.0,False,True,False,68.0,3.0,0.33330000000000004,0.79,3.95,5.0,3.0,0.33330000000000004,68.0,1.791759469228055,1.3862943611198906,0.33330000000000004,4.23410650459726,0.36079134194870305,0.02174566899543917,0.012274003175043327,黄金词,0.36079134194870305,黄金词,0.26386252055012105,潜力词,0.3808874378620283,黄金词,False,边界敏感词
1774,3673,525368335,9811363528,0.85,1,0,0.0,0,,False,True,True,95.0,0.0,1.0,0.85,0.85,1.0,0.0,1.0,95.0,0.6931471805599453,0.0,1.0,4.564348191467836,0.4119681460617029,0.025432671188103346,0.01781782794348286,黄金词,0.4119681460617029,黄金词,0.30092088014216595,黄金词,0.48010869592865735,黄金词,True,稳定词
1777,3692,525368335,9811363528,16.38,15,49,0.5, 00:05:06,306.0,False,True,False,306.0,3.2666666666666666,0.5,1.0919999999999999,16.38,15.0,3.2666666666666666,0.5,306.0,2.772588722239781,1.4508328822574619,0.5,5.726847747587197,0.4590247193796159,0.018274098960490686,0.01550581597302377,重点词,0.4590247193796159,重点词,0.356765456253983,重点词,0.48894191240451357,重点词,True,稳定词
1778,3697,525368335,9811363528,1.28,1,0,0.0,0,,False,True,True,95.0,0.0,1.0,1.28,1.28,1.0,0.0,1.0,95.0,0.6931471805599453,0.0,1.0,4.564348191467836,0.4119681460617029,0.025432671188103346,0.01781782794348286,黄金词,0.4119681460617029,黄金词,0.30092088014216595,黄金词,0.48010869592865735,黄金词,True,稳定词
1780,3703,525368335,9811363528,1.28,1,1,1.0, 00:19:16,1156.0,False,True,False,1156.0,1.0,0.0,1.28,1.28,1.0,1.0,0.0,1156.0,0.6931471805599453,0.6931471805599453,0.0,7.053585727193677,0.2739526900025182,0.02800269665921662,0.010565997520386835,潜力词,0.2739526900025182,潜力词,0.19717811566265547,潜力词,0.27433370259397993,潜力词,True,稳定词
1783,3716,525368335,9811363528,1.44,1,1,1.0, 00:00:11,11.0,False,True,False,11.0,1.0,0.0,1.44,1.44,1.0,1.0,0.0,11.0,0.6931471805599453,0.6931471805599453,0.0,2.4849066497880004,0.15656376398824745,0.028822790348021664,0.005350261647363608,潜力词,0.15656376398824745,潜力词,0.1093930955023073,潜力词,0.15680254782984282,潜力词,True,稳定词
1784,3733,525368335,9811363528,0.71,1,1,1.0, 00:02:00,120.0,False,True,False,120.0,1.0,0.0,0.71,0.71,1.0,1.0,0.0,120.0,0.6931471805599453,0.6931471805599453,0.0,4.795790545596741,0.21401869481923805,0.028205532455741852,0.007680222421411457,潜力词,0.21401869481923805,潜力词,0.15108856472007434,潜力词,0.21433632984851855,潜力词,True,稳定词
1785,3742,525368335,9811363528,1.99,2,1,1.0, 00:02:00,120.0,False,True,False,120.0,0.5,0.0,0.995,1.99,2.0,0.5,0.0,120.0,1.0986122886681098,0.4054651081081644,0.0,4.795790545596741,0.19132793798168635,0.02853532326950284,0.006751320859494673,潜力词,0.19132793798168635,潜力词,0.1404719610137314,潜力词,0.19011176874161245,潜力词,True,稳定词
1786,3749,525368335,9811363528,11.54,14,11,1.0, 00:00:36,36.0,False,True,False,36.0,0.7857142857142857,0.0,0.8242857142857142,11.54,14.0,0.7857142857142857,0.0,36.0,2.70805020110221,0.5798184952529422,0.0,3.6109179126442243,0.2151342857919482,0.02623714425558104,0.007191687939051061,问题词,0.2151342857919482,问题词,0.21913164806855218,问题词,0.19882980514809753,问题词,True,稳定词
1788,3759,525368335,9811363528,0.97,1,1,1.0, 00:00:01,1.0,False,True,False,1.0,1.0,0.0,0.97,0.97,1.0,1.0,0.0,1.0,0.6931471805599453,0.6931471805599453,0.0,0.6931471805599453,0.1354663103126751,0.029570784147216124,0.004633532584397842,潜力词,0.1354663103126751,潜力词,0.09516320728013836,潜力词,0.13566748995043118,潜力词,True,稳定词
1789,3760,525368335,9811363528,9.1,17,15,0.9286, 00:01:36,96.0,False,True,False,96.0,0.8823529411764706,0.07140000000000002,0.5352941176470588,9.1,17.0,0.8823529411764706,0.07140000000000002,96.0,2.8903717578961645,0.6325225587435105,0.07140000000000002,4.574710978503383,0.25726585728927703,0.024832217321569136,0.008601303360461346,问题词,0.25726585728927703,问题词,0.25059128305808115,问题词,0.24291022250630465,问题词,True,稳定词
1790,3769,525368335,9811363528,4.68,6,12,0.8, 00:01:07,67.0,False,True,False,67.0,2.0,0.19999999999999996,0.7799999999999999,4.68,6.0,2.0,0.19999999999999996,67.0,1.9459101490553132,1.0986122886681098,0.19999999999999996,4.219507705176107,0.29876366921979836,0.023455365945843274,0.009993223233423339,潜力词,0.29876366921979836,潜力词,0.23055691324935781,潜力词,0.30429831964898696,潜力词,True,稳定词
1791,3775,525368335,9811363528,4.81,4,6,0.75, 00:00:47,47.0,False,True,False,47.0,1.5,0.25,1.2025,4.81,4.0,1.5,0.25,47.0,1.6094379124341003,0.9162907318741551,0.25,3.871201010907891,0.272534169193467,0.024089943007690316,0.00902493605265273,潜力词,0.272534169193467,潜力词,0.20207879926847414,潜力词,0.2861467365764837,潜力词,True,稳定词
1792,3779,525368335,9811363528,2.4,2,0,0.0,0,,False,True,True,95.0,0.0,1.0,1.2,2.4,2.0,0.0,1.0,95.0,1.0986122886681098,0.0,1.0,4.564348191467836,0.41824940034883135,0.024811131651819075,0.01783795485827032,黄金词,0.41824940034883135,黄金词,0.3099043206317119,黄金词,0.48514265371103865,黄金词,True,稳定词
1797,3843,525368335,9811363528,6.63,5,13,0.4, 00:01:14,74.0,False,True,False,74.0,2.6,0.6,1.326,6.63,5.0,2.6,0.6,74.0,1.791759469228055,1.2809338454620642,0.6,4.31748811353631,0.4196362981138803,0.020048189563539643,0.014495992814484998,黄金词,0.4196362981138803,黄金词,0.30046900853296094,黄金词,0.46954161541583955,黄金词,True,稳定词
1803,3916,525368335,9811363528,0.58,1,0,0.0,0,,False,True,True,95.0,0.0,1.0,0.58,0.58,1.0,0.0,1.0,95.0,0.6931471805599453,0.0,1.0,4.564348191467836,0.4119681460617029,0.025432671188103346,0.01781782794348286,黄金词,0.4119681460617029,黄金词,0.30092088014216595,黄金词,0.48010869592865735,黄金词,True,稳定词
1805,3923,525368335,9811363528,316.24,20,94,0.5263, 00:04:04,244.0,False,True,False,244.0,4.7,0.4737,15.812000000000001,316.24,20.0,4.7,0.4737,244.0,3.044522437723423,1.7404661748405046,0.4737,5.501258210544727,0.4874891327258881,0.017427018401368368,0.016576198923675557,重点词,0.4874891327258881,重点词,0.38486528592008945,重点词,0.511468601100911,重点词,True,稳定词
1806,3924,525368335,9811363528,4.53,6,21,0.5, 00:04:06,246.0,False,True,False,246.0,3.5,0.5,0.755,4.53,6.0,3.5,0.5,246.0,1.9459101490553132,1.5040773967762742,0.5,5.5093883366279774,0.4367532967742798,0.019586220899645648,0.0151875661238294,黄金词,0.4367532967742798,黄金词,0.3162189152442157,黄金词,0.4738223944388433,黄金词,True,稳定词
1807,3934,525368335,9811363528,4.48,4,6,0.6667, 00:02:11,131.0,False,True,False,131.0,1.5,0.33330000000000004,1.12,4.48,4.0,1.5,0.33330000000000004,131.0,1.6094379124341003,0.9162907318741551,0.33330000000000004,4.882801922586371,0.3138413334195008,0.023123886710692404,0.010576608286960653,潜力词,0.3138413334195008,潜力词,0.22880765442659093,潜力词,0.33576817583457885,黄金词,False,边界敏感词
1808,3936,525368335,9811363528,155.23,28,51,0.8696, 00:01:12,72.0,False,True,False,72.0,1.8214285714285714,0.13039999999999996,5.543928571428571,155.23,28.0,1.8214285714285714,0.13039999999999996,72.0,3.367295829986474,1.0372433422918175,0.13039999999999996,4.290459441148391,0.32164627571348314,0.022415678579658135,0.010628554505720202,重点词,0.32164627571348314,重点词,0.3092716257035816,重点词,0.3061171775382942,问题词,False,边界敏感词
1809,3949,525368335,9811363528,13.87,13,6,1.0, 00:02:04,124.0,False,True,False,124.0,0.46153846153846156,0.0,1.0669230769230769,13.87,13.0,0.46153846153846156,0.0,124.0,2.6390573296152584,0.37948962170490375,0.0,4.8283137373023015,0.22638358520679946,0.02670681305417254,0.007815222082984779,问题词,0.22638358520679946,问题词,0.22134657745177813,问题词,0.21223461307869557,问题词,True,稳定词
1810,3951,525368335,9811363528,4.31,1,0,0.0,0,,False,True,True,95.0,0.0,1.0,4.31,4.31,1.0,0.0,1.0,95.0,0.6931471805599453,0.0,1.0,4.564348191467836,0.4119681460617029,0.025432671188103346,0.01781782794348286,黄金词,0.4119681460617029,黄金词,0.30092088014216595,黄金词,0.48010869592865735,黄金词,True,稳定词
1814,3979,525368335,9811363528,1.82,1,1,1.0,0,,False,True,True,95.0,1.0,0.0,1.82,1.82,1.0,1.0,0.0,95.0,0.6931471805599453,0.6931471805599453,0.0,4.564348191467836,0.2077482779877371,0.0282489798939777,0.007407591255185984,潜力词,0.2077482779877371,潜力词,0.14642875257666044,潜力词,0.2080581126746525,潜力词,True,稳定词
1816,3991,525368335,9811363528,10.09,7,9,0.6, 00:00:38,38.0,False,True,False,38.0,1.2857142857142858,0.4,1.4414285714285715,10.09,7.0,1.2857142857142858,0.4,38.0,2.0794415416798357,0.826678573184468,0.4,3.6635616461296463,0.3118759855569156,0.02250589522407861,0.01020026638589395,问题词,0.3118759855569156,问题词,0.24179080523114466,问题词,0.3390731198206752,重点词,False,边界敏感词
1817,3996,525368335,9811363528,1.7,6,5,0.75, 00:09:29,569.0,False,True,False,569.0,0.8333333333333334,0.25,0.2833333333333333,1.7,6.0,0.8333333333333334,0.25,569.0,1.9459101490553132,0.6061358035703155,0.25,6.345636360828596,0.3048756742113998,0.024155132839684953,0.010594237803158817,潜力词,0.3048756742113998,潜力词,0.23712034283338185,潜力词,0.3144553338387193,黄金词,False,边界敏感词
1818,4005,525368335,9811363528,3.61,1,1,1.0, 00:15:22,922.0,False,True,False,922.0,1.0,0.0,3.61,3.61,1.0,1.0,0.0,922.0,0.6931471805599453,0.6931471805599453,0.0,6.827629234502852,0.2682059398671589,0.02800479802687471,0.010263889234389825,潜力词,0.2682059398671589,潜力词,0.1926213470164884,潜力词,0.2685818599772745,潜力词,True,稳定词
1819,4012,525368335,9811363528,1.78,5,4,0.6667, 00:01:22,82.0,False,True,False,82.0,0.8,0.33330000000000004,0.356,1.78,5.0,0.8,0.33330000000000004,82.0,1.791759469228055,0.5877866649021191,0.33330000000000004,4.418840607796598,0.27505048833587453,0.024041755422898846,0.009121596005134904,潜力词,0.27505048833587453,潜力词,0.2100271706452254,潜力词,0.2967057159356763,潜力词,True,稳定词
1822,4025,525368335,9811363528,4371.61,319,1051,0.5397, 00:04:24,264.0,False,True,False,264.0,3.2946708463949843,0.46030000000000004,13.704106583072099,4371.61,319.0,3.2946708463949843,0.46030000000000004,264.0,5.768320995793772,1.457374916037326,0.46030000000000004,5.579729825986222,0.5566262441202787,0.014265752048527904,0.0179097023155277,重点词,0.5566262441202787,重点词,0.5595349340699011,重点词,0.5440796550672349,重点词,True,稳定词
1824,4032,525368335,9811363528,11.18,11,52,0.2727, 00:04:12,252.0,False,True,False,252.0,4.7272727272727275,0.7273000000000001,1.0163636363636364,11.18,11.0,4.7272727272727275,0.7273000000000001,252.0,2.4849066497880004,1.7452394535931621,0.7273000000000001,5.53338948872752,0.5289789619052958,0.016720376376653717,0.01877777556213908,重点词,0.5289789619052958,重点词,0.3900980242512102,重点词,0.5858947030634059,重点词,True,稳定词
1825,4039,525368335,9811363528,1.21,2,2,1.0, 00:00:29,29.0,False,True,False,29.0,1.0,0.0,0.605,1.21,2.0,1.0,0.0,29.0,1.0986122886681098,0.6931471805599453,0.0,3.4011973816621555,0.18158745013336586,0.027977113317624685,0.006207496048621892,潜力词,0.18158745013336586,潜力词,0.13211986672131498,潜力词,0.18031242367652203,潜力词,True,稳定词
1826,4041,525368335,9811363528,0.78,1,2,0.0, 00:00:15,15.0,False,True,False,15.0,2.0,1.0,0.78,0.78,1.0,2.0,1.0,15.0,0.6931471805599453,1.0986122886681098,1.0,2.772588722239781,0.458943380334586,0.021981182744724242,0.018645217424480356,黄金词,0.458943380334586,黄金词,0.32140254195624507,黄金词,0.5356507587690773,黄金词,True,稳定词
1827,4042,525368335,9811363528,1.73,7,20,0.25, 00:05:50,350.0,False,True,False,350.0,2.857142857142857,0.75,0.24714285714285714,1.73,7.0,2.857142857142857,0.75,350.0,2.0794415416798357,1.349926716949016,0.75,5.860786223465865,0.4903702499699916,0.018272730250569753,0.017582182555234475,黄金词,0.4903702499699916,黄金词,0.35558352693017453,黄金词,0.5509699640040275,黄金词,True,稳定词
1828,4045,525368335,9811363528,2116.51,24,117,0.5714, 00:05:41,341.0,False,True,False,341.0,4.875,0.4286,88.18791666666668,2116.51,24.0,4.875,0.4286,341.0,3.2188758248682006,1.7707060600302227,0.4286,5.834810737062605,0.48943347456870995,0.01742652162121266,0.016705213918033635,重点词,0.48943347456870995,重点词,0.39413916954640854,重点词,0.5060877153278253,重点词,True,稳定词
1830,4053,525368335,9811363528,223.0,37,100,0.7333, 00:04:47,287.0,False,True,False,287.0,2.7027027027027026,0.26670000000000005,6.027027027027027,223.0,37.0,2.7027027027027026,0.26670000000000005,287.0,3.6375861597263857,1.3090630131839005,0.26670000000000005,5.662960480135946,0.4136988729564244,0.019518459796125095,0.013772384952113682,重点词,0.4136988729564244,重点词,0.37186789404408105,重点词,0.4077793486429585,重点词,True,稳定词
1833,4090,525368335,9811363528,15.57,18,15,0.8182, 00:00:59,59.0,False,True,False,59.0,0.8333333333333334,0.18179999999999996,0.865,15.57,18.0,0.8333333333333334,0.18179999999999996,59.0,2.9444389791664403,0.6061358035703155,0.18179999999999996,4.0943445622221,0.26468796383913484,0.023851478109452772,0.008585741650995639,问题词,0.26468796383913484,问题词,0.25709483405993183,问题词,0.2575924263378331,问题词,True,稳定词
1834,4091,525368335,9811363528,44.79,64,337,0.4, 00:09:41,581.0,False,True,False,581.0,5.265625,0.6,0.69984375,44.79,64.0,5.265625,0.6,581.0,4.174387269895637,1.8350783439468974,0.6,6.366470447731438,0.5787547491245396,0.014139546180175364,0.01942652050138271,重点词,0.5787547491245396,重点词,0.48543669430335534,重点词,0.6052074457481382,重点词,True,稳定词
1836,4108,525368335,9811363528,2.36,3,2,0.0, 00:01:22,82.0,False,True,False,82.0,0.6666666666666666,1.0,0.7866666666666666,2.36,3.0,0.6666666666666666,1.0,82.0,1.3862943611198906,0.5108256237659907,1.0,4.418840607796598,0.44930903810572387,0.022223281702186855,0.018131986932952596,黄金词,0.44930903810572387,黄金词,0.32827579097632825,黄金词,0.5203893215172045,黄金词,True,稳定词
1837,4111,525368335,9811363528,0.54,1,1,1.0, 00:02:00,120.0,False,True,False,120.0,1.0,0.0,0.54,0.54,1.0,1.0,0.0,120.0,0.6931471805599453,0.6931471805599453,0.0,4.795790545596741,0.21401869481923805,0.028205532455741852,0.007680222421411457,潜力词,0.21401869481923805,潜力词,0.15108856472007434,潜力词,0.21433632984851855,潜力词,True,稳定词
1840,4158,525368335,9811363528,4.79,3,3,1.0, 00:05:12,312.0,False,True,False,312.0,1.0,0.0,1.5966666666666667,4.79,3.0,1.0,0.0,312.0,1.3862943611198906,0.6931471805599453,0.0,5.746203190540153,0.24856881999818028,0.027119517753161494,0.008970969938733083,潜力词,0.24856881999818028,潜力词,0.18679610082483913,潜力词,0.24570117445306555,潜力词,True,稳定词
1842,4163,525368335,9811363528,1.26,1,0,0.0,0,,False,True,True,95.0,0.0,1.0,1.26,1.26,1.0,0.0,1.0,95.0,0.6931471805599453,0.0,1.0,4.564348191467836,0.4119681460617029,0.025432671188103346,0.01781782794348286,黄金词,0.4119681460617029,黄金词,0.30092088014216595,黄金词,0.48010869592865735,黄金词,True,稳定词
1843,4171,525368335,9811363528,5.91,6,7,0.75, 00:04:18,258.0,False,True,False,258.0,1.1666666666666667,0.25,0.985,5.91,6.0,1.1666666666666667,0.25,258.0,1.9459101490553132,0.7731898882334818,0.25,5.556828061699537,0.3011217449508198,0.023673941788494326,0.010200258213376365,潜力词,0.3011217449508198,潜力词,0.23291393057335816,潜力词,0.3112128889694358,黄金词,False,边界敏感词
1845,4189,525368335,9811363528,8.85,8,19,0.3333, 00:01:17,77.0,False,True,False,77.0,2.375,0.6667000000000001,1.10625,8.85,8.0,2.375,0.6667000000000001,77.0,2.1972245773362196,1.2163953243244932,0.6667000000000001,4.356708826689592,0.44288434373266483,0.019167428167546855,0.015237327742506504,重点词,0.44288434373266483,重点词,0.32708538574559937,重点词,0.49643798183566945,重点词,True,稳定词
1847,4202,525368335,9811363528,1.12,1,0,0.0,0,,False,True,True,95.0,0.0,1.0,1.12,1.12,1.0,0.0,1.0,95.0,0.6931471805599453,0.0,1.0,4.564348191467836,0.4119681460617029,0.025432671188103346,0.01781782794348286,黄金词,0.4119681460617029,黄金词,0.30092088014216595,黄金词,0.48010869592865735,黄金词,True,稳定词
1848,4210,525368335,9811363528,13.71,12,18,0.75, 00:02:10,130.0,False,True,False,130.0,1.5,0.25,1.1425,13.71,12.0,1.5,0.25,130.0,2.5649493574615367,0.9162907318741551,0.25,4.875197323201151,0.3178319081177427,0.022464571896328948,0.01046656657768568,问题词,0.3178319081177427,问题词,0.2667303030474562,问题词,0.32229742775059406,重点词,False,边界敏感词
1849,4212,525368335,9811363528,37.2,30,81,0.6667, 00:04:02,242.0,False,True,False,242.0,2.7,0.33330000000000004,1.24,37.2,30.0,2.7,0.33330000000000004,242.0,3.4339872044851463,1.308332819650179,0.33330000000000004,5.493061443340548,0.4199490575786832,0.019148620524281245,0.01386334294973506,重点词,0.4199490575786832,重点词,0.3644310927633676,重点词,0.4234410064399742,重点词,True,稳定词
1854,4251,525368335,9811363528,2.47,4,2,1.0, 00:01:30,90.0,False,True,False,90.0,0.5,0.0,0.6175,2.47,4.0,0.5,0.0,90.0,1.6094379124341003,0.4054651081081644,0.0,4.51085950651685,0.1910338531376965,0.027928806348922478,0.006595266700671181,潜力词,0.1910338531376965,潜力词,0.15413872504482828,潜力词,0.18657650332112635,潜力词,True,稳定词
1855,4254,525368335,9811363528,0.93,3,1,1.0, 00:02:00,120.0,False,True,False,120.0,0.3333333333333333,0.0,0.31,0.93,3.0,0.3333333333333333,0.0,120.0,1.3862943611198906,0.2876820724517809,0.0,4.795790545596741,0.18728859928612906,0.028557996161889254,0.006581164106816745,潜力词,0.18728859928612906,潜力词,0.1450032759489131,潜力词,0.18449618904481888,潜力词,True,稳定词
1856,4255,525368335,9811363528,7.61,25,149,0.381, 00:06:09,369.0,False,True,False,369.0,5.96,0.619,0.3044,7.61,25.0,5.96,0.619,369.0,3.258096538021482,1.9401794743463283,0.619,5.91350300563827,0.5527808779513592,0.015488703445749076,0.01914466235220194,黄金词,0.5527808779513592,黄金词,0.431404574057014,黄金词,0.5916593741335089,黄金词,True,稳定词
1857,4260,525368335,9811363528,362.82,62,58,0.913, 00:00:49,49.0,False,True,False,49.0,0.9354838709677419,0.08699999999999997,5.851935483870967,362.82,62.0,0.9354838709677419,0.08699999999999997,49.0,4.143134726391533,0.6603573577369544,0.08699999999999997,3.912023005428146,0.2964864553218153,0.02333192417481212,0.00983293007896785,问题词,0.2964864553218153,问题词,0.34003632237572123,重点词,0.2662037745367427,问题词,False,边界敏感词
1858,4261,525368335,9811363528,12.22,54,9,1.0, 00:00:54,54.0,False,True,False,54.0,0.16666666666666666,0.0,0.2262962962962963,12.22,54.0,0.16666666666666666,0.0,54.0,4.007333185232471,0.15415067982725827,0.0,4.007333185232471,0.24587452545917338,0.026293231457678805,0.008572626208365798,问题词,0.24587452545917338,问题词,0.30595155035519284,重点词,0.2132792311500459,问题词,False,边界敏感词
1859,4264,525368335,9811363528,0.15,1,1,1.0, 00:00:02,2.0,False,True,False,2.0,1.0,0.0,0.15,0.15,1.0,1.0,0.0,2.0,0.6931471805599453,0.6931471805599453,0.0,1.0986122886681098,0.13721737004141432,0.02938187074738171,0.004672907046176866,潜力词,0.13721737004141432,潜力词,0.09614406329892622,潜力词,0.13742336656649506,潜力词,True,稳定词
1862,4289,525368335,9811363528,1.5,1,0,0.0,0,,False,True,True,95.0,0.0,1.0,1.5,1.5,1.0,0.0,1.0,95.0,0.6931471805599453,0.0,1.0,4.564348191467836,0.4119681460617029,0.025432671188103346,0.01781782794348286,黄金词,0.4119681460617029,黄金词,0.30092088014216595,黄金词,0.48010869592865735,黄金词,True,稳定词
1864,4292,525368335,9811363528,3.3,3,2,1.0, 00:01:01,61.0,False,True,False,61.0,0.6666666666666666,0.0,1.0999999999999999,3.3,3.0,0.6666666666666666,0.0,61.0,1.3862943611198906,0.5108256237659907,0.0,4.127134385045092,0.1845693873097629,0.02795652499713718,0.006327845201945849,潜力词,0.1845693873097629,潜力词,0.14203534767515963,潜力词,0.18163880459460063,潜力词,True,稳定词
1866,4307,525368335,9811363528,1.92,2,10,0.0, 00:01:11,71.0,False,True,False,71.0,5.0,1.0,0.96,1.92,2.0,5.0,1.0,71.0,1.0986122886681098,1.791759469228055,1.0,4.276666119016055,0.5285727265157728,0.019063727367465325,0.02137459353528819,黄金词,0.5285727265157728,黄金词,0.3695187861137914,黄金词,0.6055997838555742,黄金词,True,稳定词
1867,4323,525368335,9811363528,5.2,5,4,1.0, 00:01:44,104.0,False,True,False,104.0,0.8,0.0,1.04,5.2,5.0,0.8,0.0,104.0,1.791759469228055,0.5877866649021191,0.0,4.653960350157523,0.21603438828687124,0.027077092037516143,0.007461530107334108,潜力词,0.21603438828687124,潜力词,0.17650804852302268,潜力词,0.21017712349128445,潜力词,True,稳定词
1868,4333,525368335,9811363528,3.45,2,3,0.5, 00:01:06,66.0,False,True,False,66.0,1.5,0.5,1.725,3.45,2.0,1.5,0.5,66.0,1.0986122886681098,0.9162907318741551,0.5,4.204692619390966,0.33803598594975737,0.022898994796695788,0.011693512213749901,黄金词,0.33803598594975737,黄金词,0.23346496842785622,潜力词,0.3820337413116421,黄金词,False,边界敏感词
1870,4352,525368335,9811363528,29.26,39,434,0.2927, 00:11:17,677.0,False,True,False,677.0,11.128205128205128,0.7073,0.7502564102564103,29.26,39.0,11.082051282051294,0.7073,677.0,3.6888794541139363,2.4917209862077314,0.7073,6.519147287940395,0.6304238619076933,0.013551839725963015,0.0231167606764208,重点词,0.6304238619076933,重点词,0.4985226029103984,重点词,0.6732819721801239,重点词,True,稳定词
1871,4366,525368335,9811363528,1.82,3,4,0.6667, 00:01:16,76.0,False,True,False,76.0,1.3333333333333333,0.33330000000000004,0.6066666666666667,1.82,3.0,1.3333333333333333,0.33330000000000004,76.0,1.3862943611198906,0.8472978603872036,0.33330000000000004,4.343805421853684,0.29100451744183525,0.023801832821576066,0.009769372365367285,潜力词,0.29100451744183525,潜力词,0.20796721770475243,潜力词,0.31508814332737894,黄金词,False,边界敏感词
1873,4378,525368335,9811363528,23.08,17,38,0.5882, 00:01:27,87.0,False,True,False,87.0,2.235294117647059,0.41180000000000005,1.3576470588235292,23.08,17.0,2.235294117647059,0.41180000000000005,87.0,2.8903717578961645,1.1741198411762548,0.41180000000000005,4.477336814478207,0.3912063282660735,0.019854001285142867,0.012758034954649168,重点词,0.3912063282660735,重点词,0.32170635406493764,重点词,0.4103539339446156,重点词,True,稳定词
1874,4379,525368335,9811363528,4.62,5,6,0.8, 00:00:33,33.0,False,True,False,33.0,1.2,0.19999999999999996,0.924,4.62,5.0,1.2,0.19999999999999996,33.0,1.791759469228055,0.7884573603642702,0.19999999999999996,3.5263605246161616,0.2416667414181721,0.024768363908738524,0.00789321809157921,潜力词,0.2416667414181721,潜力词,0.1891073912899622,潜力词,0.24903647846017501,潜力词,True,稳定词
1877,4393,525368335,9811363528,3.55,2,4,0.0, 00:01:02,62.0,False,True,False,62.0,2.0,1.0,1.775,3.55,2.0,2.0,1.0,62.0,1.0986122886681098,1.0986122886681098,1.0,4.143134726391533,0.4796260036068909,0.020735277530491227,0.019111597359904062,黄金词,0.4796260036068909,黄金词,0.3385207161820398,黄金词,0.5557077402330489,黄金词,True,稳定词
1878,4397,525368335,9811363528,15.91,19,10,1.0, 00:00:58,58.0,False,True,False,58.0,0.5263157894736842,0.0,0.8373684210526315,15.91,19.0,0.5263157894736842,0.0,58.0,2.995732273553991,0.42285685082003355,0.0,4.07753744390572,0.22244079245364085,0.026313128848197566,0.007527546682133339,问题词,0.22244079245364085,问题词,0.23859429822426198,问题词,0.20285322583619309,问题词,True,稳定词
1879,4399,525368335,9811363528,2.49,5,7,0.75, 00:01:02,62.0,False,True,False,62.0,1.4,0.25,0.49800000000000005,2.49,5.0,1.4,0.25,62.0,1.791759469228055,0.8754687373538999,0.25,4.143134726391533,0.27721528181723376,0.023868150154821455,0.00915433849827436,潜力词,0.27721528181723376,潜力词,0.21102284796222842,潜力词,0.28933222446083706,潜力词,True,稳定词
1880,4418,525368335,9811363528,10.74,8,16,0.75, 00:00:39,39.0,False,True,False,39.0,2.0,0.25,1.3425,10.74,8.0,2.0,0.25,39.0,2.1972245773362196,1.0986122886681098,0.25,3.6888794541139363,0.3067605979013717,0.022775045548482854,0.010078028699080779,问题词,0.3067605979013717,问题词,0.24400238494098647,问题词,0.3150649011602864,重点词,False,边界敏感词
1881,4420,525368335,9811363528,1.53,1,1,1.0,0,,False,True,True,95.0,1.0,0.0,1.53,1.53,1.0,1.0,0.0,95.0,0.6931471805599453,0.6931471805599453,0.0,4.564348191467836,0.2077482779877371,0.0282489798939777,0.007407591255185984,潜力词,0.2077482779877371,潜力词,0.14642875257666044,潜力词,0.2080581126746525,潜力词,True,稳定词
1883,4437,525368335,9811363528,129.39,89,223,0.5616, 00:03:33,213.0,False,True,False,213.0,2.50561797752809,0.4384,1.453820224719101,129.39,89.0,2.50561797752809,0.4384,213.0,4.499809670330265,1.2543668180773426,0.4384,5.365976015021851,0.4776443680824417,0.016829875380513063,0.015389314673456275,重点词,0.4776443680824417,重点词,0.44950461098369604,重点词,0.4797937225657215,重点词,True,稳定词
1886,4443,525368335,9811363528,1.39,1,1,1.0, 00:00:01,1.0,False,True,False,1.0,1.0,0.0,1.39,1.39,1.0,1.0,0.0,1.0,0.6931471805599453,0.6931471805599453,0.0,0.6931471805599453,0.1354663103126751,0.029570784147216124,0.004633532584397842,潜力词,0.1354663103126751,潜力词,0.09516320728013836,潜力词,0.13566748995043118,潜力词,True,稳定词
1891,4476,525368335,9811363528,2.68,4,2,1.0, 00:02:00,120.0,False,True,False,120.0,0.5,0.0,0.67,2.68,4.0,0.5,0.0,120.0,1.6094379124341003,0.4054651081081644,0.0,4.795790545596741,0.1999461910004509,0.027874084422192122,0.006966177705986599,潜力词,0.1999461910004509,潜力词,0.1601080217107661,潜力词,0.1955772742216728,潜力词,True,稳定词
1892,4479,525368335,9811363528,18.44,21,23,0.9444, 00:00:53,53.0,False,True,False,53.0,1.0952380952380953,0.05559999999999998,0.8780952380952382,18.44,21.0,1.0952380952380953,0.05559999999999998,53.0,3.091042453358316,0.7396671961948382,0.05559999999999998,3.9889840465642745,0.260221118110491,0.0245604801210149,0.0086392782422999,问题词,0.260221118110491,问题词,0.2629258621381901,问题词,0.24224300253972458,问题词,True,稳定词
1893,4480,525368335,9811363528,3.63,3,11,0.5, 00:09:56,596.0,False,True,False,596.0,3.6666666666666665,0.5,1.21,3.63,3.0,3.6666666666666665,0.5,596.0,1.3862943611198906,1.5404450409471488,0.5,6.391917113392602,0.4376061594982288,0.02038265852947637,0.015860018864164428,黄金词,0.4376061594982288,黄金词,0.30613859026876866,黄金词,0.4775291256652008,黄金词,True,稳定词
1897,4519,525368335,9811363528,5.33,8,9,0.6, 00:00:50,50.0,False,True,False,50.0,1.125,0.4,0.66625,5.33,8.0,1.125,0.4,50.0,2.1972245773362196,0.7537718023763802,0.4,3.9318256327243257,0.31205560433021606,0.022492439665041376,0.01020270227756097,潜力词,0.31205560433021606,潜力词,0.2467148912357631,潜力词,0.33808870516214407,黄金词,False,边界敏感词
1899,4529,525368335,9811363528,8.37,7,5,1.0, 00:01:13,73.0,False,True,False,73.0,0.7142857142857143,0.0,1.1957142857142855,8.37,7.0,0.7142857142857143,0.0,73.0,2.0794415416798357,0.538996500732687,0.0,4.30406509320417,0.2085831532482596,0.026945379548710742,0.007101633298317063,问题词,0.2085831532482596,问题词,0.18383520695894479,问题词,0.19992130093043683,问题词,True,稳定词
1901,4541,525368335,9811363528,1.13,1,1,1.0, 00:00:41,41.0,False,True,False,41.0,1.0,0.0,1.13,1.13,1.0,1.0,0.0,41.0,0.6931471805599453,0.6931471805599453,0.0,3.7376696182833684,0.1858282472157011,0.028437925468135325,0.006490731011143777,潜力词,0.1858282472157011,潜力词,0.13034813578775128,潜力词,0.1861092887904764,潜力词,True,稳定词
1902,4544,525368335,9811363528,1.61,2,3,0.5, 00:00:13,13.0,False,True,False,13.0,1.5,0.5,0.805,1.61,2.0,1.5,0.5,13.0,1.0986122886681098,0.9162907318741551,0.5,2.6390573296152584,0.31633240508721877,0.02344648653717138,0.010848669049605495,潜力词,0.31633240508721877,潜力词,0.21908782457670276,潜力词,0.36140048801051783,黄金词,False,边界敏感词
1904,4549,525368335,9811363528,3.28,2,65,0.5, 00:58:49,3529.0,False,True,False,3529.0,32.5,0.5,1.64,3.28,2.0,11.082051282051294,0.5,1160.4800000000007,1.0986122886681098,2.4917209862077314,0.5,7.057450332948998,0.5132295428096116,0.019882513473947462,0.020963255163508908,黄金词,0.5132295428096116,黄金词,0.3622961252596283,黄金词,0.5520244490201256,黄金词,True,稳定词
1905,4550,525368335,9811363528,3.97,3,2,1.0, 00:01:02,62.0,False,True,False,62.0,0.6666666666666666,0.0,1.3233333333333335,3.97,3.0,0.6666666666666666,0.0,62.0,1.3862943611198906,0.5108256237659907,0.0,4.143134726391533,0.18504991980418584,0.027952796847100628,0.006347214314790663,潜力词,0.18504991980418584,潜力词,0.14236517770967538,潜力词,0.18212173638273033,潜力词,True,稳定词
1907,4557,525368335,9811363528,0.52,1,1,1.0, 00:02:00,120.0,False,True,False,120.0,1.0,0.0,0.52,0.52,1.0,1.0,0.0,120.0,0.6931471805599453,0.6931471805599453,0.0,4.795790545596741,0.21401869481923805,0.028205532455741852,0.007680222421411457,潜力词,0.21401869481923805,潜力词,0.15108856472007434,潜力词,0.21433632984851855,潜力词,True,稳定词
1909,4578,525368335,9811363528,4.05,5,1,1.0, 00:00:07,7.0,False,True,False,7.0,0.2,0.0,0.8099999999999999,4.05,5.0,0.2,0.0,7.0,1.791759469228055,0.18232155679395465,0.0,2.0794415416798357,0.10219532091104294,0.029186755339642573,0.003322270308630603,潜力词,0.10219532091104294,潜力词,0.1123805101673542,潜力词,0.09258061032969618,潜力词,True,稳定词
1911,4594,525368335,9811363528,2076.36,273,546,0.7826, 00:03:47,227.0,False,True,False,227.0,2.0,0.21740000000000004,7.605714285714286,2076.36,273.0,2.0,0.21740000000000004,227.0,5.6131281063880705,1.0986122886681098,0.21740000000000004,5.429345628954441,0.44742469661690626,0.018443578974108626,0.014933915208475059,重点词,0.44742469661690626,重点词,0.4952761961120006,重点词,0.41155696081969106,重点词,True,稳定词
1913,4606,525368335,9811363528,146.02,51,93,0.7381, 00:01:41,101.0,False,True,False,101.0,1.8235294117647058,0.2619,2.863137254901961,146.02,51.0,1.8235294117647058,0.2619,101.0,3.9512437185814275,1.0379876668516748,0.2619,4.624972813284271,0.3763577288520582,0.020187758874018597,0.012182976414432707,重点词,0.3763577288520582,重点词,0.36865329485369325,重点词,0.36535738511937693,重点词,True,稳定词
1914,4614,525368335,9811363528,19.9,24,120,0.3684, 00:06:13,373.0,False,True,False,373.0,5.0,0.6315999999999999,0.8291666666666666,19.9,24.0,5.0,0.6315999999999999,373.0,3.2188758248682006,1.791759469228055,0.6315999999999999,5.924255797414532,0.5415538873588425,0.015737916329855554,0.01859090857649542,重点词,0.5415538873588425,重点词,0.42265411690635835,重点词,0.5823426381358355,重点词,True,稳定词
1915,4615,525368335,9811363528,2.39,2,2,1.0, 00:01:08,68.0,False,True,False,68.0,1.0,0.0,1.195,2.39,2.0,1.0,0.0,68.0,1.0986122886681098,0.6931471805599453,0.0,4.23410650459726,0.20321960875009243,0.02776129801591319,0.007080545885847627,潜力词,0.20321960875009243,潜力词,0.1476096784181585,潜力词,0.20194278045856506,潜力词,True,稳定词
1917,4621,525368335,9811363528,9.04,11,19,0.8, 00:02:33,153.0,False,True,False,153.0,1.7272727272727273,0.19999999999999996,0.8218181818181818,9.04,11.0,1.7272727272727273,0.19999999999999996,153.0,2.4849066497880004,1.003302108863785,0.19999999999999996,5.0369526024136295,0.3177458702914232,0.022765563614987726,0.010602594412449914,问题词,0.3177458702914232,问题词,0.26376603491338646,问题词,0.318167106689593,重点词,False,边界敏感词
1921,4637,525368335,9811363528,3.48,3,3,1.0, 00:01:51,111.0,False,True,False,111.0,1.0,0.0,1.16,3.48,3.0,1.0,0.0,111.0,1.3862943611198906,0.6931471805599453,0.0,4.718498871295094,0.22073575110987015,0.02727323932744315,0.007725465369053793,潜力词,0.22073575110987015,潜力词,0.16651974825615887,潜力词,0.21783459386828138,潜力词,True,稳定词
1922,4638,525368335,9811363528,0.37,1,1,1.0, 00:02:00,120.0,False,True,False,120.0,1.0,0.0,0.37,0.37,1.0,1.0,0.0,120.0,0.6931471805599453,0.6931471805599453,0.0,4.795790545596741,0.21401869481923805,0.028205532455741852,0.007680222421411457,潜力词,0.21401869481923805,潜力词,0.15108856472007434,潜力词,0.21433632984851855,潜力词,True,稳定词
1923,4639,525368335,9811363528,1.71,3,2,1.0, 00:01:49,109.0,False,True,False,109.0,0.6666666666666666,0.0,0.57,1.71,3.0,0.6666666666666666,0.0,109.0,1.3862943611198906,0.5108256237659907,0.0,4.700480365792417,0.2018443637688465,0.027835417981502946,0.007039256477904797,潜力词,0.2018443637688465,潜力词,0.15405497454505385,潜力词,0.1989857101946851,潜力词,True,稳定词
1925,4660,525368335,9811363528,0.28,1,1,1.0, 00:00:06,6.0,False,True,False,6.0,1.0,0.0,0.28,0.28,1.0,1.0,0.0,6.0,0.6931471805599453,0.6931471805599453,0.0,1.9459101490553132,0.14687445426547843,0.029023911203365355,0.004996768810824622,潜力词,0.14687445426547843,潜力词,0.10262742399060708,潜力词,0.14709790085681135,潜力词,True,稳定词
1926,4662,525368335,9811363528,62.34,48,145,0.6216, 00:04:30,270.0,False,True,False,270.0,3.0208333333333335,0.37839999999999996,1.29875,62.34,48.0,3.0208333333333335,0.37839999999999996,270.0,3.8918202981106265,1.3914891779969947,0.37839999999999996,5.602118820879701,0.4576708190237415,0.017797264403591872,0.015019085938380562,重点词,0.4576708190237415,重点词,0.40732447361877705,重点词,0.4606615345763181,重点词,True,稳定词
1927,4663,525368335,9811363528,15.68,16,18,0.7692, 00:02:39,159.0,False,True,False,159.0,1.125,0.2308,0.98,15.68,16.0,1.125,0.2308,159.0,2.833213344056216,0.7537718023763802,0.2308,5.075173815233827,0.30857474695041476,0.022775236859203397,0.010164313379598888,问题词,0.30857474695041476,问题词,0.27460614172706466,问题词,0.30812632261186185,问题词,True,稳定词
1929,4674,525368335,9811363528,1.48,1,0,0.0,0,,False,True,True,95.0,0.0,1.0,1.48,1.48,1.0,0.0,1.0,95.0,0.6931471805599453,0.0,1.0,4.564348191467836,0.4119681460617029,0.025432671188103346,0.01781782794348286,黄金词,0.4119681460617029,黄金词,0.30092088014216595,黄金词,0.48010869592865735,黄金词,True,稳定词
1932,4706,525368335,9811363528,4.31,5,90,0.4, 00:11:31,691.0,False,True,False,691.0,18.0,0.6,0.8619999999999999,4.31,5.0,11.082051282051294,0.6,691.0,1.791759469228055,2.4917209862077314,0.6,6.539585955617669,0.5454419630783948,0.017896485067213776,0.02147469223813936,黄金词,0.5454419630783948,黄金词,0.39246170578835404,黄金词,0.5909740031992238,黄金词,True,稳定词
1935,4718,525368335,9811363528,2594.66,813,1424,0.7243, 00:02:03,123.0,False,True,False,123.0,1.7515375153751538,0.27569999999999995,3.191463714637146,2594.66,813.0,1.7515375153751538,0.27569999999999995,123.0,6.70196036600254,1.0121598519423192,0.27569999999999995,4.820281565605037,0.48448316434909694,0.017254279345761923,0.016215586529668282,重点词,0.48448316434909694,重点词,0.5705572804570788,重点词,0.44014870452814486,重点词,True,稳定词
1936,4723,525368335,9811363528,10.24,10,19,0.625, 00:02:34,154.0,False,True,False,154.0,1.9,0.375,1.024,10.24,10.0,1.9,0.375,154.0,2.3978952727983707,1.0647107369924282,0.375,5.043425116919247,0.3637945773510765,0.02109263813292162,0.012061178829372878,重点词,0.3637945773510765,重点词,0.28575652974917426,重点词,0.3835104625189499,重点词,True,稳定词
1938,4736,525368335,9811363528,0.92,1,0,0.0,0,,False,True,True,95.0,0.0,1.0,0.92,0.92,1.0,0.0,1.0,95.0,0.6931471805599453,0.0,1.0,4.564348191467836,0.4119681460617029,0.025432671188103346,0.01781782794348286,黄金词,0.4119681460617029,黄金词,0.30092088014216595,黄金词,0.48010869592865735,黄金词,True,稳定词
1939,4739,525368335,9811363528,3.37,8,10,0.8333, 00:01:55,115.0,False,True,False,115.0,1.25,0.16669999999999996,0.42125,3.37,8.0,1.25,0.16669999999999996,115.0,2.1972245773362196,0.8109302162163288,0.16669999999999996,4.7535901911063645,0.27516093171225786,0.024129307572544768,0.00915988533691643,潜力词,0.27516093171225786,潜力词,0.22657261318045124,潜力词,0.2754224389282005,潜力词,True,稳定词
1940,4750,525368335,9811363528,2.04,2,1,1.0, 00:00:07,7.0,False,True,False,7.0,0.5,0.0,1.02,2.04,2.0,0.5,0.0,7.0,1.0986122886681098,0.4054651081081644,0.0,2.0794415416798357,0.1071083056484214,0.02929329439690802,0.0035139257645259193,潜力词,0.1071083056484214,潜力词,0.08171951635445014,潜力词,0.10564875435205112,潜力词,True,稳定词
1941,4760,525368335,9811363528,53.34,40,119,0.7714, 00:04:27,267.0,False,True,False,267.0,2.975,0.22860000000000003,1.3335000000000001,53.34,40.0,2.975,0.22860000000000003,267.0,3.713572066704308,1.3800247481062953,0.22860000000000003,5.5909869805108565,0.41422924900339064,0.019657849556948676,0.013901097392013038,重点词,0.41422924900339064,重点词,0.3763704849865011,重点词,0.40382713863262065,重点词,True,稳定词
1943,4764,525368335,9811363528,2.46,2,2,1.0, 00:12:26,746.0,False,True,False,746.0,1.0,0.0,1.23,2.46,2.0,1.0,0.0,746.0,1.0986122886681098,0.6931471805599453,0.0,6.616065185132817,0.2674123224881122,0.027447344385317415,0.010018948357331157,潜力词,0.2674123224881122,潜力词,0.19595607293459047,潜力词,0.26609575613447706,潜力词,True,稳定词
1949,4807,525368335,9811363528,2.65,4,9,0.6667, 00:00:27,27.0,False,True,False,27.0,2.25,0.33330000000000004,0.6625,2.65,4.0,2.25,0.33330000000000004,27.0,1.6094379124341003,1.1786549963416462,0.33330000000000004,3.332204510175204,0.3175213081512997,0.022830681794062682,0.01062191103666565,潜力词,0.3175213081512997,潜力词,0.2303541582727115,潜力词,0.33976627557754335,黄金词,False,边界敏感词
1950,4815,525368335,9811363528,13.7,17,19,0.8333, 00:03:25,205.0,False,True,False,205.0,1.1176470588235294,0.16669999999999996,0.8058823529411764,13.7,17.0,1.1176470588235294,0.16669999999999996,205.0,2.8903717578961645,0.750305594399894,0.16669999999999996,5.327876168789581,0.30238253445654967,0.02330060815186131,0.01009965675364808,问题词,0.30238253445654967,问题词,0.2745688757705752,问题词,0.29548853598580677,问题词,True,稳定词
1951,4817,525368335,9811363528,0.83,1,1,1.0, 00:00:13,13.0,False,True,False,13.0,1.0,0.0,0.83,0.83,1.0,1.0,0.0,13.0,0.6931471805599453,0.6931471805599453,0.0,2.6390573296152584,0.15973308856622034,0.028769151445645035,0.0054689591525161245,潜力词,0.15973308856622034,潜力词,0.11163007131836757,潜力词,0.1599766973590889,潜力词,True,稳定词
1954,4833,525368335,9811363528,6.88,8,8,1.0, 00:01:19,79.0,False,True,False,79.0,1.0,0.0,0.86,6.88,8.0,1.0,0.0,79.0,2.1972245773362196,0.6931471805599453,0.0,4.382026634673881,0.2299713998120914,0.026295925681853176,0.00785335874139582,潜力词,0.2299713998120914,潜力词,0.20158907860700273,潜力词,0.22035328808241403,潜力词,True,稳定词
1955,4845,525368335,9811363528,4.63,4,2,1.0, 00:00:01,1.0,False,True,False,1.0,0.5,0.0,1.1575,4.63,4.0,0.5,0.0,1.0,1.6094379124341003,0.4054651081081644,0.0,0.6931471805599453,0.1018737276560565,0.029254808089352338,0.003318348926757099,潜力词,0.1018737276560565,潜力词,0.1017020184652908,潜力词,0.09510007854621554,潜力词,True,稳定词
1957,4849,525368335,9811363528,7.46,9,22,0.375, 00:01:37,97.0,False,True,False,97.0,2.4444444444444446,0.625,0.8288888888888889,7.46,9.0,2.4444444444444446,0.625,97.0,2.302585092994046,1.236762627148927,0.625,4.584967478670572,0.4398264688903247,0.019078169087485043,0.014979436329343844,黄金词,0.4398264688903247,黄金词,0.3280182470683468,黄金词,0.48847204088502044,黄金词,True,稳定词
1958,4853,525368335,9811363528,18.66,18,4,1.0, 00:00:07,7.0,False,True,False,7.0,0.2222222222222222,0.0,1.0366666666666666,18.66,18.0,0.2222222222222222,0.0,7.0,2.9444389791664403,0.20067069546215116,0.0,2.0794415416798357,0.16028811184525282,0.027823221602964875,0.00531102598296122,问题词,0.16028811184525282,问题词,0.2077786274450049,问题词,0.1352834931280835,问题词,True,稳定词
1959,4880,525368335,9811363528,18.79,23,87,0.6, 00:05:00,300.0,False,True,False,300.0,3.782608695652174,0.4,0.8169565217391304,18.79,23.0,3.782608695652174,0.4,300.0,3.1780538303479458,1.5649861498632665,0.4,5.707110264748875,0.45865042785700444,0.018204503944742257,0.015423497039312466,重点词,0.45865042785700444,重点词,0.37419761206605984,重点词,0.47255195081175694,重点词,True,稳定词
1960,4891,525368335,9811363528,4.61,4,19,0.5, 00:05:51,351.0,False,True,False,351.0,4.75,0.5,1.1525,4.61,4.0,4.75,0.5,351.0,1.6094379124341003,1.749199854809259,0.5,5.863631175598097,0.45595380632854765,0.019642507009995293,0.01646197683436248,黄金词,0.45595380632854765,黄金词,0.32229692575052216,黄金词,0.4947804180729562,黄金词,True,稳定词
1961,4894,525368335,9811363528,23.29,39,29,0.8333, 00:02:30,150.0,False,True,False,150.0,0.7435897435897436,0.16669999999999996,0.5971794871794872,23.29,39.0,0.7435897435897436,0.16669999999999996,150.0,3.6888794541139363,0.5559460590464603,0.16669999999999996,5.017279836814924,0.3049730338786363,0.02307926110293329,0.010127020419823126,问题词,0.3049730338786363,问题词,0.31838764771204336,重点词,0.2879129676097695,问题词,False,边界敏感词
1963,4920,525368335,9811363528,2.5,2,2,1.0, 00:01:08,68.0,False,True,False,68.0,1.0,0.0,1.25,2.5,2.0,1.0,0.0,68.0,1.0986122886681098,0.6931471805599453,0.0,4.23410650459726,0.20321960875009243,0.02776129801591319,0.007080545885847627,潜力词,0.20321960875009243,潜力词,0.1476096784181585,潜力词,0.20194278045856506,潜力词,True,稳定词
1966,4937,525368335,9811363528,25.77,21,27,0.7333, 00:00:51,51.0,False,True,False,51.0,1.2857142857142858,0.26670000000000005,1.227142857142857,25.77,21.0,1.2857142857142858,0.26670000000000005,51.0,3.091042453358316,0.826678573184468,0.26670000000000005,3.9512437185814275,0.3106794537654984,0.022132385689952523,0.009975152393531868,问题词,0.3106794537654984,问题词,0.28833015726366745,重点词,0.3109171286493351,重点词,False,边界敏感词
1967,4938,525368335,9811363528,36.87,40,106,0.5517, 00:03:04,184.0,False,True,False,184.0,2.65,0.44830000000000003,0.92175,36.87,40.0,2.65,0.44830000000000003,184.0,3.713572066704308,1.2947271675944,0.44830000000000003,5.220355825078324,0.4536868788169393,0.0177590662441227,0.014748053858840975,重点词,0.4536868788169393,重点词,0.39545763489281827,重点词,0.46725171035570573,重点词,True,稳定词
1968,4939,525368335,9811363528,0.33,1,5,0.0, 00:00:43,43.0,False,True,False,43.0,5.0,1.0,0.33,0.33,1.0,5.0,1.0,43.0,0.6931471805599453,1.791759469228055,1.0,3.784189633918261,0.5139880671444959,0.020032464398571908,0.021185586114866296,黄金词,0.5139880671444959,黄金词,0.3560696645152895,黄金词,0.5916653134671452,黄金词,True,稳定词
1970,4951,525368335,9811363528,1.95,1,1,1.0, 00:00:01,1.0,False,True,False,1.0,1.0,0.0,1.95,1.95,1.0,1.0,0.0,1.0,0.6931471805599453,0.6931471805599453,0.0,0.6931471805599453,0.1354663103126751,0.029570784147216124,0.004633532584397842,潜力词,0.1354663103126751,潜力词,0.09516320728013836,潜力词,0.13566748995043118,潜力词,True,稳定词
1971,4957,525368335,9811363528,15.54,14,32,0.4545, 00:01:24,84.0,False,True,False,84.0,2.2857142857142856,0.5455,1.1099999999999999,15.54,14.0,2.2857142857142856,0.5455,84.0,2.70805020110221,1.1895840668738364,0.5455,4.442651256490317,0.42368326422569896,0.019083581211113736,0.014029427706585485,重点词,0.42368326422569896,重点词,0.3324809436996819,重点词,0.4603640270824153,重点词,True,稳定词
1975,4968,525368335,9811363528,0.59,1,0,0.0,0,,False,True,True,95.0,0.0,1.0,0.59,0.59,1.0,0.0,1.0,95.0,0.6931471805599453,0.0,1.0,4.564348191467836,0.4119681460617029,0.025432671188103346,0.01781782794348286,黄金词,0.4119681460617029,黄金词,0.30092088014216595,黄金词,0.48010869592865735,黄金词,True,稳定词
1976,4969,525368335,9811363528,9353.77,4456,5427,0.449, 00:05:20,320.0,False,True,False,320.0,1.2179084380610412,0.5509999999999999,2.099140484739677,9353.77,4456.0,1.2179084380610412,0.5509999999999999,320.0,8.402231172946555,0.7965646067690639,0.5509999999999999,5.771441123130016,0.5968212162579767,0.01403280608698464,0.020772611888490052,重点词,0.5968212162579767,重点词,0.7012412935521575,重点词,0.5669522606211471,重点词,True,稳定词
1977,4987,525368335,9811363528,12.34,11,8,0.8571, 00:01:09,69.0,False,True,False,69.0,0.7272727272727273,0.14290000000000003,1.1218181818181818,12.34,11.0,0.7272727272727273,0.14290000000000003,69.0,2.4849066497880004,0.5465437063680699,0.14290000000000003,4.248495242049359,0.23872996243496894,0.024974379340054902,0.007831823594106262,问题词,0.23872996243496894,问题词,0.21938738413832568,问题词,0.2336091732059887,问题词,True,稳定词
1978,4999,525368335,9811363528,9.03,6,17,0.6667, 00:00:55,55.0,False,True,False,55.0,2.8333333333333335,0.33330000000000004,1.505,9.03,6.0,2.8333333333333335,0.33330000000000004,55.0,1.9459101490553132,1.3437347467010947,0.33330000000000004,4.02535169073515,0.3563409036509344,0.02166381977252384,0.011993468527143471,重点词,0.3563409036509344,重点词,0.26533347265015517,问题词,0.37536125263465475,重点词,False,边界敏感词
1980,5013,525368335,9811363528,1.65,2,10,0.5, 00:02:37,157.0,False,True,False,157.0,5.0,0.5,0.825,1.65,2.0,5.0,0.5,157.0,1.0986122886681098,1.791759469228055,0.5,5.062595033026967,0.43749995228085453,0.02064165645752371,0.016054618576091976,黄金词,0.43749995228085453,黄金词,0.3012002172300632,黄金词,0.47937172036113745,黄金词,True,稳定词
1983,5044,525368335,9811363528,23.34,23,31,0.8889, 00:01:38,98.0,False,True,False,98.0,1.3478260869565217,0.11109999999999998,1.0147826086956522,23.34,23.0,1.3478260869565217,0.11109999999999998,98.0,3.1780538303479458,0.8534898306351247,0.11109999999999998,4.59511985013459,0.29672603796729946,0.02333658480487639,0.009846194687521901,问题词,0.29672603796729946,问题词,0.2863246699910447,重点词,0.2818989524362478,问题词,False,边界敏感词
1984,5045,525368335,9811363528,9739.85,3556,5599,0.6304, 00:01:03,63.0,False,True,False,63.0,1.5745219347581552,0.36960000000000004,2.738990438695163,9739.85,3556.0,1.5745219347581552,0.36960000000000004,63.0,8.176672771948455,0.9456638604748159,0.36960000000000004,4.1588830833596715,0.5425580910408991,0.01577339355126885,0.018708347719794106,重点词,0.5425580910408991,重点词,0.663001310237219,重点词,0.49317183048712265,重点词,True,稳定词
1985,5049,525368335,9811363528,0.32,1,2,0.0, 00:00:22,22.0,False,True,False,22.0,2.0,1.0,0.32,0.32,1.0,2.0,1.0,22.0,0.6931471805599453,1.0986122886681098,1.0,3.1354942159291497,0.46196192317589396,0.021829659959873696,0.018743044650045927,黄金词,0.46196192317589396,黄金词,0.32301412907885146,黄金词,0.5389542155889494,黄金词,True,稳定词
1987,5070,525368335,9811363528,4240.55,2224,4333,0.8343, 00:01:51,111.0,False,True,False,111.0,1.9482913669064748,0.16569999999999996,1.9067221223021584,4240.55,2224.0,1.9482913669064748,0.16569999999999996,111.0,7.707512194600341,1.0812258048931465,0.16569999999999996,4.718498871295094,0.49779172379499553,0.017789585049516943,0.017633138733424314,重点词,0.49779172379499553,重点词,0.6165777578630136,重点词,0.4358552542957834,重点词,True,稳定词
1992,5095,525368335,9811363528,13.79,13,10,0.7143, 00:00:53,53.0,False,True,False,53.0,0.7692307692307693,0.28569999999999995,1.0607692307692307,13.79,13.0,0.7692307692307693,0.28569999999999995,53.0,2.6390573296152584,0.570544858467613,0.28569999999999995,3.9889840465642745,0.27424136103899366,0.023443497430235,0.00885856026734423,问题词,0.27424136103899366,问题词,0.24578871369797045,问题词,0.28231316708479204,问题词,True,稳定词
1994,5111,525368335,9811363528,4.1,5,24,0.6, 00:04:23,263.0,False,True,False,263.0,4.8,0.4,0.82,4.1,5.0,4.8,0.4,263.0,1.791759469228055,1.7578579175523736,0.4,5.575949103146316,0.43581705358849676,0.020136011160776842,0.015554559227520675,黄金词,0.43581705358849676,黄金词,0.31418136562345333,黄金词,0.4623205573830619,黄金词,True,稳定词
1995,5113,525368335,9811363528,2.91,3,11,0.6667, 00:01:39,99.0,False,True,False,99.0,3.6666666666666665,0.33330000000000004,0.9700000000000001,2.91,3.0,3.6666666666666665,0.33330000000000004,99.0,1.3862943611198906,1.5404450409471488,0.33330000000000004,4.605170185988092,0.3749204512950575,0.02197995235497349,0.013183495882154372,黄金词,0.3749204512950575,黄金词,0.26452992137304576,潜力词,0.39746510404053526,黄金词,False,边界敏感词
1999,5150,525368335,9811363528,1.17,1,12,0.0, 00:34:22,2062.0,False,True,False,2062.0,12.0,1.0,1.17,1.17,1.0,11.082051282051294,1.0,1160.4800000000007,0.6931471805599453,2.4917209862077314,1.0,7.057450332948998,0.57519215343437,0.018855365278943926,0.025530267970019376,黄金词,0.57519215343437,黄金词,0.4036980529134638,黄金词,0.648836475163835,黄金词,True,稳定词
2000,5155,525368335,9811363528,3.94,3,0,0.0,0,,False,True,True,95.0,0.0,1.0,1.3133333333333332,3.94,3.0,0.0,1.0,95.0,1.3862943611198906,0.0,1.0,4.564348191467836,0.4230646427763418,0.024378386179145818,0.01787658376490486,黄金词,0.4230646427763418,黄金词,0.31767428429769334,黄金词,0.4888502698373344,黄金词,True,稳定词
2002,5167,525368335,9811363528,2.4,3,1,1.0, 00:02:00,120.0,False,True,False,120.0,0.3333333333333333,0.0,0.7999999999999999,2.4,3.0,0.3333333333333333,0.0,120.0,1.3862943611198906,0.2876820724517809,0.0,4.795790545596741,0.18728859928612906,0.028557996161889254,0.006581164106816745,潜力词,0.18728859928612906,潜力词,0.1450032759489131,潜力词,0.18449618904481888,潜力词,True,稳定词
2004,5182,525368335,9811363528,132.06,13,23,0.7, 00:00:33,33.0,False,True,False,33.0,1.7692307692307692,0.30000000000000004,10.15846153846154,132.06,13.0,1.7692307692307692,0.30000000000000004,33.0,2.6390573296152584,1.0185695809945732,0.30000000000000004,3.5263605246161616,0.31944162315907815,0.021970462387993224,0.010312532187692887,重点词,0.31944162315907815,重点词,0.27008429610044654,问题词,0.32881186317737915,重点词,False,边界敏感词
2008,5196,525368335,9811363528,5.93,9,13,0.625, 00:01:25,85.0,False,True,False,85.0,1.4444444444444444,0.375,0.6588888888888889,5.93,9.0,1.4444444444444444,0.375,85.0,2.302585092994046,0.8938178760220964,0.375,4.454347296253507,0.331880092312803,0.021913286212451956,0.010885147063257893,黄金词,0.331880092312803,黄金词,0.26272135387112017,潜力词,0.3532079288952131,黄金词,False,边界敏感词
2011,5212,525368335,9811363528,242.98,40,36,0.8148, 00:01:08,68.0,False,True,False,68.0,0.9,0.18520000000000003,6.0745,242.98,40.0,0.9,0.18520000000000003,68.0,3.713572066704308,0.6418538861723948,0.18520000000000003,4.23410650459726,0.3011326195613382,0.02272996014550383,0.00979403622593476,问题词,0.3011326195613382,问题词,0.3182126687083486,重点词,0.284531116261133,问题词,False,边界敏感词
2012,5219,525368335,9811363528,8.05,7,16,0.75, 00:12:05,725.0,False,True,False,725.0,2.2857142857142856,0.25,1.1500000000000001,8.05,7.0,2.2857142857142856,0.25,725.0,2.0794415416798357,1.1895840668738364,0.25,6.587550014824796,0.3683042711261535,0.02215265570470855,0.012915898176763984,黄金词,0.3683042711261535,黄金词,0.28117235764729054,黄金词,0.3768204611907419,黄金词,True,稳定词
2013,5220,525368335,9811363528,6.19,4,8,0.5, 00:00:28,28.0,False,True,False,28.0,2.0,0.5,1.5475,6.19,4.0,2.0,0.5,28.0,1.6094379124341003,1.0986122886681098,0.5,3.367295829986474,0.35550695008433164,0.021796573256526633,0.01202314482946158,黄金词,0.35550695008433164,黄金词,0.2544038683168422,潜力词,0.3968578342421615,黄金词,False,边界敏感词
2014,5222,525368335,9811363528,6.44,4,15,0.6667, 00:11:19,679.0,False,True,False,679.0,3.75,0.33330000000000004,1.61,6.44,4.0,3.75,0.33330000000000004,679.0,1.6094379124341003,1.55814461804655,0.33330000000000004,6.522092798170152,0.41041891602431624,0.02128024644620462,0.014813595477465857,黄金词,0.41041891602431624,黄金词,0.2951785520403872,黄金词,0.4307811107377189,黄金词,True,稳定词
2017,5228,525368335,9811363528,6.63,5,4,0.6667, 00:00:53,53.0,False,True,False,53.0,0.8,0.33330000000000004,1.326,6.63,5.0,0.8,0.33330000000000004,53.0,1.791759469228055,0.5877866649021191,0.33330000000000004,3.9889840465642745,0.2658052053008802,0.024155206539121583,0.008745062862843631,潜力词,0.2658052053008802,潜力词,0.2039328755625095,潜力词,0.2880718372466505,潜力词,True,稳定词
2018,5230,525368335,9811363528,0.22,1,0,0.0,0,,False,True,True,95.0,0.0,1.0,0.22,0.22,1.0,0.0,1.0,95.0,0.6931471805599453,0.0,1.0,4.564348191467836,0.4119681460617029,0.025432671188103346,0.01781782794348286,黄金词,0.4119681460617029,黄金词,0.30092088014216595,黄金词,0.48010869592865735,黄金词,True,稳定词
2021,5242,525368335,9811363528,3.64,3,1,1.0, 00:06:18,378.0,False,True,False,378.0,0.3333333333333333,0.0,1.2133333333333334,3.64,3.0,0.3333333333333333,0.0,378.0,1.3862943611198906,0.2876820724517809,0.0,5.937536205082426,0.22381818233076672,0.028406928346832342,0.00819136305882622,潜力词,0.22381818233076672,潜力词,0.17136620718879297,潜力词,0.22115092712820192,潜力词,True,稳定词
2023,5255,525368335,9811363528,7.45,9,3,1.0, 00:00:06,6.0,False,True,False,6.0,0.3333333333333333,0.0,0.8277777777777778,7.45,9.0,0.3333333333333333,0.0,6.0,2.302585092994046,0.2876820724517809,0.0,1.9459101490553132,0.1320491729591899,0.028273852634763796,0.004301555733888395,潜力词,0.1320491729591899,潜力词,0.15664871704204428,潜力词,0.11601182646549743,潜力词,True,稳定词
2024,5260,525368335,9811363528,310.37,345,915,0.6833, 00:03:34,214.0,False,True,False,214.0,2.652173913043478,0.3167,0.8996231884057971,310.37,345.0,2.652173913043478,0.3167,214.0,5.846438775057725,1.295322582914164,0.3167,5.3706380281276624,0.4999046194555639,0.016381790459191272,0.01637554163485247,重点词,0.4999046194555639,重点词,0.5351750913517233,重点词,0.4702874052924048,重点词,True,稳定词
2027,5271,525368335,9811363528,20.07,22,132,0.6316, 00:03:17,197.0,False,True,False,197.0,6.0,0.36839999999999995,0.9122727272727272,20.07,22.0,6.0,0.36839999999999995,197.0,3.1354942159291497,1.9459101490553132,0.36839999999999995,5.288267030694535,0.4826330130399459,0.017965077436627747,0.01675897316850843,重点词,0.4826330130399459,重点词,0.38839578402678704,重点词,0.49322587629668535,重点词,True,稳定词
2028,5292,525368335,9811363528,3.93,3,5,0.6667, 00:08:42,522.0,False,True,False,522.0,1.6666666666666667,0.33330000000000004,1.31,3.93,3.0,1.6666666666666667,0.33330000000000004,522.0,1.3862943611198906,0.9808292530117262,0.33330000000000004,6.259581464064923,0.343398507672236,0.023080402978549155,0.012070907592989753,黄金词,0.343398507672236,黄金词,0.2451099109422114,潜力词,0.36537783835171916,黄金词,False,边界敏感词
2031,5309,525368335,9811363528,4.65,10,5,1.0, 00:03:20,200.0,False,True,False,200.0,0.5,0.0,0.465,4.65,10.0,0.5,0.0,200.0,2.3978952727983707,0.4054651081081644,0.0,5.303304908059076,0.23436997713556876,0.026820163189439614,0.008210024222880048,潜力词,0.23436997713556876,潜力词,0.21410028190408567,潜力词,0.22331434734396208,潜力词,True,稳定词
2032,5313,525368335,9811363528,0.89,1,1,1.0,0,,False,True,True,95.0,1.0,0.0,0.89,0.89,1.0,1.0,0.0,95.0,0.6931471805599453,0.6931471805599453,0.0,4.564348191467836,0.2077482779877371,0.0282489798939777,0.007407591255185984,潜力词,0.2077482779877371,潜力词,0.14642875257666044,潜力词,0.2080581126746525,潜力词,True,稳定词
2034,5326,525368335,9811363528,1.8,2,0,0.0,0,,False,True,True,95.0,0.0,1.0,0.9,1.8,2.0,0.0,1.0,95.0,1.0986122886681098,0.0,1.0,4.564348191467836,0.41824940034883135,0.024811131651819075,0.01783795485827032,黄金词,0.41824940034883135,黄金词,0.3099043206317119,黄金词,0.48514265371103865,黄金词,True,稳定词
2035,5327,525368335,9811363528,1.93,2,2,1.0, 00:01:20,80.0,False,True,False,80.0,1.0,0.0,0.965,1.93,2.0,1.0,0.0,80.0,1.0986122886681098,0.6931471805599453,0.0,4.394449154672439,0.20753493912613638,0.027725960979821412,0.007261021221321387,潜力词,0.20753493912613638,潜力词,0.15074719031525383,潜力词,0.20625661828217948,潜力词,True,稳定词
2040,5378,525368335,9811363528,0.15,1,1,1.0, 00:00:04,4.0,False,True,False,4.0,1.0,0.0,0.15,0.15,1.0,1.0,0.0,4.0,0.6931471805599453,0.6931471805599453,0.0,1.6094379124341003,0.1421321122428281,0.029160018973752585,0.004831250999050757,潜力词,0.1421321122428281,潜力词,0.09938094953804383,潜力词,0.14234751798888284,潜力词,True,稳定词
2043,5395,525368335,9811363528,3.89,3,1,1.0, 00:00:14,14.0,False,True,False,14.0,0.3333333333333333,0.0,1.2966666666666666,3.89,3.0,0.3333333333333333,0.0,14.0,1.3862943611198906,0.2876820724517809,0.0,2.70805020110221,0.11694997945728282,0.029091628710919314,0.0038528569174709954,潜力词,0.11694997945728282,潜力词,0.09888127639833917,潜力词,0.11334226108012947,潜力词,True,稳定词
2045,5406,525368335,9811363528,0.86,1,0,0.0,0,,False,True,True,95.0,0.0,1.0,0.86,0.86,1.0,0.0,1.0,95.0,0.6931471805599453,0.0,1.0,4.564348191467836,0.4119681460617029,0.025432671188103346,0.01781782794348286,黄金词,0.4119681460617029,黄金词,0.30092088014216595,黄金词,0.48010869592865735,黄金词,True,稳定词
2048,5449,525368335,9811363528,4.71,6,25,0.5, 00:04:35,275.0,False,True,False,275.0,4.166666666666667,0.5,0.785,4.71,6.0,4.166666666666667,0.5,275.0,1.9459101490553132,1.6422277352570913,0.5,5.62040086571715,0.4518671205425795,0.019275373313273756,0.01589013861944198,黄金词,0.4518671205425795,黄金词,0.3264330253886877,黄金词,0.488711802432011,黄金词,True,稳定词
2049,5460,525368335,9811363528,9272.73,2590,5678,0.697, 00:02:51,171.0,False,True,False,171.0,2.1922779922779925,0.30300000000000005,3.580204633204633,9272.73,2590.0,2.1922779922779925,0.30300000000000005,171.0,7.85979918056211,1.1607347661080756,0.30300000000000005,5.147494476813453,0.5484873936464039,0.015503843262430905,0.01883372128009546,重点词,0.5484873936464039,重点词,0.6547723410229809,重点词,0.4956147887441732,重点词,True,稳定词
2051,5474,525368335,9811363528,3.52,4,5,0.75, 00:06:32,392.0,False,True,False,392.0,1.25,0.25,0.88,3.52,4.0,1.25,0.25,392.0,1.6094379124341003,0.8109302162163288,0.25,5.973809611869261,0.3069894116465795,0.02399260892827087,0.0106282314044531,潜力词,0.3069894116465795,潜力词,0.22704487946901244,潜力词,0.31934988372702733,黄金词,False,边界敏感词
2053,5481,525368335,9811363528,0.15,1,0,0.0,0,,False,True,True,95.0,0.0,1.0,0.15,0.15,1.0,0.0,1.0,95.0,0.6931471805599453,0.0,1.0,4.564348191467836,0.4119681460617029,0.025432671188103346,0.01781782794348286,黄金词,0.4119681460617029,黄金词,0.30092088014216595,黄金词,0.48010869592865735,黄金词,True,稳定词
2054,5484,525368335,9811363528,2870.73,670,867,0.8636, 00:01:06,66.0,False,True,False,66.0,1.2940298507462686,0.13639999999999997,4.284671641791045,2870.73,670.0,1.2940298507462686,0.13639999999999997,66.0,6.508769136971682,0.8303100311535841,0.13639999999999997,4.204692619390966,0.4213649350214164,0.01995752840052178,0.014533171538757645,重点词,0.4213649350214164,重点词,0.5255352253348925,重点词,0.36744089839893473,重点词,True,稳定词
2055,5492,525368335,9811363528,5.47,7,4,1.0, 00:01:05,65.0,False,True,False,65.0,0.5714285714285714,0.0,0.7814285714285714,5.47,7.0,0.5714285714285714,0.0,65.0,2.0794415416798357,0.4519851237430572,0.0,4.189654742026425,0.1970851448827079,0.027258218081875073,0.0066908587201640595,潜力词,0.1970851448827079,潜力词,0.1772365540636546,潜力词,0.18824438355157747,潜力词,True,稳定词
2056,5497,525368335,9811363528,0.15,1,0,0.0,0,,False,True,True,95.0,0.0,1.0,0.15,0.15,1.0,0.0,1.0,95.0,0.6931471805599453,0.0,1.0,4.564348191467836,0.4119681460617029,0.025432671188103346,0.01781782794348286,黄金词,0.4119681460617029,黄金词,0.30092088014216595,黄金词,0.48010869592865735,黄金词,True,稳定词
2057,5500,525368335,9811363528,27.94,29,39,0.7143, 00:05:30,330.0,False,True,False,330.0,1.3448275862068966,0.28569999999999995,0.963448275862069,27.94,29.0,1.3448275862068966,0.28569999999999995,330.0,3.4011973816621555,0.8522118751896327,0.28569999999999995,5.802118375377063,0.36464302132903353,0.021041427752589836,0.012076061248009622,重点词,0.36464302132903353,重点词,0.3335875295863754,重点词,0.36330912811086996,重点词,True,稳定词
2058,5501,525368335,9811363528,0.15,1,1,1.0, 00:10:54,654.0,False,True,False,654.0,1.0,0.0,0.15,0.15,1.0,1.0,0.0,654.0,0.6931471805599453,0.6931471805599453,0.0,6.484635235635252,0.25934105289152637,0.0280157514311785,0.00980968973921681,潜力词,0.25934105289152637,潜力词,0.18565509498672478,潜力词,0.2597086691712873,潜力词,True,稳定词
2061,5505,525368335,9811363528,4.09,6,7,0.8, 00:01:39,99.0,False,True,False,99.0,1.1666666666666667,0.19999999999999996,0.6816666666666666,4.09,6.0,1.1666666666666667,0.19999999999999996,99.0,1.9459101490553132,0.7731898882334818,0.19999999999999996,4.605170185988092,0.26779963378585553,0.024307526162893913,0.00889038971439037,潜力词,0.26779963378585553,潜力词,0.21164142906336744,潜力词,0.2734385203563924,潜力词,True,稳定词
2062,5508,525368335,9811363528,3.2,5,34,0.5, 00:07:22,442.0,False,True,False,442.0,6.8,0.5,0.64,3.2,5.0,6.8,0.5,442.0,1.791759469228055,2.0541237336955462,0.5,6.093569770045136,0.49050326876275663,0.018864801668283575,0.01816154317689919,黄金词,0.49050326876275663,黄金词,0.3513009278037607,黄金词,0.5274096068726383,黄金词,True,稳定词
2064,5515,525368335,9811363528,2.51,1,0,0.0,0,,False,True,True,95.0,0.0,1.0,2.51,2.51,1.0,0.0,1.0,95.0,0.6931471805599453,0.0,1.0,4.564348191467836,0.4119681460617029,0.025432671188103346,0.01781782794348286,黄金词,0.4119681460617029,黄金词,0.30092088014216595,黄金词,0.48010869592865735,黄金词,True,稳定词
2065,5522,525368335,9811363528,2.41,1,1,1.0, 00:00:05,5.0,False,True,False,5.0,1.0,0.0,2.41,2.41,1.0,1.0,0.0,5.0,0.6931471805599453,0.6931471805599453,0.0,1.791759469228055,0.14456425964062372,0.02908526951465847,0.004915261609326934,潜力词,0.14456425964062372,潜力词,0.10103787637875995,潜力词,0.14478385638610733,潜力词,True,稳定词
2066,5531,525368335,9811363528,13.14,12,11,0.8889, 00:00:36,36.0,False,True,False,36.0,0.9166666666666666,0.11109999999999998,1.095,13.14,12.0,0.9166666666666666,0.11109999999999998,36.0,2.5649493574615367,0.6505875661411494,0.11109999999999998,3.6109179126442243,0.23135452959691102,0.025015026416653784,0.0075292705054832015,问题词,0.23135452959691102,问题词,0.21957393693601335,问题词,0.2224627286312197,问题词,True,稳定词
2067,5533,525368335,9811363528,18.68,17,9,1.0, 00:00:25,25.0,False,True,False,25.0,0.5294117647058824,0.0,1.0988235294117648,18.68,17.0,0.5294117647058824,0.0,25.0,2.8903717578961645,0.42488319396526597,0.0,3.258096538021482,0.1988981784254585,0.02665745660752381,0.006618533896566397,问题词,0.1988981784254585,问题词,0.22156747502142807,问题词,0.17895760005329303,问题词,True,稳定词
2069,5538,525368335,9811363528,33.94,39,40,0.7778, 00:01:16,76.0,False,True,False,76.0,1.0256410256410255,0.22219999999999995,0.8702564102564102,33.94,39.0,1.0256410256410255,0.22219999999999995,76.0,3.6888794541139363,0.705886206337375,0.22219999999999995,4.343805421853684,0.31672859625039484,0.022123560603754238,0.010255316197391302,问题词,0.31672859625039484,问题词,0.32444935578924855,重点词,0.3043646339306156,问题词,False,边界敏感词
2071,5551,525368335,9811363528,0.3,2,2,1.0, 00:00:05,5.0,False,True,False,5.0,1.0,0.0,0.15,0.3,2.0,1.0,0.0,5.0,1.0986122886681098,0.6931471805599453,0.0,1.791759469228055,0.14874930421600546,0.028543377389896204,0.004987728700546401,潜力词,0.14874930421600546,潜力词,0.109502006789831,潜力词,0.14745555241517355,潜力词,True,稳定词
2075,5588,525368335,9811363528,17.72,17,43,0.75, 00:04:32,272.0,False,True,False,272.0,2.5294117647058822,0.25,1.0423529411764705,17.72,17.0,2.5294117647058822,0.25,272.0,2.8903717578961645,1.2611312181658845,0.25,5.60947179518496,0.38009611046912645,0.020871426260081285,0.012797383716052619,重点词,0.38009611046912645,重点词,0.3177937578877462,重点词,0.3810578948688804,重点词,True,稳定词
2076,5591,525368335,9811363528,0.31,2,1,1.0, 00:02:00,120.0,False,True,False,120.0,0.5,0.0,0.155,0.31,2.0,0.5,0.0,120.0,1.0986122886681098,0.4054651081081644,0.0,4.795790545596741,0.19132793798168635,0.02853532326950284,0.006751320859494673,潜力词,0.19132793798168635,潜力词,0.1404719610137314,潜力词,0.19011176874161245,潜力词,True,稳定词
2079,5596,525368335,9811363528,1051.38,988,1708,0.6986, 00:02:06,126.0,False,True,False,126.0,1.728744939271255,0.3014,1.0641497975708503,1051.38,988.0,1.728744939271255,0.3014,126.0,6.8966943316227125,1.00384177428433,0.3014,4.844187086458591,0.4973258284465485,0.016829322857961678,0.016650262548133024,重点词,0.4973258284465485,重点词,0.5867665439625332,重点词,0.45332827264207803,重点词,True,稳定词
2081,5608,525368335,9811363528,111.69,12,19,0.5714, 00:04:47,287.0,False,True,False,287.0,1.5833333333333333,0.4286,9.3075,111.69,12.0,1.5833333333333333,0.4286,287.0,2.5649493574615367,0.9490805546971459,0.4286,5.662960480135946,0.3817995500773025,0.020658324987093045,0.012758546497999295,重点词,0.3817995500773025,重点词,0.3037057332942809,重点词,0.40557134881017215,重点词,True,稳定词
2082,5624,525368335,9811363528,5.22,14,5,1.0, 00:00:54,54.0,False,True,False,54.0,0.35714285714285715,0.0,0.37285714285714283,5.22,14.0,0.35714285714285715,0.0,54.0,2.70805020110221,0.30538164955118186,0.0,4.007333185232471,0.20098150382779867,0.027072244982128714,0.006809630233303358,潜力词,0.20098150382779867,潜力词,0.21192724396869386,潜力词,0.18456003846453584,潜力词,True,稳定词
2084,5640,525368335,9811363528,531.84,40,33,0.875, 00:00:30,30.0,False,True,False,30.0,0.825,0.125,13.296000000000001,531.84,40.0,0.825,0.125,30.0,3.713572066704308,0.6015799870344548,0.125,3.4339872044851463,0.2700687392208949,0.023743980610160535,0.008785083270206741,问题词,0.2700687392208949,问题词,0.30347519948534096,重点词,0.2469027426749903,问题词,False,边界敏感词
2086,5658,525368335,9811363528,2.07,2,2,1.0, 00:02:00,120.0,False,True,False,120.0,1.0,0.0,1.035,2.07,2.0,1.0,0.0,120.0,1.0986122886681098,0.6931471805599453,0.0,4.795790545596741,0.21843657059918795,0.027646402138318527,0.007726801236247917,潜力词,0.21843657059918795,潜力词,0.15874296766226273,潜力词,0.21715322323575523,潜力词,True,稳定词
2090,5693,525368335,9811363528,12.75,9,14,0.875, 00:01:35,95.0,False,True,False,95.0,1.5555555555555556,0.125,1.4166666666666667,12.75,9.0,1.5555555555555556,0.125,95.0,2.302585092994046,0.9382696385929303,0.125,4.564348191467836,0.28102169708603,0.024066780142276544,0.009406803197770751,问题词,0.28102169708603,问题词,0.2348541720010936,问题词,0.2769855921276242,问题词,True,稳定词
2093,5705,525368335,9811363528,4.36,3,16,0.3333, 00:04:03,243.0,False,True,False,243.0,5.333333333333333,0.6667000000000001,1.4533333333333334,4.36,3.0,5.333333333333333,0.6667000000000001,243.0,1.3862943611198906,1.8458266904983307,0.6667000000000001,5.497168225293202,0.49037492492840806,0.018937671560276658,0.018222335838527847,黄金词,0.49037492492840806,黄金词,0.3406424972673768,黄金词,0.5478825435173894,黄金词,True,稳定词
2095,5721,525368335,9811363528,5.21,4,4,1.0, 00:00:06,6.0,False,True,False,6.0,1.0,0.0,1.3025,5.21,4.0,1.0,0.0,6.0,1.6094379124341003,0.6931471805599453,0.0,1.9459101490553132,0.16132245661621744,0.027818318063876843,0.005350947386631419,潜力词,0.16132245661621744,潜力词,0.1347157257758912,潜力词,0.15632642557605422,潜力词,True,稳定词
2096,5726,525368335,9811363528,5.1,3,2,1.0, 00:01:01,61.0,False,True,False,61.0,0.6666666666666666,0.0,1.7,5.1,3.0,0.6666666666666666,0.0,61.0,1.3862943611198906,0.5108256237659907,0.0,4.127134385045092,0.1845693873097629,0.02795652499713718,0.006327845201945849,潜力词,0.1845693873097629,潜力词,0.14203534767515963,潜力词,0.18163880459460063,潜力词,True,稳定词
2098,5730,525368335,9811363528,2.54,2,4,0.5, 00:00:49,49.0,False,True,False,49.0,2.0,0.5,1.27,2.54,2.0,2.0,0.5,49.0,1.0986122886681098,1.0986122886681098,0.5,3.912023005428146,0.3520137670886109,0.02245197798763576,0.012196872323210312,黄金词,0.3520137670886109,黄金词,0.24222605876177558,潜力词,0.3958812676241088,黄金词,False,边界敏感词
2100,5745,525368335,9811363528,6.58,6,30,0.2, 00:09:56,596.0,False,True,False,596.0,5.0,0.8,1.0966666666666667,6.58,6.0,5.0,0.8,596.0,1.9459101490553132,1.791759469228055,0.8,6.391917113392602,0.5381568836001975,0.017260234959451757,0.020112271735029608,黄金词,0.5381568836001975,黄金词,0.38452969089594125,黄金词,0.6035434612472521,黄金词,True,稳定词
2101,5755,525368335,9811363528,29.05,27,41,0.6875, 00:02:21,141.0,False,True,False,141.0,1.5185185185185186,0.3125,1.075925925925926,29.05,27.0,1.5185185185185186,0.3125,141.0,3.332204510175204,0.9236708391717776,0.3125,4.955827057601261,0.3600719637443284,0.020784245344168666,0.011694790057656891,重点词,0.3600719637443284,重点词,0.32696218098474533,重点词,0.3624749134644138,重点词,True,稳定词
2102,5764,525368335,9811363528,11.39,9,51,0.75, 00:04:35,275.0,False,True,False,275.0,5.666666666666667,0.25,1.2655555555555555,11.39,9.0,5.666666666666667,0.25,275.0,2.302585092994046,1.8971199848858813,0.25,5.62040086571715,0.4324660007726936,0.020499228324425172,0.015620595954533847,重点词,0.4324660007726936,重点词,0.33051700374760734,重点词,0.43913997813401356,重点词,True,稳定词
2103,5771,525368335,9811363528,165.76,118,152,0.8571, 00:00:29,29.0,False,True,False,29.0,1.2881355932203389,0.14290000000000003,1.4047457627118642,165.76,118.0,1.2881355932203389,0.14290000000000003,29.0,4.77912349311153,0.8277373345327099,0.14290000000000003,3.4011973816621555,0.3411326423612708,0.02164909049650845,0.011208950269231079,重点词,0.3411326423612708,重点词,0.39793029803754854,重点词,0.30645936354228853,问题词,False,边界敏感词
2104,5792,525368335,9811363528,0.45,1,0,0.0,0,,False,True,True,95.0,0.0,1.0,0.45,0.45,1.0,0.0,1.0,95.0,0.6931471805599453,0.0,1.0,4.564348191467836,0.4119681460617029,0.025432671188103346,0.01781782794348286,黄金词,0.4119681460617029,黄金词,0.30092088014216595,黄金词,0.48010869592865735,黄金词,True,稳定词
2105,5800,525368335,9811363528,3.02,3,4,0.6667, 00:02:15,135.0,False,True,False,135.0,1.3333333333333333,0.33330000000000004,1.0066666666666666,3.02,3.0,1.3333333333333333,0.33330000000000004,135.0,1.3862943611198906,0.8472978603872036,0.33330000000000004,4.912654885736052,0.302520675340304,0.023672075922485446,0.01026739021729609,潜力词,0.302520675340304,潜力词,0.21613296376877655,潜力词,0.32597784790249956,黄金词,False,边界敏感词
2106,5802,525368335,9811363528,4.09,3,13,0.5, 00:01:52,112.0,False,True,False,112.0,4.333333333333333,0.5,1.3633333333333333,4.09,3.0,4.333333333333333,0.5,112.0,1.3862943611198906,1.6739764335716716,0.5,4.727387818712341,0.42888729942486364,0.020396344933746553,0.015317000108670658,黄金词,0.42888729942486364,黄金词,0.2989289375637646,黄金词,0.46960696281394065,黄金词,True,稳定词
2108,5817,525368335,9811363528,4.01,6,14,0.75, 00:11:14,674.0,False,True,False,674.0,2.3333333333333335,0.25,0.6683333333333333,4.01,6.0,2.3333333333333335,0.25,674.0,1.9459101490553132,1.2039728043259361,0.25,6.51471269087253,0.3652161499725766,0.02232088342270705,0.012842083344236947,黄金词,0.3652161499725766,黄金词,0.2749895996598377,潜力词,0.3748390577334013,黄金词,False,边界敏感词
2109,5830,525368335,9811363528,68.65,16,5,1.0, 00:00:29,29.0,False,True,False,29.0,0.3125,0.0,4.290625,68.65,16.0,0.3125,0.0,29.0,2.833213344056216,0.27193371548364176,0.0,3.4011973816621555,0.18785202379809243,0.02722060200660652,0.006296198877274799,问题词,0.18785202379809243,问题词,0.2128949236194708,问题词,0.16837738029901061,问题词,True,稳定词
2110,5831,525368335,9811363528,52.79,3,19,0.3333, 00:08:37,517.0,False,True,False,517.0,6.333333333333333,0.6667000000000001,17.596666666666668,52.79,3.0,6.333333333333333,0.6667000000000001,517.0,1.3862943611198906,1.992430164690206,0.6667000000000001,6.249975242259483,0.5095023640834765,0.018632234974848425,0.01935415600955052,重点词,0.5095023640834765,重点词,0.35510286795485646,重点词,0.5662430442786004,重点词,True,稳定词
2112,5841,525368335,9811363528,3.53,6,5,1.0, 00:03:01,181.0,False,True,False,181.0,0.8333333333333334,0.0,0.5883333333333333,3.53,6.0,0.8333333333333334,0.0,181.0,1.9459101490553132,0.6061358035703155,0.0,5.204006687076795,0.2366144050802413,0.026726008725751975,0.008283832832184694,潜力词,0.2366144050802413,潜力词,0.1957492653120138,潜力词,0.22965674215201262,潜力词,True,稳定词
2115,5869,525368335,9811363528,12.17,5,3,1.0, 00:00:08,8.0,False,True,False,8.0,0.6,0.0,2.434,12.17,5.0,0.6,0.0,8.0,1.791759469228055,0.4700036292457356,0.0,2.1972245773362196,0.13753776045264113,0.02817100554522133,0.004492459883718675,问题词,0.13753776045264113,问题词,0.12984149460643818,问题词,0.12993657512416992,问题词,True,稳定词
2116,5872,525368335,9811363528,0.96,2,3,0.5, 00:01:36,96.0,False,True,False,96.0,1.5,0.5,0.48,0.96,2.0,1.5,0.5,96.0,1.0986122886681098,0.9162907318741551,0.5,4.574710978503383,0.34388420794864305,0.022802710164388763,0.011951384220530263,黄金词,0.34388420794864305,黄金词,0.2375978297383935,潜力词,0.3874526703261543,黄金词,False,边界敏感词
2118,5885,525368335,9811363528,1.71,2,1,1.0, 00:00:02,2.0,False,True,False,2.0,0.5,0.0,0.855,1.71,2.0,0.5,0.0,2.0,1.0986122886681098,0.4054651081081644,0.0,1.0986122886681098,0.08905995036305749,0.02969860167750274,0.0029035456200490516,潜力词,0.08905995036305749,潜力词,0.07023116599108227,潜力词,0.08743356672652602,潜力词,True,稳定词
2119,5888,525368335,9811363528,2.86,4,6,0.3333, 00:02:10,130.0,False,True,False,130.0,1.5,0.6667000000000001,0.715,2.86,4.0,1.5,0.6667000000000001,130.0,1.6094379124341003,0.9162907318741551,0.6667000000000001,4.875197323201151,0.4064911894840123,0.020978043554305992,0.014367756175386303,黄金词,0.4064911894840123,黄金词,0.290174267280563,黄金词,0.4630031386061671,黄金词,True,稳定词
2120,5891,525368335,9811363528,112.7,110,170,0.3, 00:09:29,569.0,False,True,False,569.0,1.5454545454545454,0.7,1.0245454545454546,112.7,110.0,1.5454545454545454,0.7,569.0,4.709530201312334,0.9343092373768334,0.7,6.345636360828596,0.5334834320133849,0.015638986068565813,0.017883909240512502,重点词,0.5334834320133849,重点词,0.4904917094784583,重点词,0.5618075363356793,重点词,True,稳定词
2122,5896,525368335,9811363528,18.37,25,53,0.4762, 00:03:12,192.0,False,True,False,192.0,2.12,0.5238,0.7348,18.37,25.0,2.12,0.5238,192.0,3.258096538021482,1.1378330018213911,0.5238,5.262690188904886,0.4422593890009121,0.018321069542886696,0.014527658309417137,重点词,0.4422593890009121,重点词,0.36726923049112703,重点词,0.47017078428409576,重点词,True,稳定词
2123,5897,525368335,9811363528,0.43,2,1,1.0,0,,False,True,True,95.0,0.5,0.0,0.215,0.43,2.0,0.5,0.0,95.0,1.0986122886681098,0.4054651081081644,0.0,4.564348191467836,0.1838919275132238,0.028578269332370003,0.006439481742299182,潜力词,0.1838919275132238,潜力词,0.13503916947932626,潜力词,0.1826723652523749,潜力词,True,稳定词
2125,5902,525368335,9811363528,7.4,7,5,0.75, 00:00:13,13.0,False,True,False,13.0,0.7142857142857143,0.25,1.0571428571428572,7.4,7.0,0.7142857142857143,0.25,13.0,2.0794415416798357,0.538996500732687,0.25,2.6390573296152584,0.21576410049780725,0.025067655848408765,0.006896777129373675,潜力词,0.21576410049780725,潜力词,0.18602977401526546,潜力词,0.22701862046549418,潜力词,True,稳定词
2126,5913,525368335,9811363528,4.42,6,31,0.25, 00:06:52,412.0,False,True,False,412.0,5.166666666666667,0.75,0.7366666666666667,4.42,6.0,5.166666666666667,0.75,412.0,1.9459101490553132,1.8191584434161694,0.75,6.023447592961033,0.5271479609916313,0.017436246066889722,0.01943838833979649,黄金词,0.5271479609916313,黄金词,0.3762396698498885,黄金词,0.5890566207091352,黄金词,True,稳定词
2129,5921,525368335,9811363528,1.97,1,0,0.0,0,,False,True,True,95.0,0.0,1.0,1.97,1.97,1.0,0.0,1.0,95.0,0.6931471805599453,0.0,1.0,4.564348191467836,0.4119681460617029,0.025432671188103346,0.01781782794348286,黄金词,0.4119681460617029,黄金词,0.30092088014216595,黄金词,0.48010869592865735,黄金词,True,稳定词
2130,5928,525368335,9811363528,0.85,1,1,1.0, 00:00:03,3.0,False,True,False,3.0,1.0,0.0,0.85,0.85,1.0,1.0,0.0,3.0,0.6931471805599453,0.6931471805599453,0.0,1.3862943611198906,0.13962801875520683,0.029254691864219275,0.004747684435731067,潜力词,0.13962801875520683,潜力词,0.09770305952716112,潜力词,0.13983887342209136,潜力词,True,稳定词
2132,5935,525368335,9811363528,46.08,7,7,0.8, 00:03:10,190.0,False,True,False,190.0,1.0,0.19999999999999996,6.582857142857143,46.08,7.0,1.0,0.19999999999999996,190.0,2.0794415416798357,0.6931471805599453,0.19999999999999996,5.25227342804663,0.2783782586756483,0.024255157074085047,0.00935685277136518,问题词,0.2783782586756483,问题词,0.2240241923157805,问题词,0.28266055280590235,问题词,True,稳定词
2138,6021,525368335,9811363528,2.94,2,1,1.0, 00:00:18,18.0,False,True,False,18.0,0.5,0.0,1.47,2.94,2.0,0.5,0.0,18.0,1.0986122886681098,0.4054651081081644,0.0,2.9444389791664403,0.13176853387011248,0.028992579217498704,0.004400105047599575,潜力词,0.13176853387011248,潜力词,0.0982212023828253,潜力词,0.13044737698335024,潜力词,True,稳定词
2139,6029,525368335,9811363528,120.76,18,36,0.7059, 00:01:44,104.0,False,True,False,104.0,2.0,0.29410000000000003,6.70888888888889,120.76,18.0,2.0,0.29410000000000003,104.0,2.9444389791664403,1.0986122886681098,0.29410000000000003,4.653960350157523,0.35659725124671576,0.02101010225560157,0.011644564353008134,重点词,0.35659725124671576,重点词,0.3056555050893634,重点词,0.3615753460843915,重点词,True,稳定词
2146,6130,525368335,9811363528,2.93,3,1,1.0, 00:00:13,13.0,False,True,False,13.0,0.3333333333333333,0.0,0.9766666666666667,2.93,3.0,0.3333333333333333,0.0,13.0,1.3862943611198906,0.2876820724517809,0.0,2.6390573296152584,0.11472302484578245,0.02911479277915325,0.0037729853922844263,潜力词,0.11472302484578245,潜力词,0.09755237037479908,潜力词,0.11106344223975867,潜力词,True,稳定词
2148,6152,525368335,9811363528,7.29,9,8,0.8571, 00:06:50,410.0,False,True,False,410.0,0.8888888888888888,0.14290000000000003,0.81,7.29,9.0,0.8888888888888888,0.14290000000000003,410.0,2.302585092994046,0.6359887667199967,0.14290000000000003,6.018593214496234,0.28738429327731113,0.02459683914133682,0.00991943507110987,潜力词,0.28738429327731113,潜力词,0.24012079303642628,潜力词,0.28488666916166455,潜力词,True,稳定词
2149,6162,525368335,9811363528,121.83,24,24,0.9048, 00:00:45,45.0,False,True,False,45.0,1.0,0.09519999999999995,5.07625,121.83,24.0,1.0,0.09519999999999995,45.0,3.2188758248682006,0.6931471805599453,0.09519999999999995,3.828641396489095,0.26214250899800334,0.024181031353308704,0.008590922104087677,问题词,0.26214250899800334,问题词,0.2710650649397494,问题词,0.24436645262122705,问题词,True,稳定词
2150,6173,525368335,9811363528,1.4,1,1,1.0, 00:00:46,46.0,False,True,False,46.0,1.0,0.0,1.4,1.4,1.0,1.0,0.0,46.0,0.6931471805599453,0.6931471805599453,0.0,3.8501476017100584,0.18874029783946372,0.02840914022817973,0.006609411972207985,潜力词,0.18874029783946372,潜力词,0.13246606573016786,潜力词,0.1890252991048512,潜力词,True,稳定词
2158,6220,525368335,9811363528,0.76,2,2,1.0, 00:00:01,1.0,False,True,False,1.0,1.0,0.0,0.38,0.76,2.0,1.0,0.0,1.0,1.0986122886681098,0.6931471805599453,0.0,0.6931471805599453,0.1395725829865599,0.029037953873559424,0.004710335987252675,潜力词,0.1395725829865599,潜力词,0.10375731134152906,潜力词,0.13828996979872368,潜力词,True,稳定词
2160,6229,525368335,9811363528,1.21,1,1,1.0, 00:00:03,3.0,False,True,False,3.0,1.0,0.0,1.21,1.21,1.0,1.0,0.0,3.0,0.6931471805599453,0.6931471805599453,0.0,1.3862943611198906,0.13962801875520683,0.029254691864219275,0.004747684435731067,潜力词,0.13962801875520683,潜力词,0.09770305952716112,潜力词,0.13983887342209136,潜力词,True,稳定词
2161,6231,525368335,9811363528,0.88,2,1,1.0, 00:02:00,120.0,False,True,False,120.0,0.5,0.0,0.44,0.88,2.0,0.5,0.0,120.0,1.0986122886681098,0.4054651081081644,0.0,4.795790545596741,0.19132793798168635,0.02853532326950284,0.006751320859494673,潜力词,0.19132793798168635,潜力词,0.1404719610137314,潜力词,0.19011176874161245,潜力词,True,稳定词
2162,6246,525368335,9811363528,53.38,10,23,0.6364, 00:01:19,79.0,False,True,False,79.0,2.3,0.36360000000000003,5.338,53.38,10.0,2.3,0.36360000000000003,79.0,2.3978952727983707,1.1939224684724346,0.36360000000000003,4.382026634673881,0.36407276983183595,0.020980097378192168,0.0120112519191861,重点词,0.36407276983183595,重点词,0.28550840694711666,重点词,0.3826682298535985,重点词,True,稳定词
2163,6250,525368335,9811363528,1.47,1,1,1.0, 00:00:10,10.0,False,True,False,10.0,1.0,0.0,1.47,1.47,1.0,1.0,0.0,10.0,0.6931471805599453,0.6931471805599453,0.0,2.3978952727983707,0.15484641847660463,0.028853833647228544,0.005286509928218776,潜力词,0.15484641847660463,潜力词,0.10818517489144733,潜力词,0.1550825545299602,潜力词,True,稳定词
2164,6261,525368335,9811363528,27.63,12,14,0.8333, 00:01:26,86.0,False,True,False,86.0,1.1666666666666667,0.16669999999999996,2.3024999999999998,27.63,12.0,1.1666666666666667,0.16669999999999996,86.0,2.5649493574615367,0.7731898882334818,0.16669999999999996,4.465908118654584,0.2749660948313299,0.023823131792271548,0.009034823708070733,问题词,0.2749660948313299,问题词,0.24299042841053844,问题词,0.27135164191854133,问题词,True,稳定词
2166,6272,525368335,9811363528,121.35,23,43,0.75, 00:00:57,57.0,False,True,False,57.0,1.8695652173913044,0.25,5.2760869565217385,121.35,23.0,1.8695652173913044,0.25,57.0,3.1780538303479458,1.054160526097276,0.25,4.060443010546419,0.338020753167618,0.021420876039152405,0.010937957174506222,重点词,0.338020753167618,重点词,0.30728323210452424,重点词,0.3354898330979017,重点词,True,稳定词
2168,6305,525368335,9811363528,3.8,5,6,0.75, 00:00:15,15.0,False,True,False,15.0,1.2,0.25,0.76,3.8,5.0,1.2,0.25,15.0,1.791759469228055,0.7884573603642702,0.25,2.772588722239781,0.24022600448586115,0.024588365395704352,0.007774370813851507,潜力词,0.24022600448586115,潜力词,0.187737020513161,潜力词,0.253376599804452,潜力词,True,稳定词
2170,6307,525368335,9811363528,20.78,8,22,0.7143, 00:03:43,223.0,False,True,False,223.0,2.75,0.28569999999999995,2.5975,20.78,8.0,2.75,0.28569999999999995,223.0,2.1972245773362196,1.3217558399823195,0.28569999999999995,5.4116460518550396,0.3717710564669666,0.02142523150100806,0.012678946158360611,重点词,0.3717710564669666,重点词,0.2848741670392919,重点词,0.38313993832292464,重点词,True,稳定词
2171,6340,525368335,9811363528,1.45,1,0,0.0,0,,False,True,True,95.0,0.0,1.0,1.45,1.45,1.0,0.0,1.0,95.0,0.6931471805599453,0.0,1.0,4.564348191467836,0.4119681460617029,0.025432671188103346,0.01781782794348286,黄金词,0.4119681460617029,黄金词,0.30092088014216595,黄金词,0.48010869592865735,黄金词,True,稳定词
2172,6343,525368335,9811363528,40.22,9,35,0.5, 00:03:34,214.0,False,True,False,214.0,3.888888888888889,0.5,4.4688888888888885,40.22,9.0,3.888888888888889,0.5,214.0,2.302585092994046,1.586965056582042,0.5,5.3706380281276624,0.4534424344616408,0.0188139682530895,0.01560869724337608,重点词,0.4534424344616408,重点词,0.3370233133363496,重点词,0.4877056514820892,重点词,True,稳定词
2174,6353,525368335,9811363528,1.5,2,2,1.0, 00:00:02,2.0,False,True,False,2.0,1.0,0.0,0.75,1.5,2.0,1.0,0.0,2.0,1.0986122886681098,0.6931471805599453,0.0,1.0986122886681098,0.1413640944448003,0.028845551107537563,0.004749073716456767,潜力词,0.1413640944448003,潜力词,0.1047421939272683,潜力词,0.14007141943068893,潜力词,True,稳定词
2178,6366,525368335,9811363528,12.65,13,36,0.6923, 00:01:21,81.0,False,True,False,81.0,2.769230769230769,0.3077,0.9730769230769231,12.65,13.0,2.769230769230769,0.3077,81.0,2.6390573296152584,1.32687094064909,0.3077,4.406719247264253,0.3731841586751323,0.02076492982852722,0.012362710635436614,重点词,0.3731841586751323,重点词,0.30141071849876583,重点词,0.38287675355028566,重点词,True,稳定词
2179,6372,525368335,9811363528,4.92,4,10,0.75, 00:00:37,37.0,False,True,False,37.0,2.5,0.25,1.23,4.92,4.0,2.5,0.25,37.0,1.6094379124341003,1.252762968495368,0.25,3.6375861597263857,0.31154109799051954,0.02326905626297137,0.010529702377600238,潜力词,0.31154109799051954,潜力词,0.22767111499147455,潜力词,0.3245328095535431,黄金词,False,边界敏感词
2180,6383,525368335,9811363528,2.7,5,4,1.0, 00:01:32,92.0,False,True,False,92.0,0.8,0.0,0.54,2.7,5.0,0.8,0.0,92.0,1.791759469228055,0.5877866649021191,0.0,4.532599493153256,0.21262851022344653,0.027101698052637572,0.0073187736110350695,潜力词,0.21262851022344653,潜力词,0.17427935482555698,潜力词,0.20673035523140823,潜力词,True,稳定词
2186,6432,525368335,9811363528,5.13,4,2,1.0, 00:01:15,75.0,False,True,False,75.0,0.5,0.0,1.2825,5.13,4.0,0.5,0.0,75.0,1.6094379124341003,0.4054651081081644,0.0,4.330733340286331,0.1853807375581077,0.027966683245174838,0.0063643036766691955,潜力词,0.1853807375581077,潜力词,0.1504093144971778,潜力词,0.18085970620310263,潜力词,True,稳定词
2187,6436,525368335,9811363528,9.62,7,6,1.0, 00:00:52,52.0,False,True,False,52.0,0.8571428571428571,0.0,1.374285714285714,9.62,7.0,0.8571428571428571,0.0,52.0,2.0794415416798357,0.6190392084062234,0.0,3.970291913552122,0.20802862693899557,0.026771548468691796,0.007032133557362474,问题词,0.20802862693899557,问题词,0.1833261960457381,问题词,0.199237397392562,问题词,True,稳定词
2188,6440,525368335,9811363528,11.87,8,17,0.875, 00:01:21,81.0,False,True,False,81.0,2.125,0.125,1.48375,11.87,8.0,2.125,0.125,81.0,2.1972245773362196,1.1394342831883648,0.125,4.406719247264253,0.29988469299448345,0.023701601535398565,0.01015225267723588,问题词,0.29988469299448345,问题词,0.2419568352947189,问题词,0.2969825103574705,问题词,True,稳定词
2192,6457,525368335,9811363528,0.73,1,1,1.0, 00:02:00,120.0,False,True,False,120.0,1.0,0.0,0.73,0.73,1.0,1.0,0.0,120.0,0.6931471805599453,0.6931471805599453,0.0,4.795790545596741,0.21401869481923805,0.028205532455741852,0.007680222421411457,潜力词,0.21401869481923805,潜力词,0.15108856472007434,潜力词,0.21433632984851855,潜力词,True,稳定词
2196,6474,525368335,9811363528,12230.47,690,1211,0.6592, 00:02:52,172.0,False,True,False,172.0,1.7550724637681159,0.3408,17.72531884057971,12230.47,690.0,1.7550724637681159,0.3408,172.0,6.53813982376767,1.013443744897124,0.3408,5.153291594497779,0.4995637183735348,0.01653214787983942,0.01650332234248015,重点词,0.4995637183735348,重点词,0.5711696645650073,重点词,0.46377479035109304,重点词,True,稳定词
2197,6483,525368335,9811363528,21240.56,994,2010,0.8, 00:02:37,157.0,False,True,False,157.0,2.022132796780684,0.19999999999999996,21.368772635814892,21240.56,994.0,2.022132796780684,0.19999999999999996,157.0,6.902742737158593,1.1059628062274514,0.19999999999999996,5.062595033026967,0.4854503603322248,0.017637523479545916,0.016640070205941423,重点词,0.4854503603322248,重点词,0.5785563634166723,重点词,0.43327137978948754,重点词,True,稳定词
2198,6487,525368335,9811363528,4.97,9,4,1.0, 00:01:05,65.0,False,True,False,65.0,0.4444444444444444,0.0,0.5522222222222222,4.97,9.0,0.4444444444444444,0.0,65.0,2.302585092994046,0.36772478012531734,0.0,4.189654742026425,0.1966792954695867,0.027276818557616427,0.006678261155611281,潜力词,0.1966792954695867,潜力词,0.188036310140923,潜力词,0.18538044297965547,潜力词,True,稳定词
2200,6490,525368335,9811363528,166.07,165,145,0.9524, 00:00:55,55.0,False,True,False,55.0,0.8787878787878788,0.047599999999999976,1.0064848484848485,166.07,165.0,0.8787878787878788,0.047599999999999976,55.0,5.111987788356544,0.6306268235786112,0.047599999999999976,4.02535169073515,0.33078214957529856,0.022924794542786328,0.011331306857135555,重点词,0.33078214957529856,重点词,0.40879594481925,重点词,0.2868714162612853,问题词,False,边界敏感词
2202,6503,525368335,9811363528,5.49,7,15,0.8, 00:01:29,89.0,False,True,False,89.0,2.142857142857143,0.19999999999999996,0.7842857142857144,5.49,7.0,2.142857142857143,0.19999999999999996,89.0,2.0794415416798357,1.1451323043030026,0.19999999999999996,4.499809670330265,0.3131913214449457,0.0230674099283941,0.01051895938907664,潜力词,0.3131913214449457,潜力词,0.24454205996147435,潜力词,0.3175043435300894,黄金词,False,边界敏感词
2203,6510,525368335,9811363528,1.89,2,4,0.5, 00:00:26,26.0,False,True,False,26.0,2.0,0.5,0.945,1.89,2.0,2.0,0.5,26.0,1.0986122886681098,1.0986122886681098,0.5,3.295836866004329,0.34363361974056306,0.022662250079581617,0.01186457938816791,黄金词,0.34363361974056306,黄金词,0.23668657355779352,潜力词,0.3877901117551687,黄金词,False,边界敏感词
2204,6516,525368335,9811363528,110.03,110,88,1.0, 00:00:03,3.0,False,True,False,3.0,0.8,0.0,1.0002727272727272,110.03,110.0,0.8,0.0,3.0,4.709530201312334,0.5877866649021191,0.0,1.3862943611198906,0.27128009975674533,0.0250447289720441,0.009323385530776386,问题词,0.27128009975674533,问题词,0.35838144986474796,重点词,0.2271499785561077,问题词,False,边界敏感词
2205,6518,525368335,9811363528,10.03,8,46,0.4286, 00:05:22,322.0,False,True,False,322.0,5.75,0.5714,1.25375,10.03,8.0,5.75,0.5714,322.0,2.1972245773362196,1.9095425048844386,0.5714,5.777652323222656,0.5020718966050017,0.01782904978692854,0.01797742441158651,重点词,0.5020718966050017,重点词,0.3660120579729386,重点词,0.5446417560837161,重点词,True,稳定词
2206,6522,525368335,9811363528,31241.97,10293,31253,0.8863, 00:00:39,39.0,False,True,False,39.0,3.0363353735548433,0.11370000000000002,3.035263771495191,24233.035600000105,10293.0,3.0363353735548433,0.11370000000000002,39.0,9.2393164802127,1.3953371945680706,0.11370000000000002,3.6888794541139363,0.5434368698278154,0.017411309761611024,0.020724292110236704,重点词,0.5434368698278154,重点词,0.6802733839434525,重点词,0.47039748532201225,重点词,True,稳定词
2207,6523,525368335,9811363528,1.35,1,1,1.0, 00:00:37,37.0,False,True,False,37.0,1.0,0.0,1.35,1.35,1.0,1.0,0.0,37.0,0.6931471805599453,0.6931471805599453,0.0,3.6375861597263857,0.18326375566642333,0.02846434717845254,0.0063869862549966894,潜力词,0.18326375566642333,潜力词,0.12848762436488484,潜力词,0.18354127592031613,潜力词,True,稳定词
2209,6542,525368335,9811363528,2.88,3,2,1.0, 00:08:22,502.0,False,True,False,502.0,0.6666666666666666,0.0,0.96,2.88,3.0,0.6666666666666666,0.0,502.0,1.3862943611198906,0.5108256237659907,0.0,6.220590170099739,0.24660680331099685,0.02764035510209375,0.009047466374881368,潜力词,0.24660680331099685,潜力词,0.18668717945290492,潜力词,0.2438420363059938,潜力词,True,稳定词
2211,6554,525368335,9811363528,22.07,120,24,0.5714, 00:02:07,127.0,False,True,False,127.0,0.2,0.4286,0.18391666666666667,22.07,120.0,0.2,0.4286,127.0,4.795790545596741,0.18232155679395465,0.4286,4.852030263919617,0.37825555199930044,0.0211582430481948,0.012872206465639848,重点词,0.37825555199930044,重点词,0.41536461018539256,重点词,0.37504112784531085,重点词,True,稳定词
2212,6561,525368335,9811363528,190.83,93,12,0.8333, 00:01:48,108.0,False,True,False,108.0,0.12903225806451613,0.16669999999999996,2.051935483870968,190.83,93.0,0.12903225806451613,0.16669999999999996,108.0,4.543294782270004,0.12136085700426744,0.16669999999999996,4.6913478822291435,0.3027258017821569,0.024035238179922445,0.01043504372833387,问题词,0.3027258017821569,问题词,0.3635906975085058,重点词,0.2744635245979834,问题词,False,边界敏感词
2213,6579,525368335,9811363528,10.19,10,7,1.0, 00:00:54,54.0,False,True,False,54.0,0.7,0.0,1.019,10.19,10.0,0.7,0.0,54.0,2.3978952727983707,0.5306282510621704,0.0,4.007333185232471,0.2092381844297862,0.026656362006317852,0.007053361302838273,问题词,0.2092381844297862,问题词,0.19958417807359377,问题词,0.1969327494834847,问题词,True,稳定词
2216,6595,525368335,9811363528,2.0,1,0,0.0,0,,False,True,True,95.0,0.0,1.0,2.0,2.0,1.0,0.0,1.0,95.0,0.6931471805599453,0.0,1.0,4.564348191467836,0.4119681460617029,0.025432671188103346,0.01781782794348286,黄金词,0.4119681460617029,黄金词,0.30092088014216595,黄金词,0.48010869592865735,黄金词,True,稳定词
2217,6601,525368335,9811363528,0.75,1,1,1.0, 00:00:08,8.0,False,True,False,8.0,1.0,0.0,0.75,0.75,1.0,1.0,0.0,8.0,0.6931471805599453,0.6931471805599453,0.0,2.1972245773362196,0.15110050164909317,0.02892752463508226,0.0051489764009974934,潜力词,0.15110050164909317,潜力词,0.105562267333471,潜力词,0.15133076760769848,潜力词,True,稳定词
2218,6607,525368335,9811363528,2674.93,1735,2223,0.6209, 00:04:00,240.0,False,True,False,240.0,1.2812680115273776,0.3791,1.5417463976945245,2674.93,1735.0,1.2812680115273776,0.3791,240.0,7.459338895220296,0.8247314337815514,0.3791,5.484796933490655,0.5260977390008956,0.01617005262138629,0.0179510182240994,重点词,0.5260977390008956,重点词,0.6262649543594724,重点词,0.48534365278765185,重点词,True,稳定词
2220,6616,525368335,9811363528,5.75,3,6,0.3333, 00:00:19,19.0,False,True,False,19.0,2.0,0.6667000000000001,1.9166666666666667,5.75,3.0,2.0,0.6667000000000001,19.0,1.3862943611198906,1.0986122886681098,0.6667000000000001,2.995732273553991,0.39429903684431095,0.02140241365548522,0.013932537017168662,黄金词,0.39429903684431095,黄金词,0.27686923615670483,潜力词,0.45302554005699797,黄金词,False,边界敏感词
2223,6639,525368335,9811363528,0.69,1,1,1.0, 00:02:00,120.0,False,True,False,120.0,1.0,0.0,0.69,0.69,1.0,1.0,0.0,120.0,0.6931471805599453,0.6931471805599453,0.0,4.795790545596741,0.21401869481923805,0.028205532455741852,0.007680222421411457,潜力词,0.21401869481923805,潜力词,0.15108856472007434,潜力词,0.21433632984851855,潜力词,True,稳定词
2224,6641,525368335,9811363528,0.37,1,0,0.0,0,,False,True,True,95.0,0.0,1.0,0.37,0.37,1.0,0.0,1.0,95.0,0.6931471805599453,0.0,1.0,4.564348191467836,0.4119681460617029,0.025432671188103346,0.01781782794348286,黄金词,0.4119681460617029,黄金词,0.30092088014216595,黄金词,0.48010869592865735,黄金词,True,稳定词
2225,6648,525368335,9811363528,18.0,18,12,0.8, 00:00:39,39.0,False,True,False,39.0,0.6666666666666666,0.19999999999999996,1.0,18.0,18.0,0.6666666666666666,0.19999999999999996,39.0,2.9444389791664403,0.5108256237659907,0.19999999999999996,3.6888794541139363,0.25058398939464704,0.024139520939198165,0.008071588241267668,问题词,0.25058398939464704,问题词,0.250013509453522,问题词,0.24498894907408014,问题词,True,稳定词
2227,6662,525368335,9811363528,3.14,2,2,0.0, 00:00:07,7.0,False,True,False,7.0,1.0,1.0,1.57,3.14,2.0,1.0,1.0,7.0,1.0986122886681098,0.6931471805599453,1.0,2.0794415416798357,0.43495456557911616,0.02289287585892582,0.017622230474760022,黄金词,0.43495456557911616,黄金词,0.31367703013586823,黄金词,0.5082917642495065,黄金词,True,稳定词
