方案ID,推广单元ID,关键词ID,C,K,V,in_cand,qbar,eta_raw,eta_eb,eta_win,eta26_d0.3,eta26_d0.5,eta26_d0.7,eta26,dbar,d,类别,w
63563817,1841014603,9,3424.41,3271,9750,True,0.8438207903347595,1.1319951497667706,1.131685203603477,1.131685203603477,1.039505561081043,1.0658426018017386,1.092179642522434,1.0658426018017386,3.005219985085757,2.9807995608053326,重点词,0.7315411581490635
63563817,1841014603,726,252.86,135,255,True,0.8438207903347595,0.6327081277434472,0.6440540287490728,0.6440540287490728,0.8932162086247217,0.8220270143745364,0.750837820124351,0.8220270143745364,3.005219985085757,1.9513409781866158,重点词,0.05401733356974551
63563817,1841014603,1186,1.79,1,1,True,0.8438207903347595,0.662059082065831,0.93858738648709,0.93858738648709,0.981576215946127,0.969293693243545,0.957011170540963,0.969293693243545,3.005219985085757,2.7824177645206727,潜力词,0.0003823895716595921
63563817,1841014603,1567,37.32,23,77,True,0.8438207903347595,0.7303583174879492,0.7782497225352636,0.7782497225352636,0.933474916760579,0.8891248612676318,0.8447748057746846,0.8891248612676318,3.005219985085757,3.2594116090543888,重点词,0.007972502130913954
63563817,1841014603,1667,88.09,41,86,True,0.8438207903347595,0.551578113665698,0.5891681334665765,0.5891681334665765,0.8767504400399729,0.7945840667332882,0.7124176934266035,0.7945840667332882,3.005219985085757,2.245750201646654,重点词,0.01881826668575054
63563817,1841014603,2123,6.32,3,2,True,0.8438207903347595,0.562540707388214,0.8077369451108145,0.8077369451108145,0.9423210835332443,0.9038684725554073,0.8654158615775701,0.9038684725554073,3.005219985085757,2.367432716426005,潜力词,0.001350112901055096
63563817,1841014603,2478,49.0,25,166,True,0.8438207903347595,0.6046355902539987,0.6604827185847518,0.6604827185847518,0.8981448155754255,0.8302413592923759,0.7623379030093262,0.8302413592923759,3.005219985085757,5.758841208505638,重点词,0.010467647492357549
63563817,1841014603,2505,6.15,2,7,True,0.8438207903347595,0.38539374208059757,0.7340022177196112,0.7340022177196112,0.9202006653158833,0.8670011088598055,0.8138015524037279,0.8670011088598055,3.005219985085757,3.1041759880686053,黄金词,0.0013137965730203862
63563817,1841014603,2570,10.34,7,27,True,0.8438207903347595,0.8022824273002769,0.88889132055896,0.88889132055896,0.9666673961676879,0.94444566027948,0.922223924391272,0.94444566027948,3.005219985085757,3.402783992045737,重点词,0.0022088872463464707
63563817,1841014603,2889,1.89,1,1,True,0.8438207903347595,0.627029501004147,0.9291543474269183,0.9291543474269183,0.9787463042280754,0.9645771737134592,0.9504080431988428,0.9645771737134592,3.005219985085757,2.7824177645206727,潜力词,0.0004037521175623626
63563817,1841014603,2892,30.77,18,54,True,0.8438207903347595,0.6932578363393266,0.7569287567386319,0.7569287567386319,0.9270786270215895,0.878464378369316,0.8298501297170423,0.878464378369316,3.005219985085757,3.001606149257156,重点词,0.006573255374282485
63563817,1841014603,2985,114.03,75,197,True,0.8438207903347595,0.7794565620217295,0.7940161501133411,0.7940161501133411,0.9382048450340023,0.8970080750566706,0.8558113050793388,0.8970080750566706,3.005219985085757,2.6631537335022415,重点词,0.024359711092929212
63563817,1841014603,3169,5.66,4,4,True,0.8438207903347595,0.8375164359702032,0.9329696084250255,0.9329696084250255,0.9798908825275077,0.9664848042125127,0.9530787258975179,0.9664848042125127,3.005219985085757,2.3368133233905044,潜力词,0.0012091200980968108
63563817,1841014603,3304,7.68,5,6,True,0.8438207903347595,0.7715402063136965,0.8885278770323499,0.8885278770323499,0.966558363109705,0.944263938516175,0.9219695139226449,0.944263938516175,3.005219985085757,2.3109046062066194,潜力词,0.001640643525332775
63563817,1841014603,3501,13.49,8,40,True,0.8438207903347595,0.7027936289979764,0.813952949196413,0.813952949196413,0.9441858847589238,0.9069764745982065,0.8697670644374891,0.9069764745982065,3.005219985085757,4.002609992542879,重点词,0.0028818074422837414
63563817,1841014603,4048,2.81,2,23,True,0.8438207903347595,0.8434774070447243,0.9595373977732911,0.9595373977732911,0.9878612193319873,0.9797686988866455,0.9716761784413037,0.9797686988866455,3.005219985085757,4.704175988068606,黄金词,0.0006002875398678513
63563817,1841014603,4186,3.17,2,3,True,0.8438207903347595,0.7476881746989511,0.9287775168117253,0.9287775168117253,0.9786332550435175,0.9643887584058626,0.9501442617682077,0.9643887584058626,3.005219985085757,2.7041759880686054,黄金词,0.0006771927051178251
63563817,1841014603,4675,1.45,1,3,True,0.8438207903347595,0.8173005219985087,0.9721436127127064,0.9721436127127064,0.9916430838138119,0.9860718063563532,0.9805005288988945,0.9860718063563532,3.005219985085757,3.004639986742895,黄金词,0.00030975691559017237
63563817,1841014603,4713,7.19,4,8,True,0.8438207903347595,0.6592966658680598,0.8393667559076295,0.8393667559076295,0.9518100267722889,0.9196833779538147,0.8875567291353407,0.9196833779538147,3.005219985085757,2.6701466567238383,黄金词,0.0015359670504091997
63563817,1841014603,4827,14.14,7,13,True,0.8438207903347595,0.5866761172761572,0.7367387521749937,0.7367387521749937,0.9210216256524981,0.8683693760874969,0.8157171265224956,0.8683693760874969,3.005219985085757,2.469450658712404,重点词,0.00302066399065175
63563817,1841014603,4868,6.19,3,3,True,0.8438207903347595,0.5743549710328776,0.815105773382001,0.815105773382001,0.9445317320146003,0.9075528866910005,0.8705740413674007,0.9075528866910005,3.005219985085757,2.458341807335096,潜力词,0.0013223415913814944
63563817,1841014603,5134,68.89,48,115,True,0.8438207903347595,0.8257238544214864,0.8439781199622638,0.8439781199622638,0.9531934359886791,0.9219890599811319,0.8907846839735847,0.9219890599811319,3.005219985085757,2.482888569297965,重点词,0.014716657872418604
63563817,1841014603,5267,3.36,2,4,True,0.8438207903347595,0.7054081886296653,0.9133250012080276,0.9133250012080276,0.9739975003624082,0.9566625006040138,0.9393275008456193,0.9566625006040138,3.005219985085757,2.8041759880686055,黄金词,0.000717781542333089
63563817,1841014603,5307,88.18,34,40,True,0.8438207903347595,0.4569393936780049,0.502420155180034,0.502420155180034,0.8507260465540102,0.751210077590017,0.6516941086260238,0.751210077590017,3.005219985085757,1.5248038066830014,重点词,0.018837492977063035
63563817,1841014603,5374,38.32,26,33,True,0.8438207903347595,0.8040769749306831,0.8381248313786928,0.8381248313786928,0.9514374494136077,0.9190624156893463,0.8866873819650849,0.9190624156893463,3.005219985085757,1.6776988200201781,重点词,0.00818612758994166
63563817,1841014603,5418,16.8,10,27,True,0.8438207903347595,0.7054081886296653,0.8009194516885911,0.8009194516885911,0.9402758355065772,0.9004597258442956,0.8606436161820138,0.9004597258442956,3.005219985085757,2.835653326704781,重点词,0.0035889077116654454
63563817,1841014603,5592,7.11,4,3,True,0.8438207903347595,0.6667149124601055,0.8437932121022643,0.8437932121022643,0.9531379636306793,0.9218966060511322,0.8906552484715851,0.9218966060511322,3.005219985085757,2.2534799900571714,潜力词,0.0015188770136869833
63563817,1841014603,5801,0.5,1,2,True,0.8438207903347595,2.370171513795675,1.0800333828151678,1.0800333828151678,1.0240100148445503,1.040016691407584,1.0560233679706175,1.040016691407584,3.005219985085757,2.893528875631784,黄金词,0.00010681272951385254
63563817,1841014603,6083,126.96,76,279,True,0.8438207903347595,0.7094086131398524,0.726755425301701,0.726755425301701,0.9180266275905102,0.8633777126508505,0.8087287977111908,0.8633777126508505,3.005219985085757,3.607639998579596,重点词,0.027121888278157435
63563817,1841014603,6149,183.37,97,613,True,0.8438207903347595,0.6268927219233803,0.6426020917259062,0.6426020917259062,0.8927806275177719,0.821301045862953,0.7498214642081343,0.821301045862953,3.005219985085757,6.067064379816058,重点词,0.039172500421910283
63563817,1841014603,6352,61.07,36,181,True,0.8438207903347595,0.6985932085855928,0.733734807584582,0.733734807584582,0.9201204422753746,0.866867403792291,0.8136143653092074,0.866867403792291,3.005219985085757,4.660039997288319,重点词,0.01304610678282195
63563817,1841014603,6414,1.78,1,1,True,0.8438207903347595,0.6657785151111447,0.9395412354570973,0.9395412354570973,0.9818623706371292,0.9697706177285487,0.9576788648199681,0.9697706177285487,3.005219985085757,2.7824177645206727,潜力词,0.000380253317069315
63563817,2526158329,770,41.28,30,49,True,0.5831099195710456,1.2463245121625233,1.206085850467551,1.206085850467551,1.0618257551402652,1.1030429252337755,1.1442600953272857,1.1030429252337755,2.4827586206896552,1.8121597096188746,重点词,0.47258156840297655
63563817,2526158329,934,3.84,2,4,True,0.5831099195710456,0.893199233716475,0.9655365594513666,0.9655365594513666,0.9896609678354099,0.9827682797256834,0.9758755916159566,0.9827682797256834,2.4827586206896552,2.386206896551724,黄金词,0.043961076130509445
63563817,2526158329,1262,2.21,1,1,True,0.5831099195710456,0.7759920944505122,0.9517957671602368,0.9517957671602368,0.9855387301480709,0.9758978835801184,0.9662570370121658,0.9758978835801184,2.4827586206896552,2.318007662835249,潜力词,0.025300515168860907
63563817,2526158329,2397,8.06,6,24,True,0.5831099195710456,1.2766321553863265,1.1383160776931631,1.1383160776931631,1.0414948233079488,1.0691580388465816,1.096821254385214,1.0691580388465816,2.4827586206896552,3.133004926108374,重点词,0.0922724670864339
63563817,2526158329,3286,1.9,1,1,True,0.5831099195710456,0.9026013309134905,0.981419932603979,0.981419932603979,0.9944259797811936,0.9907099663019895,0.9869939528227852,0.9907099663019895,2.4827586206896552,2.318007662835249,潜力词,0.021751574127074985
63563817,2526158329,5236,7.11,5,36,True,0.5831099195710456,1.2060074041741435,1.096553239530531,1.096553239530531,1.0289659718591593,1.0482766197652655,1.0675872676713718,1.0482766197652655,2.4827586206896552,4.297082228116711,黄金词,0.0813966800228964
63563817,2526158329,5700,3.63,2,1,True,0.5831099195710456,0.9448719166587505,0.9828815275852234,0.9828815275852234,0.994864458275567,0.9914407637926117,0.9880170693096564,0.9914407637926117,2.4827586206896552,2.086206896551724,潜力词,0.041556954779622214
63563817,2526158329,6207,2.68,2,3,True,0.5831099195710456,1.2798078572653968,1.0698216999507693,1.0698216999507693,1.0209465099852308,1.0349108499753847,1.0488751899655386,1.0349108499753847,2.4827586206896552,2.2862068965517244,黄金词,0.03068116771608472
63563817,2526158329,6545,14.84,6,37,True,0.5831099195710456,0.6933729900548378,0.8012949856949254,0.8012949856949254,0.9403884957084776,0.9006474928474627,0.8609064899864478,0.9006474928474627,2.4827586206896552,4.0615763546798025,重点词,0.16989124212936463
63563817,2526158329,6604,1.8,1,2,True,0.5831099195710456,0.9527458492975733,0.9913734816161897,0.9913734816161897,0.9974120444848569,0.9956867408080948,0.9939614371313328,0.9956867408080948,2.4827586206896552,2.42911877394636,黄金词,0.020606754436176305
63563817,2874903000,193,4.83,5,4,True,0.7089409426561936,1.4602015839175861,1.1724417106533702,1.1724417106533702,1.051732513196011,1.086220855326685,1.120709197457359,1.086220855326685,1.079247152055473,0.9718444012649065,潜力词,0.0024447650140460102
63563817,2874903000,431,121.72,94,161,True,0.7089409426561936,1.0893209384328992,1.0837736525354638,1.0837736525354638,1.0251320957606391,1.0418868262677319,1.0586415567748246,1.0418868262677319,1.079247152055473,1.663078208004351,重点词,0.06161010300407461
63563817,2874903000,648,5.79,4,3,True,0.7089409426561936,0.9744764974538087,0.9893298859391734,0.9893298859391734,0.996798965781752,0.9946649429695866,0.9925309201574214,0.9946649429695866,1.079247152055473,0.9694981013703153,潜力词,0.002930681041682484
63563817,2874903000,1307,0.81,1,0,True,0.7089409426561936,1.741425592672084,1.0677062829835837,1.0677062829835837,1.020311884895075,1.0338531414917917,1.0473943980885085,1.0338531414917917,1.079247152055473,0.9593308018270871,黄金词,0.000409991648318275
63563817,2874903000,1490,1.88,1,1,True,0.7089409426561936,0.7502950691831852,0.9527721056402805,0.9527721056402805,0.9858316316920841,0.9763860528201402,0.9669404739481964,0.9763860528201402,1.079247152055473,1.0704419129381981,潜力词,0.0009515855541214283
63563817,2874903000,1812,7.32,4,3,True,0.7089409426561936,0.7707949344614142,0.8909115032677213,0.8909115032677213,0.9672734509803163,0.9454557516338606,0.9236380522874049,0.9454557516338606,1.079247152055473,0.9694981013703153,潜力词,0.0037051097107281146
63563817,2874903000,2249,4.33,3,3,True,0.7089409426561936,0.9772896513148186,0.9920632921866961,0.9920632921866961,0.9976189876560088,0.996031646093348,0.9944443045306872,0.996031646093348,1.079247152055473,1.0576342924039803,潜力词,0.002191683749652013
63563817,2874903000,2275,264.04,180,181,True,0.7089409426561936,0.9615961650188981,0.9627337427842332,0.9627337427842332,0.9888201228352699,0.9813668713921166,0.9739136199489632,0.9813668713921166,1.079247152055473,1.0086913681725733,重点词,0.1336471541011819
63563817,2874903000,2499,1.08,1,0,True,0.7089409426561936,1.306069194504063,1.0361657253899768,1.0361657253899768,1.010849717616993,1.0180828626949885,1.0253160077729837,1.0180828626949885,1.079247152055473,0.9593308018270871,黄金词,0.0005466555310910333
63563817,2874903000,2561,402.98,281,248,True,0.7089409426561936,0.9835869749071742,0.9839088145876145,0.9839088145876145,0.9951726443762843,0.9919544072938072,0.9887361702113301,0.9919544072938072,1.079247152055473,0.8880068415793902,重点词,0.20397337585098574
63563817,2874903000,2574,4.62,2,1,True,0.7089409426561936,0.6106297532746269,0.8581316608934367,0.8581316608934367,0.957439498268031,0.9290658304467183,0.9006921626254057,0.9290658304467183,1.079247152055473,0.9633977216443783,潜力词,0.0023384708830005312
63563817,2874903000,2596,1.47,1,1,True,0.7089409426561936,0.959561040860128,0.9937623011610061,0.9937623011610061,0.9981286903483018,0.9968811505805031,0.9956336108127043,0.9968811505805031,1.079247152055473,1.0704419129381981,潜力词,0.0007440589173183509
63563817,2874903000,2669,7.34,7,9,True,0.7089409426561936,1.3452156826227135,1.1645378643149817,1.1645378643149817,1.0493613592944944,1.0822689321574908,1.1151765050204872,1.0822689321574908,1.079247152055473,1.175598481096252,潜力词,0.0037152329613038743
63563817,2874903000,2797,5.41,4,3,True,0.7089409426561936,1.0429240148350376,1.0172397119716075,1.0172397119716075,1.0051719135914823,1.0086198559858037,1.0120677983801252,1.0086198559858037,1.079247152055473,0.9694981013703153,潜力词,0.0027383392807430467
63563817,2874903000,2959,1.27,2,2,True,0.7089409426561936,2.2213460315974616,1.1662496741831485,1.1662496741831485,1.0498749022549445,1.0831248370915743,1.116374771928204,1.0831248370915743,1.079247152055473,1.0633977216443784,潜力词,0.0006428264115607522
63563817,2874903000,3163,614.71,402,350,True,0.7089409426561936,0.9224561199360414,0.9234597066106012,0.9234597066106012,0.9770379119831802,0.9617298533053006,0.9464217946274208,0.9617298533053006,1.079247152055473,0.8747170176010824,重点词,0.3111431680712677
63563817,2874903000,3422,7.28,6,4,True,0.7089409426561936,1.1625451071959243,1.0771400508726423,1.0771400508726423,1.0231420152617927,1.038570025436321,1.0539980356108496,1.038570025436321,1.079247152055473,0.9024269440316989,潜力词,0.003684863209576595
63563817,2874903000,3465,1.98,2,1,True,0.7089409426561936,1.4248027576407962,1.0837758426423083,1.0837758426423083,1.0251327527926923,1.041887921321154,1.0586430898496157,1.041887921321154,1.079247152055473,0.9633977216443783,潜力词,0.0010022018070002278
63563817,2874903000,4345,0.56,1,0,True,0.7089409426561936,2.5188477322578358,1.0986722424668662,1.0986722424668662,1.0296016727400599,1.0493361212334331,1.0690705697268064,1.0493361212334331,1.079247152055473,0.9593308018270871,黄金词,0.00028345101612127656
63563817,2874903000,4363,0.15,1,1,True,0.7089409426561936,9.403698200429254,1.15353894397861,1.15353894397861,1.046061683193583,1.076769471989305,1.107477260785027,1.076769471989305,1.079247152055473,1.0704419129381981,潜力词,7.592437931819907e-05
63563817,2874903000,4527,103.53,68,96,True,0.7089409426561936,0.9264727291063305,0.9317835078804408,0.9317835078804408,0.9795350523641322,0.9658917539402204,0.9522484555163085,0.9658917539402204,1.079247152055473,1.3767628581111024,重点词,0.052403006605421
63563817,2874903000,4667,8.06,19,37,True,0.7089409426561936,3.3251290162808154,2.1625645081404077,2.1625645081404077,1.3487693524421223,1.5812822540702038,1.8137951556982854,1.5812822540702038,1.079247152055473,1.6901473043127326,重点词,0.00407966998203123
63563817,2874903000,4738,3.78,3,3,True,0.7089409426561936,1.1194878810034827,1.0381473133609092,1.0381473133609092,1.0114441940082726,1.0190736566804546,1.0267031193526364,1.0190736566804546,1.079247152055473,1.0576342924039803,潜力词,0.0019132943588186164
63563817,2874903000,4798,105.25,107,116,True,0.7089409426561936,1.4340081341272166,1.4031361408250775,1.4031361408250775,1.1209408422475233,1.2015680704125389,1.2821952985775542,1.2015680704125389,1.079247152055473,1.0837737149255982,重点词,0.05327360615493635
63563817,2874903000,4836,2.94,3,2,True,0.7089409426561936,1.439341561290192,1.1174240172902878,1.1174240172902878,1.0352272051870863,1.058712008645144,1.0821968121032015,1.058712008645144,1.079247152055473,0.9667252014948894,潜力词,0.0014881178346367017
63563817,2874903000,4860,46.03,41,111,True,0.7089409426561936,1.2564141632118164,1.2182056559926033,1.2182056559926033,1.065461696797781,1.1091028279963018,1.1527439591948223,1.1091028279963018,1.079247152055473,2.4415097391110976,重点词,0.023298661200111356
63563817,2874903000,5241,6.42,4,4,True,0.7089409426561936,0.8788502991055377,0.9462858370343614,0.9462858370343614,0.9838857511103083,0.9731429185171807,0.962400085924053,0.9731429185171807,1.079247152055473,1.0528314347036487,潜力词,0.00324956343481892
63563817,2874903000,5351,4.07,3,6,True,0.7089409426561936,1.0397209312513918,1.0133276331568974,1.0133276331568974,1.0039982899470692,1.0066638165784487,1.0093293432098283,1.0066638165784487,1.079247152055473,1.330361565131253,黄金词,0.002060081492167135
63563817,2874903000,5532,68.56,43,82,True,0.7089409426561936,0.8846828091127289,0.8968135394514316,0.8968135394514316,0.9690440618354295,0.9484067697257158,0.9277694776160021,0.9484067697257158,1.079247152055473,1.7771368081655643,重点词,0.034702502973704856
63563817,2874903000,5995,0.92,1,0,True,0.7089409426561936,1.5332116631134654,1.0546274755082838,1.0546274755082838,1.016388242652485,1.027313737754142,1.0382392328557986,1.027313737754142,1.079247152055473,0.9593308018270871,黄金词,0.0004656695264849543
63563817,2874903000,6242,4.45,4,3,True,0.7089409426561936,1.2679143641028208,1.0953012726025222,1.0953012726025222,1.0285903817807567,1.047650636301261,1.0667108908217655,1.047650636301261,1.079247152055473,0.9694981013703153,潜力词,0.0022524232531065725
63563817,2874903000,6282,162.07,119,149,True,0.7089409426561936,1.03570070264492,1.0340093627088827,1.0340093627088827,1.0102028088126647,1.0170046813544413,1.0238065538962178,1.0170046813544413,1.079247152055473,1.2412124190271163,重点词,0.08203376104067016
63563817,4190988309,9,34.07,14,71,True,0.6598062953995157,0.6227868689126272,0.6949524952255688,0.6949524952255688,0.9084857485676706,0.8474762476127844,0.7864667466578982,0.8474762476127844,7.4489296636085625,5.935974423130387,重点词,0.013961741468052324
63563817,4190988309,2397,2.26,2,36,True,0.6598062953995157,1.3412356905090526,1.0747279709835715,1.0747279709835715,1.0224183912950715,1.0373639854917858,1.0523095796885,1.0373639854917858,7.4489296636085625,9.55914373088685,黄金词,0.0009261384126151526
63563817,4190988309,2478,101.65,54,148,True,0.6598062953995157,0.8051372536631812,0.8194531203615201,0.8194531203615201,0.945835936108456,0.90972656018076,0.873617184253064,0.90972656018076,7.4489296636085625,3.348248988852718,重点词,0.04165573877979216
63563817,4190988309,2706,0.48,2,0,True,0.6598062953995157,6.314984709480123,1.298734503577337,1.298734503577337,1.089620351073201,1.1493672517886684,1.209114152504136,1.1493672517886684,7.4489296636085625,5.95914373088685,黄金词,0.00019670196374127136
63563817,4190988309,2941,38.41,28,269,True,0.6598062953995157,1.104834606813497,1.08665154395753,1.08665154395753,1.025995463187259,1.043325771978765,1.060656080770271,1.043325771978765,7.4489296636085625,9.127539925246346,重点词,0.015740255056879652
63563817,4190988309,3617,1.68,1,1,True,0.6598062953995157,0.9021406727828746,0.9831207731288737,0.9831207731288737,0.9949362319386621,0.9915603865644369,0.9881845411902116,0.9915603865644369,7.4489296636085625,6.732381923207611,潜力词,0.0006884568730944498
63563817,4190988309,4017,18.21,10,21,True,0.6598062953995157,0.8322879353515812,0.8837443206224701,0.8837443206224701,0.965123296186741,0.941872160311235,0.9186210244357291,0.941872160311235,7.4489296636085625,4.477302072714917,重点词,0.007462380749434483
63563817,4190988309,4097,37.12,19,418,True,0.6598062953995157,0.7757632078456185,0.8157664956890075,0.8157664956890075,0.9447299487067022,0.9078832478445038,0.8710365469823053,0.9078832478445038,7.4489296636085625,17.688571752180312,重点词,0.015211618529324985
63563817,4190988309,4101,33.58,27,56,True,0.6598062953995157,1.2186152744916974,1.1762992535406145,1.1762992535406145,1.0528897760621843,1.0881496267703072,1.1234094774784302,1.0881496267703072,7.4489296636085625,3.3026124945391,重点词,0.013760941546733109
63563817,4190988309,4135,1.57,1,1,True,0.6598062953995157,0.965347981067025,0.9943506054283727,0.9943506054283727,0.9983051816285118,0.9971753027141863,0.9960454237998609,0.9971753027141863,7.4489296636085625,6.732381923207611,潜力词,0.0006433793397370751
63563817,4190988309,4177,2053.55,1402,10918,True,0.6598062953995157,1.0347281804903077,1.0345924083827065,1.0345924083827065,1.0103777225148118,1.0172962041913531,1.0242146858678947,1.0172962041913531,7.4489296636085625,7.785525842063028,重点词,0.8415360784185164
63563817,4190988309,5374,73.72,28,44,True,0.6598062953995157,0.5756470055304723,0.6174700079201078,0.6174700079201078,0.8852410023760323,0.8087350039600538,0.7322290055440754,0.8087350039600538,7.4489296636085625,2.8775399252463476,重点词,0.030210143264596926
63563817,4190988309,5649,9.69,6,26,True,0.6598062953995157,0.9384497401085012,0.966398759529655,0.966398759529655,0.9899196278588964,0.9831993797648275,0.9764791316707585,0.9831993797648275,7.4489296636085625,6.113674093490608,重点词,0.003970920893026916
63563817,4190988309,6082,1.85,1,1,True,0.6598062953995157,0.8192412596082319,0.9662559364556236,0.9662559364556236,0.9898767809366871,0.9831279682278118,0.9763791555189365,0.9831279682278118,7.4489296636085625,6.732381923207611,潜力词,0.0007581221519194835
63563817,4190988309,6083,22.89,16,84,True,0.6598062953995157,1.0593945515248437,1.0439270204976954,1.0439270204976954,1.0131781061493086,1.0219635102488476,1.0307489143483868,1.0219635102488476,7.4489296636085625,5.9829765545361875,重点词,0.009380224895911879
63563817,4190988309,6224,3.44,2,2,True,0.6598062953995157,0.8811606571367613,0.9644515357000399,0.9644515357000399,0.989335460710012,0.9822257678500199,0.975116074990028,0.9822257678500199,7.4489296636085625,6.15914373088685,潜力词,0.0014096974068124447
63563817,4190988309,6245,6.07,2,61,True,0.6598062953995157,0.4993727612109487,0.7849393248797211,0.7849393248797211,0.9354817974639162,0.8924696624398605,0.8494575274158047,0.8924696624398605,7.4489296636085625,12.05914373088685,黄金词,0.0024874602498114943
63563817,4190988310,228,4.64,4,3,True,0.6589868503720475,1.3081732435640239,1.1125924291446512,1.1125924291446512,1.0337777287433954,1.0562962145723256,1.0788147004012558,1.0562962145723256,2.2905878769418213,1.7770585846278808,潜力词,0.0009662218020453083
63563817,4190988310,925,109.28,74,122,True,0.6589868503720475,1.0275767864891636,1.0256825569075831,1.0256825569075831,1.007704767072275,1.0128412784537915,1.0179777898353082,1.0128412784537915,2.2905878769418213,1.7112768660431046,重点词,0.022756189337825708
63563817,4190988310,990,12.69,8,28,True,0.6589868503720475,0.9566467848915793,0.9734866361577899,0.9734866361577899,0.9920459908473369,0.9867433180788949,0.9814406453104529,0.9867433180788949,2.2905878769418213,2.8952939384709104,重点词,0.0026425333336109833
63563817,4190988310,1108,1.73,1,1,True,0.6589868503720475,0.8771566257423512,0.9782922331495676,0.9782922331495676,0.9934876699448703,0.9891461165747838,0.9848045632046973,0.9891461165747838,2.2905878769418213,2.1471892239482857,潜力词,0.0003602508011936171
63563817,4190988310,1186,55.07,39,57,True,0.6589868503720475,1.0746642008141718,1.0651315941523276,1.0651315941523276,1.0195394782456981,1.0325657970761637,1.0455921159066293,1.0325657970761637,2.2905878769418213,1.6026532556496715,重点词,0.011467636775567915
63563817,4190988310,1567,367.4,238,812,True,0.6589868503720475,0.9830170633727701,0.9833816360814885,0.9833816360814885,0.9950144908244465,0.9916908180407442,0.988367145257042,0.9916908180407442,2.2905878769418213,3.3753036707948563,重点词,0.07650644182574273
63563817,4190988310,1583,0.48,1,1,True,0.6589868503720475,3.161418671946391,1.121484890226495,1.121484890226495,1.0364454670679484,1.0607424451132474,1.0850394231585465,1.0607424451132474,2.2905878769418213,2.1471892239482857,潜力词,9.995397952192844e-05
63563817,4190988310,1667,93.58,53,120,True,0.6589868503720475,0.859441023876001,0.8705872787713124,0.8705872787713124,0.9611761836313937,0.9352936393856561,0.9094110951399187,0.9352936393856561,2.2905878769418213,2.2676180822218783,重点词,0.0194868612576293
63563817,4190988310,2123,72.85,47,122,True,0.6589868503720475,0.9790199758285598,0.9811099399222665,0.9811099399222665,0.99433298197668,0.9905549699611332,0.9867769579455865,0.9905549699611332,2.2905878769418213,2.551358236646083,重点词,0.015170098767026014
63563817,4190988310,2212,3.45,2,2,True,0.6589868503720475,0.8796991087155175,0.9639410881901421,0.9639410881901421,0.9891823264570425,0.981970544095071,0.9747587617330995,0.981970544095071,2.2905878769418213,2.032470301553457,潜力词,0.0007184192278138607
63563817,4190988310,2294,6.61,4,4,True,0.6589868503720475,0.9182940771765612,0.9631849931927109,0.9631849931927109,0.9889554979578132,0.9815924965963554,0.9742294952348977,0.9815924965963554,2.2905878769418213,1.8603919179612143,潜力词,0.0013764495929998897
63563817,4190988310,2892,148.25,104,175,True,0.6589868503720475,1.0645397646108858,1.0612118233226526,1.0612118233226526,1.0183635469967958,1.0306059116613264,1.0428482763258569,1.0306059116613264,2.2905878769418213,1.7261134197815586,重点词,0.030871203050262273
63563817,4190988310,2980,1.88,1,1,True,0.6589868503720475,0.8071707247522699,0.9635292718847352,0.9635292718847352,0.9890587815654206,0.9817646359423676,0.9744704903193147,0.9817646359423676,2.2905878769418213,2.1471892239482857,潜力词,0.0003914864197942197
63563817,4190988310,2985,1810.51,1217,1985,True,0.6589868503720475,1.020029898428732,1.0199411248421582,1.0199411248421582,1.0059823374526473,1.009970562421079,1.0139587873895106,1.009970562421079,2.2905878769418213,1.6353671045024774,重点词,0.37701599888384724
63563817,4190988310,3169,1047.53,674,977,True,0.6589868503720475,0.9763750620489117,0.9765554512150516,0.9765554512150516,0.9929666353645155,0.9882777256075258,0.9835888158505361,0.9882777256075258,2.2905878769418213,1.4594203856532766,重点词,0.21813498368459522
63563817,4190988310,3180,3.89,3,14,True,0.6589868503720475,1.170293801440309,1.0554345512638328,1.0554345512638328,1.0166303653791497,1.0277172756319164,1.038804185884683,1.0277172756319164,2.2905878769418213,2.938609365048597,黄金词,0.0008100437090422951
63563817,4190988310,3304,17.28,11,26,True,0.6589868503720475,0.9659890386502861,0.9768070476668089,0.9768070476668089,0.9930421143000426,0.9884035238334045,0.9837649333667663,0.9884035238334045,2.2905878769418213,2.3328791060807665,重点词,0.0035983432627894243
63563817,4190988310,3501,1.01,1,0,True,0.6589868503720475,1.5024563985487798,1.055951594546226,1.055951594546226,1.0167854783638677,1.027975797273113,1.0391661161823582,1.027975797273113,2.2905878769418213,2.0360781128371745,黄金词,0.00021031983191072443
63563817,4190988310,3818,5.74,2,9,True,0.6589868503720475,0.5287390113359817,0.8039827481933722,0.8039827481933722,0.9411948244580116,0.9019913740966861,0.8627879237353606,0.9019913740966861,2.2905878769418213,2.732470301553457,黄金词,0.0011952830051163944
63563817,4190988310,4048,9.39,8,49,True,0.6589868503720475,1.2928485303806325,1.1575843954311826,1.1575843954311826,1.0472753186293549,1.0787921977155914,1.110309076801828,1.0787921977155914,2.2905878769418213,4.20779393847091,重点词,0.0019553497243977253
63563817,4190988310,4155,5.39,4,6,True,0.6589868503720475,1.1261454267415716,1.050551959117998,1.050551959117998,1.0151655877353993,1.025275979558999,1.0353863713825986,1.025275979558999,2.2905878769418213,2.027058584627881,潜力词,0.0011223998950483213
63563817,4190988310,4403,25.77,19,160,True,0.6589868503720475,1.118825699967058,1.0905154681688172,1.0905154681688172,1.027154640450645,1.0452577340844087,1.063360827718172,1.0452577340844087,2.2905878769418213,6.604618630204984,重点词,0.005366279275583533
63563817,4190988310,4675,22.54,16,61,True,0.6589868503720475,1.0771825821006336,1.0568527908675909,1.0568527908675909,1.0170558372602772,1.0284263954337955,1.0397969536073135,1.0284263954337955,2.2905878769418213,3.305195958980607,重点词,0.00469367228838389
63563817,4190988310,4713,4.68,1,7,True,0.6589868503720475,0.32424806891757857,0.751764596745233,0.751764596745233,0.9255293790235699,0.8758822983726164,0.8262352177216631,0.8758822983726164,2.2905878769418213,2.8138558906149522,黄金词,0.0009745513003388023
63563817,4190988310,4773,205.93,107,171,True,0.6589868503720475,0.7884740591034167,0.7964412495498231,0.7964412495498231,0.9389323748649469,0.8982206247749116,0.8575088746848761,0.8982206247749116,2.2905878769418213,1.6463017653524745,重点词,0.04288233958948068
63563817,4190988310,4791,24.87,13,116,True,0.6589868503720475,0.7932148175691789,0.8438278928923619,0.8438278928923619,0.9531483678677085,0.921913946446181,0.8906795250246533,0.921913946446181,2.2905878769418213,6.39641442931117,重点词,0.005178865563979918
63563817,4190988310,4827,96.36,61,207,True,0.6589868503720475,0.9606303312016431,0.9636692081458564,0.9636692081458564,0.9891007624437569,0.9818346040729282,0.9745684457020996,0.9818346040729282,2.2905878769418213,3.26557540602224,重点词,0.020065761389027135
63563817,4190988310,5010,63.52,44,78,True,0.6589868503720475,1.0511518002441398,1.0453920417925089,1.0453920417925089,1.0136176125377525,1.0226960208962543,1.0317744292547562,1.0226960208962543,2.2905878769418213,1.8523981349141263,重点词,0.013227243290068531
63563817,4190988310,5134,168.35,129,782,True,0.6589868503720475,1.162786125137633,1.1553485866272917,1.1553485866272917,1.0466045759881875,1.0776742933136458,1.1087440106391042,1.0776742933136458,2.2905878769418213,5.841786153398063,重点词,0.03505677594274303
63563817,4190988310,5267,110.96,83,183,True,0.6589868503720475,1.135102017757248,1.1259529481628652,1.1259529481628652,1.0377858844488594,1.0629764740814327,1.0881670637140055,1.0629764740814327,2.2905878769418213,2.2123593737970833,重点词,0.02310602826615246
63563817,4190988310,5330,121.6,77,649,True,0.6589868503720475,0.9609048858152845,0.9633351389413745,0.9633351389413745,0.9890005416824124,0.9816675694706872,0.9743345972589621,0.9816675694706872,2.2905878769418213,7.85087885900629,重点词,0.025321674812221872
63563817,4190988310,5418,15.18,8,64,True,0.6589868503720475,0.7997264624686522,0.8691844965694553,0.8691844965694553,0.9607553489708365,0.9345922482847276,0.9084291475986187,0.9345922482847276,2.2905878769418213,5.14529393847091,重点词,0.003161044602380987
63563817,4190988310,5812,5.56,4,6,True,0.6589868503720475,1.0917129226865234,1.0374393428881843,1.0374393428881843,1.0112318028664553,1.0187196714440923,1.026207540021729,1.0187196714440923,2.2905878769418213,2.027058584627881,潜力词,0.0011578002627956711
63563817,4190988310,5840,3.66,2,2,True,0.6589868503720475,0.8292245696908565,0.9466691062345167,0.9466691062345167,0.984000731870355,0.9733345531172584,0.9626683743641617,0.9733345531172584,2.2905878769418213,2.032470301553457,潜力词,0.0007621490938547044
63563817,4190988310,6325,83.51,64,118,True,0.6589868503720475,1.1629599042293512,1.1486161581543421,1.1486161581543421,1.0445848474463026,1.074308079077171,1.1040313107080395,1.074308079077171,2.2905878769418213,1.8933986529935356,重点词,0.017389910062242178
63563817,4190988310,6352,70.17,42,269,True,0.6589868503720475,0.9082827479897283,0.917732333202598,0.917732333202598,0.9753196999607794,0.958866166601299,0.9424126332418186,0.958866166601299,2.2905878769418213,5.746494060310692,重点词,0.014612022381361915
63563817,4190988310,6364,0.9,1,1,True,0.6589868503720475,1.6860899583714084,1.0689152859971283,1.0689152859971283,1.0206745857991384,1.0344576429985641,1.0482407001979896,1.0344576429985641,2.2905878769418213,2.1471892239482857,潜力词,0.00018741371160361584
495403620,8878077181,1048,1263.59,2840,29775,True,1.3584312096575868,1.6545294770951366,1.6503809239670066,1.6503809239670066,1.195114277190102,1.3251904619835033,1.4552666467769046,1.3251904619835033,10.040615814923674,10.482909033187987,重点词,0.010171727750376934
495403620,8878077181,1607,1149.42,805,8194,True,1.3584312096575868,0.5155603144610864,0.5189336633443877,0.5189336633443877,0.8556800990033162,0.7594668316721939,0.6632535643410714,0.7594668316721939,10.040615814923674,10.177521434833197,重点词,0.009252674768586534
495403620,8878077181,3989,75197.1,124758,1230619,True,1.3584312096575868,1.2213205395518953,1.2212968198556833,1.2212968198556833,1.066389045956705,1.1106484099278418,1.1549077738989784,1.1106484099278418,10.040615814923674,9.864060119956713,重点词,0.6053264340631609
495403620,8878077181,5778,46615.59,40349,425786,True,1.3584312096575868,0.6371826467637042,0.6372453683195473,0.6372453683195473,0.8911736104958641,0.8186226841597737,0.7460717578236831,0.8186226841597737,10.040615814923674,10.552477263585486,重点词,0.3752491634178757
495403620,9628223555,6,4.69,3,2,True,0.7871055425316781,0.8126722708070989,0.9310927803988467,0.9310927803988467,0.979327834119654,0.9655463901994233,0.9517649462791927,0.9655463901994233,2.9251764836414575,2.309219260830151,潜力词,5.185529740560982e-05
495403620,9628223555,14,1.48,2,1,True,0.7871055425316781,1.71686168922761,1.1112112473854154,1.1112112473854154,1.0333633742156245,1.0556056236927076,1.077847873169791,1.0556056236927076,2.9251764836414575,2.440141186913166,潜力词,1.6363718584286254e-05
495403620,9628223555,31,0.83,1,0,True,0.7871055425316781,1.5306959638896767,1.0495475421854255,1.0495475421854255,1.0148642626556277,1.0247737710927127,1.0346832795297978,1.0247737710927127,2.9251764836414575,2.600156874347962,黄金词,9.176950287133507e-06
495403620,9628223555,55,0.9,1,1,True,0.7871055425316781,1.4116418333649239,1.0413479520121016,1.0413479520121016,1.0124043856036304,1.0206739760060508,1.0289435664084712,1.0206739760060508,2.9251764836414575,2.7112679854590733,潜力词,9.950909949903804e-06
495403620,9628223555,57,5.02,6,2,True,0.7871055425316781,1.5184991833009143,1.1989958639274152,1.1989958639274152,1.0596987591782245,1.0994979319637075,1.1392971047491907,1.0994979319637075,2.9251764836414575,1.8143865620808328,潜力词,5.550396438724121e-05
495403620,9628223555,62,5.88,7,10,True,0.7871055425316781,1.51247339289099,1.2161652475035165,1.2161652475035165,1.0648495742510549,1.1080826237517583,1.1513156732524616,1.1080826237517583,2.9251764836414575,2.2267607912754444,潜力词,6.501261167270484e-05
495403620,9628223555,104,210.57,164,201,True,0.7871055425316781,0.9894967687926237,0.9898839802619164,0.9898839802619164,0.9969651940785749,0.9949419901309582,0.9929187861833415,0.9949419901309582,2.9251764836414575,1.3046593713321608,重点词,0.00232818123127916
495403620,9628223555,149,1.23,1,1,True,0.7871055425316781,1.0329086585597003,1.004357120562802,1.004357120562802,1.0013071361688406,1.002178560281401,1.0030499843939613,1.002178560281401,2.9251764836414575,2.7112679854590733,潜力词,1.3599576931535197e-05
495403620,9628223555,175,6.73,4,2,True,0.7871055425316781,0.7551130163616234,0.8885673157615771,0.8885673157615771,0.966570194728473,0.9442836578807885,0.9219971210331039,0.9442836578807885,2.9251764836414575,2.1167843224276384,潜力词,7.441069329205845e-05
495403620,9628223555,190,4.14,3,2,True,0.7871055425316781,0.9206359782814723,0.9730682745971555,0.9730682745971555,0.9919204823791465,0.9865341372985778,0.9811477922180089,0.9865341372985778,2.9251764836414575,2.309219260830151,潜力词,4.577418576955749e-05
495403620,9628223555,235,46.26,36,60,True,0.7871055425316781,0.9886985603334097,0.9903754676182535,0.9903754676182535,0.997112640285476,0.9951877338091267,0.9932628273327774,0.9951877338091267,2.9251764836414575,1.895486633389356,重点词,0.0005114767714250554
495403620,9628223555,306,0.65,2,2,True,0.7871055425316781,3.909162000087481,1.2171016417975733,1.2171016417975733,1.065130492539272,1.1085508208987866,1.1519711492583014,1.1085508208987866,2.9251764836414575,2.540141186913166,黄金词,7.186768297152747e-06
495403620,9628223555,400,79.42,60,80,True,0.7871055425316781,0.9598169101196913,0.9635191929778908,0.9635191929778908,0.9890557578933672,0.9817595964889454,0.9744634350845236,0.9817595964889454,2.9251764836414575,1.5206089980754656,重点词,0.0008781125202459556
495403620,9628223555,444,11427.64,6746,61262,True,0.7871055425316781,0.7499923192445509,0.7501685272516593,0.7501685272516593,0.9250505581754978,0.8750842636258296,0.8251179690761615,0.8750842636258296,2.9251764836414575,9.073941577120097,重点词,0.12635046286657634
495403620,9628223555,523,9.83,10,24,True,0.7871055425316781,1.2924492879231246,1.160691811083528,1.160691811083528,1.0482075433250584,1.0803459055417641,1.1124842677584696,1.0803459055417641,2.9251764836414575,2.6334117705073146,重点词,0.00010868604978617155
495403620,9628223555,524,8.95,6,14,True,0.7871055425316781,0.8517168603542559,0.9219791828436562,0.9219791828436562,0.9765937548530967,0.960989591421828,0.9453854279905594,0.960989591421828,2.9251764836414575,2.6715294192236905,重点词,9.895627116848782e-05
495403620,9628223555,528,1.27,1,0,True,0.7871055425316781,1.0003761023845916,1.0000511950727151,1.0000511950727151,1.0000153585218146,1.0000255975363577,1.0000358365509006,1.0000255975363577,2.9251764836414575,2.600156874347962,黄金词,1.4041839595975367e-05
495403620,9628223555,552,0.94,1,1,True,0.7871055425316781,1.3515719681153526,1.036719738892048,1.036719738892048,1.0110159216676142,1.0183598694460239,1.0257038172244335,1.0183598694460239,2.9251764836414575,2.7112679854590733,潜力词,1.0393172614343971e-05
495403620,9628223555,570,4.51,4,2,True,0.7871055425316781,1.1268094457014914,1.0454980588793736,1.0454980588793736,1.013649417663812,1.0227490294396868,1.0318486412155616,1.0227490294396868,2.9251764836414575,2.1167843224276384,潜力词,4.986511541562906e-05
495403620,9628223555,646,4.58,6,4,True,0.7871055425316781,1.664381200910609,1.2407330617223566,1.2407330617223566,1.072219918516707,1.1203665308611783,1.1685131432056497,1.1203665308611783,2.9251764836414575,1.9572437049379758,潜力词,5.0639075078399356e-05
495403620,9628223555,652,2.01,4,7,True,0.7871055425316781,2.528313731399864,1.3050556703191387,1.3050556703191387,1.0915167010957416,1.1525278351595694,1.213538969223397,1.1525278351595694,2.9251764836414575,2.533450989094305,黄金词,2.222369888811849e-05
495403620,9628223555,665,893.04,602,734,True,0.7871055425316781,0.8564314535934737,0.8577156201499454,0.8577156201499454,0.9573146860449835,0.9288578100749727,0.9004009341049618,0.9288578100749727,2.9251764836414575,1.241641658801855,重点词,0.009873956246291213
495403620,9628223555,700,111.9,117,191,True,0.7871055425316781,1.328381457134285,1.3063178147159593,1.3063178147159593,1.0918953444147879,1.1531589073579798,1.2144224703011715,1.1531589073579798,2.9251764836414575,1.7152112949530534,重点词,0.0012372298037713729
495403620,9628223555,703,1.38,1,1,True,0.7871055425316781,0.9206359782814723,0.9883980561470794,0.9883980561470794,0.9965194168441238,0.9941990280735398,0.9918786393029556,0.9941990280735398,2.9251764836414575,2.7112679854590733,潜力词,1.5258061923185831e-05
495403620,9628223555,711,0.81,1,0,True,0.7871055425316781,1.5684909259610265,1.051914052990804,1.051914052990804,1.0155742158972412,1.0259570264954019,1.0363398370935628,1.0259570264954019,2.9251764836414575,2.600156874347962,黄金词,8.955818954913424e-06
495403620,9628223555,734,1.77,1,1,True,0.7871055425316781,0.7177839830669105,0.9491838911524346,0.9491838911524346,0.9847551673457303,0.9745919455762173,0.9644287238067042,0.9745919455762173,2.9251764836414575,2.7112679854590733,潜力词,1.9570122901477482e-05
495403620,9628223555,755,5.73,7,13,True,0.7871055425316781,1.5520669372075078,1.2293940210441638,1.2293940210441638,1.068818206313249,1.114697010522082,1.1605758147309146,1.114697010522082,2.9251764836414575,2.426760791275444,潜力词,6.335412668105421e-05
495403620,9628223555,859,32.11,16,41,True,0.7871055425316781,0.6330626720789444,0.7066876375517775,0.7066876375517775,0.9120062912655332,0.8533438187758888,0.7946813462862443,0.8533438187758888,2.9251764836414575,2.683392161213819,重点词,0.0003550263538793457
495403620,9628223555,875,1047.58,1054,1220,True,0.7871055425316781,1.278263658269504,1.2761390655242004,1.2761390655242004,1.0828417196572602,1.1380695327621002,1.1932973458669403,1.1380695327621002,2.9251764836414575,1.1708111222873179,重点词,0.011582638050355806
495403620,9628223555,909,5.4,2,0,True,0.7871055425316781,0.4705472777883079,0.7875895468095738,0.7875895468095738,0.936276864042872,0.8937947734047869,0.8513126827667017,0.8937947734047869,2.9251764836414575,2.340141186913166,黄金词,5.970545969942283e-05
495403620,9628223555,958,0.37,1,1,True,0.7871055425316781,3.43372337845522,1.1068182265751403,1.1068182265751403,1.0320454679725422,1.0534091132875703,1.0747727586025984,1.0534091132875703,2.9251764836414575,2.7112679854590733,潜力词,4.0909296460715635e-06
495403620,9628223555,1018,102.67,67,256,True,0.7871055425316781,0.829083496171276,0.841524451836945,0.841524451836945,0.9524573355510835,0.9207622259184725,0.8890671162858615,0.9207622259184725,2.9251764836414575,3.725352158255089,重点词,0.0011351776939518038
495403620,9628223555,1040,5.45,6,29,True,0.7871055425316781,1.398690990856989,1.160833893424914,1.160833893424914,1.048250168027474,1.080416946712457,1.1125837253974398,1.080416946712457,2.9251764836414575,3.7429579906522616,黄金词,6.025828802997303e-05
495403620,9628223555,1049,1.61,1,1,True,0.7871055425316781,0.7891165528126903,0.9648891054838089,0.9648891054838089,0.9894667316451426,0.9824445527419045,0.9754223738386663,0.9824445527419045,2.9251764836414575,2.7112679854590733,潜力词,1.7801072243716805e-05
495403620,9628223555,1092,24.51,26,46,True,0.7871055425316781,1.3477119094548842,1.2616646883862208,1.2616646883862208,1.0784994065158662,1.1308323441931103,1.1831652818703544,1.1308323441931103,2.9251764836414575,2.041217996150931,重点词,0.0002709964476357136
495403620,9628223555,1094,2.51,3,3,True,0.7871055425316781,1.5184991833009143,1.1231251608406145,1.1231251608406145,1.0369375482521843,1.0615625804203073,1.0861876125884302,1.0615625804203073,2.9251764836414575,2.4001283517392418,潜力词,2.7751982193620604e-05
495403620,9628223555,1164,18.53,13,78,True,0.7871055425316781,0.8913226902520026,0.9242651165990826,0.9242651165990826,0.9772795349797248,0.9621325582995413,0.9469855816193579,0.9621325582995413,2.9251764836414575,4.828638660434841,重点词,0.0002048781793019083
495403620,9628223555,1241,3.09,4,10,True,0.7871055425316781,1.644631262172727,1.1786466905931594,1.1786466905931594,1.0535940071779477,1.0893233452965796,1.1250526834152117,1.0893233452965796,2.9251764836414575,2.7834509890943053,黄金词,3.416479082800306e-05
495403620,9628223555,1257,212.08,164,241,True,0.7871055425316781,0.9824515965893189,0.9830940974137492,0.9830940974137492,0.9949282292241247,0.9915470487068746,0.9881658681896245,0.9915470487068746,2.9251764836414575,1.5372175108670445,重点词,0.0023448766468617765
495403620,9628223555,1270,3.53,4,1,True,0.7871055425316781,1.439634730910404,1.1339008283100713,1.1339008283100713,1.0401702484930213,1.0669504141550357,1.0937305798170498,1.0669504141550357,2.9251764836414575,2.033450989094305,潜力词,3.902968013684492e-05
495403620,9628223555,1285,2.38,1,1,True,0.7871055425316781,0.5338141386674082,0.8937239128379724,0.8937239128379724,0.9681171738513916,0.9468619564189862,0.9256067389865806,0.9468619564189862,2.9251764836414575,2.7112679854590733,潜力词,2.6314628534190056e-05
495403620,9628223555,1316,45.15,213,54,True,0.7871055425316781,5.993615491828481,5.237206154032248,2.782,1.5346,1.891,2.2474,1.891,2.9251764836414575,0.35023263289199846,重点词,0.0004992039824868408
495403620,9628223555,1318,1364.38,1278,1396,True,0.7871055425316781,1.1900426836631548,1.188926610078645,1.188926610078645,1.0566779830235935,1.0944633050393224,1.1322486270550516,1.0944633050393224,2.9251764836414575,1.103733601764488,重点词,0.015085358352721947
495403620,9628223555,1327,1.34,1,1,True,0.7871055425316781,0.9481176492749488,0.9926040053221735,0.9926040053221735,0.9977812015966521,0.9963020026610867,0.9948228037255215,0.9963020026610867,2.9251764836414575,2.7112679854590733,潜力词,1.4815799258745664e-05
495403620,9628223555,1332,7.5,5,6,True,0.7871055425316781,0.8469851000189543,0.9262460315001387,0.9262460315001387,0.9778738094500415,0.9631230157500694,0.9483722220500971,0.9631230157500694,2.9251764836414575,2.2616470668562814,潜力词,8.292424958253169e-05
495403620,9628223555,1339,1.29,1,1,True,0.7871055425316781,0.9848663953708771,0.997912048131383,0.997912048131383,0.9993736144394149,0.9989560240656915,0.9985384336919682,0.9989560240656915,2.9251764836414575,2.7112679854590733,潜力词,1.4262970928195451e-05
495403620,9628223555,1373,0.49,1,1,True,0.7871055425316781,2.5928115306702684,1.09128393567584,1.09128393567584,1.0273851807027519,1.0456419678379199,1.063898754973088,1.0456419678379199,2.9251764836414575,2.7112679854590733,潜力词,5.41771763939207e-06
495403620,9628223555,1439,5.2,9,3,True,0.7871055425316781,2.198903625049208,1.4701582843330228,1.4701582843330228,1.1410474852999068,1.2350791421665113,1.329110799033116,1.2350791421665113,2.9251764836414575,1.55302422759598,黄金词,5.749414637722198e-05
495403620,9628223555,1465,0.97,1,6,True,0.7871055425316781,1.3097707732251873,1.0332754872678218,1.0332754872678218,1.0099826461803465,1.016637743633911,1.0232928410874753,1.016637743633911,2.9251764836414575,3.266823541014629,黄金词,1.07248696126741e-05
495403620,9628223555,1475,0.64,1,1,True,0.7871055425316781,1.9851213281694242,1.0724686954055669,1.0724686954055669,1.02174060862167,1.0362343477027833,1.0507280867838968,1.0362343477027833,2.9251764836414575,2.7112679854590733,潜力词,7.076202631042705e-06
495403620,9628223555,1531,3.87,9,16,True,0.7871055425316781,2.9545991861126315,1.6340569027875846,1.6340569027875846,1.1902170708362754,1.3170284513937922,1.4438398319513093,1.3170284513937922,2.9251764836414575,2.3177301099489216,黄金词,4.278891278458636e-05
495403620,9628223555,1647,1.1,1,0,True,0.7871055425316781,1.1549796818440285,1.018611097164676,1.018611097164676,1.0055833291494027,1.0093055485823381,1.0130277680152733,1.0093055485823381,2.9251764836414575,2.600156874347962,黄金词,1.216222327210465e-05
495403620,9628223555,1655,968.54,714,783,True,0.7871055425316781,0.9365860389042271,0.9371094021301456,0.9371094021301456,0.9811328206390436,0.9685547010650728,0.9559765814911019,0.9685547010650728,2.9251764836414575,1.11689946242262,重点词,0.010708727025422032
495403620,9628223555,1666,16.26,12,31,True,0.7871055425316781,0.9376218819398017,0.958294893106134,0.958294893106134,0.9874884679318401,0.979147446553067,0.9708064251742938,0.979147446553067,2.9251764836414575,2.720070593456583,重点词,0.00017977977309492873
495403620,9628223555,1676,270.03,159,450,True,0.7871055425316781,0.7480870508999764,0.7553883503704578,0.7553883503704578,0.9266165051111372,0.877694175185229,0.8287718452593205,0.877694175185229,2.9251764836414575,2.834738993228333,重点词,0.0029856046819694707
495403620,9628223555,1719,5.28,6,5,True,0.7871055425316781,1.4437246023050356,1.17562712894832,1.17562712894832,1.052688138684496,1.08781356447416,1.122938990263824,1.08781356447416,2.9251764836414575,2.0286722763665472,潜力词,5.8378671706102316e-05
495403620,9628223555,1735,62.35,65,76,True,0.7871055425316781,1.3244754972229036,1.2873320160751038,1.2873320160751038,1.086199604822531,1.143666008037552,1.2011324112525728,1.143666008037552,2.9251764836414575,1.3616631762894749,重点词,0.0006893769281961135
495403620,9628223555,1752,4.32,2,9,True,0.7871055425316781,0.5881840972353849,0.8562968739949002,0.8562968739949002,0.95688906219847,0.9281484369974501,0.8994078117964301,0.9281484369974501,2.9251764836414575,3.240141186913166,黄金词,4.776436775953826e-05
495403620,9628223555,1764,12.51,20,178,True,0.7871055425316781,2.0311393285826242,1.627105153163278,1.627105153163278,1.1881315459489834,1.313552576581639,1.4389736072142947,1.313552576581639,2.9251764836414575,7.192907566754703,重点词,0.00013831764830366287
495403620,9628223555,1802,217.36,110,329,True,0.7871055425316781,0.6429542763301779,0.6557206170842315,0.6557206170842315,0.8967161851252694,0.8278603085421157,0.7590044319589621,0.8278603085421157,2.9251764836414575,2.986452642958743,重点词,0.0024032553185678786
495403620,9628223555,1921,1.63,1,1,True,0.7871055425316781,0.7794341411217371,0.9628975903022117,0.9628975903022117,0.9888692770906635,0.9814487951511058,0.9740283132115481,0.9814487951511058,2.9251764836414575,2.7112679854590733,潜力词,1.8022203575936888e-05
495403620,9628223555,2006,4.41,2,2,True,0.7871055425316781,0.5761803401489485,0.8501167040943757,0.8501167040943757,0.9550350112283126,0.9250583520471878,0.895081692866063,0.9250583520471878,2.9251764836414575,2.540141186913166,潜力词,4.875945875452864e-05
495403620,9628223555,2043,1.63,2,0,True,0.7871055425316781,1.5588682822434743,1.0940098348871892,1.0940098348871892,1.0282029504661567,1.0470049174435947,1.0658068844210324,1.0470049174435947,2.9251764836414575,2.340141186913166,黄金词,1.8022203575936888e-05
495403620,9628223555,2093,2.33,2,2,True,0.7871055425316781,1.0905387553892116,1.020303686242239,1.020303686242239,1.0060911058726716,1.0101518431211196,1.0142125803695672,1.0101518431211196,2.9251764836414575,2.540141186913166,潜力词,2.5761800203639847e-05
495403620,9628223555,2176,17.75,10,27,True,0.7871055425316781,0.715762056354046,0.8045244672717674,0.8045244672717674,0.9413573401815302,0.9022622336358836,0.8631671270902372,0.9022622336358836,2.9251764836414575,2.8000784371739815,重点词,0.000196254057345325
495403620,9628223555,2178,1.35,4,1,True,0.7871055425316781,3.7643782223064632,1.3965898618611825,1.3965898618611825,1.1189769585583547,1.1982949309305913,1.2776129033028276,1.1982949309305913,2.9251764836414575,2.033450989094305,潜力词,1.4926364924855707e-05
495403620,9628223555,2186,2.48,3,3,True,0.7871055425316781,1.536868125034393,1.1263219117727983,1.1263219117727983,1.0378965735318395,1.0631609558863993,1.0884253382409588,1.0631609558863993,2.9251764836414575,2.4001283517392418,潜力词,2.742028519529048e-05
495403620,9628223555,2188,5.13,3,3,True,0.7871055425316781,0.7429693859815388,0.9000328241156402,0.9000328241156402,0.9700098472346921,0.9500164120578201,0.9300229768809481,0.9500164120578201,2.9251764836414575,2.4001283517392418,潜力词,5.672018671445168e-05
495403620,9628223555,2226,43.74,46,78,True,0.7871055425316781,1.3361218998927262,1.2838218513765993,1.2838218513765993,1.0851465554129798,1.1419109256882995,1.1986752959636195,1.1419109256882995,2.9251764836414575,1.8778039235024382,重点词,0.0004836142235653249
495403620,9628223555,2354,2.88,2,81,True,0.7871055425316781,0.8822761458530773,0.9690087111569344,0.9690087111569344,0.9907026133470802,0.9845043555784672,0.9783060978098541,0.9845043555784672,2.9251764836414575,10.440141186913166,黄金词,3.184291183969217e-05
495403620,9628223555,2370,1.26,1,1,True,0.7871055425316781,1.00831559526066,1.0011242113764411,1.0011242113764411,1.0003372634129324,1.0005621056882206,1.0007869479635088,1.0005621056882206,2.9251764836414575,2.7112679854590733,潜力词,1.3931273929865325e-05
495403620,9628223555,2432,3.85,3,4,True,0.7871055425316781,0.9899825844377389,0.9967617926184127,0.9967617926184127,0.9990285377855237,0.9983808963092063,0.9977332548328889,0.9983808963092063,2.9251764836414575,2.4910374426483326,潜力词,4.256778145236627e-05
495403620,9628223555,2534,6.02,7,6,True,0.7871055425316781,1.4772995930563158,1.204072695326635,1.204072695326635,1.0612218085979905,1.1020363476633175,1.1428508867286444,1.1020363476633175,2.9251764836414575,1.9600941246087773,潜力词,6.656053099824544e-05
495403620,9628223555,2541,21686.91,29926,87461,True,0.7871055425316781,1.7531457526568257,1.7528659479478812,1.7528659479478812,1.2258597843843644,1.3764329739739405,1.5270061635635168,1.3764329739739405,2.9251764836414575,2.9225763817688626,重点词,0.23978276500185366
495403620,9628223555,2547,2.17,2,2,True,0.7871055425316781,1.170947142883347,1.0362615151570738,1.0362615151570738,1.010878454547122,1.018130757578537,1.0253830606099517,1.018130757578537,2.9251764836414575,2.540141186913166,潜力词,2.399274954587917e-05
495403620,9628223555,2551,2.83,2,16,True,0.7871055425316781,0.8978640636243332,0.9734577869657359,0.9734577869657359,0.9920373360897208,0.986728893482868,0.9814204508760151,0.986728893482868,2.9251764836414575,3.9401411869131664,黄金词,3.129008350914196e-05
495403620,9628223555,2584,115.98,262,182,True,0.7871055425316781,2.870021937467228,2.748509709024904,2.748509709024904,1.5245529127074713,1.874254854512452,2.2239567963174327,1.874254854512452,2.9251764836414575,0.7607459698856728,重点词,0.0012823405955442702
495403620,9628223555,2633,60.22,42,105,True,0.7871055425316781,0.8860853753104305,0.8995322393262173,0.8995322393262173,0.9698596717978651,0.9497661196631086,0.9296725675283521,0.9497661196631086,2.9251764836414575,2.568028237382633,重点词,0.0006658264413146745
495403620,9628223555,2682,6.07,4,26,True,0.7871055425316781,0.8372175617979778,0.9300715215933282,0.9300715215933282,0.9790214564779984,0.9650357607966641,0.9510500651153297,0.9650357607966641,2.9251764836414575,4.116784322427638,黄金词,6.711335932879566e-05
495403620,9628223555,2690,5.24,9,8,True,0.7871055425316781,2.1821181011938706,1.4657367556583372,1.4657367556583372,1.139721026697501,1.2328683778291687,1.326015728960836,1.2328683778291687,2.9251764836414575,1.8471418746548036,潜力词,5.793640904166214e-05
495403620,9628223555,2723,340.06,332,721,True,0.7871055425316781,1.2403651702918286,1.2348000109428912,1.2348000109428912,1.0704400032828674,1.1174000054714455,1.1643600076600238,1.1174000054714455,2.9251764836414575,2.189415917262152,重点词,0.003759896041738097
495403620,9628223555,2738,2.73,2,2,True,0.7871055425316781,0.930752857163686,0.9824796385594868,0.9824796385594868,0.9947438915678459,0.9912398192797434,0.9877357469916408,0.9912398192797434,2.9251764836414575,2.540141186913166,潜力词,3.0184426848041536e-05
495403620,9628223555,2748,43.02,39,182,True,0.7871055425316781,1.1517579811973226,1.1278118314625845,1.1278118314625845,1.0383435494387752,1.0639059157312922,1.089468282023809,1.0639059157312922,2.9251764836414575,4.370242805726206,重点词,0.00047565349560540186
495403620,9628223555,2780,95.7,65,179,True,0.7871055425316781,0.8629158542512858,0.8735644492275255,0.8735644492275255,0.9620693347682576,0.9367822246137627,0.9114951144592679,0.9367822246137627,2.9251764836414575,2.772622080399064,重点词,0.0010581134246731045
495403620,9628223555,2795,3.49,4,4,True,0.7871055425316781,1.456134842439463,1.137827757585604,1.137827757585604,1.0413483272756812,1.0689138787928019,1.0964794303099228,1.0689138787928019,2.9251764836414575,2.283450989094305,潜力词,3.858741747240475e-05
495403620,9628223555,2813,5.37,11,3,True,0.7871055425316781,2.6024681844157813,1.6407486336792814,1.6407486336792814,1.1922245901037845,1.3203743168396407,1.448524043575497,1.3203743168396407,2.9251764836414575,1.3895479931121926,潜力词,5.9373762701092694e-05
495403620,9628223555,2834,1.88,1,1,True,0.7871055425316781,0.6757859840576763,0.9386798440672466,0.9386798440672466,0.9816039532201739,0.9693399220336233,0.9570758908470726,0.9693399220336233,2.9251764836414575,2.7112679854590733,潜力词,2.0786345228687943e-05
495403620,9628223555,2843,150.65,108,141,True,0.7871055425316781,0.9107971204983113,0.9153272396387789,0.9153272396387789,0.9745981718916337,0.9576636198193895,0.9407290677471453,0.9576636198193895,2.9251764836414575,1.4172535505959627,重点词,0.0016656717599477866
495403620,9628223555,2854,4.83,6,5,True,0.7871055425316781,1.5782331056253807,1.2166691931862366,1.2166691931862366,1.065000757955871,1.1083345965931182,1.1516684352303654,1.1083345965931182,2.9251764836414575,2.0286722763665472,潜力词,5.340321673115041e-05
495403620,9628223555,2874,5435.94,1915,10266,True,0.7871055425316781,0.44757019021630967,0.4483880785827418,0.4483880785827418,0.8345164235748225,0.7241940392913709,0.6138716550079193,0.7241940392913709,2.9251764836414575,5.35070276228244,重点词,0.06010283270342231
495403620,9628223555,2890,6.51,6,19,True,0.7871055425316781,1.170947142883347,1.0763806383095806,1.0763806383095806,1.022914191492874,1.0381903191547903,1.0534664468167065,1.0381903191547903,2.9251764836414575,3.0286722763665472,黄金词,7.19782486376375e-05
495403620,9628223555,2955,3.09,3,3,True,0.7871055425316781,1.2334734466295452,1.0647025067341072,1.0647025067341072,1.019410752020232,1.0323512533670536,1.0452917547138751,1.0323512533670536,2.9251764836414575,2.4001283517392418,潜力词,3.416479082800306e-05
495403620,9628223555,2993,22.18,15,23,True,0.7871055425316781,0.8592049030850528,0.8967316385723039,0.8967316385723039,0.9690194915716911,0.9483658192861519,0.9277121470006127,0.9483658192861519,2.9251764836414575,2.0174526899622465,重点词,0.0002452346474320737
495403620,9628223555,2996,74.77,50,316,True,0.7871055425316781,0.8495905109191063,0.8642265181869078,0.8642265181869078,0.9592679554560724,0.9321132590934539,0.9049585627308354,0.9321132590934539,2.9251764836414575,5.85174848050227,重点词,0.000826699485504786
495403620,9628223555,2997,184.97,118,214,True,0.7871055425316781,0.8104901481502671,0.8184031637743093,0.8184031637743093,0.9455209491322927,0.9092015818871546,0.8728822146420165,0.9092015818871546,2.9251764836414575,1.8841381894375528,重点词,0.0020451331260374515
495403620,9628223555,3008,45.41,54,204,True,0.7871055425316781,1.5108080401130874,1.4338094838514177,1.4338094838514177,1.1301428451554252,1.2169047419257089,1.3036666386959923,1.2169047419257089,2.9251764836414575,3.6677647075666395,重点词,0.0005020786898057019
495403620,9628223555,3070,9.57,8,14,True,0.7871055425316781,1.0620502821554285,1.0336824276929921,1.0336824276929921,1.0101047283078977,1.016841213846496,1.0235776993850945,1.016841213846496,2.9251764836414575,2.337588241820729,重点词,0.00010581134246731044
495403620,9628223555,3093,0.32,1,0,True,0.7871055425316781,3.9702426563388484,1.1134221539413403,1.1134221539413403,1.0340266461824021,1.0567110769706702,1.0793955077589383,1.0567110769706702,2.9251764836414575,2.600156874347962,黄金词,3.5381013155213524e-06
495403620,9628223555,3135,2.7,2,22,True,0.7871055425316781,0.9410945555766158,0.9852188940573292,0.9852188940573292,0.9955656682171987,0.9926094470286646,0.9896532258401305,0.9926094470286646,2.9251764836414575,4.540141186913166,黄金词,2.9852729849711413e-05
495403620,9628223555,3153,0.72,1,1,True,0.7871055425316781,1.7645522917061547,1.062696771073853,1.062696771073853,1.0188090313221558,1.0313483855369265,1.043887739751697,1.0313483855369265,2.9251764836414575,2.7112679854590733,潜力词,7.960727959923042e-06
495403620,9628223555,3165,53.44,53,64,True,0.7871055425316781,1.2600171304548442,1.2259400886423881,1.2259400886423881,1.0677820265927163,1.112970044321194,1.1581580620496716,1.112970044321194,2.9251764836414575,1.4328100306415026,重点词,0.0005908629196920658
495403620,9628223555,3222,1.65,1,1,True,0.7871055425316781,0.7699864545626858,0.9609142790966457,0.9609142790966457,0.9882742837289937,0.9804571395483228,0.972639995367652,0.9804571395483228,2.9251764836414575,2.7112679854590733,潜力词,1.824333490815697e-05
495403620,9628223555,3327,22.08,13,59,True,0.7871055425316781,0.7480167323536961,0.8154017734031059,0.8154017734031059,0.9446205320209318,0.907700886701553,0.8707812413821742,0.907700886701553,2.9251764836414575,3.9238767556729366,重点词,0.0002441289907709733
495403620,9628223555,3353,0.8,1,1,True,0.7871055425316781,1.5880970625355393,1.0531013149016288,1.0531013149016288,1.0159303944704887,1.0265506574508145,1.0371709204311403,1.0265506574508145,2.9251764836414575,2.7112679854590733,潜力词,8.845253288803381e-06
495403620,9628223555,3374,2398.88,445,3848,True,0.7871055425316781,0.23567771387591374,0.2382371618165189,0.2382371618165189,0.7714711485449557,0.6191185809082594,0.4667660132715633,0.6191185809082594,2.9251764836414575,8.546139982051063,重点词,0.026523376511805818
495403620,9628223555,3379,31.79,21,74,True,0.7871055425316781,0.8392585923434118,0.8717699034026867,0.8717699034026867,0.961530971020806,0.9358849517013433,0.9102389323818807,0.9358849517013433,2.9251764836414575,3.3586693747976435,重点词,0.00035148825256382435
495403620,9628223555,3382,1533.0,276,1485,True,0.7871055425316781,0.22873570215776065,0.23276954265755204,0.23276954265755204,0.7698308627972655,0.616384771328776,0.4629386798602865,0.616384771328776,2.9251764836414575,5.311272577003985,重点词,0.01694971661466948
495403620,9628223555,3393,298.34,124,269,True,0.7871055425316781,0.5280526533603457,0.5404674562778248,0.5404674562778248,0.8621402368833474,0.7702337281389124,0.6783272193944774,0.7702337281389124,2.9251764836414575,2.2151622111297855,重点词,0.0032986160827270005
495403620,9628223555,3416,4.17,3,2,True,0.7871055425316781,0.9140126978621809,0.9706813532367372,0.9706813532367372,0.9912044059710211,0.9853406766183685,0.9794769472657161,0.9853406766183685,2.9251764836414575,2.309219260830151,潜力词,4.6105882767887624e-05
495403620,9628223555,3417,6.95,6,10,True,0.7871055425316781,1.096815237434617,1.0448278414504055,1.0448278414504055,1.0134483524351217,1.0224139207252028,1.0313794890152839,1.0224139207252028,2.9251764836414575,2.3858151335094044,黄金词,7.684313794647938e-05
495403620,9628223555,3451,2.63,3,3,True,0.7871055425316781,1.449214049462089,1.1105175818601771,1.1105175818601771,1.033155274558053,1.0552587909300886,1.0773623073021241,1.0552587909300886,2.9251764836414575,2.4001283517392418,潜力词,2.907877018694111e-05
495403620,9628223555,3567,1.35,2,2,True,0.7871055425316781,1.8821891111532316,1.1265627311431312,1.1265627311431312,1.0379688193429393,1.0632813655715656,1.0885939118001917,1.0632813655715656,2.9251764836414575,2.540141186913166,潜力词,1.4926364924855707e-05
495403620,9628223555,3575,160.27,44,142,True,0.7871055425316781,0.3487927659652522,0.3799739594917779,0.3799739594917779,0.8139921878475334,0.689986979745889,0.5659817716442446,0.689986979745889,2.9251764836414575,3.180796382098686,重点词,0.0017720359307456474
495403620,9628223555,3659,5.77,7,6,True,0.7871055425316781,1.541307374384579,1.2258382899637759,1.2258382899637759,1.0677514869891327,1.112919144981888,1.1580868029746432,1.112919144981888,2.9251764836414575,1.9600941246087773,潜力词,6.379638934549437e-05
495403620,9628223555,3677,6.93,10,9,True,0.7871055425316781,1.833301082292109,1.3852419279709351,1.3852419279709351,1.1155725783912804,1.1926209639854677,1.2696693495796545,1.1926209639854677,2.9251764836414575,1.8000784371739813,潜力词,7.662200661425928e-05
495403620,9628223555,3769,1.24,3,3,True,0.7871055425316781,3.073736250068786,1.2764981666758384,1.2764981666758384,1.0829494500027514,1.1382490833379193,1.193548716673087,1.1382490833379193,2.9251764836414575,2.4001283517392418,潜力词,1.371014259764524e-05
495403620,9628223555,3922,2.35,2,2,True,0.7871055425316781,1.081257574492282,1.018343448612571,1.018343448612571,1.0055030345837712,1.0091717243062854,1.0128404140287999,1.0091717243062854,2.9251764836414575,2.540141186913166,潜力词,2.598293153585993e-05
495403620,9628223555,3923,14.78,15,143,True,0.7871055425316781,1.2893886840613311,1.1872664076368857,1.1872664076368857,1.0561799222910657,1.0936332038184429,1.13108648534582,1.0936332038184429,2.9251764836414575,7.234843994310072,重点词,0.00016341605451064244
495403620,9628223555,3973,4.8,7,35,True,0.7871055425316781,1.8527799062914627,1.318300431586238,1.318300431586238,1.0954901294758714,1.159150215793119,1.2228103021103667,1.159150215793119,2.9251764836414575,3.893427457942111,黄金词,5.3071519732820285e-05
495403620,9628223555,3989,106.06,63,407,True,0.7871055425316781,0.7546680365056683,0.7719951976147142,0.7719951976147142,0.9315985592844143,0.8859975988073572,0.8403966383303,0.8859975988073572,2.9251764836414575,6.061991716466643,重点词,0.0011726594547631082
495403620,9628223555,4002,26.24,17,59,True,0.7871055425316781,0.8230990872897613,0.8646682230461615,0.8646682230461615,0.9594004669138484,0.9323341115230808,0.905267756132313,0.9323341115230808,2.9251764836414575,3.2960564747652668,重点词,0.0002901243078727509
495403620,9628223555,4016,48.68,27,55,True,0.7871055425316781,0.7046609809114144,0.7466143205986543,0.7466143205986543,0.9239842961795962,0.8733071602993272,0.822630024419058,0.8733071602993272,2.9251764836414575,2.2400403391180475,重点词,0.0005382336626236857
495403620,9628223555,4047,50.95,36,52,True,0.7871055425316781,0.8976878390779889,0.9116623521610494,0.9116623521610494,0.9734987056483148,0.9558311760805247,0.9381636465127345,0.9558311760805247,2.9251764836414575,1.7136684515711742,重点词,0.0005633320688306654
495403620,9628223555,4052,1.19,1,1,True,0.7871055425316781,1.0676282773348165,1.0087002864895602,1.0087002864895602,1.002610085946868,1.0043501432447801,1.0060902005426922,1.0043501432447801,2.9251764836414575,2.7112679854590733,潜力词,1.3157314267095028e-05
495403620,9628223555,4163,0.49,2,2,True,0.7871055425316781,5.185623061340537,1.2398778128721477,1.2398778128721477,1.0719633438616443,1.1199389064360739,1.1679144690105034,1.1199389064360739,2.9251764836414575,2.540141186913166,潜力词,5.41771763939207e-06
495403620,9628223555,4171,1.68,2,1,True,0.7871055425316781,1.51247339289099,1.088393767972984,1.088393767972984,1.026518130391895,1.044196883986492,1.061875637581089,1.044196883986492,2.9251764836414575,2.440141186913166,潜力词,1.85750319064871e-05
495403620,9628223555,4188,1533.24,434,1683,True,0.7871055425316781,0.35962230316997945,0.36297106346093516,0.36297106346093516,0.8088913190382805,0.6814855317304676,0.5540797444226546,0.6814855317304676,2.9251764836414575,3.8606366784369492,重点词,0.01695237019065612
495403620,9628223555,4189,19.42,15,28,True,0.7871055425316781,0.9813164135132065,0.9867963882979065,0.9867963882979065,0.9960389164893719,0.9933981941489533,0.9907574718085346,0.9933981941489533,2.9251764836414575,2.234843994310072,重点词,0.00021471852358570208
495403620,9628223555,4251,1.23,1,0,True,0.7871055425316781,1.0329086585597003,1.004357120562802,1.004357120562802,1.0013071361688406,1.002178560281401,1.0030499843939613,1.002178560281401,2.9251764836414575,2.600156874347962,黄金词,1.3599576931535197e-05
495403620,9628223555,4321,89.22,64,291,True,0.7871055425316781,0.9113491325019011,0.9186941776502839,0.9186941776502839,0.9756082532950852,0.959347088825142,0.9430859243551988,0.959347088825142,2.9251764836414575,4.366686275960162,重点词,0.000986466873033797
495403620,9628223555,4422,5.1,4,31,True,0.7871055425316781,0.9964530588458288,0.9986254255405568,0.9986254255405568,0.9995876276621669,0.9993127127702783,0.9990377978783898,0.9993127127702783,2.9251764836414575,4.533450989094305,黄金词,5.6388489716121546e-05
495403620,9628223555,4479,7.22,8,6,True,0.7871055425316781,1.4077314681755475,1.192658455512268,1.192658455512268,1.0577975366536803,1.0963292277561338,1.1348609188585876,1.0963292277561338,2.9251764836414575,1.8375882418207288,潜力词,7.982841093145051e-05
495403620,9628223555,4498,3.53,2,2,True,0.7871055425316781,0.719817365455202,0.914663960315519,0.914663960315519,0.9743991880946556,0.9573319801577596,0.9402647722208634,0.9573319801577596,2.9251764836414575,2.540141186913166,潜力词,3.902968013684492e-05
495403620,9628223555,4529,1.62,2,2,True,0.7871055425316781,1.5684909259610265,1.0951400103364528,1.0951400103364528,1.0285420031009358,1.0475700051682264,1.066598007235517,1.0475700051682264,2.9251764836414575,2.540141186913166,潜力词,1.7911637909826848e-05
495403620,9628223555,4560,15.29,8,17,True,0.7871055425316781,0.6647365075361316,0.7804634346992485,0.7804634346992485,0.9341390304097745,0.8902317173496243,0.846324404289474,0.8902317173496243,2.9251764836414575,2.525088241820729,重点词,0.0001690549034822546
495403620,9628223555,4581,3.58,2,2,True,0.7871055425316781,0.7097640502952131,0.9107349914138199,0.9107349914138199,0.9732204974241458,0.9553674957069099,0.9375144939896739,0.9553674957069099,2.9251764836414575,2.540141186913166,潜力词,3.958250846739513e-05
495403620,9628223555,4613,5.38,5,3,True,0.7871055425316781,1.1807413104353452,1.0723503162308152,1.0723503162308152,1.0217050948692445,1.0361751581154075,1.0506452213615707,1.0361751581154075,2.9251764836414575,2.030877836087051,潜力词,5.9484328367202734e-05
495403620,9628223555,4634,375.36,121,502,True,0.7871055425316781,0.40954762269139017,0.42195971950717287,0.42195971950717287,0.8265879158521519,0.7109798597535865,0.5953718036550211,0.7109798597535865,2.9251764836414575,4.072879161776214,重点词,0.004150192843106546
495403620,9628223555,4637,5.75,11,9,True,0.7871055425316781,2.4304789826630864,1.5956013142876717,1.5956013142876717,1.1786803942863013,1.2978006571438359,1.4169209200013702,1.2978006571438359,2.9251764836414575,1.7053374667964034,潜力词,6.357525801327429e-05
495403620,9628223555,4706,6.41,11,14,True,0.7871055425316781,2.180226856523049,1.5228233690610051,1.5228233690610051,1.1568470107183015,1.2614116845305026,1.3659763583427036,1.2614116845305026,2.9251764836414575,1.9684953615332454,潜力词,7.08725919765371e-05
495403620,9628223555,4717,1.77,3,3,True,0.7871055425316781,2.153351949200731,1.2076737487370597,1.2076737487370597,1.0623021246211177,1.1038368743685298,1.1453716241159417,1.1038368743685298,2.9251764836414575,2.4001283517392418,潜力词,1.9570122901477482e-05
495403620,9628223555,4762,0.97,2,1,True,0.7871055425316781,2.6195415464503746,1.1739706866065187,1.1739706866065187,1.0521912059819556,1.0869853433032595,1.1217794806245631,1.0869853433032595,2.9251764836414575,2.440141186913166,潜力词,1.07248696126741e-05
495403620,9628223555,4828,11.05,8,22,True,0.7871055425316781,0.9198028235499957,0.9536274830050996,0.9536274830050996,0.9860882449015298,0.9768137415025497,0.9675392381035697,0.9768137415025497,2.9251764836414575,2.837588241820729,重点词,0.0001221750610515967
495403620,9628223555,4865,61.99,63,65,True,0.7871055425316781,1.291177479461061,1.257674403308939,1.257674403308939,1.0773023209926818,1.1288372016544694,1.1803720823162573,1.1288372016544694,2.9251764836414575,1.245090308015939,重点词,0.000685396564216152
495403620,9628223555,4888,33.02,26,57,True,0.7871055425316781,1.0003761023845916,1.0003023101445767,1.0003023101445767,1.000090693043373,1.0001511550722884,1.0002116171012037,1.0001511550722884,2.9251764836414575,2.364747407915637,重点词,0.00036508782949535955
495403620,9628223555,4914,2.05,2,2,True,0.7871055425316781,1.2394903902716405,1.0485613550995911,1.0485613550995911,1.0145684065298772,1.0242806775497955,1.033992948569714,1.0242806775497955,2.9251764836414575,2.540141186913166,潜力词,2.2665961552558663e-05
495403620,9628223555,4931,0.81,2,1,True,0.7871055425316781,3.136981851922053,1.1951471589692066,1.1951471589692066,1.058544147690762,1.0975735794846033,1.1366030112784447,1.0975735794846033,2.9251764836414575,2.440141186913166,潜力词,8.955818954913424e-06
495403620,9628223555,5064,1.33,3,3,True,0.7871055425316781,2.865739060214507,1.2642633599664852,1.2642633599664852,1.0792790079899455,1.1321316799832426,1.1849843519765395,1.1321316799832426,2.9251764836414575,2.4001283517392418,潜力词,1.4705233592635622e-05
495403620,9628223555,5163,2.85,4,3,True,0.7871055425316781,1.7831265263556932,1.2045747571139989,1.2045747571139989,1.0613724271341995,1.1022873785569995,1.143202329979799,1.1022873785569995,2.9251764836414575,2.200117655760972,潜力词,3.1511214841362044e-05
495403620,9628223555,5249,371.71,111,99,True,0.7871055425316781,0.3793898984508243,0.392561337528388,0.392561337528388,0.8177684012585164,0.696280668764194,0.5747929362698716,0.696280668764194,2.9251764836414575,1.028583293017913,重点词,0.00410983637497638
495403620,9628223555,5313,11.64,18,32,True,0.7871055425316781,1.9646561598377805,1.5699795787061808,1.5699795787061808,1.1709938736118541,1.2849897893530904,1.3989857050943264,1.2849897893530904,2.9251764836414575,2.130823533428141,重点词,0.00012869843535208918
495403620,9628223555,5314,0.29,1,1,True,0.7871055425316781,4.380957413891143,1.1174224730572972,1.1174224730572972,1.0352267419171892,1.0587112365286486,1.082195731140108,1.0587112365286486,2.9251764836414575,2.7112679854590733,潜力词,3.206404317191225e-06
495403620,9628223555,5395,1.19,1,0,True,0.7871055425316781,1.0676282773348165,1.0087002864895602,1.0087002864895602,1.002610085946868,1.0043501432447801,1.0060902005426922,1.0043501432447801,2.9251764836414575,2.600156874347962,黄金词,1.3157314267095028e-05
495403620,9628223555,5406,6.44,8,5,True,0.7871055425316781,1.5782331056253807,1.2568152551881002,1.2568152551881002,1.07704457655643,1.1284076275940502,1.1797706786316702,1.1284076275940502,2.9251764836414575,1.7750882418207288,潜力词,7.120428897486722e-05
495403620,9628223555,5436,17.1,13,31,True,0.7871055425316781,0.9658602017760005,0.9767968779956123,0.9767968779956123,0.9930390633986836,0.9883984389978062,0.9837578145969287,0.9883984389978062,2.9251764836414575,2.590543422339603,重点词,0.0001890672890481723
495403620,9628223555,5495,1.56,9,18,True,0.7871055425316781,7.329678750164028,2.026434391918491,2.026434391918491,1.3079303175755472,1.5132171959592455,1.7185040743429436,1.5132171959592455,2.9251764836414575,2.435377168772451,黄金词,1.7248243913166593e-05
495403620,9628223555,5508,1.4,1,0,True,0.7871055425316781,0.9074840357345939,0.986308419664739,0.986308419664739,0.9958925258994217,0.9931542098323696,0.9904158937653174,0.9931542098323696,2.9251764836414575,2.600156874347962,黄金词,1.5479193255405916e-05
495403620,9628223555,5534,0.1,1,0,True,0.7871055425316781,12.704776500284314,1.1434408884838765,1.1434408884838765,1.043032266545163,1.0717204442419384,1.1004086219387137,1.0717204442419384,2.9251764836414575,2.600156874347962,黄金词,1.1056566611004226e-06
495403620,9628223555,5549,3.05,3,3,True,0.7871055425316781,1.2496501475689492,1.0685358190895855,1.0685358190895855,1.0205607457268755,1.0342679095447926,1.0479750733627098,1.0342679095447926,2.9251764836414575,2.4001283517392418,潜力词,3.3722528163562886e-05
495403620,9628223555,5588,1.37,2,1,True,0.7871055425316781,1.8547118978517247,1.1241734146401765,1.1241734146401765,1.0372520243920529,1.0620867073200881,1.0869213902481234,1.0620867073200881,2.9251764836414575,2.440141186913166,潜力词,1.5147496257075791e-05
495403620,9628223555,5629,1.1,1,0,True,0.7871055425316781,1.1549796818440285,1.018611097164676,1.018611097164676,1.0055833291494027,1.0093055485823381,1.0130277680152733,1.0093055485823381,2.9251764836414575,2.600156874347962,黄金词,1.216222327210465e-05
495403620,9628223555,5643,5.44,3,3,True,0.7871055425316781,0.7006310570009732,0.8793654037100219,0.8793654037100219,0.9638096211130065,0.9396827018550109,0.9155557825970153,0.9396827018550109,2.9251764836414575,2.4001283517392418,潜力词,6.014772236386299e-05
495403620,9628223555,5702,22.93,16,40,True,0.7871055425316781,0.8865086088292589,0.9160258922379769,0.9160258922379769,0.9748077676713931,0.9580129461189885,0.9412181245665838,0.9580129461189885,2.9251764836414575,2.6417254945471527,重点词,0.0002535270723903269
495403620,9628223555,5703,2433.25,464,1009,True,0.7871055425316781,0.2422692405684546,0.24477089333726246,0.24477089333726246,0.7734312680011787,0.6223854466686313,0.47133962533608376,0.6223854466686313,2.9251764836414575,2.1872911268413806,重点词,0.026903390706226032
495403620,9628223555,5705,134.41,26,101,True,0.7871055425316781,0.24575864073163617,0.2884285737400099,0.2884285737400099,0.7865285721220029,0.6442142868700049,0.501900001618007,0.6442142868700049,2.9251764836414575,3.6588650549744606,重点词,0.0014861131181850779
495403620,9628223555,5862,5.94,8,5,True,0.7871055425316781,1.7110810101393015,1.3017015143019608,1.3017015143019608,1.0905104542905881,1.1508507571509803,1.2111910600113727,1.1508507571509803,2.9251764836414575,1.7750882418207288,潜力词,6.567600566936511e-05
495403620,9628223555,5888,1.8,1,1,True,0.7871055425316781,0.7058209166824619,0.9462959077107941,0.9462959077107941,0.9838887723132381,0.9731479538553971,0.9624071353975558,0.9731479538553971,2.9251764836414575,2.7112679854590733,潜力词,1.9901819899807608e-05
495403620,9628223555,5911,29.26,17,100,True,0.7871055425316781,0.7381449094491912,0.7946977505488568,0.7946977505488568,0.938409325164657,0.8973488752744284,0.8562884253841998,0.8973488752744284,2.9251764836414575,4.936056474765267,重点词,0.0003235151390379837
495403620,9628223555,5912,2.7,4,36,True,0.7871055425316781,1.8821891111532316,1.2213671561443984,1.2213671561443984,1.0664101468433196,1.1106835780721993,1.154957009301079,1.1106835780721993,2.9251764836414575,4.950117655760972,黄金词,2.9852729849711413e-05
495403620,9628223555,5964,1774.21,550,790,True,0.7871055425316781,0.39384441949692384,0.3965856506116566,0.3965856506116566,0.818975695183497,0.6982928253058283,0.5776099554281597,0.6982928253058283,2.9251764836414575,1.4577086234213827,重点词,0.019616671046909808
495403620,9628223555,6017,4.12,4,7,True,0.7871055425316781,1.2334734466295452,1.0789745977104868,1.0789745977104868,1.023692379313146,1.0394872988552435,1.0552822183973407,1.0394872988552435,2.9251764836414575,2.533450989094305,黄金词,4.555305443733741e-05
495403620,9628223555,6027,501.74,66,512,True,0.7871055425316781,0.16712146709825104,0.18028937799504996,0.21,0.7629999999999999,0.605,0.44700000000000006,0.605,2.9251764836414575,7.235154214447724,重点词,0.005547521731405261
495403620,9628223555,6028,4.42,3,4,True,0.7871055425316781,0.862315147078121,0.9512366145901678,0.9512366145901678,0.9853709843770503,0.9756183072950839,0.9658656302131174,0.9756183072950839,2.9251764836414575,2.4910374426483326,黄金词,4.887002442063868e-05
495403620,9628223555,6039,2.31,5,3,True,0.7871055425316781,2.7499516234381636,1.3898156461082118,1.3898156461082118,1.1169446938324634,1.194907823054106,1.2728709522757482,1.194907823054106,2.9251764836414575,2.030877836087051,潜力词,2.554066887141976e-05
495403620,9628223555,6093,6.74,3,7,True,0.7871055425316781,0.565494502980014,0.8021238479787363,0.8021238479787363,0.9406371543936208,0.9010619239893681,0.8614866935851154,0.9010619239893681,2.9251764836414575,2.7637647153756055,黄金词,7.452125895816848e-05
495403620,9628223555,6106,1.1,3,9,True,0.7871055425316781,3.4649390455320854,1.296007963983111,1.296007963983111,1.0888023891949332,1.1480039819915555,1.2072055747881776,1.1480039819915555,2.9251764836414575,2.9455828971937876,黄金词,1.216222327210465e-05
495403620,9628223555,6152,7.16,9,8,True,0.7871055425316781,1.5969691131642296,1.2808343528420423,1.2808343528420423,1.0842503058526125,1.1404171764210211,1.1965840469894296,1.1404171764210211,2.9251764836414575,1.8471418746548036,潜力词,7.916501693479026e-05
495403620,9628223555,6157,4.06,3,8,True,0.7871055425316781,0.9387765886909594,0.9794911674987867,0.9794911674987867,0.9938473502496359,0.9897455837493934,0.9856438172491507,0.9897455837493934,2.9251764836414575,2.8546738062846964,黄金词,4.488966044067715e-05
495403620,9628223555,6159,43.15,13,43,True,0.7871055425316781,0.38276267555897125,0.479910358335669,0.479910358335669,0.8439731075007006,0.7399551791678345,0.6359372508349683,0.7399551791678345,2.9251764836414575,3.1619719937681743,重点词,0.00047709084926483234
495403620,9628223555,6164,0.15,1,1,True,0.7871055425316781,8.469851000189543,1.1364771802714289,1.1364771802714289,1.0409431540814287,1.0682385901357145,1.0955340261900002,1.0682385901357145,2.9251764836414575,2.7112679854590733,潜力词,1.658484991650634e-06
495403620,9628223555,6198,0.27,2,2,True,0.7871055425316781,9.410945555766158,1.272623685481016,1.272623685481016,1.0817871056443047,1.1363118427405081,1.190836579836711,1.1363118427405081,2.9251764836414575,2.540141186913166,潜力词,2.9852729849711413e-06
495403620,9628223555,6210,1.06,4,3,True,0.7871055425316781,4.794255283126156,1.4409989693107155,1.4409989693107155,1.1322996907932146,1.2204994846553578,1.308699278517501,1.2204994846553578,2.9251764836414575,2.200117655760972,潜力词,1.171996060766448e-05
495403620,9628223555,6229,19.34,17,68,True,0.7871055425316781,1.1167590512142367,1.082413140528589,1.082413140528589,1.0247239421585768,1.0412065702642945,1.0576891983700123,1.0412065702642945,2.9251764836414575,3.6560564747652666,重点词,0.00021383399825682174
495403620,9628223555,6261,18916.77,16391,13078,True,0.7871055425316781,1.1008432814701463,1.1008003327700182,1.1008003327700182,1.0302400998310053,1.050400166385009,1.0705602329390127,1.050400166385009,2.9251764836414575,0.7989146540562919,重点词,0.2091545275700464
495403620,9628223555,6298,1983.14,693,1366,True,0.7871055425316781,0.44396311479255274,0.4462138466601561,0.4462138466601561,0.8338641539980468,0.7231069233300781,0.6123496926621093,0.7231069233300781,2.9251764836414575,1.9820276916820707,重点词,0.02192671950894692
495403620,9628223555,6360,10735.93,5191,13273,True,0.7871055425316781,0.6142969897621899,0.6145863390879541,0.6145863390879541,0.8843759017263861,0.8072931695439771,0.7302104373615679,0.8072931695439771,2.9251764836414575,2.557492096916548,重点词,0.1187025251760786
495403620,9628223555,6377,20.2,24,370,True,0.7871055425316781,1.509478396073384,1.3641706865068068,1.3641706865068068,1.109251205952042,1.1820853432534033,1.2549194805547648,1.1820853432534033,2.9251764836414575,12.293794120910364,重点词,0.00022334264554228536
495403620,9628223555,6383,4.85,6,5,True,0.7871055425316781,1.5717249278702246,1.2147843454818428,1.2147843454818428,1.0644353036445529,1.1073921727409215,1.15034904183729,1.1073921727409215,2.9251764836414575,2.0286722763665472,潜力词,5.362434806337049e-05
495403620,9628223555,6440,2.62,3,3,True,0.7871055425316781,1.4547454007959137,1.1115573923300839,1.1115573923300839,1.0334672176990252,1.055778696165042,1.0780901746310587,1.055778696165042,2.9251764836414575,2.4001283517392418,潜力词,2.896820452083107e-05
495403620,9628223555,6474,120.04,56,136,True,0.7871055425316781,0.5926920060112643,0.6183196596533347,0.6183196596533347,0.8854958978960004,0.8091598298266673,0.7328237617573343,0.8091598298266673,2.9251764836414575,2.4906470604551822,重点词,0.0013272302559849474
495403620,9628223555,6500,116.38,82,350,True,0.7871055425316781,0.8951638365898898,0.9019540927541899,0.9019540927541899,0.9705862278262569,0.950977046377095,0.931367864927933,0.950977046377095,2.9251764836414575,4.148904576323686,重点词,0.0012867632221886718
495403620,9628223555,6504,36.72,26,52,True,0.7871055425316781,0.8995756781247065,0.9176511590160611,0.9176511590160611,0.9752953477048183,0.9588255795080305,0.9423558113112428,0.9588255795080305,2.9251764836414575,2.2176885843862255,重点词,0.00040599712595607517
495403620,9628223555,6538,22.9,20,102,True,0.7871055425316781,1.1095874672737394,1.081057913455059,1.081057913455059,1.0243173740365177,1.0405289567275295,1.0567405394185414,1.0405289567275295,2.9251764836414575,4.478621852468988,重点词,0.00025319537539199673
495403620,9628223555,6542,7.58,10,7,True,0.7871055425316781,1.6760918865810441,1.3276711317317338,1.3276711317317338,1.09830133951952,1.1638355658658668,1.2293697922122138,1.1638355658658668,2.9251764836414575,1.68896732606287,潜力词,8.380877491141204e-05
495403620,9628223555,6560,4.72,2,4,True,0.7871055425316781,0.5383379873001829,0.8294957198792539,0.8294957198792539,0.9488487159637761,0.9147478599396269,0.8806470039154777,0.9147478599396269,2.9251764836414575,2.740141186913166,黄金词,5.218699440393995e-05
495403620,9628223555,6574,56.31,43,187,True,0.7871055425316781,0.9701747283115353,0.9739092582138037,0.9739092582138037,0.9921727774641411,0.9869546291069018,0.9817364807496626,0.9869546291069018,2.9251764836414575,4.125517879786895,重点词,0.000622595265865648
495403620,9628223555,6617,318.27,238,301,True,0.7871055425316781,0.9500539815463811,0.951287594480332,0.951287594480332,0.9853862783440995,0.9756437972401659,0.9659013161362324,0.9756437972401659,2.9251764836414575,1.3187049262972832,重点词,0.003518973455284315
495817671,9630806627,64,6.47,13,10,True,0.6255889624509309,3.2118110947044975,1.984887665708059,1.984887665708059,1.2954662997124178,1.4924438328540295,1.6894213659956412,1.4924438328540295,1.5450706845238096,1.0647888321995465,潜力词,3.789190966732718e-05
495817671,9630806627,108,2.28,2,3,True,0.6255889624509309,1.4021874347326653,1.0886834962466614,1.0886834962466614,1.0266050488739984,1.0443417481233306,1.062078447372663,1.0443417481233306,1.5450706845238096,1.5360565476190478,潜力词,1.3352944983231218e-05
495817671,9630806627,110,2838.16,1511,3464,True,0.6255889624509309,0.8510175408801495,0.8514394332920171,0.8514394332920171,0.955431829987605,0.9257197166460085,0.896007603304412,0.9257197166460085,1.5450706845238096,2.2885849673970973,重点词,0.016621839620003295
495817671,9630806627,114,5.49,6,6,True,0.6255889624509309,1.746987623601353,1.3026540260938324,1.3026540260938324,1.0907962078281497,1.1513270130469162,1.2118578182656825,1.1513270130469162,1.5450706845238096,1.311468962585034,潜力词,3.215248594646465e-05
495817671,9630806627,136,20.16,35,42,True,0.6255889624509309,2.775162631241733,2.268153034933853,2.268153034933853,1.3804459104801559,1.6340765174669265,1.8877071244536971,1.6340765174669265,1.5450706845238096,1.2641991971207087,重点词,0.00011806814511488657
495817671,9630806627,235,123.8,96,181,True,0.6255889624509309,1.2395427532887147,1.2249005980368792,1.2249005980368792,1.0674701794110637,1.1124502990184397,1.1574304186258155,1.1124502990184397,1.5450706845238096,1.8592362065018315,重点词,0.0007250414863701864
495817671,9630806627,243,12.22,11,60,True,0.6255889624509309,1.4389059272952225,1.264468956190711,1.264468956190711,1.0793406868572133,1.1322344780953555,1.1851282693334977,1.1322344780953555,1.5450706845238096,3.8084508145363407,重点词,7.156709986626557e-05
495817671,9630806627,292,0.96,1,1,True,0.6255889624509309,1.66509757874504,1.0707864385360575,1.0707864385360575,1.0212359315608173,1.0353932192680286,1.0495505069752402,1.0353932192680286,1.5450706845238096,1.4845072751322752,潜力词,5.622292624518408e-06
495817671,9630806627,299,121.03,97,200,True,0.6255889624509309,1.2811194458624977,1.2635671743182129,1.2635671743182129,1.0790701522954638,1.1317835871591064,1.1844970220227489,1.1317835871591064,1.5450706845238096,2.022481575963719,重点词,0.0007088188295265239
495817671,9630806627,308,83.0,85,147,True,0.6255889624509309,1.6370115954890996,1.5806277446254693,1.5806277446254693,1.1741883233876407,1.2903138723127348,1.4064394212378284,1.2903138723127348,1.5450706845238096,1.713554467485919,重点词,0.00048609404982815404
495817671,9630806627,353,2953.6,2626,2546,True,0.6255889624509309,1.4211959615767522,1.4200496991933902,1.4200496991933902,1.126014909758017,1.210024849596695,1.294034789435373,1.210024849596695,1.5450706845238096,0.9712834341215605,重点词,0.017297920308101636
495817671,9630806627,370,3.46,8,31,True,0.6255889624509309,3.6959391343242505,1.8097178302744712,1.8097178302744712,1.2429153490823412,1.4048589151372357,1.5668024811921297,1.4048589151372357,1.5450706845238096,2.7100353422619046,黄金词,2.0263679667535095e-05
495817671,9630806627,381,0.31,1,1,True,0.6255889624509309,5.1564312115975435,1.1539418967258348,1.1539418967258348,1.0461825690177504,1.0769709483629173,1.1077593277080844,1.0769709483629173,1.5450706845238096,1.4845072751322752,潜力词,1.8155319933340693e-06
495817671,9630806627,391,11.9,8,13,True,0.6255889624509309,1.0746175970388157,1.044486443124344,1.044486443124344,1.0133459329373031,1.022243221562172,1.0311405101870408,1.022243221562172,1.5450706845238096,1.5850353422619048,重点词,6.969300232475943e-05
495817671,9630806627,444,241.33,194,925,True,0.6255889624509309,1.2849947087617628,1.2757840052346774,1.2757840052346774,1.082735201570403,1.1378920026173387,1.1930488036642741,1.1378920026173387,1.5450706845238096,4.640398838991042,重点词,0.001413362374036487
495817671,9630806627,456,26.44,31,39,True,0.6255889624509309,1.8741794229747497,1.6699508389406488,1.6699508389406488,1.2009852516821946,1.3349754194703243,1.4689655872584542,1.3349754194703243,1.5450706845238096,1.3169375763125761,重点词,0.0001548473093669445
495817671,9630806627,505,128.05,108,155,True,0.6255889624509309,1.3482023972220674,1.3275829620475035,1.3275829620475035,1.098274888614251,1.1637914810237517,1.2293080734332524,1.1637914810237517,1.5450706845238096,1.4427634954844009,重点词,0.0007499318443433148
495817671,9630806627,518,1.57,3,11,True,0.6255889624509309,3.0544465138762513,1.3349409165924937,1.3349409165924937,1.100482274977748,1.167470458296247,1.2344586416147456,1.167470458296247,1.5450706845238096,2.123687770562771,黄金词,9.19479106301448e-06
495817671,9630806627,530,74.08,84,140,True,0.6255889624509309,1.8125468243790501,1.7328155435841248,1.7328155435841248,1.2198446630752375,1.3664077717920624,1.5129708805088873,1.3664077717920624,1.5450706845238096,1.6560931030020705,重点词,0.00043385358085867046
495817671,9630806627,584,0.24,1,1,True,0.6255889624509309,6.66039031498016,1.1636739368187035,1.1636739368187035,1.049102181045611,1.0818369684093518,1.1145717557730923,1.0818369684093518,1.5450706845238096,1.4845072751322752,潜力词,1.405573156129602e-06
495817671,9630806627,617,5.13,6,5,True,0.6255889624509309,1.8695832463102202,1.3382078888227011,1.3382078888227011,1.1014623666468104,1.1691039444113507,1.2367455221758907,1.1691039444113507,1.5450706845238096,1.2400403911564626,潜力词,3.004412621227024e-05
495817671,9630806627,677,1.39,1,1,True,0.6255889624509309,1.1499954500685168,1.0220628228143107,1.0220628228143107,1.0066188468442931,1.0110314114071555,1.0154439759700176,1.0110314114071555,1.5450706845238096,1.4845072751322752,潜力词,8.140611195917277e-06
495817671,9630806627,679,200.65,252,174,True,0.6255889624509309,2.0075774046847745,1.9686666007857796,1.9686666007857796,1.2905999802357337,1.4843333003928898,1.6780666205500456,1.4843333003928898,1.5450706845238096,0.7167714056776557,重点词,0.0011751177240725194
495817671,9630806627,714,5.76,12,7,True,0.6255889624509309,3.33019515749008,1.9711956662187307,1.9711956662187307,1.291358699865619,1.4855978331093653,1.6798369663531114,1.4855978331093653,1.5450706845238096,0.9680282738095238,潜力词,3.3733755747110445e-05
495817671,9630806627,798,0.89,2,2,True,0.6255889624509309,3.5921206193151423,1.2577639498536846,1.2577639498536846,1.0773291849561053,1.1288819749268422,1.180434764897579,1.1288819749268422,1.5450706845238096,1.4360565476190477,潜力词,5.212333787313941e-06
495817671,9630806627,815,2298.65,2510,2693,True,0.6255889624509309,1.7454676117477859,1.742862833101711,1.742862833101711,1.2228588499305133,1.3714314165508554,1.5200039831711978,1.3714314165508554,1.5450706845238096,1.0744084850977722,重点词,0.013462169730572123
495817671,9630806627,847,19.53,16,39,True,0.6255889624509309,1.3095698315168363,1.2191337009613559,1.2191337009613559,1.0657401102884068,1.109566850480678,1.153393590672949,1.109566850480678,1.5450706845238096,2.1400235615079364,重点词,0.00011437851558004637
495817671,9630806627,875,47.51,29,95,True,0.6255889624509309,0.975717040460154,0.9792390964956253,0.9792390964956253,0.9937717289486876,0.9896195482478127,0.9854673675469378,0.9896195482478127,1.5450706845238096,2.901636904761905,重点词,0.0002782449193654891
495817671,9630806627,1018,0.15,1,0,True,0.6255889624509309,10.656624503968256,1.1764304111565456,1.1764304111565456,1.0529291233469635,1.0882152055782728,1.123501287809582,1.0882152055782728,1.5450706845238096,1.373396164021164,黄金词,8.784832225810012e-07
495817671,9630806627,1040,6.4,5,3,True,0.6255889624509309,1.24882318405878,1.1101292100951723,1.1101292100951723,1.0330387630285516,1.055064605047586,1.0770904470666207,1.055064605047586,1.5450706845238096,1.1815819597069597,潜力词,3.748195083012272e-05
495817671,9630806627,1041,2.11,4,4,True,0.6255889624509309,3.030319764161589,1.4212364505782649,1.4212364505782649,1.1263709351734794,1.2106182252891324,1.2948655154047852,1.2106182252891324,1.5450706845238096,1.3633804563492065,潜力词,1.2357330664306084e-05
495817671,9630806627,1056,1.01,2,1,True,0.6255889624509309,3.16533401107968,1.2411231919724892,1.2411231919724892,1.0723369575917467,1.1205615959862447,1.1687862343807425,1.1205615959862447,1.5450706845238096,1.3360565476190476,潜力词,5.915120365378742e-06
495817671,9630806627,1089,396.88,330,591,True,0.6255889624509309,1.3291244531002537,1.3225734996454503,1.3225734996454503,1.096772049893635,1.1612867498227253,1.2258014497518153,1.1612867498227253,1.5450706845238096,1.7850904304029303,重点词,0.0023243494758529853
495817671,9630806627,1092,4.16,3,6,True,0.6255889624509309,1.1527598622081046,1.0520033573474399,1.0520033573474399,1.0156010072042319,1.0260016786737198,1.036402350143208,1.0260016786737198,1.5450706845238096,1.669142316017316,黄金词,2.436326803957977e-05
495817671,9630806627,1164,237.11,200,369,True,0.6255889624509309,1.348314010877009,1.3368631362689058,1.3368631362689058,1.1010589408806717,1.1684315681344528,1.235804195388234,1.1684315681344528,1.5450706845238096,1.8334642570970696,重点词,0.0013886477127078747
495817671,9630806627,1185,3.09,4,6,True,0.6255889624509309,2.0692474764986906,1.2963206011103994,1.2963206011103994,1.0888961803331196,1.1481603005551997,1.2074244207772795,1.1481603005551997,1.5450706845238096,1.530047123015873,潜力词,1.8096754385168626e-05
495817671,9630806627,1207,115.45,90,134,True,0.6255889624509309,1.246118932902308,1.230057734625305,1.230057734625305,1.0690173203875915,1.1150288673126525,1.1610404142377135,1.1150288673126525,1.5450706845238096,1.4934751579203112,重点词,0.0006761392536465107
495817671,9630806627,1265,1.37,2,1,True,0.6255889624509309,2.333567409628085,1.1937420308791598,1.1937420308791598,1.058122609263748,1.09687101543958,1.1356194216154119,1.09687101543958,1.5450706845238096,1.3360565476190476,潜力词,8.023480099573145e-06
495817671,9630806627,1287,3.95,6,6,True,0.6255889624509309,2.4280916591320074,1.4696887638277625,1.4696887638277625,1.1409066291483287,1.2348443819138812,1.3287821346794337,1.2348443819138812,1.5450706845238096,1.311468962585034,潜力词,2.3133391527966366e-05
495817671,9630806627,1314,14.45,12,18,True,0.6255889624509309,1.3274687963420666,1.2102143095132325,1.2102143095132325,1.0630642928539698,1.1051071547566163,1.1471500166592628,1.1051071547566163,1.5450706845238096,1.5180282738095239,重点词,8.462721710863645e-05
495817671,9630806627,1365,3.6,5,8,True,0.6255889624509309,2.2201301049933866,1.3767125538573064,1.3767125538573064,1.113013766157192,1.188356276928653,1.2636987877001145,1.188356276928653,1.5450706845238096,1.5661973443223443,潜力词,2.108359734194403e-05
495817671,9630806627,1377,1.03,1,1,True,0.6255889624509309,1.5519356073740178,1.0625405583713134,1.0625405583713134,1.018762167511394,1.0312702791856567,1.0437783908599194,1.0312702791856567,1.5450706845238096,1.4845072751322752,潜力词,6.0322514617228755e-06
495817671,9630806627,1424,2592.53,2414,145,True,0.6255889624509309,1.4884162315911116,1.486902484777264,1.486902484777264,1.146070745433179,1.2434512423886321,1.3408317393440847,1.2434512423886321,1.5450706845238096,0.06497133174078881,重点词,0.015183294060252822
495817671,9630806627,1437,0.91,1,1,True,0.6255889624509309,1.7565864566980638,1.0767551477809632,1.0767551477809632,1.023026544334289,1.0383775738904815,1.0537286034466742,1.0383775738904815,1.5450706845238096,1.4845072751322752,潜力词,5.3294648836580745e-06
495817671,9630806627,1438,1912.61,934,966,True,0.6255889624509309,0.7806050857236722,0.7815257660118359,0.7815257660118359,0.9344577298035507,0.890762883005918,0.8470680362082851,0.890762883005918,1.5450706845238096,1.0385993264078455,重点词,0.011201305308937658
495817671,9630806627,1486,73.03,75,130,True,0.6255889624509309,1.6416133872332312,1.5778397542192977,1.5778397542192977,1.1733519262657892,1.2889198771096488,1.4044878279535082,1.2889198771096488,1.5450706845238096,1.7151875358577167,重点词,0.0004277041983006035
495817671,9630806627,1524,5.5,9,6,True,0.6255889624509309,2.6157169237012994,1.6553424100558365,1.6553424100558365,1.1966027230167509,1.3276712050279182,1.4587396870390854,1.3276712050279182,1.5450706845238096,1.0800332633053222,潜力词,3.2211051494636714e-05
495817671,9630806627,1566,0.93,1,4,True,0.6255889624509309,1.7188104038658476,1.0743596969516396,1.0743596969516396,1.0223079090854919,1.03717984847582,1.0520517878661477,1.03717984847582,1.5450706845238096,1.8178406084656085,黄金词,5.446595980002208e-06
495817671,9630806627,1575,33.9,202,144,True,0.6255889624509309,9.52494756549375,7.8874099730752665,2.782,1.5346,1.891,2.2474,1.891,1.5450706845238096,0.7445741213151928,重点词,0.00019853720830330629
495817671,9630806627,1590,126.84,80,136,True,0.6255889624509309,1.0081953173101472,1.0077056638074058,1.0077056638074058,1.0023116991422216,1.003852831903703,1.005393964665184,1.003852831903703,1.5450706845238096,1.6859155167748918,重点词,0.0007428454130144947
495817671,9630806627,1608,0.89,1,1,True,0.6255889624509309,1.7960603096575711,1.0791613045357809,1.0791613045357809,1.0237483913607341,1.0395806522678903,1.0554129131750467,1.0395806522678903,1.5450706845238096,1.4845072751322752,潜力词,5.212333787313941e-06
495817671,9630806627,1656,0.51,2,2,True,0.6255889624509309,6.268602649393091,1.313534113324443,1.313534113324443,1.0940602339973329,1.1567670566622215,1.21947387932711,1.1567670566622215,1.5450706845238096,1.4360565476190477,潜力词,2.9868429567754044e-06
495817671,9630806627,1666,28.78,19,26,True,0.6255889624509309,1.0552946433742019,1.0431970639606276,1.0431970639606276,1.0129591191881882,1.0215985319803138,1.0302379447724395,1.0215985319803138,1.5450706845238096,1.4207616843033508,重点词,0.00016855164763920812
495817671,9630806627,1691,1.24,1,1,True,0.6255889624509309,1.2891078028993859,1.0385477070532514,1.0385477070532514,1.0115643121159754,1.0192738535266257,1.026983394937276,1.0192738535266257,1.5450706845238096,1.4845072751322752,潜力词,7.262127973336277e-06
495817671,9630806627,1723,3.03,5,3,True,0.6255889624509309,2.6377783425664,1.4474723514856802,1.4474723514856802,1.134241705445704,1.22373617574284,1.313230646039976,1.22373617574284,1.5450706845238096,1.1815819597069597,潜力词,1.7745361096136225e-05
495817671,9630806627,1738,162.44,128,148,True,0.6255889624509309,1.2595862501612318,1.2473149001536101,1.2473149001536101,1.074194470046083,1.123657450076805,1.173120430107527,1.123657450076805,1.5450706845238096,1.179121804971989,重点词,0.0009513387645070523
495817671,9630806627,1754,2.05,5,4,True,0.6255889624509309,3.8987650624274113,1.587781244112383,1.587781244112383,1.1763343732337148,1.2938906220561917,1.411446870878668,1.2938906220561917,1.5450706845238096,1.2585050366300368,潜力词,1.2005937375273683e-05
495817671,9630806627,1785,44.38,65,68,True,0.6255889624509309,2.3411917285644543,2.135051276004776,2.135051276004776,1.3405153828014327,1.567525638002388,1.7945358932033433,1.567525638002388,1.5450706845238096,1.1008296640574038,重点词,0.00025991390278763227
495817671,9630806627,1817,115.52,116,109,True,0.6255889624509309,1.605135616075551,1.5656681208047227,1.5656681208047227,1.1697004362414167,1.2828340604023614,1.3959676845633058,1.2828340604023614,1.5450706845238096,0.9787142377112135,重点词,0.0006765492124837151
495817671,9630806627,1824,4.04,5,5,True,0.6255889624509309,1.9783337569247998,1.326650279171586,1.326650279171586,1.0979950837514758,1.163325139585793,1.2286551954201101,1.163325139585793,1.5450706845238096,1.3354281135531136,潜力词,2.3660481461514968e-05
495817671,9630806627,1844,8.64,13,68,True,0.6255889624509309,2.4051409470761684,1.7269711247148558,1.7269711247148558,1.2180913374144566,1.363485562357428,1.508879787300399,1.363485562357428,1.5450706845238096,3.826693594104308,重点词,5.060063362066568e-05
495817671,9630806627,1853,4.59,8,6,True,0.6255889624509309,2.786045621952485,1.6480592414831545,1.6480592414831545,1.1944177724449463,1.3240296207415772,1.4536414690382082,1.3240296207415772,1.5450706845238096,1.1475353422619048,潜力词,2.6881586610978636e-05
495817671,9630806627,1924,1649.24,645,683,True,0.6255889624509309,0.6251536591150644,0.6269766612918172,0.6269766612918172,0.8880929983875451,0.8134883306459086,0.7388836629042721,0.8134883306459086,1.5450706845238096,1.0648706975133084,重点词,0.009658864466729937
495817671,9630806627,1976,58.12,47,46,True,0.6255889624509309,1.2926566199755025,1.257014245285225,1.257014245285225,1.0771042735855674,1.1285071226426124,1.1799099716996575,1.1285071226426124,1.5450706845238096,1.0611011904761904,重点词,0.00034038296597605194
495817671,9630806627,1981,375.87,274,329,True,0.6255889624509309,1.1652626363186616,1.1617932099942576,1.1617932099942576,1.0485379629982772,1.080896604997129,1.1132552469959802,1.080896604997129,1.5450706845238096,1.210498459135427,重点词,0.002201303259143473
495817671,9630806627,1983,5.04,4,5,True,0.6255889624509309,1.268645774281935,1.1033568475099962,1.1033568475099962,1.0310070542529988,1.051678423754998,1.0723497932569974,1.051678423754998,1.5450706845238096,1.4467137896825397,潜力词,2.9517036278721643e-05
495817671,9630806627,2019,901.8,964,1186,True,0.6255889624509309,1.7087468432843311,1.7024684053302814,1.7024684053302814,1.2107405215990843,1.3512342026651407,1.491727883731197,1.3512342026651407,1.5450706845238096,1.232881240201842,重点词,0.005281441134156979
495817671,9630806627,2096,5.78,12,18,True,0.6255889624509309,3.3186719908551656,1.968347117568126,1.968347117568126,1.2905041352704378,1.484173558784063,1.6778429822976881,1.484173558784063,1.5450706845238096,1.5180282738095239,黄金词,3.3850886843454585e-05
495817671,9630806627,2097,0.91,1,0,True,0.6255889624509309,1.7565864566980638,1.0767551477809632,1.0767551477809632,1.023026544334289,1.0383775738904815,1.0537286034466742,1.0383775738904815,1.5450706845238096,1.373396164021164,黄金词,5.3294648836580745e-06
495817671,9630806627,2124,5.91,6,7,True,0.6255889624509309,1.6228362188784144,1.263490483433889,1.263490483433889,1.0790471450301666,1.1317452417169445,1.1844433384037223,1.1317452417169445,1.5450706845238096,1.3828975340136054,潜力词,3.461223896969145e-05
495817671,9630806627,2125,0.15,1,0,True,0.6255889624509309,10.656624503968256,1.1764304111565456,1.1764304111565456,1.0529291233469635,1.0882152055782728,1.123501287809582,1.0882152055782728,1.5450706845238096,1.373396164021164,黄金词,8.784832225810012e-07
495817671,9630806627,2128,32.54,38,55,True,0.6255889624509309,1.8667105000804871,1.6946492530201736,1.6946492530201736,1.208394775906052,1.3473246265100869,1.4862544771141215,1.3473246265100869,1.5450706845238096,1.464360119047619,重点词,0.0001905722937519052
495817671,9630806627,2129,1.95,1,1,True,0.6255889624509309,0.8197403464590967,0.9648844830764475,0.9648844830764475,0.9894653449229343,0.9824422415382237,0.9754191381535132,0.9824422415382237,1.5450706845238096,1.4845072751322752,潜力词,1.1420281893553016e-05
495817671,9630806627,2152,18.12,21,38,True,0.6255889624509309,1.8525588955573953,1.5900827802711994,1.5900827802711994,1.1770248340813598,1.2950413901355997,1.4130579461898396,1.2950413901355997,1.5450706845238096,1.7365712233169128,重点词,0.00010612077328778495
495817671,9630806627,2195,0.65,1,1,True,0.6255889624509309,2.4592210393772893,1.1088970924908426,1.1088970924908426,1.0326691277472526,1.0544485462454212,1.0762279647435897,1.0544485462454212,1.5450706845238096,1.4845072751322752,潜力词,3.806760631184339e-06
495817671,9630806627,2203,0.78,1,1,True,0.6255889624509309,2.049350866147741,1.0925897823071538,1.0925897823071538,1.0277769346921461,1.0462948911535768,1.0648128476150076,1.0462948911535768,1.5450706845238096,1.4845072751322752,潜力词,4.5681127574212066e-06
495817671,9630806627,2354,2.39,2,4,True,0.6255889624509309,1.3376516113767685,1.0772236699703803,1.0772236699703803,1.023167100991114,1.0386118349851903,1.0540565689792663,1.0386118349851903,1.5450706845238096,1.6360565476190476,黄金词,1.3997166013123955e-05
495817671,9630806627,2367,3.84,5,4,True,0.6255889624509309,2.0813719734313,1.3489469225190078,1.3489469225190078,1.1046840767557022,1.1744734612595038,1.2442628457633056,1.1744734612595038,1.5450706845238096,1.2585050366300368,潜力词,2.248917049807363e-05
495817671,9630806627,2432,2.71,3,3,True,0.6255889624509309,1.769550194385873,1.1936379783459345,1.1936379783459345,1.0580913935037803,1.0968189891729674,1.1355465848421542,1.0968189891729674,1.5450706845238096,1.3964150432900433,潜力词,1.587126355463009e-05
495817671,9630806627,2438,663.8,552,565,True,0.6255889624509309,1.329268618452202,1.3253185320283565,1.3253185320283565,1.097595559608507,1.1626592660141783,1.2277229724198495,1.1626592660141783,1.5450706845238096,1.0310010097789115,重点词,0.0038875810876617908
495817671,9630806627,2479,0.8,1,1,True,0.6255889624509309,1.9981170944940478,1.0901234396834354,1.0901234396834354,1.0270370319050306,1.0450617198417178,1.0630864077784048,1.0450617198417178,1.5450706845238096,1.4845072751322752,潜力词,4.68524385376534e-06
495817671,9630806627,2501,15.12,17,17,True,0.6255889624509309,1.7972481802327416,1.520034188314023,1.520034188314023,1.1560102564942067,1.2600170941570115,1.364023931819816,1.2600170941570115,1.5450706845238096,1.174422619047619,重点词,8.855110883616492e-05
495817671,9630806627,2516,1.29,6,4,True,0.6255889624509309,7.434854305094132,1.8878034281894576,1.8878034281894576,1.266341028456837,1.4439017140947288,1.6214623997326203,1.4439017140947288,1.5450706845238096,1.1686118197278912,潜力词,7.554955714196611e-06
495817671,9630806627,2527,2.29,5,0,True,0.6255889624509309,3.490160863745061,1.5509631283068783,1.5509631283068783,1.1652889384920635,1.2754815641534392,1.3856741898148148,1.2754815641534392,1.5450706845238096,0.950812728937729,黄金词,1.3411510531403286e-05
495817671,9630806627,2533,19372.48,19493,16351,True,0.6255889624509309,1.6084382184613422,1.6081851805149898,1.6081851805149898,1.182455554154497,1.304092590257495,1.4257296263604928,1.304092590257495,1.5450706845238096,0.8391036647082811,重点词,0.11345599106523996
495817671,9630806627,2541,1719.88,695,3422,True,0.6255889624509309,0.6459480338969524,0.6475995141837625,0.6475995141837625,0.8942798542551287,0.8237997570918812,0.7533196599286338,0.8237997570918812,1.5450706845238096,4.885292411772675,重点词,0.010072571499017417
495817671,9630806627,2586,1676.01,523,808,True,0.6255889624509309,0.498810981042064,0.5012096838826828,0.5012096838826828,0.8503629051648048,0.7506048419413414,0.650846778717878,0.7506048419413414,1.5450706845238096,1.5449351515559142,重点词,0.009815644439186559
495817671,9630806627,2629,4.43,5,3,True,0.6255889624509309,1.8041689340804046,1.2852256507587023,1.2852256507587023,1.0855676952276108,1.1426128253793513,1.1996579555310916,1.1426128253793513,1.5450706845238096,1.1815819597069597,潜力词,2.5944537840225567e-05
495817671,9630806627,2699,1.08,1,1,True,0.6255889624509309,1.4800867366622574,1.0567279732598729,1.0567279732598729,1.0170183919779618,1.0283639866299366,1.039709581281911,1.0283639866299366,1.5450706845238096,1.4845072751322752,潜力词,6.32507920258321e-06
495817671,9630806627,2745,2.05,3,3,True,0.6255889624509309,2.3392590374564466,1.2715609324219304,1.2715609324219304,1.081468279726579,1.1357804662109652,1.1900926526953512,1.1357804662109652,1.5450706845238096,1.3964150432900433,潜力词,1.2005937375273683e-05
495817671,9630806627,2814,2.07,2,2,True,0.6255889624509309,1.5444383339084429,1.1112524532270953,1.1112524532270953,1.0333757359681286,1.0556262266135477,1.0778767172589667,1.0556262266135477,1.5450706845238096,1.4360565476190477,潜力词,1.2123068471617816e-05
495817671,9630806627,2821,1327.25,927,1812,True,0.6255889624509309,1.1164465151831124,1.1157436380142334,1.1157436380142334,1.03472309140427,1.0578718190071168,1.0810205466099634,1.0578718190071168,1.5450706845238096,1.9511877705627705,重点词,0.0077731123811375594
495817671,9630806627,2825,10.3,8,14,True,0.6255889624509309,1.241548485899214,1.1355092268388838,1.1355092268388838,1.040652768051665,1.0677546134194418,1.0948564587872185,1.0677546134194418,1.5450706845238096,1.6475353422619048,重点词,6.032251461722876e-05
495817671,9630806627,2869,57.95,52,127,True,0.6255889624509309,1.4343687856937426,1.381331179078206,1.381331179078206,1.1143993537234618,1.190665589539103,1.2669318253547441,1.190665589539103,1.5450706845238096,2.3226760912698414,重点词,0.00033938735165712683
495817671,9630806627,2874,6.68,7,5,True,0.6255889624509309,1.6750682229291423,1.3059332245024877,1.3059332245024877,1.0917799673507462,1.1529666122512439,1.2141532571517413,1.1529666122512439,1.5450706845238096,1.1573710317460317,潜力词,3.9121786178940586e-05
495817671,9630806627,2891,4.31,6,5,True,0.6255889624509309,2.225281218926086,1.4269169000461948,1.4269169000461948,1.1280750700138584,1.2134584500230974,1.2988418300323363,1.2134584500230974,1.5450706845238096,1.2400403911564626,潜力词,2.524175126216077e-05
495817671,9630806627,2896,6.25,9,8,True,0.6255889624509309,2.301830892857143,1.5685844221074174,1.5685844221074174,1.1705753266322252,1.2842922110537087,1.3980090954751923,1.2842922110537087,1.5450706845238096,1.1976803221288517,潜力词,3.660346760754172e-05
495817671,9630806627,2899,1569.85,1892,1578,True,0.6255889624509309,1.9265216639973186,1.9217889703634496,1.9217889703634496,1.2765366911090348,1.4608944851817247,1.6452522792544146,1.4608944851817247,1.5450706845238096,0.837031876566416,重点词,0.009193912579791899
495817671,9630806627,2933,2839.7,2473,3691,True,0.6255889624509309,1.3920748176733544,1.3909651303996913,1.3909651303996913,1.1172895391199074,1.1954825651998457,1.273675591279784,1.1954825651998457,1.5450706845238096,1.4926886600065257,重点词,0.016630858714421794
495817671,9630806627,2966,1.5,1,0,True,0.6255889624509309,1.0656624503968255,1.0103026857317194,1.0103026857317194,1.0030908057195158,1.0051513428658598,1.0072118800122036,1.0051513428658598,1.5450706845238096,1.373396164021164,黄金词,8.784832225810012e-06
495817671,9630806627,2987,442.84,485,133,True,0.6255889624509309,1.7506761644469573,1.7372575574710372,1.7372575574710372,1.221177267241311,1.3686287787355185,1.516080290229726,1.3686287787355185,1.5450706845238096,0.29484901719308415,重点词,0.0025935167352518036
495817671,9630806627,2997,0.71,1,3,True,0.6255889624509309,2.251399543091885,1.1013105673426726,1.1013105673426726,1.0303931702028017,1.0506552836713363,1.0709173971398709,1.0506552836713363,1.5450706845238096,1.7067294973544973,黄金词,4.158153920216739e-06
495817671,9630806627,3016,22.59,16,51,True,0.6255889624509309,1.1321779021480218,1.0974192107511849,1.0974192107511849,1.0292257632253554,1.0487096053755924,1.0681934475258295,1.0487096053755924,1.5450706845238096,2.6400235615079364,重点词,0.00013229957332069878
495817671,9630806627,3040,1.98,4,4,True,0.6255889624509309,3.2292801527176533,1.439638914579776,1.439638914579776,1.1318916743739327,1.219819457289888,1.3077472402058432,1.219819457289888,1.5450706845238096,1.3633804563492065,潜力词,1.1595978538069216e-05
495817671,9630806627,3082,5.14,3,16,True,0.6255889624509309,0.9329729624096722,0.9739000777867967,0.9739000777867967,0.9921700233360389,0.9869500388933983,0.9817300544507577,0.9869500388933983,1.5450706845238096,2.578233225108225,黄金词,3.0102691760442308e-05
495817671,9630806627,3127,5.8,7,10,True,0.6255889624509309,1.9292165050287358,1.388849619708995,1.388849619708995,1.1166548859126983,1.1944248098544974,1.2721947337962964,1.1944248098544974,1.5450706845238096,1.4907043650793652,潜力词,3.396801793979871e-05
495817671,9630806627,3132,36.2,53,318,True,0.6255889624509309,2.3403360443797685,2.0962531587561597,2.0962531587561597,1.3288759476268477,1.5481265793780798,1.7673772111293118,1.5481265793780798,1.5450706845238096,5.415746975019515,重点词,0.00021200728438288164
495817671,9630806627,3135,240.28,168,310,True,0.6255889624509309,1.1176416576494093,1.1138235382942743,1.1138235382942743,1.0341470614882822,1.056911769147137,1.079676476805992,1.056911769147137,1.5450706845238096,1.8315941220238094,重点词,0.00140721299147842
495817671,9630806627,3149,1.86,2,2,True,0.6255889624509309,1.7188104038658476,1.1347769507248466,1.1347769507248466,1.040433085217454,1.0673884753624234,1.0943438655073927,1.0673884753624234,1.5450706845238096,1.4360565476190477,潜力词,1.0893191960004416e-05
495817671,9630806627,3157,88.98,92,89,True,0.6255889624509309,1.6527468886801744,1.5985306899707534,1.5985306899707534,1.179559206991226,1.2992653449853768,1.4189714829795275,1.2992653449853768,1.5450706845238096,1.0136056547619048,重点词,0.00052111624763505
495817671,9630806627,3215,203.86,101,1085,True,0.6255889624509309,0.7919545827289269,0.7998672198712676,0.7998672198712676,0.9399601659613802,0.8999336099356339,0.8599070539098873,0.8999336099356339,1.5450706845238096,10.067528123634775,重点词,0.0011939172650357527
495817671,9630806627,3303,3.47,3,3,True,0.6255889624509309,1.3819830048373818,1.114959325827035,1.114959325827035,1.0344877977481104,1.0574796629135175,1.0804715280789243,1.0574796629135175,1.5450706845238096,1.3964150432900433,潜力词,2.0322245215707162e-05
495817671,9630806627,3327,84.29,58,107,True,0.6255889624509309,1.0999244653520444,1.0912033912780055,1.0912033912780055,1.0273610173834016,1.0456016956390028,1.063842373894604,1.0456016956390028,1.5450706845238096,1.8084934163059163,重点词,0.0004936490055423506
495817671,9630806627,3382,14.26,18,31,True,0.6255889624509309,2.017733952364256,1.6502189140104968,1.6502189140104968,1.195065674203149,1.3251094570052484,1.4551532398073477,1.3251094570052484,1.5450706845238096,1.6677140567765567,重点词,8.351447169336719e-05
495817671,9630806627,3412,77.97,59,72,True,0.6255889624509309,1.2095822349636918,1.1899468424981874,1.1899468424981874,1.0569840527494563,1.0949734212490938,1.1329627897487313,1.0949734212490938,1.5450706845238096,1.2591129175550817,重点词,0.00045663557909760445
495817671,9630806627,3417,15.19,16,49,True,0.6255889624509309,1.6837326405216468,1.446705325140809,1.446705325140809,1.1340115975422427,1.2233526625704045,1.3126937275985664,1.2233526625704045,1.5450706845238096,2.556690228174603,重点词,8.89610676733694e-05
495817671,9630806627,3420,1.26,1,1,True,0.6255889624509309,1.268645774281935,1.0363190639050686,1.0363190639050686,1.0108957191715204,1.0181595319525343,1.025423344733548,1.0181595319525343,1.5450706845238096,1.4845072751322752,潜力词,7.379259069680411e-06
495817671,9630806627,3437,1.98,2,1,True,0.6255889624509309,1.6146400763588267,1.121213879600645,1.121213879600645,1.0363641638801935,1.0606069398003224,1.0848497157204515,1.0606069398003224,1.5450706845238096,1.3360565476190476,潜力词,1.1595978538069216e-05
495817671,9630806627,3443,7.46,22,21,True,0.6255889624509309,4.71405641596451,2.785235880354075,2.782,1.5346,1.891,2.2474,1.891,1.5450706845238096,1.1120188492063492,潜力词,4.36898989363618e-05
495817671,9630806627,3505,0.5,1,1,True,0.6255889624509309,3.1969873511904767,1.1283287004200044,1.1283287004200044,1.0384986101260012,1.0641643502100022,1.089830090294003,1.0641643502100022,1.5450706845238096,1.4845072751322752,潜力词,2.9282774086033375e-06
495817671,9630806627,3526,29.64,25,39,True,0.6255889624509309,1.3482571487814088,1.2738021721453834,1.2738021721453834,1.082140651643615,1.1369010860726916,1.1916615205017682,1.1369010860726916,1.5450706845238096,1.5563807720057719,重点词,0.00017358828478200586
495817671,9630806627,3539,0.89,2,120,True,0.6255889624509309,3.5921206193151423,1.2577639498536846,1.2577639498536846,1.0773291849561053,1.1288819749268422,1.180434764897579,1.1288819749268422,1.5450706845238096,13.236056547619048,黄金词,5.212333787313941e-06
495817671,9630806627,3567,33494.72,17166,33833,True,0.6255889624509309,0.8192259088975176,0.8192693989951837,0.8192693989951837,0.9457808196985551,0.9096346994975919,0.8734885792966286,0.9096346994975919,1.5450706845238096,1.970732535546535,重点词,0.19616366376698877
495817671,9630806627,3575,1246.44,197,682,True,0.6255889624509309,0.2526421280545088,0.2574438055737441,0.2574438055737441,0.7772331416721232,0.628721902786872,0.4802106639016209,0.628721902786872,1.5450706845238096,3.3871247096399535,重点词,0.0072998441863590885
495817671,9630806627,3587,1331.48,832,1556,True,0.6255889624509309,0.9988484529209889,0.9988553817692927,0.9988553817692927,0.9996566145307877,0.9994276908846463,0.9991987672385049,0.9994276908846463,1.5450706845238096,1.8670959112811791,重点词,0.007797885608014344
495817671,9630806627,3678,3.98,11,11,True,0.6255889624509309,4.4179473446099555,2.129853025876048,2.129853025876048,1.3389559077628144,1.564926512938024,1.7908971181132336,1.564926512938024,1.5450706845238096,1.2295034461152883,潜力词,2.3309088172482567e-05
495817671,9630806627,3714,1.0,1,1,True,0.6255889624509309,1.5984936755952384,1.066058904591086,1.066058904591086,1.0198176713773257,1.033029452295543,1.04624123321376,1.033029452295543,1.5450706845238096,1.4845072751322752,潜力词,5.856554817206675e-06
495817671,9630806627,3774,2.56,9,9,True,0.6255889624509309,5.619704328264509,2.11360104334813,2.11360104334813,1.334080313004439,1.556800521674065,1.779520730343691,1.556800521674065,1.5450706845238096,1.2565038515406162,潜力词,1.4992780332049089e-05
495817671,9630806627,3784,6.91,15,11,True,0.6255889624509309,3.469957327630763,2.140107223375322,2.140107223375322,1.3420321670125968,1.570053611687661,1.7980750563627255,1.570053611687661,1.5450706845238096,1.0156767598343686,潜力词,4.046879378689812e-05
495817671,9630806627,3809,17.29,21,27,True,0.6255889624509309,1.941490294245229,1.642144662228797,1.642144662228797,1.1926433986686389,1.3210723311143986,1.4495012635601578,1.3210723311143986,1.5450706845238096,1.3572608784893267,重点词,0.0001012598327895034
495817671,9630806627,3830,53.31,116,129,True,0.6255889624509309,3.47824547681575,3.1527662761780615,2.782,1.5346,1.891,2.2474,1.891,1.5450706845238096,1.1400045602918587,重点词,0.0003122129373052879
495817671,9630806627,3842,1.8,2,2,True,0.6255889624509309,1.7761040839947093,1.1416822871389936,1.1416822871389936,1.042504686141698,1.070841143569497,1.0991776009972956,1.070841143569497,1.5450706845238096,1.4360565476190477,黄金词,1.0541798670972015e-05
495817671,9630806627,3873,1.53,1,4,True,0.6255889624509309,1.0447671082321819,1.0071421976637371,1.0071421976637371,1.0021426592991212,1.0035710988318685,1.004999538364616,1.0035710988318685,1.5450706845238096,1.8178406084656085,黄金词,8.960528870326213e-06
495817671,9630806627,3877,1.5,1,1,True,0.6255889624509309,1.0656624503968255,1.0103026857317194,1.0103026857317194,1.0030908057195158,1.0051513428658598,1.0072118800122036,1.0051513428658598,1.5450706845238096,1.4845072751322752,潜力词,8.784832225810012e-06
495817671,9630806627,3882,2.83,3,3,True,0.6255889624509309,1.694516263881878,1.1804849427718747,1.1804849427718747,1.0541454828315624,1.0902424713859373,1.1263394599403123,1.0902424713859373,1.5450706845238096,1.3964150432900433,潜力词,1.657405013269489e-05
495817671,9630806627,3905,115.64,57,204,True,0.6255889624509309,0.7879119639305481,0.80173111971648,0.80173111971648,0.940519335914944,0.90086555985824,0.8612117838015361,0.90086555985824,1.5450706845238096,3.3286240842490846,重点词,0.0006772519990617799
495817671,9630806627,3913,0.45,3,1,True,0.6255889624509309,10.656624503968255,1.510632318071177,1.510632318071177,1.153189695421353,1.2553161590355884,1.3574426226498237,1.2553161590355884,1.5450706845238096,1.2145968614718614,潜力词,2.635449667743004e-06
495817671,9630806627,3964,15.17,14,36,True,0.6255889624509309,1.4752084019995608,1.3103276564069453,1.3103276564069453,1.0930982969220835,1.1551638282034726,1.2172293594848616,1.1551638282034726,1.5450706845238096,2.1982075216450214,重点词,8.884393657702526e-05
495817671,9630806627,3973,7.09,8,7,True,0.6255889624509309,1.803660000671637,1.37610227094138,1.37610227094138,1.1128306812824138,1.18805113547069,1.263271589658966,1.18805113547069,1.5450706845238096,1.2100353422619048,潜力词,4.1522973653995326e-05
495817671,9630806627,3989,8240.76,1204,10226,True,0.6255889624509309,0.23354476837290092,0.23429367902520198,0.23429367902520198,0.7702881037075605,0.617146839512601,0.4640055753176414,0.617146839512601,1.5450706845238096,8.44749221573943,重点词,0.04826246267544408
495817671,9630806627,4001,1.61,2,2,True,0.6255889624509309,1.9857064293108548,1.1641145140838136,1.1641145140838136,1.049234354225144,1.0820572570419067,1.1148801598586695,1.0820572570419067,1.5450706845238096,1.4360565476190477,潜力词,9.429053255702747e-06
495817671,9630806627,4002,194.96,150,388,True,0.6255889624509309,1.2298627992372062,1.220737126092433,1.220737126092433,1.0662211378277298,1.1103685630462166,1.154515988264703,1.1103685630462166,1.5450706845238096,2.533927629596142,重点词,0.0011417939271626135
495817671,9630806627,4016,5.08,4,21,True,0.6255889624509309,1.2586564374765654,1.0999980747626297,1.0999980747626297,1.029999422428789,1.0499990373813148,1.0699986523338407,1.0499990373813148,1.5450706845238096,2.7800471230158728,黄金词,2.975129847140991e-05
495817671,9630806627,4054,1793.1,669,1298,True,0.6255889624509309,0.5963929892215796,0.5981990877952067,0.5981990877952067,0.879459726338562,0.7990995438976034,0.7187393614566446,0.7990995438976034,1.5450706845238096,1.9355399785468101,重点词,0.010501388442733288
495817671,9630806627,4056,5.66,7,4,True,0.6255889624509309,1.9769356411955241,1.4030215546039846,1.4030215546039846,1.1209064663811954,1.2015107773019924,1.2821150882227892,1.2015107773019924,1.5450706845238096,1.090704365079365,潜力词,3.314810026538978e-05
495817671,9630806627,4110,1.55,5,4,True,0.6255889624509309,5.156431211597543,1.6703921309028293,1.6703921309028293,1.2011176392708487,1.3351960654514148,1.4692744916319804,1.3351960654514148,1.5450706845238096,1.2585050366300368,潜力词,9.077659966670346e-06
495817671,9630806627,4158,11.34,13,17,True,0.6255889624509309,1.8324883406294619,1.4866194733370155,1.4866194733370155,1.1459858420011046,1.2433097366685077,1.3406336313359108,1.2433097366685077,1.5450706845238096,1.39812216553288,重点词,6.64133316271237e-05
495817671,9630806627,4173,27.6,28,50,True,0.6255889624509309,1.6216602506038647,1.4811503902598615,1.4811503902598615,1.1443451170779584,1.2405751951299306,1.3368052731819031,1.2405751951299306,1.5450706845238096,1.73223792989418,重点词,0.00016164091295490423
495817671,9630806627,4177,1.93,2,1,True,0.6255889624509309,1.6564701301505063,1.1268255606797273,1.1268255606797273,1.0380476682039181,1.0634127803398636,1.0887778924758091,1.0634127803398636,1.5450706845238096,1.3360565476190476,潜力词,1.1303150797208882e-05
495817671,9630806627,4190,21.98,25,49,True,0.6255889624509309,1.8181229249263402,1.5986132453355846,1.5986132453355846,1.1795839736006752,1.2993066226677923,1.4190292717349091,1.2993066226677923,1.5450706845238096,1.8594110750360748,重点词,0.0001287270748822027
495817671,9630806627,4244,14.34,17,46,True,0.6255889624509309,1.8950064494504222,1.5729639502285293,1.5729639502285293,1.1718891850685587,1.2864819751142647,1.4010747651599704,1.2864819751142647,1.5450706845238096,2.334422619047619,重点词,8.398299607874372e-05
495817671,9630806627,4256,187.93,58,100,True,0.6255889624509309,0.49333599310660253,0.5141723209578234,0.5141723209578234,0.854251696287347,0.7570861604789116,0.6599206246704764,0.7570861604789116,1.5450706845238096,1.7024328102453101,重点词,0.0011006223467976504
495817671,9630806627,4286,1.71,1,11,True,0.6255889624509309,0.9347916231551101,0.9885868654652241,0.9885868654652241,0.9965760596395672,0.9942934327326121,0.9920108058256569,0.9942934327326121,1.5450706845238096,2.595618386243386,黄金词,1.0014708737423414e-05
495817671,9630806627,4355,19.69,16,32,True,0.6255889624509309,1.2989283295847542,1.2121044616044616,1.2121044616044616,1.0636313384813385,1.1060522308022307,1.148473123123123,1.1060522308022307,1.5450706845238096,1.8483568948412696,重点词,0.00011531556435079944
495817671,9630806627,4538,5.54,4,2,True,0.6255889624509309,1.1541470581915079,1.062792257528011,1.062792257528011,1.0188376772584034,1.0313961287640057,1.0439545802696077,1.0313961287640057,1.5450706845238096,1.1967137896825397,潜力词,3.244531368732498e-05
495817671,9630806627,4563,1429.75,374,522,True,0.6255889624509309,0.418140678211309,0.42140243472546385,0.42140243472546385,0.8264207304176391,0.710701217362732,0.5949817043078247,0.710701217362732,1.5450706845238096,1.3988496478434305,重点词,0.008373409249901244
495817671,9630806627,4579,193.14,89,82,True,0.6255889624509309,0.7365948903799121,0.7471468048110149,0.7471468048110149,0.9241440414433044,0.8735734024055075,0.8230027633677105,0.8735734024055075,1.5450706845238096,0.9727893348060873,重点词,0.0011311349973952972
495817671,9630806627,4593,5.08,6,11,True,0.6255889624509309,1.8879846562148481,1.3433000040769734,1.3433000040769734,1.102990001223092,1.1716500020384868,1.2403100028538814,1.1716500020384868,1.5450706845238096,1.6686118197278912,黄金词,2.975129847140991e-05
495817671,9630806627,4606,1.3,1,0,True,0.6255889624509309,1.2296105196886447,1.0318903499567562,1.0318903499567562,1.0095671049870267,1.015945174978378,1.0223232449697295,1.015945174978378,1.5450706845238096,1.373396164021164,黄金词,7.613521262368678e-06
495817671,9630806627,4652,194.44,90,101,True,0.6255889624509309,0.7398911273584213,0.7502441027336861,0.7502441027336861,0.9250732308201057,0.8751220513668431,0.8251708719135803,0.8751220513668431,1.5450706845238096,1.1567404640427599,重点词,0.0011387485186576658
495817671,9630806627,4688,2.48,5,9,True,0.6255889624509309,3.222769507248464,1.5230045899408151,1.5230045899408151,1.1569013769822445,1.2615022949704076,1.3661032129585706,1.2615022949704076,1.5450706845238096,1.6431204212454213,黄金词,1.4524255946672554e-05
495817671,9630806627,4718,1.41,1,0,True,0.6255889624509309,1.1336834578689634,1.0199042952054107,1.0199042952054107,1.0059712885616232,1.0099521476027054,1.0139330066437875,1.0099521476027054,1.5450706845238096,1.373396164021164,黄金词,8.25774229226141e-06
495817671,9630806627,4721,18.53,32,59,True,0.6255889624509309,2.760485570374939,2.2268445889073942,2.2268445889073942,1.368053376672218,1.6134222944536971,1.858791212235176,1.6134222944536971,1.5450706845238096,1.7840141369047617,重点词,0.00010852196076283969
495817671,9630806627,4735,8.0,12,12,True,0.6255889624509309,2.3977405133928573,1.6962592843800035,1.6962592843800035,1.2088777853140011,1.3481296421900018,1.4873814990660024,1.3481296421900018,1.5450706845238096,1.2180282738095238,潜力词,4.68524385376534e-05
495817671,9630806627,4751,453.98,133,230,True,0.6255889624509309,0.4683018169394394,0.47757696055355964,0.47757696055355964,0.8432730881660678,0.7387884802767798,0.6343038723874918,0.7387884802767798,1.5450706845238096,1.7188692586963865,重点词,0.0026587587559154862
495817671,9630806627,4760,2556.38,436,1281,True,0.6255889624509309,0.2726289685256198,0.2749150857729266,0.2749150857729266,0.7824745257318779,0.6374575428864633,0.49244056004104864,0.6374575428864633,1.5450706845238096,2.9129742465679964,重点词,0.0149715796036108
495817671,9630806627,4762,3.14,7,5,True,0.6255889624509309,3.5635209328556265,1.718701404389881,1.718701404389881,1.2156104213169643,1.3593507021949405,1.5030909830729167,1.3593507021949405,1.5450706845238096,1.1573710317460317,潜力词,1.838958212602896e-05
495817671,9630806627,4804,24.55,27,65,True,0.6255889624509309,1.7580174843613616,1.5706632701953827,1.5706632701953827,1.1711989810586148,1.2853316350976913,1.399464289136768,1.2853316350976913,1.5450706845238096,2.210301870748299,重点词,0.00014377842076242388
495817671,9630806627,4807,0.31,1,6,True,0.6255889624509309,5.1564312115975435,1.1539418967258348,1.1539418967258348,1.0461825690177504,1.0769709483629173,1.1077593277080844,1.0769709483629173,1.5450706845238096,2.040062830687831,黄金词,1.8155319933340693e-06
495817671,9630806627,4828,159.62,47,88,True,0.6255889624509309,0.47067537121273145,0.49611881412795916,0.49611881412795916,0.8488356442383878,0.7480594070639796,0.6472831698895715,0.7480594070639796,1.5450706845238096,1.8247375541125541,重点词,0.0009348232799225295
495817671,9630806627,4832,171.45,73,180,True,0.6255889624509309,0.6806068143391799,0.6949475701546008,0.6949475701546008,0.9084842710463802,0.8474737850773004,0.7864632991082205,0.8474737850773004,1.5450706845238096,2.374821796002352,重点词,0.0010041063234100844
495817671,9630806627,4854,7.17,12,10,True,0.6255889624509309,2.675303222753537,1.7887015172122693,1.7887015172122693,1.2366104551636807,1.3943507586061346,1.5520910620485886,1.3943507586061346,1.5450706845238096,1.1180282738095237,潜力词,4.199149803937186e-05
495817671,9630806627,4887,167.05,190,239,True,0.6255889624509309,1.8181011575162842,1.7804454249505755,1.7804454249505755,1.2341336274851726,1.3902227124752877,1.5463117974654028,1.3902227124752877,1.5450706845238096,1.2694978054353054,重点词,0.0009783374822143751
495817671,9630806627,4923,2.4,3,14,True,0.6255889624509309,1.9981170944940478,1.229013482484294,1.229013482484294,1.0687040447452882,1.114506741242147,1.1603094377390057,1.114506741242147,1.5450706845238096,2.3964150432900433,黄金词,1.405573156129602e-05
495817671,9630806627,4927,150.07,36,45,True,0.6255889624509309,0.3834595343601558,0.414885045983865,0.414885045983865,0.8244655137951594,0.7074425229919326,0.5904195321887056,0.7074425229919326,1.5450706845238096,1.3036492153679653,重点词,0.0008788931814182057
495817671,9630806627,4931,1.62,3,2,True,0.6255889624509309,2.960173473324515,1.3280455606183592,1.3280455606183592,1.0984136681855077,1.1640227803091796,1.2296318924328515,1.1640227803091796,1.5450706845238096,1.3055059523809525,潜力词,9.487618803874814e-06
495817671,9630806627,4995,182.38,142,50,True,0.6255889624509309,1.244577815190941,1.2342265381985078,1.2342265381985078,1.0702679614595523,1.1171132690992538,1.1639585767389553,1.1171132690992538,1.5450706845238096,0.41573710317460316,重点词,0.0010681184675621533
495817671,9630806627,5009,2.96,5,8,True,0.6255889624509309,2.7001582358027676,1.4566668219579122,1.4566668219579122,1.1370000465873735,1.228333410978956,1.3196667753705384,1.228333410978956,1.5450706845238096,1.5661973443223443,潜力词,1.7335402258931757e-05
495817671,9630806627,5027,0.1,1,1,True,0.6255889624509309,15.984936755952383,1.18363893083275,1.18363893083275,1.0550916792498248,1.0918194654163749,1.128547251582925,1.0918194654163749,1.5450706845238096,1.4845072751322752,潜力词,5.856554817206675e-07
495817671,9630806627,5048,2.15,3,1,True,0.6255889624509309,2.2304562915282395,1.2591068586469847,1.2591068586469847,1.0777320575940954,1.1295534293234923,1.1813748010528893,1.1295534293234923,1.5450706845238096,1.2145968614718614,潜力词,1.259159285699435e-05
495817671,9630806627,5061,1.26,1,1,True,0.6255889624509309,1.268645774281935,1.0363190639050686,1.0363190639050686,1.0108957191715204,1.0181595319525343,1.025423344733548,1.0181595319525343,1.5450706845238096,1.4845072751322752,潜力词,7.379259069680411e-06
495817671,9630806627,5082,0.74,1,0,True,0.6255889624509309,2.1601265886422136,1.0975560994994589,1.0975560994994589,1.0292668298498375,1.0487780497497294,1.0682892696496213,1.0487780497497294,1.5450706845238096,1.373396164021164,黄金词,4.333850564732939e-06
495817671,9630806627,5194,1244.51,197,219,True,0.6255889624509309,0.2530339282868454,0.2578404832402676,0.2578404832402676,0.7773521449720803,0.6289202416201338,0.4804883382681874,0.6289202416201338,1.5450706845238096,1.1285881242741,重点词,0.007288541035561879
495817671,9630806627,5199,2.75,2,3,True,0.6255889624509309,1.1625408549783551,1.0413494311924585,1.0413494311924585,1.0124048293577375,1.0206747155962292,1.0289446018347208,1.0206747155962292,1.5450706845238096,1.5360565476190478,潜力词,1.6105525747318357e-05
495817671,9630806627,5210,12400.94,6640,12836,True,0.6255889624509309,0.8559026981787172,0.8559962934928182,0.8559962934928182,0.9567988880478454,0.9279981467464091,0.8991974054449727,0.9279981467464091,1.5450706845238096,1.9326655483568276,重点词,0.07262678489489095
495817671,9630806627,5273,0.36,1,1,True,0.6255889624509309,4.440260209986773,1.1470895101657055,1.1470895101657055,1.0441268530497116,1.0735447550828527,1.1029626571159938,1.0735447550828527,1.5450706845238096,1.4845072751322752,潜力词,2.108359734194403e-06
495817671,9630806627,5284,0.91,1,1,True,0.6255889624509309,1.7565864566980638,1.0767551477809632,1.0767551477809632,1.023026544334289,1.0383775738904815,1.0537286034466742,1.0383775738904815,1.5450706845238096,1.4845072751322752,潜力词,5.3294648836580745e-06
495817671,9630806627,5304,299.99,77,371,True,0.6255889624509309,0.4102937198601065,0.425723139168425,0.425723139168425,0.8277169417505275,0.7128615695842125,0.5980061974178976,0.7128615695842125,1.5450706845238096,4.510124299719887,重点词,0.0017569078796138304
495817671,9630806627,5345,140.22,49,122,True,0.6255889624509309,0.5585949943243951,0.5825882796342505,0.5825882796342505,0.8747764838902751,0.7912941398171253,0.7078117957439753,0.7912941398171253,1.5450706845238096,2.357202903091061,重点词,0.00082120611646872
495817671,9630806627,5428,3.11,4,3,True,0.6255889624509309,2.0559404187720105,1.2939995257279278,1.2939995257279278,1.0881998577183782,1.1469997628639639,1.2057996680095493,1.1469997628639639,1.5450706845238096,1.280047123015873,潜力词,1.821388548151276e-05
495817671,9630806627,5486,1121.76,52,93,True,0.6255889624509309,0.07409933598180751,0.08070459996366888,0.21,0.7629999999999999,0.605,0.44700000000000006,0.605,1.5450706845238096,1.7560094246031746,重点词,0.00656964893174976
495817671,9630806627,5493,6217.86,3852,3190,True,0.6255889624509309,0.9902760175354315,0.9902886060843792,0.9902886060843792,0.9970865818253136,0.9951443030421896,0.9932020242590655,0.9951443030421896,1.5450706845238096,0.8296270895016038,重点词,0.036415237935716695
495817671,9630806627,5501,0.59,1,1,True,0.6255889624509309,2.709311314568201,1.1165888642306634,1.1165888642306634,1.034976659269199,1.0582944321153316,1.0816122049614645,1.0582944321153316,1.5450706845238096,1.4845072751322752,潜力词,3.455367342151938e-06
495817671,9630806627,5602,1.5,1,1,True,0.6255889624509309,1.0656624503968255,1.0103026857317194,1.0103026857317194,1.0030908057195158,1.0051513428658598,1.0072118800122036,1.0051513428658598,1.5450706845238096,1.4845072751322752,潜力词,8.784832225810012e-06
495817671,9630806627,5621,200.67,223,215,True,0.6255889624509309,1.776369610094873,1.7463905028397364,1.7463905028397364,1.2239171508519209,1.3731952514198682,1.5224733519878155,1.3731952514198682,1.5450706845238096,0.9842448721913009,重点词,0.0011752348551688635
495817671,9630806627,5626,1662.23,1045,802,True,0.6255889624509309,1.0049306600151748,1.0049068670692058,1.0049068670692058,1.0014720601207616,1.002453433534603,1.003434806948444,1.002453433534603,1.5450706845238096,0.7733718570524126,重点词,0.009734941113805452
495817671,9630806627,5630,5131.63,5913,4780,True,0.6255889624509309,1.8418890496381546,1.8405688093629464,1.8405688093629464,1.252170642808884,1.4202844046814733,1.5883981665540625,1.4202844046814733,1.5450706845238096,0.809383645579495,重点词,0.03005367239662229
495817671,9630806627,5655,3.04,5,4,True,0.6255889624509309,2.629101440123747,1.4461683223401973,1.4461683223401973,1.133850496702059,1.2230841611700987,1.312317825638138,1.2230841611700987,1.5450706845238096,1.2585050366300368,潜力词,1.780392664430829e-05
495817671,9630806627,5679,28.92,27,42,True,0.6255889624509309,1.4923696141449319,1.3850548740149113,1.3850548740149113,1.1155164622044733,1.1925274370074557,1.269538411810438,1.1925274370074557,1.5450706845238096,1.553159013605442,重点词,0.00016937156531361705
495817671,9630806627,5702,924.69,93,107,True,0.6255889624509309,0.1607672969647743,0.16801920324884176,0.21,0.7629999999999999,0.605,0.44700000000000006,0.605,1.5450706845238096,1.181787776991985,重点词,0.00541549767392284
495817671,9630806627,5734,4.55,4,7,True,0.6255889624509309,1.4052691653584513,1.1462311421396474,1.1462311421396474,1.0438693426418941,1.0731155710698237,1.102361799497753,1.0731155710698237,1.5450706845238096,1.6133804563492065,潜力词,2.664732441829037e-05
495817671,9630806627,5742,1.27,1,1,True,0.6255889624509309,1.2586564374765654,1.0352083253585465,1.0352083253585465,1.0105624976075638,1.0176041626792731,1.0246458277509825,1.0176041626792731,1.5450706845238096,1.4845072751322752,潜力词,7.437824617852478e-06
495817671,9630806627,5783,170.77,117,128,True,0.6255889624509309,1.0951792472017503,1.09088944832882,1.09088944832882,1.027266834498646,1.04544472416441,1.063622613830174,1.04544472416441,1.5450706845238096,1.122884523809524,重点词,0.001000123866134384
495817671,9630806627,5795,1.29,1,1,True,0.6255889624509309,1.2391423841823552,1.0329939759994906,1.0329939759994906,1.0098981927998472,1.0164969879997452,1.0230957831996434,1.0164969879997452,1.5450706845238096,1.4845072751322752,潜力词,7.554955714196611e-06
495817671,9630806627,5813,2.31,3,3,True,0.6255889624509309,2.0759658124613485,1.2396799447237912,1.2396799447237912,1.0719039834171373,1.1198399723618957,1.1677759613066538,1.1198399723618957,1.5450706845238096,1.3964150432900433,潜力词,1.352864162774742e-05
495817671,9630806627,5832,5.52,8,6,True,0.6255889624509309,2.3166575008626644,1.535195096079669,1.535195096079669,1.1605585288239006,1.2675975480398345,1.3746365672557683,1.2675975480398345,1.5450706845238096,1.1475353422619048,潜力词,3.232818259098084e-05
495817671,9630806627,5834,1229.83,157,191,True,0.6255889624509309,0.20406357550917803,0.20924598071593797,0.21,0.7629999999999999,0.605,0.44700000000000006,0.605,1.5450706845238096,1.2324882756132758,重点词,0.007202566810845285
495817671,9630806627,5870,7.27,11,10,True,0.6255889624509309,2.4186286700890816,1.6727612805967136,1.6727612805967136,1.201828384179014,1.3363806402983567,1.4709328964176995,1.3363806402983567,1.5450706845238096,1.17687186716792,潜力词,4.257715352109252e-05
495817671,9630806627,6004,42.67,39,74,True,0.6255889624509309,1.4610089840218958,1.3877637167004588,1.3877637167004588,1.1163291150101375,1.1938818583502293,1.2714346016903213,1.1938818583502293,1.5450706845238096,1.8374588399189462,重点词,0.00024989919405020883
495817671,9630806627,6091,6.28,7,45,True,0.6255889624509309,1.7817604664278133,1.3423609295095307,1.3423609295095307,1.1027082788528593,1.1711804647547654,1.2396526506566714,1.1711804647547654,1.5450706845238096,3.824037698412698,黄金词,3.677916425205792e-05
495817671,9630806627,6119,1007.59,169,182,True,0.6255889624509309,0.2681104726878942,0.2739186050072321,0.2739186050072321,0.7821755815021696,0.636959302503616,0.4917430235050625,0.636959302503616,1.5450706845238096,1.098082290825935,重点词,0.005901006068269274
495817671,9630806627,6133,76.35,40,98,True,0.6255889624509309,0.837455756696916,0.8529765078048753,0.8529765078048753,0.9558929523414625,0.9264882539024377,0.8970835554634128,0.9264882539024377,1.5450706845238096,2.2991784474206347,重点词,0.0004471479602937296
495817671,9630806627,6154,4.51,6,5,True,0.6255889624509309,2.126599124960406,1.4042133694169794,1.4042133694169794,1.1212640108250937,1.2021066847084896,1.2829493585918854,1.2021066847084896,1.5450706845238096,1.2400403911564626,潜力词,2.64130622256021e-05
495817671,9630806627,6157,6.75,7,17,True,0.6255889624509309,1.6576971450617286,1.299760683941031,1.299760683941031,1.0899282051823092,1.1498803419705155,1.2098324787587216,1.1498803419705155,1.5450706845238096,1.9573710317460318,黄金词,3.9531745016145054e-05
495817671,9630806627,6159,2951.62,1910,1493,True,0.6255889624509309,1.034388884879119,1.0342952347506842,1.0342952347506842,1.0102885704252051,1.017147617375342,1.024006664325479,1.017147617375342,1.5450706845238096,0.7848595231888376,重点词,0.017286324329563566
495817671,9630806627,6209,7.2,4,3,True,0.6255889624509309,0.8880520419973547,0.9471805178493415,0.9471805178493415,0.9841541553548023,0.9735902589246708,0.9630263624945391,0.9735902589246708,1.5450706845238096,1.280047123015873,潜力词,4.216719468388806e-05
495817671,9630806627,6250,3.0,3,3,True,0.6255889624509309,1.5984936755952384,1.1623400566714028,1.1623400566714028,1.0487020170014207,1.0811700283357015,1.1136380396699819,1.0811700283357015,1.5450706845238096,1.3964150432900433,潜力词,1.7569664451620024e-05
495817671,9630806627,6256,127.35,41,59,True,0.6255889624509309,0.5146308653270889,0.5435214585289474,0.5435214585289474,0.8630564375586842,0.7717607292644737,0.6804650209702632,0.7717607292644737,1.5450706845238096,1.4563380709426628,重点词,0.00074583225597127
495817671,9630806627,6261,136.68,48,89,True,0.6255889624509309,0.5613674014381872,0.5857931216565665,0.5857931216565665,0.87573793649697,0.7928965608282832,0.7100551851595966,0.7928965608282832,1.5450706845238096,1.8100100977891156,重点词,0.0008004739124158084
495817671,9630806627,6270,0.9,2,1,True,0.6255889624509309,3.5522081679894186,1.2563601954453656,1.2563601954453656,1.0769080586336095,1.1281800977226828,1.1794521368117559,1.1281800977226828,1.5450706845238096,1.3360565476190476,潜力词,5.270899335486008e-06
495817671,9630806627,6280,3.71,4,4,True,0.6255889624509309,1.7234433160056477,1.2280352338471499,1.2280352338471499,1.0684105701541449,1.114017616923575,1.159624663693005,1.114017616923575,1.5450706845238096,1.3633804563492065,潜力词,2.1727818371836766e-05
495817671,9630806627,6360,31984.96,19838,39158,True,0.6255889624509309,0.9914321461230009,0.9914343046220188,0.9914343046220188,0.9974302913866055,0.9957171523110093,0.9940040132354131,0.9957171523110093,1.5450706845238096,1.973715638691736,重点词,0.1873216715661628
495817671,9630806627,6378,1.85,3,2,True,0.6255889624509309,2.5921519063706566,1.2972231106746435,1.2972231106746435,1.089166933202393,1.1486115553373217,1.2080561774722502,1.1486115553373217,1.5450706845238096,1.3055059523809525,潜力词,1.083462641183235e-05
495817671,9630806627,6463,127.09,21,177,True,0.6255889624509309,0.26413067265323786,0.30801603542360345,0.30801603542360345,0.792404810627081,0.6540080177118017,0.5156112247965224,0.6540080177118017,1.5450706845238096,6.529674671592775,重点词,0.0007443095517187964
495817671,9630806627,6474,23.07,18,34,True,0.6255889624509309,1.2471992267323055,1.1831958291267037,1.1831958291267037,1.054958748738011,1.0915979145633519,1.1282370803886925,1.0915979145633519,1.5450706845238096,1.7830986721611721,重点词,0.00013511071963295799
495817671,9630806627,6486,186.06,55,295,True,0.6255889624509309,0.4725204351162964,0.494421760548826,0.494421760548826,0.8483265281646477,0.747210880274413,0.6460952323841782,0.747210880274413,1.5450706845238096,4.878739134542705,重点词,0.001089670589289474
495817671,9630806627,6489,1542.48,551,581,True,0.6255889624509309,0.5710090343167992,0.5732390104434432,0.5732390104434432,0.871971703133033,0.7866195052217215,0.7012673073104103,0.7866195052217215,1.5450706845238096,1.0614679167731493,重点词,0.009033618674444951
495817671,9630806627,6504,269.55,136,212,True,0.6255889624509309,0.8065113703615373,0.8121290295052498,0.8121290295052498,0.9436387088515749,0.906064514752625,0.8684903206536748,0.906064514752625,1.5450706845238096,1.558059482473545,重点词,0.0015786343509780593
495817671,9630806627,6510,45.13,28,155,True,0.6255889624509309,0.9917532221729818,0.9930028749138309,0.9930028749138309,0.9979008624741492,0.9965014374569154,0.9951020124396817,0.9965014374569154,1.5450706845238096,4.648904596560847,重点词,0.00026430631890053723
495817671,9630806627,6538,1.11,1,1,True,0.6255889624509309,1.4400843924281423,1.053270847938412,1.053270847938412,1.0159812543815236,1.0266354239692062,1.0372895935568884,1.0266354239692062,1.5450706845238096,1.4845072751322752,潜力词,6.50077584709941e-06
495817671,9630806627,6596,1.48,3,1,True,0.6255889624509309,3.240189882963321,1.3475346988244985,1.3475346988244985,1.1042604096473494,1.1737673494122491,1.2432742891771489,1.1737673494122491,1.5450706845238096,1.2145968614718614,潜力词,8.667701129465879e-06
495817671,9630806627,6617,17.81,11,19,True,0.6255889624509309,0.987278519458036,0.9912419958077937,0.9912419958077937,0.9973725987423381,0.9956209979038968,0.9938693970654556,0.9956209979038968,1.5450706845238096,1.6505560776942356,重点词,0.00010430524129445088
500635396,9657930100,509,2532.96,350,889,True,0.4437697649690968,0.3113737544921464,0.31355804565821094,0.31355804565821094,0.7940674136974633,0.6567790228291055,0.5194906319607477,0.6567790228291055,2.2651449667348884,2.5338579880834615,重点词,0.0031344777529867295
500635396,9657930100,797,8332.06,3712,9168,True,0.4437697649690968,1.0039171408279144,1.0039133552522785,1.0039133552522785,1.0011740065756836,1.0019566776261393,1.002739348676595,1.0019566776261393,2.2651449667348884,2.4693874085306127,重点词,0.010310726070111888
500635396,9657930100,844,38287.88,15931,48781,True,0.4437697649690968,0.9376138373334943,0.9376269675105077,0.9376269675105077,0.9812880902531522,0.9688134837552538,0.9563388772573553,0.9688134837552538,2.2651449667348884,3.061617489160793,重点词,0.04738034081431429
500635396,9657930100,861,4227.49,768,2244,True,0.4437697649690968,0.40937462699550664,0.41049855198905316,0.41049855198905316,0.8231495655967159,0.7052492759945266,0.5873489863923372,0.7052492759945266,2.2651449667348884,2.915104587285927,重点词,0.005231418323216264
500635396,9657930100,998,2.91,1,3,True,0.4437697649690968,0.7743713943823535,0.9401477445444529,0.9401477445444529,0.9820443233633358,0.9700738722722264,0.958103421181117,0.9700738722722264,2.2651449667348884,2.3467955259865674,黄金词,3.6010557850070208e-06
500635396,9657930100,1934,4656.78,2449,5135,True,0.4437697649690968,1.1850736851410926,1.18475391127913,1.18475391127913,1.055426173383739,1.092376955639565,1.129327737895391,1.092376955639565,2.2651449667348884,2.097322409334098,重点词,0.00576265448745876
500635396,9657930100,1998,418.66,97,484,True,0.4437697649690968,0.5220986325235439,0.5311253597026315,0.5311253597026315,0.8593376079107894,0.7655626798513158,0.671787751791842,0.7655626798513158,2.2651449667348884,4.782106283179801,重点词,0.0005180817920793949
500635396,9657930100,2253,70.6,27,62,True,0.4437697649690968,0.8617898081674437,0.8759516966262588,0.8759516966262588,0.9627855089878776,0.9379758483131294,0.9131661876383812,0.9379758483131294,2.2651449667348884,2.289175992396546,重点词,8.736582076340056e-05
500635396,9657930100,2533,172871.87,59522,156572,True,0.4437697649690968,0.7758816419178028,0.7758920907533973,0.7758920907533973,0.9327676272260191,0.8879460453766986,0.8431244635273781,0.8879460453766986,2.2651449667348884,2.6304404696746833,重点词,0.21392482732937512
500635396,9657930100,2818,13968.87,6980,12860,True,0.4437697649690968,1.1259949364848758,1.1259222796719657,1.1259222796719657,1.0377766839015896,1.0629611398359828,1.088145595770376,1.0629611398359828,2.2651449667348884,1.8428908356802918,重点词,0.017286144372340558
500635396,9657930100,2832,164553.1,74970,173306,True,0.4437697649690968,1.0266531241357293,1.026651818699012,1.026651818699012,1.0079955456097034,1.013325909349506,1.0186562730893083,1.013325909349506,2.2651449667348884,2.311666370931925,重点词,0.20363054731815766
500635396,9657930100,2874,103832.28,39270,110134,True,0.4437697649690968,0.8522574401045562,0.8522689077580017,0.8522689077580017,0.9556806723274005,0.9261344538790008,0.8965882354306012,0.9261344538790008,2.2651449667348884,2.8044228616460583,重点词,0.1284899768262779
500635396,9657930100,2992,10.54,3,38,True,0.4437697649690968,0.6413911074912664,0.7967882942450508,0.7967882942450508,0.9390364882735152,0.8983941471225254,0.8577518059715356,0.8983941471225254,2.2651449667348884,5.101923612170828,重点词,1.3042999303771132e-05
500635396,9657930100,3366,513.5,239,700,True,0.4437697649690968,1.0488170614975327,1.0480626602480696,1.0480626602480696,1.0144187980744208,1.0240313301240347,1.0336438621736486,1.0240313301240347,2.2651449667348884,2.9073731163314944,重点词,0.0006354440362890396
500635396,9657930100,3408,12956.21,6733,12890,True,0.4437697649690968,1.171043226474045,1.1709368874047892,1.1709368874047892,1.0512810662214367,1.0854684437023945,1.1196558211833523,1.0854684437023945,2.2651449667348884,1.9148674024230647,重点词,0.016033001708682406
500635396,9657930100,3567,38819.52,16735,32505,True,0.4437697649690968,0.9714441698227356,0.9714500975676846,0.9714500975676846,0.9914350292703054,0.9857250487838423,0.9800150682973793,0.9857250487838423,2.2651449667348884,1.9424906623504676,重点词,0.048038232669139425
500635396,9657930100,3587,7.03,6,11,True,0.4437697649690968,1.923260959589743,1.4301209109288202,1.4301209109288202,1.129036273278646,1.21506045546441,1.3010846376501741,1.21506045546441,2.2651449667348884,2.080082838134222,黄金词,8.699457789896685e-06
500635396,9657930100,4196,657.56,352,563,True,0.4437697649690968,1.2062839994734054,1.2037861042242306,1.2037861042242306,1.0611358312672692,1.1018930521121153,1.1426502729569614,1.1018930521121153,2.2651449667348884,1.61422544370522,重点词,0.0008137148597901087
500635396,9657930100,4482,1556.31,396,1005,True,0.4437697649690968,0.5733784528984899,0.575576506856082,0.575576506856082,0.8726729520568246,0.7877882534280409,0.7029035547992575,0.7877882534280409,2.2651449667348884,2.532478118153166,重点词,0.0019258966078227753
500635396,9657930100,4536,48121.97,23315,52173,True,0.4437697649690968,1.091777933544107,1.0917625641345228,1.0917625641345228,1.0275287692403567,1.0458812820672614,1.0642337948941658,1.0458812820672614,2.2651449667348884,2.2377533404679446,重点词,0.059549793283310754
500635396,9657930100,4721,72765.96,23486,55320,True,0.4437697649690968,0.727315903125996,0.7273461039287111,0.7273461039287111,0.9182038311786133,0.8636730519643556,0.8091422727500978,0.8636730519643556,2.2651449667348884,2.3554150489373407,重点词,0.0900461447455634
500635396,9657930100,4766,83.21,22,40,True,0.4437697649690968,0.5957848415858463,0.6314808443996743,0.6314808443996743,0.8894442533199023,0.8157404221998372,0.742036591079772,0.8157404221998372,2.2651449667348884,1.9373719911293037,重点词,0.00010297039583176431
500635396,9657930100,5166,3.88,1,1,True,0.4437697649690968,0.5807785457867652,0.8637705827179772,0.8637705827179772,0.9591311748153931,0.9318852913589886,0.9046394079025841,0.9318852913589886,2.2651449667348884,2.124573303764345,潜力词,4.801407713342694e-06
500635396,9657930100,5331,4160.45,2130,3953,True,0.4437697649690968,1.1536699669026527,1.153372839167986,1.153372839167986,1.0460118517503958,1.076686419583993,1.1073609874175903,1.076686419583993,2.2651449667348884,1.8573999811664543,重点词,0.005148457917777477
500635396,9657930100,5337,727.12,260,711,True,0.4437697649690968,0.8057671319585332,0.8078965654529349,0.8078965654529349,0.9423689696358803,0.9039482827264674,0.8655275958170544,0.9039482827264674,2.2651449667348884,2.720601342290594,重点词,0.0008997937052901391
500635396,9657930100,5553,71798.68,51724,100920,True,0.4437697649690968,1.6233715615499564,1.6233015907535369,1.6233015907535369,1.186990477226061,1.3116507953767684,1.4363111135274758,1.3116507953767684,2.2651449667348884,1.9511737640093922,重点词,0.0888491587525319
500635396,9657930100,5573,10656.71,10553,10503,True,0.4437697649690968,2.231490699804011,2.2305599891519843,2.2305599891519843,1.3691679967455952,1.6152799945759921,1.8613919924063889,1.6152799945759921,2.2651449667348884,0.996223952252048,重点词,0.013187425152797994
500635396,9657930100,5867,24613.57,15146,13988,True,0.4437697649690968,1.3866460978804382,1.3865195275620266,1.3865195275620266,1.115955858268608,1.1932597637810134,1.2705636692934186,1.1932597637810134,2.2651449667348884,0.9242524191456961,重点词,0.030458707435799055
500635396,9657930100,5874,18.64,22,61,True,0.4437697649690968,2.6596167740535552,2.158623845256864,2.158623845256864,1.3475871535770592,1.579311922628432,1.8110366916798049,1.579311922628432,2.2651449667348884,2.637371991129304,重点词,2.3066556643481396e-05
500635396,9657930100,6001,182.78,71,244,True,0.4437697649690968,0.8753303085312292,0.8805956497240518,0.8805956497240518,0.9641786949172155,0.940297824862026,0.9164169548068363,0.940297824862026,2.2651449667348884,3.3179893637199886,重点词,0.00022618590253731382
500635396,9657930100,6023,344.18,149,280,True,0.4437697649690968,0.9755351644204912,0.976094971866468,0.976094971866468,0.9928284915599404,0.988047485933234,0.9832664803065276,0.988047485933234,2.2651449667348884,1.8988608900247077,重点词,0.00042591456360265164
500635396,9657930100,6133,2.08,2,2,True,0.4437697649690968,2.166750728512162,1.2393334827717255,1.2393334827717255,1.0718000448315177,1.1196667413858628,1.1675334379402078,1.1196667413858628,2.2651449667348884,2.012115973387911,潜力词,2.5739505267404132e-06
500635396,9657930100,6180,1896.27,400,1364,True,0.4437697649690968,0.47533753266204676,0.47755814541652947,0.47755814541652947,0.8432674436249588,0.7387790727082647,0.6342907017915707,0.7387790727082647,2.2651449667348884,3.387551862092841,重点词,0.002346589021799059
500635396,9657930100,6434,89.74,49,76,True,0.4437697649690968,1.2304169503563605,1.2114275779650285,1.2114275779650285,1.0634282733895084,1.1057137889825142,1.14799930457552,1.1057137889825142,2.2651449667348884,1.6512484163838441,重点词,0.00011105111551427148
500635396,9657930100,6452,5.59,5,4,True,0.4437697649690968,2.0155820730345693,1.4159050394332047,1.4159050394332047,1.1247715118299613,1.2079525197166023,1.2911335276032432,1.2079525197166023,2.2651449667348884,1.7016276718368544,潜力词,6.9174920406148606e-06
500635396,9657930100,6660,4349.38,2727,5333,True,0.4437697649690968,1.4128630761439038,1.4120993992157718,1.4120993992157718,1.1236298197647314,1.206049699607886,1.2884695794510401,1.206049699607886,2.2651449667348884,1.9565342448752756,重点词,0.005382254299035682
500635396,9700005700,389,6387.87,4897,24764,True,0.4518640272729432,1.6965484476658665,1.695670673755241,1.695670673755241,1.2087012021265722,1.3478353368776204,1.4869694716286685,1.3478353368776204,2.6742791423642487,5.05308750930457,重点词,0.2372238011468526
500635396,9700005700,416,2417.24,1207,507,True,0.4518640272729432,1.1050444028079505,1.1046953087220097,1.1046953087220097,1.0314085926166028,1.0523476543610049,1.073286716105407,1.0523476543610049,2.6742791423642487,0.43489237295383865,重点词,0.08976808561918416
500635396,9700005700,1900,0.8,1,1,True,0.4518640272729432,2.7663189024891155,1.1594870340847958,1.1594870340847958,1.0478461102254386,1.079743517042398,1.111640923859357,1.079743517042398,2.6742791423642487,2.488248126545999,潜力词,2.9709283519777655e-05
500635396,9700005700,3371,4326.98,2145,3643,True,0.4518640272729432,1.0970707598998197,1.0968902793679693,1.0968902793679693,1.0290670838103908,1.0484451396839847,1.0678231955575785,1.0484451396839847,2.6742791423642487,1.7019945346674008,重点词,0.16068934450550937
500635396,9700005700,3897,12164.19,1125,364,True,0.4518640272729432,0.20467347289381405,0.20520010780588666,0.21,0.7629999999999999,0.605,0.44700000000000006,0.605,2.6742791423642487,0.3401537803520865,重点词,0.4517367118730552
500635396,9700005700,4956,0.65,1,0,True,0.4518640272729432,3.404700187678911,1.1794552378864858,1.1794552378864858,1.0538365713659457,1.0897276189432428,1.1256186665205399,1.0897276189432428,2.6742791423642487,2.377137015434888,黄金词,2.4138792859819345e-05
500635396,9700005700,5248,1.81,1,1,True,0.4518640272729432,1.222682387840493,1.0408363852068179,1.0408363852068179,1.0122509155620454,1.020418192603409,1.0285854696447725,1.020418192603409,2.6742791423642487,2.488248126545999,潜力词,6.721725396349695e-05
500635396,9700005700,5453,1623.0,2785,3265,True,0.4518640272729432,3.797509867372612,3.7836857716734817,2.782,1.5346,1.891,2.2474,1.891,2.6742791423642487,1.176653860772973,重点词,0.06027270894074892
500635396,9700005700,5963,2.98,2,2,True,0.4518640272729432,1.4852718939538876,1.1309882467375527,1.1309882467375527,1.0392964740212658,1.0654941233687762,1.091691772716287,1.0654941233687762,2.6742791423642487,2.339423313891399,潜力词,0.00011066708111117176
500635396,9700005700,6656,2.09,2,2,True,0.4518640272729432,2.117756097599323,1.2301586447273483,1.2301586447273483,1.0690475934182044,1.1150793223636741,1.1611110513091438,1.1150793223636741,2.6742791423642487,2.339423313891399,潜力词,7.761550319541912e-05
500635396,9773660250,232,2235.16,1712,3698,True,0.6537207372154543,1.1716634484416888,1.1710466532123134,1.1710466532123134,1.051313995963694,1.0855233266061566,1.1197326572486195,1.0855233266061566,2.36566809320019,2.1610031074102336,重点词,0.34740143675570484
500635396,9773660250,3457,13.65,5,11,True,0.6537207372154543,0.56033156889077,0.7235617648714423,0.7235617648714423,0.9170685294614327,0.8617808824357212,0.8064932354100096,0.8617808824357212,2.36566809320019,2.3019495958155014,重点词,0.0021215615936735497
500635396,9773660250,4229,65.11,48,251,True,0.6537207372154543,1.1277199936637459,1.1136510699391349,1.1136510699391349,1.0340953209817405,1.0568255349695674,1.0795557489573944,1.0568255349695674,2.36566809320019,4.820095441885742,重点词,0.010119771088943944
500635396,9773660250,4514,5.52,2,6,True,0.6537207372154543,0.5542410083593486,0.8188078325584393,0.8188078325584393,0.9456423497675317,0.9094039162792196,0.8731654827909074,0.9094039162792196,2.36566809320019,2.492534474560152,黄金词,0.0008579501829361168
500635396,9773660250,6586,4114.5,2439,5984,True,0.6537207372154543,0.9067811256561247,0.9069633774916859,0.9069633774916859,0.9720890132475057,0.9534816887458429,0.9348743642441801,0.9534816887458429,2.36566809320019,2.4531775009176955,重点词,0.6394992803787415
525368335,9811363528,32,0.8,1,1,True,0.5530654996936872,2.2601301305040846,1.113781501625651,1.113781501625651,1.0341344504876953,1.0568907508128254,1.0796470511379557,1.0568907508128254,1.3777943813508666,1.335817227867437,潜力词,4.484809725220193e-06
525368335,9811363528,33,183.41,75,149,True,0.5530654996936872,0.7393697608104524,0.7503410864900248,0.7503410864900248,0.9251023259470074,0.8751705432450124,0.8252387605430174,0.8751705432450124,1.3777943813508666,1.9279801813350232,重点词,0.0010281986896282945
525368335,9811363528,47,0.38,1,55,True,0.5530654996936872,4.758168695798073,1.1692066474411453,1.1692066474411453,1.0507619942323436,1.0846033237205726,1.1184446532088017,1.0846033237205726,1.3777943813508666,7.335817227867437,黄金词,2.1302846194795917e-06
525368335,9811363528,61,6.13,8,11,True,0.5530654996936872,2.359679092206548,1.587373702271046,1.587373702271046,1.1762121106813137,1.293686851135523,1.4111615915897322,1.293686851135523,1.3777943813508666,1.3763971906754333,潜力词,3.436485451949973e-05
525368335,9811363528,74,0.73,1,0,True,0.5530654996936872,2.4768549375387225,1.122651206416754,1.122651206416754,1.036795361925026,1.061325603208377,1.0858558444917277,1.061325603208377,1.3777943813508666,1.2247061167563258,黄金词,4.092388874263426e-06
525368335,9811363528,110,1.5,1,1,True,0.5530654996936872,1.2054027362688449,1.032228462803689,1.032228462803689,1.0096685388411066,1.0161142314018445,1.0225599239625822,1.0161142314018445,1.3777943813508666,1.335817227867437,潜力词,8.409018234787861e-06
525368335,9811363528,113,1.44,1,1,True,0.5530654996936872,1.2556278502800469,1.038747800463502,1.038747800463502,1.0116243401390506,1.019373900231751,1.0271234603244515,1.019373900231751,1.3777943813508666,1.335817227867437,潜力词,8.072657505396347e-06
525368335,9811363528,154,1.48,2,0,True,0.5530654996936872,2.4433839248692806,1.2239211958916703,1.2239211958916703,1.067176358767501,1.1119605979458351,1.1567448371241693,1.1119605979458351,1.3777943813508666,1.1022355050806933,黄金词,8.296897991657357e-06
525368335,9811363528,159,1.03,1,1,True,0.5530654996936872,1.7554408780614248,1.0856000114855082,1.0856000114855082,1.0256800034456524,1.042800005742754,1.0599200080398559,1.042800005742754,1.3777943813508666,1.335817227867437,潜力词,5.7741925212209985e-06
525368335,9811363528,172,0.95,1,1,True,0.5530654996936872,1.903267478319229,1.0952390792900408,1.0952390792900408,1.0285717237870122,1.0476195396450203,1.0666673555030286,1.0476195396450203,1.3777943813508666,1.335817227867437,潜力词,5.325711548698979e-06
525368335,9811363528,181,165.4,49,72,True,0.5530654996936872,0.5356535738558652,0.5572299153450946,0.5572299153450946,0.8671689746035283,0.7786149576725473,0.6900609407415662,0.7786149576725473,1.3777943813508666,1.456532544750999,重点词,0.0009272344106892749
525368335,9811363528,202,6.04,7,6,True,0.5530654996936872,2.095484889209085,1.4692715411931114,1.4692715411931114,1.1407814623579333,1.2346357705965558,1.328490078835178,1.2346357705965558,1.3777943813508666,1.1348236700537955,潜力词,3.386031342541245e-05
525368335,9811363528,206,122.53,26,38,True,0.5530654996936872,0.38366691189492336,0.42170692024262924,0.42170692024262924,0.8265120760727888,0.7108534601213146,0.5951948441698405,0.7108534601213146,1.3777943813508666,1.441833972082557,重点词,0.0006869046695390377
525368335,9811363528,213,1.1,1,1,True,0.5530654996936872,1.6437310040029705,1.077303941528741,1.077303941528741,1.0231911824586222,1.0386519707643704,1.0541127590701187,1.0386519707643704,1.3777943813508666,1.335817227867437,潜力词,6.166613372177765e-06
525368335,9811363528,235,1.29,1,1,True,0.5530654996936872,1.4016310886847034,1.0554122036794937,1.0554122036794937,1.0166236611038482,1.0277061018397469,1.0387885425756456,1.0277061018397469,1.3777943813508666,1.335817227867437,潜力词,7.231755681917561e-06
525368335,9811363528,257,3.48,3,16,True,0.5530654996936872,1.558710434830403,1.1684846025311786,1.1684846025311786,1.0505453807593534,1.0842423012655893,1.1179392217718251,1.0842423012655893,1.3777943813508666,2.456577731891539,黄金词,1.9508922304707837e-05
525368335,9811363528,263,1.31,2,2,True,0.5530654996936872,2.7604642815317058,1.246126809904646,1.246126809904646,1.0738380429713938,1.123063404952323,1.1722887669332522,1.123063404952323,1.3777943813508666,1.3022355050806933,潜力词,7.343875925048066e-06
525368335,9811363528,270,263.36,50,167,True,0.5530654996936872,0.3432761437582145,0.36277800169539226,0.36277800169539226,0.8088334005086176,0.6813890008476962,0.5539446011867746,0.6813890008476962,1.3777943813508666,3.069350949151844,重点词,0.0014763993615424876
525368335,9811363528,295,2.99,4,4,True,0.5530654996936872,2.4188683670946722,1.3839290875667936,1.3839290875667936,1.1151787262700381,1.1919645437833968,1.2687503612967554,1.1919645437833968,1.3777943813508666,1.2518629209005778,潜力词,1.676197634801047e-05
525368335,9811363528,303,1.3,2,2,True,0.5530654996936872,2.781698622158873,1.24745814196651,1.24745814196651,1.074237442589953,1.123729070983255,1.173220699376557,1.123729070983255,1.3777943813508666,1.3022355050806933,潜力词,7.287815803482814e-06
525368335,9811363528,307,7.98,7,39,True,0.5530654996936872,1.5860562319326907,1.2915666291036705,1.2915666291036705,1.087469988731101,1.1457833145518352,1.2040966403725695,1.1457833145518352,1.3777943813508666,3.3348236700537957,黄金词,4.473597700907142e-05
525368335,9811363528,317,5.17,5,2,True,0.5530654996936872,1.7486500042584794,1.2925563508704714,1.2925563508704714,1.0877669052611414,1.1462781754352358,1.20478944560933,1.1462781754352358,1.3777943813508666,1.001719619292841,潜力词,2.8983082849235495e-05
525368335,9811363528,363,1.21,1,9,True,0.5530654996936872,1.4943009127299731,1.0645203996120032,1.0645203996120032,1.019356119883601,1.0322601998060015,1.0451642797284022,1.0322601998060015,1.3777943813508666,2.224706116756326,黄金词,6.783274709395541e-06
525368335,9811363528,377,2.08,2,1,True,0.5530654996936872,1.7385616388492955,1.1514998233537017,1.1514998233537017,1.0454499470061105,1.075749911676851,1.1060498763475912,1.075749911676851,1.3777943813508666,1.2022355050806932,潜力词,1.1660505285572501e-05
525368335,9811363528,378,0.59,1,0,True,0.5530654996936872,3.0645832278021485,1.1408212837460425,1.1408212837460425,1.0422463851238126,1.0704106418730213,1.0985748986222297,1.0704106418730213,1.3777943813508666,1.2247061167563258,黄金词,3.307547172349892e-06
525368335,9811363528,396,4.0,8,5,True,0.5530654996936872,3.616208208806535,1.8677307491895638,1.8677307491895638,1.260319224756869,1.4338653745947818,1.6074115244326947,1.4338653745947818,1.3777943813508666,1.0013971906754333,潜力词,2.2424048626100963e-05
525368335,9811363528,432,2.08,3,0,True,0.5530654996936872,2.6078424582739435,1.329813837594655,1.329813837594655,1.0989441512783964,1.1649069187973276,1.2308696863162587,1.1649069187973276,1.3777943813508666,1.0020322773460848,黄金词,1.1660505285572501e-05
525368335,9811363528,433,438.82,72,332,True,0.5530654996936872,0.29666718817974397,0.3093526125963016,0.3093526125963016,0.7928057837788904,0.6546763062981508,0.5165468288174111,0.6546763062981508,1.3777943813508666,4.287779438135087,重点词,0.0024600302545264062
525368335,9811363528,435,0.7,1,0,True,0.5530654996936872,2.5830058634332396,1.12649590232914,1.12649590232914,1.037948770698742,1.06324795116457,1.088547131630398,1.06324795116457,1.3777943813508666,1.2247061167563258,黄金词,3.924208509567669e-06
525368335,9811363528,469,124.59,25,119,True,0.5530654996936872,0.3628108404372878,0.40152734723016725,0.40152734723016725,0.8204582041690501,0.7007636736150836,0.5810691430611171,0.7007636736150836,1.3777943813508666,3.940071365175968,重点词,0.0006984530545814798
525368335,9811363528,472,2.19,4,6,True,0.5530654996936872,3.3024732500516305,1.4919430651329826,1.4919430651329826,1.1475829195398948,1.2459715325664913,1.3443601455930878,1.2459715325664913,1.3777943813508666,1.4185295875672443,潜力词,1.2277166622790277e-05
525368335,9811363528,493,0.55,1,0,True,0.5530654996936872,3.287462008005941,1.1461212664812155,1.1461212664812155,1.0438363799443646,1.0730606332406079,1.1022848865368509,1.0730606332406079,1.3777943813508666,1.2247061167563258,黄金词,3.0833066860888826e-06
525368335,9811363528,501,1.81,3,2,True,0.5530654996936872,2.9968576316076256,1.3661917237294632,1.3661917237294632,1.109857517118839,1.1830958618647316,1.2563342066106242,1.1830958618647316,1.3777943813508666,1.1838504591642667,潜力词,1.0146882003310686e-05
525368335,9811363528,516,7.59,6,4,True,0.5530654996936872,1.42933130782867,1.2082188259693039,1.2082188259693039,1.0624656477907912,1.104109412984652,1.1457531781785129,1.104109412984652,1.3777943813508666,1.0730253607719238,潜力词,4.254963226802658e-05
525368335,9811363528,543,1.58,3,3,True,0.5530654996936872,3.433109058993546,1.3987875843578632,1.3987875843578632,1.119636275307359,1.1993937921789315,1.2791513090505042,1.1993937921789315,1.3777943813508666,1.2747595500733575,潜力词,8.85749920730988e-06
525368335,9811363528,557,111.75,13,26,True,0.5530654996936872,0.21033873250328838,0.26346175909558867,0.26346175909558867,0.7790385277286765,0.6317308795477943,0.4844232313669121,0.6317308795477943,1.3777943813508666,1.7629692881336636,重点词,0.0006264718584916957
525368335,9811363528,560,1.56,3,5,True,0.5530654996936872,3.477123277698591,1.4016956666538256,1.4016956666538256,1.1205086999961476,1.2008478333269128,1.2811869666576778,1.2008478333269128,1.3777943813508666,1.4565777318915394,黄金词,8.745378964179377e-06
525368335,9811363528,561,1.12,2,2,True,0.5530654996936872,3.228757329291549,1.2719181055344813,1.2719181055344813,1.0815754316603443,1.1359590527672405,1.1903426738741367,1.1359590527672405,1.3777943813508666,1.3022355050806933,潜力词,6.27873361530827e-06
525368335,9811363528,568,2.89,2,4,True,0.5530654996936872,1.251283117234095,1.0663203843658935,1.0663203843658935,1.019896115309768,1.0331601921829467,1.0464242690561254,1.0331601921829467,1.3777943813508666,1.5022355050806933,黄金词,1.6201375132357946e-05
525368335,9811363528,579,12.94,14,25,True,0.5530654996936872,1.9562177327392387,1.5892122600783687,1.5892122600783687,1.1767636780235105,1.2946061300391842,1.412448582054858,1.2946061300391842,1.3777943813508666,1.637379775036679,重点词,7.254179730543661e-05
525368335,9811363528,597,0.87,1,1,True,0.5530654996936872,2.0782805797738706,1.1050508515569168,1.1050508515569168,1.031515255467075,1.0525254257784584,1.0735355960898418,1.0525254257784584,1.3777943813508666,1.335817227867437,潜力词,4.877230576176959e-06
525368335,9811363528,609,7.94,8,14,True,0.5530654996936872,1.8217673596002697,1.407802052201634,1.407802052201634,1.12234061566049,1.203901026100817,1.2854614365411439,1.203901026100817,1.3777943813508666,1.5638971906754333,黄金词,4.4511736522810414e-05
525368335,9811363528,618,8.11,8,37,True,0.5530654996936872,1.7835798810389818,1.3930014121970402,1.3930014121970402,1.117900423659112,1.19650070609852,1.275100988537928,1.19650070609852,1.3777943813508666,3.0013971906754335,重点词,4.54647585894197e-05
525368335,9811363528,640,432.45,35,165,True,0.5530654996936872,0.14633748098997426,0.16195692187263483,0.21,0.7629999999999999,0.605,0.44700000000000006,0.605,1.3777943813508666,4.093543140716441,重点词,0.0024243199570893404
525368335,9811363528,644,0.97,2,2,True,0.5530654996936872,3.728049699800552,1.2930463132676118,1.2930463132676118,1.0879138939802835,1.1465231566338059,1.2051324192873283,1.1465231566338059,1.3777943813508666,1.3022355050806933,潜力词,5.437831791829484e-06
525368335,9811363528,653,570.08,73,221,True,0.5530654996936872,0.23153171418298926,0.24224513028235123,0.24224513028235123,0.7726735390847053,0.6211225651411756,0.4695715911976459,0.6211225651411756,1.3777943813508666,2.864473519145765,重点词,0.0031958754101919094
525368335,9811363528,660,2.76,3,4,True,0.5530654996936872,1.9653305482644214,1.246239585324381,1.246239585324381,1.0738718755973142,1.1231197926621905,1.1723677097270668,1.1231197926621905,1.3777943813508666,1.3656686409824486,黄金词,1.5472593552009663e-05
525368335,9811363528,661,2.71,2,2,True,0.5530654996936872,1.3343941729913413,1.0841418949681092,1.0841418949681092,1.0252425684904327,1.0420709474840546,1.0588993264776765,1.0420709474840546,1.3777943813508666,1.3022355050806933,潜力词,1.5192292944183403e-05
525368335,9811363528,666,6.06,6,9,True,0.5530654996936872,1.7902020835675918,1.339137721417819,1.339137721417819,1.1017413164253456,1.1695688607089094,1.2373964049924733,1.1695688607089094,1.3777943813508666,1.430168217914781,潜力词,3.3972433668542957e-05
525368335,9811363528,669,1.5,1,1,True,0.5530654996936872,1.2054027362688449,1.032228462803689,1.032228462803689,1.0096685388411066,1.0161142314018445,1.0225599239625822,1.0161142314018445,1.3777943813508666,1.335817227867437,潜力词,8.409018234787861e-06
525368335,9811363528,674,5.07,4,4,True,0.5530654996936872,1.4265121139276271,1.1646927964671037,1.1646927964671037,1.0494078389401311,1.0823463982335517,1.1152849575269725,1.0823463982335517,1.3777943813508666,1.2518629209005778,潜力词,2.842248163358297e-05
525368335,9811363528,709,1363.47,2319,263,True,0.5530654996936872,3.075237018864498,3.063041579922552,2.782,1.5346,1.891,2.2474,1.891,1.3777943813508666,0.11775778042578726,重点词,0.00764362939505747
525368335,9811363528,710,6.56,8,16,True,0.5530654996936872,2.2050050053698382,1.5406862404395443,1.5406862404395443,1.1622058721318633,1.2703431202197721,1.378480368307681,1.2703431202197721,1.3777943813508666,1.6888971906754333,潜力词,3.677543974680558e-05
525368335,9811363528,725,6.12,7,2,True,0.5530654996936872,2.068092929873018,1.4609822800298218,1.4609822800298218,1.1382946840089465,1.230491140014911,1.3226875960208753,1.230491140014911,1.3777943813508666,0.8681570033871289,潜力词,3.4308794397934476e-05
525368335,9811363528,735,23.37,23,24,True,0.5530654996936872,1.7794777236317993,1.5795862043040139,1.5795862043040139,1.1738758612912041,1.2897931021520068,1.4057103430128097,1.2897931021520068,1.3777943813508666,1.1297533887357076,重点词,0.00013101250409799489
525368335,9811363528,751,118.97,21,76,True,0.5530654996936872,0.319157654807671,0.36235681486631993,0.36235681486631993,0.8087070444598959,0.6811784074331599,0.553649770406424,0.6811784074331599,1.3777943813508666,3.0007708638209287,重点词,0.0006669472662618079
525368335,9811363528,752,5.46,8,7,True,0.5530654996936872,2.6492367830084502,1.6660379315995668,1.6660379315995668,1.19981137947987,1.3330189657997833,1.4662265521196967,1.3330189657997833,1.3777943813508666,1.1263971906754333,潜力词,3.0608826374627814e-05
525368335,9811363528,766,6.28,4,4,True,0.5530654996936872,1.1516586652250111,1.066416765523924,1.066416765523924,1.0199250296571771,1.033208382761962,1.0464917358667467,1.033208382761962,1.3777943813508666,1.2518629209005778,潜力词,3.5205756342978515e-05
525368335,9811363528,785,0.15,1,1,True,0.5530654996936872,12.054027362688451,1.2019615230698255,1.2019615230698255,1.0605884569209476,1.1009807615349128,1.141373066148878,1.1009807615349128,1.3777943813508666,1.335817227867437,潜力词,8.409018234787861e-07
525368335,9811363528,809,6.97,2,4,True,0.5530654996936872,0.5188247071458443,0.7768601602665691,0.7768601602665691,0.9330580480799706,0.8884300801332845,0.8438021121865984,0.8884300801332845,1.3777943813508666,1.5022355050806933,黄金词,3.9073904730980926e-05
525368335,9811363528,810,1.87,1,1,True,0.5530654996936872,0.9669005905899825,0.9937667778855255,0.9937667778855255,0.9981300333656575,0.9968833889427627,0.9956367445198678,0.9968833889427627,1.3777943813508666,1.335817227867437,潜力词,1.0483242732702202e-05
525368335,9811363528,829,112.68,22,79,True,0.5530654996936872,0.35301997068576396,0.39620912950862913,0.39620912950862913,0.8188627388525886,0.6981045647543146,0.5773463906560404,0.6981045647543146,1.3777943813508666,3.0007451683602313,重点词,0.0006316854497972642
525368335,9811363528,831,1.96,2,4,True,0.5530654996936872,1.8450041881665995,1.165290240399854,1.165290240399854,1.049587072119956,1.082645120199927,1.115703168279898,1.082645120199927,1.3777943813508666,1.5022355050806933,黄金词,1.0987783826789472e-05
525368335,9811363528,836,22.95,53,54,True,0.5530654996936872,4.175578106029333,3.35019405138256,2.782,1.5346,1.891,2.2474,1.891,1.3777943813508666,1.06594024673454,重点词,0.00012865797899225427
525368335,9811363528,848,8.34,8,27,True,0.5530654996936872,1.7343924262861081,1.373465416782082,1.373465416782082,1.1120396250346245,1.186732708391041,1.2614257917474574,1.186732708391041,1.3777943813508666,2.3763971906754335,重点词,4.675414138542051e-05
525368335,9811363528,874,16.71,15,34,True,0.5530654996936872,1.6230737023368649,1.4203294939866373,1.4203294939866373,1.126098848195991,1.2101647469933186,1.294230645790646,1.2101647469933186,1.3777943813508666,1.9574936978611712,重点词,9.367646313553677e-05
525368335,9811363528,884,4.94,5,4,True,0.5530654996936872,1.8300648829992587,1.3154246555397184,1.3154246555397184,1.0946273966619156,1.1577123277698593,1.2207972588778029,1.1577123277698593,1.3777943813508666,1.1555657731389948,潜力词,2.769370005323469e-05
525368335,9811363528,888,244.33,31,104,True,0.5530654996936872,0.22940787965661721,0.2540165110998902,0.2540165110998902,0.776204953329967,0.6270082555499451,0.4778115577699232,0.6270082555499451,1.3777943813508666,2.9492911551488956,重点词,0.001369716950203812
525368335,9811363528,901,2.85,3,2,True,0.5530654996936872,1.903267478319229,1.2359589654637766,1.2359589654637766,1.0707876896391328,1.1179794827318883,1.1651712758246435,1.1179794827318883,1.3777943813508666,1.1838504591642667,潜力词,1.5977134646096938e-05
525368335,9811363528,905,0.75,1,0,True,0.5530654996936872,2.4108054725376897,1.1201026225202346,1.1201026225202346,1.0360307867560703,1.0600513112601173,1.0840718357641643,1.0600513112601173,1.3777943813508666,1.2247061167563258,黄金词,4.2045091173939305e-06
525368335,9811363528,911,1.96,4,4,True,0.5530654996936872,3.690008376333199,1.5261892632348375,1.5261892632348375,1.1578567789704513,1.2630946316174188,1.3683324842643863,1.2630946316174188,1.3777943813508666,1.2518629209005778,潜力词,1.0987783826789472e-05
525368335,9811363528,926,1346.58,500,94,True,0.5530654996936872,0.6713689882529325,0.6733243165723984,0.6733243165723984,0.9019972949717194,0.8366621582861993,0.7713270216006789,0.8366621582861993,1.3777943813508666,0.20673691939135225,重点词,0.007548943849733758
525368335,9811363528,937,286.55,134,107,True,0.5530654996936872,0.8455276565696662,0.849753742201683,0.849753742201683,0.9549261226605048,0.9248768711008415,0.8948276195411781,0.9248768711008415,1.3777943813508666,0.8311433454282179,重点词,0.0016064027834523078
525368335,9811363528,944,1.08,3,3,True,0.5530654996936872,5.0225114011201875,1.4753076929113569,1.4753076929113569,1.142592307873407,1.2376538464556783,1.3327153850379498,1.2376538464556783,1.3777943813508666,1.2747595500733575,潜力词,6.05449312904726e-06
525368335,9811363528,954,22.07,35,90,True,0.5530654996936872,2.8674056934351775,2.367860725327393,2.367860725327393,1.410358217598218,1.6839303626636966,1.9575025077291752,1.6839303626636966,1.3777943813508666,2.3493570942048123,重点词,0.00012372468829451207
525368335,9811363528,957,11.4,9,31,True,0.5530654996936872,1.4274506087394219,1.2504078591793117,1.2504078591793117,1.0751223577537934,1.1252039295896559,1.1752855014255181,1.1252039295896559,1.3777943813508666,2.471903238282761,重点词,6.390853858438775e-05
525368335,9811363528,989,2.24,3,3,True,0.5530654996936872,2.421567996968662,1.3091565352630876,1.3091565352630876,1.0927469605789262,1.154578267631544,1.2164095746841612,1.154578267631544,1.3777943813508666,1.2747595500733575,潜力词,1.255746723061654e-05
525368335,9811363528,993,2.26,4,5,True,0.5530654996936872,3.2001842555810045,1.4818232962803362,1.4818232962803362,1.144546988884101,1.240911648140168,1.3372763073962353,1.240911648140168,1.3777943813508666,1.335196254233911,潜力词,1.2669587473747043e-05
525368335,9811363528,1010,4.3,4,2,True,0.5530654996936872,1.6819573064216442,1.2372505192243586,1.2372505192243586,1.0711751557673075,1.1186252596121793,1.1660753634570509,1.1186252596121793,1.3777943813508666,1.085196254233911,潜力词,2.4105852273058534e-05
525368335,9811363528,1014,2.6,4,4,True,0.5530654996936872,2.781698622158873,1.4345606395509447,1.4345606395509447,1.1303681918652835,1.2172803197754725,1.3041924476856612,1.2172803197754725,1.3777943813508666,1.2518629209005778,潜力词,1.4575631606965627e-05
525368335,9811363528,1093,6.03,5,6,True,0.5530654996936872,1.4992571346627426,1.2136636282481432,1.2136636282481432,1.064099088474443,1.1068318141240716,1.1495645397737002,1.1068318141240716,1.3777943813508666,1.3094119269851487,潜力词,3.38042533038472e-05
525368335,9811363528,1124,6.52,6,3,True,0.5530654996936872,1.663899482579694,1.2968878344595067,1.2968878344595067,1.089066350337852,1.1484439172297534,1.2078214841216548,1.1484439172297534,1.3777943813508666,1.0015967893433524,潜力词,3.655119926054457e-05
525368335,9811363528,1135,1.46,1,1,True,0.5530654996936872,1.2384274687693613,1.0365655571852173,1.0365655571852173,1.0109696671555652,1.0182827785926087,1.0255958900296522,1.0182827785926087,1.3777943813508666,1.335817227867437,潜力词,8.184777748526851e-06
525368335,9811363528,1136,0.15,1,1,True,0.5530654996936872,12.054027362688451,1.2019615230698255,1.2019615230698255,1.0605884569209476,1.1009807615349128,1.141373066148878,1.1009807615349128,1.3777943813508666,1.335817227867437,潜力词,8.409018234787861e-07
525368335,9811363528,1143,7.32,5,4,True,0.5530654996936872,1.2350437871607018,1.1118673941493067,1.1118673941493067,1.033560218244792,1.0559336970746533,1.0783071759045146,1.0559336970746533,1.3777943813508666,1.1555657731389948,潜力词,4.103600898576477e-05
525368335,9811363528,1149,0.37,1,1,True,0.5530654996936872,4.886767849738561,1.1705936066907792,1.1705936066907792,1.0511780820072336,1.0852968033453896,1.1194155246835455,1.0852968033453896,1.3777943813508666,1.335817227867437,潜力词,2.0742244979143393e-06
525368335,9811363528,1167,1264.77,257,325,True,0.5530654996936872,0.36740494701142484,0.3714107577851244,0.3714107577851244,0.8114232273355373,0.6857053788925622,0.5599875304495872,0.6857053788925622,1.3777943813508666,1.268008886984177,重点词,0.0070903159952084285
525368335,9811363528,1188,0.39,1,1,True,0.5530654996936872,4.636164370264789,1.1678229709352979,1.1678229709352979,1.0503468912805893,1.0839114854676488,1.1174760796547085,1.0839114854676488,1.3777943813508666,1.335817227867437,潜力词,2.186344741044844e-06
525368335,9811363528,1194,3.39,3,3,True,0.5530654996936872,1.600092127790502,1.1776691976602447,1.1776691976602447,1.0533007592980734,1.0888345988301222,1.1243684383621713,1.0888345988301222,1.3777943813508666,1.2747595500733575,潜力词,1.900438121062057e-05
525368335,9811363528,1205,12.68,11,18,True,0.5530654996936872,1.5685445700659262,1.3475961980923792,1.3475961980923792,1.1042788594277138,1.1737980990461896,1.2433173386646654,1.1737980990461896,1.3777943813508666,1.5274923710951018,重点词,7.108423414474005e-05
525368335,9811363528,1209,21.0,22,86,True,0.5530654996936872,1.8942042998510422,1.6461903061552607,1.6461903061552607,1.1938570918465783,1.3230951530776305,1.4523332143086825,1.3230951530776305,1.3777943813508666,3.2340785016935647,重点词,0.00011772625528703006
525368335,9811363528,1233,3.36,2,3,True,0.5530654996936872,1.0762524430971832,1.0224350445539874,1.0224350445539874,1.0067305133661961,1.0112175222769937,1.015704531187791,1.0112175222769937,1.3777943813508666,1.4022355050806934,黄金词,1.883620084592481e-05
525368335,9811363528,1235,10.08,10,27,True,0.5530654996936872,1.7937540718286384,1.4410717223832787,1.4410717223832787,1.1323215167149836,1.2205358611916393,1.3087502056682951,1.2205358611916393,1.3777943813508666,2.1123530583781633,重点词,5.650860253777443e-05
525368335,9811363528,1236,1.34,2,0,True,0.5530654996936872,2.6986628423929364,1.2421498094475039,1.2421498094475039,1.072644942834251,1.121074904723752,1.1695048666132526,1.121074904723752,1.3777943813508666,1.1022355050806933,黄金词,7.5120562897438234e-06
525368335,9811363528,1241,24.82,23,67,True,0.5530654996936872,1.6755195165703125,1.5099268370217502,1.5099268370217502,1.152978051106525,1.2549634185108751,1.3569487859152252,1.2549634185108751,1.3777943813508666,2.516850162929256,重点词,0.00013914122172495647
525368335,9811363528,1255,1.5,1,1,True,0.5530654996936872,1.2054027362688449,1.032228462803689,1.032228462803689,1.0096685388411066,1.0161142314018445,1.0225599239625822,1.0161142314018445,1.3777943813508666,1.335817227867437,潜力词,8.409018234787861e-06
525368335,9811363528,1257,0.61,1,1,True,0.5530654996936872,2.9641050891856846,1.138189631419062,1.138189631419062,1.0414568894257186,1.069094815709531,1.0967327419933435,1.069094815709531,1.3777943813508666,1.335817227867437,潜力词,3.419667415480397e-06
525368335,9811363528,1265,4.26,1,1,True,0.5530654996936872,0.4244375831932553,0.8009824760067588,0.8009824760067588,0.9402947428020276,0.9004912380033794,0.8606877332047311,0.9004912380033794,1.3777943813508666,1.335817227867437,潜力词,2.3881611786797526e-05
525368335,9811363528,1270,16.29,16,160,True,0.5530654996936872,1.7759156335452597,1.5190827790740153,1.5190827790740153,1.1557248337222046,1.2595413895370076,1.3633579453518108,1.2595413895370076,1.3777943813508666,7.125931460450289,重点词,9.132193802979617e-05
525368335,9811363528,1282,0.65,1,0,True,0.5530654996936872,2.781698622158873,1.1329625837431994,1.1329625837431994,1.0398887751229597,1.0664812918715998,1.0930738086202396,1.0664812918715998,1.3777943813508666,1.2247061167563258,黄金词,3.643907901741407e-06
525368335,9811363528,1292,6.18,8,15,True,0.5530654996936872,2.3405878374152334,1.5818000586535212,1.5818000586535212,1.1745400175960563,1.2909000293267607,1.407260041057465,1.2909000293267607,1.3777943813508666,1.6263971906754333,黄金词,3.464515512732599e-05
525368335,9811363528,1294,1.3,2,2,True,0.5530654996936872,2.781698622158873,1.24745814196651,1.24745814196651,1.074237442589953,1.123729070983255,1.173220699376557,1.123729070983255,1.3777943813508666,1.3022355050806933,潜力词,7.287815803482814e-06
525368335,9811363528,1295,0.23,1,1,True,0.5530654996936872,7.861322193057685,1.1903623768882108,1.1903623768882108,1.0571087130664631,1.0951811884441054,1.1332536638217476,1.0951811884441054,1.3777943813508666,1.335817227867437,潜力词,1.2893827960008055e-06
525368335,9811363528,1296,10.54,6,14,True,0.5530654996936872,1.0292812738538526,1.0165927218505164,1.0165927218505164,1.0049778165551548,1.0082963609252582,1.0116149052953616,1.0082963609252582,1.3777943813508666,1.787311075057638,重点词,5.908736812977603e-05
525368335,9811363528,1308,44.83,48,61,True,0.5530654996936872,1.9359579971304226,1.7933257139602352,1.7933257139602352,1.2379977141880705,1.3966628569801176,1.5553279997721645,1.3966628569801176,1.3777943813508666,1.286113483050124,重点词,0.0002513175249770265
525368335,9811363528,1315,0.63,1,0,True,0.5530654996936872,2.870006514925821,1.135570092566544,1.135570092566544,1.0406710277699631,1.067785046283272,1.0948990647965808,1.067785046283272,1.3777943813508666,1.2247061167563258,黄金词,3.531787658610902e-06
525368335,9811363528,1318,239.2,249,245,True,0.5530654996936872,1.882181948145542,1.8534252284899038,1.8534252284899038,1.256027568546971,1.426712614244952,1.5973976599429327,1.426712614244952,1.3777943813508666,0.9961959340498324,重点词,0.0013409581078408376
525368335,9811363528,1323,16.79,16,60,True,0.5530654996936872,1.723029521766068,1.4885177332173956,1.4885177332173956,1.1465553199652185,1.2442588666086978,1.3419624132521768,1.2442588666086978,1.3777943813508666,2.9592647937836225,重点词,9.412494410805879e-05
525368335,9811363528,1325,5.23,8,63,True,0.5530654996936872,2.76574241591322,1.6948707927182949,1.6948707927182949,1.2084612378154884,1.3474353963591474,1.4864095549028065,1.3474353963591474,1.3777943813508666,4.6263971906754335,黄金词,2.931944357862701e-05
525368335,9811363528,1327,8.67,6,34,True,0.5530654996936872,1.2512831172340952,1.130222631585153,1.130222631585153,1.0390667894755459,1.0651113157925765,1.091155842109607,1.0651113157925765,1.3777943813508666,3.215882503629067,重点词,4.860412539707384e-05
525368335,9811363528,1337,0.15,1,1,True,0.5530654996936872,12.054027362688451,1.2019615230698255,1.2019615230698255,1.0605884569209476,1.1009807615349128,1.141373066148878,1.1009807615349128,1.3777943813508666,1.335817227867437,潜力词,8.409018234787861e-07
525368335,9811363528,1353,113.91,107,560,True,0.5530654996936872,1.6984210268734057,1.6522680919172716,1.6522680919172716,1.1956804275751813,1.3261340459586357,1.45658766434209,1.3261340459586357,1.3777943813508666,4.965411783050495,重点词,0.0006385808447497901
525368335,9811363528,1370,1.66,2,2,True,0.5530654996936872,2.178438680003937,1.201255988560343,1.201255988560343,1.0603767965681028,1.1006279942801716,1.1408791919922403,1.1006279942801716,1.3777943813508666,1.3022355050806933,潜力词,9.305980179831899e-06
525368335,9811363528,1381,2.27,3,2,True,0.5530654996936872,2.389564895687138,1.3053545317724882,1.3053545317724882,1.0916063595317465,1.152677265886244,1.2137481722407417,1.152677265886244,1.3777943813508666,1.1838504591642667,潜力词,1.2725647595312297e-05
525368335,9811363528,1398,5.87,4,4,True,0.5530654996936872,1.2320981972083593,1.0978044808049583,1.0978044808049583,1.0293413442414874,1.0489022404024793,1.0684631365634707,1.0489022404024793,1.3777943813508666,1.2518629209005778,潜力词,3.290729135880316e-05
525368335,9811363528,1402,0.75,1,1,True,0.5530654996936872,2.4108054725376897,1.1201026225202346,1.1201026225202346,1.0360307867560703,1.0600513112601173,1.0840718357641643,1.0600513112601173,1.3777943813508666,1.335817227867437,潜力词,4.2045091173939305e-06
525368335,9811363528,1437,19.68,21,43,True,0.5530654996936872,1.9293793796986087,1.6593434099664244,1.6593434099664244,1.1978030229899272,1.329671704983212,1.4615403869764971,1.329671704983212,1.3777943813508666,1.8628398293381703,重点词,0.00011032631924041674
525368335,9811363528,1523,7.77,7,9,True,0.5530654996936872,1.6289226165795203,1.308700488365311,1.308700488365311,1.0926101465095932,1.1543502441826554,1.2160903418557178,1.1543502441826554,1.3777943813508666,1.3348236700537954,潜力词,4.3558714456201115e-05
525368335,9811363528,1525,29.45,32,180,True,0.5530654996936872,1.964663203426301,1.7573802010371784,1.7573802010371784,1.2272140603111534,1.3786901005185892,1.5301661407260247,1.3786901005185892,1.3777943813508666,4.775558876270173,重点词,0.00016509705800966834
525368335,9811363528,1535,6.01,10,18,True,0.5530654996936872,3.0084926861951207,1.8579275795332393,1.8579275795332393,1.2573782738599717,1.4289637897666196,1.6005493056732674,1.4289637897666196,1.3777943813508666,1.612353058378163,黄金词,3.3692133060716696e-05
525368335,9811363528,1575,33.51,40,8,True,0.5530654996936872,2.1582860094339216,1.9337061384683834,1.9337061384683834,1.2801118415405148,1.4668530692341917,1.6535942969278683,1.4668530692341917,1.3777943813508666,0.39629906355847777,重点词,0.0001878574673651608
525368335,9811363528,1617,3.61,3,2,True,0.5530654996936872,1.5025795881467598,1.1554680645423996,1.1554680645423996,1.04664041936272,1.0777340322712,1.1088276451796797,1.0777340322712,1.3777943813508666,1.1838504591642667,潜力词,2.023770388505612e-05
525368335,9811363528,1628,2.96,3,14,True,0.5530654996936872,1.8325379436519604,1.2236218070063343,1.2236218070063343,1.0670865421019002,1.1118109035031671,1.156535264904434,1.1118109035031671,1.3777943813508666,2.2747595500733575,黄金词,1.6593795983314714e-05
525368335,9811363528,1629,6.69,8,16,True,0.5530654996936872,2.1621573744732645,1.5271073108627893,1.5271073108627893,1.1581321932588367,1.2635536554313946,1.3689751176039524,1.2635536554313946,1.3777943813508666,1.6888971906754333,黄金词,3.750422132715386e-05
525368335,9811363528,1638,19.33,26,59,True,0.5530654996936872,2.432007589988875,2.0106136076847374,2.0106136076847374,1.303184082305421,1.5053068038423687,1.7074295253793161,1.5053068038423687,1.3777943813508666,2.0594810309060865,重点词,0.0001083642149856329
525368335,9811363528,1641,0.34,1,1,True,0.5530654996936872,5.317953248244904,1.174774298143246,1.174774298143246,1.0524322894429738,1.0873871490716231,1.1223420087002722,1.0873871490716231,1.3777943813508666,1.335817227867437,潜力词,1.906044133218582e-06
525368335,9811363528,1649,12.97,12,31,True,0.5530654996936872,1.6728796648295459,1.414990454248179,1.414990454248179,1.1244971362744536,1.2074952271240895,1.2904933179737252,1.2074952271240895,1.3777943813508666,2.101117752540347,重点词,7.270997767013238e-05
525368335,9811363528,1652,2.48,3,2,True,0.5530654996936872,2.1872227069394365,1.2793465192798674,1.2793465192798674,1.08380395578396,1.1396732596399337,1.1955425634959072,1.1396732596399337,1.3777943813508666,1.1838504591642667,潜力词,1.3902910148182598e-05
525368335,9811363528,1660,24.25,18,38,True,0.5530654996936872,1.3420978919281987,1.2567587087359584,1.2567587087359584,1.0770276126207874,1.1283793543679792,1.1797310961151708,1.1283793543679792,1.3777943813508666,1.8854751942618053,重点词,0.0001359457947957371
525368335,9811363528,1672,662.43,3390,507,True,0.5530654996936872,9.25301226382724,9.153802314616293,2.782,1.5346,1.891,2.2474,1.891,1.3777943813508666,0.15244919218681782,重点词,0.003713590632847015
525368335,9811363528,1677,24.31,21,39,True,0.5530654996936872,1.5619163386453567,1.422001427014786,1.422001427014786,1.1266004281044357,1.211000713507393,1.2954009989103503,1.211000713507393,1.3777943813508666,1.7249087948554116,重点词,0.0001362821555251286
525368335,9811363528,1678,5.64,6,10,True,0.5530654996936872,1.9235150046843272,1.3801915785707743,1.3801915785707743,1.1140574735712323,1.1900957892853872,1.266134104999542,1.1900957892853872,1.3777943813508666,1.5015967893433524,黄金词,3.161790856280236e-05
525368335,9811363528,1688,0.64,2,9,True,0.5530654996936872,5.650325326260211,1.3420928975639694,1.3420928975639694,1.1026278692691909,1.1710464487819847,1.2394650282947786,1.1710464487819847,1.3777943813508666,2.0022355050806935,黄金词,3.5878477801761543e-06
525368335,9811363528,1694,0.85,2,11,True,0.5530654996936872,4.2543625985959235,1.3104610784294652,1.3104610784294652,1.0931383235288394,1.1552305392147326,1.2173227549006258,1.1552305392147326,1.3777943813508666,2.202235505080693,黄金词,4.765110333046454e-06
525368335,9811363528,1705,14.22,13,33,True,0.5530654996936872,1.6529784358117072,1.4167573320126783,1.4167573320126783,1.1250271996038035,1.2083786660063391,1.2917301324088748,1.2083786660063391,1.3777943813508666,2.096302621466997,重点词,7.971749286578892e-05
525368335,9811363528,1716,3.37,2,2,True,0.5530654996936872,1.0730588156695948,1.0215405257048589,1.0215405257048589,1.0064621577114576,1.0107702628524295,1.0150783679934012,1.0107702628524295,1.3777943813508666,1.3022355050806933,黄金词,1.889226096749006e-05
525368335,9811363528,1719,49.34,66,98,True,0.5530654996936872,2.418623244641582,2.2194228378156033,2.2194228378156033,1.365826851344681,1.6097114189078017,1.8535959864709224,1.6097114189078017,1.3777943813508666,1.4732750682541478,重点词,0.0002766006398029554
525368335,9811363528,1742,13.43,15,37,True,0.5530654996936872,2.019475917055027,1.6371131487226156,1.6371131487226156,1.1911339446167846,1.318556574361308,1.4459792041058308,1.318556574361308,1.3777943813508666,2.087928480469867,重点词,7.528874326213398e-05
525368335,9811363528,1816,1.16,2,6,True,0.5530654996936872,3.117420869660806,1.2664000226471297,1.2664000226471297,1.0799200067941388,1.1332000113235647,1.186480015852991,1.1332000113235647,1.3777943813508666,1.7022355050806932,黄金词,6.502974101569279e-06
525368335,9811363528,1879,1.82,2,2,True,0.5530654996936872,1.9869275872563377,1.1818024502840623,1.1818024502840623,1.0545407350852187,1.0909012251420311,1.1272617151988436,1.0909012251420311,1.3777943813508666,1.3022355050806933,潜力词,1.0202942124875938e-05
525368335,9811363528,1881,2.24,3,8,True,0.5530654996936872,2.421567996968662,1.3091565352630876,1.3091565352630876,1.0927469605789262,1.154578267631544,1.2164095746841612,1.154578267631544,1.3777943813508666,1.729305004618812,黄金词,1.255746723061654e-05
525368335,9811363528,1906,0.81,1,1,True,0.5530654996936872,2.23222728938675,1.1125258291322737,1.1125258291322737,1.033757748739682,1.0562629145661369,1.0787680803925916,1.0562629145661369,1.3777943813508666,1.335817227867437,潜力词,4.540869846785445e-06
525368335,9811363528,1916,1457.46,924,1318,True,0.5530654996936872,1.1463012312300984,1.1454966103967323,1.1454966103967323,1.0436489831190197,1.0727483051983662,1.1018476272777127,1.0727483051983662,1.3777943813508666,1.4259896513420676,重点词,0.008170538477649278
525368335,9811363528,1930,6.29,5,39,True,0.5530654996936872,1.437284661687812,1.1916739039732638,1.1916739039732638,1.0575021711919792,1.095836951986632,1.1341717327812848,1.095836951986632,1.3777943813508666,3.8478734654466873,黄金词,3.526181646454377e-05
525368335,9811363528,1935,1.11,2,2,True,0.5530654996936872,3.25784523315904,1.273305148179557,1.273305148179557,1.081991544453867,1.1366525740897786,1.19131360372569,1.1366525740897786,1.3777943813508666,1.3022355050806933,潜力词,6.222673493743018e-06
525368335,9811363528,1939,0.2,1,0,True,0.5530654996936872,9.040520522016338,1.1946857269253353,1.1946857269253353,1.0584057180776005,1.0973428634626676,1.1362800088477347,1.0973428634626676,1.3777943813508666,1.2247061167563258,黄金词,1.1212024313050483e-06
525368335,9811363528,1952,23556.53,28520,31283,True,0.5530654996936872,2.1890800155023338,2.1886733042069135,2.1886733042069135,1.3566019912620741,1.5943366521034568,1.8320713129448394,1.5943366521034568,1.3777943813508666,1.0969581588281971,重点词,0.1320581935455515
525368335,9811363528,1958,0.73,2,1,True,0.5530654996936872,4.953709875077445,1.3283513320599014,1.3283513320599014,1.0985053996179703,1.1641756660299507,1.2298459324419309,1.1641756660299507,1.3777943813508666,1.2022355050806932,潜力词,4.092388874263426e-06
525368335,9811363528,1988,0.15,1,1,True,0.5530654996936872,12.054027362688451,1.2019615230698255,1.2019615230698255,1.0605884569209476,1.1009807615349128,1.141373066148878,1.1009807615349128,1.3777943813508666,1.335817227867437,潜力词,8.409018234787861e-07
525368335,9811363528,2010,2.75,3,2,True,0.5530654996936872,1.9724772048035644,1.247392443405162,1.247392443405162,1.0742177330215485,1.123696221702581,1.1731747103836134,1.123696221702581,1.3777943813508666,1.1838504591642667,潜力词,1.541653343044441e-05
525368335,9811363528,2019,4.98,5,3,True,0.5530654996936872,1.815365566669947,1.311389610584075,1.311389610584075,1.0934168831752225,1.1556948052920375,1.2179727274088523,1.1556948052920375,1.3777943813508666,1.078642696215918,潜力词,2.7917940539495703e-05
525368335,9811363528,2030,0.5,1,1,True,0.5530654996936872,3.616208208806535,1.1528159000471105,1.1528159000471105,1.0458447700141331,1.0764079500235553,1.1069711300329774,1.0764079500235553,1.3777943813508666,1.335817227867437,潜力词,2.8030060782626204e-06
525368335,9811363528,2042,0.31,1,1,True,0.5530654996936872,5.832593885171831,1.1789849587100678,1.1789849587100678,1.0536954876130202,1.0894924793550338,1.1252894710970476,1.0894924793550338,1.3777943813508666,1.335817227867437,潜力词,1.7378637685228247e-06
525368335,9811363528,2043,2.64,2,0,True,0.5530654996936872,1.3697758366691422,1.0912344120379938,1.0912344120379938,1.027370323611398,1.045617206018997,1.0638640884265955,1.045617206018997,1.3777943813508666,1.1022355050806933,黄金词,1.4799872093226637e-05
525368335,9811363528,2054,0.92,1,1,True,0.5530654996936872,1.9653305482644212,1.0988980071718562,1.0988980071718562,1.0296694021515567,1.049449003585928,1.0692286050202993,1.049449003585928,1.3777943813508666,1.335817227867437,潜力词,5.157531184003222e-06
525368335,9811363528,2056,24.53,26,52,True,0.5530654996936872,1.9164576728285756,1.689803826771554,1.689803826771554,1.2069411480314662,1.344901913385777,1.4828626787400878,1.344901913385777,1.3777943813508666,1.8535986779649098,重点词,0.00013751547819956418
525368335,9811363528,2060,0.83,1,0,True,0.5530654996936872,2.178438680003937,1.1100229588755082,1.1100229588755082,1.0330068876626524,1.055011479437754,1.0770160712128556,1.055011479437754,1.3777943813508666,1.2247061167563258,黄金词,4.652990089915949e-06
525368335,9811363528,2076,3.75,5,5,True,0.5530654996936872,2.4108054725376897,1.447969561559385,1.447969561559385,1.1343908684678154,1.2239847807796926,1.3135786930915696,1.2239847807796926,1.3777943813508666,1.2324888500620719,潜力词,2.1022545586969652e-05
525368335,9811363528,2078,127.96,115,117,True,0.5530654996936872,1.6249763364049372,1.5879427437610336,1.5879427437610336,1.17638282312831,1.2939713718805168,1.4115599206327234,1.2939713718805168,1.3777943813508666,1.0408321548846093,重点词,0.0007173453155489697
525368335,9811363528,2091,4.76,5,2,True,0.5530654996936872,1.899269017230323,1.3338939564755334,1.3338939564755334,1.10016818694266,1.1669469782377666,1.2337257695328734,1.1669469782377666,1.3777943813508666,1.001719619292841,潜力词,2.6684617865060145e-05
525368335,9811363528,2093,1.85,3,11,True,0.5530654996936872,2.932060709843136,1.360677327266378,1.360677327266378,1.1082031981799134,1.180338663633189,1.2524741290864645,1.180338663633189,1.3777943813508666,2.002032277346085,黄金词,1.0371122489571696e-05
525368335,9811363528,2101,3.75,3,5,True,0.5530654996936872,1.446483283522614,1.1417707293149706,1.1417707293149706,1.042531218794491,1.0708853646574852,1.0992395105204795,1.0708853646574852,1.3777943813508666,1.4565777318915394,黄金词,2.1022545586969652e-05
525368335,9811363528,2175,8.76,7,19,True,0.5530654996936872,1.4448320468975882,1.231672338336675,1.231672338336675,1.0695017015010024,1.1158361691683374,1.1621706368356723,1.1158361691683374,1.3777943813508666,2.001490336720462,重点词,4.910866649116111e-05
525368335,9811363528,2186,8.06,8,48,True,0.5530654996936872,1.7946442723605631,1.3973221361802817,1.3973221361802817,1.1191966408540845,1.1986610680901408,1.2781254953261971,1.1986610680901408,1.3777943813508666,3.6888971906754335,重点词,4.5184457981593445e-05
525368335,9811363528,2198,2.35,2,2,True,0.5530654996936872,1.5388120037474617,1.1216338336989948,1.1216338336989948,1.0364901501096984,1.0608169168494974,1.0851436835892962,1.0608169168494974,1.3777943813508666,1.3022355050806933,潜力词,1.3174128567834316e-05
525368335,9811363528,2206,32.01,43,63,True,0.5530654996936872,2.4288808650215716,2.1414643496216743,2.1414643496216743,1.3424393048865022,1.5707321748108372,1.7990250447351719,1.5707321748108372,1.3777943813508666,1.4514187264864105,重点词,0.00017944844913037294
525368335,9811363528,2217,2.02,2,8,True,0.5530654996936872,1.7902020835675916,1.1583539889689025,1.1583539889689025,1.0475061966906707,1.0791769944844511,1.1108477922782316,1.0791769944844511,1.3777943813508666,1.9022355050806934,黄金词,1.1324144556180987e-05
525368335,9811363528,2225,2.93,5,5,True,0.5530654996936872,3.085501884647214,1.5560073268440708,1.5560073268440708,1.166802198053221,1.2780036634220355,1.3892051287908496,1.2780036634220355,1.3777943813508666,1.2324888500620719,潜力词,1.6425615618618958e-05
525368335,9811363528,2243,2.54,2,3,True,0.5530654996936872,1.423704019215171,1.1015290763025032,1.1015290763025032,1.030458722890751,1.0507645381512516,1.0710703534117523,1.0507645381512516,1.3777943813508666,1.4022355050806934,黄金词,1.4239270877574112e-05
525368335,9811363528,2267,1.45,2,5,True,0.5530654996936872,2.493936695728645,1.227782146036439,1.227782146036439,1.0683346438109318,1.1138910730182197,1.1594475022255075,1.1138910730182197,1.3777943813508666,1.6022355050806933,黄金词,8.1287176269616e-06
525368335,9811363528,2274,15.49,4,0,True,0.5530654996936872,0.4669087422603661,0.649359508178899,0.649359508178899,0.8948078524536697,0.8246797540894495,0.7545516557252293,0.8246797540894495,1.3777943813508666,0.9185295875672445,重点词,8.683712830457598e-05
525368335,9811363528,2278,0.72,1,2,True,0.5530654996936872,2.5112557005600937,1.1239298524377297,1.1239298524377297,1.037178955731319,1.0619649262188648,1.0867508967064108,1.0619649262188648,1.3777943813508666,1.4469283389785481,黄金词,4.036328752698174e-06
525368335,9811363528,2288,1.64,2,2,True,0.5530654996936872,2.2050050053698382,1.2037328050316016,1.2037328050316016,1.0611198415094805,1.101866402515801,1.1426129635221212,1.101866402515801,1.3777943813508666,1.3022355050806933,潜力词,9.193859936701395e-06
525368335,9811363528,2291,2.75,3,0,True,0.5530654996936872,1.9724772048035644,1.247392443405162,1.247392443405162,1.0742177330215485,1.123696221702581,1.1731747103836134,1.123696221702581,1.3777943813508666,1.0020322773460848,黄金词,1.541653343044441e-05
525368335,9811363528,2295,5.07,2,1,True,0.5530654996936872,0.7132560569638136,0.8892770913028588,0.8892770913028588,0.9667831273908576,0.9446385456514295,0.9224939639120012,0.9446385456514295,1.3777943813508666,1.2022355050806932,潜力词,2.842248163358297e-05
525368335,9811363528,2331,3.33,4,5,True,0.5530654996936872,2.171896822106027,1.3426177715200238,1.3426177715200238,1.102785331456007,1.1713088857600118,1.2398324400640166,1.1713088857600118,1.3777943813508666,1.335196254233911,潜力词,1.8668020481229053e-05
525368335,9811363528,2335,0.59,1,0,True,0.5530654996936872,3.0645832278021485,1.1408212837460425,1.1408212837460425,1.0422463851238126,1.0704106418730213,1.0985748986222297,1.0704106418730213,1.3777943813508666,1.2247061167563258,黄金词,3.307547172349892e-06
525368335,9811363528,2354,60.44,58,87,True,0.5530654996936872,1.7351098288449622,1.648613694239263,1.648613694239263,1.194584108271779,1.3243068471196315,1.454029585967484,1.3243068471196315,1.3777943813508666,1.485187197739499,重点词,0.0003388273747403855
525368335,9811363528,2357,7.84,9,19,True,0.5530654996936872,2.0756297116874247,1.5303733924295224,1.5303733924295224,1.1591120177288565,1.2651866962147613,1.3712613747006657,1.2651866962147613,1.3777943813508666,1.7660208853415842,黄金词,4.3951135307157886e-05
525368335,9811363528,2371,20.29,22,81,True,0.5530654996936872,1.9604874468640656,1.6874176471559748,1.6874176471559748,1.2062252941467924,1.3437088235779875,1.4811923530091824,1.3437088235779875,1.3777943813508666,3.0674118350268977,重点词,0.00011374598665589714
525368335,9811363528,2382,26.76,27,51,True,0.5530654996936872,1.8243202847118172,1.633509788020914,1.633509788020914,1.1900529364062742,1.316754894010457,1.4434568516146398,1.316754894010457,1.3777943813508666,1.7720672871659124,重点词,0.00015001688530861545
525368335,9811363528,2418,7.31,6,7,True,0.5530654996936872,1.484079976254392,1.2302293185699156,1.2302293185699156,1.0690687955709746,1.115114659284958,1.1611605229989408,1.115114659284958,1.3777943813508666,1.287311075057638,潜力词,4.097994886419951e-05
525368335,9811363528,2424,6.26,4,3,True,0.5530654996936872,1.155338085880682,1.0679061744143206,1.0679061744143206,1.0203718523242962,1.0339530872071603,1.0475343220900244,1.0339530872071603,1.3777943813508666,1.1685295875672443,潜力词,3.5093636099848004e-05
525368335,9811363528,2436,1.86,2,1,True,0.5530654996936872,1.9441979617239435,1.1770371178232395,1.1770371178232395,1.0531111353469718,1.0885185589116197,1.1239259824762677,1.0885185589116197,1.3777943813508666,1.2022355050806932,潜力词,1.0427182611136948e-05
525368335,9811363528,2442,2.2,2,0,True,0.5530654996936872,1.6437310040029705,1.1380319891624302,1.1380319891624302,1.041409596748729,1.069015994581215,1.096622392413701,1.069015994581215,1.3777943813508666,1.1022355050806933,黄金词,1.233322674435553e-05
525368335,9811363528,2453,2.48,3,1,True,0.5530654996936872,2.1872227069394365,1.2793465192798674,1.2793465192798674,1.08380395578396,1.1396732596399337,1.1955425634959072,1.1396732596399337,1.3777943813508666,1.0929413682551756,潜力词,1.3902910148182598e-05
525368335,9811363528,2460,0.84,1,1,True,0.5530654996936872,2.1525048861943663,1.1087757420677828,1.1087757420677828,1.0326327226203347,1.0543878710338914,1.076143019447448,1.0543878710338914,1.3777943813508666,1.335817227867437,潜力词,4.709050211481202e-06
525368335,9811363528,2467,4.9,8,2,True,0.5530654996936872,2.952006701066559,1.7380272249402886,1.7380272249402886,1.2214081674820865,1.3690136124701442,1.516619057458202,1.3690136124701442,1.3777943813508666,0.8138971906754333,黄金词,2.7469459566973683e-05
525368335,9811363528,2500,27.75,34,83,True,0.5530654996936872,2.2153347585481473,1.9417911072245486,1.9417911072245486,1.2825373321673645,1.4708955536122743,1.659253775057184,1.4708955536122743,1.3777943813508666,2.238627501209689,重点词,0.00015556683734357544
525368335,9811363528,2518,16.92,15,61,True,0.5530654996936872,1.6029291705702726,1.4083891739811452,1.4083891739811452,1.1225167521943435,1.2041945869905726,1.2858724217868016,1.2041945869905726,1.3777943813508666,3.131406741339432,重点词,9.485372568840708e-05
525368335,9811363528,2534,12.84,11,25,True,0.5530654996936872,1.5489988433361326,1.3372796721739688,1.3372796721739688,1.1011839016521905,1.1686398360869843,1.236095770521778,1.1686398360869843,1.3777943813508666,1.8959134237266808,重点词,7.198119608978409e-05
525368335,9811363528,2546,12.2,11,56,True,0.5530654996936872,1.6302577990521265,1.3795234525387932,1.3795234525387932,1.113857035761638,1.1897617262693965,1.2656664167771552,1.1897617262693965,1.3777943813508666,3.527492371095102,重点词,6.839334830960793e-05
525368335,9811363528,2547,0.65,1,4,True,0.5530654996936872,2.781698622158873,1.1329625837431994,1.1329625837431994,1.0398887751229597,1.0664812918715998,1.0930738086202396,1.0664812918715998,1.3777943813508666,1.6691505612007704,黄金词,3.643907901741407e-06
525368335,9811363528,2553,2.88,4,2,True,0.5530654996936872,2.5112557005600937,1.3978442794893118,1.3978442794893118,1.1193532838467934,1.198922139744656,1.2784909956425183,1.198922139744656,1.3777943813508666,1.085196254233911,潜力词,1.6145315010792694e-05
525368335,9811363528,2557,126.11,148,160,True,0.5530654996936872,2.1219523229853587,2.05455323434213,2.05455323434213,1.316365970302639,1.527276617171065,1.7381872640394909,1.527276617171065,1.3777943813508666,1.0962971477615828,重点词,0.0007069741930593981
525368335,9811363528,2569,8.56,6,19,True,0.5530654996936872,1.2673626900022903,1.1377030461142963,1.1377030461142963,1.0413109138342889,1.0688515230571483,1.0963921322800074,1.0688515230571483,1.3777943813508666,2.1444539322004954,重点词,4.798746405985607e-05
525368335,9811363528,2571,7.58,8,5,True,0.5530654996936872,1.9082892922461927,1.4402067030195742,1.4402067030195742,1.132062010905872,1.220103351509787,1.3081446921137019,1.220103351509787,1.3777943813508666,1.0013971906754333,潜力词,4.249357214646133e-05
525368335,9811363528,2572,4.75,5,7,True,0.5530654996936872,1.903267478319229,1.3349352476203231,1.3349352476203231,1.1004805742860968,1.1674676238101616,1.234454673334226,1.1674676238101616,1.3777943813508666,1.3863350039082256,潜力词,2.6628557743494893e-05
525368335,9811363528,2577,22.78,23,65,True,0.5530654996936872,1.8255660404422807,1.6098052659298037,1.6098052659298037,1.182941579778941,1.3049026329649018,1.4268636861508626,1.3049026329649018,1.3777943813508666,2.452334033896998,重点词,0.000127704956925645
525368335,9811363528,2586,5.37,2,1,True,0.5530654996936872,0.6734093498708631,0.8694123759349618,0.8694123759349618,0.9608237127804885,0.934706187967481,0.9085886631544733,0.934706187967481,1.3777943813508666,1.2022355050806932,潜力词,3.0104285280540542e-05
525368335,9811363528,2597,12.23,15,19,True,0.5530654996936872,2.2176256390882267,1.7339360062123712,1.7339360062123712,1.2201808018637113,1.3669680031061855,1.5137552043486597,1.3669680031061855,1.3777943813508666,1.3053197848176927,重点词,6.85615286743037e-05
525368335,9811363528,2610,0.1,1,1,True,0.5530654996936872,18.081041044032677,1.2093264833827535,1.2093264833827535,1.062797945014826,1.1046632416913766,1.1465285383679276,1.1046632416913766,1.3777943813508666,1.335817227867437,潜力词,5.606012156525242e-07
525368335,9811363528,2624,43.85,44,57,True,0.5530654996936872,1.8142891811572124,1.6878555306057361,1.6878555306057361,1.2063566591817207,1.343927765302868,1.4814988714240152,1.343927765302868,1.3777943813508666,1.308122212515518,重点词,0.00024582363306363184
525368335,9811363528,2633,877.62,769,1298,True,0.5530654996936872,1.5843212965590037,1.5790037669204597,1.5790037669204597,1.1737011300761377,1.2895018834602299,1.4053026368443218,1.2895018834602299,1.3777943813508666,1.6847134556638441,重点词,0.004919948388809682
525368335,9811363528,2638,8.93,9,34,True,0.5530654996936872,1.8222773728588362,1.4321916974472868,1.4321916974472868,1.129657509234186,1.2160958487236435,1.3025341882131007,1.2160958487236435,1.3777943813508666,2.648373826518055,重点词,5.00616885577704e-05
525368335,9811363528,2655,0.99,3,3,True,0.5530654996936872,5.479103346676569,1.489979261128155,1.489979261128155,1.1469937783384465,1.2449896305640775,1.3429854827897085,1.2449896305640775,1.3777943813508666,1.2747595500733575,潜力词,5.549952034959989e-06
525368335,9811363528,2675,1.83,1,5,True,0.5530654996936872,0.9880350297285614,0.9977860570680755,0.9977860570680755,0.9993358171204226,0.9988930285340378,0.9984502399476529,0.9988930285340378,1.3777943813508666,1.7802616723118814,黄金词,1.0259002246441192e-05
525368335,9811363528,2711,0.35,1,0,True,0.5530654996936872,5.166011726866479,1.1733774202619818,1.1733774202619818,1.0520132260785946,1.086688710130991,1.1213641941833874,1.086688710130991,1.3777943813508666,1.2247061167563258,黄金词,1.9621042547838343e-06
525368335,9811363528,2718,1.15,2,2,True,0.5530654996936872,3.1445288772230744,1.2677750498161275,1.2677750498161275,1.0803325149448382,1.1338875249080638,1.1874425348712894,1.1338875249080638,1.3777943813508666,1.3022355050806933,潜力词,6.446913980004026e-06
525368335,9811363528,2719,1.63,3,5,True,0.5530654996936872,3.327798965159388,1.3915698981640663,1.3915698981640663,1.1174709694492198,1.1957849490820331,1.2740989287148463,1.1957849490820331,1.3777943813508666,1.4565777318915394,潜力词,9.137799815136143e-06
525368335,9811363528,2724,17.48,15,24,True,0.5530654996936872,1.5515767486298062,1.3775082837137436,1.3775082837137436,1.113252485114123,1.188754141856872,1.2642557985996206,1.188754141856872,1.3777943813508666,1.522711089165519,重点词,9.799309249606121e-05
525368335,9811363528,2731,3.0,2,2,True,0.5530654996936872,1.2054027362688449,1.0557150279210248,1.0557150279210248,1.0167145083763074,1.0278575139605124,1.0390005195447174,1.0278575139605124,1.3777943813508666,1.3022355050806933,潜力词,1.6818036469575722e-05
525368335,9811363528,2734,7.95,8,54,True,0.5530654996936872,1.819475828330332,1.4069227254981973,1.4069227254981973,1.122076817649459,1.2034613627490987,1.2848459078487382,1.2034613627490987,1.3777943813508666,4.0638971906754335,黄金词,4.4567796644375666e-05
525368335,9811363528,2742,2201.88,6284,4228,True,0.5530654996936872,5.160193194938022,5.14502031370541,2.782,1.5346,1.891,2.2474,1.891,1.3777943813508666,0.6737162039178015,重点词,0.012343766047209798
525368335,9811363528,2749,4.24,5,3,True,0.5530654996936872,2.1321982363246077,1.3902862213021412,1.3902862213021412,1.1170858663906422,1.1951431106510706,1.273200354911499,1.1951431106510706,1.3777943813508666,1.078642696215918,潜力词,2.3769491543667022e-05
525368335,9811363528,2759,1.33,2,8,True,0.5530654996936872,2.718953540456041,1.2434726526950517,1.2434726526950517,1.0730417958085154,1.1217363263475257,1.170430856886536,1.1217363263475257,1.3777943813508666,1.9022355050806934,黄金词,7.4559961681785706e-06
525368335,9811363528,2762,3.98,5,4,True,0.5530654996936872,2.2714875683458136,1.4203090134565064,1.4203090134565064,1.126092704036952,1.2101545067282533,1.2942163094195545,1.2101545067282533,1.3777943813508666,1.1555657731389948,潜力词,2.231192838297046e-05
525368335,9811363528,2767,4.47,6,3,True,0.5530654996936872,2.426985375037943,1.5090682064181646,1.5090682064181646,1.1527204619254494,1.2545341032090822,1.3563477444927152,1.2545341032090822,1.3777943813508666,1.0015967893433524,潜力词,2.5058874339667825e-05
525368335,9811363528,2768,3.5,4,2,True,0.5530654996936872,2.0664046907465914,1.3228733925270821,1.3228733925270821,1.0968620177581245,1.1614366962635412,1.2260113747689574,1.1614366962635412,1.3777943813508666,1.085196254233911,潜力词,1.9621042547838344e-05
525368335,9811363528,2770,1.86,2,2,True,0.5530654996936872,1.9441979617239435,1.1770371178232395,1.1770371178232395,1.0531111353469718,1.0885185589116197,1.1239259824762677,1.0885185589116197,1.3777943813508666,1.3022355050806933,潜力词,1.0427182611136948e-05
525368335,9811363528,2790,6.8,6,4,True,0.5530654996936872,1.5953859744734713,1.2724511861655186,1.2724511861655186,1.0817353558496556,1.1362255930827594,1.190715830315863,1.1362255930827594,1.3777943813508666,1.0730253607719238,潜力词,3.8120882664371634e-05
525368335,9811363528,2796,0.56,1,1,True,0.5530654996936872,3.228757329291549,1.1447916594435343,1.1447916594435343,1.0434374978330603,1.072395829721767,1.101354161610474,1.072395829721767,1.3777943813508666,1.335817227867437,潜力词,3.139366807654135e-06
525368335,9811363528,2806,45.31,44,60,True,0.5530654996936872,1.7558283070788736,1.6416822295998457,1.6416822295998457,1.1925046688799537,1.3208411147999228,1.449177560719892,1.3208411147999228,1.3777943813508666,1.3658145202078258,重点词,0.00025400841081215866
525368335,9811363528,2807,128.13,146,236,True,0.5530654996936872,2.0602762759921727,1.9975269788007712,1.9975269788007712,1.2992580936402311,1.4987634894003856,1.6982688851605399,1.4987634894003856,1.3777943813508666,1.6040412665636814,重点词,0.0007182983376155791
525368335,9811363528,2826,0.15,1,1,True,0.5530654996936872,12.054027362688451,1.2019615230698255,1.2019615230698255,1.0605884569209476,1.1009807615349128,1.141373066148878,1.1009807615349128,1.3777943813508666,1.335817227867437,潜力词,8.409018234787861e-07
525368335,9811363528,2835,2.16,2,15,True,0.5530654996936872,1.6741704670400623,1.1424861261063146,1.1424861261063146,1.0427458378318943,1.0712430630531573,1.0997402882744203,1.0712430630531573,1.3777943813508666,2.602235505080693,黄金词,1.210898625809452e-05
525368335,9811363528,2843,4124.08,5431,5542,True,0.5530654996936872,2.3810918777070635,2.378397970788537,2.378397970788537,1.4135193912365611,1.6891989853942686,1.964878579551976,1.6891989853942686,1.3777943813508666,1.0209638453853296,重点词,0.023119642614482613
525368335,9811363528,2858,7.04,6,13,True,0.5530654996936872,1.5409978162527849,1.2522267964516294,1.2522267964516294,1.0756680389354887,1.1261133982258147,1.1765587575161405,1.1261133982258147,1.3777943813508666,1.7158825036290666,黄金词,3.9466325581937697e-05
525368335,9811363528,2859,4.18,3,3,True,0.5530654996936872,1.2976823715812926,1.1016595027132192,1.1016595027132192,1.0304978508139657,1.0508297513566096,1.0711616518992535,1.0508297513566096,1.3777943813508666,1.2747595500733575,黄金词,2.3433130814275506e-05
525368335,9811363528,2877,1.46,1,3,True,0.5530654996936872,1.2384274687693613,1.0365655571852173,1.0365655571852173,1.0109696671555652,1.0182827785926087,1.0255958900296522,1.0182827785926087,1.3777943813508666,1.5580394500896593,黄金词,8.184777748526851e-06
525368335,9811363528,2890,3.71,4,82,True,0.5530654996936872,1.9494383874967842,1.299270723671459,1.299270723671459,1.0897812171014376,1.1496353618357293,1.209489506570021,1.1496353618357293,1.3777943813508666,7.751862920900578,黄金词,2.0798305100708644e-05
525368335,9811363528,2904,4.24,6,3,True,0.5530654996936872,2.5586378835895296,1.5372865549934638,1.5372865549934638,1.161185966498039,1.2686432774967318,1.3761005884954247,1.2686432774967318,1.3777943813508666,1.0015967893433524,潜力词,2.3769491543667022e-05
525368335,9811363528,2914,4623.04,5627,3428,True,0.5530654996936872,2.200760061664443,2.1986702501516238,2.1986702501516238,1.3596010750454872,1.5993351250758119,1.8390691751061365,1.5993351250758119,1.3777943813508666,0.6102967799557776,重点词,0.02591681844010245
525368335,9811363528,2916,1.83,1,1,True,0.5530654996936872,0.9880350297285614,0.9977860570680755,0.9977860570680755,0.9993358171204226,0.9988930285340378,0.9984502399476529,0.9988930285340378,1.3777943813508666,1.335817227867437,潜力词,1.0259002246441192e-05
525368335,9811363528,2919,90.58,106,104,True,0.5530654996936872,2.115908976228156,2.0247266328745575,2.0247266328745575,1.3074179898623672,1.5123633164372787,1.7173086430121902,1.5123633164372787,1.3777943813508666,1.0089680267614645,重点词,0.0005077925811380563
525368335,9811363528,2953,0.85,1,1,True,0.5530654996936872,2.1271812992979617,1.1075313248488516,1.1075313248488516,1.0322593974546554,1.0537656624244258,1.0752719273941962,1.0537656624244258,1.3777943813508666,1.335817227867437,潜力词,4.765110333046454e-06
525368335,9811363528,2955,2.82,5,5,True,0.5530654996936872,3.2058583411405457,1.571739018567678,1.571739018567678,1.1715217055703033,1.285869509283839,1.4002173129973745,1.285869509283839,1.3777943813508666,1.2324888500620719,潜力词,1.580895428140118e-05
525368335,9811363528,2961,3144.54,4114,5321,True,0.5530654996936872,2.365541632644216,2.362050461687193,2.362050461687193,1.4086151385061578,1.6810252308435965,1.953435323181035,1.6810252308435965,1.3777943813508666,1.2935522452816126,重点词,0.01762832946667988
525368335,9811363528,2964,4.03,3,2,True,0.5530654996936872,1.3459832042704223,1.1153277347568076,1.1153277347568076,1.0345983204270421,1.0576638673784038,1.0807294143297654,1.0576638673784038,1.3777943813508666,1.1838504591642667,潜力词,2.2592228990796722e-05
525368335,9811363528,2976,0.15,1,1,True,0.5530654996936872,12.054027362688451,1.2019615230698255,1.2019615230698255,1.0605884569209476,1.1009807615349128,1.141373066148878,1.1009807615349128,1.3777943813508666,1.335817227867437,潜力词,8.409018234787861e-07
525368335,9811363528,2978,2698.76,4658,6365,True,0.5530654996936872,3.120747646441484,3.114432772888637,2.782,1.5346,1.891,2.2474,1.891,1.3777943813508666,1.3664857168990157,重点词,0.01512928136754406
525368335,9811363528,2990,3.5,2,1,True,0.5530654996936872,1.0332023453732957,1.0100526132185583,1.0100526132185583,1.0030157839655676,1.0050263066092793,1.007036829252991,1.0050263066092793,1.3777943813508666,1.2022355050806932,潜力词,1.9621042547838344e-05
525368335,9811363528,2996,1.0,1,3,True,0.5530654996936872,1.8081041044032675,1.0891947135102944,1.0891947135102944,1.0267584140530883,1.0445973567551472,1.062436299457206,1.0445973567551472,1.3777943813508666,1.5580394500896593,黄金词,5.606012156525241e-06
525368335,9811363528,3024,4.23,5,14,True,0.5530654996936872,2.137238894093697,1.3914174550053977,1.3914174550053977,1.1174252365016193,1.1957087275026987,1.2739922185037784,1.1957087275026987,1.3777943813508666,1.9247965423697642,黄金词,2.371343142210177e-05
525368335,9811363528,3029,1.8,1,3,True,0.5530654996936872,1.0045022802240375,1.0008219172822788,1.0008219172822788,1.0002465751846836,1.0004109586411394,1.0005753420975951,1.0004109586411394,1.3777943813508666,1.5580394500896593,黄金词,1.0090821881745434e-05
525368335,9811363528,3043,0.95,1,8,True,0.5530654996936872,1.903267478319229,1.0952390792900408,1.0952390792900408,1.0285717237870122,1.0476195396450203,1.0666673555030286,1.0476195396450203,1.3777943813508666,2.1135950056452146,黄金词,5.325711548698979e-06
525368335,9811363528,3045,24.51,22,68,True,0.5530654996936872,1.6229412605822882,1.4687838592837545,1.4687838592837545,1.1406351577851264,1.2343919296418773,1.3281487014986282,1.2343919296418773,1.3777943813508666,2.6340785016935646,重点词,0.00013740335795643367
525368335,9811363528,3072,5.77,6,6,True,0.5530654996936872,1.8801775782356336,1.3672179773260742,1.3672179773260742,1.1101653931978221,1.1836089886630372,1.2570525841282518,1.1836089886630372,1.3777943813508666,1.2158825036290666,潜力词,3.2346690143150634e-05
525368335,9811363528,3073,38.81,35,99,True,0.5530654996936872,1.6306014855479094,1.5221600950312428,1.5221600950312428,1.1566480285093728,1.2610800475156214,1.3655120665218698,1.2610800475156214,1.3777943813508666,2.558659419786208,重点词,0.0002175693317947446
525368335,9811363528,3078,33.02,29,54,True,0.5530654996936872,1.5879775598938448,1.4726148740918878,1.4726148740918878,1.1417844622275664,1.236307437045944,1.3308304118643215,1.236307437045944,1.3777943813508666,1.7573609473191063,重点词,0.00018511052140846346
525368335,9811363528,3082,1.32,1,1,True,0.5530654996936872,1.3697758366691422,1.0520366849043994,1.0520366849043994,1.0156110054713197,1.0260183424521996,1.0364256794330795,1.0260183424521996,1.3777943813508666,1.335817227867437,潜力词,7.3999360466133185e-06
525368335,9811363528,3090,1.9,1,0,True,0.5530654996936872,0.9516337391596145,0.9907735044581593,0.9907735044581593,0.9972320513374477,0.9953867522290796,0.9935414531207115,0.9953867522290796,1.3777943813508666,1.2247061167563258,黄金词,1.0651423097397958e-05
525368335,9811363528,3124,0.3,2,2,True,0.5530654996936872,12.054027362688451,1.3966756230629827,1.3966756230629827,1.1190026869188947,1.1983378115314913,1.277672936144088,1.1983378115314913,1.3777943813508666,1.3022355050806933,潜力词,1.6818036469575723e-06
525368335,9811363528,3158,1.99,1,1,True,0.5530654996936872,0.9085950273383253,0.981900905910773,0.981900905910773,0.9945702717732319,0.9909504529553865,0.9873306341375411,0.9909504529553865,1.3777943813508666,1.335817227867437,潜力词,1.115596419148523e-05
525368335,9811363528,3179,3.04,5,4,True,0.5530654996936872,2.973855434873795,1.5405874344158863,1.5405874344158863,1.1621762303247658,1.2702937172079432,1.3784112040911203,1.2702937172079432,1.3777943813508666,1.1555657731389948,黄金词,1.7042276955836734e-05
525368335,9811363528,3181,11.07,13,50,True,0.5530654996936872,2.1233381533191036,1.6500446083242275,1.6500446083242275,1.1950133824972682,1.3250223041621139,1.4550312258269593,1.3250223041621139,1.3777943813508666,2.9058264309908064,重点词,6.205855457273442e-05
525368335,9811363528,3185,2.72,4,2,True,0.5530654996936872,2.658976624122452,1.418591504416797,1.418591504416797,1.125577451325039,1.2092957522083985,1.293014053091758,1.2092957522083985,1.3777943813508666,1.085196254233911,潜力词,1.5248353065748657e-05
525368335,9811363528,3202,32.23,27,119,True,0.5530654996936872,1.5147009251904509,1.4117351903422244,1.4117351903422244,1.1235205571026672,1.2058675951711122,1.2882146332395572,1.2058675951711122,1.3777943813508666,3.7149244300230553,重点词,0.00018068177180480849
525368335,9811363528,3211,4.96,6,6,True,0.5530654996936872,2.1872227069394365,1.4522753169293094,1.4522753169293094,1.1356825950787928,1.2261376584646548,1.3165927218505167,1.2261376584646548,1.3777943813508666,1.2158825036290666,潜力词,2.7805820296365195e-05
525368335,9811363528,3222,1176.51,172,337,True,0.5530654996936872,0.2643359648089366,0.26934153824371887,0.26934153824371887,0.7808024614731156,0.6346707691218594,0.48853907677060326,0.6346707691218594,1.3777943813508666,1.9334575280600386,重点词,0.006595529362273511
525368335,9811363528,3280,30.61,27,55,True,0.5530654996936872,1.594864776833983,1.4708769283394938,1.4708769283394938,1.141263078501848,1.235438464169747,1.3296138498376457,1.235438464169747,1.3777943813508666,1.8863530014516268,重点词,0.00017160003211123763
525368335,9811363528,3281,1.75,2,1,True,0.5530654996936872,2.0664046907465914,1.1902352914175878,1.1902352914175878,1.0570705874252764,1.0951176457087939,1.1331647039923114,1.0951176457087939,1.3777943813508666,1.2022355050806932,潜力词,9.810521273919172e-06
525368335,9811363528,3300,0.1,1,0,True,0.5530654996936872,18.081041044032677,1.2093264833827535,1.2093264833827535,1.062797945014826,1.1046632416913766,1.1465285383679276,1.1046632416913766,1.3777943813508666,1.2247061167563258,黄金词,5.606012156525242e-07
525368335,9811363528,3313,36.15,43,107,True,0.5530654996936872,2.150718575085491,1.9409291221293938,1.9409291221293938,1.2822787366388182,1.470464561064697,1.6586503854905756,1.470464561064697,1.3777943813508666,2.314163824525626,重点词,0.00020265733945838745
525368335,9811363528,3320,0.15,1,1,True,0.5530654996936872,12.054027362688451,1.2019615230698255,1.2019615230698255,1.0605884569209476,1.1009807615349128,1.141373066148878,1.1009807615349128,1.3777943813508666,1.335817227867437,潜力词,8.409018234787861e-07
525368335,9811363528,3331,1.01,1,1,True,0.5530654996936872,1.7902020835675916,1.087993837310173,1.087993837310173,1.0263981511930518,1.0439969186550866,1.061595686117121,1.0439969186550866,1.3777943813508666,1.335817227867437,潜力词,5.662072278090494e-06
525368335,9811363528,3352,4.01,3,3,True,0.5530654996936872,1.3526963374588037,1.1171758337373492,1.1171758337373492,1.0351527501212048,1.0585879168686745,1.0820230836161444,1.0585879168686745,1.3777943813508666,1.2747595500733575,潜力词,2.2480108747666215e-05
525368335,9811363528,3359,2.83,3,1,True,0.5530654996936872,1.9167181318762554,1.2382288625537008,1.2382288625537008,1.0714686587661102,1.1191144312768504,1.1667602037875906,1.1191144312768504,1.3777943813508666,1.0929413682551756,潜力词,1.586501440296643e-05
525368335,9811363528,3365,1.95,1,2,True,0.5530654996936872,0.9272328740529578,0.9858245858544724,0.9858245858544724,0.9957473757563416,0.9929122929272363,0.9900772100981307,0.9929122929272363,1.3777943813508666,1.4469283389785481,黄金词,1.093172370522422e-05
525368335,9811363528,3396,1.26,1,1,True,0.5530654996936872,1.4350032574629106,1.0588094532621533,1.0588094532621533,1.0176428359786458,1.0294047266310766,1.0411666172835072,1.0294047266310766,1.3777943813508666,1.335817227867437,潜力词,7.063575317221804e-06
525368335,9811363528,3413,1.41,1,1,True,0.5530654996936872,1.2823433364562182,1.042038448194643,1.042038448194643,1.0126115344583928,1.0210192240973215,1.0294269137362502,1.0210192240973215,1.3777943813508666,1.335817227867437,潜力词,7.90447714070059e-06
525368335,9811363528,3460,0.6,1,0,True,0.5530654996936872,3.013506840672113,1.1395039381528023,1.1395039381528023,1.0418511814458407,1.069751969076401,1.0976527567069616,1.069751969076401,1.3777943813508666,1.2247061167563258,黄金词,3.3636072939151445e-06
525368335,9811363528,3463,0.53,2,2,True,0.5530654996936872,6.823034356238745,1.3592791861241602,1.3592791861241602,1.107783755837248,1.1796395930620802,1.2514954302869121,1.1796395930620802,1.3777943813508666,1.3022355050806933,潜力词,2.9711864429583777e-06
525368335,9811363528,3473,7.85,7,13,True,0.5530654996936872,1.6123221313150158,1.3021199705105513,1.3021199705105513,1.0906359911531653,1.1510599852552756,1.2114839793573857,1.1510599852552756,1.3777943813508666,1.6014903367204623,黄金词,4.400719542872314e-05
525368335,9811363528,3476,6.72,7,19,True,0.5530654996936872,1.8834417754200705,1.4016731211652824,1.4016731211652824,1.1205019363495847,1.2008365605826412,1.2811711848156977,1.2008365605826412,1.3777943813508666,2.001490336720462,黄金词,3.767240169184962e-05
525368335,9811363528,3481,8.14,12,62,True,0.5530654996936872,2.665509736221033,1.8368672378295803,1.8368672378295803,1.251060171348874,1.4184336189147901,1.5858070664807062,1.4184336189147901,1.3777943813508666,3.6511177525403467,重点词,4.563293895411546e-05
525368335,9811363528,3486,0.15,1,2,True,0.5530654996936872,12.054027362688451,1.2019615230698255,1.2019615230698255,1.0605884569209476,1.1009807615349128,1.141373066148878,1.1009807615349128,1.3777943813508666,1.4469283389785481,黄金词,8.409018234787861e-07
525368335,9811363528,3487,5.23,5,4,True,0.5530654996936872,1.7285890099457624,1.2867208820177831,1.2867208820177831,1.0860162646053348,1.1433604410088916,1.2007046174124483,1.1433604410088916,1.3777943813508666,1.1555657731389948,潜力词,2.931944357862701e-05
525368335,9811363528,3495,2.74,4,10,True,0.5530654996936872,2.6395680356252083,1.4159644831123213,1.4159644831123213,1.1247893449336963,1.2079822415561607,1.291175138178625,1.2079822415561607,1.3777943813508666,1.7518629209005778,黄金词,1.5360473308879162e-05
525368335,9811363528,3515,2110.21,88,180,True,0.5530654996936872,0.07540157670918417,0.07891966613674722,0.21,0.7629999999999999,0.605,0.44700000000000006,0.605,1.3777943813508666,1.9898161984459055,重点词,0.011829862912821128
525368335,9811363528,3535,9.73,8,21,True,0.5530654996936872,1.4866220796738068,1.2661513679160283,1.2661513679160283,1.0798454103748085,1.133075683958014,1.1863059575412198,1.133075683958014,1.3777943813508666,2.0013971906754335,重点词,5.4546498282990595e-05
525368335,9811363528,3541,3.12,4,3,True,0.5530654996936872,2.3180821851323943,1.3678368888741568,1.3678368888741568,1.110351066662247,1.1839184444370785,1.2574858222119096,1.1839184444370785,1.3777943813508666,1.1685295875672443,黄金词,1.7490757928358753e-05
525368335,9811363528,3544,0.9,1,4,True,0.5530654996936872,2.009004560448075,1.1013509045092933,1.1013509045092933,1.0304052713527878,1.0506754522546466,1.0709456331565053,1.0506754522546466,1.3777943813508666,1.6691505612007704,黄金词,5.045410940872717e-06
525368335,9811363528,3575,167.95,71,201,True,0.5530654996936872,0.7643667246956356,0.7751570445578774,0.7751570445578774,0.9325471133673632,0.8875785222789387,0.8426099311905142,0.8875785222789387,1.3777943813508666,2.6838272791241384,重点词,0.0009415297416884141
525368335,9811363528,3595,3343.5,420,418,True,0.5530654996936872,0.22712837560920363,0.22898701615050082,0.22898701615050082,0.7686961048451502,0.6144935080752504,0.4602909113053506,0.6144935080752504,1.3777943813508666,1.00238868002525,重点词,0.018743701645342142
525368335,9811363528,3597,44.81,51,65,True,0.5530654996936872,2.057873450670981,1.896601273398272,1.896601273398272,1.2689803820194814,1.448300636699136,1.6276208913787904,1.448300636699136,1.3777943813508666,1.2885144923865584,重点词,0.00025120540473389603
525368335,9811363528,3634,1.18,1,0,True,0.5530654996936872,1.5322916139010743,1.0679766346756785,1.0679766346756785,1.0203929904027036,1.0339883173378392,1.047583644272975,1.0339883173378392,1.3777943813508666,1.2247061167563258,黄金词,6.615094344699784e-06
525368335,9811363528,3643,3.44,5,4,True,0.5530654996936872,2.628058291283819,1.4870017845231598,1.4870017845231598,1.1461005353569478,1.2435008922615798,1.3409012491662118,1.2435008922615798,1.3777943813508666,1.1555657731389948,潜力词,1.928468181844683e-05
525368335,9811363528,3649,33.42,4,3,True,0.5530654996936872,0.21640982697824865,0.36866963398295727,0.36866963398295727,0.8106008901948871,0.6843348169914787,0.5580687437880701,0.6843348169914787,1.3777943813508666,1.1685295875672443,重点词,0.00018735292627107355
525368335,9811363528,3665,3.95,5,15,True,0.5530654996936872,2.2887393726623637,1.4238568294767973,1.4238568294767973,1.1271570488430391,1.2119284147383986,1.296699780633758,1.2119284147383986,1.3777943813508666,2.001719619292841,黄金词,2.2143748018274703e-05
525368335,9811363528,3673,0.85,1,0,True,0.5530654996936872,2.1271812992979617,1.1075313248488516,1.1075313248488516,1.0322593974546554,1.0537656624244258,1.0752719273941962,1.0537656624244258,1.3777943813508666,1.2247061167563258,黄金词,4.765110333046454e-06
525368335,9811363528,3692,16.38,15,49,True,0.5530654996936872,1.6557729893802817,1.439507429052742,1.439507429052742,1.1318522287158226,1.219753714526371,1.3076552003369195,1.219753714526371,1.3777943813508666,2.6096676109046495,重点词,9.182647912388344e-05
525368335,9811363528,3697,1.28,1,0,True,0.5530654996936872,1.4125813315650528,1.0565421953322556,1.0565421953322556,1.0169626585996765,1.0282710976661278,1.0395795367325789,1.0282710976661278,1.3777943813508666,1.2247061167563258,黄金词,7.175695560352309e-06
525368335,9811363528,3703,1.28,1,1,True,0.5530654996936872,1.4125813315650528,1.0565421953322556,1.0565421953322556,1.0169626585996765,1.0282710976661278,1.0395795367325789,1.0282710976661278,1.3777943813508666,1.335817227867437,潜力词,7.175695560352309e-06
525368335,9811363528,3716,1.44,1,1,True,0.5530654996936872,1.2556278502800469,1.038747800463502,1.038747800463502,1.0116243401390506,1.019373900231751,1.0271234603244515,1.019373900231751,1.3777943813508666,1.335817227867437,潜力词,8.072657505396347e-06
525368335,9811363528,3733,0.71,1,1,True,0.5530654996936872,2.546625499159532,1.1252114144131435,1.1252114144131435,1.037563424323943,1.0626057072065718,1.0876479900892004,1.0626057072065718,1.3777943813508666,1.335817227867437,潜力词,3.980268631132921e-06
525368335,9811363528,3742,1.99,2,1,True,0.5530654996936872,1.8171900546766506,1.1618117620703021,1.1618117620703021,1.0485435286210905,1.080905881035151,1.1132682334492114,1.080905881035151,1.3777943813508666,1.2022355050806932,潜力词,1.115596419148523e-05
525368335,9811363528,3759,0.97,1,1,True,0.5530654996936872,1.864024849900276,1.0928133005983685,1.0928133005983685,1.0278439901795104,1.0464066502991842,1.0649693104188578,1.0464066502991842,1.3777943813508666,1.335817227867437,潜力词,5.437831791829484e-06
525368335,9811363528,3769,4.68,6,12,True,0.5530654996936872,2.3180821851323943,1.4841934557629204,1.4841934557629204,1.145258036728876,1.24209672788146,1.3389354190340443,1.24209672788146,1.3777943813508666,1.6444539322004952,潜力词,2.6236136892538125e-05
525368335,9811363528,3775,4.81,4,6,True,0.5530654996936872,1.5036208768426342,1.1882219438704793,1.1882219438704793,1.0564665831611437,1.0941109719352395,1.1317553607093354,1.0941109719352395,1.3777943813508666,1.4185295875672443,潜力词,2.6964918472886405e-05
525368335,9811363528,3779,2.4,2,0,True,0.5530654996936872,1.5067534203360564,1.116272295296992,1.116272295296992,1.0348816885890975,1.0581361476484958,1.0813906067078944,1.0581361476484958,1.3777943813508666,1.1022355050806933,黄金词,1.3454429175660578e-05
525368335,9811363528,3843,6.63,5,13,True,0.5530654996936872,1.363577755960232,1.1640926155218745,1.1640926155218745,1.0492277846565623,1.0820463077609372,1.1148648308653122,1.0820463077609372,1.3777943813508666,1.847873465446687,黄金词,3.716786059776234e-05
525368335,9811363528,3916,0.58,1,0,True,0.5530654996936872,3.117420869660806,1.1421416787503782,1.1421416787503782,1.0426425036251135,1.071070839375189,1.0994991751252647,1.071070839375189,1.3777943813508666,1.2247061167563258,黄金词,3.2514870507846396e-06
525368335,9811363528,3923,316.24,20,94,True,0.5530654996936872,0.11435012044037868,0.13636164689505195,0.21,0.7629999999999999,0.605,0.44700000000000006,0.605,1.3777943813508666,3.7507983946716763,重点词,0.0017728452843795422
525368335,9811363528,3924,4.53,6,21,True,0.5530654996936872,2.394839873381811,1.5018764596044167,1.5018764596044167,1.150562937881325,1.2509382298022085,1.3513135217230916,1.2509382298022085,1.3777943813508666,2.287311075057638,黄金词,2.539523506905934e-05
525368335,9811363528,3934,4.48,4,6,True,0.5530654996936872,1.6143786646457745,1.2194909423933868,1.2194909423933868,1.0658472827180159,1.1097454711966934,1.1536436596753707,1.1097454711966934,1.3777943813508666,1.4185295875672443,潜力词,2.511493446123308e-05
525368335,9811363528,3936,155.23,28,51,True,0.5530654996936872,0.3261413059543355,0.3594029942022873,0.3594029942022873,0.8078208982606861,0.6797014971011437,0.5515820959416011,0.6797014971011437,1.3777943813508666,1.7228431958557482,重点词,0.0008702212670574131
525368335,9811363528,3951,4.31,1,0,True,0.5530654996936872,0.4195137133186236,0.7977448750528107,0.7977448750528107,0.9393234625158431,0.8988724375264053,0.8584214125369675,0.8988724375264053,1.3777943813508666,1.2247061167563258,黄金词,2.4161912394623786e-05
525368335,9811363528,3979,1.82,1,1,True,0.5530654996936872,0.9934637936281688,0.9987959619841364,0.9987959619841364,0.9996387885952409,0.9993979809920682,0.9991571733888955,0.9993979809920682,1.3777943813508666,1.335817227867437,潜力词,1.0202942124875938e-05
525368335,9811363528,3996,1.7,6,5,True,0.5530654996936872,6.381543897893885,1.9373590805757792,1.9373590805757792,1.2812077241727335,1.4686795402878896,1.6561513564030454,1.4686795402878896,1.3777943813508666,1.1444539322004952,潜力词,9.530220666092909e-06
525368335,9811363528,4005,3.61,1,1,True,0.5530654996936872,0.5008598627155866,0.8455958958357556,0.8455958958357556,0.9536787687507267,0.9227979479178778,0.8919171270850289,0.9227979479178778,1.3777943813508666,1.335817227867437,潜力词,2.023770388505612e-05
525368335,9811363528,4012,1.78,5,4,True,0.5530654996936872,5.078944113492324,1.7378577766276766,1.7378577766276766,1.221357332988303,1.3689288883138384,1.5165004436393736,1.3689288883138384,1.3777943813508666,1.1555657731389948,潜力词,9.978701638614928e-06
525368335,9811363528,4025,4371.61,319,1051,True,0.5530654996936872,0.13193885303232503,0.13353636445317624,0.21,0.7629999999999999,0.605,0.44700000000000006,0.605,1.3777943813508666,3.247774786088095,重点词,0.024507298803587305
525368335,9811363528,4032,11.18,11,52,True,0.5530654996936872,1.7789933048690467,1.4526582717482297,1.4526582717482297,1.135797481524469,1.2263291358741149,1.3168607902237608,1.2263291358741149,1.3777943813508666,3.3169660553056284,重点词,6.26752159099522e-05
525368335,9811363528,4039,1.21,2,2,True,0.5530654996936872,2.9886018254599462,1.2595693860632726,1.2595693860632726,1.0778708158189818,1.1297846930316364,1.1816985702442908,1.1297846930316364,1.3777943813508666,1.3022355050806933,潜力词,6.783274709395541e-06
525368335,9811363528,4041,0.78,1,2,True,0.5530654996936872,2.3180821851323943,1.116301369276388,1.116301369276388,1.0348904107829164,1.058150684638194,1.0814109584934717,1.058150684638194,1.3777943813508666,1.4469283389785481,黄金词,4.372689482089688e-06
525368335,9811363528,4042,1.73,7,20,True,0.5530654996936872,7.316028168105707,2.116111208459946,2.116111208459946,1.3348333625379838,1.558055604229973,1.781277845921962,1.558055604229973,1.3777943813508666,2.068157003387129,黄金词,9.698401030788666e-06
525368335,9811363528,4045,2116.51,24,117,True,0.5530654996936872,0.02050285541087848,0.024218782391579666,0.21,0.7629999999999999,0.605,0.44700000000000006,0.605,1.3777943813508666,4.000698595337717,重点词,0.011865180789407239
525368335,9811363528,4053,223.0,37,100,True,0.5530654996936872,0.2999993357081655,0.32441725899299273,0.32441725899299273,0.7973251776978978,0.6622086294964964,0.527092081295095,0.6622086294964964,1.3777943813508666,2.4671634455734877,重点词,0.0012501407109051287
525368335,9811363528,4091,44.79,64,337,True,0.5530654996936872,2.5835825559680536,2.342074979788252,2.342074979788252,1.4026224939364755,1.671037489894126,1.9394524858517763,1.671037489894126,1.3777943813508666,4.833643820150097,重点词,0.00025109328449076556
525368335,9811363528,4108,2.36,3,2,True,0.5530654996936872,2.2984374208516116,1.2940798765076587,1.2940798765076587,1.0882239629522976,1.1470399382538292,1.205855913555361,1.1470399382538292,1.3777943813508666,1.1838504591642667,黄金词,1.3230188689399568e-05
525368335,9811363528,4111,0.54,1,1,True,0.5530654996936872,3.3483409340801247,1.147453965628287,1.147453965628287,1.044236189688486,1.0737269828141436,1.1032177759398007,1.0737269828141436,1.3777943813508666,1.335817227867437,潜力词,3.02724656452363e-06
525368335,9811363528,4158,4.79,3,3,True,0.5530654996936872,1.1324242825072657,1.049362825930724,1.049362825930724,1.0148088477792172,1.024681412965362,1.0345539781515067,1.024681412965362,1.3777943813508666,1.2747595500733575,潜力词,2.6852798229755904e-05
525368335,9811363528,4163,1.26,1,0,True,0.5530654996936872,1.4350032574629106,1.0588094532621533,1.0588094532621533,1.0176428359786458,1.0294047266310766,1.0411666172835072,1.0294047266310766,1.3777943813508666,1.2247061167563258,黄金词,7.063575317221804e-06
525368335,9811363528,4171,5.91,6,7,True,0.5530654996936872,1.8356386846733679,1.3535164371094923,1.3535164371094923,1.1060549311328476,1.1767582185547463,1.2474615059766445,1.1767582185547463,1.3777943813508666,1.287311075057638,潜力词,3.3131531845064176e-05
525368335,9811363528,4189,8.85,8,19,True,0.5530654996936872,1.634444388161146,1.3320421546555967,1.3320421546555967,1.0996126463966789,1.1660210773277984,1.2324295082589178,1.1660210773277984,1.3777943813508666,1.8763971906754333,重点词,4.9613207585248376e-05
525368335,9811363528,4202,1.12,1,0,True,0.5530654996936872,1.6143786646457745,1.0749568741180031,1.0749568741180031,1.0224870622354008,1.0374784370590016,1.0524698118826021,1.0374784370590016,1.3777943813508666,1.2247061167563258,黄金词,6.27873361530827e-06
525368335,9811363528,4212,37.2,30,81,True,0.5530654996936872,1.4581484712929575,1.3765603873640746,1.3765603873640746,1.1129681162092222,1.1882801936820373,1.2635922711548522,1.1882801936820373,1.3777943813508666,2.4216409223896562,重点词,0.00020854365222273898
525368335,9811363528,4251,2.47,4,2,True,0.5530654996936872,2.9281038127988137,1.452271264730586,1.452271264730586,1.1356813794191758,1.226135632365293,1.3165898853114102,1.226135632365293,1.3777943813508666,1.085196254233911,潜力词,1.3846850026617346e-05
525368335,9811363528,4254,0.93,3,1,True,0.5530654996936872,5.83259388517183,1.4999235053626032,1.4999235053626032,1.1499770516087808,1.2499617526813016,1.3499464537538222,1.2499617526813016,1.3777943813508666,1.0929413682551756,潜力词,5.213591305568474e-06
525368335,9811363528,4255,7.61,25,149,True,0.5530654996936872,5.939895218144768,3.3990173969420345,2.782,1.5346,1.891,2.2474,1.891,1.3777943813508666,4.8491622742668765,黄金词,4.266175251115708e-05
525368335,9811363528,4264,0.15,1,1,True,0.5530654996936872,12.054027362688451,1.2019615230698255,1.2019615230698255,1.0605884569209476,1.1009807615349128,1.141373066148878,1.1009807615349128,1.3777943813508666,1.335817227867437,潜力词,8.409018234787861e-07
525368335,9811363528,4289,1.5,1,0,True,0.5530654996936872,1.2054027362688449,1.032228462803689,1.032228462803689,1.0096685388411066,1.0161142314018445,1.0225599239625822,1.0161142314018445,1.3777943813508666,1.2247061167563258,黄金词,8.409018234787861e-06
525368335,9811363528,4292,3.3,3,2,True,0.5530654996936872,1.6437310040029707,1.1869993233459335,1.1869993233459335,1.05609979700378,1.0934996616729666,1.1308995263421533,1.0934996616729666,1.3777943813508666,1.1838504591642667,潜力词,1.8499840116533293e-05
525368335,9811363528,4307,1.92,2,10,True,0.5530654996936872,1.8834417754200705,1.1699607423653842,1.1699607423653842,1.0509882227096152,1.084980371182692,1.118972519655769,1.084980371182692,1.3777943813508666,2.102235505080693,黄金词,1.0763543340528462e-05
525368335,9811363528,4323,5.2,5,4,True,0.5530654996936872,1.7385616388492955,1.2896320152350178,1.2896320152350178,1.0868896045705052,1.144816007617509,1.2027424106645124,1.144816007617509,1.3777943813508666,1.1555657731389948,潜力词,2.9151263213931254e-05
525368335,9811363528,4333,3.45,2,3,True,0.5530654996936872,1.0481762924076914,1.0144403309128178,1.0144403309128178,1.0043320992738454,1.0072201654564088,1.0101082316389725,1.0072201654564088,1.3777943813508666,1.4022355050806934,黄金词,1.934074194001208e-05
525368335,9811363528,4352,29.26,39,434,True,0.5530654996936872,2.4099815472224004,2.105467847581121,2.105467847581121,1.3316403542743362,1.5527339237905604,1.7738274933067846,1.5527339237905604,1.3777943813508666,9.46856074576185,重点词,0.00016403191569992856
525368335,9811363528,4366,1.82,3,4,True,0.5530654996936872,2.9803913808845066,1.364808938583988,1.364808938583988,1.1094426815751963,1.1824044692919942,1.2553662570087916,1.1824044692919942,1.3777943813508666,1.3656686409824486,潜力词,1.0202942124875938e-05
525368335,9811363528,4378,23.08,17,38,True,0.5530654996936872,1.3317924512502404,1.2459142509587522,1.2459142509587522,1.0737742752876256,1.1229571254793762,1.1721399756711266,1.1229571254793762,1.3777943813508666,1.9608942020322775,重点词,0.00012938676057260254
525368335,9811363528,4379,4.62,5,6,True,0.5530654996936872,1.9568226238130602,1.348621492272582,1.348621492272582,1.1045864476817746,1.1743107461362912,1.2440350445908075,1.1743107461362912,1.3777943813508666,1.3094119269851487,潜力词,2.5899776163146613e-05
525368335,9811363528,4393,3.55,2,4,True,0.5530654996936872,1.0186501996638126,1.0057026880970314,1.0057026880970314,1.0017108064291094,1.0028513440485156,1.0039918816679219,1.0028513440485156,1.3777943813508666,1.5022355050806933,黄金词,1.9901343155664604e-05
525368335,9811363528,4399,2.49,5,7,True,0.5530654996936872,3.630731133339894,1.620902419148468,1.620902419148468,1.1862707257445404,1.310451209574234,1.4346316934039276,1.310451209574234,1.3777943813508666,1.3863350039082256,潜力词,1.3958970269747851e-05
525368335,9811363528,4420,1.53,1,1,True,0.5530654996936872,1.1817673884988678,1.0289993852349602,1.0289993852349602,1.008699815570488,1.01449969261748,1.020299569664472,1.01449969261748,1.3777943813508666,1.335817227867437,潜力词,8.577198599483619e-06
525368335,9811363528,4437,129.39,89,223,True,0.5530654996936872,1.2436916708547092,1.2294017118362373,1.2294017118362373,1.068820513550871,1.1147008559181186,1.160581198285366,1.1147008559181186,1.3777943813508666,2.412601598461927,重点词,0.0007253619129328009
525368335,9811363528,4443,1.39,1,1,True,0.5530654996936872,1.300794319714581,1.0442438205717743,1.0442438205717743,1.0132731461715323,1.0221219102858872,1.030970674400242,1.0221219102858872,1.3777943813508666,1.335817227867437,潜力词,7.792356897570084e-06
525368335,9811363528,4476,2.68,4,2,True,0.5530654996936872,2.6986628423929364,1.4238748992190942,1.4238748992190942,1.1271624697657283,1.2119374496095472,1.2967124294533658,1.2119374496095472,1.3777943813508666,1.085196254233911,潜力词,1.5024112579487647e-05
525368335,9811363528,4480,3.63,3,11,True,0.5530654996936872,1.4943009127299731,1.153491215843439,1.153491215843439,1.0460473647530315,1.0767456079217195,1.1074438510904072,1.0767456079217195,1.3777943813508666,2.002032277346085,黄金词,2.0349824128186624e-05
525368335,9811363528,4519,5.33,8,9,True,0.5530654996936872,2.7138523143013393,1.682213057149077,1.682213057149077,1.2046639171447229,1.3411065285745385,1.477549140004354,1.3411065285745385,1.3777943813508666,1.2513971906754333,潜力词,2.9880044794279534e-05
525368335,9811363528,4541,1.13,1,1,True,0.5530654996936872,1.6000921277905022,1.0737871713170042,1.0737871713170042,1.0221361513951013,1.0368935856585022,1.051651019921903,1.0368935856585022,1.3777943813508666,1.335817227867437,潜力词,6.334793736873521e-06
525368335,9811363528,4544,1.61,2,3,True,0.5530654996936872,2.2460920551593384,1.2074672397938506,1.2074672397938506,1.0622401719381551,1.1037336198969254,1.1452270678556955,1.1037336198969254,1.3777943813508666,1.4022355050806934,潜力词,9.025679572005639e-06
525368335,9811363528,4549,3.28,2,65,True,0.5530654996936872,1.1025025026849191,1.0296479901945799,1.0296479901945799,1.008894397058374,1.01482399509729,1.020753593136206,1.01482399509729,1.3777943813508666,7.602235505080694,黄金词,1.838771987340279e-05
525368335,9811363528,4550,3.97,3,2,True,0.5530654996936872,1.3663255197002022,1.1208904666009811,1.1208904666009811,1.0362671399802943,1.0604452333004906,1.0846233266206868,1.0604452333004906,1.3777943813508666,1.1838504591642667,潜力词,2.2255868261405207e-05
525368335,9811363528,4557,0.52,1,1,True,0.5530654996936872,3.477123277698591,1.1501286834968845,1.1501286834968845,1.0450386050490652,1.0750643417484422,1.105090078447819,1.0750643417484422,1.3777943813508666,1.335817227867437,潜力词,2.9151263213931253e-06
525368335,9811363528,4578,4.05,5,1,True,0.5530654996936872,2.2322272893867505,1.4120991347660066,1.4120991347660066,1.123629740429802,1.2060495673830034,1.2884693943362047,1.2060495673830034,1.3777943813508666,0.924796542369764,潜力词,2.2704349233927223e-05
525368335,9811363528,4594,2076.36,273,546,True,0.5530654996936872,0.2377296906615866,0.24067722460065252,0.24067722460065252,0.7722031673801957,0.6203386123003263,0.46847405722045676,0.6203386123003263,1.3777943813508666,1.9822859610349002,重点词,0.01164009940132275
525368335,9811363528,4606,146.02,51,93,True,0.5530654996936872,0.6315115006476281,0.6507873138925665,0.6507873138925665,0.8952361941677699,0.8253936569462832,0.7555511197247966,0.8253936569462832,1.3777943813508666,1.7630907635729989,重点词,0.0008185898950958157
525368335,9811363528,4614,19.9,24,120,True,0.5530654996936872,2.180628065611981,1.8402896461258376,1.8402896461258376,1.2520868938377512,1.4201448230629188,1.5882027522880862,1.4201448230629188,1.3777943813508666,4.094448595337717,重点词,0.00011155964191485228
525368335,9811363528,4615,2.39,2,2,True,0.5530654996936872,1.513057827952525,1.117340498450386,1.117340498450386,1.0352021495351158,1.0586702492251931,1.0821383489152703,1.0586702492251931,1.3777943813508666,1.3022355050806933,潜力词,1.3398369054095326e-05
525368335,9811363528,4637,3.48,3,3,True,0.5530654996936872,1.558710434830403,1.1684846025311786,1.1684846025311786,1.0505453807593534,1.0842423012655893,1.1179392217718251,1.0842423012655893,1.3777943813508666,1.2747595500733575,潜力词,1.9508922304707837e-05
525368335,9811363528,4638,0.37,1,1,True,0.5530654996936872,4.886767849738561,1.1705936066907792,1.1705936066907792,1.0511780820072336,1.0852968033453896,1.1194155246835455,1.0852968033453896,1.3777943813508666,1.335817227867437,潜力词,2.0742244979143393e-06
525368335,9811363528,4639,1.71,3,2,True,0.5530654996936872,3.172112463865382,1.3801752623551489,1.3801752623551489,1.1140525787065445,1.1900876311775743,1.2661226836486041,1.1900876311775743,1.3777943813508666,1.1838504591642667,潜力词,9.586280787658162e-06
525368335,9811363528,4660,0.28,1,1,True,0.5530654996936872,6.457514658583098,1.1832259117989532,1.1832259117989532,1.0549677735396858,1.0916129558994765,1.1282581382592674,1.0916129558994765,1.3777943813508666,1.335817227867437,潜力词,1.5696834038270676e-06
525368335,9811363528,4662,62.34,48,145,True,0.5530654996936872,1.3921879533422656,1.347286889365864,1.347286889365864,1.1041860668097592,1.173643444682932,1.2431008225561047,1.173643444682932,1.3777943813508666,2.7861134830501237,重点词,0.00034947879783778354
525368335,9811363528,4674,1.48,1,0,True,0.5530654996936872,1.2216919624346403,1.0343924637739275,1.0343924637739275,1.0103177391321783,1.0171962318869636,1.0240747246417492,1.0171962318869636,1.3777943813508666,1.2247061167563258,黄金词,8.296897991657357e-06
525368335,9811363528,4706,4.31,5,90,True,0.5530654996936872,2.0975685665931176,1.3824187972527355,1.3824187972527355,1.1147256391758207,1.1912093986263677,1.2676931580769148,1.1912093986263677,1.3777943813508666,7.770950388523611,黄金词,2.4161912394623786e-05
525368335,9811363528,4718,2594.66,813,1424,True,0.5530654996936872,0.566543838838174,0.5678861486751771,0.5678861486751771,0.8703658446025531,0.7839430743375886,0.6975203040726239,0.7839430743375886,1.3777943813508666,1.7478956821568903,重点词,0.014545695502049781
525368335,9811363528,4723,10.24,10,19,True,0.5530654996936872,1.7657266644563159,1.428472188198507,1.428472188198507,1.128541656459552,1.2142360940992534,1.299930531738955,1.2142360940992534,1.3777943813508666,1.6679086139337185,重点词,5.740556448281847e-05
525368335,9811363528,4736,0.92,1,0,True,0.5530654996936872,1.9653305482644212,1.0988980071718562,1.0988980071718562,1.0296694021515567,1.049449003585928,1.0692286050202993,1.049449003585928,1.3777943813508666,1.2247061167563258,黄金词,5.157531184003222e-06
525368335,9811363528,4739,3.37,8,10,True,0.5530654996936872,4.292235262678379,1.9706765385149732,1.9706765385149732,1.2912029615544918,1.4853382692574866,1.6794735769604812,1.4853382692574866,1.3777943813508666,1.3138971906754333,潜力词,1.889226096749006e-05
525368335,9811363528,4750,2.04,2,1,True,0.5530654996936872,1.7726510827483015,1.1560602186937163,1.1560602186937163,1.046818065608115,1.0780301093468583,1.1092421530856016,1.0780301093468583,1.3777943813508666,1.2022355050806932,潜力词,1.1436264799311491e-05
525368335,9811363528,4760,53.34,40,119,True,0.5530654996936872,1.3559085897287344,1.309188341630793,1.309188341630793,1.0927565024892378,1.1545941708153964,1.216431839141555,1.1545941708153964,1.3777943813508666,2.708799063558478,重点词,0.0002990246884290564
525368335,9811363528,4764,2.46,2,2,True,0.5530654996936872,1.4700033369132257,1.1099057232705833,1.1099057232705833,1.032971716981175,1.0549528616352917,1.0769340062894084,1.0549528616352917,1.3777943813508666,1.3022355050806933,潜力词,1.3790789905052092e-05
525368335,9811363528,4807,2.65,4,9,True,0.5530654996936872,2.7292137424954985,1.4278633443149458,1.4278633443149458,1.1283590032944837,1.2139316721574729,1.2995043410204619,1.2139316721574729,1.3777943813508666,1.6685295875672443,潜力词,1.4855932214791887e-05
525368335,9811363528,4817,0.83,1,1,True,0.5530654996936872,2.178438680003937,1.1100229588755082,1.1100229588755082,1.0330068876626524,1.055011479437754,1.0770160712128556,1.055011479437754,1.3777943813508666,1.335817227867437,潜力词,4.652990089915949e-06
525368335,9811363528,4833,6.88,8,8,True,0.5530654996936872,2.1024466330270553,1.5076862674180815,1.5076862674180815,1.1523058802254245,1.2538431337090408,1.355380387192657,1.2538431337090408,1.3777943813508666,1.1888971906754333,潜力词,3.856936363689366e-05
525368335,9811363528,4845,4.63,4,2,True,0.5530654996936872,1.5620769800460195,1.2050761558402734,1.2050761558402734,1.0615228467520819,1.1025380779201366,1.1435533090881913,1.1025380779201366,1.3777943813508666,1.085196254233911,潜力词,2.5955836284711865e-05
525368335,9811363528,4849,7.46,9,22,True,0.5530654996936872,2.1813588390924137,1.5678438749761217,1.5678438749761217,1.1703531624928365,1.2839219374880608,1.3974907124832852,1.2839219374880608,1.3777943813508666,1.9424914735768786,黄金词,4.1820850687678296e-05
525368335,9811363528,4880,18.79,23,87,True,0.5530654996936872,2.2132194998017645,1.8490277244422775,1.8490277244422775,1.2547083173326832,1.4245138622211386,1.5943194071095943,1.4245138622211386,1.3777943813508666,3.1620114532518366,重点词,0.00010533696842110926
525368335,9811363528,4891,4.61,4,19,True,0.5530654996936872,1.568853886683963,1.2069784070728546,1.2069784070728546,1.0620935221218564,1.1034892035364274,1.1448848849509983,1.1034892035364274,1.3777943813508666,2.5018629209005776,黄金词,2.584371604158136e-05
525368335,9811363528,4920,2.5,2,2,True,0.5530654996936872,1.446483283522614,1.1057015349248613,1.1057015349248613,1.0317104604774583,1.0528507674624308,1.0739910744474028,1.0528507674624308,1.3777943813508666,1.3022355050806933,潜力词,1.4015030391313102e-05
525368335,9811363528,4938,36.87,40,106,True,0.5530654996936872,1.961599245352067,1.7890978004925595,1.7890978004925595,1.2367293401477677,1.3945489002462796,1.5523684603447916,1.3945489002462796,1.3777943813508666,2.4379657302251445,重点词,0.00020669366821108562
525368335,9811363528,4939,0.33,1,5,True,0.5530654996936872,5.479103346676569,1.1761745058883513,1.1761745058883513,1.0528523517665054,1.0880872529441756,1.1233221541218459,1.0880872529441756,1.3777943813508666,1.7802616723118814,黄金词,1.8499840116533296e-06
525368335,9811363528,4951,1.95,1,1,True,0.5530654996936872,0.9272328740529578,0.9858245858544724,0.9858245858544724,0.9957473757563416,0.9929122929272363,0.9900772100981307,0.9929122929272363,1.3777943813508666,1.335817227867437,潜力词,1.093172370522422e-05
525368335,9811363528,4957,15.54,14,32,True,0.5530654996936872,1.6289226165795203,1.4141295534595653,1.4141295534595653,1.1242388660378695,1.2070647767297826,1.2898906874216958,1.2070647767297826,1.3777943813508666,1.955561593218497,重点词,8.711742891240223e-05
525368335,9811363528,4968,0.59,1,0,True,0.5530654996936872,3.0645832278021485,1.1408212837460425,1.1408212837460425,1.0422463851238126,1.0704106418730213,1.0985748986222297,1.0704106418730213,1.3777943813508666,1.2247061167563258,黄金词,3.307547172349892e-06
525368335,9811363528,4969,9353.77,4456,5427,True,0.5530654996936872,0.8613545008291801,0.8614738666714692,0.8614738666714692,0.9584421600014408,0.9307369333357346,0.9030317066700284,0.9307369333357346,1.3777943813508666,1.2181949720095895,重点词,0.052437348329341105
525368335,9811363528,4999,9.03,6,17,True,0.5530654996936872,1.2013980760154601,1.106414548064342,1.106414548064342,1.0319243644193026,1.053207274032171,1.0744901836450393,1.053207274032171,1.3777943813508666,2.001596789343352,重点词,5.062228977342292e-05
525368335,9811363528,5013,1.65,2,10,True,0.5530654996936872,2.1916413386706273,1.2024931214012908,1.2024931214012908,1.0607479364203871,1.1012465607006454,1.1417451849809037,1.1012465607006454,1.3777943813508666,2.102235505080693,黄金词,9.249920058266647e-06
525368335,9811363528,5045,9739.85,3556,5599,True,0.5530654996936872,0.6601352377354907,0.6604162528437397,0.6604162528437397,0.8981248758531218,0.8302081264218699,0.7622913769906179,0.8302081264218699,1.3777943813508666,1.5740803465350188,重点词,0.05460171750273237
525368335,9811363528,5049,0.32,1,2,True,0.5530654996936872,5.650325326260211,1.177578055418051,1.177578055418051,1.0532734166254152,1.0887890277090255,1.1243046387926356,1.0887890277090255,1.3777943813508666,1.4469283389785481,黄金词,1.7939238900880772e-06
525368335,9811363528,5070,4240.55,2224,4333,True,0.5530654996936872,0.9482787676581732,0.9483768875450714,0.9483768875450714,0.9845130662635213,0.9741884437725357,0.96386382128155,0.9741884437725357,1.3777943813508666,1.9462465748435516,重点词,0.023772574850353112
525368335,9811363528,5111,4.1,5,24,True,0.5530654996936872,2.2050050053698387,1.40629280608687,1.40629280608687,1.121887841826061,1.203146403043435,1.2844049642608089,1.203146403043435,1.3777943813508666,2.6940273116005335,黄金词,2.2984649841753487e-05
525368335,9811363528,5113,2.91,3,11,True,0.5530654996936872,1.8640248499002756,1.2291989346590522,1.2291989346590522,1.0687596803977155,1.114599467329526,1.1604392542613367,1.114599467329526,1.3777943813508666,2.002032277346085,黄金词,1.631349537548845e-05
525368335,9811363528,5150,1.17,1,12,True,0.5530654996936872,1.5453881234215963,1.069133705785836,1.069133705785836,1.0207401117357509,1.034566852892918,1.0483935940500853,1.034566852892918,1.3777943813508666,2.5580394500896593,黄金词,6.559034223134531e-06
525368335,9811363528,5155,3.94,3,0,True,0.5530654996936872,1.376729013505026,1.1236926927674835,1.1236926927674835,1.037107807830245,1.0618463463837418,1.0865848849372384,1.0618463463837418,1.3777943813508666,1.0020322773460848,黄金词,2.2087687896709447e-05
525368335,9811363528,5167,2.4,3,1,True,0.5530654996936872,2.2601301305040846,1.2891311962915681,1.2891311962915681,1.0867393588874703,1.144565598145784,1.2023918374040976,1.144565598145784,1.3777943813508666,1.0929413682551756,潜力词,1.3454429175660578e-05
525368335,9811363528,5182,132.06,13,23,True,0.5530654996936872,0.17798995424233285,0.22527371793635795,0.22527371793635795,0.7675821153809074,0.612636858968179,0.4576916025554506,0.612636858968179,1.3777943813508666,1.6201121452765208,重点词,0.0007403299653907233
525368335,9811363528,5196,5.93,9,13,True,0.5530654996936872,2.744171490662632,1.7393092880364123,1.7393092880364123,1.2217927864109237,1.369654644018206,1.5175165016254886,1.369654644018206,1.3777943813508666,1.413079708870996,黄金词,3.324365208819467e-05
525368335,9811363528,5219,8.05,7,16,True,0.5530654996936872,1.572264438611537,1.285954607748161,1.285954607748161,1.0857863823244482,1.1429773038740805,1.2001682254237127,1.1429773038740805,1.3777943813508666,1.8014903367204622,黄金词,4.512839786002819e-05
525368335,9811363528,5220,6.19,4,8,True,0.5530654996936872,1.168403298483533,1.0731520293061805,1.0731520293061805,1.0219456087918541,1.0365760146530902,1.0512064205143263,1.0365760146530902,1.3777943813508666,1.585196254233911,黄金词,3.470121524889124e-05
525368335,9811363528,5222,6.44,4,15,True,0.5530654996936872,1.1230460275796692,1.054649408111246,1.054649408111246,1.0163948224333739,1.027324704055623,1.0382545856778722,1.027324704055623,1.3777943813508666,2.1685295875672446,黄金词,3.6102718288022554e-05
525368335,9811363528,5228,6.63,5,4,True,0.5530654996936872,1.363577755960232,1.1640926155218745,1.1640926155218745,1.0492277846565623,1.0820463077609372,1.1148648308653122,1.0820463077609372,1.3777943813508666,1.1555657731389948,潜力词,3.716786059776234e-05
525368335,9811363528,5230,0.22,1,0,True,0.5530654996936872,8.218655020014854,1.1918000126090902,1.1918000126090902,1.057540003782727,1.0959000063045452,1.134260008826363,1.0959000063045452,1.3777943813508666,1.2247061167563258,黄金词,1.233322674435553e-06
525368335,9811363528,5242,3.64,3,1,True,0.5530654996936872,1.4901956904422533,1.1525053259153677,1.1525053259153677,1.0457515977746104,1.0762526629576838,1.1067537281407573,1.0762526629576838,1.3777943813508666,1.0929413682551756,潜力词,2.0405884249751876e-05
525368335,9811363528,5255,7.45,9,3,True,0.5530654996936872,2.184286837534149,1.5688547349857773,1.5688547349857773,1.170656420495733,1.2844273674928885,1.398198314490044,1.2844273674928885,1.3777943813508666,0.824844414753349,潜力词,4.1764790566113044e-05
525368335,9811363528,5260,310.37,345,915,True,0.5530654996936872,2.0098460418826796,1.9842851365107792,1.9842851365107792,1.2952855409532336,1.4921425682553897,1.6889995955575454,1.4921425682553897,1.3777943813508666,2.6232927905122008,重点词,0.001739937993020739
525368335,9811363528,5271,20.07,22,132,True,0.5530654996936872,1.981977593267159,1.7006146568386733,1.7006146568386733,1.210184397051602,1.3503073284193365,1.4904302597870713,1.3503073284193365,1.3777943813508666,4.7674118350268975,重点词,0.00011251266398146158
525368335,9811363528,5292,3.93,3,5,True,0.5530654996936872,1.3802321407658529,1.1246298843377651,1.1246298843377651,1.0373889653013295,1.0623149421688827,1.0872409190364356,1.0623149421688827,1.3777943813508666,1.4565777318915394,黄金词,2.20316277751442e-05
525368335,9811363528,5309,4.65,10,5,True,0.5530654996936872,3.888395923447887,2.0567302158955685,2.0567302158955685,1.3170190647686706,1.5283651079477842,1.739711151126898,1.5283651079477842,1.3777943813508666,0.8901308361559407,潜力词,2.6067956527842372e-05
525368335,9811363528,5313,0.89,1,1,True,0.5530654996936872,2.03157764539693,1.1025814641791358,1.1025814641791358,1.0307744392537406,1.051290732089568,1.071807024925395,1.051290732089568,1.3777943813508666,1.335817227867437,潜力词,4.989350819307464e-06
525368335,9811363528,5326,1.8,2,0,True,0.5530654996936872,2.009004560448075,1.18419961549762,1.18419961549762,1.055259884649286,1.09209980774881,1.128939730848334,1.09209980774881,1.3777943813508666,1.1022355050806933,黄金词,1.0090821881745434e-05
525368335,9811363528,5327,1.93,2,2,True,0.5530654996936872,1.873683009744319,1.1687896104911448,1.1687896104911448,1.0506368831473434,1.0843948052455725,1.1181527273438014,1.0843948052455725,1.3777943813508666,1.3022355050806933,潜力词,1.0819603462093714e-05
525368335,9811363528,5378,0.15,1,1,True,0.5530654996936872,12.054027362688451,1.2019615230698255,1.2019615230698255,1.0605884569209476,1.1009807615349128,1.141373066148878,1.1009807615349128,1.3777943813508666,1.335817227867437,潜力词,8.409018234787861e-07
525368335,9811363528,5395,3.89,3,1,True,0.5530654996936872,1.3944247591798977,1.1283943358334563,1.1283943358334563,1.0385183007500367,1.0641971679167281,1.0898760350834193,1.0641971679167281,1.3777943813508666,1.0929413682551756,潜力词,2.1807387288883187e-05
525368335,9811363528,5406,0.86,1,0,True,0.5530654996936872,2.1024466330270553,1.106289697803057,1.106289697803057,1.031886909340917,1.0531448489015285,1.0744027884621399,1.0531448489015285,1.3777943813508666,1.2247061167563258,黄金词,4.821170454611707e-06
525368335,9811363528,5449,4.71,6,25,True,0.5530654996936872,2.3033173304500223,1.4807067052795306,1.4807067052795306,1.1442120115838592,1.2403533526397652,1.3364946936956714,1.2403533526397652,1.3777943813508666,2.5730253607719242,黄金词,2.6404317257233884e-05
525368335,9811363528,5460,9272.73,2590,5678,True,0.5530654996936872,0.5050281449373014,0.5054580084674325,0.5054580084674325,0.8516374025402297,0.7527290042337162,0.6538206059272027,0.7527290042337162,1.3777943813508666,2.189769959603852,重点词,0.051983037104176295
525368335,9811363528,5474,3.52,4,5,True,0.5530654996936872,2.0546637550037135,1.3205886370995743,1.3205886370995743,1.0961765911298722,1.1602943185497872,1.2244120459697019,1.1602943185497872,1.3777943813508666,1.335196254233911,潜力词,1.9733162790968848e-05
525368335,9811363528,5481,0.15,1,0,True,0.5530654996936872,12.054027362688451,1.2019615230698255,1.2019615230698255,1.0605884569209476,1.1009807615349128,1.141373066148878,1.1009807615349128,1.3777943813508666,1.2247061167563258,黄金词,8.409018234787861e-07
525368335,9811363528,5484,2870.73,670,867,True,0.5530654996936872,0.4219936218140296,0.4236119167949692,0.4236119167949692,0.8270835750384907,0.7118059583974846,0.5965283417564784,0.7118059583974846,1.3777943813508666,1.2950182227888007,重点词,0.016093347278101706
525368335,9811363528,5492,5.47,7,4,True,0.5530654996936872,2.313844374921915,1.5311698988043514,1.5311698988043514,1.1593509696413054,1.2655849494021756,1.371818929163046,1.2655849494021756,1.3777943813508666,1.0014903367204622,潜力词,3.0664886496193066e-05
525368335,9811363528,5497,0.15,1,0,True,0.5530654996936872,12.054027362688451,1.2019615230698255,1.2019615230698255,1.0605884569209476,1.1009807615349128,1.141373066148878,1.1009807615349128,1.3777943813508666,1.2247061167563258,黄金词,8.409018234787861e-07
525368335,9811363528,5500,27.94,29,39,True,0.5530654996936872,1.876700752601817,1.6804171952137432,1.6804171952137432,1.204125158564123,1.3402085976068716,1.4762920366496202,1.3402085976068716,1.3777943813508666,1.351955541913701,重点词,0.00015663197965331524
525368335,9811363528,5501,0.15,1,1,True,0.5530654996936872,12.054027362688451,1.2019615230698255,1.2019615230698255,1.0605884569209476,1.1009807615349128,1.141373066148878,1.1009807615349128,1.3777943813508666,1.335817227867437,潜力词,8.409018234787861e-07
525368335,9811363528,5505,4.09,6,7,True,0.5530654996936872,2.6524754587822996,1.556265401351408,1.556265401351408,1.1668796204054224,1.278132700675704,1.3893857809459855,1.278132700675704,1.3777943813508666,1.287311075057638,潜力词,2.2928589720188235e-05
525368335,9811363528,5508,3.2,5,34,True,0.5530654996936872,2.8251626631301057,1.518696316342481,1.518696316342481,1.1556088949027443,1.2593481581712405,1.3630874214397366,1.2593481581712405,1.3777943813508666,3.4632580808313027,黄金词,1.7939238900880773e-05
525368335,9811363528,5515,2.51,1,0,True,0.5530654996936872,0.7203602009574772,0.9335954687231096,0.9335954687231096,0.9800786406169328,0.9667977343615548,0.9535168281061768,0.9667977343615548,1.3777943813508666,1.2247061167563258,黄金词,1.4071090512878354e-05
525368335,9811363528,5522,2.41,1,1,True,0.5530654996936872,0.7502506657274969,0.9425123308885643,0.9425123308885643,0.9827536992665693,0.9712561654442822,0.959758631621995,0.9712561654442822,1.3777943813508666,1.335817227867437,潜力词,1.3510489297225832e-05
525368335,9811363528,5551,0.3,2,2,True,0.5530654996936872,12.054027362688451,1.3966756230629827,1.3966756230629827,1.1190026869188947,1.1983378115314913,1.277672936144088,1.1983378115314913,1.3777943813508666,1.3022355050806933,潜力词,1.6818036469575723e-06
525368335,9811363528,5588,17.72,17,43,True,0.5530654996936872,1.7346371204771756,1.5049561588384617,1.5049561588384617,1.1514868476515385,1.2524780794192307,1.3534693111869232,1.2524780794192307,1.3777943813508666,2.1608942020322774,重点词,9.933853541362726e-05
525368335,9811363528,5591,0.31,2,1,True,0.5530654996936872,11.665187770343662,1.3950069544571726,1.3950069544571726,1.1185020863371518,1.1975034772285862,1.2765048681200208,1.1975034772285862,1.3777943813508666,1.2022355050806932,潜力词,1.7378637685228247e-06
525368335,9811363528,5596,1051.38,988,1708,True,0.5530654996936872,1.6991067503190362,1.6937880910201883,1.6937880910201883,1.2081364273060564,1.3468940455100942,1.4856516637141317,1.3468940455100942,1.3777943813508666,1.7259260592879588,重点词,0.005894049061127509
525368335,9811363528,5608,111.69,12,19,True,0.5530654996936872,0.19426313235597825,0.24849477455398086,0.24849477455398086,0.7745484323661942,0.6242473872769905,0.47394634218778664,0.6242473872769905,1.3777943813508666,1.5011177525403467,重点词,0.0006261354977623041
525368335,9811363528,5624,5.22,14,5,True,0.5530654996936872,4.849321352805698,2.513061555846818,2.513061555846818,1.4539184667540455,1.756530777923409,2.0591430890927724,1.756530777923409,1.3777943813508666,0.7282888659457697,潜力词,2.9263383457061755e-05
525368335,9811363528,5658,2.07,2,2,True,0.5530654996936872,1.7469604873461524,1.1526365457854428,1.1526365457854428,1.0457909637356329,1.0763182728927214,1.10684558204981,1.0763182728927214,1.3777943813508666,1.3022355050806933,潜力词,1.1604445164007247e-05
525368335,9811363528,5705,4.36,3,16,True,0.5530654996936872,1.2441083287178447,1.085693422963752,1.085693422963752,1.0257080268891254,1.042846711481876,1.0599853960746264,1.042846711481876,1.3777943813508666,2.456577731891539,黄金词,2.4442213002450053e-05
525368335,9811363528,5721,5.21,4,4,True,0.5530654996936872,1.388179734666616,1.152405155811083,1.152405155811083,1.0457215467433247,1.0762025779055415,1.106683609067758,1.0762025779055415,1.3777943813508666,1.2518629209005778,潜力词,2.9207323335496503e-05
525368335,9811363528,5726,5.1,3,2,True,0.5530654996936872,1.0635906496489809,1.0246437927970975,1.0246437927970975,1.0073931378391292,1.0123218963985487,1.0172506549579683,1.0123218963985487,1.3777943813508666,1.1838504591642667,潜力词,2.8590661998278727e-05
525368335,9811363528,5730,2.54,2,4,True,0.5530654996936872,1.423704019215171,1.1015290763025032,1.1015290763025032,1.030458722890751,1.0507645381512516,1.0710703534117523,1.0507645381512516,1.3777943813508666,1.5022355050806933,黄金词,1.4239270877574112e-05
525368335,9811363528,5745,6.58,6,30,True,0.5530654996936872,1.6487271468722804,1.291572720383853,1.291572720383853,1.0874718161151558,1.1457863601919265,1.2041009042686972,1.1457863601919265,1.3777943813508666,2.930168217914781,黄金词,3.688755998993608e-05
525368335,9811363528,5755,29.05,27,41,True,0.5530654996936872,1.6805098388601798,1.532708456450774,1.532708456450774,1.1598125369352321,1.266354228225387,1.3728959195155417,1.266354228225387,1.3777943813508666,1.4863530014516269,重点词,0.00016285465314705826
525368335,9811363528,5764,11.39,9,51,True,0.5530654996936872,1.4287038577374371,1.2510507423973987,1.2510507423973987,1.0753152227192195,1.1255253711986994,1.1757355196781791,1.1255253711986994,1.3777943813508666,3.648373826518055,重点词,6.38524784628225e-05
525368335,9811363528,5771,165.76,118,152,True,0.5530654996936872,1.287139746136496,1.2738251312828535,1.2738251312828535,1.0821475393848559,1.1369125656414267,1.1916775918979974,1.1369125656414267,1.3777943813508666,1.293828214688944,重点词,0.0009292525750656239
525368335,9811363528,5792,0.45,1,0,True,0.5530654996936872,4.01800912089615,1.1595892014574933,1.1595892014574933,1.0478767604372479,1.0797946007287467,1.1117124410202455,1.0797946007287467,1.3777943813508666,1.2247061167563258,黄金词,2.5227054704363585e-06
525368335,9811363528,5800,3.02,3,4,True,0.5530654996936872,1.7961299050363584,1.2169956961380688,1.2169956961380688,1.0650987088414205,1.1084978480690344,1.1518969872966482,1.1084978480690344,1.3777943813508666,1.3656686409824486,潜力词,1.6930156712706226e-05
525368335,9811363528,5802,4.09,3,13,True,0.5530654996936872,1.3262377293911498,1.1098199434740579,1.1098199434740579,1.0329459830422172,1.054909971737029,1.0768739604318405,1.054909971737029,1.3777943813508666,2.1838504591642667,黄金词,2.2928589720188235e-05
525368335,9811363528,5817,4.01,6,14,True,0.5530654996936872,2.7053926749176074,1.5665803335890311,1.5665803335890311,1.1699741000767092,1.2832901667945156,1.3966062335123217,1.2832901667945156,1.3777943813508666,1.787311075057638,黄金词,2.2480108747666215e-05
525368335,9811363528,5831,52.79,3,19,True,0.5530654996936872,0.10275264847906428,0.22159921632226462,0.22159921632226462,0.7664797648966793,0.6107996081611323,0.4551194514255853,0.6107996081611323,1.3777943813508666,2.729305004618812,重点词,0.00029594138174296746
525368335,9811363528,5841,3.53,6,5,True,0.5530654996936872,3.073264766691106,1.6314602783796037,1.6314602783796037,1.1894380835138811,1.3157301391898018,1.4420221948657226,1.3157301391898018,1.3777943813508666,1.1444539322004952,潜力词,1.97892229125341e-05
525368335,9811363528,5872,0.96,2,3,True,0.5530654996936872,3.766883550840141,1.2944798457656914,1.2944798457656914,1.0883439537297073,1.1472399228828456,1.206135892035984,1.1472399228828456,1.3777943813508666,1.4022355050806934,黄金词,5.381771670264231e-06
525368335,9811363528,5885,1.71,2,1,True,0.5530654996936872,2.114741642576921,1.1951083120579873,1.1951083120579873,1.058532493617396,1.0975541560289936,1.136575818440591,1.0975541560289936,1.3777943813508666,1.2022355050806932,潜力词,9.586280787658162e-06
525368335,9811363528,5888,2.86,4,6,True,0.5530654996936872,2.5288169292353393,1.400404433847351,1.400404433847351,1.1201213301542052,1.2002022169236755,1.2802831036931455,1.2002022169236755,1.3777943813508666,1.4185295875672443,黄金词,1.6033194767662187e-05
525368335,9811363528,5891,112.7,110,170,True,0.5530654996936872,1.7647866147680518,1.7137417314041026,1.7137417314041026,1.2141225194212306,1.3568708657020512,1.4996192119828717,1.3568708657020512,1.3777943813508666,1.5340877546678553,重点词,0.0006317975700403947
525368335,9811363528,5896,18.37,25,53,True,0.5530654996936872,2.4606751556930693,2.0152327888793673,2.0152327888793673,1.30456983666381,1.5076163944396836,1.710662952215557,1.5076163944396836,1.3777943813508666,1.9400713651759678,重点词,0.00010298244331536868
525368335,9811363528,5897,0.43,2,1,True,0.5530654996936872,8.409786532108221,1.3752895416733257,1.3752895416733257,1.1125868625019977,1.1876447708366629,1.262702679171328,1.1876447708366629,1.3777943813508666,1.2022355050806932,潜力词,2.4105852273058536e-06
525368335,9811363528,5902,7.4,7,5,True,0.5530654996936872,1.7103687474084963,1.3400212633132518,1.3400212633132518,1.1020063789939756,1.1700106316566259,1.2380148843192762,1.1700106316566259,1.3777943813508666,1.0681570033871288,潜力词,4.148448995828678e-05
525368335,9811363528,5913,4.42,6,31,True,0.5530654996936872,2.4544399607284175,1.5151141527579812,1.5151141527579812,1.1545342458273944,1.2575570763789905,1.3605799069305868,1.2575570763789905,1.3777943813508666,3.0015967893433526,黄金词,2.4778573731841565e-05
525368335,9811363528,5921,1.97,1,0,True,0.5530654996936872,0.9178193423366839,0.9838588339385113,0.9838588339385113,0.9951576501815533,0.9919294169692556,0.9887011837569579,0.9919294169692556,1.3777943813508666,1.2247061167563258,黄金词,1.1043843948354724e-05
525368335,9811363528,5928,0.85,1,1,True,0.5530654996936872,2.1271812992979617,1.1075313248488516,1.1075313248488516,1.0322593974546554,1.0537656624244258,1.0752719273941962,1.0537656624244258,1.3777943813508666,1.335817227867437,潜力词,4.765110333046454e-06
525368335,9811363528,6021,2.94,2,1,True,0.5530654996936872,1.2300027921110663,1.061473473527867,1.061473473527867,1.01844204205836,1.0307367367639335,1.0430314314695068,1.0307367367639335,1.3777943813508666,1.2022355050806932,潜力词,1.6481675740184207e-05
525368335,9811363528,6029,120.76,18,36,True,0.5530654996936872,0.26950872705580337,0.3152140496759728,0.3152140496759728,0.7945642149027918,0.6576070248379864,0.5206498347731809,0.6576070248379864,1.3777943813508666,1.8085521173387282,重点词,0.0006769820280219881
525368335,9811363528,6130,2.93,3,1,True,0.5530654996936872,1.8513011307883285,1.226961993922639,1.226961993922639,1.0680885981767916,1.1134809969613195,1.1588733957458475,1.1134809969613195,1.3777943813508666,1.0929413682551756,潜力词,1.6425615618618958e-05
525368335,9811363528,6152,7.29,9,8,True,0.5530654996936872,2.23222728938675,1.5852076182168995,1.5852076182168995,1.1755622854650698,1.2926038091084497,1.4096453327518297,1.2926038091084497,1.3777943813508666,1.1189620618121725,潜力词,4.0867828621069004e-05
525368335,9811363528,6173,1.4,1,1,True,0.5530654996936872,1.2915029317166198,1.043139968752988,1.043139968752988,1.0129419906258963,1.021569984376494,1.0301979781270916,1.021569984376494,1.3777943813508666,1.335817227867437,潜力词,7.848417019135337e-06
525368335,9811363528,6220,0.76,2,2,True,0.5530654996936872,4.758168695798073,1.323833130250174,1.323833130250174,1.097149939075052,1.161916565125087,1.226683191175122,1.161916565125087,1.3777943813508666,1.3022355050806933,潜力词,4.260569238959183e-06
525368335,9811363528,6229,1.21,1,1,True,0.5530654996936872,1.4943009127299731,1.0645203996120032,1.0645203996120032,1.019356119883601,1.0322601998060015,1.0451642797284022,1.0322601998060015,1.3777943813508666,1.335817227867437,潜力词,6.783274709395541e-06
525368335,9811363528,6231,0.88,2,1,True,0.5530654996936872,4.109327510007427,1.3060635580320508,1.3060635580320508,1.091819067409615,1.1530317790160254,1.2142444906224354,1.1530317790160254,1.3777943813508666,1.2022355050806932,潜力词,4.933290697742212e-06
525368335,9811363528,6246,53.38,10,23,True,0.5530654996936872,0.3387231368308857,0.4254726732427193,0.4254726732427193,0.8276418019728158,0.7127363366213597,0.5978308712699035,0.7127363366213597,1.3777943813508666,1.890130836155941,重点词,0.0002992489289153174
525368335,9811363528,6250,1.47,1,1,True,0.5530654996936872,1.2300027921110663,1.0354778703466179,1.0354778703466179,1.0106433611039853,1.017738935173309,1.0248345092426325,1.017738935173309,1.3777943813508666,1.335817227867437,潜力词,8.240837870092103e-06
525368335,9811363528,6272,121.35,23,43,True,0.5530654996936872,0.3426979349095604,0.38363646087068354,0.38363646087068354,0.815090938261205,0.6918182304353417,0.5685455226094784,0.6918182304353417,1.3777943813508666,1.7426566145421591,重点词,0.000680289575194338
525368335,9811363528,6305,3.8,5,6,True,0.5530654996936872,2.3790843478990364,1.4418651367636035,1.4418651367636035,1.132559541029081,1.2209325683818018,1.3093055957345225,1.2209325683818018,1.3777943813508666,1.3094119269851487,潜力词,2.1302846194795915e-05
525368335,9811363528,6307,20.78,8,22,True,0.5530654996936872,0.6960939766711328,0.7810274908192142,0.7810274908192142,0.9343082472457642,0.890513745409607,0.84671924357345,0.890513745409607,1.3777943813508666,2.0638971906754335,重点词,0.00011649293261259451
525368335,9811363528,6340,1.45,1,0,True,0.5530654996936872,1.2469683478643225,1.0376555314829934,1.0376555314829934,1.011296659444898,1.0188277657414968,1.0263588720380954,1.0188277657414968,1.3777943813508666,1.2247061167563258,黄金词,8.1287176269616e-06
525368335,9811363528,6343,40.22,9,35,True,0.5530654996936872,0.40459813375508225,0.5039962083601783,0.5039962083601783,0.8511988625080534,0.7519981041800892,0.6527973458521248,0.7519981041800892,1.3777943813508666,2.7071973559298197,重点词,0.00022547380893544517
525368335,9811363528,6353,1.5,2,2,True,0.5530654996936872,2.4108054725376897,1.2213606912977548,1.2213606912977548,1.0664082073893264,1.1106803456488774,1.1549524839084284,1.1106803456488774,1.3777943813508666,1.3022355050806933,潜力词,8.409018234787861e-06
525368335,9811363528,6366,12.65,13,36,True,0.5530654996936872,1.858130700177271,1.524159988278246,1.524159988278246,1.1572479964834737,1.262079994139123,1.366911991794772,1.262079994139123,1.3777943813508666,2.23915976432414,重点词,7.09160537800443e-05
525368335,9811363528,6372,4.92,4,10,True,0.5530654996936872,1.4700033369132257,1.1781522663800517,1.1781522663800517,1.0534456799140155,1.0890761331900258,1.1247065864660362,1.0890761331900258,1.3777943813508666,1.7518629209005778,潜力词,2.7581579810104184e-05
525368335,9811363528,6383,2.7,5,4,True,0.5530654996936872,3.3483409340801247,1.5892677065070944,1.5892677065070944,1.1767803119521283,1.294633853253547,1.412487394554966,1.294633853253547,1.3777943813508666,1.1555657731389948,潜力词,1.5136232822618151e-05
525368335,9811363528,6432,5.13,4,2,True,0.5530654996936872,1.4098277617179475,1.1593947246105436,1.1593947246105436,1.047818417383163,1.079697362305272,1.1115763072273805,1.079697362305272,1.3777943813508666,1.085196254233911,潜力词,2.8758842362974483e-05
525368335,9811363528,6457,0.73,1,1,True,0.5530654996936872,2.4768549375387225,1.122651206416754,1.122651206416754,1.036795361925026,1.061325603208377,1.0858558444917277,1.061325603208377,1.3777943813508666,1.335817227867437,潜力词,4.092388874263426e-06
525368335,9811363528,6474,12230.47,690,1211,True,0.5530654996936872,0.1020068592652821,0.10259825583940677,0.21,0.7629999999999999,0.605,0.44700000000000006,0.605,1.3777943813508666,1.750748359671643,重点词,0.06856416350001726
525368335,9811363528,6483,21240.56,994,2010,True,0.5530654996936872,0.08461431712614205,0.08496154008010157,0.21,0.7629999999999999,0.605,0.44700000000000006,0.605,1.3777943813508666,2.0169883782942186,重点词,0.11907483757140377
525368335,9811363528,6487,4.97,9,4,True,0.5530654996936872,3.274232784633684,1.8674548687359485,1.8674548687359485,1.2602364606207845,1.4337274343679742,1.607218408115164,1.4337274343679742,1.3777943813508666,0.8836679441651137,潜力词,2.7861880417930444e-05
525368335,9811363528,6490,166.07,165,145,True,0.5530654996936872,1.7964543700038489,1.759588682171591,1.759588682171591,1.227876604651477,1.3797943410857956,1.5317120775201136,1.3797943410857956,1.3777943813508666,0.9018633239931036,重点词,0.0009309904388341467
525368335,9811363528,6503,5.49,7,15,True,0.5530654996936872,2.3054150693666435,1.5289098694334224,1.5289098694334224,1.1586729608300268,1.2644549347167113,1.3702369086033956,1.2644549347167113,1.3777943813508666,1.7348236700537956,潜力词,3.077700673932357e-05
525368335,9811363528,6510,1.89,2,4,True,0.5530654996936872,1.9133376766172145,1.1734882621916116,1.1734882621916116,1.0520464786574835,1.0867441310958057,1.1214417835341282,1.0867441310958057,1.3777943813508666,1.5022355050806933,黄金词,1.0595362975832704e-05
525368335,9811363528,6518,10.03,8,46,True,0.5530654996936872,1.4421568130833642,1.2451538327930427,1.2451538327930427,1.0735461498379126,1.1225769163965214,1.1716076829551298,1.1225769163965214,1.3777943813508666,3.5638971906754335,重点词,5.622830192994816e-05
525368335,9811363528,6522,31241.97,10293,31253,True,0.5530654996936872,0.59569916835023,0.5958034455206229,0.5958034455206229,0.8787410336561868,0.7979017227603115,0.7170624118644361,0.7979017227603115,1.3777943813508666,3.0350473114310073,重点词,0.17514286361379688
525368335,9811363528,6523,1.35,1,1,True,0.5530654996936872,1.33933637363205,1.048682689097053,1.048682689097053,1.0146048067291158,1.0243413445485265,1.0340778823679373,1.0243413445485265,1.3777943813508666,1.335817227867437,潜力词,7.5681164113090755e-06
525368335,9811363528,6542,2.88,3,2,True,0.5530654996936872,1.8834417754200705,1.2325696812806035,1.2325696812806035,1.069770904384181,1.1162848406403016,1.1627987768964223,1.1162848406403016,1.3777943813508666,1.1838504591642667,潜力词,1.6145315010792694e-05
525368335,9811363528,6554,22.07,120,24,True,0.5530654996936872,9.831105234634894,7.468718636853371,2.782,1.5346,1.891,2.2474,1.891,1.3777943813508666,0.2736121488344292,重点词,0.00012372468829451207
525368335,9811363528,6595,2.0,1,0,True,0.5530654996936872,0.9040520522016338,0.9809248612726907,0.9809248612726907,0.9942774583818071,0.9904624306363454,0.9866474028908835,0.9904624306363454,1.3777943813508666,1.2247061167563258,黄金词,1.1212024313050481e-05
525368335,9811363528,6601,0.75,1,1,True,0.5530654996936872,2.4108054725376897,1.1201026225202346,1.1201026225202346,1.0360307867560703,1.0600513112601173,1.0840718357641643,1.0600513112601173,1.3777943813508666,1.335817227867437,潜力词,4.2045091173939305e-06
525368335,9811363528,6607,2674.93,1735,2223,True,0.5530654996936872,1.1727636316238814,1.1722446304830318,1.1722446304830318,1.0516733891449095,1.086122315241516,1.1205712413381224,1.086122315241516,1.3777943813508666,1.2817110470744733,重点词,0.01499569009785406
525368335,9811363528,6616,5.75,3,6,True,0.5530654996936872,0.9433586631669222,0.9764165324554529,0.9764165324554529,0.9929249597366359,0.9882082662277265,0.983491572718817,0.9882082662277265,1.3777943813508666,1.5474868228006302,黄金词,3.223456990002014e-05
525368335,9811363528,6639,0.69,1,1,True,0.5530654996936872,2.6204407310192286,1.1277833262175163,1.1277833262175163,1.0383349978652547,1.063891663108758,1.0894483283522614,1.063891663108758,1.3777943813508666,1.335817227867437,潜力词,3.868148388002416e-06
525368335,9811363528,6641,0.37,1,0,True,0.5530654996936872,4.886767849738561,1.1705936066907792,1.1705936066907792,1.0511780820072336,1.0852968033453896,1.1194155246835455,1.0852968033453896,1.3777943813508666,1.2247061167563258,黄金词,2.0742244979143393e-06
525368335,9811363528,6662,3.14,2,2,True,0.5530654996936872,1.1516586652250111,1.0425185900720122,1.0425185900720122,1.0127555770216037,1.021259295036006,1.0297630130504085,1.021259295036006,1.3777943813508666,1.3022355050806933,黄金词,1.7602878171489257e-05
