日期,方案ID,推广单元ID,关键词,类别,投入金额,预期展位,预期点击量,预期浏览量,预期注册量,cpc_cal,ctr_cal,eta26,qijt
2026-09-11,63563817,1841014603,9,重点词,9.285,3.493536394437493,7.5547043164383405,22.519059308453556,0.9693213582868434,1.0513571980122658,0.038454804825915415,1.0658426018017386,0.8136461299341239
2026-09-11,63563817,1841014603,726,重点词,2.0062038,3.493536394437493,1.2589359250869339,2.45661325953341,0.16153027700185177,1.0513571980122658,0.038454804825915415,0.8220270143745364,0.6275214537460919
2026-09-11,63563817,1841014603,1186,潜力词,0.014201949,3.493536394437493,0.010508623288055213,0.029239380117340466,0.0013483298051967605,1.0513571980122658,0.038454804825915415,0.969293693243545,0.7399423338342656
2026-09-11,63563817,1841014603,1567,重点词,0.29609873,3.493536394437493,0.2009748839915154,0.6550598700103043,0.025786482087500034,1.0513571980122658,0.038454804825915415,0.8891248612676318,0.6787428098442551
2026-09-11,63563817,1841014603,1667,重点词,0.69891042,3.493536394437493,0.42393947301458984,0.9520621570084914,0.054394397001052336,1.0513571980122658,0.038454804825915415,0.7945840667332882,0.6065719738655346
2026-09-11,63563817,1841014603,2123,潜力词,0.050143193,3.493536394437493,0.03459869446744882,0.08191008122786576,0.004439254285990388,1.0513571980122658,0.038454804825915415,0.9038684725554073,0.6899978321573742
2026-09-11,63563817,1841014603,2478,重点词,0.38876843,3.493536394437493,0.2463983771839466,1.4189691282358272,0.03161463369677155,1.0513571980122658,0.038454804825915415,0.8302413592923759,0.6337921450667859
2026-09-11,63563817,1841014603,2505,黄金词,0.048794405,3.493536394437493,0.03229476789218517,0.10024864303117016,0.004143644405869946,1.0513571980122658,0.038454804825915415,0.8670011088598055,0.6618539132137213
2026-09-11,63563817,1841014603,2570,重点词,0.082038072,3.493536394437493,0.05914729786647781,0.20126547835281167,0.007589011654920766,1.0513571980122658,0.038454804825915415,0.94444566027948,0.720973767721867
2026-09-11,63563817,1841014603,2889,潜力词,0.014995354,3.493536394437493,0.011041706300510422,0.030722639761160037,0.0014167280810350844,1.0513571980122658,0.038454804825915415,0.9645771737134592,0.7363418229746641
2026-09-11,63563817,1841014603,2892,重点词,0.2441307,3.493536394437493,0.16371521396374844,0.49140859296053835,0.02100580604144377,1.0513571980122658,0.038454804825915415,0.878464378369316,0.6706047783574473
2026-09-11,63563817,1841014603,2985,重点词,0.90471967,3.493536394437493,0.6195164937928799,1.6498676634107259,0.07948829551644548,1.0513571980122658,0.038454804825915415,0.8970080750566706,0.6847607212882637
2026-09-11,63563817,1841014603,3169,潜力词,0.04490672,3.493536394437493,0.0331320916011243,0.07742351308530189,0.0042510788891903075,1.0513571980122658,0.038454804825915415,0.9664848042125128,0.7377980756805285
2026-09-11,63563817,1841014603,3304,潜力词,0.060933501,3.493536394437493,0.04392300289974698,0.101501869719452,0.005635628218854221,1.0513571980122658,0.038454804825915415,0.944263938516175,0.7208350444158294
2026-09-11,63563817,1841014603,3501,重点词,0.10703033,3.493536394437493,0.07410463540192871,0.2966119541535066,0.00950814258697733,1.0513571980122658,0.038454804825915415,0.9069764745982065,0.6923704281013495
2026-09-11,63563817,1841014603,4048,黄金词,0.022294679,3.493536394437493,0.016675054903317655,0.07844239287591258,0.002139526074266242,1.0513571980122658,0.038454804825915415,0.9797686988866456,0.7479387751363298
2026-09-11,63563817,1841014603,4186,黄金词,0.025150937,3.493536394437493,0.01851606926427267,0.05007070989786128,0.002375741082324667,1.0513571980122658,0.038454804825915415,0.9643887584058626,0.7361979899306601
2026-09-11,63563817,1841014603,4675,黄金词,0.011504372,3.493536394437493,0.008659921318088855,0.02601994587437701,0.0011111284231789154,1.0513571980122658,0.038454804825915415,0.9860718063563532,0.7527504602675273
2026-09-11,63563817,1841014603,4713,黄金词,0.057045816,3.493536394437493,0.04005019381426772,0.10693989111430871,0.005138719748862347,1.0513571980122658,0.038454804825915415,0.9196833779538147,0.7020706621896288
2026-09-11,63563817,1841014603,4827,重点词,0.11218746,3.493536394437493,0.07436889055713122,0.18365030577401836,0.00954204837008228,1.0513571980122658,0.038454804825915415,0.8683693760874969,0.6628984251638393
2026-09-11,63563817,1841014603,4868,潜力词,0.049111767,3.493536394437493,0.034025145459302,0.08364543758326001,0.004365663940116593,1.0513571980122658,0.038454804825915415,0.9075528866910005,0.6928104512977917
2026-09-11,63563817,1841014603,5134,重点词,0.54657667,3.493536394437493,0.38469748434097417,0.9551609865078877,0.04935937561971003,1.0513571980122658,0.038454804825915415,0.9219890599811319,0.7038307806679238
2026-09-11,63563817,1841014603,5267,黄金词,0.026658406,3.493536394437493,0.019468631129860477,0.054593467934919704,0.0024979614264610647,1.0513571980122658,0.038454804825915415,0.9566625006040138,0.7302998960200575
2026-09-11,63563817,1841014603,5307,重点词,0.69962449,3.493536394437493,0.40120736499436505,0.6117625174126642,0.0514777086834246,1.0513571980122658,0.038454804825915415,0.751210077590017,0.5734610076247688
2026-09-11,63563817,1841014603,5374,重点词,0.30403278,3.493536394437493,0.21330837390288976,0.35786720719730103,0.027368955033171417,1.0513571980122658,0.038454804825915415,0.9190624156893463,0.701596630149189
2026-09-11,63563817,1841014603,5418,重点词,0.13329203,3.493536394437493,0.09162436198078952,0.25981492685802887,0.011756045940028973,1.0513571980122658,0.038454804825915415,0.9004597258442956,0.6873956528442812
2026-09-11,63563817,1841014603,5592,潜力词,0.056411092,3.493536394437493,0.03969988155223082,0.08946288868559202,0.005093772237558261,1.0513571980122658,0.038454804825915415,0.9218966060511322,0.703760202908868
2026-09-11,63563817,1841014603,6083,重点词,1.0073069,3.493536394437493,0.6639037633090169,2.3951257717211303,0.08518349238661373,1.0513571980122658,0.038454804825915415,0.8633777126508505,0.6590878741215979
2026-09-11,63563817,1841014603,6149,重点词,1.4548667,3.493536394437493,0.912153791068092,5.5340957747034,0.11703570579205115,1.0513571980122658,0.038454804825915415,0.821301045862953,0.6269672617210168
2026-09-11,63563817,1841014603,6352,重点词,0.48453241,3.493536394437493,0.32064021629786144,1.4941962326872122,0.041140380478816456,1.0513571980122658,0.038454804825915415,0.866867403792291,0.6617518450372833
2026-09-11,63563817,1841014603,6414,潜力词,0.014122608,3.493536394437493,0.010455057226644492,0.02909033695649587,0.0013414569051824292,1.0513571980122658,0.038454804825915415,0.9697706177285486,0.7403064098815525
2026-09-11,63563817,2874903000,193,潜力词,0.058615686,3.6124022367819526,0.04083516492613374,0.03968542640819215,0.005239437028122937,1.2085935975250182,0.027367469802015307,1.086220855326685,0.6966593366515191
2026-09-11,63563817,2874903000,431,重点词,1.4771638,3.6124022367819526,0.987078125948428,1.6415881208626046,0.1266490215504083,1.2085935975250182,0.027367469802015307,1.0418868262677319,0.6682252340251149
2026-09-11,63563817,2874903000,648,潜力词,0.070266009,3.6124022367819526,0.044825425777494765,0.043458165184397164,0.005751415380464803,1.2085935975250182,0.027367469802015307,0.9946649429695866,0.6379389752660459
2026-09-11,63563817,2874903000,1490,潜力词,0.022815215,3.6124022367819526,0.01428724387009192,0.015293664658915736,0.0018331532319800896,1.2085935975250182,0.027367469802015307,0.9763860528201402,0.626215614014241
2026-09-11,63563817,2874903000,1812,潜力词,0.08883371,3.6124022367819526,0.053866819420733895,0.05222377915525914,0.006911489368800905,1.2085935975250182,0.027367469802015307,0.9454557516338606,0.6063781352904646
2026-09-11,63563817,2874903000,2249,潜力词,0.05254781,3.6124022367819526,0.03356835682742142,0.03550304532033417,0.004307054766473484,1.2085935975250182,0.027367469802015307,0.996031646093348,0.6388155248985907
2026-09-11,63563817,2874903000,2275,重点词,3.2043242,3.6124022367819526,2.016834063718541,2.0343631111093057,0.2587739046025953,1.2085935975250182,0.027367469802015307,0.9813668713921166,0.6294101151558076
2026-09-11,63563817,2874903000,2499,黄金词,0.013106613,3.6124022367819526,0.008558071847764354,0.0082100219278096,0.0010980604243823345,1.2085935975250182,0.027367469802015307,1.0180828626949885,0.6529583079750928
2026-09-11,63563817,2874903000,2561,重点词,4.8904657,3.6124022367819526,3.111316940152973,2.7628707291776946,0.39920370621623125,1.2085935975250182,0.027367469802015307,0.9919544072938071,0.6362005442861961
2026-09-11,63563817,2874903000,2574,潜力词,0.056067178,3.6124022367819526,0.03340854103388852,0.03218571231551092,0.004286549283323611,1.2085935975250182,0.027367469802015307,0.9290658304467183,0.5958662844398646
2026-09-11,63563817,2874903000,2596,潜力词,0.017839557,3.6124022367819526,0.011405905651169425,0.0122093594640304,0.0014634574028564318,1.2085935975250182,0.027367469802015307,0.996881150580503,0.6393603636665095
2026-09-11,63563817,2874903000,2669,潜力词,0.089076425,3.6124022367819526,0.06183014932385438,0.07268742963107767,0.007933240245454422,1.2085935975250182,0.027367469802015307,1.0822689321574908,0.6941247285558932
2026-09-11,63563817,2874903000,2797,潜力词,0.065654423,3.6124022367819526,0.04247113110723319,0.041175680971512314,0.005449342921769119,1.2085935975250182,0.027367469802015307,1.008619855985804,0.6468891076421948
2026-09-11,63563817,2874903000,2959,潜力词,0.015412406,3.6124022367819526,0.010706592675287521,0.01138536625747514,0.0013737306610467621,1.2085935975250182,0.027367469802015307,1.0831248370915743,0.694673672318749
2026-09-11,63563817,2874903000,3163,重点词,5.994,3.6124022367819526,3.697193330128184,3.233997923224339,0.47437574132596544,1.2085935975250182,0.027367469802015307,0.9617298533053006,0.6168157040587561
2026-09-11,63563817,2874903000,3422,潜力词,0.08834828,3.6124022367819526,0.05884860982124509,0.05310657112150002,0.007550687891397812,1.2085935975250182,0.027367469802015307,1.038570025436321,0.6660979684182317
2026-09-11,63563817,2874903000,3465,潜力词,0.024028791,3.6124022367819526,0.016056661365316933,0.015468950976561648,0.0020601818618254746,1.2085935975250182,0.027367469802015307,1.041887921321154,0.6682259363493125
2026-09-11,63563817,2874903000,4527,重点词,1.2564145,3.6124022367819526,0.7783299157296675,1.0715757193333506,0.09986516738567094,1.2085935975250182,0.027367469802015307,0.9658917539402204,0.6194849834426994
2026-09-11,63563817,2874903000,4667,重点词,0.097814167,3.6124022367819526,0.09920041358835266,0.16766331161306242,0.012728106304948254,1.2085935975250182,0.027367469802015307,1.581282254070204,1.0141722475472563
2026-09-11,63563817,2874903000,4738,潜力词,0.045873146,3.6124022367819526,0.02998240217306825,0.0317104167068846,0.0038469517246179203,1.2085935975250182,0.027367469802015307,1.0190736566804546,0.6535937642704569
2026-09-11,63563817,2874903000,4798,重点词,1.277288,3.6124022367819526,0.984327313394482,1.0667880691402711,0.12629607307625274,1.2085935975250182,0.027367469802015307,1.2015680704125389,0.7706385039196187
2026-09-11,63563817,2874903000,4836,潜力词,0.035679113,3.6124022367819526,0.024226697308672152,0.02342055883728178,0.0031084545679634966,1.2085935975250182,0.027367469802015307,1.058712008645144,0.6790162442847767
2026-09-11,63563817,2874903000,4860,重点词,0.5586087,3.6124022367819526,0.39735788274478107,0.9701531406339485,0.05098379320949285,1.2085935975250182,0.027367469802015307,1.1091028279963016,0.7113349339972347
2026-09-11,63563817,2874903000,5241,潜力词,0.077911533,3.6124022367819526,0.04862736102357275,0.051196414272300386,0.006239230241574333,1.2085935975250182,0.027367469802015307,0.9731429185171807,0.624135595221477
2026-09-11,63563817,2874903000,5351,黄金词,0.049392514,3.6124022367819526,0.031889515075757505,0.04242458518746144,0.004091647637496829,1.2085935975250182,0.027367469802015307,1.0066638165784487,0.645634580895346
2026-09-11,63563817,2874903000,5532,重点词,0.83202721,3.6124022367819526,0.506097858507265,0.8994051328870283,0.06493589200663837,1.2085935975250182,0.027367469802015307,0.9484067697257158,0.6082708022340579
2026-09-11,63563817,2874903000,5995,黄金词,0.011164893,3.6124022367819526,0.007356309383808086,0.007057134179656737,0.0009438659019884493,1.2085935975250182,0.027367469802015307,1.027313737754142,0.658878628197161
2026-09-11,63563817,2874903000,6242,潜力词,0.0540041,3.6124022367819526,0.036286538295028786,0.035179729982331646,0.004655816444216217,1.2085935975250182,0.027367469802015307,1.047650636301261,0.6719219150958684
2026-09-11,63563817,2874903000,6282,重点词,1.9668415,3.6124022367819526,1.2829054208848862,1.5923581408395304,0.1646057308185904,1.2085935975250182,0.027367469802015307,1.0170046813544413,0.6522668048670349
2026-09-11,63563817,4190988309,9,重点词,0.22333202,3.849614797146905,0.11297627481821652,0.6706242777414828,0.014495645570495324,1.0504591437966178,0.008176402909075807,0.8474762476127844,0.5058668918958263
2026-09-11,63563817,4190988309,2397,黄金词,0.01481451,3.849614797146905,0.009173333429129812,0.08768921274040102,0.0011770027848997668,1.0504591437966178,0.008176402909075807,1.0373639854917858,0.6192127467685271
2026-09-11,63563817,4190988309,2478,重点词,0.6663252,3.849614797146905,0.36183105154782375,1.2115004524805164,0.046425452495015056,1.0504591437966178,0.008176402909075807,0.90972656018076,0.5430247145805438
2026-09-11,63563817,4190988309,2941,重点词,0.25178112,3.849614797146905,0.15680207950062292,1.4312172410035873,0.02011880257881512,1.0504591437966178,0.008176402909075807,1.043325771978765,0.6227713956496138
2026-09-11,63563817,4190988309,3617,潜力词,0.011012556,3.849614797146905,0.00651802496450138,0.04388183344602502,0.0008363081528142026,1.0504591437966178,0.008176402909075807,0.9915603865644368,0.5918721289137036
2026-09-11,63563817,4190988309,4017,重点词,0.11936824,3.849614797146905,0.06711034514480109,0.30047328741743135,0.008610726268837738,1.0504591437966178,0.008176402909075807,0.941872160311235,0.5622127388725937
2026-09-11,63563817,4190988309,4097,重点词,0.24332505,3.849614797146905,0.13186378740814914,2.3324820650832967,0.01691904542725698,1.0504591437966178,0.008176402909075807,0.9078832478445038,0.5419244233511886
2026-09-11,63563817,4190988309,4101,重点词,0.22012002,3.849614797146905,0.1429739390684496,0.47218751756093363,0.01834455552626936,1.0504591437966178,0.008176402909075807,1.0881496267703072,0.6495271946116015
2026-09-11,63563817,4190988309,4135,潜力词,0.010291496,3.849614797146905,0.006125742610519673,0.04124083881728525,0.0007859755854142946,1.0504591437966178,0.008176402909075807,0.9971753027141864,0.5952237274852629
2026-09-11,63563817,4190988309,4177,重点词,3.999,3.849614797146905,2.4283291303264254,18.905819197190823,0.3115715972965083,1.0504591437966178,0.008176402909075807,1.0172962041913531,0.6072340911043824
2026-09-11,63563817,4190988309,5374,重点词,0.48324145,3.849614797146905,0.23328087796574204,0.6712750401429438,0.029931566878147055,1.0504591437966178,0.008176402909075807,0.8087350039600538,0.48274186323574275
2026-09-11,63563817,4190988309,5649,重点词,0.063518851,3.849614797146905,0.0372780297796026,0.2279057249199278,0.004783031730520106,1.0504591437966178,0.008176402909075807,0.9831993797648275,0.5868813618748016
2026-09-11,63563817,4190988309,6082,潜力词,0.012126922,3.849614797146905,0.007116547573530986,0.047911316239686995,0.0009131027862041007,1.0504591437966178,0.008176402909075807,0.9831279682278118,0.586838735627308
2026-09-11,63563817,4190988309,6083,重点词,0.15004608,3.849614797146905,0.09153111751036634,0.5476285300750185,0.011744082022853992,1.0504591437966178,0.008176402909075807,1.0219635102488476,0.6100200519091624
2026-09-11,63563817,4190988309,6224,潜力词,0.02254952,3.849614797146905,0.013220788161780433,0.08142873452401304,0.0016963195118986922,1.0504591437966178,0.008176402909075807,0.98222576785002,0.5863002033648802
2026-09-11,63563817,4190988309,6245,黄金词,0.039789414,3.849614797146905,0.02119677192048627,0.2556149192199704,0.0027196939666526616,1.0504591437966178,0.008176402909075807,0.8924696624398605,0.5327239029075992
2026-09-11,63563817,4190988310,228,潜力词,0.027374996,3.735167658119456,0.017238870333661976,0.030634482515720915,0.002211867534086882,1.2683176037723358,0.02558080012261634,1.0562962145723256,0.6297305151628872
2026-09-11,63563817,4190988310,925,重点词,0.64472836,3.735167658119456,0.38930249056919963,0.6662043460040352,0.049950230099924456,1.2683176037723358,0.02558080012261634,1.0128412784537915,0.603824051681548
2026-09-11,63563817,4190988310,990,重点词,0.074868254,3.735167658119456,0.04404239366522027,0.12751567541466186,0.005650946888402103,1.2683176037723358,0.02558080012261634,0.9867433180788949,0.5882652701533586
2026-09-11,63563817,4190988310,1108,潜力词,0.010206626,3.735167658119456,0.006018824314775113,0.012923554709523047,0.0007722572208938825,1.2683176037723358,0.02558080012261634,0.9891461165747838,0.5896977428951656
2026-09-11,63563817,4190988310,1186,重点词,0.32490109,3.735167658119456,0.20000364879566043,0.3205364988841787,0.025661865824595658,1.2683176037723358,0.02558080012261634,1.0325657970761637,0.6155831880885978
2026-09-11,63563817,4190988310,1567,重点词,2.1675805,3.735167658119456,1.2815057015215432,4.325470898490202,0.16442613704262435,1.2683176037723358,0.02558080012261634,0.9916908180407442,0.5912148137158196
2026-09-11,63563817,4190988310,1667,重点词,0.55210175,3.735167658119456,0.30784784643430935,0.6980813431475039,0.03949903002849308,1.2683176037723358,0.02558080012261634,0.9352936393856561,0.5575925930941341
2026-09-11,63563817,4190988310,2123,重点词,0.42979924,3.735167658119456,0.25381263612085747,0.6475669597318049,0.03256593493139155,1.2683176037723358,0.02558080012261634,0.9905549699611331,0.5905376568857066
2026-09-11,63563817,4190988310,2212,潜力词,0.020354254,3.735167658119456,0.011915785192927193,0.02421847952431495,0.0015288785112516207,1.2683176037723358,0.02558080012261634,0.981970544095071,0.5854198927127073
2026-09-11,63563817,4190988310,2294,潜力词,0.03899757,3.735167658119456,0.022821163972934693,0.042456309013715346,0.0029281148187095137,1.2683176037723358,0.02558080012261634,0.9815924965963554,0.585194512707707
2026-09-11,63563817,4190988310,2892,重点词,0.87464292,3.735167658119456,0.5373935251721353,0.9276021755033417,0.06895134474303163,1.2683176037723358,0.02558080012261634,1.0306059116613264,0.6144147661678155
2026-09-11,63563817,4190988310,2980,潜力词,0.011091593,3.735167658119456,0.006491877625018631,0.013939289679630994,0.0008329532664332946,1.2683176037723358,0.02558080012261634,0.9817646359423676,0.5852971367610252
2026-09-11,63563817,4190988310,2985,重点词,7.083,3.735167658119456,4.264763696314968,6.974454257429891,0.5471989856557854,1.2683176037723358,0.02558080012261634,1.009970562421079,0.602112621250172
2026-09-11,63563817,4190988310,3169,重点词,6.1802004,3.735167658119456,3.641250691482155,5.3141154884231465,0.4671979098441261,1.2683176037723358,0.02558080012261634,0.9882777256075258,0.5891800355668328
2026-09-11,63563817,4190988310,3180,黄金词,0.022950158,3.735167658119456,0.014061393177999263,0.04132094167849909,0.0018041750098737757,1.2683176037723358,0.02558080012261634,1.0277172756319164,0.6126926523991366
2026-09-11,63563817,4190988310,3304,重点词,0.10194826,3.735167658119456,0.060073525260099105,0.14014427190790035,0.007707853102270852,1.2683176037723358,0.02558080012261634,0.9884035238334044,0.5892550325047147
2026-09-11,63563817,4190988310,3818,黄金词,0.033864758,3.735167658119456,0.018210395413275165,0.04975936464631968,0.0023365209911032333,1.2683176037723358,0.02558080012261634,0.9019913740966861,0.5377388320115905
2026-09-11,63563817,4190988310,4048,重点词,0.055398968,3.735167658119456,0.03562939816787561,0.14992116564215355,0.004571500773614669,1.2683176037723358,0.02558080012261634,1.0787921977155914,0.6431419113777644
2026-09-11,63563817,4190988310,4155,潜力词,0.031799834,3.735167658119456,0.019437242404580616,0.03940042907769822,0.002493934033654047,1.2683176037723358,0.02558080012261634,1.025275979558999,0.6112372286151122
2026-09-11,63563817,4190988310,4403,重点词,0.15203742,3.735167658119456,0.09474207584863924,0.6257352792142163,0.012156070416772302,1.2683176037723358,0.02558080012261634,1.0452577340844087,0.6231497209610584
2026-09-11,63563817,4190988310,4675,重点词,0.13298112,3.735167658119456,0.08153277354907379,0.2694817936588796,0.010461224621262363,1.2683176037723358,0.02558080012261634,1.0284263954337955,0.6131154072779187
2026-09-11,63563817,4190988310,4713,黄金词,0.027610987,3.735167658119456,0.014417723618013299,0.04056939653180504,0.0018498946954691204,1.2683176037723358,0.02558080012261634,0.8758822983726164,0.5221734238625116
2026-09-11,63563817,4190988310,4773,重点词,1.2149424,3.735167658119456,0.6505905142957907,1.0710683122067344,0.08347530950133102,1.2683176037723358,0.02558080012261634,0.8982206247749116,0.5354908300967937
2026-09-11,63563817,4190988310,4791,重点词,0.14672762,3.735167658119456,0.08064385372850122,0.5158315096242446,0.010347169996250682,1.2683176037723358,0.02558080012261634,0.921913946446181,0.5496160418093146
2026-09-11,63563817,4190988310,4827,重点词,0.56850315,3.735167658119456,0.33276697978967773,1.0866756651374714,0.04269632898019373,1.2683176037723358,0.02558080012261634,0.9818346040729282,0.5853388495554999
2026-09-11,63563817,4190988310,5010,重点词,0.37475426,3.735167658119456,0.22848734949549868,0.4232495400569339,0.029316523676833052,1.2683176037723358,0.02558080012261634,1.0226960208962543,0.6096991385648256
2026-09-11,63563817,4190988310,5134,重点词,0.99322858,3.735167658119456,0.6381249808776003,3.727789677428169,0.08187589445097641,1.2683176037723358,0.02558080012261634,1.0776742933136458,0.6424754520028011
2026-09-11,63563817,4190988310,5267,重点词,0.65463999,3.735167658119456,0.41485392131751586,0.917805961583284,0.0532286572258198,1.2683176037723358,0.02558080012261634,1.0629764740814327,0.6337130753614912
2026-09-11,63563817,4190988310,5330,重点词,0.71741369,3.735167658119456,0.4198586633552113,3.2962595039060676,0.053870800603860215,1.2683176037723358,0.02558080012261634,0.9816675694706871,0.5852392687895478
2026-09-11,63563817,4190988310,5418,重点词,0.089558716,3.735167658119456,0.04989982795594609,0.2567492823124707,0.006402496641369675,1.2683176037723358,0.02558080012261634,0.9345922482847276,0.5571744458232976
2026-09-11,63563817,4190988310,5812,潜力词,0.032802797,3.735167658119456,0.019922075608069093,0.04038321438494217,0.002556141521818134,1.2683176037723358,0.02558080012261634,1.0187196714440923,0.6073285643315444
2026-09-11,63563817,4190988310,5840,潜力词,0.021593208,3.735167658119456,0.012529920756913305,0.0254666918192445,0.0016076763958703434,1.2683176037723358,0.02558080012261634,0.9733345531172584,0.580271387045098
2026-09-11,63563817,4190988310,6325,重点词,0.49269093,3.735167658119456,0.31555308059385717,0.5974677777443699,0.04048766541759753,1.2683176037723358,0.02558080012261634,1.0743080790771709,0.6404686211574001
2026-09-11,63563817,4190988310,6352,重点词,0.41398782,3.735167658119456,0.23665439481125458,1.3599330741292959,0.0303644126645507,1.2683176037723358,0.02558080012261634,0.958866166601299,0.5716457909589093
2026-09-11,495403620,8878077181,1048,重点词,10.687638,1.2360773839438557,17.405638295080557,182.46172291190274,2.2332650289602745,0.6865264614622009,0.7274315385859659,1.3251904619835033,1.6285767065726362
2026-09-11,495403620,8878077181,1607,重点词,9.7219704,1.2360773839438557,9.0738798318624,92.3496064858802,1.1642421933594733,0.6865264614622009,0.7274315385859659,0.7594668316721939,0.9333375291764311
2026-09-11,495403620,8878077181,3989,重点词,262.68,1.2360773839438557,358.5366234920524,3536.6268093318886,46.002754353030845,0.6865264614622009,0.7274315385859659,1.1106484099278418,1.3649178601037475
2026-09-11,495403620,8878077181,5778,重点词,262.68,1.2360773839438557,264.26564020535994,2788.657159813923,33.9071284040892,0.6865264614622009,0.7274315385859659,0.8186226841597737,1.0060363948734579
2026-09-11,495403620,9628223555,104,重点词,0.14421686,3.723398247258353,0.10217367930080506,0.13330184820328214,0.013109597073908066,0.7623578267429365,0.012972136838845015,0.9949419901309582,0.7084724996841913
2026-09-11,495403620,9628223555,235,重点词,0.031682917,3.723398247258353,0.022452019525926552,0.04255750290399061,0.002880751006468789,0.7623578267429365,0.012972136838845015,0.9951877338091268,0.7086474874117984
2026-09-11,495403620,9628223555,400,重点词,0.054393802,3.723398247258353,0.03802592683883464,0.0578225665112913,0.004878992149743412,0.7623578267429365,0.012972136838845015,0.9817595964889454,0.6990856575687546
2026-09-11,495403620,9628223555,444,重点词,7.8266531,3.723398247258353,4.876982489893029,44.25345418592704,0.6257509352362018,0.7623578267429365,0.012972136838845015,0.8750842636258296,0.6231249076176673
2026-09-11,495403620,9628223555,665,重点词,0.61163235,3.723398247258353,0.4045432153690694,0.5022977089878874,0.051905721598399214,0.7623578267429365,0.012972136838845015,0.9288578100749727,0.6614156614983975
2026-09-11,495403620,9628223555,700,重点词,0.076638963,3.723398247258353,0.06293091043127116,0.10793980837339523,0.008074475587977211,0.7623578267429365,0.012972136838845015,1.1531589073579795,0.8211346809490514
2026-09-11,495403620,9628223555,859,重点词,0.021991752,3.723398247258353,0.013363158312403407,0.03585859426456259,0.0017145865971479564,0.7623578267429365,0.012972136838845015,0.8533438187758888,0.607644098223889
2026-09-11,495403620,9628223555,875,重点词,0.71747493,3.723398247258353,0.581434456102986,0.6807499280864535,0.07460210395239211,0.7623578267429365,0.012972136838845015,1.1380695327621002,0.8103899269386124
2026-09-11,495403620,9628223555,1018,重点词,0.070317447,3.723398247258353,0.04610370479919065,0.17175253617722042,0.0059154275119368115,0.7623578267429365,0.012972136838845015,0.9207622259184725,0.6556510050655089
2026-09-11,495403620,9628223555,1092,重点词,0.016786604,3.723398247258353,0.013517186450566088,0.027591524240223028,0.0017343494836679985,0.7623578267429365,0.012972136838845015,1.1308323441931103,0.8052365118380161
2026-09-11,495403620,9628223555,1164,重点词,0.012690974,3.723398247258353,0.008694710030556111,0.04198361299481383,0.0011155920581021827,0.7623578267429365,0.012972136838845015,0.9621325582995413,0.6851097504853537
2026-09-11,495403620,9628223555,1257,重点词,0.14525104,3.723398247258353,0.10255523024592963,0.1576496957650446,0.013158552726557372,0.7623578267429365,0.012972136838845015,0.9915470487068746,0.7060550495606065
2026-09-11,495403620,9628223555,1316,重点词,0.030922691,3.723398247258353,0.04163840131958853,0.01458312692357315,0.005342497870654507,0.7623578267429365,0.012972136838845015,1.891,1.3465322704155511
2026-09-11,495403620,9628223555,1318,重点词,0.93444744,3.723398247258353,0.7282513878096595,0.8037955272571424,0.0934397422901044,0.7623578267429365,0.012972136838845015,1.0944633050393224,0.7793390581814419
2026-09-11,495403620,9628223555,1655,重点词,0.66334139,3.723398247258353,0.45749514224631244,0.5109760784358665,0.058699823860333025,0.7623578267429365,0.012972136838845015,0.9685547010650728,0.6896827925154986
2026-09-11,495403620,9628223555,1666,重点词,0.011136278,3.723398247258353,0.007764498255651945,0.02111998337814379,0.00099623938678948,0.7623578267429365,0.012972136838845015,0.979147446553067,0.6972256130506032
2026-09-11,495403620,9628223555,1676,重点词,0.1849403,3.723398247258353,0.11558460976897234,0.3276522003291864,0.014830313172486351,0.7623578267429365,0.012972136838845015,0.877694175185229,0.6249833582457276
2026-09-11,495403620,9628223555,1735,重点词,0.042702764,3.723398247258353,0.03477606481903898,0.047353286880341273,0.004462012141615403,0.7623578267429365,0.012972136838845015,1.143666008037552,0.8143750324695371
2026-09-11,495403620,9628223555,1802,重点词,0.14886725,3.723398247258353,0.08775693849230795,0.26208194089832093,0.011259828479768032,0.7623578267429365,0.012972136838845015,0.8278603085421157,0.5894979486240791
2026-09-11,495403620,9628223555,2176,重点词,0.012156761,3.723398247258353,0.007810447096288747,0.021869864499006252,0.0010021349441471461,0.7623578267429365,0.012972136838845015,0.9022622336358836,0.642477638269663
2026-09-11,495403620,9628223555,2226,重点词,0.029956999,3.723398247258353,0.024358793309134038,0.04574103764767684,0.0031254034079483206,0.7623578267429365,0.012972136838845015,1.1419109256882995,0.8131252836485402
2026-09-11,495403620,9628223555,2541,重点词,14.853104,3.723398247258353,14.557859618832033,42.546456691105156,1.867875123685607,0.7623578267429365,0.012972136838845015,1.3764329739739405,0.980122378381787
2026-09-11,495403620,9628223555,2584,重点词,0.079433306,3.723398247258353,0.10601236415605697,0.08064847878977269,0.013602127166691649,0.7623578267429365,0.012972136838845015,1.874254854512452,1.3346084847086306
2026-09-11,495403620,9628223555,2633,重点词,0.041243953,3.723398247258353,0.027893447455605704,0.07163116070394421,0.0035789242361397044,0.7623578267429365,0.012972136838845015,0.9497661196631086,0.6763039288597217
2026-09-11,495403620,9628223555,2723,重点词,0.232903,3.723398247258353,0.18531432368255568,0.405730129967258,0.02377712275927546,0.7623578267429365,0.012972136838845015,1.1174000054714455,0.7956716902854651
2026-09-11,495403620,9628223555,2748,重点词,0.02946388,3.723398247258353,0.022321244157093096,0.09754925669239421,0.0028639716127508534,0.7623578267429365,0.012972136838845015,1.0639059157312922,0.7575799303110485
2026-09-11,495403620,9628223555,2780,重点词,0.065543778,3.723398247258353,0.0437215298106105,0.12122327894172458,0.005609777813565018,0.7623578267429365,0.012972136838845015,0.9367822246137627,0.667058432466473
2026-09-11,495403620,9628223555,2843,重点词,0.10317837,3.723398247258353,0.07036017149785348,0.0997182028758737,0.009027701700673333,0.7623578267429365,0.012972136838845015,0.9576636198193894,0.6819275347909981
2026-09-11,495403620,9628223555,2874,重点词,3.7230099,3.723398247258353,1.9198812804925105,10.272714070785623,0.24633418498023268,0.7623578267429365,0.012972136838845015,0.7241940392913709,0.5156798751710304
2026-09-11,495403620,9628223555,2993,重点词,0.015190815,3.723398247258353,0.010258460835963594,0.02069595940838711,0.001316232214384876,0.7623578267429365,0.012972136838845015,0.9483658192861519,0.6753068111199823
2026-09-11,495403620,9628223555,2996,重点词,0.051209073,3.723398247258353,0.033989191729925566,0.19889620105909225,0.004361050825382399,0.7623578267429365,0.012972136838845015,0.9321132590934539,0.6637337826819393
2026-09-11,495403620,9628223555,2997,重点词,0.12668373,3.723398247258353,0.08201744986198445,0.15453220948524465,0.01052341197926892,0.7623578267429365,0.012972136838845015,0.9092015818871546,0.647418968970873
2026-09-11,495403620,9628223555,3008,重点词,0.031100762,3.723398247258353,0.02694963269202233,0.09884491166968364,0.0034578262063177877,0.7623578267429365,0.012972136838845015,1.2169047419257089,0.866526443693641
2026-09-11,495403620,9628223555,3165,重点词,0.036600413,3.723398247258353,0.029006457903505662,0.0415607438375234,0.0037217312546484666,0.7623578267429365,0.012972136838845015,1.112970044321194,0.7925172293412553
2026-09-11,495403620,9628223555,3327,重点词,0.015122326,3.723398247258353,0.009774320894669761,0.03835323056108298,0.0012541136766050817,0.7623578267429365,0.012972136838845015,0.907700886701553,0.646350362680302
2026-09-11,495403620,9628223555,3374,重点词,1.642964,3.723398247258353,0.7243144055838795,6.190092301135942,0.09293459995775123,0.7623578267429365,0.012972136838845015,0.6191185809082594,0.440858354525041
2026-09-11,495403620,9628223555,3379,重点词,0.021772588,3.723398247258353,0.014509677374028957,0.04873320903434535,0.001861693004965725,0.7623578267429365,0.012972136838845015,0.9358849517013433,0.666419507595007
2026-09-11,495403620,9628223555,3382,重点词,1.0499332,3.723398247258353,0.46082794398181653,2.447582821587751,0.05912744561359347,0.7623578267429365,0.012972136838845015,0.616384771328776,0.43891167931618563
2026-09-11,495403620,9628223555,3393,重点词,0.20432947,3.723398247258353,0.11206726623205708,0.24824717326187387,0.014379013416472667,0.7623578267429365,0.012972136838845015,0.7702337281389124,0.5484635487580772
2026-09-11,495403620,9628223555,3575,重点词,0.10976699,3.723398247258353,0.05393092733176776,0.17154329854011405,0.00691971486179142,0.7623578267429365,0.012972136838845015,0.689986979745889,0.4913219113666847
2026-09-11,495403620,9628223555,3923,重点词,0.010122644,3.723398247258353,0.007882988410732749,0.05703219136060573,0.0010114425017302764,0.7623578267429365,0.012972136838845015,1.0936332038184426,0.7787479645370072
2026-09-11,495403620,9628223555,3989,重点词,0.072639217,3.723398247258353,0.04582779230522894,0.2778076973382516,0.0058800260108041544,0.7623578267429365,0.012972136838845015,0.8859975988073572,0.6308960117952391
2026-09-11,495403620,9628223555,4002,重点词,0.01797146,3.723398247258353,0.011931091377442995,0.03932555098563703,0.0015308424016891012,0.7623578267429365,0.012972136838845015,0.9323341115230808,0.6638910459942038
2026-09-11,495403620,9628223555,4016,重点词,0.033340346,3.723398247258353,0.02073301016748093,0.04644277912650191,0.0026601900928390327,0.7623578267429365,0.012972136838845015,0.8733071602993272,0.6218594782273985
2026-09-11,495403620,9628223555,4047,重点词,0.034895042,3.723398247258353,0.023750357665039742,0.04070023864411022,0.0030473368628844287,0.7623578267429365,0.012972136838845015,0.9558311760805247,0.6806226989220916
2026-09-11,495403620,9628223555,4188,重点词,1.0500976,3.723398247258353,0.5095790244292963,1.967299472273859,0.06538254992184266,0.7623578267429365,0.012972136838845015,0.6814855317304676,0.48526824976011396
2026-09-11,495403620,9628223555,4189,重点词,0.013300524,3.723398247258353,0.009408434255869817,0.021026382792591815,0.0012071678639239871,0.7623578267429365,0.012972136838845015,0.9933981941489531,0.7073732024294545
2026-09-11,495403620,9628223555,4321,重点词,0.061105704,3.723398247258353,0.04174291284687283,0.18227820464704073,0.005355907429962264,0.7623578267429365,0.012972136838845015,0.9593470888251421,0.6831262895992956
2026-09-11,495403620,9628223555,4560,重点词,0.010471937,3.723398247258353,0.006638276246985523,0.016762233297220982,0.000851737232708122,0.7623578267429365,0.012972136838845015,0.8902317173496243,0.63391101827537
2026-09-11,495403620,9628223555,4634,重点词,0.25707955,3.723398247258353,0.13015176638922976,0.5300924171950597,0.016699381166425005,0.7623578267429365,0.012972136838845015,0.7109798597535864,0.5062703991399929
2026-09-11,495403620,9628223555,4865,重点词,0.042456205,3.723398247258353,0.03412696933614802,0.042491158762395044,0.004378728655091029,0.7623578267429365,0.012972136838845015,1.1288372016544694,0.8038158223550131
2026-09-11,495403620,9628223555,4888,重点词,0.022615001,3.723398247258353,0.016105992379872897,0.03808660373221344,0.002066511375732592,0.7623578267429365,0.012972136838845015,1.0001511550722884,0.7121818115273529
2026-09-11,495403620,9628223555,5249,重点词,0.2545797,3.723398247258353,0.12622150241943395,0.12982932860824986,0.016195100833263747,0.7623578267429365,0.012972136838845015,0.696280668764194,0.49580348480037467
2026-09-11,495403620,9628223555,5436,重点词,0.011711584,3.723398247258353,0.008242765138778882,0.021353241012153818,0.0010576043701638097,0.7623578267429365,0.012972136838845015,0.9883984389978062,0.7038130058904826
2026-09-11,495403620,9628223555,5702,重点词,0.015704481,3.723398247258353,0.01071322444406439,0.028301398142690646,0.0013745815633255782,0.7623578267429365,0.012972136838845015,0.9580129461189884,0.6821762810286052
2026-09-11,495403620,9628223555,5703,重点词,1.6665036,3.723398247258353,0.7385687401564979,1.615464851906725,0.09476353069688565,0.7623578267429365,0.012972136838845015,0.6223854466686312,0.4431846052756789
2026-09-11,495403620,9628223555,5705,重点词,0.092055791,3.723398247258353,0.04222860191579383,0.1545087558701256,0.005418224731642381,0.7623578267429365,0.012972136838845015,0.6442142868700049,0.4587283587166594
2026-09-11,495403620,9628223555,5911,重点词,0.020039822,3.723398247258353,0.012805024673324481,0.0632063249482923,0.0016429741508526892,0.7623578267429365,0.012972136838845015,0.8973488752744284,0.6389789626536844
2026-09-11,495403620,9628223555,5964,重点词,1.2151351,3.723398247258353,0.6042092683841336,0.8807610608746762,0.07752427152512613,0.7623578267429365,0.012972136838845015,0.6982928253058283,0.4972362895155721
2026-09-11,495403620,9628223555,6027,重点词,0.048364787,3.723398247258353,0.02083578614521475,0.150750125939882,0.0026733769690109343,0.7623578267429365,0.012972136838845015,0.605,0.4308048776316279
2026-09-11,495403620,9628223555,6159,重点词,0.029552916,3.723398247258353,0.01557151938666814,0.04923670820106284,0.001997934755650508,0.7623578267429365,0.012972136838845015,0.7399551791678345,0.5269029758913855
2026-09-11,495403620,9628223555,6229,重点词,0.013245733,3.723398247258353,0.009820602517864475,0.03590467742153449,0.0012600519322905099,0.7623578267429365,0.012972136838845015,1.0412065702642945,0.7414163125486882
2026-09-11,495403620,9628223555,6261,重点词,12.955868,3.723398247258353,9.690507758496262,7.741888653508854,1.2433598655232632,0.7623578267429365,0.012972136838845015,1.050400166385009,0.747962834948323
2026-09-11,495403620,9628223555,6298,重点词,1.3582287,3.723398247258353,0.6993597918477863,1.3861504738913213,0.08973274862525629,0.7623578267429365,0.012972136838845015,0.7231069233300781,0.514905767966607
2026-09-11,495403620,9628223555,6360,重点词,7.3529092,3.723398247258353,4.226839118463811,10.810107640408905,0.5423329972894175,0.7623578267429365,0.012972136838845015,0.8072931695439771,0.5748526200301523
2026-09-11,495403620,9628223555,6377,重点词,0.013834737,3.723398247258353,0.011645147056404929,0.14316304041916755,0.0014941537470372008,0.7623578267429365,0.012972136838845015,1.1820853432534033,0.8417324490089642
2026-09-11,495403620,9628223555,6474,重点词,0.082213951,3.723398247258353,0.047370183967245356,0.11798240945124085,0.006077925639725821,0.7623578267429365,0.012972136838845015,0.8091598298266673,0.576181820616374
2026-09-11,495403620,9628223555,6500,重点词,0.079707261,3.723398247258353,0.053975062924542905,0.22393738557499496,0.0069253777667769275,0.7623578267429365,0.012972136838845015,0.950977046377095,0.6771661985040849
2026-09-11,495403620,9628223555,6504,重点词,0.025149086,3.723398247258353,0.01717066260945651,0.03807918245533909,0.0022031160064157544,0.7623578267429365,0.012972136838845015,0.9588255795080306,0.6827549362810444
2026-09-11,495403620,9628223555,6538,重点词,0.015683934,3.723398247258353,0.01162075684025695,0.05204497552700325,0.0014910243118594368,0.7623578267429365,0.012972136838845015,1.0405289567275295,0.74093380144656
2026-09-11,495403620,9628223555,6574,重点词,0.038566041,3.723398247258353,0.027103631504737675,0.11181651637995067,0.003477585330178002,0.7623578267429365,0.012972136838845015,0.9869546291069018,0.7027849061493678
2026-09-11,495403620,9628223555,6617,重点词,0.21797929,3.723398247258353,0.15143691668259474,0.19970060805260892,0.019430414695931975,0.7623578267429365,0.012972136838845015,0.9756437972401659,0.694730754846457
2026-09-11,495817671,9630806627,110,重点词,0.8357461,3.687643048538889,0.43785994344263757,1.0020796843881636,0.05618049063729785,0.8091544992400235,0.013273561294413856,0.9257197166460085,0.5239150304651586
2026-09-11,495817671,9630806627,235,重点词,0.036455086,3.687643048538889,0.02295197638746738,0.04267314551035446,0.002944898965649547,0.8091544992400235,0.013273561294413856,1.1124502990184397,0.6295960017065213
2026-09-11,495817671,9630806627,299,重点词,0.035639411,3.687643048538889,0.02282838844569954,0.04616999504037036,0.0029290417690519765,0.8091544992400235,0.013273561294413856,1.1317835871591064,0.6405377587665391
2026-09-11,495817671,9630806627,308,重点词,0.024440809,3.687643048538889,0.017848112216033756,0.03058371242397465,0.0022900375251560046,0.8091544992400235,0.013273561294413856,1.2903138723127348,0.7302586512596108
2026-09-11,495817671,9630806627,353,重点词,0.86973943,3.687643048538889,0.5956138568165824,0.5785098722591975,0.07642142015375424,0.8091544992400235,0.013273561294413856,1.210024849596695,0.684818735671881
2026-09-11,495817671,9630806627,444,重点词,0.07106386,3.687643048538889,0.045764759335567826,0.2123667360874734,0.005871938440303769,0.8091544992400235,0.013273561294413856,1.1378920026173387,0.6439948426044944
2026-09-11,495817671,9630806627,505,重点词,0.037706573,3.687643048538889,0.024835538493913963,0.0358318083297167,0.003186573146790655,0.8091544992400235,0.013273561294413856,1.1637914810237517,0.6586527631114597
2026-09-11,495817671,9630806627,530,重点词,0.021814158,3.687643048538889,0.016869418878167463,0.02793732825578606,0.0021644643305118905,0.8091544992400235,0.013273561294413856,1.3664077717920624,0.7733243189201923
2026-09-11,495817671,9630806627,679,重点词,0.059084919,3.687643048538889,0.0496351592378696,0.03557706285796207,0.006368537795257893,0.8091544992400235,0.013273561294413856,1.48433330039289,0.8400647758841744
2026-09-11,495817671,9630806627,815,重点词,0.67687789,3.687643048538889,0.5253706008315556,0.564462631354338,0.06740871953041644,0.8091544992400235,0.013273561294413856,1.3714314165508554,0.7761674721441347
2026-09-11,495817671,9630806627,875,重点词,0.013990155,3.687643048538889,0.007835597804222376,0.02273605975960299,0.0010053619557355486,0.8091544992400235,0.013273561294413856,0.9896195482478126,0.5600794132890147
2026-09-11,495817671,9630806627,1089,重点词,0.11686829,3.687643048538889,0.07680995392635374,0.13711271371362407,0.009855253859219752,0.8091544992400235,0.013273561294413856,1.1612867498227253,0.657235199782197
2026-09-11,495817671,9630806627,1164,重点词,0.069821207,3.687643048538889,0.046171286789467005,0.08465340403266587,0.005924098753572022,0.8091544992400235,0.013273561294413856,1.1684315681344528,0.6612788402450134
2026-09-11,495817671,9630806627,1207,重点词,0.033996282,3.687643048538889,0.021453535753641267,0.03204032269761843,0.0027526385607873627,0.8091544992400235,0.013273561294413856,1.1150288673126525,0.6310553534542767
2026-09-11,495817671,9630806627,1424,重点词,0.76341603,3.687643048538889,0.5372437597680398,0.03490544254155796,0.06893212879508165,0.8091544992400235,0.013273561294413856,1.2434512423886321,0.7037365455478317
2026-09-11,495817671,9630806627,1438,重点词,0.56320163,3.687643048538889,0.2839274353167586,0.2948868430686927,0.03642987411926813,0.8091544992400235,0.013273561294413856,0.890762883005918,0.50413106104959
2026-09-11,495817671,9630806627,1486,重点词,0.021504967,3.687643048538889,0.01568722212096272,0.026906527854106715,0.002012780225025119,0.8091544992400235,0.013273561294413856,1.2889198771096488,0.7294697137160322
2026-09-11,495817671,9630806627,1590,重点词,0.037350267,3.687643048538889,0.021219986509781973,0.03577510452259531,0.0027226725606896533,0.8091544992400235,0.013273561294413856,1.003852831903703,0.5681348010117833
2026-09-11,495817671,9630806627,1738,重点词,0.047833313,3.687643048538889,0.03041905664383702,0.035867772975426274,0.0039029775446869646,0.8091544992400235,0.013273561294413856,1.1236574500768048,0.6359387367510383
2026-09-11,495817671,9630806627,1785,重点词,0.013068471,3.687643048538889,0.011593665753699045,0.012762651176838348,0.001487548336133605,0.8091544992400235,0.013273561294413856,1.567525638002388,0.8871478349455759
2026-09-11,495817671,9630806627,1817,重点词,0.034016894,3.687643048538889,0.024697129744525176,0.024171432511567895,0.0031688143370031696,0.8091544992400235,0.013273561294413856,1.2828340604023614,0.7260254197377685
2026-09-11,495817671,9630806627,1924,重点词,0.48564771,3.687643048538889,0.22359084482369038,0.23809533888499307,0.028688267909230392,0.8091544992400235,0.013273561294413856,0.8134883306459086,0.46039719784468947
2026-09-11,495817671,9630806627,1976,重点词,0.017114456,3.687643048538889,0.010930719454994856,0.011598599426456297,0.0014024876931468342,0.8091544992400235,0.013273561294413856,1.1285071226426124,0.6386834296687465
2026-09-11,495817671,9630806627,1981,重点词,0.11068153,3.687643048538889,0.06770810374321792,0.08196055525214693,0.008687422874326885,0.8091544992400235,0.013273561294413856,1.080896604997129,0.6117380537043347
2026-09-11,495817671,9630806627,2019,重点词,0.26555086,3.687643048538889,0.20307650764180468,0.250369216597287,0.02605613508859414,0.8091544992400235,0.013273561294413856,1.3512342026651407,0.7647367726160054
2026-09-11,495817671,9630806627,2438,重点词,0.19546758,3.687643048538889,0.12862000957369366,0.1326073597482514,0.016502846062626187,0.8091544992400235,0.013273561294413856,1.1626592660141783,0.6580119811873337
2026-09-11,495817671,9630806627,2533,重点词,5.7045672,3.687643048538889,4.210294473684061,3.5328735223693193,0.5402102037453491,0.8091544992400235,0.013273561294413856,1.304092590257495,0.7380567755752026
2026-09-11,495817671,9630806627,2541,重点词,0.50644889,3.687643048538889,0.23612318214894779,1.1535307899958718,0.030296254367706974,0.8091544992400235,0.013273561294413856,0.8237997570918812,0.4662329937162026
2026-09-11,495817671,9630806627,2586,重点词,0.4935306,3.687643048538889,0.20965575631814354,0.3239045476619409,0.02690029867148633,0.8091544992400235,0.013273561294413856,0.7506048419413414,0.4248080186277073
2026-09-11,495817671,9630806627,2821,重点词,0.39083209,3.687643048538889,0.23399393845879365,0.4565661111066157,0.03002305752248128,0.8091544992400235,0.013273561294413856,1.0578718190071168,0.5987070776578086
2026-09-11,495817671,9630806627,2869,重点词,0.017064396,3.687643048538889,0.011499052790169141,0.02670857498797562,0.0014754088317296013,0.8091544992400235,0.013273561294413856,1.190665589539103,0.6738622796944669
2026-09-11,495817671,9630806627,2899,重点词,0.46226992,3.687643048538889,0.3822045286575349,0.31991737385439895,0.04903951198401985,0.8091544992400235,0.013273561294413856,1.4608944851817247,0.8267994782302402
2026-09-11,495817671,9630806627,2933,重点词,0.83619958,3.687643048538889,0.5657629924892964,0.8445080031401299,0.0725913456539752,0.8091544992400235,0.013273561294413856,1.1954825651998457,0.6765884676589964
2026-09-11,495817671,9630806627,2987,重点词,0.13040202,3.687643048538889,0.10100696712526784,0.029781804986539376,0.01295989974846003,0.8091544992400235,0.013273561294413856,1.3686287787355185,0.7745813072931527
2026-09-11,495817671,9630806627,3132,重点词,0.010659726,3.687643048538889,0.009339719921893435,0.05058155991452387,0.0011983513346789135,0.8091544992400235,0.013273561294413856,1.54812657937808,0.8761688547992167
2026-09-11,495817671,9630806627,3135,重点词,0.070754669,3.687643048538889,0.04232287695999193,0.07751833266705813,0.005430320878634636,0.8091544992400235,0.013273561294413856,1.0569117691471372,0.5981637333359856
2026-09-11,495817671,9630806627,3157,重点词,0.026201725,3.687643048538889,0.019266777552819452,0.01952891467657753,0.002472062201914748,0.8091544992400235,0.013273561294413856,1.2992653449853768,0.7353247754802195
2026-09-11,495817671,9630806627,3215,重点词,0.06003016,3.687643048538889,0.030574637518847574,0.30781102309093694,0.003922939658195569,0.8091544992400235,0.013273561294413856,0.8999336099356339,0.5093212731541541
2026-09-11,495817671,9630806627,3327,重点词,0.024820672,3.687643048538889,0.014687949092044291,0.026563059231998563,0.0018845665122021035,0.8091544992400235,0.013273561294413856,1.0456016956390028,0.5917627488910974
2026-09-11,495817671,9630806627,3412,重点词,0.022959637,3.687643048538889,0.014228199276318751,0.017914909502360805,0.0018255773979780666,0.8091544992400235,0.013273561294413856,1.0949734212490938,0.6197048880310586
2026-09-11,495817671,9630806627,3567,重点词,9.863109,3.687643048538889,5.077643381505974,10.006677015836349,0.6514971299072605,0.8091544992400235,0.013273561294413856,0.9096346994975919,0.5148116462573793
2026-09-11,495817671,9630806627,3575,重点词,0.36703617,3.687643048538889,0.13060169059941448,0.4423642133500288,0.016757109586793946,0.8091544992400235,0.013273561294413856,0.628721902786872,0.35582784824562247
2026-09-11,495817671,9630806627,3587,重点词,0.39207769,3.687643048538889,0.221771050250438,0.4140678211631257,0.02845477554822431,0.8091544992400235,0.013273561294413856,0.9994276908846464,0.5656303735375456
2026-09-11,495817671,9630806627,3830,重点词,0.015698066,3.687643048538889,0.01680037685965397,0.01915250623462734,0.00215560575705075,0.8091544992400235,0.013273561294413856,1.891,1.070219532753523
2026-09-11,495817671,9630806627,3905,重点词,0.034052231,3.687643048538889,0.017361486190865805,0.057789861073273815,0.002227600005441678,0.8091544992400235,0.013273561294413856,0.90086555985824,0.5098487141963123
2026-09-11,495817671,9630806627,3989,重点词,2.4266366,3.687643048538889,0.8475680889575679,7.1598248337782,0.10874890886745656,0.8091544992400235,0.013273561294413856,0.617146839512601,0.3492768917099362
2026-09-11,495817671,9630806627,4002,重点词,0.057409399,3.687643048538889,0.03607709019005506,0.09141673562801246,0.004628942788663348,0.8091544992400235,0.013273561294413856,1.1103685630462166,0.62841783433502
2026-09-11,495817671,9630806627,4054,重点词,0.52800981,3.687643048538889,0.23879444432034988,0.4621961936369074,0.030638995971860778,0.8091544992400235,0.013273561294413856,0.7990995438976034,0.45225380248209757
2026-09-11,495817671,9630806627,4256,重点词,0.055339292,3.687643048538889,0.02371156670004913,0.04036734913248375,0.003042359710993501,0.8091544992400235,0.013273561294413856,0.7570861604789116,0.42847614855732397
2026-09-11,495817671,9630806627,4563,重点词,0.42101502,3.687643048538889,0.1693425103313372,0.23688471094191355,0.021727827490601606,0.8091544992400235,0.013273561294413856,0.7107012173627318,0.40222439173627866
2026-09-11,495817671,9630806627,4579,重点词,0.056873468,3.687643048538889,0.02811839050881445,0.027353270398887405,0.003607786001834366,0.8091544992400235,0.013273561294413856,0.8735734024055075,0.4944026010303161
2026-09-11,495817671,9630806627,4652,重点词,0.057256276,3.687643048538889,0.02835783487297439,0.03280265507021236,0.0036385083870634763,0.8091544992400235,0.013273561294413856,0.8751220513668431,0.49527906552941703
2026-09-11,495817671,9630806627,4751,重点词,0.13368239,3.687643048538889,0.055895347512265846,0.09607679454298529,0.0071717636988932534,0.8091544992400235,0.013273561294413856,0.7387884802767798,0.41812049823664765
2026-09-11,495817671,9630806627,4760,重点词,0.75277102,3.687643048538889,0.2715785717559321,0.7911013854447488,0.034845428626936466,0.8091544992400235,0.013273561294413856,0.6374575428864633,0.3607718210989739
2026-09-11,495817671,9630806627,4828,重点词,0.047002915,3.687643048538889,0.019899502803331595,0.036311370073407206,0.002553245273224938,0.8091544992400235,0.013273561294413856,0.7480594070639796,0.4233674188788418
2026-09-11,495817671,9630806627,4832,重点词,0.050486466,3.687643048538889,0.024214894926260576,0.057506060258790376,0.003106940239821584,0.8091544992400235,0.013273561294413856,0.8474737850773004,0.47963141104510215
2026-09-11,495817671,9630806627,4887,重点词,0.049190809,3.687643048538889,0.0387034508288695,0.04913394589002309,0.004965923212401087,0.8091544992400235,0.013273561294413856,1.3902227124752877,0.7868024863927223
2026-09-11,495817671,9630806627,4927,重点词,0.044190749,3.687643048538889,0.01769309737550756,0.02306559251100944,0.002270148037827358,0.8091544992400235,0.013273561294413856,0.7074425229919326,0.4003801197283975
2026-09-11,495817671,9630806627,4995,重点词,0.053704997,3.687643048538889,0.033954180365536504,0.014116012585836132,0.004356558622661607,0.8091544992400235,0.013273561294413856,1.1171132690992538,0.6322350295548197
2026-09-11,495817671,9630806627,5194,重点词,0.36646784,3.687643048538889,0.130440599233818,0.14721371121848428,0.016736440438834245,0.8091544992400235,0.013273561294413856,0.6289202416201338,0.35594009895607215
2026-09-11,495817671,9630806627,5210,重点词,3.6516747,3.687643048538889,1.91787604968104,3.7066129672372345,0.24607689985398043,0.8091544992400235,0.013273561294413856,0.9279981467464091,0.5252045177192372
2026-09-11,495817671,9630806627,5304,重点词,0.088337328,3.687643048538889,0.035639434590548594,0.1607382799751107,0.004572788516781076,0.8091544992400235,0.013273561294413856,0.7128615695842125,0.4034470523100788
2026-09-11,495817671,9630806627,5345,重点词,0.041290244,3.687643048538889,0.018491270127130303,0.043587675625512565,0.0023725591797256634,0.8091544992400235,0.013273561294413856,0.7912941398171253,0.4478363006798968
2026-09-11,495817671,9630806627,5493,重点词,1.8309582,3.687643048538889,1.0312069586933879,0.8555172278145959,0.13231105917680264,0.8091544992400235,0.013273561294413856,0.9951443030421896,0.5632061718795043
2026-09-11,495817671,9630806627,5621,重点词,0.059090809,3.687643048538889,0.045923351241671774,0.04519982297345545,0.005892286890143624,0.8091544992400235,0.013273561294413856,1.3731952514198682,0.7771657220274607
2026-09-11,495817671,9630806627,5626,重点词,0.48947284,3.687643048538889,0.2776988942730592,0.2147645095653574,0.0356307087764913,0.8091544992400235,0.013273561294413856,1.002453433534603,0.5673428055233039
2026-09-11,495817671,9630806627,5630,重点词,1.5110986,3.687643048538889,1.2146452769715126,0.9831140223611183,0.15584747733261403,0.8091544992400235,0.013273561294413856,1.4202844046814733,0.8038160295903343
2026-09-11,495817671,9630806627,5783,重点词,0.050286228,3.687643048538889,0.02975304915067797,0.033409238427440396,0.0038175241290591107,0.8091544992400235,0.013273561294413856,1.04544472416441,0.5916739102141041
2026-09-11,495817671,9630806627,6004,重点词,0.012564931,3.687643048538889,0.008489904502748976,0.015599850078643772,0.001089314077643477,0.8091544992400235,0.013273561294413856,1.1938818583502293,0.6756825407755105
2026-09-11,495817671,9630806627,6119,重点词,0.29670259,3.687643048538889,0.10695826914466143,0.11744898120514673,0.013723493386990875,0.8091544992400235,0.013273561294413856,0.636959302503616,0.3604898398246589
2026-09-11,495817671,9630806627,6133,重点词,0.022482599,3.687643048538889,0.011788750502603404,0.027104441077604922,0.0015125790727274328,0.8091544992400235,0.013273561294413856,0.9264882539024377,0.5243499874104148
2026-09-11,495817671,9630806627,6159,重点词,0.86915639,3.687643048538889,0.5003377345337335,0.3926948357595293,0.06419682784739984,0.8091544992400235,0.013273561294413856,1.017147617375342,0.575659041675726
2026-09-11,495817671,9630806627,6256,重点词,0.037500446,3.687643048538889,0.016379492935155962,0.023854079144204007,0.0021016034082774436,0.8091544992400235,0.013273561294413856,0.7717607292644737,0.43678128348542744
2026-09-11,495817671,9630806627,6261,重点词,0.040247828,3.687643048538889,0.01806093903721706,0.03269048203291652,0.0023173446936100217,0.8091544992400235,0.013273561294413856,0.7928965608282832,0.44874319770043397
2026-09-11,495817671,9630806627,6360,重点词,9.4185336,3.687643048538889,5.30762980331493,10.47575194718902,0.6810059950378667,0.8091544992400235,0.013273561294413856,0.9957171523110093,0.5635303783717382
2026-09-11,495817671,9630806627,6463,重点词,0.037423884,3.687643048538889,0.013852025267875075,0.090449218541907,0.0017773116438805274,0.8091544992400235,0.013273561294413856,0.6540080177118017,0.37013863306852585
2026-09-11,495817671,9630806627,6486,重点词,0.054788637,3.687643048538889,0.023169412827887006,0.11303752108778811,0.0029727975804649544,0.8091544992400235,0.013273561294413856,0.747210880274413,0.42288719151540505
2026-09-11,495817671,9630806627,6489,重点词,0.45421035,3.687643048538889,0.20221021060506494,0.21463965100121804,0.025944983124842853,0.8091544992400235,0.013273561294413856,0.7866195052217215,0.4451906712497083
2026-09-11,495817671,9630806627,6504,重点词,0.079373735,3.687643048538889,0.04070214368645562,0.06341636092768291,0.005222369473480827,0.8091544992400235,0.013273561294413856,0.906064514752625,0.512791084940826
2026-09-11,495817671,9630806627,6510,重点词,0.013289322,3.687643048538889,0.007494835380082225,0.03484277464893112,0.0009616397553706809,0.8091544992400235,0.013273561294413856,0.9965014374569154,0.5639742479023554
2026-09-11,500635396,9657930100,797,重点词,59.319875,3.1054659692133924,23.861577255342645,58.923478422023585,3.0616071135553833,2.587658541261079,0.03543351008361094,1.001956677626139,0.40225265571349644
2026-09-11,500635396,9657930100,844,重点词,272.58952,3.1054659692133924,106.02280879349644,324.6012856521194,13.60346728666532,2.587658541261079,0.03543351008361094,0.9688134837552538,0.3889467533216113
2026-09-11,500635396,9657930100,998,黄金词,0.020717666,3.1054659692133924,0.00806855216016444,0.018935242110663168,0.0010352516275562262,2.587658541261079,0.03543351008361094,0.9700738722722264,0.38945275786203143
2026-09-11,500635396,9657930100,1934,重点词,33.153819,3.1054659692133924,14.539720833635943,30.494482329846516,1.8655477907858018,2.587658541261079,0.03543351008361094,1.092376955639565,0.4385534237740739
2026-09-11,500635396,9657930100,2253,重点词,0.50263479,3.1054659692133924,0.1892754019438928,0.4332847060811659,0.024285356781380767,2.587658541261079,0.03543351008361094,0.9379758483131294,0.3765664568182652
2026-09-11,500635396,9657930100,2533,重点词,1230.7566,3.1054659692133924,438.7415111778851,1154.0834267285366,56.29360193838381,2.587658541261079,0.03543351008361094,0.8879460453766986,0.35648113621969213
2026-09-11,500635396,9657930100,2818,重点词,99.450992,3.1054659692133924,42.44010827214919,78.2124866000231,5.445362475231178,2.587658541261079,0.03543351008361094,1.0629611398359828,0.4267439410976332
2026-09-11,500635396,9657930100,2832,重点词,1171.5313,3.1054659692133924,476.5988820988418,1101.737608171642,61.15096718594532,2.587658541261079,0.03543351008361094,1.013325909349506,0.40681702836180456
2026-09-11,500635396,9657930100,2874,重点词,739.2311,3.1054659692133924,274.85538286163245,770.8107193436422,35.26586639111416,2.587658541261079,0.03543351008361094,0.9261344538790008,0.37181252636913203
2026-09-11,500635396,9657930100,2992,重点词,0.075039244,3.1054659692133924,0.02706483226795843,0.13808270680734006,0.0034726071169587877,2.587658541261079,0.03543351008361094,0.8983941471225254,0.36067570547430394
2026-09-11,500635396,9657930100,3366,重点词,3.6558493,3.1054659692133924,1.5029741294171168,4.369706578409057,0.19284208402790587,2.587658541261079,0.03543351008361094,1.0240313301240347,0.41111490274424517
2026-09-11,500635396,9657930100,3408,重点词,92.241386,3.1054659692133924,40.19694043800958,76.97181092188605,5.157548366196841,2.587658541261079,0.03543351008361094,1.0854684437023945,0.4357798834246655
2026-09-11,500635396,9657930100,3567,重点词,276.37452,3.1054659692133924,109.3713997034616,212.45292265217492,14.033114901348494,2.587658541261079,0.03543351008361094,0.9857250487838423,0.3957361905267591
2026-09-11,500635396,9657930100,3587,黄金词,0.050049895,3.1054659692133924,0.02441467984017502,0.050784556534089635,0.0031325740404323362,2.587658541261079,0.03543351008361094,1.21506045546441,0.4878068143834272
2026-09-11,500635396,9657930100,4196,重点词,4.6814806,3.1054659692133924,2.0709644729505,3.343003545246268,0.26571921438621926,2.587658541261079,0.03543351008361094,1.1018930521121153,0.4423738235613963
2026-09-11,500635396,9657930100,4536,重点词,342.60306,3.1054659692133924,143.8545504609661,321.91100083554136,18.457544121899716,2.587658541261079,0.03543351008361094,1.0458812820672614,0.41988693989179804
2026-09-11,500635396,9657930100,4721,重点词,518.05528,3.1054659692133924,179.62858528432886,423.09987299803277,23.047602789176725,2.587658541261079,0.03543351008361094,0.8636730519643556,0.3467363276064455
2026-09-11,500635396,9657930100,5166,潜力词,0.027623555,3.1054659692133924,0.01033456026565553,0.021956530846555498,0.0013259963030194683,2.587658541261079,0.03543351008361094,0.9318852913589886,0.37412129849527076
2026-09-11,500635396,9657930100,5331,重点词,29.620211,3.1054659692133924,12.803460300010979,23.781146920105837,1.6427734308242679,2.587658541261079,0.03543351008361094,1.076686419583993,0.43225418954682593
2026-09-11,500635396,9657930100,5337,重点词,5.1767111,3.1054659692133924,1.8786569728914821,5.1110766821521505,0.2410448182274777,2.587658541261079,0.03543351008361094,0.9039482827264674,0.3629055082659494
2026-09-11,500635396,9657930100,5553,重点词,511.16876,3.1054659692133924,269.1736273742498,525.2045196958765,34.53685745631048,2.587658541261079,0.03543351008361094,1.3116507953767684,0.5265846593877329
2026-09-11,500635396,9657930100,5573,重点词,75.870158,3.1054659692133924,49.20041645272532,49.01463333098071,6.312757257813891,2.587658541261079,0.03543351008361094,1.6152799945759921,0.6484817977145285
2026-09-11,500635396,9657930100,5867,重点词,175.23564,3.1054659692133924,83.94743129680171,77.5886164571361,10.771042084631855,2.587658541261079,0.03543351008361094,1.1932597637810134,0.47905455361022287
2026-09-11,500635396,9657930100,5874,重点词,0.13270698,3.1054659692133924,0.08414177242847712,0.22191315388684146,0.010795977409938593,2.587658541261079,0.03543351008361094,1.579311922628432,0.6340417996738161
2026-09-11,500635396,9657930100,6001,重点词,1.3012973,3.1054659692133924,0.49123797925863477,1.6299223902354505,0.06302926565384796,2.587658541261079,0.03543351008361094,0.940297824862026,0.37749865404211225
2026-09-11,500635396,9657930100,6023,重点词,2.4503802,3.1054659692133924,0.9719888164243943,1.8456715490496878,0.12471295768995765,2.587658541261079,0.03543351008361094,0.988047485933234,0.3966685726665577
2026-09-11,500635396,9657930100,6133,潜力词,0.014808504,3.1054659692133924,0.006656561382154998,0.01339377348487118,0.0008540833433322489,2.587658541261079,0.03543351008361094,1.1196667413858628,0.4495093752991523
2026-09-11,500635396,9657930100,6434,重点词,0.6389015,3.1054659692133924,0.28361331057573763,0.468316029953566,0.03638956971979939,2.587658541261079,0.03543351008361094,1.1057137889825142,0.44390772376608545
2026-09-11,500635396,9657930100,6452,潜力词,0.039797854,3.1054659692133924,0.019300097125312762,0.03284157933757112,0.002476337335912577,2.587658541261079,0.03543351008361094,1.2079525197166023,0.48495321193230073
2026-09-11,500635396,9657930100,6660,重点词,30.965293,3.1054659692133924,14.993063301513356,29.334441784993647,1.9237147975044995,2.587658541261079,0.03543351008361094,1.206049699607886,0.48418929223480484
2026-09-11,525368335,9811363528,33,重点词,0.05803976,3.963471067758064,0.025414825612922874,0.048999280093801036,0.0032608997323876564,0.6533844784608336,0.0028474306885685075,0.8751705432450124,0.4378864697738735
2026-09-11,525368335,9811363528,181,重点词,0.052340528,3.963471067758064,0.020390584564452165,0.029699550024621952,0.0026162544949999743,0.6533844784608336,0.0028474306885685075,0.7786149576725473,0.3895754464771958
2026-09-11,525368335,9811363528,206,重点词,0.038774395,3.963471067758064,0.013790942459921712,0.019884249345750914,0.0017694742927555475,0.6533844784608336,0.0028474306885685075,0.7108534601213146,0.355671376946609
2026-09-11,525368335,9811363528,469,重点词,0.039426278,3.963471067758064,0.013823760312722085,0.05446660216721227,0.0017736850526106087,0.6533844784608336,0.0028474306885685075,0.7007636736150836,0.35062301119882744
2026-09-11,525368335,9811363528,709,重点词,0.43146759,3.963471067758064,0.40823340777696093,0.04807265999547022,0.052379199072477726,0.6533844784608336,0.0028474306885685075,1.891,0.9461508053871692
2026-09-11,525368335,9811363528,829,重点词,0.03565738,3.963471067758064,0.012454856887395891,0.03737385162747137,0.0015980451768429402,0.6533844784608336,0.0028474306885685075,0.6981045647543145,0.34929254161118656
2026-09-11,525368335,9811363528,926,重点词,0.42612278,3.963471067758064,0.17838310238392058,0.036878373058323914,0.022887798629254823,0.6533844784608336,0.0028474306885685075,0.8366621582861993,0.4186190242725831
2026-09-11,525368335,9811363528,937,重点词,0.090678224,3.963471067758064,0.041961959381705084,0.03487640330123336,0.005384012631142623,0.6533844784608336,0.0028474306885685075,0.9248768711008415,0.46275674060075417
2026-09-11,525368335,9811363528,1308,重点词,0.014186372,3.963471067758064,0.009913608452858873,0.012750025496901475,0.001271985243703022,0.6533844784608336,0.0028474306885685075,1.3966628569801176,0.6988121031126826
2026-09-11,525368335,9811363528,1318,重点词,0.075694403,3.963471067758064,0.05403424699690437,0.0538286971577605,0.006932971496856547,0.6533844784608336,0.0028474306885685075,1.426712614244952,0.7138473236509227
2026-09-11,525368335,9811363528,1353,重点词,0.036046612,3.963471067758064,0.023917771434063484,0.11876158410300736,0.003068817219386656,0.6533844784608336,0.0028474306885685075,1.3261340459586357,0.6635234244500838
2026-09-11,525368335,9811363528,1575,重点词,0.010604178,3.963471067758064,0.007782738843358702,0.0030842921155432436,0.0009985797816628296,0.6533844784608336,0.0028474306885685075,1.4668530692341917,0.7339313658596359
2026-09-11,525368335,9811363528,1672,重点词,0.20962476,3.963471067758064,0.19833663550309205,0.03023625986349771,0.0254479763695817,0.6533844784608336,0.0028474306885685075,1.891,0.9461508053871692
2026-09-11,525368335,9811363528,1719,重点词,0.015613553,3.963471067758064,0.01257530714285981,0.01852688648921366,0.0016134997863606463,0.6533844784608336,0.0028474306885685075,1.609711418907802,0.8054097067374614
2026-09-11,525368335,9811363528,1916,重点词,0.46121056,3.963471067758064,0.24755170056421302,0.35300616317669803,0.03176261314622152,0.6533844784608336,0.0028474306885685075,1.0727483051983662,0.5367433489905631
2026-09-11,525368335,9811363528,1952,重点词,7.4544209,3.963471067758064,5.946518515366468,6.523082002054185,0.7629798815356367,0.6533844784608336,0.0028474306885685075,1.5943366521034565,0.797717031965081
2026-09-11,525368335,9811363528,2078,重点词,0.040492708,3.963471067758064,0.026216235175179365,0.027286700550343625,0.0033637261797100524,0.6533844784608336,0.0028474306885685075,1.2939713718805168,0.6474310183250614
2026-09-11,525368335,9811363528,2206,重点词,0.010129506,3.963471067758064,0.007960846325320417,0.01155452143525058,0.001021432216265799,0.6533844784608336,0.0028474306885685075,1.5707321748108372,0.7859066696165062
2026-09-11,525368335,9811363528,2354,重点词,0.019126128,3.963471067758064,0.01267314830017245,0.018821997610470216,0.0016260534905865394,0.6533844784608336,0.0028474306885685075,1.3243068471196315,0.6626091961829624
2026-09-11,525368335,9811363528,2557,重点词,0.039907279,3.963471067758064,0.030495703362122328,0.03343235261487802,0.0039128118542727,0.6533844784608336,0.0028474306885685075,1.527276617171065,0.7641639351588548
2026-09-11,525368335,9811363528,2624,重点词,0.013876252,3.963471067758064,0.0093307582888297,0.012205772177231415,0.0011972014945303181,0.6533844784608336,0.0028474306885685075,1.343927765302868,0.6724264079976134
2026-09-11,525368335,9811363528,2633,重点词,0.27772125,3.963471067758064,0.17918428854716661,0.30187418195896437,0.022990596412923,0.6533844784608336,0.0028474306885685075,1.2895018834602299,0.6451947358985552
2026-09-11,525368335,9811363528,2742,重点词,0.69678091,3.963471067758064,0.6592598191749046,0.444154022770053,0.08458764190096452,0.6533844784608336,0.0028474306885685075,1.891,0.9461508053871692
2026-09-11,525368335,9811363528,2806,重点词,0.014338267,3.963471067758064,0.009475804171678646,0.012942190928324585,0.0012158118949229756,0.6533844784608336,0.0028474306885685075,1.3208411147999228,0.6608751372588225
2026-09-11,525368335,9811363528,2807,重点词,0.040546505,3.963471067758064,0.030405725093577106,0.048772037789888534,0.0039012670136238372,0.6533844784608336,0.0028474306885685075,1.4987634894003856,0.7498975582131459
2026-09-11,525368335,9811363528,2843,重点词,1.3050576,3.963471067758064,1.1030096869325727,1.126133011467948,0.14152385098839806,0.6533844784608336,0.0028474306885685075,1.6891989853942686,0.8451808463722772
2026-09-11,525368335,9811363528,2914,重点词,1.4629526,3.963471067758064,1.1706809871685229,0.7144628368244005,0.15020655171554878,0.6533844784608336,0.0028474306885685075,1.599335125075812,0.8002179887226168
2026-09-11,525368335,9811363528,2919,重点词,0.028663876,3.963471067758064,0.02169001666072989,0.021884533310599925,0.002782980713764717,0.6533844784608336,0.0028474306885685075,1.5123633164372785,0.7567021522396304
2026-09-11,525368335,9811363528,2961,重点词,0.99508394,3.963471067758064,0.8369563014341677,1.0826467029227618,0.10738734236992313,0.6533844784608336,0.0028474306885685075,1.6810252308435965,0.8410911560226444
2026-09-11,525368335,9811363528,2978,重点词,0.85401767,3.963471067758064,0.8080295062853736,1.1041607791719263,0.10367583240341083,0.6533844784608336,0.0028474306885685075,1.891,0.9461508053871692
2026-09-11,525368335,9811363528,3073,重点词,0.012281354,3.963471067758064,0.00774921550442272,0.019827603246344524,0.000994278503006426,0.6533844784608336,0.0028474306885685075,1.2610800475156214,0.6309740362848201
2026-09-11,525368335,9811363528,3078,重点词,0.010449119,3.963471067758064,0.006463607727353051,0.011358891798840254,0.0008293260410044708,0.6533844784608336,0.0028474306885685075,1.236307437045944,0.6185792053237265
2026-09-11,525368335,9811363528,3202,重点词,0.010199125,3.963471067758064,0.006153629913730745,0.02286027009983901,0.0007895537213009229,0.6533844784608336,0.0028474306885685075,1.2058675951711122,0.6033488082292103
2026-09-11,525368335,9811363528,3313,重点词,0.011439601,3.963471067758064,0.008416553218206536,0.019477282984768307,0.0010799025952364088,0.6533844784608336,0.0028474306885685075,1.4704645610646967,0.7357383547036769
2026-09-11,525368335,9811363528,3575,重点词,0.053147471,3.963471067758064,0.023602511763370672,0.06334506492638257,0.0030283672005097973,0.6533844784608336,0.0028474306885685075,0.8875785222789387,0.44409472961320534
2026-09-11,525368335,9811363528,3597,重点词,0.014180043,3.963471067758064,0.010275550641902663,0.013240195919343584,0.001318424955915431,0.6533844784608336,0.0028474306885685075,1.448300636699136,0.7246487645984333
2026-09-11,525368335,9811363528,4091,重点词,0.014173714,3.963471067758064,0.011850555081166057,0.057281362333426636,0.001520509032065529,0.6533844784608336,0.0028474306885685075,1.671037489894126,0.8360938481731787
2026-09-11,525368335,9811363528,4212,重点词,0.011771872,3.963471067758064,0.006998955368654491,0.016948956734712493,0.0008980148845496562,0.6533844784608336,0.0028474306885685075,1.1882801936820373,0.5945490546154844
2026-09-11,525368335,9811363528,4437,重点词,0.040945229,3.963471067758064,0.022836548918936363,0.055095494425179865,0.002930088814796039,0.6533844784608336,0.0028474306885685075,1.1147008559181186,0.5577340627142753
2026-09-11,525368335,9811363528,4606,重点词,0.046207762,3.963471067758064,0.01908292292713973,0.03364492515481548,0.0024484723686100337,0.6533844784608336,0.0028474306885685075,0.8253936569462832,0.41298089544219285
2026-09-11,525368335,9811363528,4662,重点词,0.019727379,3.963471067758064,0.01158442281287966,0.03227551659231746,0.0014863624022340986,0.6533844784608336,0.0028474306885685075,1.173643444682932,0.5872256427414742
2026-09-11,525368335,9811363528,4718,重点词,0.82107542,3.963471067758064,0.32205972177573855,0.5629267970884629,0.04132251295154838,0.6533844784608336,0.0028474306885685075,0.7839430743375886,0.39224133853104326
2026-09-11,525368335,9811363528,4760,重点词,0.016879346,3.963471067758064,0.009751104500815502,0.02641378274046989,0.0012511348510306159,0.6533844784608336,0.0028474306885685075,1.1545941708153964,0.5776944498214268
2026-09-11,525368335,9811363528,4938,重点词,0.011667444,3.963471067758064,0.008141010355174892,0.01984750425532442,0.001044548520335169,0.6533844784608336,0.0028474306885685075,1.3945489002462796,0.6977543972077253
2026-09-11,525368335,9811363528,4969,重点词,2.9599834,3.963471067758064,1.3784310835663223,1.6791978152622244,0.17686234090194494,0.6533844784608336,0.0028474306885685075,0.9307369333357346,0.465688788513585
2026-09-11,525368335,9811363528,5045,重点词,3.0821577,3.963471067758064,1.280296830888109,2.015290079232041,0.16427103049241248,0.6533844784608336,0.0028474306885685075,0.8302081264218699,0.4153897871248149
2026-09-11,525368335,9811363528,5070,重点词,1.3419143,3.963471067758064,0.6540886135769802,1.2730177238183653,0.0839241400848506,0.6533844784608336,0.0028474306885685075,0.9741884437725357,0.487429497976868
2026-09-11,525368335,9811363528,5260,重点词,0.09821602,3.963471067758064,0.07332658951347414,0.19235711362354424,0.009408313862275919,0.6533844784608336,0.0028474306885685075,1.4921425682553897,0.746584818988533
2026-09-11,525368335,9811363528,5460,重点词,2.9343385,3.963471067758064,1.1051410146506209,2.42000459500805,0.14179731522896635,0.6533844784608336,0.0028474306885685075,0.7527290042337162,0.37662356086409965
2026-09-11,525368335,9811363528,5484,重点词,0.90843727,3.963471067758064,0.32353807495328635,0.4189877028305147,0.04151219599539302,0.6533844784608336,0.0028474306885685075,0.7118059583974846,0.35614795389591003
2026-09-11,525368335,9811363528,5596,重点词,0.33270728,3.963471067758064,0.2242149523667193,0.3869784291717292,0.028768345268447418,0.6533844784608336,0.0028474306885685075,1.3468940455100942,0.6739105689743828
2026-09-11,525368335,9811363528,5771,重点词,0.052454449,3.963471067758064,0.029838585426774897,0.03860600371156771,0.003828499031034912,0.6533844784608336,0.0028474306885685075,1.1369125656414267,0.5688475619441717
2026-09-11,525368335,9811363528,5891,重点词,0.035663709,3.963471067758064,0.0242121780854532,0.037143605914731155,0.0031065916501599182,0.6533844784608336,0.0028474306885685075,1.3568708657020512,0.6789024126866109
2026-09-11,525368335,9811363528,6246,重点词,0.016892004,3.963471067758064,0.00602391604693366,0.011385989474723909,0.0007729105257123408,0.6533844784608336,0.0028474306885685075,0.7127363366213597,0.3566134632062401
2026-09-11,525368335,9811363528,6272,重点词,0.038400986,3.963471067758064,0.013292394201659945,0.023164078678624547,0.0017055070672192256,0.6533844784608336,0.0028474306885685075,0.6918182304353417,0.3461472109507799
2026-09-11,525368335,9811363528,6343,重点词,0.012727546,3.963471067758064,0.0047888392119899825,0.012964332852672324,0.000614441536710183,0.6533844784608336,0.0028474306885685075,0.7519981041800892,0.376257859291177
2026-09-11,525368335,9811363528,6490,重点词,0.052552548,3.963471067758064,0.03628080975458911,0.032720331682435155,0.004655081432445087,0.6533844784608336,0.0028474306885685075,1.3797943410857956,0.6903720397075536
2026-09-11,525368335,9811363528,6522,重点词,9.8864644,3.963471067758064,3.9469283645200304,11.979114321147302,0.506418491460049,0.6533844784608336,0.0028474306885685075,0.7979017227603115,0.3992254667421885
2026-09-11,525368335,9811363528,6607,重点词,0.84647671,3.963471067758064,0.4600050343337138,0.5895935342153934,0.0590218605550081,0.6533844784608336,0.0028474306885685075,1.086122315241516,0.5434349568031397
2026-09-12,63563817,1841014603,9,重点词,11.196,3.494506820383271,9.064176204783365,27.0184924502804,1.1629971501934435,1.0653376211241063,0.041260973459642275,1.0658426018017386,0.8095905863507828
2026-09-12,63563817,1841014603,726,重点词,2.4191123,3.494506820383271,1.5104783135885764,2.947458229967603,0.19380492329854235,1.0653376211241063,0.041260973459642275,0.8220270143745364,0.6243936313285565
2026-09-12,63563817,1841014603,1186,潜力词,0.017124935,3.494506820383271,0.012608304633116546,0.03508157079167178,0.001617733594956718,1.0653376211241063,0.041260973459642275,0.969293693243545,0.7362541599787996
2026-09-12,63563817,1841014603,1567,重点词,0.35704054,3.494506820383271,0.2411307846034312,0.7859444786368169,0.030938764757210715,1.0653376211241063,0.041260973459642275,0.8891248612676318,0.6753596793334202
2026-09-12,63563817,1841014603,1667,重点词,0.84275726,3.494506820383271,0.5086449409717069,1.1422894787537612,0.06526270048658499,1.0653376211241063,0.041260973459642275,0.7945840667332882,0.6035485721851946
2026-09-12,63563817,1841014603,2123,潜力词,0.060463456,3.494506820383271,0.041511705825438214,0.09827617048579441,0.005326241953369778,1.0653376211241063,0.041260973459642275,0.9038684725554073,0.6865586020329075
2026-09-12,63563817,1841014603,2478,重点词,0.46878313,3.494506820383271,0.29563014301599116,1.7024870500769052,0.037931413299030756,1.0653376211241063,0.041260973459642275,0.8302413592923759,0.6306330669706292
2026-09-12,63563817,1841014603,2505,黄金词,0.058837066,3.494506820383271,0.03874744187207691,0.1202788786583852,0.0049715675706669,1.0653376211241063,0.041260973459642275,0.8670011088598055,0.6585549638399187
2026-09-12,63563817,1841014603,2570,重点词,0.098922806,3.494506820383271,0.0709652565087645,0.24147943883944337,0.009105338336084604,1.0653376211241063,0.041260973459642275,0.94444566027948,0.7173801409228575
2026-09-12,63563817,1841014603,2889,潜力词,0.018081635,3.494506820383271,0.013247900365263722,0.03686119331890969,0.0016997981970736217,1.0653376211241063,0.041260973459642275,0.9645771737134592,0.7326715955312516
2026-09-12,63563817,1841014603,2892,重点词,0.29437667,3.494506820383271,0.19642642772307484,0.5895947733301977,0.025202883362313702,1.0653376211241063,0.041260973459642275,0.878464378369316,0.6672622111088995
2026-09-12,63563817,1841014603,2985,重点词,1.0909253,3.494506820383271,0.7432993295414336,1.9795203845779816,0.09537049837371792,1.0653376211241063,0.041260973459642275,0.8970080750566706,0.6813475950566309
2026-09-12,63563817,1841014603,3169,潜力词,0.054149234,3.494506820383271,0.03975206759483952,0.09289316118794091,0.005100468071516317,1.0653376211241063,0.041260973459642275,0.9664848042125128,0.7341205896807242
2026-09-12,63563817,1841014603,3304,潜力词,0.07347458,3.494506820383271,0.05269906272225136,0.12178250678762222,0.0067616580237595545,1.0653376211241063,0.041260973459642275,0.944263938516175,0.7172421090702575
2026-09-12,63563817,1841014603,3501,重点词,0.12905886,3.494506820383271,0.08891114878129484,0.35587665256047735,0.011407921725804812,1.0653376211241063,0.041260973459642275,0.9069764745982065,0.6889193719927081
2026-09-12,63563817,1841014603,4048,黄金词,0.026883277,3.494506820383271,0.02000682357092195,0.09411561903985603,0.0025670152776957563,1.0653376211241063,0.041260973459642275,0.9797686988866456,0.7442107437617054
2026-09-12,63563817,1841014603,4186,黄金词,0.030327398,3.494506820383271,0.022215682741392767,0.060075115827824446,0.0028504273454223916,1.0653376211241063,0.041260973459642275,0.9643887584058626,0.7325284794096997
2026-09-12,63563817,1841014603,4675,黄金词,0.013872154,3.494506820383271,0.010390221781669418,0.03121887583633094,0.0013331380645030368,1.0653376211241063,0.041260973459642275,0.9860718063563532,0.7489984454951566
2026-09-12,63563817,1841014603,4713,黄金词,0.068786748,3.494506820383271,0.048052444957857876,0.12830707525163046,0.006165464492661158,1.0653376211241063,0.041260973459642275,0.9196833779538147,0.6985712561648921
2026-09-12,63563817,1841014603,4827,重点词,0.13527742,3.494506820383271,0.08922821102707278,0.22034466449653425,0.011448603027662015,1.0653376211241063,0.041260973459642275,0.8683693760874969,0.6595942695172097
2026-09-12,63563817,1841014603,4868,潜力词,0.059219746,3.494506820383271,0.040823558401825055,0.10035826034339244,0.0052379478299443396,1.0653376211241063,0.041260973459642275,0.9075528866910005,0.6893572019343862
2026-09-12,63563817,1841014603,5134,重点词,0.65907081,3.494506820383271,0.46156218422932094,1.1460074712431825,0.05922165376843431,1.0653376211241063,0.041260973459642275,0.9219890599811319,0.7003226014960683
2026-09-12,63563817,1841014603,5267,黄金词,0.032145129,3.494506820383271,0.023358572495809034,0.06550154810830744,0.0029970680877625467,1.0653376211241063,0.041260973459642275,0.9566625006040138,0.7266597840005257
2026-09-12,63563817,1841014603,5307,重点词,0.84361829,3.494506820383271,0.48137082720664787,0.733996069750842,0.06176324109102776,1.0653376211241063,0.041260973459642275,0.751210077590017,0.5706026444811289
2026-09-12,63563817,1841014603,5374,重点词,0.36660754,3.494506820383271,0.2559285722259108,0.42937106363285943,0.03283742432045151,1.0653376211241063,0.041260973459642275,0.9190624156893463,0.6980995868931414
2026-09-12,63563817,1841014603,5418,重点词,0.16072564,3.494506820383271,0.10993141843692221,0.3117273924000338,0.014104969218426522,1.0653376211241063,0.041260973459642275,0.9004597258442956,0.6839693930409747
2026-09-12,63563817,1841014603,5592,潜力词,0.068021388,3.494506820383271,0.047632138533528066,0.10733807106893666,0.006111536241195172,1.0653376211241063,0.041260973459642275,0.9218966060511322,0.700252375525299
2026-09-12,63563817,1841014603,6083,重点词,1.2146266,3.494506820383271,0.7965554181199715,2.8736851874949036,0.10220362670749897,1.0653376211241063,0.041260973459642275,0.8633777126508505,0.6558027118128087
2026-09-12,63563817,1841014603,6149,重点词,1.7543013,3.494506820383271,1.0944071853006365,6.639838850952244,0.1404200899122181,1.0653376211241063,0.041260973459642275,0.821301045862953,0.6238422016221709
2026-09-12,63563817,1841014603,6352,重点词,0.58425685,3.494506820383271,0.3847059119340154,1.7927449368057893,0.04936045693879171,1.0653376211241063,0.041260973459642275,0.866867403792291,0.6584534044128286
2026-09-12,63563817,1841014603,6414,潜力词,0.017029265,3.494506820383271,0.012544036242058212,0.03490274927869391,0.001609487511257582,1.0653376211241063,0.041260973459642275,0.9697706177285486,0.7366164213228353
2026-09-12,63563817,2526158329,770,重点词,0.537,3.9056351306961017,0.3109132867538221,0.5634245314404561,0.039892347443681905,1.0184018485805866,0.03735831923686155,1.1030429252337755,0.5789819120182907
2026-09-12,63563817,2526158329,934,黄金词,0.094428392,3.9056351306961017,0.048710917232824544,0.11623432663832614,0.006249951087136616,1.0184018485805866,0.03735831923686155,0.9827682797256834,0.5158503306169244
2026-09-12,63563817,2526158329,1262,潜力词,0.054345507,3.9056351306961017,0.027838164931660157,0.06452907963085976,0.003571831101987012,1.0184018485805866,0.03735831923686155,0.9758978835801184,0.5122440928126801
2026-09-12,63563817,2526158329,2397,重点词,0.19820126,3.9056351306961017,0.11122973420219687,0.34848330518520787,0.014271552204122323,1.0184018485805866,0.03735831923686155,1.0691580388465816,0.5611958985638985
2026-09-12,63563817,2526158329,3286,潜力词,0.046722381,3.9056351306961017,0.02429652040684518,0.056319520483300134,0.003117413359403369,1.0184018485805866,0.03735831923686155,0.9907099663019895,0.5200188836019547
2026-09-12,63563817,2526158329,5236,黄金词,0.17484007,3.9056351306961017,0.09620318577976571,0.4133929999024415,0.01234354103160023,1.0184018485805866,0.03735831923686155,1.0482766197652655,0.5502353423889942
2026-09-12,63563817,2526158329,5700,潜力词,0.089264339,3.9056351306961017,0.04645338300558369,0.09691136799440735,0.005960293669470824,1.0184018485805866,0.03735831923686155,0.9914407637926117,0.5204024756805031
2026-09-12,63563817,2526158329,6207,黄金词,0.065903148,3.9056351306961017,0.0357998892269011,0.08184595364632907,0.004593375967929125,1.0184018485805866,0.03735831923686155,1.0349108499753847,0.543219714282861
2026-09-12,63563817,2526158329,6545,重点词,0.36492639,3.9056351306961017,0.1725173180505919,0.7006922597670591,0.022135177507468757,1.0184018485805866,0.03735831923686155,0.9006474928474627,0.4727455256129651
2026-09-12,63563817,2526158329,6604,黄金词,0.044263309,3.9056351306961017,0.023133384906101975,0.056193739580339665,0.0029681749463262587,1.0184018485805866,0.03735831923686155,0.9956867408080947,0.5226311685396583
2026-09-12,63563817,2874903000,193,潜力词,0.033855106,3.6133726627277305,0.023467916074694162,0.02280716284654622,0.0030110976330584827,1.1033051720136977,0.02158929732161787,1.086220855326685,0.6931869028764571
2026-09-12,63563817,2874903000,431,重点词,0.85317671,3.6133726627277305,0.5672725253793066,0.9434185749579199,0.07278502927282174,1.1033051720136977,0.02158929732161787,1.0418868262677319,0.6648945273943385
2026-09-12,63563817,2874903000,648,潜力词,0.040584071,3.6133726627277305,0.025761113564062812,0.02497535068954397,0.003305330896480599,1.1033051720136977,0.02158929732161787,0.9946649429695866,0.6347592276798159
2026-09-12,63563817,2874903000,1490,潜力词,0.013177557,3.6133726627277305,0.008210860660338822,0.008789249392122084,0.0010535108026221048,1.1033051720136977,0.02158929732161787,0.9763860528201402,0.6230943004335949
2026-09-12,63563817,2874903000,1812,潜力词,0.051308359,3.6133726627277305,0.030957190849034272,0.030012937751897225,0.003972023923853308,1.1033051720136977,0.02158929732161787,0.9454557516338606,0.6033556997805031
2026-09-12,63563817,2874903000,2249,潜力词,0.030350437,3.6133726627277305,0.019291691010769923,0.020403553971451875,0.002475258772672339,1.1033051720136977,0.02158929732161787,0.996031646093348,0.6356314082321095
2026-09-12,63563817,2874903000,2275,重点词,1.8507458,3.6133726627277305,1.1590719002426375,1.1691458208661303,0.148717024735256,1.1033051720136977,0.02158929732161787,0.9813668713921166,0.6262728788808476
2026-09-12,63563817,2874903000,2561,重点词,2.8246233,3.6133726627277305,1.788069767239189,1.5878181865296677,0.2294218466923472,1.1033051720136977,0.02158929732161787,0.9919544072938071,0.6330294617477626
2026-09-12,63563817,2874903000,2574,潜力词,0.032383145,3.6133726627277305,0.01919984504829291,0.01849708697545049,0.0024634742938400354,1.1033051720136977,0.02158929732161787,0.9290658304467183,0.5928962442743875
2026-09-12,63563817,2874903000,2596,潜力词,0.010303728,3.6133726627277305,0.006554959027333034,0.007016702880449882,0.0008410470511815591,1.1033051720136977,0.02158929732161787,0.996881150580503,0.6361735313017807
2026-09-12,63563817,2874903000,2669,潜力词,0.051448546,3.6133726627277305,0.03553370633420518,0.041773371194211886,0.004559222842632176,1.1033051720136977,0.02158929732161787,1.0822689321574908,0.6906649282995322
2026-09-12,63563817,2874903000,2797,潜力词,0.037920522,3.6133726627277305,0.024408103273266476,0.023663609781482426,0.003131730220938993,1.1033051720136977,0.02158929732161787,1.008619855985804,0.6436647489522026
2026-09-12,63563817,2874903000,3163,重点词,3.462,3.6133726627277305,2.1247721848462375,1.8585743886104367,0.2726231198465024,1.1033051720136977,0.02158929732161787,0.9617298533053006,0.6137412434564522
2026-09-12,63563817,2874903000,3422,潜力词,0.051027986,3.6133726627277305,0.033820219613540946,0.030520277432328675,0.004339370522023582,1.1033051720136977,0.02158929732161787,1.038570025436321,0.6627778649453449
2026-09-12,63563817,2874903000,3465,潜力词,0.013878491,3.6133726627277305,0.009227742413007622,0.008889986016612741,0.0011839838377572147,1.1033051720136977,0.02158929732161787,1.041887921321154,0.6648952262178663
2026-09-12,63563817,2874903000,4527,重点词,0.72567684,3.6133726627277305,0.4473051853903182,0.6158331654858911,0.057392381185304105,1.1033051720136977,0.02158929732161787,0.9658917539402204,0.6163972180651628
2026-09-12,63563817,2874903000,4667,重点词,0.05649527,3.6133726627277305,0.0570103486841508,0.09635588714644643,0.007314826141201053,1.1033051720136977,0.02158929732161787,1.581282254070204,1.0091172001505755
2026-09-12,63563817,2874903000,4738,潜力词,0.0264953,3.6133726627277305,0.01723084707217653,0.01822393475070262,0.0022108380935693967,1.1033051720136977,0.02158929732161787,1.0190736566804546,0.6503359868420637
2026-09-12,63563817,2874903000,4798,重点词,0.7377329,3.6133726627277305,0.5656916163904714,0.6130817045977676,0.07258218760169885,1.1033051720136977,0.02158929732161787,1.2015680704125389,0.766797327854663
2026-09-12,63563817,2874903000,4836,潜力词,0.020607456,3.6133726627277305,0.01392305157816093,0.013459764842321363,0.0017864248158428744,1.1033051720136977,0.02158929732161787,1.058712008645144,0.675631750865363
2026-09-12,63563817,2874903000,4860,重点词,0.32263986,3.6133726627277305,0.22836105713868637,0.5575457450378086,0.029300319484886032,1.1033051720136977,0.02158929732161787,1.1091028279963016,0.7077893510699093
2026-09-12,63563817,2874903000,5241,潜力词,0.044999954,3.6133726627277305,0.02794608065142746,0.029422512186586248,0.003585677442979833,1.1033051720136977,0.02158929732161787,0.9731429185171807,0.6210246493013628
2026-09-12,63563817,2874903000,5351,黄金词,0.028528009,3.6133726627277305,0.01832686298846292,0.024381354129277562,0.00235146459490937,1.1033051720136977,0.02158929732161787,1.0066638165784487,0.6424164752774342
2026-09-12,63563817,2874903000,5532,重点词,0.48056026,3.6133726627277305,0.29085377895724823,0.5168869563789767,0.0373185724116622,1.1033051720136977,0.02158929732161787,0.9484067697257158,0.6052389329014601
2026-09-12,63563817,2874903000,6242,潜力词,0.031191557,3.6133726627277305,0.020853826060284044,0.020217744771752182,0.002675691616182538,1.1033051720136977,0.02158929732161787,1.047650636301261,0.6685727827015511
2026-09-12,63563817,2874903000,6282,重点词,1.1360035,3.6133726627277305,0.7372840403493802,0.9151261072321403,0.0945986947337737,1.1033051720136977,0.02158929732161787,1.0170046813544413,0.6490156415445729
2026-09-12,63563817,4190988309,9,重点词,0.097341262,3.850585223092683,0.04899628087188968,0.29084067008404973,0.006286565236233414,1.0531873606145759,0.005945349312089714,0.8474762476127844,0.5033454453455687
2026-09-12,63563817,4190988309,2478,重点词,0.29042381,3.850585223092683,0.15692122910718362,0.5254113466876532,0.020134090305989227,1.0531873606145759,0.005945349312089714,0.90972656018076,0.5403180583134132
2026-09-12,63563817,4190988309,2941,重点词,0.10974106,3.850585223092683,0.06800294080254114,0.6206995572093581,0.008725252529445834,1.0531873606145759,0.005945349312089714,1.043325771978765,0.6196672494555925
2026-09-12,63563817,4190988309,4017,重点词,0.052027719,3.850585223092683,0.02910484926539751,0.1303112019420195,0.0037343555539668632,1.0531873606145759,0.005945349312089714,0.941872160311235,0.5594104416800881
2026-09-12,63563817,4190988309,4097,重点词,0.1060554,3.850585223092683,0.05718753761478007,1.0115658624295478,0.007337560719248964,1.0531873606145759,0.005945349312089714,0.9078832478445038,0.5392232513835229
2026-09-12,63563817,4190988309,4101,重点词,0.095941284,3.850585223092683,0.06200586237047907,0.20478133579941601,0.007955785457270634,1.0531873606145759,0.005945349312089714,1.0881496267703072,0.6462896866220705
2026-09-12,63563817,4190988309,4177,重点词,1.743,3.850585223092683,1.0531334793096214,8.199197918306806,0.13512438500081742,1.0531873606145759,0.005945349312089714,1.0172962041913531,0.6042073891621464
2026-09-12,63563817,4190988309,5374,重点词,0.21062512,3.850585223092683,0.10117076050220679,0.2911229026126363,0.012980915583357419,1.0531873606145759,0.005945349312089714,0.8087350039600538,0.480335681243561
2026-09-12,63563817,4190988309,5649,重点词,0.02768526,3.850585223092683,0.016166976629331305,0.09883962618881091,0.0020743360811139133,1.0531873606145759,0.005945349312089714,0.9831993797648275,0.5839561062215527
2026-09-12,63563817,4190988309,6083,重点词,0.065398928,3.850585223092683,0.039695806237715715,0.23749907803366452,0.00509324934622648,1.0531873606145759,0.005945349312089714,1.0219635102488476,0.6069794636039862
2026-09-12,63563817,4190988309,6245,黄金词,0.017342573,3.850585223092683,0.00919275321846545,0.11085673234404755,0.0011794944795827085,1.0531873606145759,0.005945349312089714,0.8924696624398605,0.5300685900797679
2026-09-12,63563817,4190988310,228,潜力词,0.02211102,3.736138084065234,0.013854581209967286,0.0246204024755965,0.0017776395891126306,1.3220277227244794,0.02151723089108168,1.0562962145723256,0.6265916818838428
2026-09-12,63563817,4190988310,925,重点词,0.52075264,3.736138084065234,0.31287565722731964,0.5354168741611441,0.040144133289051614,1.3220277227244794,0.02151723089108168,1.0128412784537915,0.6008143467641751
2026-09-12,63563817,4190988310,990,重点词,0.060471733,3.736138084065234,0.035396107939331636,0.10248213676220895,0.0045415680069919905,1.3220277227244794,0.02151723089108168,0.9867433180788949,0.5853331165377985
2026-09-12,63563817,4190988310,1186,重点词,0.2624254,3.736138084065234,0.16073945998815642,0.257609618861389,0.020623996010934436,1.3220277227244794,0.02151723089108168,1.0325657970761637,0.6125148708477016
2026-09-12,63563817,4190988310,1567,重点词,1.7507734,3.736138084065234,1.0299238935939492,3.476305898686988,0.1321464329581097,1.3220277227244794,0.02151723089108168,0.9916908180407442,0.5882679583742529
2026-09-12,63563817,4190988310,1667,重点词,0.44593733,3.736138084065234,0.2474119726157564,0.5610358628616734,0.03174468507397468,1.3220277227244794,0.02151723089108168,0.9352936393856561,0.5548133245892565
2026-09-12,63563817,4190988310,2123,重点词,0.34715254,3.736138084065234,0.20398481095473467,0.5204383275800565,0.0261726767511328,1.3220277227244794,0.02151723089108168,0.9905549699611331,0.587594176769482
2026-09-12,63563817,4190988310,2212,潜力词,0.016440306,3.736138084065234,0.009576509836968072,0.019463971836172142,0.0012287331355403115,1.3220277227244794,0.02151723089108168,0.981970544095071,0.5825019216167918
2026-09-12,63563817,4190988310,2294,潜力词,0.031498672,3.736138084065234,0.01834097318268209,0.03412139827660514,0.0023532750314338626,1.3220277227244794,0.02151723089108168,0.9815924965963554,0.5822776649974987
2026-09-12,63563817,4190988310,2892,重点词,0.70645661,3.736138084065234,0.43189385417043863,0.7454977776047736,0.055414999690894425,1.3220277227244794,0.02151723089108168,1.0306059116613264,0.6113522728174893
2026-09-12,63563817,4190988310,2985,重点词,5.721,3.736138084065234,3.42751658713633,5.605247876739353,0.439774330619997,1.3220277227244794,0.02151723089108168,1.009970562421079,0.5991114467988691
2026-09-12,63563817,4190988310,3169,重点词,4.991801,3.736138084065234,2.926410002939791,4.270862415069995,0.3754788539879124,1.3220277227244794,0.02151723089108168,0.9882777256075258,0.58624332238801
2026-09-12,63563817,4190988310,3180,黄金词,0.01853704,3.736138084065234,0.011300897760184203,0.033208923991534016,0.0014499841566171113,1.3220277227244794,0.02151723089108168,1.0277172756319164,0.6096387427649831
2026-09-12,63563817,4190988310,3304,重点词,0.082344487,3.736138084065234,0.04828005044196585,0.11263152091658761,0.006194667866846038,1.3220277227244794,0.02151723089108168,0.9884035238334044,0.5863179455106188
2026-09-12,63563817,4190988310,3818,黄金词,0.027352856,3.736138084065234,0.01463537872395146,0.039990737715184695,0.0018778213665986544,1.3220277227244794,0.02151723089108168,0.9019913740966861,0.5350585227353027
2026-09-12,63563817,4190988310,4048,重点词,0.044746223,3.736138084065234,0.028634729264080734,0.12048904022715451,0.0036740358724615743,1.3220277227244794,0.02151723089108168,1.0787921977155914,0.6399362302396056
2026-09-12,63563817,4190988310,4155,潜力词,0.025684999,3.736138084065234,0.015621374269733968,0.03166544081714934,0.0020043314855483878,1.3220277227244794,0.02151723089108168,1.025275979558999,0.6081905734056664
2026-09-12,63563817,4190988310,4403,重点词,0.12280193,3.736138084065234,0.07614256169838908,0.502892581544713,0.009769622772439404,1.3220277227244794,0.02151723089108168,1.0452577340844087,0.6200436890396517
2026-09-12,63563817,4190988310,4675,重点词,0.10741,3.736138084065234,0.06552647912945112,0.21657785402488888,0.008407505190548439,1.3220277227244794,0.02151723089108168,1.0284263954337955,0.6100593904613268
2026-09-12,63563817,4190988310,4713,黄金词,0.022301632,3.736138084065234,0.01158727452524787,0.032604920679041284,0.0014867282968595418,1.3220277227244794,0.02151723089108168,0.8758822983726164,0.5195706989178133
2026-09-12,63563817,4190988310,4773,重点词,0.98131946,3.736138084065234,0.5228683282160594,0.8607990517889956,0.0670876604672339,1.3220277227244794,0.02151723089108168,0.8982206247749116,0.5328217257773116
2026-09-12,63563817,4190988310,4791,重点词,0.11851316,3.736138084065234,0.06481206589966966,0.41456483351411344,0.008315840980638457,1.3220277227244794,0.02151723089108168,0.921913946446181,0.5468765316836515
2026-09-12,63563817,4190988310,4827,重点词,0.45918488,3.736138084065234,0.26743904667365165,0.8733423734275108,0.03431429863066545,1.3220277227244794,0.02151723089108168,0.9818346040729282,0.5824212824116761
2026-09-12,63563817,4190988310,5010,重点词,0.30269224,3.736138084065234,0.18363131966848265,0.34015831406571695,0.023561181582944603,1.3220277227244794,0.02151723089108168,1.0226960208962543,0.6066601498224158
2026-09-12,63563817,4190988310,5134,重点词,0.80223926,3.736138084065234,0.512849972881325,2.9959598703486963,0.06580223546658433,1.3220277227244794,0.02151723089108168,1.0776742933136458,0.6392730927695124
2026-09-12,63563817,4190988310,5267,重点词,0.52875835,3.736138084065234,0.3334108995718393,0.7376247289938768,0.04277894838814521,1.3220277227244794,0.02151723089108168,1.0629764740814327,0.6305543913809385
2026-09-12,63563817,4190988310,5330,重点词,0.57946121,3.736138084065234,0.33743312546108845,2.6491465910108762,0.04329502807822917,1.3220277227244794,0.02151723089108168,0.9816675694706871,0.5823221979968055
2026-09-12,63563817,4190988310,5418,重点词,0.072337345,3.736138084065234,0.04010362597468824,0.20634494363826794,0.005145575468443896,1.3220277227244794,0.02151723089108168,0.9345922482847276,0.5543972615346643
2026-09-12,63563817,4190988310,5812,潜力词,0.026495101,3.736138084065234,0.01601102640213448,0.03245528851715035,0.002054326577138669,1.3220277227244794,0.02151723089108168,1.0187196714440923,0.60430139149628
2026-09-12,63563817,4190988310,5840,潜力词,0.01744102,3.736138084065234,0.0100700800504262,0.020467138636757188,0.0012920616431402905,1.3220277227244794,0.02151723089108168,0.9733345531172584,0.5773790781976168
2026-09-12,63563817,4190988310,6325,重点词,0.3979507,3.736138084065234,0.25360453566502,0.48017448622120007,0.03253923418864063,1.3220277227244794,0.02151723089108168,1.0743080790771709,0.6372762647861155
2026-09-12,63563817,4190988310,6352,重点词,0.33438152,3.736138084065234,0.19019503007982744,1.0929546106543417,0.024403351497852107,1.3220277227244794,0.02151723089108168,0.958866166601299,0.5687964755941879
2026-09-12,495403620,8878077181,1048,重点词,9.7118843,1.2370478098896336,15.737712430321025,164.97700779752716,2.019258484556868,0.6841354127368867,0.7351532058862946,1.3251904619835033,1.6204592172006236
2026-09-12,495403620,8878077181,1607,重点词,8.8343798,1.2370478098896336,8.204359493502897,83.50004460420296,1.0526766574849964,0.6841354127368867,0.7351532058862946,0.7594668316721939,0.9286853949275417
2026-09-12,495403620,8878077181,3989,重点词,238.698,1.2370478098896336,324.17922775575585,3197.723392223915,41.594460380513546,0.6841354127368867,0.7351532058862946,1.1106484099278418,1.3581145537698507
2026-09-12,495403620,8878077181,5778,重点词,238.698,1.2370478098896336,238.94192545731107,2521.429235705613,30.657918832374303,0.6841354127368867,0.7351532058862946,0.8186226841597737,1.0010218998789728
2026-09-12,495403620,9628223555,104,重点词,0.18131875,3.7243686732041312,0.1278190543598722,0.16676032710542216,0.016400077911383128,0.7563386851275226,0.014986877273160308,0.9949419901309582,0.7049411842949072
2026-09-12,495403620,9628223555,235,重点词,0.039833811,3.7243686732041312,0.028087429585936848,0.053239347346408034,0.0036038134990651668,0.7563386851275226,0.014986877273160308,0.9951877338091268,0.7051152998124345
2026-09-12,495403620,9628223555,400,重点词,0.068387403,3.7243686732041312,0.04757035480609571,0.0723359095597916,0.006103608957202807,0.7563386851275226,0.014986877273160308,0.9817595964889454,0.6956011300223772
2026-09-12,495403620,9628223555,444,重点词,9.840174,3.7243686732041312,6.101094837166387,55.36097810891683,0.7828131038472044,0.7563386851275226,0.014986877273160308,0.8750842636258296,0.6200189993760666
2026-09-12,495403620,9628223555,665,重点词,0.76898371,3.7243686732041312,0.506082710689799,0.6283733763918213,0.0649339484358001,0.7563386851275226,0.014986877273160308,0.9288578100749727,0.6581188965495759
2026-09-12,495403620,9628223555,700,重点词,0.096355457,3.7243686732041312,0.07872643712348584,0.13503247416561429,0.010101152046358041,0.7563386851275226,0.014986877273160308,1.1531589073579795,0.8170418113785277
2026-09-12,495403620,9628223555,859,重点词,0.027649452,3.7243686732041312,0.016717283171261664,0.044859026618555245,0.0021449442561469706,0.7563386851275226,0.014986877273160308,0.8533438187758888,0.6046153526392373
2026-09-12,495403620,9628223555,875,重点词,0.90205585,3.7243686732041312,0.7273732881460352,0.8516167358160762,0.09332707596684361,0.7563386851275226,0.014986877273160308,1.1380695327621002,0.806350613596747
2026-09-12,495403620,9628223555,1018,重点词,0.088407639,3.7243686732041312,0.057675638411942266,0.21486206403666924,0.007400187462516292,0.7563386851275226,0.014986877273160308,0.9207622259184725,0.6523829735113984
2026-09-12,495403620,9628223555,1092,重点词,0.021105203,3.7243686732041312,0.01690997164071245,0.03451693842742414,0.002169667533341002,0.7563386851275226,0.014986877273160308,1.1308323441931103,0.8012228852151979
2026-09-12,495403620,9628223555,1164,重点词,0.015955913,3.7243686732041312,0.010877064270426394,0.05252141304821537,0.001395603358008546,0.7563386851275226,0.014986877273160308,0.9621325582995413,0.6816948845500972
2026-09-12,495403620,9628223555,1257,重点词,0.18261899,3.7243686732041312,0.12829637526308144,0.1972194346351783,0.016461321518923232,0.7563386851275226,0.014986877273160308,0.9915470487068746,0.7025357837269904
2026-09-12,495403620,9628223555,1316,重点词,0.038878006,3.7243686732041312,0.05208955353357539,0.018243461480232807,0.006683453735423589,0.7563386851275226,0.014986877273160308,1.891,1.3398206053462565
2026-09-12,495403620,9628223555,1318,重点词,1.1748477,3.7243686732041312,0.9110409534160645,1.005546512868866,0.11689292094446037,0.7563386851275226,0.014986877273160308,1.0944633050393224,0.7754545150116603
2026-09-12,495403620,9628223555,1655,重点词,0.83399566,3.7243686732041312,0.572325462348637,0.6392300012279701,0.07343335639739122,0.7563386851275226,0.014986877273160308,0.9685547010650728,0.6862451326768738
2026-09-12,495403620,9628223555,1666,重点词,0.014001249,3.7243686732041312,0.00971337148832331,0.026421056148707843,0.0012462934418385181,0.7563386851275226,0.014986877273160308,0.979147446553067,0.6937503567234117
2026-09-12,495403620,9628223555,1676,重点词,0.23251889,3.7243686732041312,0.14459610050466498,0.4098922043693369,0.018552690174675313,0.7563386851275226,0.014986877273160308,0.877694175185229,0.6218681867295383
2026-09-12,495403620,9628223555,1735,重点词,0.053688675,3.7243686732041312,0.04350478462612829,0.05923886321780337,0.005581967891717081,0.7563386851275226,0.014986877273160308,1.143666008037552,0.8103158557391907
2026-09-12,495403620,9628223555,1764,重点词,0.010772178,3.7243686732041312,0.010025501481612093,0.0721125054675981,0.0012863419012333374,0.7563386851275226,0.014986877273160308,1.313552576581639,0.9306847214752757
2026-09-12,495403620,9628223555,1802,重点词,0.18716552,3.7243686732041312,0.10978374205995219,0.3278639466288451,0.014086021307255467,0.7563386851275226,0.014986877273160308,0.8278603085421157,0.5865596508371423
2026-09-12,495403620,9628223555,2176,重点词,0.015284266,3.7243686732041312,0.00977085324545979,0.027359155485403373,0.0012536687529784935,0.7563386851275226,0.014986877273160308,0.9022622336358836,0.6392752681391302
2026-09-12,495403620,9628223555,2226,重点词,0.037663876,3.7243686732041312,0.030472800144731024,0.05722194367188159,0.003909873211427,0.7563386851275226,0.014986877273160308,1.1419109256882995,0.8090723361751463
2026-09-12,495403620,9628223555,2541,重点词,18.674282,3.7243686732041312,18.211851677273547,53.225527580277316,2.3367078399510253,0.7563386851275226,0.014986877273160308,1.3764329739739405,0.9752370493962523
2026-09-12,495403620,9628223555,2584,重点词,0.099868686,3.7243686732041312,0.13262124601684117,0.10089107842852825,0.017016232660094912,0.7563386851275226,0.014986877273160308,1.874254854512452,1.327956252642006
2026-09-12,495403620,9628223555,2633,重点词,0.051854563,3.7243686732041312,0.03489464429554766,0.0896104318843892,0.004477226717119601,0.7563386851275226,0.014986877273160308,0.9497661196631086,0.6729329547246914
2026-09-12,495403620,9628223555,2723,重点词,0.2928207,3.7243686732041312,0.23182782857893086,0.5075675379550328,0.029745130487484225,0.7563386851275226,0.014986877273160308,1.1174000054714455,0.7917057386275317
2026-09-12,495403620,9628223555,2748,重点词,0.037043894,3.7243686732041312,0.027923829675172752,0.12203391574624765,0.003582822487230011,0.7563386851275226,0.014986877273160308,1.0639059157312922,0.7538038434936876
2026-09-12,495403620,9628223555,2780,重点词,0.082405874,3.7243686732041312,0.054695542602760744,0.15165006911982212,0.007017820344415417,0.7563386851275226,0.014986877273160308,0.9367822246137627,0.663733541649722
2026-09-12,495403620,9628223555,2843,重点词,0.12972252,3.7243686732041312,0.0880204308442784,0.12474726813903994,0.011293636389887616,0.7563386851275226,0.014986877273160308,0.9576636198193894,0.6785285303143848
2026-09-12,495403620,9628223555,2874,重点词,4.6808086,3.7243686732041312,2.4017674385899563,12.8511436680233,0.3081635466258331,0.7563386851275226,0.014986877273160308,0.7241940392913709,0.5131095167168246
2026-09-12,495403620,9628223555,2993,重点词,0.019098874,3.7243686732041312,0.012833312808842883,0.025890601447327025,0.0016466037163254815,0.7563386851275226,0.014986877273160308,0.9483658192861519,0.671940807025738
2026-09-12,495403620,9628223555,2996,重点词,0.064383356,3.7243686732041312,0.042520407713391606,0.24881873122717632,0.005455665454698609,0.7563386851275226,0.014986877273160308,0.9321132590934539,0.6604254632733281
2026-09-12,495403620,9628223555,2997,重点词,0.15927497,3.7243686732041312,0.10260365657435076,0.19331946772766972,0.013164766162911179,0.7563386851275226,0.014986877273160308,0.9092015818871546,0.6441919692362885
2026-09-12,495403620,9628223555,3008,重点词,0.039101888,3.7243686732041312,0.0337139341805023,0.12365477794047097,0.004325733358210969,0.7563386851275226,0.014986877273160308,1.2169047419257089,0.8622073230965803
2026-09-12,495403620,9628223555,3165,重点词,0.046016404,3.7243686732041312,0.036287017689926676,0.051992402928192585,0.004655877953931768,0.7563386851275226,0.014986877273160308,1.112970044321194,0.78856700080099
2026-09-12,495403620,9628223555,3327,重点词,0.019012766,3.7243686732041312,0.012227655277824186,0.04797981232103583,0.0015688936225834573,0.7563386851275226,0.014986877273160308,0.907700886701553,0.6431286893145471
2026-09-12,495403620,9628223555,3374,重点词,2.0656406,3.7243686732041312,0.9061158410866259,7.743792817880241,0.11626099461446504,0.7563386851275226,0.014986877273160308,0.6191185809082594,0.4386609369929241
2026-09-12,495403620,9628223555,3379,重点词,0.027373905,3.7243686732041312,0.01815157622232606,0.06096514316223164,0.0023289740778587188,0.7563386851275226,0.014986877273160308,0.9358849517013433,0.6630978014399502
2026-09-12,495403620,9628223555,3382,重点词,1.3200439,3.7243686732041312,0.5764948057258273,3.0619210524368268,0.07396831228927815,0.7563386851275226,0.014986877273160308,0.616384771328776,0.4367239648058882
2026-09-12,495403620,9628223555,3393,重点词,0.25689622,3.7243686732041312,0.14019591842674944,0.3105567006535693,0.01798811606431684,0.7563386851275226,0.014986877273160308,0.7702337281389124,0.545729783127013
2026-09-12,495403620,9628223555,3575,重点词,0.13800616,3.7243686732041312,0.06746748034059055,0.21460031737666466,0.008656549210222938,0.7563386851275226,0.014986877273160308,0.689986979745889,0.4888729629212968
2026-09-12,495403620,9628223555,3923,重点词,0.012726842,3.7243686732041312,0.009861601831795968,0.07134715078704627,0.0012653124307831418,0.7563386851275226,0.014986877273160308,1.0936332038184426,0.7748663676186102
2026-09-12,495403620,9628223555,3989,重点词,0.091326718,3.7243686732041312,0.05733047226963164,0.3475368479996276,0.007355900234335678,0.7563386851275226,0.014986877273160308,0.8859975988073572,0.6277513692064532
2026-09-12,495403620,9628223555,4002,重点词,0.022594881,3.7243686732041312,0.014925770386534679,0.049196182123397304,0.001915080646250124,0.7563386851275226,0.014986877273160308,0.9323341115230808,0.6605819427212154
2026-09-12,495403620,9628223555,4016,重点词,0.041917638,3.7243686732041312,0.025936952549823353,0.058099819985395006,0.0033278922671680414,0.7563386851275226,0.014986877273160308,0.8733071602993272,0.618759877401092
2026-09-12,495403620,9628223555,4047,重点词,0.043872302,3.7243686732041312,0.029711647782403268,0.05091591344889912,0.0038122120441845715,0.7563386851275226,0.014986877273160308,0.9558311760805247,0.6772301982787059
2026-09-12,495403620,9628223555,4188,重点词,1.3202506,3.7243686732041312,0.6374823093806269,2.4610875854495387,0.08179343520673796,0.7563386851275226,0.014986877273160308,0.6814855317304676,0.48284947522888977
2026-09-12,495403620,9628223555,4189,重点词,0.016722279,3.7243686732041312,0.011769932034109556,0.02630396191986747,0.0015101645317106992,0.7563386851275226,0.014986877273160308,0.9933981941489531,0.703847366385261
2026-09-12,495403620,9628223555,4321,重点词,0.07682604,3.7243686732041312,0.05222029655403544,0.2280296522890763,0.006700228978619157,0.7563386851275226,0.014986877273160308,0.9593470888251421,0.6797213100406508
2026-09-12,495403620,9628223555,4560,重点词,0.013165996,3.7243686732041312,0.008304469720374947,0.020969518845475058,0.0010655214991922848,0.7563386851275226,0.014986877273160308,0.8902317173496243,0.630751347666743
2026-09-12,495403620,9628223555,4634,重点词,0.32321702,3.7243686732041312,0.16281958521575707,0.6631444957543036,0.020890890614160308,0.7563386851275226,0.014986877273160308,0.7109798597535864,0.5037469413453446
2026-09-12,495403620,9628223555,4865,重点词,0.053378684,3.7243686732041312,0.042692766658692934,0.05315634998912459,0.005477780311875592,0.7563386851275226,0.014986877273160308,1.1288372016544694,0.7998092770270044
2026-09-12,495403620,9628223555,4888,重点词,0.02843304,3.7243686732041312,0.02014856221218536,0.04764626026449229,0.0025852013358810167,0.7563386851275226,0.014986877273160308,1.0001511550722884,0.7086320074176156
2026-09-12,495403620,9628223555,5249,重点词,0.32007406,3.7243686732041312,0.1579028396604813,0.16241622279485737,0.020260037799759545,0.7563386851275226,0.014986877273160308,0.696280668764194,0.4933321983683442
2026-09-12,495403620,9628223555,5313,重点词,0.010023034,3.7243686732041312,0.009125443994704534,0.019444710816896926,0.0011708582357976012,0.7563386851275226,0.014986877273160308,1.2849897893530904,0.9104472752167193
2026-09-12,495403620,9628223555,5436,重点词,0.01472456,3.7243686732041312,0.010311681743855858,0.026712859314805163,0.0013230608287907552,0.7563386851275226,0.014986877273160308,0.9883984389978062,0.7003049153153547
2026-09-12,495403620,9628223555,5702,重点词,0.019744688,3.7243686732041312,0.01340222106650754,0.0354049890749499,0.0017195986214814903,0.7563386851275226,0.014986877273160308,0.9580129461189884,0.6787760366994677
2026-09-12,495403620,9628223555,5703,重点词,2.0952361,3.7243686732041312,0.9239479811753079,2.020943220887758,0.11854898280406391,0.7563386851275226,0.014986877273160308,0.6223854466686312,0.4409755927627
2026-09-12,495403620,9628223555,5705,重点词,0.11573849,3.7243686732041312,0.05282789278435139,0.1932901308366008,0.0067781878210292175,0.7563386851275226,0.014986877273160308,0.6442142868700049,0.456441869807973
2026-09-12,495403620,9628223555,5911,重点词,0.025195359,3.7243686732041312,0.016019058869842125,0.0790709792541302,0.0020553571988787983,0.7563386851275226,0.014986877273160308,0.8973488752744284,0.635794031346889
2026-09-12,495403620,9628223555,5964,重点词,1.5277463,3.7243686732041312,0.7558644921520271,1.101830188348034,0.09698269654569583,0.7563386851275226,0.014986877273160308,0.6982928253058283,0.4947578614014821
2026-09-12,495403620,9628223555,6159,重点词,0.037155835,3.7243686732041312,0.0194799377024992,0.06159501745565123,0.002499412138744256,0.7563386851275226,0.014986877273160308,0.7399551791678345,0.5242766769337629
2026-09-12,495403620,9628223555,6229,重点词,0.016653392,3.7243686732041312,0.01228555353211579,0.04491667753716722,0.0015763223732190392,0.7563386851275226,0.014986877273160308,1.0412065702642945,0.737720791783187
2026-09-12,495403620,9628223555,6261,重点词,16.288955,3.7243686732041312,12.122805271410826,9.685086779600972,1.5554406340380502,0.7563386851275226,0.014986877273160308,1.050400166385009,0.7442346836497998
2026-09-12,495403620,9628223555,6298,重点词,1.7076529,3.7243686732041312,0.8748976367463069,1.7340713434183816,0.11225548083564114,0.7563386851275226,0.014986877273160308,0.7231069233300781,0.5123392679778818
2026-09-12,495403620,9628223555,6360,重点词,9.2445527,3.7243686732041312,5.2877669283131015,13.523422129497447,0.6784574493675405,0.7563386851275226,0.014986877273160308,0.8072931695439771,0.5719873205236963
2026-09-12,495403620,9628223555,6377,重点词,0.017393925,3.7243686732041312,0.014568054228166085,0.1790966594233316,0.0018691831633060837,0.7563386851275226,0.014986877273160308,1.1820853432534033,0.8375369117761566
2026-09-12,495403620,9628223555,6474,重点词,0.10336469,3.7243686732041312,0.05925999965671232,0.14759574394756564,0.0076034720822009925,0.7563386851275226,0.014986877273160308,0.8091598298266673,0.5733098958330192
2026-09-12,495403620,9628223555,6500,重点词,0.10021312,3.7243686732041312,0.06752269096885631,0.28014520156637795,0.008663633119657486,0.7563386851275226,0.014986877273160308,0.950977046377095,0.6737909264660785
2026-09-12,495403620,9628223555,6504,重点词,0.031619056,3.7243686732041312,0.021480462851321127,0.04763697725270725,0.002756093495594139,0.7563386851275226,0.014986877273160308,0.9588255795080306,0.6793518076985324
2026-09-12,495403620,9628223555,6538,重点词,0.019718856,3.7243686732041312,0.014537542918912821,0.06510815739784877,0.001865268349106919,0.7563386851275226,0.014986877273160308,1.0405289567275295,0.7372406857128436
2026-09-12,495403620,9628223555,6574,重点词,0.048487719,3.7243686732041312,0.033906586210528195,0.13988222765406985,0.004350451959972137,0.7563386851275226,0.014986877273160308,0.9869546291069018,0.699281940041935
2026-09-12,495403620,9628223555,6617,重点词,0.27405765,3.7243686732041312,0.1894472654872704,0.24982504227161276,0.02430740807502892,0.7563386851275226,0.014986877273160308,0.9756437972401659,0.6912679339083233
2026-09-12,495817671,9630806627,110,重点词,0.8961831,3.688613474484667,0.46718349837475603,1.0691891313964528,0.05994290765668431,0.8103768592074143,0.013941681691228513,0.9257197166460085,0.5213036246440667
2026-09-12,495817671,9630806627,235,重点词,0.039091337,3.688613474484667,0.024489074496626444,0.0455309739678485,0.003142119394746716,0.8103768592074143,0.013941681691228513,1.1124502990184397,0.6264578388973098
2026-09-12,495817671,9630806627,299,重点词,0.038216676,3.688613474484667,0.024357209573580615,0.04926200760445391,0.0031252002036092083,0.8103768592074143,0.013941681691228513,1.1317835871591064,0.6373450577852615
2026-09-12,495817671,9630806627,308,重点词,0.026208247,3.688613474484667,0.019043403539092382,0.03263190921054891,0.002443401754950493,0.8103768592074143,0.013941681691228513,1.2903138723127348,0.7266187448207575
2026-09-12,495817671,9630806627,353,重点词,0.93263467,3.688613474484667,0.6355022260089978,0.6172527844699154,0.08153937667275504,0.8103768592074143,0.013941681691228513,1.210024849596695,0.6814053202729401
2026-09-12,495817671,9630806627,444,重点词,0.076202846,3.688613474484667,0.048829633824223596,0.2265889761062849,0.006265183255439447,0.8103768592074143,0.013941681691228513,1.1378920026173387,0.640784910109835
2026-09-12,495817671,9630806627,505,重点词,0.040433325,3.688613474484667,0.026498778888324193,0.038231470854986856,0.003399978512604806,0.8103768592074143,0.013941681691228513,1.1637914810237517,0.6553697695730982
2026-09-12,495817671,9630806627,530,重点词,0.02339165,3.688613474484667,0.017999167209978583,0.029808296676226552,0.0023094189364956928,0.8103768592074143,0.013941681691228513,1.3664077717920624,0.7694697556597583
2026-09-12,495817671,9630806627,679,重点词,0.063357647,3.688613474484667,0.05295923481231915,0.037959665180039036,0.006795039921074065,0.8103768592074143,0.013941681691228513,1.48433330039289,0.8358775510132052
2026-09-12,495817671,9630806627,815,重点词,0.72582634,3.688613474484667,0.5605547659902866,0.6022647969419601,0.0719230937975391,0.8103768592074143,0.013941681691228513,1.3714314165508554,0.7722987374504576
2026-09-12,495817671,9630806627,875,重点词,0.015001853,3.688613474484667,0.0083603488960966,0.024258696893599347,0.0010726911879374293,0.8103768592074143,0.013941681691228513,0.9896195482478126,0.55728774945979
2026-09-12,495817671,9630806627,1089,重点词,0.12531963,3.688613474484667,0.08195393399667324,0.1462951833113348,0.01051526244988201,0.8103768592074143,0.013941681691228513,1.1612867498227253,0.653959271956622
2026-09-12,495817671,9630806627,1164,重点词,0.07487033,3.688613474484667,0.049263386171041784,0.09032265772817517,0.006320836712724739,0.8103768592074143,0.013941681691228513,1.1684315681344528,0.6579827572690248
2026-09-12,495817671,9630806627,1207,重点词,0.036454724,3.688613474484667,0.02289028270803935,0.03418606858222964,0.0029369832354454186,0.8103768592074143,0.013941681691228513,1.1150288673126525,0.627909916641787
2026-09-12,495817671,9630806627,1424,重点词,0.81862248,3.688613474484667,0.5732230663611093,0.03724306600601983,0.07354852526491132,0.8103768592074143,0.013941681691228513,1.2434512423886321,0.700228836082182
2026-09-12,495817671,9630806627,1438,重点词,0.60392958,3.688613474484667,0.3029421090602176,0.31463547041051415,0.03886958964066663,0.8103768592074143,0.013941681691228513,0.890762883005918,0.5016182665870045
2026-09-12,495817671,9630806627,1486,重点词,0.0230601,3.688613474484667,0.016737798620005233,0.02870846357072947,0.0021475765315887387,0.8103768592074143,0.013941681691228513,1.2889198771096488,0.7258337396631078
2026-09-12,495817671,9630806627,1575,重点词,0.010704332,3.688613474484667,0.01139888389704004,0.008487313961612489,0.001462556462731556,0.8103768592074143,0.013941681691228513,1.891,1.0648851228680163
2026-09-12,495817671,9630806627,1590,重点词,0.040051253,3.688613474484667,0.022641092907951372,0.038170969850257176,0.0029050104426827784,0.8103768592074143,0.013941681691228513,1.003852831903703,0.5653029858504395
2026-09-12,495817671,9630806627,1738,重点词,0.051292381,3.688613474484667,0.03245622653861612,0.03826984441879281,0.004164360678527377,0.8103768592074143,0.013941681691228513,1.1236574500768048,0.6327689591679536
2026-09-12,495817671,9630806627,1785,重点词,0.014013518,3.688613474484667,0.012370095694248136,0.013617368287457113,0.0015871697234260246,0.8103768592074143,0.013941681691228513,1.567525638002388,0.8827259289386244
2026-09-12,495817671,9630806627,1817,重点词,0.036476827,3.688613474484667,0.02635110106241163,0.025790197789149347,0.003381030415524297,0.8103768592074143,0.013941681691228513,1.2828340604023614,0.722406613448358
2026-09-12,495817671,9630806627,1924,重点词,0.52076734,3.688613474484667,0.23856476348493916,0.2540406260943046,0.030609526315600592,0.8103768592074143,0.013941681691228513,0.8134883306459086,0.45810239076232995
2026-09-12,495817671,9630806627,1976,重点词,0.018352088,3.688613474484667,0.011662751399472964,0.012375359394208618,0.0014964125072771384,0.8103768592074143,0.013941681691228513,1.1285071226426124,0.6354999714186726
2026-09-12,495817671,9630806627,1981,重点词,0.11868547,3.688613474484667,0.07224252843886729,0.08744946935929612,0.009269221250667366,0.8103768592074143,0.013941681691228513,1.080896604997129,0.6086889021787358
2026-09-12,495817671,9630806627,2019,重点词,0.28475418,3.688613474484667,0.21667657817033628,0.26713648841733556,0.02780111917868334,0.8103768592074143,0.013941681691228513,1.3512342026651407,0.7609250131827258
2026-09-12,495817671,9630806627,2128,重点词,0.010274896,3.688613474484667,0.0077958040334406755,0.011415864522481096,0.001000256136853724,0.8103768592074143,0.013941681691228513,1.3473246265100869,0.7587234005522465
2026-09-12,495817671,9630806627,2438,重点词,0.20960282,3.688613474484667,0.13723371160118958,0.14148809523653438,0.017608044227828083,0.8103768592074143,0.013941681691228513,1.1626592660141783,0.6547321815669731
2026-09-12,495817671,9630806627,2533,重点词,6.1170932,3.688613474484667,4.492258670701227,3.7694707134029506,0.5763881806710949,0.8103768592074143,0.013941681691228513,1.304092590257495,0.734378000109795
2026-09-12,495817671,9630806627,2541,重点词,0.54307276,3.688613474484667,0.2519363945936226,1.230782956757591,0.03232520003172166,0.8103768592074143,0.013941681691228513,0.8237997570918812,0.4639090986512058
2026-09-12,495817671,9630806627,2586,重点词,0.52922029,3.688613474484667,0.2236964432377129,0.34559649843597495,0.028701816923702148,0.8103768592074143,0.013941681691228513,0.7506048419413414,0.4226906025045126
2026-09-12,495817671,9630806627,2821,重点词,0.41909513,3.688613474484667,0.24966455692491898,0.4871424302148746,0.032033707382559555,0.8103768592074143,0.013941681691228513,1.0578718190071168,0.5957228778223193
2026-09-12,495817671,9630806627,2869,重点词,0.018298408,3.688613474484667,0.012269146164380181,0.02849725245630092,0.0015742171932790663,0.8103768592074143,0.013941681691228513,1.190665589539103,0.6705034757329809
2026-09-12,495817671,9630806627,2899,重点词,0.49569899,3.688613474484667,0.4078008385927647,0.34134230119265996,0.05232369742322512,0.8103768592074143,0.013941681691228513,1.4608944851817247,0.8226783730036745
2026-09-12,495817671,9630806627,2933,重点词,0.89666938,3.688613474484667,0.603652240815463,0.90106485445277,0.07745280099539378,0.8103768592074143,0.013941681691228513,1.1954825651998457,0.6732160752667421
2026-09-12,495817671,9630806627,2987,重点词,0.13983205,3.688613474484667,0.1077714245123287,0.031776298598958766,0.013827826903230605,0.8103768592074143,0.013941681691228513,1.3686287787355185,0.7707204786908916
2026-09-12,495817671,9630806627,3132,重点词,0.011430585,3.688613474484667,0.00996520312064597,0.053969018656093444,0.0012786052001387657,0.8103768592074143,0.013941681691228513,1.54812657937808,0.8718016724993488
2026-09-12,495817671,9630806627,3135,重点词,0.075871296,3.688613474484667,0.04515724803774384,0.08270975007270281,0.0057939904953259605,0.8103768592074143,0.013941681691228513,1.0569117691471372,0.5951822417498158
2026-09-12,495817671,9630806627,3157,重点词,0.028096504,3.688613474484667,0.02055707736735601,0.02083676986493002,0.0026376166851130377,0.8103768592074143,0.013941681691228513,1.2992653449853768,0.7316596174156048
2026-09-12,495817671,9630806627,3215,重点词,0.064371243,3.688613474484667,0.03262222644387151,0.32842518217925853,0.004185659626427631,0.8103768592074143,0.013941681691228513,0.8999336099356339,0.5067826085612719
2026-09-12,495817671,9630806627,3327,重点词,0.02661558,3.688613474484667,0.015671603829376716,0.02834199234838238,0.0020107762890694356,0.8103768592074143,0.013941681691228513,1.0456016956390028,0.5888131624175282
2026-09-12,495817671,9630806627,3412,重点词,0.024619964,3.688613474484667,0.015181064375718442,0.01911467425770236,0.0019478366491316155,0.8103768592074143,0.013941681691228513,1.0949734212490938,0.6166160265595206
2026-09-12,495817671,9630806627,3567,重点词,10.57636,3.688613474484667,5.4176940369932005,10.676825906338953,0.6951280053799102,0.8103768592074143,0.013941681691228513,0.9096346994975919,0.5122456154095739
2026-09-12,495817671,9630806627,3575,重点词,0.3935784,3.688613474484667,0.1393481081314414,0.47198942029358526,0.017879336078682008,0.8103768592074143,0.013941681691228513,0.628721902786872,0.3540542573765263
2026-09-12,495817671,9630806627,3587,重点词,0.4204308,3.688613474484667,0.23662309641086918,0.4417980158234261,0.030360396861058857,0.8103768592074143,0.013941681691228513,0.9994276908846464,0.562811041462398
2026-09-12,495817671,9630806627,3830,重点词,0.016833273,3.688613474484667,0.01792550198687586,0.020435154010559252,0.0022999671735774454,0.8103768592074143,0.013941681691228513,1.891,1.0648851228680163
2026-09-12,495817671,9630806627,3905,重点词,0.036514719,3.688613474484667,0.018524187910646528,0.061660058020533766,0.0023767827613899134,0.8103768592074143,0.013941681691228513,0.90086555985824,0.5073074206225311
2026-09-12,495817671,9630806627,3989,重点词,2.6021189,3.688613474484667,0.9043298729678627,7.639319562356648,0.1160318424239591,0.8103768592074143,0.013941681691228513,0.617146839512601,0.34753595347540145
2026-09-12,495817671,9630806627,4002,重点词,0.061560961,3.688613474484667,0.038493178987535154,0.09753892978750497,0.0049389438657166385,0.8103768592074143,0.013941681691228513,1.1103685630462166,0.6252855439916728
2026-09-12,495817671,9630806627,4054,重点词,0.56619286,3.688613474484667,0.25478655225517527,0.4931495578859976,0.0326908951774359,0.8103768592074143,0.013941681691228513,0.7990995438976034,0.44999958539776586
2026-09-12,495817671,9630806627,4256,重点词,0.059341154,3.688613474484667,0.025299534239416614,0.04307075717310747,0.003246107043476897,0.8103768592074143,0.013941681691228513,0.7570861604789116,0.42634044898110024
2026-09-12,495817671,9630806627,4563,重点词,0.45146073,3.688613474484667,0.18068340641294983,0.2527489194319063,0.023182943711377975,0.8103768592074143,0.013941681691228513,0.7107012173627318,0.40021954160431594
2026-09-12,495817671,9630806627,4579,重点词,0.060986275,3.688613474484667,0.030001484274446134,0.02918512393053374,0.0038494000915760196,0.8103768592074143,0.013941681691228513,0.8735734024055075,0.491938297173358
2026-09-12,495817671,9630806627,4652,重点词,0.061396765,3.688613474484667,0.030256963889594608,0.0349994544501747,0.0038821799115659923,0.8103768592074143,0.013941681691228513,0.8751220513668431,0.4928103930165475
2026-09-12,495817671,9630806627,4751,重点词,0.14334964,3.688613474484667,0.05963867037990923,0.1025110771455527,0.007652058182249146,0.8103768592074143,0.013941681691228513,0.7387884802767798,0.41603641543787084
2026-09-12,495817671,9630806627,4760,重点词,0.80720769,3.688613474484667,0.2897662403015839,0.8440815955233473,0.03717903360210161,0.8103768592074143,0.013941681691228513,0.6374575428864633,0.358973587456264
2026-09-12,495817671,9630806627,4828,重点词,0.050401932,3.688613474484667,0.021232175906761054,0.03874314873259066,0.002724236545505148,0.8103768592074143,0.013941681691228513,0.7480594070639796,0.42125718329132805
2026-09-12,495817671,9630806627,4832,重点词,0.054137397,3.688613474484667,0.025836571016870626,0.06135725198482701,0.0033150126149946355,0.8103768592074143,0.013941681691228513,0.8474737850773004,0.47724073281304286
2026-09-12,495817671,9630806627,4887,重点词,0.052748044,3.688613474484667,0.041295427849929366,0.052424455029997326,0.005298491977698116,0.8103768592074143,0.013941681691228513,1.3902227124752877,0.7828807424580401
2026-09-12,495817671,9630806627,4927,重点词,0.047386405,3.688613474484667,0.018878007471469373,0.024610299627891633,0.002422180283638268,0.8103768592074143,0.013941681691228513,0.7074425229919326,0.39838446219900775
2026-09-12,495817671,9630806627,4995,重点词,0.057588675,3.688613474484667,0.03622809748171856,0.015061364300576809,0.0046483180794669844,0.8103768592074143,0.013941681691228513,1.1171132690992538,0.629083712756346
2026-09-12,495817671,9630806627,5194,重点词,0.39296898,3.688613474484667,0.13917623156568193,0.15707264212625077,0.017857283114171254,0.8103768592074143,0.013941681691228513,0.6289202416201338,0.3541659485837328
2026-09-12,495817671,9630806627,5210,重点词,3.9157457,3.688613474484667,2.046316562976998,3.954845522297599,0.2625567152898005,0.8103768592074143,0.013941681691228513,0.9279981467464091,0.5225866845686629
2026-09-12,495817671,9630806627,5304,重点词,0.094725445,3.688613474484667,0.0380262139636861,0.17150295162396836,0.004879028989868366,0.8103768592074143,0.013941681691228513,0.7128615695842125,0.4014361079400165
2026-09-12,495817671,9630806627,5345,重点词,0.044276149,3.688613474484667,0.019729633625041647,0.04650674965787119,0.0025314498705547367,0.8103768592074143,0.013941681691228513,0.7912941398171253,0.4456041022231099
2026-09-12,495817671,9630806627,5493,重点词,1.963364,3.688613474484667,1.1002670710813593,0.9128113678556824,0.14117195420848402,0.8103768592074143,0.013941681691228513,0.9951443030421896,0.5603989230124212
2026-09-12,495817671,9630806627,5621,重点词,0.063363962,3.688613474484667,0.0489988456410899,0.04822686256553581,0.006286894314045161,0.8103768592074143,0.013941681691228513,1.3731952514198682,0.7732920116499329
2026-09-12,495817671,9630806627,5626,重点词,0.52486909,3.688613474484667,0.2962964417941818,0.22914732942838847,0.038016904088563744,0.8103768592074143,0.013941681691228513,1.002453433534603,0.5645149379899315
2026-09-12,495817671,9630806627,5630,重点词,1.6203738,3.688613474484667,1.2959903316164272,1.0489533792394825,0.16628461630663804,0.8103768592074143,0.013941681691228513,1.4202844046814733,0.7998094832293803
2026-09-12,495817671,9630806627,5783,重点词,0.053922678,3.688613474484667,0.031745616017229174,0.03564666092454638,0.004073184382678851,0.8103768592074143,0.013941681691228513,1.04544472416441,0.5887247665486712
2026-09-12,495817671,9630806627,6004,重点词,0.013473565,3.688613474484667,0.009058475324397795,0.016644575561002375,0.0011622656874005518,0.8103768592074143,0.013941681691228513,1.1938818583502293,0.6723146638916868
2026-09-12,495817671,9630806627,6119,重点词,0.31815864,3.688613474484667,0.11412128077724863,0.1253145574278709,0.01464255783667635,0.8103768592074143,0.013941681691228513,0.636959302503616,0.35869301169142737
2026-09-12,495817671,9630806627,6133,重点词,0.024108429,3.688613474484667,0.012578245283672419,0.028919630462589874,0.001613876770359493,0.8103768592074143,0.013941681691228513,0.9264882539024377,0.5217364135868172
2026-09-12,495817671,9630806627,6159,重点词,0.93200946,3.688613474484667,0.5338454400870231,0.4189936775632361,0.06849610063155333,0.8103768592074143,0.013941681691228513,1.017147617375342,0.5727897226354581
2026-09-12,495817671,9630806627,6256,重点词,0.040212292,3.688613474484667,0.017476430501635908,0.02545159108371595,0.0022423481637780123,0.8103768592074143,0.013941681691228513,0.7717607292644737,0.43460418773533
2026-09-12,495817671,9630806627,6261,重点词,0.043158351,3.688613474484667,0.01927048334012555,0.03487976943490418,0.002472537680323248,0.8103768592074143,0.013941681691228513,0.7928965608282832,0.4465064788996584
2026-09-12,495817671,9630806627,6360,重点词,10.099635,3.688613474484667,5.663082623275302,11.177314736761884,0.7266130758472602,0.8103768592074143,0.013941681691228513,0.9957171523110093,0.560721513527499
2026-09-12,495817671,9630806627,6463,重点词,0.040130194,3.688613474484667,0.014779698088317243,0.09650662026107326,0.001896338549592798,0.8103768592074143,0.013941681691228513,0.6540080177118017,0.3682937114213114
2026-09-12,495817671,9630806627,6486,重点词,0.058750679,3.688613474484667,0.02472107249680319,0.12060766383802107,0.0031718863594394084,0.8103768592074143,0.013941681691228513,0.747210880274413,0.4207793495765928
2026-09-12,495817671,9630806627,6489,重点词,0.48705658,3.688613474484667,0.21575226160414987,0.22901410366405245,0.02768252290384657,0.8103768592074143,0.013941681691228513,0.7866195052217215,0.4429716596871556
2026-09-12,495817671,9630806627,6504,重点词,0.08511365,3.688613474484667,0.04342797388043003,0.06766336650901744,0.005572112536267992,0.8103768592074143,0.013941681691228513,0.906064514752625,0.5102351253932833
2026-09-12,495817671,9630806627,6510,重点词,0.014250339,3.688613474484667,0.007996765415815949,0.03717619949920558,0.0010260408865895069,0.8103768592074143,0.013941681691228513,0.9965014374569154,0.5611631706316564
2026-09-12,500635396,9657930100,797,重点词,56.766115,3.1064363951591702,22.720504962975824,56.10572887102979,2.9151995642971293,2.565073341148569,0.03584808380406581,1.001956677626139,0.4002476647023638
2026-09-12,500635396,9657930100,844,重点词,260.85436,3.1064363951591702,100.95274615675268,309.078693212324,12.952942819287518,2.565073341148569,0.03584808380406581,0.9688134837552538,0.38700808434542816
2026-09-12,500635396,9657930100,998,黄金词,0.019825757,3.1064363951591702,0.007682710157138254,0.018029749824223618,0.0009857454021909716,2.565073341148569,0.03584808380406581,0.9700738722722264,0.38751156675320164
2026-09-12,500635396,9657930100,1934,重点词,31.726525,3.1064363951591702,13.844424237885438,29.03622119844527,1.7763363786146318,2.565073341148569,0.03584808380406581,1.092376955639565,0.4363674949552602
2026-09-12,500635396,9657930100,2253,重点词,0.48099602,3.1064363951591702,0.1802241564466904,0.41256481218768287,0.023124018731333535,2.565073341148569,0.03584808380406581,0.9379758483131294,0.3746894962804274
2026-09-12,500635396,9657930100,2533,重点词,1177.7717,3.1064363951591702,417.7606735674778,1098.8945823904485,53.601613852726516,2.565073341148569,0.03584808380406581,0.8879460453766986,0.35470428909735036
2026-09-12,500635396,9657930100,2818,重点词,95.169559,3.1064363951591702,40.41060078992269,74.47232586008329,5.18496248246845,2.565073341148569,0.03584808380406581,1.0629611398359828,0.42461687554864774
2026-09-12,500635396,9657930100,2832,重点词,1121.0961,3.1064363951591702,453.8076905952232,1049.0519772192574,58.22669804450547,2.565073341148569,0.03584808380406581,1.013325909349506,0.40478928665903235
2026-09-12,500635396,9657930100,2874,重点词,707.40671,3.1064363951591702,261.7116639100129,733.9501734286697,33.57943539746133,2.565073341148569,0.03584808380406581,0.9261344538790008,0.3699592613561905
2026-09-12,500635396,9657930100,2992,重点词,0.071808754,3.1064363951591702,0.025770578492992104,0.13147952291269813,0.0033065453130059243,2.565073341148569,0.03584808380406581,0.8983941471225254,0.3588779509110004
2026-09-12,500635396,9657930100,3366,重点词,3.4984626,3.1064363951591702,1.4311011877332733,4.16074511996579,0.1836202833406886,2.565073341148569,0.03584808380406581,1.0240313301240347,0.4090657386856939
2026-09-12,500635396,9657930100,3408,重点词,88.270332,3.1064363951591702,38.274702615425234,73.2909803757146,4.910911820398019,2.565073341148569,0.03584808380406581,1.0854684437023945,0.43360777906018566
2026-09-12,500635396,9657930100,3567,重点词,264.47641,3.1064363951591702,104.14120453595207,202.2933173770171,13.362044311220387,2.565073341148569,0.03584808380406581,0.9857250487838423,0.39376368023126174
2026-09-12,500635396,9657930100,3587,黄金词,0.047895213,3.1064363951591702,0.02324715752676577,0.04835601340682828,0.00298277276863384,2.565073341148569,0.03584808380406581,1.21506045546441,0.48537538661255714
2026-09-12,500635396,9657930100,4196,重点词,4.4799397,3.1064363951591702,1.9719299161875548,3.183139443913453,0.2530123886710269,2.565073341148569,0.03584808380406581,1.1018930521121153,0.4401688523145869
2026-09-12,500635396,9657930100,4536,重点词,327.85377,3.1064363951591702,136.97535517229892,306.51705859859504,17.574895292530968,2.565073341148569,0.03584808380406581,1.0458812820672614,0.4177940524286145
2026-09-12,500635396,9657930100,4721,重点词,495.75265,3.1064363951591702,171.03865633677373,402.8670250856589,21.945454876264485,2.565073341148569,0.03584808380406581,0.8636730519643556,0.3450080525777799
2026-09-12,500635396,9657930100,5166,潜力词,0.026434342,3.1064363951591702,0.009840356310024981,0.020906558315808094,0.0012625864818699916,2.565073341148569,0.03584808380406581,0.9318852913589886,0.3722565256220481
2026-09-12,500635396,9657930100,5331,重点词,28.345041,3.1064363951591702,12.191192459260087,22.643920644226306,1.564215188148821,2.565073341148569,0.03584808380406581,1.076686419583993,0.43009965867610095
2026-09-12,500635396,9657930100,5337,重点词,4.9538502,3.1064363951591702,1.788818659596755,4.866662446413392,0.2295179348153022,2.565073341148569,0.03584808380406581,0.9039482827264674,0.36109663945767984
2026-09-12,500635396,9657930100,5553,重点词,489.1626,3.1064363951591702,256.3016099944321,500.0889770945033,32.885287673050044,2.565073341148569,0.03584808380406581,1.3116507953767684,0.5239599470491655
2026-09-12,500635396,9657930100,5573,重点词,72.603897,3.1064363951591702,46.84762826697911,46.67072938576469,6.010878091609284,2.565073341148569,0.03584808380406581,1.6152799945759921,0.6452495004087605
2026-09-12,500635396,9657930100,5867,重点词,167.69163,3.1064363951591702,79.93302438673697,73.87829115907357,10.255965624218568,2.565073341148569,0.03584808380406581,1.1932597637810134,0.4766667506704835
2026-09-12,500635396,9657930100,5874,重点词,0.12699385,3.1064363951591702,0.08011806768299168,0.2113011476905241,0.010279707972264832,2.565073341148569,0.03584808380406581,1.579311922628432,0.6308814771974524
2026-09-12,500635396,9657930100,6001,重点词,1.2452755,3.1064363951591702,0.4677467060784089,1.5519785956832206,0.060015171140923466,2.565073341148569,0.03584808380406581,0.940297824862026,0.3756170470537716
2026-09-12,500635396,9657930100,6023,重点词,2.3448897,3.1064363951591702,0.9255078337092548,1.757410628841995,0.11874912278487595,2.565073341148569,0.03584808380406581,0.988047485933234,0.39469141499886107
2026-09-12,500635396,9657930100,6133,潜力词,0.014170988,3.1064363951591702,0.006338241329798157,0.012753276622874305,0.000813240656101051,2.565073341148569,0.03584808380406581,1.1196667413858628,0.4472688375572795
2026-09-12,500635396,9657930100,6434,重点词,0.61139636,3.1064363951591702,0.2700507806105646,0.4459209238264156,0.03464940234633355,2.565073341148569,0.03584808380406581,1.1057137889825142,0.44169510693613645
2026-09-12,500635396,9657930100,6452,潜力词,0.038084529,3.1064363951591702,0.018377156577952303,0.03127107816272231,0.0023579176139072013,2.565073341148569,0.03584808380406581,1.2079525197166023,0.48253600767787636
2026-09-12,500635396,9657930100,6660,重点词,29.632216,3.1064363951591702,14.276087404003302,27.93165388876504,1.8317217794162652,2.565073341148569,0.03584808380406581,1.206049699607886,0.48177589566717866
2026-09-12,525368335,9811363528,33,重点词,0.058928123,3.9644414937038417,0.025675210967467287,0.049501297896872555,0.0032943089930248725,0.660505826206783,0.0027927863750723514,0.8751705432450124,0.43570386532534366
2026-09-12,525368335,9811363528,181,重点词,0.053141659,3.9644414937038417,0.020599494917785368,0.03000383475318719,0.002643059153259398,0.660505826206783,0.0027927863750723514,0.7786149576725473,0.387633643838356
2026-09-12,525368335,9811363528,206,重点词,0.03936788,3.9644414937038417,0.013932236278230706,0.02008797157303408,0.0017876032770472025,0.660505826206783,0.0027927863750723514,0.7108534601213146,0.3538985659941736
2026-09-12,525368335,9811363528,469,重点词,0.040029741,3.9644414937038417,0.013965390436449374,0.05502463496215649,0.0017918571872376316,0.660505826206783,0.0027927863750723514,0.7007636736150836,0.34887536335669456
2026-09-12,525368335,9811363528,709,重点词,0.43807169,3.9644414937038417,0.4124159358552592,0.048565185218539156,0.05291584665365537,0.660505826206783,0.0027927863750723514,1.891,0.9414348045527873
2026-09-12,525368335,9811363528,829,重点词,0.036203156,3.9644414937038417,0.012582462091050505,0.03775676232579558,0.0016144178162143872,0.660505826206783,0.0027927863750723514,0.6981045647543145,0.3475515253711722
2026-09-12,525368335,9811363528,926,重点词,0.43264507,3.9644414937038417,0.1802107138503646,0.03725620782274086,0.023122293952284132,0.660505826206783,0.0027927863750723514,0.8366621582861993,0.4165324566170709
2026-09-12,525368335,9811363528,937,重点词,0.092066156,3.9644414937038417,0.042391877420507616,0.03523372681826363,0.005439174119914238,0.660505826206783,0.0027927863750723514,0.9248768711008415,0.46045017259662296
2026-09-12,525368335,9811363528,1308,重点词,0.01440351,3.9644414937038417,0.01001517732722865,0.01288065459568667,0.0012850172400777251,0.660505826206783,0.0027927863750723514,1.3966628569801176,0.6953289390730906
2026-09-12,525368335,9811363528,1318,重点词,0.076852991,3.9644414937038417,0.05458785087455888,0.05438019508975414,0.00700400274310576,0.660505826206783,0.0027927863750723514,1.426712614244952,0.710289217950657
2026-09-12,525368335,9811363528,1353,重点词,0.036598345,3.9644414937038417,0.024162818562289065,0.11997834400090135,0.0031002584783991457,0.660505826206783,0.0027927863750723514,1.3261340459586357,0.6602161535525464
2026-09-12,525368335,9811363528,1575,重点词,0.010766487,3.9644414937038417,0.007862476409471235,0.0031158920383240725,0.001008810668624548,0.660505826206783,0.0027927863750723514,1.4668530692341917,0.7302731531158896
2026-09-12,525368335,9811363528,1672,重点词,0.21283331,3.9644414937038417,0.20036868560217277,0.03054604425958571,0.025708702597855376,0.660505826206783,0.0027927863750723514,1.891,0.9414348045527873
2026-09-12,525368335,9811363528,1719,重点词,0.015852536,3.9644414937038417,0.012704146525195779,0.018716702339018506,0.0016300307794817135,0.660505826206783,0.0027927863750723514,1.609711418907802,0.8013952168407489
2026-09-12,525368335,9811363528,1916,重点词,0.4682699,3.9644414937038417,0.2500879697056901,0.35662285672546257,0.03208803420126509,0.660505826206783,0.0027927863750723514,1.0727483051983662,0.534068001606958
2026-09-12,525368335,9811363528,1952,重点词,7.5685192,3.9644414937038417,6.007443131667164,6.589913756978711,0.7707969355660896,0.660505826206783,0.0027927863750723514,1.5943366521034565,0.7937408854914663
2026-09-12,525368335,9811363528,2078,重点词,0.041112495,3.9644414937038417,0.026484832024110193,0.027566264787411515,0.0033981890324613754,0.660505826206783,0.0027927863750723514,1.2939713718805168,0.6442039585315898
2026-09-12,525368335,9811363528,2206,重点词,0.01028455,3.9644414937038417,0.008042408989125028,0.011672903012878707,0.0010318972760157287,0.660505826206783,0.0027927863750723514,1.5707321748108372,0.7819893907973637
2026-09-12,525368335,9811363528,2354,重点词,0.019418875,3.9644414937038417,0.012802990163974817,0.019014837084320127,0.0016427131090853797,0.660505826206783,0.0027927863750723514,1.3243068471196315,0.6593064821713316
2026-09-12,525368335,9811363528,2557,重点词,0.040518105,3.9644414937038417,0.030808144982553822,0.03377488147219907,0.003952900297607671,0.660505826206783,0.0027927863750723514,1.527276617171065,0.7603550309806894
2026-09-12,525368335,9811363528,2624,重点词,0.014088644,3.9644414937038417,0.009426356117188362,0.012330825819975627,0.0012094673639743757,0.660505826206783,0.0027927863750723514,1.343927765302868,0.6690747610052721
2026-09-12,525368335,9811363528,2633,重点词,0.28197208,3.9644414937038417,0.1810201039377787,0.30496700484964334,0.023226144356754498,0.660505826206783,0.0027927863750723514,1.2895018834602299,0.641978822647188
2026-09-12,525368335,9811363528,2742,重点词,0.70744592,3.9644414937038417,0.6660142114268668,0.44870456627781674,0.08545427762856382,0.660505826206783,0.0027927863750723514,1.891,0.9414348045527873
2026-09-12,525368335,9811363528,2806,重点词,0.01455773,3.9644414937038417,0.00957288761926101,0.013074788910704412,0.0012282683796953765,0.660505826206783,0.0027927863750723514,1.3208411147999228,0.6575810665028826
2026-09-12,525368335,9811363528,2807,重点词,0.041167114,3.9644414937038417,0.03071724404482437,0.04927172704300578,0.003941237072054589,0.660505826206783,0.0027927863750723514,1.4987634894003856,0.7461597634661583
2026-09-12,525368335,9811363528,2843,重点词,1.325033,3.9644414937038417,1.114310512170984,1.137670745459384,0.1429738258399649,0.660505826206783,0.0027927863750723514,1.6891989853942686,0.8409681209230141
2026-09-12,525368335,9811363528,2914,重点词,1.4853447,3.9644414937038417,1.182675084312539,0.7217827956898704,0.151745478197392,0.660505826206783,0.0027927863750723514,1.599335125075812,0.7962293764622711
2026-09-12,525368335,9811363528,2919,重点词,0.029102608,3.9644414937038417,0.021912239464792954,0.022108749014716836,0.0028114934524840892,0.660505826206783,0.0027927863750723514,1.5123633164372785,0.7529304406255602
2026-09-12,525368335,9811363528,2961,重点词,1.0103148,3.9644414937038417,0.8455312591547739,1.0937388587354469,0.1084875693697945,0.660505826206783,0.0027927863750723514,1.6810252308435965,0.8368988152551798
2026-09-12,525368335,9811363528,2978,重点词,0.86708937,3.9644414937038417,0.8163081115757495,1.1154733750570696,0.10473803531548602,0.660505826206783,0.0027927863750723514,1.891,0.9414348045527873
2026-09-12,525368335,9811363528,3073,重点词,0.012469334,3.9644414937038417,0.007828609555616739,0.02003074558330709,0.0010044653146035162,0.660505826206783,0.0027927863750723514,1.2610800475156214,0.6278290047902108
2026-09-12,525368335,9811363528,3078,重点词,0.010609054,3.9644414937038417,0.00652982982033302,0.011475267918892987,0.0008378227983131942,0.660505826206783,0.0027927863750723514,1.236307437045944,0.6154959547131177
2026-09-12,525368335,9811363528,3202,重点词,0.010355234,3.9644414937038417,0.00621667642369358,0.02309448311992764,0.0007976430291166431,0.660505826206783,0.0027927863750723514,1.2058675951711122,0.6003414721186967
2026-09-12,525368335,9811363528,3313,重点词,0.011614697,3.9644414937038417,0.008502784417699095,0.01967683610717944,0.0010909666607401977,0.660505826206783,0.0027927863750723514,1.4704645610646967,0.7320711351918259
2026-09-12,525368335,9811363528,3575,重点词,0.053960953,3.9644414937038417,0.023844329621717075,0.06399406229119203,0.0030593941216297037,0.660505826206783,0.0027927863750723514,0.8875785222789387,0.44188118066997584
2026-09-12,525368335,9811363528,3597,重点词,0.014397084,3.9644414937038417,0.01038082766634232,0.013375846891049417,0.001331932733857739,0.660505826206783,0.0027927863750723514,1.448300636699136,0.7210368201187353
2026-09-12,525368335,9811363528,4091,重点词,0.014390658,3.9644414937038417,0.011971968534147871,0.05786823172011527,0.0015360872265558878,0.660505826206783,0.0027927863750723514,1.671037489894126,0.8319264160226635
2026-09-12,525368335,9811363528,4212,重点词,0.011952054,3.9644414937038417,0.0070706627984955155,0.017122606381254905,0.0009072154489107946,0.660505826206783,0.0027927863750723514,1.1882801936820373,0.591585580059755
2026-09-12,525368335,9811363528,4437,重点词,0.041571942,3.9644414937038417,0.023070519203364986,0.05565997150738495,0.0029601088373411486,0.660505826206783,0.0027927863750723514,1.1147008559181186,0.5549540890672123
2026-09-12,525368335,9811363528,4606,重点词,0.046915024,3.9644414937038417,0.019278435689810823,0.03398963190084152,0.002473558022361219,0.660505826206783,0.0027927863750723514,0.8253936569462832,0.4109224305163059
2026-09-12,525368335,9811363528,4662,重点词,0.020029329,3.9644414937038417,0.011703110316767563,0.03260619344716912,0.0015015908384059774,0.660505826206783,0.0027927863750723514,1.173643444682932,0.5842986710522137
2026-09-12,525368335,9811363528,4718,重点词,0.8336429,3.9644414937038417,0.32535935961350876,0.5686942198177829,0.04174587954497053,0.660505826206783,0.0027927863750723514,0.7839430743375886,0.3902862480008032
2026-09-12,525368335,9811363528,4760,重点词,0.017137703,3.9644414937038417,0.009851008501075646,0.026684402602820314,0.0012639532324224248,0.660505826206783,0.0027927863750723514,1.1545941708153964,0.5748149854782549
2026-09-12,525368335,9811363528,4938,重点词,0.011846028,3.9644414937038417,0.00822441892040061,0.02005085147895197,0.0010552504221371269,0.660505826206783,0.0027927863750723514,1.3945489002462796,0.694276505205003
2026-09-12,525368335,9811363528,4969,重点词,3.0052893,3.9644414937038417,1.3925537082450217,1.6964019256373946,0.17867437234126224,0.660505826206783,0.0027927863750723514,0.9307369333357346,0.46336760598888826
2026-09-12,525368335,9811363528,5045,重点词,3.1293336,3.9644414937038417,1.2934140209035867,2.03593759023717,0.1659540576381663,0.660505826206783,0.0027927863750723514,0.8302081264218699,0.4133193153020141
2026-09-12,525368335,9811363528,5070,重点词,1.3624538,3.9644414937038417,0.660790026109773,1.286060325006927,0.08478397814424266,0.660505826206783,0.0027927863750723514,0.9741884437725357,0.4849999509045907
2026-09-12,525368335,9811363528,5260,重点词,0.099719326,3.9644414937038417,0.07407785114807795,0.19432789285338886,0.009504705980032061,0.660505826206783,0.0027927863750723514,1.4921425682553897,0.7428635362826054
2026-09-12,525368335,9811363528,5460,重点词,2.9792518,3.9644414937038417,1.1164636355820103,2.4447985301875885,0.14325008662025698,0.660505826206783,0.0027927863750723514,0.7527290042337162,0.3747463156964478
2026-09-12,525368335,9811363528,5484,重点词,0.92234192,3.9644414937038417,0.3268528587623696,0.42328040826788277,0.04193750592277912,0.660505826206783,0.0027927863750723514,0.7118059583974846,0.35437276748992347
2026-09-12,525368335,9811363528,5596,重点词,0.33779974,3.9644414937038417,0.22651213057171896,0.3909431888985665,0.029063089285503402,0.660505826206783,0.0027927863750723514,1.3468940455100942,0.670551524319465
2026-09-12,525368335,9811363528,5771,重点词,0.053257324,3.9644414937038417,0.030144294808716204,0.039001539135418484,0.003867723681124736,0.660505826206783,0.0027927863750723514,1.1369125656414267,0.5660121940921441
2026-09-12,525368335,9811363528,5891,重点词,0.036209582,3.9644414937038417,0.024460242034877344,0.037524157781917276,0.0031384199884146135,0.660505826206783,0.0027927863750723514,1.3568708657020512,0.6755184866502283
2026-09-12,525368335,9811363528,6246,重点词,0.017150555,3.9644414937038417,0.006085633588142172,0.011502643702493844,0.0007808293175496583,0.660505826206783,0.0027927863750723514,0.7127363366213597,0.35483595651232114
2026-09-12,525368335,9811363528,6272,重点词,0.038988756,3.9644414937038417,0.013428580340923531,0.023401404355021194,0.0017229807005953968,0.660505826206783,0.0027927863750723514,0.6918182304353417,0.3444218723193818
2026-09-12,525368335,9811363528,6343,重点词,0.012922355,3.9644414937038417,0.004837902755762398,0.013097157548645554,0.0006207367322466067,0.660505826206783,0.0027927863750723514,0.7519981041800892,0.37438243692905804
2026-09-12,525368335,9811363528,6490,重点词,0.053356924,3.9644414937038417,0.03665252219254791,0.03305556549730226,0.004702774735870654,0.660505826206783,0.0027927863750723514,1.3797943410857956,0.6869309443803002
2026-09-12,525368335,9811363528,6522,重点词,10.037788,3.9644414937038417,3.98736638224425,12.101845618120795,0.5116069717267854,0.660505826206783,0.0027927863750723514,0.7979017227603115,0.3972355644733929
2026-09-12,525368335,9811363528,6607,重点词,0.85943299,3.9644414937038417,0.46471798272644277,0.595634172234646,0.0596265647692598,0.660505826206783,0.0027927863750723514,1.086122315241516,0.5407262557217437
2026-09-13,63563817,1841014603,9,重点词,10.731,3.547200489984584,8.411037012720943,25.071615433435984,1.0791948275237464,1.0442044049730232,0.03761964811937615,1.0658426018017386,0.7838073816718798
2026-09-13,63563817,1841014603,726,重点词,2.31864,3.547200489984584,1.4016374347458336,2.735072562979914,0.17983987793105932,1.0442044049730232,0.03761964811937615,0.8220270143745364,0.604508433713657
2026-09-13,63563817,1841014603,1186,潜力词,0.01641369,3.547200489984584,0.011699785186339288,0.03255369014354625,0.001501164200935044,1.0442044049730232,0.03761964811937615,0.969293693243545,0.7128065161666443
2026-09-13,63563817,1841014603,1567,重点词,0.34221168,3.547200489984584,0.22375557069204163,0.7293115047042305,0.028709403389292502,1.0442044049730232,0.03761964811937615,0.8891248612676318,0.6538513550795274
2026-09-13,63563817,1841014603,1667,重点词,0.80775528,3.547200489984584,0.47199340659713257,1.0599792880414016,0.06056005249466351,1.0442044049730232,0.03761964811937615,0.7945840667332882,0.5843272316302688
2026-09-13,63563817,1841014603,2123,潜力词,0.057952246,3.547200489984584,0.038520488371586524,0.09119466442360143,0.004942447850536409,1.0442044049730232,0.03761964811937615,0.9038684725554073,0.6646936232909165
2026-09-13,63563817,1841014603,2478,重点词,0.4493133,3.547200489984584,0.27432785821237715,1.5798105745145294,0.03519818129211785,1.0442044049730232,0.03761964811937615,0.8302413592923759,0.6105491607134201
2026-09-13,63563817,1841014603,2505,黄金词,0.056393404,3.547200489984584,0.0359554093250725,0.11161191826806806,0.00461333028334454,1.0442044049730232,0.03761964811937615,0.8670011088598055,0.637581822957034
2026-09-13,63563817,1841014603,2570,重点词,0.094814276,3.547200489984584,0.06585169873834966,0.2240791063158747,0.008449233139100062,1.0442044049730232,0.03761964811937615,0.94444566027948,0.6945335820351531
2026-09-13,63563817,1841014603,2889,潜力词,0.017330656,3.547200489984584,0.012293293670144746,0.03420507869228028,0.001577315487018507,1.0442044049730232,0.03761964811937615,0.9645771737134592,0.7093380464158279
2026-09-13,63563817,1841014603,2892,重点词,0.28215041,3.547200489984584,0.1822724853918608,0.5471102129925945,0.023386833649321866,1.0442044049730232,0.03761964811937615,0.878464378369316,0.6460117686586413
2026-09-13,63563817,1841014603,2985,重点词,1.0456162,3.547200489984584,0.689739233576021,1.8368816150409546,0.08849836376770812,1.0442044049730232,0.03761964811937615,0.8970080750566706,0.6596485723691169
2026-09-13,63563817,1841014603,3169,潜力词,0.051900271,3.547200489984584,0.03688764501657027,0.08619954034322075,0.004732942637299924,1.0442044049730232,0.03761964811937615,0.9664848042125128,0.7107408941384964
2026-09-13,63563817,1841014603,3304,潜力词,0.070422983,3.547200489984584,0.04890171560028189,0.11300719983209752,0.006274431851036303,1.0442044049730232,0.03761964811937615,0.944263938516175,0.6943999461125056
2026-09-13,63563817,1841014603,3501,重点词,0.1236987,3.547200489984584,0.08250446111799895,0.33023318050026795,0.010585898926792963,1.0442044049730232,0.03761964811937615,0.9069764745982065,0.6669792093045355
2026-09-13,63563817,1841014603,4048,黄金词,0.025766742,3.547200489984584,0.018565187675244,0.08733391007587005,0.0023820433177061395,1.0442044049730232,0.03761964811937615,0.9797686988866456,0.7205097049228808
2026-09-13,63563817,1841014603,4186,黄金词,0.02906782,3.547200489984584,0.0206148830654628,0.055746271782466626,0.0026450335601432983,1.0442044049730232,0.03761964811937615,0.9643887584058626,0.70919948814403
2026-09-13,63563817,1841014603,4675,黄金词,0.013296006,3.547200489984584,0.009641531362679964,0.028969330665743934,0.0012370758516786248,1.0442044049730232,0.03761964811937615,0.9860718063563532,0.7251449316945227
2026-09-13,63563817,1841014603,4713,黄金词,0.06592985,3.547200489984584,0.04458992061037081,0.11906162744136299,0.005721198421743672,1.0442044049730232,0.03761964811937615,0.9196833779538147,0.6763237078557104
2026-09-13,63563817,1841014603,4827,重点词,0.12965898,3.547200489984584,0.08279867256384814,0.20446723650330742,0.010623648311331222,1.0442044049730232,0.03761964811937615,0.8683693760874969,0.6385880296439794
2026-09-13,63563817,1841014603,4868,潜力词,0.05676019,3.547200489984584,0.03788192651184251,0.0931267236864582,0.004860515901473834,1.0442044049730232,0.03761964811937615,0.9075528866910005,0.6674030955823528
2026-09-13,63563817,1841014603,5134,重点词,0.63169782,3.547200489984584,0.4283032996519847,1.063429366898514,0.05495430645432954,1.0442044049730232,0.03761964811937615,0.9219890599811319,0.678019277717287
2026-09-13,63563817,1841014603,5267,黄金词,0.030810055,3.547200489984584,0.021675418855892,0.06078168908702183,0.0027811077133902775,1.0442044049730232,0.03761964811937615,0.9566625006040138,0.7035176943336194
2026-09-13,63563817,1841014603,5307,重点词,0.80858055,3.547200489984584,0.446684589819185,0.6811063629429284,0.05731275443662399,1.0442044049730232,0.03761964811937615,0.751210077590017,0.5524305399371591
2026-09-13,63563817,1841014603,5374,重点词,0.35138134,3.547200489984584,0.23748707318224502,0.3984317824478981,0.030471251118549262,1.0442044049730232,0.03761964811937615,0.9190624156893463,0.6758670599362079
2026-09-13,63563817,1841014603,5418,重点词,0.15405027,3.547200489984584,0.10201006663648016,0.2892651848151114,0.013088604425701932,1.0442044049730232,0.03761964811937615,0.9004597258442956,0.662186873391914
2026-09-13,63563817,1841014603,5592,潜力词,0.065196277,3.547200489984584,0.044199899981126,0.09960359016999581,0.005671156049433104,1.0442044049730232,0.03761964811937615,0.9218966060511322,0.6779512882480391
2026-09-13,63563817,1841014603,6083,重点词,1.1641799,3.547200489984584,0.7391578685858611,2.666615491975193,0.09483911999137506,1.0442044049730232,0.03761964811937615,0.8633777126508505,0.6349172224892915
2026-09-13,63563817,1841014603,6149,重点词,1.6814404,3.547200489984584,1.0155472350161723,6.161390455587306,0.13030180719427745,1.0442044049730232,0.03761964811937615,0.821301045862953,0.6039745655071522
2026-09-13,63563817,1841014603,6352,重点词,0.55999109,3.547200489984584,0.3569850788542965,1.663564745896146,0.045803680333358125,1.0442044049730232,0.03761964811937615,0.866867403792291,0.6374834979147551
2026-09-13,63563817,1841014603,6414,潜力词,0.016321993,3.547200489984584,0.011640147487277023,0.032387753150240256,0.0014935122673796362,1.0442044049730232,0.03761964811937615,0.9697706177285486,0.7131572404961222
2026-09-13,63563817,2874903000,193,潜力词,0.035762023,3.666066332329043,0.02400028098159787,0.023324538700750505,0.0030794037709362173,1.1182496143569394,0.02034569559465551,1.086220855326685,0.6711108312188567
2026-09-13,63563817,2874903000,431,重点词,0.90123259,3.666066332329043,0.5801409823717184,0.9648198253526412,0.07443614223349695,1.1182496143569394,0.02034569559465551,1.0418868262677319,0.6437194890740895
2026-09-13,63563817,2874903000,648,潜力词,0.042870002,3.666066332329043,0.026345498852250494,0.025541911116910673,0.003380311612810737,1.1182496143569394,0.02034569559465551,0.9946649429695866,0.6145439146993857
2026-09-13,63563817,2874903000,1490,潜力词,0.013919793,3.666066332329043,0.008397121848948232,0.008988631175163282,0.0010774094147684651,1.1182496143569394,0.02034569559465551,0.9763860528201402,0.603250482887801
2026-09-13,63563817,2874903000,1812,潜力词,0.054198345,3.666066332329043,0.0316594484382184,0.03069377515128413,0.004062128480127473,1.1182496143569394,0.02034569559465551,0.9454557516338606,0.5841405016743296
2026-09-13,63563817,2874903000,2249,潜力词,0.03205995,3.666066332329043,0.019729318729098607,0.0208664040536628,0.0025314094672046596,1.1182496143569394,0.02034569559465551,0.996031646093348,0.615388318730959
2026-09-13,63563817,2874903000,2275,重点词,1.9549906,3.666066332329043,1.1853652129912386,1.195667658476306,0.15209064050627674,1.1182496143569394,0.02034569559465551,0.9813668713921166,0.606327832466938
2026-09-13,63563817,2874903000,2561,重点词,2.9837225,3.666066332329043,1.828631731974412,1.6238374887224478,0.23462623022677329,1.1182496143569394,0.02034569559465551,0.9919544072938071,0.6128692369931896
2026-09-13,63563817,2874903000,2574,潜力词,0.034207152,3.666066332329043,0.019635389302678462,0.01891668931780083,0.002519357665388595,1.1182496143569394,0.02034569559465551,0.9290658304467183,0.5740141506863379
2026-09-13,63563817,2874903000,2596,潜力词,0.010884094,3.666066332329043,0.006703656910945636,0.007175875327434017,0.0008601260287934452,1.1182496143569394,0.02034569559465551,0.996881150580503,0.6159131766912006
2026-09-13,63563817,2874903000,2669,潜力词,0.054346428,3.666066332329043,0.03633978114811289,0.04272099152109173,0.004662647874343569,1.1182496143569394,0.02034569559465551,1.0822689321574908,0.6686691745060575
2026-09-13,63563817,2874903000,2797,潜力词,0.040056427,3.666066332329043,0.02496179617491222,0.024200413998370196,0.0032027728895884086,1.1182496143569394,0.02034569559465551,1.008619855985804,0.6231658199297762
2026-09-13,63563817,2874903000,3163,重点词,3.657,3.666066332329043,2.172972192783833,1.9007357558019589,0.27880751770067724,1.1182496143569394,0.02034569559465551,0.9617298533053006,0.5941952947180292
2026-09-13,63563817,2874903000,3422,潜力词,0.053902179,3.666066332329043,0.03458742394286775,0.031212623290690952,0.0044378081989249075,1.1182496143569394,0.02034569559465551,1.038570025436321,0.6416702364271349
2026-09-13,63563817,2874903000,3465,潜力词,0.014660208,3.666066332329043,0.009437071522106684,0.009091653203392626,0.0012108422253077865,1.1182496143569394,0.02034569559465551,1.041887921321154,0.6437201656420348
2026-09-13,63563817,2874903000,4527,重点词,0.76655118,3.666066332329043,0.45745220575500173,0.6298032062444843,0.05869431480844508,1.1182496143569394,0.02034569559465551,0.9658917539402204,0.5967666839349223
2026-09-13,63563817,2874903000,4667,重点词,0.059677412,3.666066332329043,0.05830361581739523,0.09854169910545575,0.007480761352126056,1.1182496143569394,0.02034569559465551,1.581282254070204,0.9769796286976257
2026-09-13,63563817,2874903000,4738,潜力词,0.02798767,3.666066332329043,0.017621725458117368,0.01863734113583317,0.002260990522058321,1.1182496143569394,0.02034569559465551,1.0190736566804546,0.6296245974787243
2026-09-13,63563817,2874903000,4798,重点词,0.77928631,3.666066332329043,0.5785242089865107,0.6269893311477038,0.07422869890968857,1.1182496143569394,0.02034569559465551,1.2015680704125389,0.7423769692380592
2026-09-13,63563817,2874903000,4836,潜力词,0.021768188,3.666066332329043,0.014238893110422033,0.013765096811236933,0.0018269494916251644,1.1182496143569394,0.02034569559465551,1.058712008645144,0.6541147618911612
2026-09-13,63563817,2874903000,4860,重点词,0.34081282,3.666066332329043,0.23354138238861138,0.5701935595872637,0.029964991416082446,1.1182496143569394,0.02034569559465551,1.1091028279963016,0.6852482321193533
2026-09-13,63563817,2874903000,5241,潜力词,0.047534614,3.666066332329043,0.028580031912771618,0.030089956002599408,0.0036670178200474937,1.1182496143569394,0.02034569559465551,0.9731429185171807,0.6012467443781413
2026-09-13,63563817,2874903000,5351,黄金词,0.030134872,3.666066332329043,0.01874260363382206,0.02493443950492623,0.002404807025026418,1.1182496143569394,0.02034569559465551,1.0066638165784487,0.6219573002938941
2026-09-13,63563817,2874903000,5532,重点词,0.50762821,3.666066332329043,0.2974517341400617,0.5286124253929813,0.038165136170061634,1.1182496143569394,0.02034569559465551,0.9484067697257158,0.5859637590670181
2026-09-13,63563817,2874903000,6242,潜力词,0.032948447,3.666066332329043,0.021326890615625232,0.020676379959981055,0.0027363891045465655,1.1182496143569394,0.02034569559465551,1.047650636301261,0.6472806021972821
2026-09-13,63563817,2874903000,6282,重点词,1.1999899,3.666066332329043,0.7540092155029718,0.935885602343182,0.09674465158640509,1.1182496143569394,0.02034569559465551,1.0170046813544413,0.6283463015005142
2026-09-13,63563817,4190988309,9,重点词,0.16234713,3.903278892693996,0.07911423958365099,0.46962010267396187,0.010150909812074473,1.0391653788752064,0.005855374285266891,0.8474762476127844,0.4873152952174208
2026-09-13,63563817,4190988309,2397,黄金词,0.010769137,3.903278892693996,0.006423837938159373,0.061406390154789284,0.0008242232991279799,1.0391653788752064,0.005855374285266891,1.0373639854917858,0.5965044309640942
2026-09-13,63563817,4190988309,2478,重点词,0.48437293,3.903278892693996,0.2533805333719268,0.8483811146575162,0.0325104931290431,1.0391653788752064,0.005855374285266891,0.90972656018076,0.5231104334668885
2026-09-13,63563817,4190988309,2941,重点词,0.18302769,3.903278892693996,0.10980427316322025,1.0022428872599487,0.014088655591282126,1.0391653788752064,0.005855374285266891,1.043325771978765,0.5999325739357813
2026-09-13,63563817,4190988309,4017,重点词,0.086772563,3.903278892693996,0.04699556696099677,0.2104133493628835,0.0060298596598907,1.0391653788752064,0.005855374285266891,0.941872160311235,0.5415947776141725
2026-09-13,63563817,4190988309,4097,重点词,0.1768807,3.903278892693996,0.09234065665268239,1.6333743308444186,0.011847951552109917,1.0391653788752064,0.005855374285266891,0.9078832478445038,0.5220504930876143
2026-09-13,63563817,4190988309,4101,重点词,0.16001223,3.903278892693996,0.1001207981022324,0.33066019877565933,0.012846198069995743,1.0391653788752064,0.005855374285266891,1.0881496267703072,0.6257071606478605
2026-09-13,63563817,4190988309,4177,重点词,2.907,3.903278892693996,1.700493450123509,13.239235700195495,0.21818519319743562,1.0391653788752064,0.005855374285266891,1.0172962041913531,0.5849650671219501
2026-09-13,63563817,4190988309,5374,重点词,0.35128355,3.903278892693996,0.16336031474503077,0.4700758278796357,0.020960269991542543,1.0391653788752064,0.005855374285266891,0.8087350039600538,0.46503832799751305
2026-09-13,63563817,4190988309,5649,重点词,0.046173868,3.903278892693996,0.026104799423544694,0.15959623595149375,0.0033494281940296337,1.0391653788752064,0.005855374285266891,0.9831993797648275,0.5653587311235154
2026-09-13,63563817,4190988309,6083,重点词,0.10907326,3.903278892693996,0.06409677675540494,0.3834895125489279,0.008224064384779127,1.0391653788752064,0.005855374285266891,1.0219635102488476,0.5876488587157378
2026-09-13,63563817,4190988309,6224,潜力词,0.016391961,3.903278892693996,0.009258161301842815,0.05702234614178441,0.00118788679377088,1.0391653788752064,0.005855374285266891,0.98222576785002,0.5647988853708726
2026-09-13,63563817,4190988309,6245,黄金词,0.028924188,3.903278892693996,0.014843528323188459,0.17900024152281951,0.0019045284147911627,1.0391653788752064,0.005855374285266891,0.8924696624398605,0.5131873822417576
2026-09-13,63563817,4190988310,228,潜力词,0.016719502,3.7888317536665466,0.010142659882138519,0.018024100814515064,0.001301374142758116,1.2802407255005663,0.01815224003881596,1.0562962145723256,0.6066364824824638
2026-09-13,63563817,4190988310,925,重点词,0.3937731,3.7888317536665466,0.2290499697555601,0.3919679144105628,0.029388711787954196,1.2802407255005663,0.01815224003881596,1.0128412784537915,0.5816800836714344
2026-09-13,63563817,4190988310,990,重点词,0.045726397,3.7888317536665466,0.02591277822439004,0.07502510972201748,0.0033247905322776766,1.2802407255005663,0.01815224003881596,0.9867433180788949,0.5666918874975003
2026-09-13,63563817,4190988310,1186,重点词,0.19843599,3.7888317536665466,0.11767412532334125,0.1885908200551803,0.015098412620258945,1.2802407255005663,0.01815224003881596,1.0325657970761637,0.5930079786602281
2026-09-13,63563817,4190988310,1567,重点词,1.3238675,3.7888317536665466,0.7539865767870322,2.5449336603593173,0.09674174688094404,1.2802407255005663,0.01815224003881596,0.9916908180407442,0.5695332627978497
2026-09-13,63563817,4190988310,1667,重点词,0.33720065,3.7888317536665466,0.18112532816351984,0.4107230692919692,0.023239645360254815,1.2802407255005663,0.01815224003881596,0.9352936393856561,0.5371440658952462
2026-09-13,63563817,4190988310,2123,重点词,0.26250339,3.7888317536665466,0.14933317506214835,0.3810024261993237,0.019160489944465724,1.2802407255005663,0.01815224003881596,0.9905549699611331,0.5688809392600543
2026-09-13,63563817,4190988310,2212,潜力词,0.012431526,3.7888317536665466,0.007010769757021127,0.014249181322174585,0.0008995307531395039,1.2802407255005663,0.01815224003881596,0.981970544095071,0.5639508582470991
2026-09-13,63563817,4190988310,2294,潜力词,0.023818084,3.7888317536665466,0.013427057658136152,0.02497958954919573,0.0017227853297528224,1.2802407255005663,0.01815224003881596,0.9815924965963554,0.5637337435763579
2026-09-13,63563817,4190988310,2892,重点词,0.5341953,3.7888317536665466,0.316180799511778,0.5457639211145425,0.04056820614145054,1.2802407255005663,0.01815224003881596,1.0306059116613264,0.5918824061383131
2026-09-13,63563817,4190988310,2985,重点词,4.326,3.7888317536665466,2.5092159070253777,4.103489152443649,0.3219499360074848,1.2802407255005663,0.01815224003881596,1.009970562421079,0.5800314163257924
2026-09-13,63563817,4190988310,3169,重点词,3.7746078,3.7888317536665466,2.142365872325538,3.126612427599755,0.2748805128999409,1.2802407255005663,0.01815224003881596,0.9882777256075258,0.5675731058271902
2026-09-13,63563817,4190988310,3180,黄金词,0.014016996,3.7888317536665466,0.008273159699127225,0.0243115845703979,0.0010615042046625976,1.2802407255005663,0.01815224003881596,1.0277172756319164,0.5902234472441331
2026-09-13,63563817,4190988310,3304,重点词,0.062265732,3.7888317536665466,0.035344853384283934,0.08245526996768406,0.004534991689397519,1.2802407255005663,0.01815224003881596,0.9884035238334044,0.5676453524112418
2026-09-13,63563817,4190988310,3818,黄金词,0.020683177,3.7888317536665466,0.010714266244957455,0.029276414317282923,0.0013747152336605684,1.2802407255005663,0.01815224003881596,0.9019913740966861,0.5180183994440243
2026-09-13,63563817,4190988310,4048,重点词,0.033835372,3.7888317536665466,0.020962909228684923,0.08820760238517633,0.0026896877489935205,1.2802407255005663,0.01815224003881596,1.0787921977155914,0.619556044150628
2026-09-13,63563817,4190988310,4155,潜力词,0.019422008,3.7888317536665466,0.011436093903388591,0.023181632321474417,0.0014673307665805046,1.2802407255005663,0.01815224003881596,1.025275979558999,0.5888213980443521
2026-09-13,63563817,4190988310,4403,重点词,0.092858097,3.7888317536665466,0.055742439373274943,0.3681575535778035,0.007152144516093833,1.2802407255005663,0.01815224003881596,1.0452577340844087,0.6002970249678382
2026-09-13,63563817,4190988310,4675,重点词,0.081219305,3.7888317536665466,0.04797061484247501,0.1585522823271635,0.006154965117004708,1.2802407255005663,0.01815224003881596,1.0284263954337955,0.5906306984832609
2026-09-13,63563817,4190988310,4713,黄金词,0.016863636,3.7888317536665466,0.00848281059418524,0.023869406559419055,0.0010884038796004376,1.2802407255005663,0.01815224003881596,0.8758822983726164,0.5030238196664847
2026-09-13,63563817,4190988310,4773,重点词,0.742036,3.7888317536665466,0.3827813766743958,0.6301736561631083,0.0491135256157661,1.2802407255005663,0.01815224003881596,0.8982206247749116,0.5158528382374923
2026-09-13,63563817,4190988310,4791,重点词,0.08961509,3.7888317536665466,0.04744760893275704,0.3034945704138007,0.006087859803869319,1.2802407255005663,0.01815224003881596,0.921913946446181,0.5294600377320052
2026-09-13,63563817,4190988310,4827,重点词,0.34721794,3.7888317536665466,0.19578674758531187,0.6393563877396786,0.025120807930366442,1.2802407255005663,0.01815224003881596,0.9818346040729282,0.5638727871760079
2026-09-13,63563817,4190988310,5010,重点词,0.22888422,3.7888317536665466,0.13443279235706035,0.2490230538335166,0.017248666715161766,1.2802407255005663,0.01815224003881596,1.0226960208962543,0.5873397141885113
2026-09-13,63563817,4190988310,5134,重点词,0.60662245,3.7888317536665466,0.37544714264678924,2.1932819192468807,0.048172492136247365,1.2802407255005663,0.01815224003881596,1.0776742933136458,0.6189140257614753
2026-09-13,63563817,4190988310,5267,重点词,0.39982671,3.7888317536665466,0.24408340742426698,0.5400002144034097,0.031317606898917535,1.2802407255005663,0.01815224003881596,1.0629764740814327,0.6104729907220731
2026-09-13,63563817,4190988310,5330,重点词,0.43816626,3.7888317536665466,0.2470279974862474,1.9393868830474386,0.031695418381527944,1.2802407255005663,0.01815224003881596,0.9816675694706871,0.5637768583237044
2026-09-13,63563817,4190988310,5418,重点词,0.054698716,3.7888317536665466,0.029359057379183,0.15106097997232992,0.0037669722314463403,1.2802407255005663,0.01815224003881596,0.9345922482847276,0.5367412532898029
2026-09-13,63563817,4190988310,5812,潜力词,0.020034576,3.7888317536665466,0.011721350413747497,0.023759863979618427,0.0015039311703156462,1.2802407255005663,0.01815224003881596,1.0187196714440923,0.5850560757436293
2026-09-13,63563817,4190988310,5840,潜力词,0.013188228,3.7888317536665466,0.007372102909194984,0.014983580222934646,0.0009458923216653723,1.2802407255005663,0.01815224003881596,0.9733345531172584,0.5589911631187287
2026-09-13,63563817,4190988310,6325,重点词,0.300915,3.7888317536665466,0.1856587747798085,0.3515260740845197,0.02382131824217821,1.2802407255005663,0.01815224003881596,1.0743080790771709,0.6169807911862436
2026-09-13,63563817,4190988310,6352,重点词,0.25284644,3.7888317536665466,0.13923795609041312,0.8001300876433599,0.01786520280204333,1.2802407255005663,0.01815224003881596,0.958866166601299,0.550681892497332
2026-09-13,495403620,8878077181,1048,重点词,8.3950931,1.2897414794909463,13.170659487366004,138.06682531315218,1.689887652657453,0.6690512257738279,0.685050331197376,1.3251904619835033,1.5688521056861184
2026-09-13,495403620,8878077181,1607,重点词,7.6365656,1.2897414794909463,6.866107551101444,69.879956775205,0.8809695811781177,0.6690512257738279,0.685050331197376,0.7594668316721939,0.8991093523902216
2026-09-13,495403620,8878077181,3989,重点词,206.334,1.2897414794909463,271.3008161514654,2676.127561111378,34.80979064184583,0.6690512257738279,0.685050331197376,1.1106484099278418,1.3148623889008375
2026-09-13,495403620,8878077181,5778,重点词,206.334,1.2897414794909463,199.96697455955405,2110.1469525076714,25.657160263812898,0.6690512257738279,0.685050331197376,0.8186226841597737,0.9691421411863971
2026-09-13,495403620,9628223555,104,重点词,0.1634942,3.777062342805444,0.11158328269724518,0.14557817545496668,0.01431691494673752,0.76474722353045,0.012103485959375876,0.9949419901309582,0.6824907715212233
2026-09-13,495403620,9628223555,235,重点词,0.035917945,3.777062342805444,0.024519720697702273,0.04647680283693499,0.003146051516509379,0.76474722353045,0.012103485959375876,0.9951877338091268,0.6826593419445982
2026-09-13,495403620,9628223555,400,重点词,0.061664574,3.777062342805444,0.041527894634754585,0.06314769025273767,0.005328319090737212,0.76474722353045,0.012103485959375876,0.9817595964889454,0.6734481719561476
2026-09-13,495403620,9628223555,444,重点词,8.8728349,3.777062342805444,5.326124302875548,48.32894075677222,0.6833789685764772,0.76474722353045,0.012103485959375876,0.8750842636258296,0.6002731216012537
2026-09-13,495403620,9628223555,665,重点词,0.6933887,3.777062342805444,0.441799296687457,0.548556411596507,0.05668593718796316,0.76474722353045,0.012103485959375876,0.9288578100749727,0.6371596431950175
2026-09-13,495403620,9628223555,700,重点词,0.086883226,3.777062342805444,0.06872648289492113,0.11788043972376654,0.008818088036222374,0.76474722353045,0.012103485959375876,1.1531589073579795,0.7910213059413923
2026-09-13,495403620,9628223555,859,重点词,0.024931371,3.777062342805444,0.014593828278417067,0.039160964404404926,0.0018724901540699012,0.76474722353045,0.012103485959375876,0.8533438187758888,0.5853600380988702
2026-09-13,495403620,9628223555,875,重点词,0.81337917,3.777062342805444,0.6349811989969338,0.743443050228947,0.08147252526601778,0.76474722353045,0.012103485959375876,1.1380695327621002,0.780670593023588
2026-09-13,495403620,9628223555,1018,重点词,0.079716718,3.777062342805444,0.050349588743724964,0.18756994909369193,0.0064602040935019004,0.76474722353045,0.012103485959375876,0.9207622259184725,0.6316063933254874
2026-09-13,495403620,9628223555,1092,重点词,0.019030455,3.777062342805444,0.014762041332962259,0.030132544428766443,0.0018940730644901723,0.76474722353045,0.012103485959375876,1.1308323441931103,0.7757061685052857
2026-09-13,495403620,9628223555,1164,重点词,0.014387365,3.777062342805444,0.0094954422359315,0.04585005947834469,0.001218331595803165,0.76474722353045,0.012103485959375876,0.9621325582995413,0.6599848016597549
2026-09-13,495403620,9628223555,1257,重点词,0.16466662,3.777062342805444,0.11199997368325726,0.1721683207625512,0.014370379312201597,0.76474722353045,0.012103485959375876,0.9915470487068746,0.6801619762600171
2026-09-13,495403620,9628223555,1316,重点词,0.0350561,3.777062342805444,0.045473056985888195,0.015926148473815505,0.0058345109903383645,0.76474722353045,0.012103485959375876,1.891,1.2971510517681144
2026-09-13,495403620,9628223555,1318,重点词,1.0593542,3.777062342805444,0.79531911624252,0.8778204327225062,0.1020450005369821,0.76474722353045,0.012103485959375876,1.0944633050393224,0.7507584491027836
2026-09-13,495403620,9628223555,1655,重点词,0.75200965,3.777062342805444,0.4996277944343605,0.5580340150151366,0.06410573757138081,0.76474722353045,0.012103485959375876,0.9685547010650728,0.6643901370605557
2026-09-13,495403620,9628223555,1666,重点词,0.012624855,3.777062342805444,0.008479563910291331,0.023065012437719166,0.0010879873073680706,0.76474722353045,0.012103485959375876,0.979147446553067,0.6716563406305522
2026-09-13,495403620,9628223555,1676,重点词,0.2096611,3.777062342805444,0.126229278380566,0.35782705751246463,0.016196098543417685,0.76474722353045,0.012103485959375876,0.877694175185229,0.6020634174893006
2026-09-13,495403620,9628223555,1735,重点词,0.048410805,3.777062342805444,0.03797873900306386,0.0517142503823809,0.004872937620651594,0.76474722353045,0.012103485959375876,1.143666008037552,0.7845095532508468
2026-09-13,495403620,9628223555,1802,重点词,0.1687662,3.777062342805444,0.0958388416619179,0.2862181619793392,0.012296793135136885,0.76474722353045,0.012103485959375876,0.8278603085421157,0.5678793600964998
2026-09-13,495403620,9628223555,2176,重点词,0.013781745,3.777062342805444,0.00852974430556556,0.023883953104621675,0.0010944258027570624,0.76474722353045,0.012103485959375876,0.9022622336358836,0.6189161318516312
2026-09-13,495403620,9628223555,2226,重点词,0.033961325,3.777062342805444,0.026602097289412548,0.04995352266345247,0.003413234985483708,0.76474722353045,0.012103485959375876,1.1419109256882995,0.7833056363205071
2026-09-13,495403620,9628223555,2541,重点词,16.838505,3.777062342805444,15.898553826622626,46.46473791796826,2.0398955597091786,0.76474722353045,0.012103485959375876,1.3764329739739405,0.9441784663556904
2026-09-13,495403620,9628223555,2584,重点词,0.090051086,3.777062342805444,0.11577548856691579,0.08807573633882597,0.014854804256179476,0.76474722353045,0.012103485959375876,1.874254854512452,1.2856645456437448
2026-09-13,495403620,9628223555,2633,重点词,0.046756996,3.777062342805444,0.030462272428447998,0.0782279757710969,0.0039085224318571215,0.76474722353045,0.012103485959375876,0.9497661196631086,0.6515019148888007
2026-09-13,495403620,9628223555,2723,重点词,0.26403494,3.777062342805444,0.20238069999634256,0.4430955259186487,0.025966858105173605,0.76474722353045,0.012103485959375876,1.1174000054714455,0.7664921165219367
2026-09-13,495403620,9628223555,2748,重点词,0.033402291,3.777062342805444,0.024376901490154423,0.1065329783632438,0.003127726814118512,0.76474722353045,0.012103485959375876,1.0639059157312922,0.7297972911545026
2026-09-13,495403620,9628223555,2780,重点词,0.074304957,3.777062342805444,0.04774802932336068,0.1323872403974918,0.0061264058394095,0.76474722353045,0.012103485959375876,0.9367822246137627,0.6425954774909658
2026-09-13,495403620,9628223555,2843,重点词,0.11697013,3.777062342805444,0.07683993439815176,0.10890166985334143,0.00985910056326376,0.76474722353045,0.012103485959375876,0.9576636198193894,0.656919286985077
2026-09-13,495403620,9628223555,2874,重点词,4.2206613,3.777062342805444,2.0966911952059424,11.218771369841706,0.2690201326374673,0.76474722353045,0.012103485959375876,0.7241940392913709,0.49676840811792755
2026-09-13,495403620,9628223555,2993,重点词,0.017221358,3.777062342805444,0.011203205728934736,0.022601937534039836,0.00143744958630726,0.76474722353045,0.012103485959375876,0.9483658192861519,0.6505413643299638
2026-09-13,495403620,9628223555,2996,重点词,0.058054145,3.777062342805444,0.037119399547857146,0.21721338990132968,0.004762678363232615,0.76474722353045,0.012103485959375876,0.9321132590934539,0.6393927521946476
2026-09-13,495403620,9628223555,2997,重点词,0.14361743,3.777062342805444,0.08957078013634129,0.1687637275125952,0.011492557038354497,0.76474722353045,0.012103485959375876,0.9092015818871546,0.6236762497166346
2026-09-13,495403620,9628223555,3008,重点词,0.035257974,3.777062342805444,0.02943153815733882,0.10794795694288822,0.003776272021800652,0.76474722353045,0.012103485959375876,1.2169047419257089,0.8347484219410571
2026-09-13,495403620,9628223555,3165,重点词,0.041492758,3.777062342805444,0.031677784629076305,0.04538824756504174,0.004064481141553219,0.76474722353045,0.012103485959375876,1.112970044321194,0.763453338750736
2026-09-13,495403620,9628223555,3327,重点词,0.017143714,3.777062342805444,0.010674479215925155,0.04188534087428259,0.001369610279792305,0.76474722353045,0.012103485959375876,0.907700886701553,0.622646832298133
2026-09-13,495403620,9628223555,3379,重点词,0.024682911,3.777062342805444,0.01584593480479854,0.053221255943916926,0.0020331441714920026,0.76474722353045,0.012103485959375876,0.9358849517013433,0.6419799838357211
2026-09-13,495403620,9628223555,3393,重点词,0.23164202,3.777062342805444,0.12238801723696822,0.27110931087843276,0.015703237894835468,0.76474722353045,0.012103485959375876,0.7702337281389124,0.5283498099220868
2026-09-13,495403620,9628223555,3575,重点词,0.12443945,3.777062342805444,0.05889765472897654,0.18734144707602615,0.007556980695799946,0.76474722353045,0.012103485959375876,0.689986979745889,0.4733037210384371
2026-09-13,495403620,9628223555,3923,重点词,0.011475729,3.777062342805444,0.00860896603649546,0.062284526226358564,0.0011045905044600418,0.76474722353045,0.012103485959375876,1.0936332038184426,0.7501890325656401
2026-09-13,495403620,9628223555,3989,重点词,0.082348838,3.777062342805444,0.050048266950280564,0.30339217967611204,0.006421542401677983,0.76474722353045,0.012103485959375876,0.8859975988073572,0.607759236994705
2026-09-13,495403620,9628223555,4002,重点词,0.020373689,3.777062342805444,0.013029875614729965,0.04294720588531676,0.001671824097959288,0.76474722353045,0.012103485959375876,0.9323341115230808,0.639544248208067
2026-09-13,495403620,9628223555,4016,重点词,0.037796921,3.777062342805444,0.02264240046042359,0.05071989040581389,0.002905178210802524,0.76474722353045,0.012103485959375876,0.8733071602993272,0.5990540991533039
2026-09-13,495403620,9628223555,4047,重点词,0.039559431,3.777062342805444,0.02593762764304286,0.04444849420048294,0.0033279788863458536,0.76474722353045,0.012103485959375876,0.9558311760805247,0.6556623032076184
2026-09-13,495403620,9628223555,4188,重点词,1.1904632,3.777062342805444,0.5565082899911883,2.1484763161942073,0.07140390264889461,0.76474722353045,0.012103485959375876,0.6814855317304676,0.46747206464776764
2026-09-13,495403620,9628223555,4189,重点词,0.015078394,3.777062342805444,0.010274896993610382,0.022962791838324777,0.0013183410882716454,0.76474722353045,0.012103485959375876,0.9933981941489531,0.6814317886646537
2026-09-13,495403620,9628223555,4321,重点词,0.06927365,3.777062342805444,0.04558719349199976,0.19906497218105576,0.005849155501691832,0.76474722353045,0.012103485959375876,0.9593470888251421,0.6580740800001119
2026-09-13,495403620,9628223555,4560,重点词,0.011871712,3.777062342805444,0.007249623272512559,0.018305938483051377,0.0009301773283554212,0.76474722353045,0.012103485959375876,0.8902317173496243,0.6106636744988894
2026-09-13,495403620,9628223555,4634,重点词,0.29144314,3.777062342805444,0.14213798651689213,0.5789108433814785,0.018237296972023115,0.76474722353045,0.012103485959375876,0.7109798597535864,0.4877040046881603
2026-09-13,495403620,9628223555,4865,重点词,0.048131288,3.777062342805444,0.0372698650625582,0.046404347770453075,0.004781984140265874,0.76474722353045,0.012103485959375876,1.1288372016544694,0.7743375797996139
2026-09-13,495403620,9628223555,4888,重点词,0.025637928,3.777062342805444,0.017589260773948266,0.04159415882234636,0.0022568250762066977,0.76474722353045,0.012103485959375876,1.0001511550722884,0.6860640522100018
2026-09-13,495403620,9628223555,5249,重点词,0.28860915,3.777062342805444,0.13784577416779975,0.14178586032211904,0.01768657613239676,0.76474722353045,0.012103485959375876,0.696280668764194,0.4776209422597993
2026-09-13,495403620,9628223555,5436,重点词,0.013277061,3.777062342805444,0.009001875967306896,0.02331975057582383,0.0011550035943528947,0.76474722353045,0.012103485959375876,0.9883984389978062,0.6780021547921559
2026-09-13,495403620,9628223555,5702,重点词,0.017803685,3.777062342805444,0.011699850246054832,0.030907792677386827,0.0015011725485512045,0.76474722353045,0.012103485959375876,0.9580129461189884,0.6571589109813408
2026-09-13,495403620,9628223555,5705,重点词,0.10436081,3.777062342805444,0.04611761257229047,0.16873812105960445,0.0059172119764171124,0.76474722353045,0.012103485959375876,0.6442142868700049,0.4419054678886688
2026-09-13,495403620,9628223555,5911,重点词,0.022718527,3.777062342805444,0.013984293030830451,0.06902726015984545,0.0017942825221935932,0.76474722353045,0.012103485959375876,0.8973488752744284,0.6155457627525962
2026-09-13,495403620,9628223555,5964,重点词,1.3775611,3.777062342805444,0.6598534225868131,0.9618740242989113,0.08466380536698699,0.76474722353045,0.012103485959375876,0.6982928253058283,0.4790012018971885
2026-09-13,495403620,9628223555,6159,重点词,0.033503228,3.777062342805444,0.01700556596867631,0.05377112333113165,0.0021819329536599446,0.76474722353045,0.012103485959375876,0.7399551791678345,0.5075799253933474
2026-09-13,495403620,9628223555,6229,重点词,0.015016279,3.777062342805444,0.010725023489724905,0.03921129157161831,0.0013760954633390112,0.76474722353045,0.012103485959375876,1.0412065702642945,0.7142264398340564
2026-09-13,495403620,9628223555,6261,重点词,14.687668,3.777062342805444,10.582947759660199,8.454872048304738,1.3578661543048698,0.76474722353045,0.012103485959375876,1.050400166385009,0.7205328823922353
2026-09-13,495403620,9628223555,6298,重点词,1.539782,3.777062342805444,0.7637668091230156,1.5138069656694715,0.09799661903678056,0.76474722353045,0.012103485959375876,0.7231069233300781,0.49602268965542895
2026-09-13,495403620,9628223555,6360,重点词,8.3357661,3.777062342805444,4.61610651179526,11.80565592244139,0.5922787241684687,0.76474722353045,0.012103485959375876,0.8072931695439771,0.5537711179054388
2026-09-13,495403620,9628223555,6377,重点词,0.015684014,3.777062342805444,0.012717597536474829,0.15634752582601838,0.0016317566382284246,0.76474722353045,0.012103485959375876,1.1820853432534033,0.8108636944901241
2026-09-13,495403620,9628223555,6474,重点词,0.093203417,3.777062342805444,0.051732703203250664,0.12884790516257666,0.006637667344268237,0.76474722353045,0.012103485959375876,0.8091598298266673,0.5550515728758171
2026-09-13,495403620,9628223555,6500,重点词,0.090361661,3.777062342805444,0.05894585388277576,0.24456072292955564,0.007563164984062198,0.76474722353045,0.012103485959375876,0.950977046377095,0.6523325626205096
2026-09-13,495403620,9628223555,6504,重点词,0.028510742,3.777062342805444,0.018751981029408737,0.04158605426354681,0.0024060102104121774,0.76474722353045,0.012103485959375876,0.9588255795080306,0.657716345278167
2026-09-13,495403620,9628223555,6538,重点词,0.017780392,3.777062342805444,0.012690961465800392,0.0568380173495755,0.0016283390442202261,0.76474722353045,0.012103485959375876,1.0405289567275295,0.7137616238044916
2026-09-13,495403620,9628223555,6574,重点词,0.04372113,3.777062342805444,0.02959971910189973,0.12211417039155703,0.0037978508122855454,0.76474722353045,0.012103485959375876,0.9869546291069018,0.6770117584312146
2026-09-13,495403620,9628223555,6617,重点词,0.24711639,3.777062342805444,0.1653833794422271,0.21809187719815773,0.021219843329961834,0.76474722353045,0.012103485959375876,0.9756437972401659,0.6692529760661651
2026-09-13,495817671,9630806627,110,重点词,0.6532383,3.74130714408598,0.3296903867990866,0.7545244631237239,0.042301580599367415,0.7966298407084687,0.010620463912464153,0.9257197166460085,0.5047015565362388
2026-09-13,495817671,9630806627,235,重点词,0.02849413,3.74130714408598,0.01728188651211695,0.032131109119983486,0.0022173868103923166,0.7966298407084687,0.010620463912464153,1.1124502990184397,0.6065069020221692
2026-09-13,495817671,9630806627,299,重点词,0.02785658,3.74130714408598,0.017188830075810662,0.034764092140698116,0.0022054470193085714,0.7966298407084687,0.010620463912464153,1.1317835871591064,0.6170473933200221
2026-09-13,495817671,9630806627,308,重点词,0.019103496,3.74130714408598,0.013438888435779839,0.0230282673171754,0.0017243033012014487,0.7966298407084687,0.010620463912464153,1.2903138723127348,0.703477962137393
2026-09-13,495817671,9630806627,353,重点词,0.67980827,3.74130714408598,0.44847254711875095,0.43559395567474374,0.0575421618529279,0.7966298407084687,0.010620463912464153,1.210024849596695,0.6597044591981074
2026-09-13,495817671,9630806627,444,重点词,0.055545141,3.74130714408598,0.03445896659376411,0.1599033485745341,0.004421326223337308,0.7966298407084687,0.010620463912464153,1.1378920026173387,0.6203776959313887
2026-09-13,495817671,9630806627,505,重点词,0.029472321,3.74130714408598,0.01870013074145446,0.026979865994556138,0.0023993574561226357,0.7966298407084687,0.010620463912464153,1.1637914810237517,0.634498068253751
2026-09-13,495817671,9630806627,530,重点词,0.017050446,3.74130714408598,0.012701973358724234,0.02103565047389925,0.0016297519470366902,0.7966298407084687,0.010620463912464153,1.3664077717920624,0.7449642876628702
2026-09-13,495817671,9630806627,679,重点词,0.046182127,3.74130714408598,0.03737321785062421,0.02678805389348917,0.004795245025234316,0.7966298407084687,0.010620463912464153,1.48433330039289,0.8092571797445407
2026-09-13,495817671,9630806627,815,重点词,0.52906327,3.74130714408598,0.39558228636602,0.42501696502602865,0.050755971785709945,0.7966298407084687,0.010620463912464153,1.3714314165508554,0.7477031742649987
2026-09-13,495817671,9630806627,875,重点词,0.010935025,3.74130714408598,0.00589987996832304,0.01711930944975163,0.0007569958300261299,0.7966298407084687,0.010620463912464153,0.9896195482478126,0.5395396872273306
2026-09-13,495817671,9630806627,1089,重点词,0.091346934,3.74130714408598,0.057834711873816835,0.10324019071106116,0.007420597699326769,0.7966298407084687,0.010620463912464153,1.1612867498227253,0.6331324910567533
2026-09-13,495817671,9630806627,1164,重点词,0.054573855,3.74130714408598,0.03476506494772585,0.06374050397731354,0.004460600781255604,0.7966298407084687,0.010620463912464153,1.1684315681344528,0.6370278395712718
2026-09-13,495817671,9630806627,1207,重点词,0.026572273,3.74130714408598,0.016153623158208678,0.0241250348971909,0.0020726227374509108,0.7966298407084687,0.010620463912464153,1.1150288673126525,0.607912735135932
2026-09-13,495817671,9630806627,1424,重点词,0.59670346,3.74130714408598,0.40452228067001483,0.02628235129395201,0.0519030355302127,0.7966298407084687,0.010620463912464153,1.2434512423886321,0.6779284984706052
2026-09-13,495817671,9630806627,1438,重点词,0.4402113,3.74130714408598,0.21378559019953616,0.222037569976942,0.02743018521895849,0.7966298407084687,0.010620463912464153,0.890762883005918,0.48564312229044587
2026-09-13,495817671,9630806627,1486,重点词,0.016808775,3.74130714408598,0.0118118280311523,0.02025950021472722,0.001515540080912789,0.7966298407084687,0.010620463912464153,1.2889198771096488,0.7027179572070124
2026-09-13,495817671,9630806627,1590,重点词,0.029193825,3.74130714408598,0.015977770516134804,0.02693717123662004,0.002050059614563033,0.7966298407084687,0.010620463912464153,1.003852831903703,0.5472996606691588
2026-09-13,495817671,9630806627,1738,重点词,0.037387613,3.74130714408598,0.022904288460826108,0.027006945951528378,0.0029387802714042647,0.7966298407084687,0.010620463912464153,1.1236574500768048,0.6126170306947948
2026-09-13,495817671,9630806627,1785,重点词,0.010214616,3.74130714408598,0.008729549418883514,0.009609746954162043,0.0011200621950924444,0.7966298407084687,0.010620463912464153,1.567525638002388,0.8546135673512851
2026-09-13,495817671,9630806627,1817,重点词,0.026588384,3.74130714408598,0.01859591511590666,0.01820008688720702,0.0023859858630755197,0.7966298407084687,0.010620463912464153,1.2828340604023614,0.6993999754143261
2026-09-13,495817671,9630806627,1924,重点词,0.37959337,3.74130714408598,0.1683546344989389,0.17927591706848317,0.021601076117739072,0.7966298407084687,0.010620463912464153,0.8134883306459086,0.44351310587679366
2026-09-13,495817671,9630806627,1976,重点词,0.013377051,3.74130714408598,0.008230378682460342,0.008733264618028529,0.0010560151012579543,0.7966298407084687,0.010620463912464153,1.1285071226426124,0.6152610678138509
2026-09-13,495817671,9630806627,1981,重点词,0.086511218,3.74130714408598,0.05098139439223094,0.06171289935637106,0.006541269173448251,0.7966298407084687,0.010620463912464153,1.080896604997129,0.589303856434329
2026-09-13,495817671,9630806627,2019,重点词,0.20756064,3.74130714408598,0.1529081948043321,0.18851764484738984,0.019619189960673578,0.7966298407084687,0.010620463912464153,1.3512342026651407,0.7366916714283214
2026-09-13,495817671,9630806627,2438,重点词,0.15278194,3.74130714408598,0.0968455361602271,0.09984784557377424,0.012425959074346139,0.7966298407084687,0.010620463912464153,1.1626592660141783,0.6338807856493189
2026-09-13,495817671,9630806627,2533,重点词,4.4588204,3.74130714408598,3.1701771922309883,2.6601072997756314,0.40675588789053213,0.7966298407084687,0.010620463912464153,1.304092590257495,0.7109901067625394
2026-09-13,495817671,9630806627,2541,重点词,0.39585206,3.74130714408598,0.17779096995842714,0.8685608764196078,0.02281182390106909,0.7966298407084687,0.010620463912464153,0.8237997570918812,0.449134886296732
2026-09-13,495817671,9630806627,2586,重点词,0.38575483,3.74130714408598,0.15786209589101127,0.24388670104031376,0.02025481008940714,0.7966298407084687,0.010620463912464153,0.7506048419413414,0.4092290844187519
2026-09-13,495817671,9630806627,2821,重点词,0.30548332,3.74130714408598,0.17618773814753474,0.3437753599965855,0.022606118055877845,0.7966298407084687,0.010620463912464153,1.0578718190071168,0.5767507638306888
2026-09-13,495817671,9630806627,2869,重点词,0.013337923,3.74130714408598,0.008658310155029166,0.020110449987885113,0.0011109216996990777,0.7966298407084687,0.010620463912464153,1.190665589539103,0.6491498080345167
2026-09-13,495817671,9630806627,2899,重点词,0.36132076,3.74130714408598,0.2877841659186934,0.24088452044502473,0.03692471960746009,0.7966298407084687,0.010620463912464153,1.4608944851817247,0.7964783587820787
2026-09-13,495817671,9630806627,2933,重点词,0.65359275,3.74130714408598,0.42599608053138216,0.6358795186164208,0.05465827411763284,0.7966298407084687,0.010620463912464153,1.1954825651998457,0.651776018830353
2026-09-13,495817671,9630806627,2987,重点词,0.10192521,3.74130714408598,0.07605406178068272,0.0224244653695764,0.009758267614534317,0.7966298407084687,0.010620463912464153,1.3686287787355185,0.7461751786499407
2026-09-13,495817671,9630806627,3135,重点词,0.055303471,3.74130714408598,0.03186737229186892,0.05836809177413153,0.004088806563583661,0.7966298407084687,0.010620463912464153,1.0569117691471372,0.5762273455108979
2026-09-13,495817671,9630806627,3157,重点词,0.020479869,3.74130714408598,0.014507085127291774,0.014704463519135269,0.0018613604015939645,0.7966298407084687,0.010620463912464153,1.2992653449853768,0.7083582969838221
2026-09-13,495817671,9630806627,3215,重点词,0.046920949,3.74130714408598,0.02302143491559832,0.23176894345921367,0.0029538109802052974,0.7966298407084687,0.010620463912464153,0.8999336099356339,0.4906429943605428
2026-09-13,495817671,9630806627,3327,重点词,0.019400406,3.74130714408598,0.011059416854866696,0.020000882570209103,0.0014190004689255385,0.7966298407084687,0.010620463912464153,1.0456016956390028,0.5700611036112696
2026-09-13,495817671,9630806627,3412,重点词,0.017945778,3.74130714408598,0.010713244062262227,0.013489183987714648,0.0013745840804774583,0.7966298407084687,0.010620463912464153,1.0949734212490938,0.5969785239883291
2026-09-13,495817671,9630806627,3567,重点词,7.709232,3.74130714408598,3.82325499579142,7.534613011896982,0.4905503339864229,0.7966298407084687,0.010620463912464153,0.9096346994975919,0.4959320196605083
2026-09-13,495817671,9630806627,3587,重点词,0.3064569,3.74130714408598,0.16698440470265327,0.3117758992680456,0.021425266059308237,0.7966298407084687,0.010620463912464153,0.9994276908846464,0.5448870777673901
2026-09-13,495817671,9630806627,3830,重点词,0.012269968,3.74130714408598,0.012649987294824395,0.014421043203733884,0.0016230817717444908,0.7966298407084687,0.010620463912464153,1.891,1.030971498444364
2026-09-13,495817671,9630806627,3905,重点词,0.026616004,3.74130714408598,0.013072479445771966,0.04351336992404769,0.0016772904672100338,0.7966298407084687,0.010620463912464153,0.90086555985824,0.4911510926197624
2026-09-13,495817671,9630806627,4002,重点词,0.044872501,3.74130714408598,0.027164553047786255,0.06883301151341568,0.0034854019898887317,0.7966298407084687,0.010620463912464153,1.1103685630462166,0.6053719414432963
2026-09-13,495817671,9630806627,4054,重点词,0.41270457,3.74130714408598,0.17980231999400123,0.3480145785838558,0.023069894166536757,0.7966298407084687,0.010620463912464153,0.7990995438976034,0.43566835228890544
2026-09-13,495817671,9630806627,4256,重点词,0.043254458,3.74130714408598,0.01785382658794821,0.030394940171753104,0.0022907707190063346,0.7966298407084687,0.010620463912464153,0.7570861604789116,0.4127626934534288
2026-09-13,495817671,9630806627,4563,重点词,0.32907498,3.74130714408598,0.12750788829861906,0.17836436464378275,0.01636015313120472,0.7966298407084687,0.010620463912464153,0.7107012173627318,0.38747366420448937
2026-09-13,495817671,9630806627,4579,重点词,0.044453605,3.74130714408598,0.021171982152454444,0.020595878434612507,0.0027165132661760138,0.7966298407084687,0.010620463912464153,0.8735734024055075,0.4762714329345043
2026-09-13,495817671,9630806627,4652,重点词,0.044752817,3.74130714408598,0.021352274069305538,0.02469903941529668,0.0027396459790407623,0.7966298407084687,0.010620463912464153,0.8751220513668431,0.47711575495472247
2026-09-13,495817671,9630806627,4751,重点词,0.10448922,3.74130714408598,0.04208688009134163,0.07234184438344808,0.005400040831171521,0.7966298407084687,0.010620463912464153,0.7387884802767798,0.4027868146718066
2026-09-13,495817671,9630806627,4760,重点词,0.58838308,3.74130714408598,0.20448740803924334,0.5956665533657574,0.026237163469370984,0.7966298407084687,0.010620463912464153,0.6374575428864633,0.3475412787859966
2026-09-13,495817671,9630806627,4828,重点词,0.036738555,3.74130714408598,0.014983500604958844,0.027340956245936573,0.0019224878367096296,0.7966298407084687,0.010620463912464153,0.7480594070639796,0.4078413156140421
2026-09-13,495817671,9630806627,4832,重点词,0.039461379,3.74130714408598,0.01823281230759685,0.04329968007050093,0.0023393972353005325,0.7966298407084687,0.010620463912464153,0.8474737850773004,0.4620419450520685
2026-09-13,495817671,9630806627,4887,重点词,0.038448663,3.74130714408598,0.029142093832628276,0.03699582416631134,0.0037391342922185214,0.7966298407084687,0.010620463912464153,1.3902227124752877,0.7579481718942548
2026-09-13,495817671,9630806627,4927,重点词,0.034540502,3.74130714408598,0.013322168931304926,0.01736743507429515,0.0017093273731072136,0.7966298407084687,0.010620463912464153,0.7074425229919326,0.38569702696576114
2026-09-13,495817671,9630806627,4995,重点词,0.041977056,3.74130714408598,0.025566090239127728,0.010628772295515457,0.0032803080410112777,0.7966298407084687,0.010620463912464153,1.1171132690992538,0.609049149114405
2026-09-13,495817671,9630806627,5210,重点词,2.8542326,3.74130714408598,1.4440811580795163,2.7909259032515115,0.18528570424394838,0.7966298407084687,0.010620463912464153,0.9279981467464091,0.5059437545768051
2026-09-13,495817671,9630806627,5304,重点词,0.06904648,3.74130714408598,0.026835017075211316,0.12102926259430866,0.003443120221713414,0.7966298407084687,0.010620463912464153,0.7128615695842125,0.3886514862917171
2026-09-13,495817671,9630806627,5345,重点词,0.0322734,3.74130714408598,0.01392315957025777,0.03281971215921171,0.0017864386719835795,0.7966298407084687,0.010620463912464153,0.7912941398171253,0.431412853007671
2026-09-13,495817671,9630806627,5493,重点词,1.4311189,3.74130714408598,0.7764561045400727,0.6441690181353336,0.09962474431530419,0.7966298407084687,0.010620463912464153,0.9951443030421896,0.5425517785699516
2026-09-13,495817671,9630806627,5621,重点词,0.04618673,3.74130714408598,0.03457837969161759,0.03403359290015842,0.004436647758285633,0.7966298407084687,0.010620463912464153,1.3731952514198682,0.7486648154484543
2026-09-13,495817671,9630806627,5626,重点词,0.38258319,3.74130714408598,0.20909575794000457,0.1617087746198431,0.026828446966138318,0.7966298407084687,0.010620463912464153,1.002453433534603,0.546536709937529
2026-09-13,495817671,9630806627,5630,重点词,1.1811093,3.74130714408598,0.9145775526320492,0.7402441137145005,0.11734669133866299,0.7966298407084687,0.010620463912464153,1.4202844046814733,0.7743377794350187
2026-09-13,495817671,9630806627,5783,重点词,0.039304868,3.74130714408598,0.022402812690994995,0.025155771660521874,0.0028744374256752868,0.7966298407084687,0.010620463912464153,1.04544472416441,0.5699755229045673
2026-09-13,495817671,9630806627,6119,重点词,0.23190954,3.74130714408598,0.08053514213849605,0.08843421337143202,0.010333221539544569,0.7966298407084687,0.010620463912464153,0.636959302503616,0.3472696385775939
2026-09-13,495817671,9630806627,6133,重点词,0.017572915,3.74130714408598,0.008876440707050012,0.020408521163456567,0.0011389093738835769,0.7966298407084687,0.010620463912464153,0.9264882539024377,0.5051205623569004
2026-09-13,495817671,9630806627,6159,重点词,0.67935255,3.74130714408598,0.37673357462645723,0.2956829337505476,0.04833755034920245,0.7966298407084687,0.010620463912464153,1.017147617375342,0.5545479657454104
2026-09-13,495817671,9630806627,6256,重点词,0.029311208,3.74130714408598,0.012333079290484448,0.017961132902687024,0.0015824202601416656,0.7966298407084687,0.010620463912464153,0.7717607292644737,0.4207632551508777
2026-09-13,495817671,9630806627,6261,重点词,0.031458625,3.74130714408598,0.01359913862869776,0.02461457823917698,0.0017448645208281305,0.7966298407084687,0.010620463912464153,0.7928965608282832,0.43228649150106724
2026-09-13,495817671,9630806627,6360,重点词,7.3617417,3.74130714408598,3.9964252490973626,7.887807013005982,0.5127692876500561,0.7966298407084687,0.010620463912464153,0.9957171523110093,0.5428640954758522
2026-09-13,495817671,9630806627,6463,重点词,0.029251365,3.74130714408598,0.010430000756629944,0.06810451176526003,0.0013382419849776073,0.7966298407084687,0.010620463912464153,0.6540080177118017,0.3565645827683578
2026-09-13,495817671,9630806627,6486,重点词,0.042824054,3.74130714408598,0.017445607428916394,0.08511256768932336,0.0022383933481474336,0.7966298407084687,0.010620463912464153,0.747210880274413,0.40737869957189
2026-09-13,495817671,9630806627,6489,重点词,0.35502121,3.74130714408598,0.1522559036942316,0.1616147569107292,0.01953549645284624,0.7966298407084687,0.010620463912464153,0.7866195052217215,0.42886424643257676
2026-09-13,495817671,9630806627,6504,重点词,0.06204033,3.74130714408598,0.030647027042864438,0.0477498910937581,0.003932227740006141,0.7966298407084687,0.010620463912464153,0.906064514752625,0.4939855581500685
2026-09-13,495817671,9630806627,6510,重点词,0.010387238,3.74130714408598,0.00564330005661964,0.026235163572991133,0.0007240748342989653,0.7966298407084687,0.010620463912464153,0.9965014374569154,0.5432916870316864
2026-09-13,500635396,9657930100,797,重点词,54.928743,3.159130064760483,21.284936890274764,52.56075514821324,2.7310061483991723,2.567029578580435,0.032777027007345715,1.001956677626139,0.3875008916602145
2026-09-13,500635396,9657930100,844,重点词,252.41118,3.159130064760483,94.57416681070177,289.5499231304547,12.134526513807359,2.567029578580435,0.032777027007345715,0.9688134837552538,0.3746829550525526
2026-09-13,500635396,9657930100,998,黄金词,0.019184049,3.159130064760483,0.007197287393510435,0.016890561854329817,0.0009234622693409883,2.567029578580435,0.032777027007345715,0.9700738722722264,0.3751704029483262
2026-09-13,500635396,9657930100,1934,重点词,30.69962,3.159130064760483,12.969680923860912,27.201602443526454,1.6641006984626474,2.567029578580435,0.032777027007345715,1.092376955639565,0.4224704059483769
2026-09-13,500635396,9657930100,2253,重点词,0.46542743,3.159130064760483,0.1688369091472598,0.3864973990503439,0.021662955325395226,2.567029578580435,0.032777027007345715,0.9379758483131294,0.3627566796981858
2026-09-13,500635396,9657930100,2533,重点词,1031.9819,3.159130064760483,354.390784263795,932.2038610072365,45.470814207705885,2.567029578580435,0.032777027007345715,0.8879460453766986,0.34340794568567046
2026-09-13,500635396,9657930100,2818,重点词,92.089168,3.159130064760483,37.85730544580934,69.76688126963164,4.857356846642553,2.567029578580435,0.032777027007345715,1.0629611398359828,0.4110940110329733
2026-09-13,500635396,9657930100,2832,重点词,1084.8092,3.159130064760483,425.1344209226099,982.768943972415,54.54771716829749,2.567029578580435,0.032777027007345715,1.013325909349506,0.39189787561039297
2026-09-13,500635396,9657930100,2874,重点词,684.50979,3.159130064760483,245.1757243698382,687.5764065434068,31.457758796465264,2.567029578580435,0.032777027007345715,0.9261344538790008,0.3581770895779858
2026-09-13,500635396,9657930100,2992,重点词,0.069484492,3.159130064760483,0.02414229558162552,0.12317214787990269,0.0030976252365594093,2.567029578580435,0.032777027007345715,0.8983941471225254,0.34744868799825895
2026-09-13,500635396,9657930100,3366,重点词,3.3852264,3.159130064760483,1.3406787484992209,3.8978533510235875,0.1720184524884544,2.567029578580435,0.032777027007345715,1.0240313301240347,0.3960381345540791
2026-09-13,500635396,9657930100,3408,重点词,85.413251,3.159130064760483,35.856361424566934,68.66017766140307,4.600621745533919,2.567029578580435,0.032777027007345715,1.0854684437023945,0.41979857931607045
2026-09-13,500635396,9657930100,3567,重点词,255.916,3.159130064760483,97.56116866582353,189.5116591413613,12.51777972586384,2.567029578580435,0.032777027007345715,0.9857250487838423,0.3812234040303206
2026-09-13,500635396,9657930100,3587,黄金词,0.046344969,3.159130064760483,0.021778313489754574,0.04530069613354551,0.0027943098139727018,2.567029578580435,0.032777027007345715,1.21506045546441,0.46991753279098264
2026-09-13,500635396,9657930100,4196,重点词,4.3349357,3.159130064760483,1.8473358858982827,2.982016590086731,0.2370261038853151,2.567029578580435,0.032777027007345715,1.1018930521121153,0.4261507006662827
2026-09-13,500635396,9657930100,4536,重点词,317.242,3.159130064760483,128.32073304644433,287.1501490259762,16.464446792748017,2.567029578580435,0.032777027007345715,1.0458812820672614,0.4044884758211218
2026-09-13,500635396,9657930100,5166,潜力词,0.025578731,3.159130064760483,0.009218605151892805,0.019585602403655908,0.0011828114633023253,2.567029578580435,0.032777027007345715,0.9318852913589886,0.3604011923770888
2026-09-13,500635396,9657930100,5331,重点词,27.427586,3.159130064760483,11.420906679134367,21.213191850728006,1.4653821395759137,2.567029578580435,0.032777027007345715,1.076686419583993,0.41640218279269514
2026-09-13,500635396,9657930100,5337,重点词,4.793507,3.159130064760483,1.6757943124937622,4.559168255973472,0.21501612123472685,2.567029578580435,0.032777027007345715,0.9039482827264674,0.34959671749592985
2026-09-13,500635396,9657930100,5553,重点词,473.32968,3.159130064760483,240.10750046557703,468.4914554503068,30.807470251314577,2.567029578580435,0.032777027007345715,1.3116507953767684,0.5072732824731739
2026-09-13,500635396,9657930100,5573,重点词,70.253898,3.159130064760483,43.88761720908846,43.7218954709631,5.631087987457157,2.567029578580435,0.032777027007345715,1.6152799945759921,0.6247001014675151
2026-09-13,500635396,9657930100,5867,重点词,162.26389,3.159130064760483,74.88255291251829,69.21038068120062,9.607954839901518,2.567029578580435,0.032777027007345715,1.1932597637810134,0.4614862426416517
2026-09-13,500635396,9657930100,5874,重点词,0.12288339,3.159130064760483,0.0750559039690643,0.19795033889690092,0.009630196991884358,2.567029578580435,0.032777027007345715,1.579311922628432,0.6107896597665827
2026-09-13,500635396,9657930100,6001,重点词,1.2049692,3.159130064760483,0.4381927015645832,1.4539187230510142,0.05622318582975475,2.567029578580435,0.032777027007345715,0.940297824862026,0.36365469056352906
2026-09-13,500635396,9657930100,6023,重点词,2.2689917,3.159130064760483,0.8670307229763348,1.6463707303096091,0.11124610082265475,2.567029578580435,0.032777027007345715,0.988047485933234,0.3821215930302146
2026-09-13,500635396,9657930100,6133,潜力词,0.01371231,3.159130064760483,0.005937767157354103,0.011947476143570319,0.0007618570211455957,2.567029578580435,0.032777027007345715,1.1196667413858628,0.43302457115935267
2026-09-13,500635396,9657930100,6434,重点词,0.59160705,3.159130064760483,0.2529879456520245,0.4177459446221074,0.032460121381061594,2.567029578580435,0.032777027007345715,1.1057137889825142,0.4276283483302379
2026-09-13,500635396,9657930100,6452,潜力词,0.036851832,3.159130064760483,0.01721601803191699,0.02929525268195221,0.0022089354240744184,2.567029578580435,0.032777027007345715,1.2079525197166023,0.46716858016494234
2026-09-13,500635396,9657930100,6660,重点词,28.673099,3.159130064760483,13.374070284432245,26.16682650486051,1.7159866794153147,2.567029578580435,0.032777027007345715,1.206049699607886,0.46643267560413487
2026-09-13,525368335,9811363528,33,重点词,0.059680765,4.017135163305154,0.025175012431207705,0.048536925032231296,0.003230130025288805,0.6333110010555121,0.0026670902267592824,0.8751705432450124,0.42182791107331996
2026-09-13,525368335,9811363528,181,重点词,0.053820394,4.017135163305154,0.02019817989690079,0.029419306364571376,0.0025915676315729284,0.6333110010555121,0.0026670902267592824,0.7786149576725473,0.3752885922184217
2026-09-13,525368335,9811363528,709,重点词,0.44366682,4.017135163305154,0.40438133378405344,0.04761904831202953,0.05188495105976571,0.6333110010555121,0.0026670902267592824,1.891,0.911452728838396
2026-09-13,525368335,9811363528,926,重点词,0.4381709,4.017135163305154,0.17669988988504284,0.03653039089162491,0.02267183070286657,0.6333110010555121,0.0026670902267592824,0.8366621582861993,0.40326705832140575
2026-09-13,525368335,9811363528,937,重点词,0.093242043,4.017135163305154,0.04156600832746214,0.034547311217384045,0.005333209343861246,0.6333110010555121,0.0026670902267592824,0.9248768711008415,0.44578611740051793
2026-09-13,525368335,9811363528,1308,重点词,0.014587474,4.017135163305154,0.009820063572222064,0.01262971616464416,0.0012599827817982784,0.6333110010555121,0.0026670902267592824,1.3966628569801176,0.6731846495302795
2026-09-13,525368335,9811363528,1318,重点词,0.077834572,4.017135163305154,0.05352438222378116,0.053320771943859924,0.006867552283380379,0.6333110010555121,0.0026670902267592824,1.426712614244952,0.6876684852045073
2026-09-13,525368335,9811363528,1353,重点词,0.037065787,4.017135163305154,0.02369208441065931,0.11764095509771469,0.00303985999711684,0.6333110010555121,0.0026670902267592824,1.3261340459586357,0.6391901084053419
2026-09-13,525368335,9811363528,1575,重点词,0.010903999,4.017135163305154,0.007709301622967339,0.003055189013871809,0.0009891572730857995,0.6333110010555121,0.0026670902267592824,1.4668530692341917,0.7070159877094028
2026-09-13,525368335,9811363528,1672,重点词,0.21555165,4.017135163305154,0.19646513959811884,0.029950951824603608,0.025207850366411776,0.6333110010555121,0.0026670902267592824,1.891,0.911452728838396
2026-09-13,525368335,9811363528,1719,重点词,0.016055008,4.017135163305154,0.012456647412214555,0.018352068066448252,0.001598274913689887,0.6333110010555121,0.0026670902267592824,1.609711418907802,0.775873011848674
2026-09-13,525368335,9811363528,1916,重点词,0.47425074,4.017135163305154,0.2452158142919084,0.34967521352567965,0.03146290261362699,0.6333110010555121,0.0026670902267592824,1.0727483051983662,0.5170594236540536
2026-09-13,525368335,9811363528,1952,重点词,7.6651858,4.017135163305154,5.890407456722652,6.461530518474364,0.7557804405911129,0.6333110010555121,0.0026670902267592824,1.5943366521034565,0.7684624496281163
2026-09-13,525368335,9811363528,2078,重点词,0.041637591,4.017135163305154,0.02596885990918884,0.027029224419177555,0.0033319862043526115,0.6333110010555121,0.0026670902267592824,1.2939713718805168,0.6236878571862824
2026-09-13,525368335,9811363528,2206,重点词,0.010415906,4.017135163305154,0.007885728353234507,0.011445493803869408,0.0010117940555007731,0.6333110010555121,0.0026670902267592824,1.5707321748108372,0.7570852073006906
2026-09-13,525368335,9811363528,2354,重点词,0.019666896,4.017135163305154,0.012553564733582361,0.018644393628310586,0.0016107100833080215,0.6333110010555121,0.0026670902267592824,1.3243068471196315,0.6383094075233001
2026-09-13,525368335,9811363528,2557,重点词,0.04103561,4.017135163305154,0.03020794744418845,0.03311688662279559,0.0038758907590790963,0.6333110010555121,0.0026670902267592824,1.527276617171065,0.7361398415714656
2026-09-13,525368335,9811363528,2624,重点词,0.014268587,4.017135163305154,0.009242714000620652,0.012090599488140043,0.0011859047970738084,0.6333110010555121,0.0026670902267592824,1.343927765302868,0.6477665938905269
2026-09-13,525368335,9811363528,2633,重点词,0.28557348,4.017135163305154,0.17749350899969665,0.29902570290478053,0.022773657581319613,0.6333110010555121,0.0026670902267592824,1.2895018834602299,0.6215335856806334
2026-09-13,525368335,9811363528,2742,重点词,0.71648156,4.017135163305154,0.6530390730243909,0.4399630052879926,0.08378947669745641,0.6333110010555121,0.0026670902267592824,1.891,0.911452728838396
2026-09-13,525368335,9811363528,2806,重点词,0.014743664,4.017135163305154,0.009386390643336172,0.01282006863301142,0.001204339514388696,0.6333110010555121,0.0026670902267592824,1.3208411147999228,0.6366389415369322
2026-09-13,525368335,9811363528,2807,重点词,0.041692909,4.017135163305154,0.03011881794793989,0.04831182688861444,0.0038644548218473656,0.6333110010555121,0.0026670902267592824,1.4987634894003856,0.7223966537796604
2026-09-13,525368335,9811363528,2843,重点词,1.3419565,4.017135163305154,1.0926016972912733,1.1155068303410363,0.14018843318333749,0.6333110010555121,0.0026670902267592824,1.6891989853942686,0.8141856291849052
2026-09-13,525368335,9811363528,2914,重点词,1.5043158,4.017135163305154,1.1596344616773426,0.7077211778874337,0.14878920529867284,0.6333110010555121,0.0026670902267592824,1.599335125075812,0.7708716890943661
2026-09-13,525368335,9811363528,2919,重点词,0.029474313,4.017135163305154,0.021485350677752434,0.021678031877609968,0.0027567206378828393,0.6333110010555121,0.0026670902267592824,1.5123633164372785,0.7289517037344495
2026-09-13,525368335,9811363528,2961,重点词,1.0232188,4.017135163305154,0.8290588575228319,1.0724309466192679,0.10637404512644622,0.6333110010555121,0.0026670902267592824,1.6810252308435965,0.8102459195656216
2026-09-13,525368335,9811363528,2978,重点词,0.87816401,4.017135163305154,0.8004049832821685,1.0937419773898787,0.10269755281969836,0.6333110010555121,0.0026670902267592824,1.891,0.911452728838396
2026-09-13,525368335,9811363528,3073,重点词,0.012628594,4.017135163305154,0.007676093858114271,0.019640509857227133,0.0009848964847895578,0.6333110010555121,0.0026670902267592824,1.2610800475156214,0.6078344001014104
2026-09-13,525368335,9811363528,3078,重点词,0.010744555,4.017135163305154,0.006402617182078344,0.011251709396418785,0.0008215005278259212,0.6333110010555121,0.0026670902267592824,1.236307437045944,0.5958941233097457
2026-09-13,525368335,9811363528,3202,重点词,0.010487493,4.017135163305154,0.006095564475127535,0.022644561383431943,0.0007821035197498289,0.6333110010555121,0.0026670902267592824,1.2058675951711122,0.5812222687659991
2026-09-13,525368335,9811363528,3313,重点词,0.011763043,4.017135163305154,0.008337135645274172,0.019293497710456603,0.0010697127656359119,0.6333110010555121,0.0026670902267592824,1.4704645610646967,0.7087567090653474
2026-09-13,525368335,9811363528,3575,重点词,0.054650152,4.017135163305154,0.02337979934061728,0.0627473432507972,0.002999791640290857,0.6333110010555121,0.0026670902267592824,0.8875785222789387,0.42780849613405064
2026-09-13,525368335,9811363528,3597,重点词,0.014580967,4.017135163305154,0.01017859113156314,0.013115262185096403,0.001305984373157396,0.6333110010555121,0.0026670902267592824,1.448300636699136,0.6980738061860464
2026-09-13,525368335,9811363528,4091,重点词,0.014574459,4.017135163305154,0.011738733874396626,0.05674085844836385,0.001506161589797647,0.6333110010555121,0.0026670902267592824,1.671037489894126,0.8054318773956979
2026-09-13,525368335,9811363528,4212,重点词,0.012104708,4.017135163305154,0.006932913736984121,0.016789027616878144,0.000889541281688071,0.6333110010555121,0.0026670902267592824,1.1882801936820373,0.5727452274754683
2026-09-13,525368335,9811363528,4437,重点词,0.042102907,4.017135163305154,0.022621064500214907,0.05457561637212884,0.002902440658005807,0.6333110010555121,0.0026670902267592824,1.1147008559181186,0.537280347416745
2026-09-13,525368335,9811363528,4606,重点词,0.047514232,4.017135163305154,0.01890285755394677,0.033327453558499635,0.0024253687228797775,0.6333110010555121,0.0026670902267592824,0.8253936569462832,0.3978356959225768
2026-09-13,525368335,9811363528,4662,重点词,0.020285147,4.017135163305154,0.011475112640933018,0.0319709660484224,0.0014723371432818276,0.6333110010555121,0.0026670902267592824,1.173643444682932,0.5656903862186957
2026-09-13,525368335,9811363528,4718,重点词,0.84429035,4.017135163305154,0.3190207809673149,0.5576150455710889,0.04093259560881864,0.6333110010555121,0.0026670902267592824,0.7839430743375886,0.37785671832837475
2026-09-13,525368335,9811363528,4760,重点词,0.017356589,4.017135163305154,0.009659093294735353,0.026164542871603098,0.0012393291702892592,0.6333110010555121,0.0026670902267592824,1.1545941708153964,0.556508729608989
2026-09-13,525368335,9811363528,4938,重点词,0.011997327,4.017135163305154,0.008064192093982436,0.019660223967081728,0.0010346922005956547,0.6333110010555121,0.0026670902267592824,1.3945489002462796,0.6721657327488395
2026-09-13,525368335,9811363528,4969,重点词,3.0436734,4.017135163305154,1.3654242678681432,1.6633529777768472,0.1751934755524286,0.6333110010555121,0.0026670902267592824,0.9307369333357346,0.44861063866712614
2026-09-13,525368335,9811363528,5045,重点词,3.1693021,4.017135163305154,1.2682160326949705,1.9962739322257659,0.16272097966007454,0.6333110010555121,0.0026670902267592824,0.8302081264218699,0.40015624660551313
2026-09-13,525368335,9811363528,5070,重点词,1.3798553,4.017135163305154,0.6479166495852539,1.2610055600394103,0.08313223397321892,0.6333110010555121,0.0026670902267592824,0.9741884437725357,0.46955405366436165
2026-09-13,525368335,9811363528,5260,重点词,0.10099296,4.017135163305154,0.07263468242108771,0.19054203873638267,0.009319537347073203,0.6333110010555121,0.0026670902267592824,1.4921425682553897,0.7192054022487083
2026-09-13,525368335,9811363528,5460,重点词,3.0173034,4.017135163305154,1.094712944511686,2.3971695202811687,0.14045932095573074,0.6333110010555121,0.0026670902267592824,0.7527290042337162,0.3628116895741032
2026-09-13,525368335,9811363528,5596,重点词,0.34211418,4.017135163305154,0.22209926886787432,0.38332691588786716,0.02849688829052928,0.6333110010555121,0.0026670902267592824,1.3468940455100942,0.6491963264073835
2026-09-13,525368335,9811363528,5771,重点词,0.053937536,4.017135163305154,0.029557029845470158,0.03824171915647249,0.0037923734823605967,0.6333110010555121,0.0026670902267592824,1.1369125656414267,0.547986282604199
2026-09-13,525368335,9811363528,5891,重点词,0.036672058,4.017135163305154,0.02398371313646517,0.0367931206341178,0.0030772780006247343,0.6333110010555121,0.0026670902267592824,1.3568708657020512,0.6540051048257278
2026-09-13,525368335,9811363528,6246,重点词,0.017369605,4.017135163305154,0.0059670745464824974,0.011278551601947795,0.000765617363979393,0.6333110010555121,0.0026670902267592824,0.7127363366213597,0.34353541986029607
2026-09-13,525368335,9811363528,6343,重点词,0.013087402,4.017135163305154,0.004743651867732476,0.012842001793776911,0.0006086436846595403,0.6333110010555121,0.0026670902267592824,0.7519981041800892,0.36245939933169896
2026-09-13,525368335,9811363528,6490,重点词,0.054038409,4.017135163305154,0.03593846587209924,0.032411584290624136,0.004611156319922256,0.6333110010555121,0.0026670902267592824,1.3797943410857956,0.6650541075718799
2026-09-13,525368335,9811363528,6522,重点词,10.165992,4.017135163305154,3.9096851709010565,11.866079466484932,0.5016399294523829,0.6333110010555121,0.0026670902267592824,0.7979017227603115,0.3845847184319107
2026-09-13,525368335,9811363528,6607,重点词,0.87040984,4.017135163305154,0.45566445245251974,0.5840301624675356,0.058464933566392624,0.6333110010555121,0.0026670902267592824,1.086122315241516,0.5235056309249901
2026-09-14,63563817,1841014603,9,重点词,6.855,3.54657684304324,5.191394357654809,15.474506021264736,0.6660921750723141,1.0530936225231926,0.03150044406142856,1.0658426018017386,0.7573150047636482
2026-09-14,63563817,1841014603,726,重点词,1.4811553,3.54657684304324,0.8651076921523361,1.6881200902413054,0.11099936252923273,1.0530936225231926,0.03150044406142856,0.8220270143745364,0.5840762897397296
2026-09-14,63563817,1841014603,1186,潜力词,0.010485122,3.54657684304324,0.0072212496860604635,0.020092533408533963,0.0009265367989306798,1.0530936225231926,0.03150044406142856,0.969293693243545,0.6887139401964483
2026-09-14,63563817,1841014603,1567,重点词,0.21860601,3.54657684304324,0.1381046616193388,0.45013993734660096,0.0177197932016106,1.0530936225231926,0.03150044406142856,0.8891248612676318,0.6317514400420134
2026-09-14,63563817,1841014603,1667,重点词,0.51599687,3.54657684304324,0.2913200702602835,0.6542321065307491,0.0373784008444219,1.0530936225231926,0.03150044406142856,0.7945840667332882,0.5645772042382418
2026-09-14,63563817,1841014603,2123,潜力词,0.037020096,3.54657684304324,0.02377531422343362,0.0562864567358653,0.003050538963730107,1.0530936225231926,0.03150044406142856,0.9038684725554073,0.642227243911891
2026-09-14,63563817,1841014603,2478,重点词,0.28702289,3.54657684304324,0.16931848892428394,0.9750782913790719,0.02172474537620804,1.0530936225231926,0.03150044406142856,0.8302413592923759,0.5899128425760188
2026-09-14,63563817,1841014603,2505,黄金词,0.036024302,3.54657684304324,0.022192116023289472,0.06888823368392773,0.002847403570798606,1.0530936225231926,0.03150044406142856,0.8670011088598055,0.6160318116167656
2026-09-14,63563817,1841014603,2570,重点词,0.060567688,3.54657684304324,0.04064446936518105,0.13830434972103142,0.00521496945501624,1.0530936225231926,0.03150044406142856,0.94444566027948,0.6710586239511247
2026-09-14,63563817,1841014603,2889,潜力词,0.011070883,3.54657684304324,0.007587570301240185,0.021111790395720163,0.0009735382938140537,1.0530936225231926,0.03150044406142856,0.9645771737134592,0.68536270333994
2026-09-14,63563817,1841014603,2892,重点词,0.18023866,3.54657684304324,0.11250079517470644,0.3376830785927187,0.014434638209441885,1.0530936225231926,0.03150044406142856,0.878464378369316,0.6241768285156273
2026-09-14,63563817,1841014603,2985,重点词,0.66794328,3.54657684304324,0.4257154621051568,1.1337457223149803,0.05462226881250433,1.0530936225231926,0.03150044406142856,0.8970080750566706,0.6373527136992183
2026-09-14,63563817,1841014603,3169,潜力词,0.033154073,3.54657684304324,0.02276750319044955,0.05320340479577833,0.0029212297653193955,1.0530936225231926,0.03150044406142856,0.9664848042125128,0.6867181353690556
2026-09-14,63563817,1841014603,3304,潜力词,0.044986445,3.54657684304324,0.03018273326968301,0.06974941734081624,0.0038726556042860075,1.0530936225231926,0.03150044406142856,0.944263938516175,0.670929504869367
2026-09-14,63563817,1841014603,3501,重点词,0.07901916,3.54657684304324,0.050922758050026905,0.203823940218881,0.006533745720975529,1.0530936225231926,0.03150044406142856,0.9069764745982065,0.6444355780297703
2026-09-14,63563817,1841014603,4048,黄金词,0.016459884,3.54657684304324,0.011458659585285627,0.053903551276552816,0.0014702261012634926,1.0530936225231926,0.03150044406142856,0.9797686988866456,0.6961567642448528
2026-09-14,63563817,1841014603,4186,黄金词,0.018568624,3.54657684304324,0.01272375646633775,0.034407276714303194,0.0016325468719702442,1.0530936225231926,0.03150044406142856,0.9643887584058626,0.68522882828247
2026-09-14,63563817,1841014603,4713,黄金词,0.042116217,3.54657684304324,0.02752144157592305,0.07348628521217138,0.0035311932820903096,1.0530936225231926,0.03150044406142856,0.9196833779538147,0.6534642362566194
2026-09-14,63563817,1841014603,4827,重点词,0.082826607,3.54657684304324,0.05110434856415686,0.12619966722482545,0.006557045052946134,1.0530936225231926,0.03150044406142856,0.8683693760874969,0.6170040089189801
2026-09-14,63563817,1841014603,4868,潜力词,0.036258606,3.54657684304324,0.023381185757866317,0.05747894645363069,0.0029999695273125984,1.0530936225231926,0.03150044406142856,0.9075528866910005,0.6448451371204486
2026-09-14,63563817,1841014603,5134,重点词,0.40353076,3.54657684304324,0.26435400830389494,0.6563615454658401,0.03391846664867341,1.0530936225231926,0.03150044406142856,0.9219890599811319,0.6551024965330894
2026-09-14,63563817,1841014603,5267,黄金词,0.01968157,3.54657684304324,0.013378332222500438,0.03751519797874022,0.0017165335158531362,1.0530936225231926,0.03150044406142856,0.9566625006040138,0.6797390768368803
2026-09-14,63563817,1841014603,5307,重点词,0.51652406,3.54657684304324,0.2756991632659451,0.42038713364723146,0.03537412931357223,1.0530936225231926,0.03150044406142856,0.751210077590017,0.5337586080035558
2026-09-14,63563817,1841014603,5374,重点词,0.22446362,3.54657684304324,0.146579911653304,0.24591694481941004,0.0188072270084994,1.0530936225231926,0.03150044406142856,0.9190624156893463,0.6530230228546791
2026-09-14,63563817,1841014603,5418,重点词,0.098407849,3.54657684304324,0.06296185559330042,0.17853799526864836,0.008078446068519426,1.0530936225231926,0.03150044406142856,0.9004597258442956,0.6398052211597514
2026-09-14,63563817,1841014603,5592,潜力词,0.041647608,3.54657684304324,0.027280716083577027,0.06147654780877169,0.0035003065191620258,1.0530936225231926,0.03150044406142856,0.9218966060511322,0.655036805080787
2026-09-14,63563817,1841014603,6083,重点词,0.74368218,3.54657684304324,0.45621724255443447,1.6458675722810672,0.058535860399527524,1.0530936225231926,0.03150044406142856,0.8633777126508505,0.6134572735821564
2026-09-14,63563817,1841014603,6149,重点词,1.07411,3.54657684304324,0.6268081322058195,3.8028852918849623,0.08042386368093182,1.0530936225231926,0.03150044406142856,0.821301045862953,0.5835604660656912
2026-09-14,63563817,1841014603,6352,重点词,0.35772425,3.54657684304324,0.22033553337663356,1.0267723983589678,0.028270588701502584,1.0530936225231926,0.03150044406142856,0.866867403792291,0.6159368099217024
2026-09-14,63563817,1841014603,6414,潜力词,0.010426546,3.54657684304324,0.007184440821807146,0.019990115770743704,0.0009218139644158483,1.0530936225231926,0.03150044406142856,0.9697706177285486,0.6890528101834631
2026-09-14,63563817,2874903000,193,潜力词,0.037082196,3.6654426853877,0.024045117603659405,0.023368112920872635,0.0030851566228781674,1.1393083460789166,0.019636684321548407,1.086220855326685,0.6484275527711305
2026-09-14,63563817,2874903000,431,重点词,0.93450204,3.6654426853877,0.5812247830965004,0.9666222707198454,0.07457520144040358,1.1393083460789166,0.019636684321548407,1.0418868262677319,0.6219620270668433
2026-09-14,63563817,2874903000,648,潜力词,0.04445257,3.6654426853877,0.026394716975179002,0.025589627993642873,0.003386626641933132,1.1393083460789166,0.019636684321548407,0.9946649429695866,0.5937725754704172
2026-09-14,63563817,2874903000,1490,潜力词,0.01443365,3.6654426853877,0.008412809610804553,0.009005424012974482,0.0010794222642453086,1.1393083460789166,0.019636684321548407,0.9763860528201402,0.5828608571501008
2026-09-14,63563817,2874903000,1812,潜力词,0.056199104,3.6654426853877,0.031718593655715305,0.030751116327352515,0.00406971722485644,1.1393083460789166,0.019636684321548407,0.9454557516338606,0.564396785680343
2026-09-14,63563817,2874903000,2249,潜力词,0.033243459,3.6654426853877,0.019766176393188152,0.02090538598314181,0.0025361385630795065,1.1393083460789166,0.019636684321548407,0.996031646093348,0.5945884389824823
2026-09-14,63563817,2874903000,2275,重点词,2.02716,3.6654426853877,1.1875796437780644,1.1979013356963928,0.1523747674513178,1.1393083460789166,0.019636684321548407,0.9813668713921166,0.5858341935407488
2026-09-14,63563817,2874903000,2561,重点词,3.0938682,3.6654426853877,1.832047980758229,1.6268711410150145,0.2350645588194847,1.1393083460789166,0.019636684321548407,0.9919544072938071,0.5921545012028079
2026-09-14,63563817,2874903000,2574,潜力词,0.035469926,3.6654426853877,0.01967207147438221,0.01895202883844519,0.002524064244363952,1.1393083460789166,0.019636684321548407,0.9290658304467183,0.5546127013172288
2026-09-14,63563817,2874903000,2596,潜力词,0.011285886,3.6654426853877,0.006716180614877926,0.007189281225028369,0.0008617329075272714,1.1393083460789166,0.019636684321548407,0.996881150580503,0.5950955569529877
2026-09-14,63563817,2874903000,2669,潜力词,0.056352654,3.6654426853877,0.036407670306235144,0.04280080191226315,0.004671358527759987,1.1393083460789166,0.019636684321548407,1.0822689321574908,0.6460684230814603
2026-09-14,63563817,2874903000,2797,潜力词,0.04153513,3.6654426853877,0.025008429025944898,0.02424562445890786,0.0032087562102599302,1.1393083460789166,0.019636684321548407,1.008619855985804,0.6021030637425451
2026-09-14,63563817,2874903000,3163,重点词,3.792,3.6654426853877,2.177031682924914,1.904286660911146,0.27932837865468474,1.1393083460789166,0.019636684321548407,0.9617298533053006,0.574111730729144
2026-09-14,63563817,2874903000,3422,潜力词,0.055892005,3.6654426853877,0.03465203918692617,0.03127093382792446,0.004446098786287865,1.1393083460789166,0.019636684321548407,1.038570025436321,0.619982038342088
2026-09-14,63563817,2874903000,3465,潜力词,0.015201397,3.6654426853877,0.009454701629524373,0.009108638008711173,0.0012131042912938332,1.1393083460789166,0.019636684321548407,1.041887921321154,0.621962680767062
2026-09-14,63563817,2874903000,4527,重点词,0.7948488,3.6654426853877,0.45830680402607477,0.6309797854027036,0.05880396573880692,1.1393083460789166,0.019636684321548407,0.9658917539402204,0.5765962080160085
2026-09-14,63563817,2874903000,4667,重点词,0.061880434,3.6654426853877,0.05841253733151903,0.09872579250893375,0.007494736743563601,1.1393083460789166,0.019636684321548407,1.581282254070204,0.9439581068794545
2026-09-14,63563817,2874903000,4738,潜力词,0.029020849,3.6654426853877,0.01765464593280604,0.018672158958786125,0.002265214449018803,1.1393083460789166,0.019636684321548407,1.0190736566804546,0.6083435371861808
2026-09-14,63563817,2874903000,4798,重点词,0.80805406,3.6654426853877,0.5796049948106502,0.6281606584153704,0.07436737128377376,1.1393083460789166,0.019636684321548407,1.2015680704125389,0.7172849237471193
2026-09-14,63563817,2874903000,4836,潜力词,0.022571771,3.6654426853877,0.01426549343428352,0.013790812014681757,0.001830362499067452,1.1393083460789166,0.019636684321548407,1.058712008645144,0.6320059438084641
2026-09-14,63563817,2874903000,4860,重点词,0.35339409,3.6654426853877,0.23397767356246865,0.5712587687373244,0.03002097062261892,1.1393083460789166,0.019636684321548407,1.1091028279963016,0.662087115159364
2026-09-14,63563817,2874903000,5241,潜力词,0.049289378,3.6654426853877,0.028633424235510383,0.03014616911835062,0.003673868428176076,1.1393083460789166,0.019636684321548407,0.9731429185171807,0.5809248442029514
2026-09-14,63563817,2874903000,5351,黄金词,0.031247316,3.6654426853877,0.01877761807654594,0.024981021373750564,0.002409299622719079,1.1393083460789166,0.019636684321548407,1.0066638165784487,0.6009353915883828
2026-09-14,63563817,2874903000,5532,重点词,0.52636757,3.6654426853877,0.29800743055995016,0.5295999739549309,0.03823643590410276,1.1393083460789166,0.019636684321548407,0.9484067697257158,0.5661584177002967
2026-09-14,63563817,2874903000,6242,潜力词,0.034164756,3.6654426853877,0.02136673324330788,0.020715007311872986,0.002741501192110208,1.1393083460789166,0.019636684321548407,1.047650636301261,0.6254027759866888
2026-09-14,63563817,2874903000,6282,重点词,1.2442881,3.6654426853877,0.7554178161387887,0.9376339749458072,0.09692538489169444,1.1393083460789166,0.019636684321548407,1.0170046813544413,0.6071084471022336
2026-09-14,63563817,4190988309,9,重点词,0.22500743,3.902655245752652,0.10594345070462483,0.6288776136808278,0.01359328508928551,1.2267593982562919,0.006539110488243009,0.8474762476127844,0.4708442325865631
2026-09-14,63563817,4190988309,2397,黄金词,0.014925647,3.902655245752652,0.008602289468737196,0.08223052144635314,0.0011037338541588443,1.2267593982562919,0.006539110488243009,1.0373639854917858,0.5763428190910046
2026-09-14,63563817,4190988309,2478,重点词,0.67132389,3.902655245752652,0.3393069043972146,1.1360839995587195,0.043535447010250514,1.2267593982562919,0.006539110488243009,0.90972656018076,0.5054295094387519
2026-09-14,63563817,4190988309,2941,重点词,0.25366995,3.902655245752652,0.14704107825496882,1.3421233124235001,0.01886639790626036,1.2267593982562919,0.006539110488243009,1.043325771978765,0.5796550921974354
2026-09-14,63563817,4190988309,3617,潜力词,0.011095171,3.902655245752652,0.006112275037740556,0.04115016997375764,0.0007842476017113884,1.2267593982562919,0.006539110488243009,0.9915603865644368,0.550895072977294
2026-09-14,63563817,4190988309,4017,重点词,0.12026373,3.902655245752652,0.06293269784681653,0.2817686985110932,0.008074704925882666,1.2267593982562919,0.006539110488243009,0.941872160311235,0.5232890901256474
2026-09-14,63563817,4190988309,4097,重点词,0.24515044,3.902655245752652,0.12365520442985385,2.187283956087995,0.01586582686715817,1.2267593982562919,0.006539110488243009,0.9078832478445038,0.5044053946215795
2026-09-14,63563817,4190988309,4101,重点词,0.22177133,3.902655245752652,0.13407374441698822,0.44279362350118723,0.017202598355318278,1.2267593982562919,0.006539110488243009,1.0881496267703072,0.6045585081578769
2026-09-14,63563817,4190988309,4135,潜力词,0.010368701,3.902655245752652,0.005744412053059896,0.038673575865476366,0.000737048210042514,1.2267593982562919,0.006539110488243009,0.9971753027141864,0.5540146304787742
2026-09-14,63563817,4190988309,4177,重点词,4.029,3.902655245752652,2.2771645355319197,17.728923338013214,0.2921761234018833,1.2267593982562919,0.006539110488243009,1.0172962041913531,0.565193481144681
2026-09-14,63563817,4190988309,5374,重点词,0.48686667,3.902655245752652,0.21875903828884719,0.6294878666846523,0.0280683133647299,1.2267593982562919,0.006539110488243009,0.8087350039600538,0.44932021797435256
2026-09-14,63563817,4190988309,5649,重点词,0.063995361,3.902655245752652,0.03495745516199106,0.21371848799822424,0.0044852857902250316,1.2267593982562919,0.006539110488243009,0.9831993797648275,0.5462498314837392
2026-09-14,63563817,4190988309,6082,潜力词,0.012217897,3.902655245752652,0.006673539430971524,0.04492881622888589,0.00085626174564299,1.2267593982562919,0.006539110488243009,0.9831279682278118,0.546210156377282
2026-09-14,63563817,4190988309,6083,重点词,0.1511717,3.902655245752652,0.08583325976222804,0.5135383807568248,0.011013007055468045,1.2267593982562919,0.006539110488243009,1.0219635102488476,0.5677865616529287
2026-09-14,63563817,4190988309,6224,潜力词,0.022718683,3.902655245752652,0.012397787697813412,0.07635975637585359,0.0015907228010032862,1.2267593982562919,0.006539110488243009,0.98222576785002,0.5457089082942621
2026-09-14,63563817,4190988309,6245,黄金词,0.040087909,3.902655245752652,0.019877263096993142,0.23970277266329337,0.0025503917634841287,1.2267593982562919,0.006539110488243009,0.8924696624398605,0.49584185338759235
2026-09-14,63563817,4190988310,228,潜力词,0.036001424,3.788208106725203,0.021101601459672065,0.03749878202330646,0.0027074829314511274,1.2464552953615184,0.026239139501556867,1.0562962145723256,0.5861324113088434
2026-09-14,63563817,4190988310,925,重点词,0.84789561,3.788208106725203,0.4765338912247315,0.8154814239383842,0.0611426284026217,1.2464552953615184,0.026239139501556867,1.0128412784537915,0.5620195288246999
2026-09-14,63563817,4190988310,990,重点词,0.098460792,3.788208106725203,0.05391101801177094,0.1560882436662765,0.006917160356903665,1.2464552953615184,0.026239139501556867,0.9867433180788949,0.547537927703963
2026-09-14,63563817,4190988310,1108,潜力词,0.013422945,3.788208106725203,0.007367468280374297,0.015819348499400497,0.0009452976663995338,1.2464552953615184,0.026239139501556867,0.9891461165747838,0.5488712261261814
2026-09-14,63563817,4190988310,1186,重点词,0.42728415,3.788208106725203,0.24481866879580594,0.392359436589417,0.03141194607110793,1.2464552953615184,0.026239139501556867,1.0325657970761637,0.57296454548058
2026-09-14,63563817,4190988310,1567,重点词,2.85063,3.788208106725203,1.5686539855665211,5.2946835556896605,0.20126926856195787,1.2464552953615184,0.026239139501556867,0.9916908180407442,0.5502832656523369
2026-09-14,63563817,4190988310,1667,重点词,0.72608045,3.788208106725203,0.3768276292091778,0.8545011458755328,0.04834961820944649,1.2464552953615184,0.026239139501556867,0.9352936393856561,0.5189888106878209
2026-09-14,63563817,4190988310,2123,重点词,0.56523788,3.788208106725203,0.31068469102368373,0.7926679454431189,0.039863017014011196,1.2464552953615184,0.026239139501556867,0.9905549699611331,0.5496529903899642
2026-09-14,63563817,4190988310,2212,潜力词,0.0267683,3.788208106725203,0.014585766784645505,0.029645137815176845,0.0018714558080829289,1.2464552953615184,0.026239139501556867,0.981970544095071,0.5448895441490683
2026-09-14,63563817,4190988310,2294,潜力词,0.051286512,3.788208106725203,0.02793472545089939,0.05196953745931867,0.003584220491398613,1.2464552953615184,0.026239139501556867,0.9815924965963554,0.54467976786761
2026-09-14,63563817,4190988310,2892,重点词,1.150261,3.788208106725203,0.6578078292915658,1.1354509217775484,0.08440134145200132,1.2464552953615184,0.026239139501556867,1.0306059116613264,0.5718770168610131
2026-09-14,63563817,4190988310,2980,潜力词,0.014586784,3.788208106725203,0.00794651943934411,0.017062680908055246,0.001019593976674561,1.2464552953615184,0.026239139501556867,0.9817646359423676,0.5447752869545549
2026-09-14,63563817,4190988310,2985,重点词,9.315,3.788208106725203,5.220373646520498,8.537227334731266,0.6698104203495455,1.2464552953615184,0.026239139501556867,1.009970562421079,0.5604265857778312
2026-09-14,63563817,4190988310,3169,重点词,8.1277095,3.788208106725203,4.457149420769283,6.504854726573385,0.5718834185510986,1.2464552953615184,0.026239139501556867,0.9882777256075258,0.5483893612055504
2026-09-14,63563817,4190988310,3180,黄金词,0.030182229,3.788208106725203,0.01721214438793216,0.0505797686909461,0.0022084384084810056,1.2464552953615184,0.026239139501556867,1.0277172756319164,0.5702741301158427
2026-09-14,63563817,4190988310,3304,重点词,0.13407427,3.788208106725203,0.0735342622906893,0.17154654407901188,0.009434959730870853,1.2464552953615184,0.026239139501556867,0.9884035238334044,0.5484591658838739
2026-09-14,63563817,4190988310,3818,黄金词,0.044536245,3.788208106725203,0.02229081746388862,0.0609089967174248,0.00286006765538207,1.2464552953615184,0.026239139501556867,0.9019913740966861,0.500509584135093
2026-09-14,63563817,4190988310,4048,重点词,0.072856331,3.788208106725203,0.04361291421589608,0.18351415607669933,0.005595841673725551,1.2464552953615184,0.026239139501556867,1.0787921977155914,0.5986152969451081
2026-09-14,63563817,4190988310,4155,潜力词,0.04182062,3.788208106725203,0.023792564949573682,0.04822892303134976,0.003052752352447007,1.2464552953615184,0.026239139501556867,1.025275979558999,0.5689194696198593
2026-09-14,63563817,4190988310,4403,重点词,0.19994757,3.788208106725203,0.11597103520718821,0.7659444596935533,0.014879894256663658,1.2464552953615184,0.026239139501556867,1.0452577340844087,0.5800072249299565
2026-09-14,63563817,4190988310,4675,重点词,0.17488623,3.788208106725203,0.09980190801974263,0.3298648630854076,0.012805282243914954,1.2464552953615184,0.026239139501556867,1.0284263954337955,0.5706676164255049
2026-09-14,63563817,4190988310,4713,黄金词,0.036311781,3.788208106725203,0.017648317713821002,0.049659822758479424,0.0022644024942995735,1.2464552953615184,0.026239139501556867,0.8758822983726164,0.48602181517400656
2026-09-14,63563817,4190988310,4773,重点词,1.597796,3.788208106725203,0.7963690373053556,1.3110637519878574,0.10217971274649998,1.2464552953615184,0.026239139501556867,0.8982206247749116,0.49841721803368866
2026-09-14,63563817,4190988310,4791,重点词,0.19296453,3.788208106725203,0.0987138032323167,0.6314143953673741,0.012665670795693062,1.2464552953615184,0.026239139501556867,0.921913946446181,0.51156449961201
2026-09-14,63563817,4190988310,4827,重点词,0.74765027,3.788208106725203,0.407330417823748,1.3301681945699946,0.05226333915112208,1.2464552953615184,0.026239139501556867,0.9818346040729282,0.5448141118490442
2026-09-14,63563817,4190988310,5010,重点词,0.49284708,3.788208106725203,0.2796847377366217,0.5180874865472647,0.03588550637052248,1.2464552953615184,0.026239139501556867,1.0226960208962543,0.5674878660874316
2026-09-14,63563817,4190988310,5134,重点词,1.3062155,3.788208106725203,0.7811103098669028,4.5630793924569435,0.1002219113836873,1.2464552953615184,0.026239139501556867,1.0776742933136458,0.5979949785214635
2026-09-14,63563817,4190988310,5267,重点词,0.86093061,3.788208106725203,0.5078106628077453,1.1234596799768255,0.06515565676796842,1.2464552953615184,0.026239139501556867,1.0629764740814327,0.5898392471000018
2026-09-14,63563817,4190988310,5330,重点词,0.9434856,3.788208106725203,0.5139368208326823,4.034855721540209,0.06594168565395549,1.2464552953615184,0.026239139501556867,0.9816675694706871,0.544721425353691
2026-09-14,63563817,4190988310,5418,重点词,0.11778052,3.788208106725203,0.06108093208950122,0.31427934963626397,0.007837110438537307,1.2464552953615184,0.026239139501556867,0.9345922482847276,0.5185996129877948
2026-09-14,63563817,4190988310,5812,潜力词,0.043139638,3.788208106725203,0.024386035555631253,0.04943192271808307,0.003128898778550716,1.2464552953615184,0.026239139501556867,1.0187196714440923,0.5652814137112429
2026-09-14,63563817,4190988310,5840,潜力词,0.028397675,3.788208106725203,0.015337512839908541,0.03117303934680893,0.001967910080394923,1.2464552953615184,0.026239139501556867,0.9733345531172584,0.5400974847380478
2026-09-14,63563817,4190988310,6325,重点词,0.64794805,3.788208106725203,0.3862593832523679,0.7313429959561474,0.04955977816504918,1.2464552953615184,0.026239139501556867,1.0743080790771709,0.5961270865038762
2026-09-14,63563817,4190988310,6352,重点词,0.54444395,3.788208106725203,0.2896817829585272,1.6646546451513875,0.037168197134774775,1.2464552953615184,0.026239139501556867,0.958866166601299,0.5320690641498123
2026-09-14,495403620,8878077181,1048,重点词,7.2484546,1.2891178325496029,10.987392537117287,115.1798364785291,1.4097592456312489,0.6469027059092876,0.6838581560622837,1.3251904619835033,1.5158255301919512
2026-09-14,495403620,8878077181,1607,重点词,6.5935301,1.2891178325496029,5.727930247716769,58.29613287336683,0.7349334792373047,0.6469027059092876,0.6838581560622837,0.7594668316721939,0.8687198148555914
2026-09-14,495403620,8878077181,3989,重点词,178.152,1.2891178325496029,226.327964413878,2232.5126478059155,29.039459480445323,0.6469027059092876,0.6838581560622837,1.1106484099278418,1.2704205645397078
2026-09-14,495403620,8878077181,5778,重点词,178.152,1.2891178325496029,166.81895375057883,1760.3532165881018,21.404037545937346,0.6469027059092876,0.6838581560622837,0.8186226841597737,0.9363855233204165
2026-09-14,495403620,9628223555,104,重点词,0.14891047,3.7764386958641,0.09819496736056683,0.12811098438461918,0.012599100527570429,0.7571185727780493,0.012665668349043738,0.9949419901309582,0.6594228556297408
2026-09-14,495403620,9628223555,235,重点词,0.032714054,3.7764386958641,0.0215777231378166,0.040900285786707596,0.002768572670034894,0.7571185727780493,0.012665668349043738,0.9951877338091268,0.6595857284400337
2026-09-14,495403620,9628223555,400,重点词,0.056164077,3.7764386958641,0.03654517255927986,0.05557091822986154,0.004689001027731666,0.7571185727780493,0.012665668349043738,0.9817595964889454,0.6506858923236619
2026-09-14,495403620,9628223555,444,重点词,8.0813756,3.7764386958641,4.6870695924285695,42.53019564959293,0.6013837833245268,0.7571185727780493,0.012665668349043738,0.8750842636258296,0.5799841294876296
2026-09-14,495403620,9628223555,665,重点词,0.63153824,3.7764386958641,0.38879003516830246,0.48273790419200263,0.049884478490800827,0.7571185727780493,0.012665668349043738,0.9288578100749727,0.6156239013623347
2026-09-14,495403620,9628223555,700,重点词,0.079133218,3.7764386958641,0.06048033953293953,0.10373656148949355,0.0077600502164136415,0.7571185727780493,0.012665668349043738,1.1531589073579795,0.7642851012698552
2026-09-14,495403620,9628223555,859,重点词,0.022707486,3.7764386958641,0.012842788716519803,0.034462238570034526,0.0016478195415008503,0.7571185727780493,0.012665668349043738,0.8533438187758888,0.5655751022601007
2026-09-14,495403620,9628223555,875,重点词,0.74082553,3.7764386958641,0.5587930206245624,0.6542410836037643,0.07169704955552375,0.7571185727780493,0.012665668349043738,1.1380695327621002,0.7542842383206777
2026-09-14,495403620,9628223555,1018,重点词,0.072605965,3.7764386958641,0.044308396337432304,0.1650643799244753,0.005685076890151537,0.7571185727780493,0.012665668349043738,0.9207622259184725,0.6102583491236885
2026-09-14,495403620,9628223555,1092,重点词,0.017332933,3.7764386958641,0.012990818517561509,0.02651709254277731,0.0016668127994501336,0.7571185727780493,0.012665668349043738,1.1308323441931103,0.7494876093712189
2026-09-14,495403620,9628223555,1164,重点词,0.013104008,3.7764386958641,0.008356132091053346,0.040348742466560415,0.0010721501423821102,0.7571185727780493,0.012665668349043738,0.9621325582995413,0.6376775785739253
2026-09-14,495403620,9628223555,1257,重点词,0.14997831,3.7764386958641,0.09856166183050127,0.15151071246600256,0.01264614999063144,0.7571185727780493,0.012665668349043738,0.9915470487068746,0.6571727727196104
2026-09-14,495403620,9628223555,1316,重点词,0.031929087,3.7764386958641,0.040016975812706995,0.014015250799259788,0.005134457647124976,0.7571185727780493,0.012665668349043738,1.891,1.2533078635385657
2026-09-14,495403620,9628223555,1318,重点词,0.96485952,3.7764386958641,0.6998928021626238,0.7724952033799931,0.08980113757348224,0.7571185727780493,0.012665668349043738,1.0944633050393224,0.725383112935056
2026-09-14,495403620,9628223555,1655,重点词,0.68493018,3.7764386958641,0.43967998071267644,0.4910783340959763,0.05641401413799768,0.7571185727780493,0.012665668349043738,0.9685547010650728,0.6419340153950822
2026-09-14,495403620,9628223555,1666,重点词,0.011498714,3.7764386958641,0.007462143622449368,0.02029755743157411,0.0009574451744068021,0.7571185727780493,0.012665668349043738,0.979147446553067,0.6489546241822667
2026-09-14,495403620,9628223555,1676,重点词,0.19095928,3.7764386958641,0.11108367020035106,0.31489321142785137,0.014252811171947455,0.7571185727780493,0.012665668349043738,0.877694175185229,0.5817139140886531
2026-09-14,495403620,9628223555,1735,重点词,0.044092548,3.7764386958641,0.03342186227900779,0.045509319148343136,0.004288258492165179,0.7571185727780493,0.012665668349043738,1.143666008037552,0.757993443223281
2026-09-14,495403620,9628223555,1802,重点词,0.15371221,3.7764386958641,0.08433962455503019,0.251876294658518,0.010821363220423997,0.7571185727780493,0.012665668349043738,0.8278603085421157,0.5486852642026954
2026-09-14,495403620,9628223555,2176,重点词,0.01255241,3.7764386958641,0.007506303691306341,0.021018239108906343,0.0009631112198446547,0.7571185727780493,0.012665668349043738,0.9022622336358836,0.5979970134266122
2026-09-14,495403620,9628223555,2226,重点词,0.030931966,3.7764386958641,0.023410246577291172,0.04395985287299689,0.0030036982335303304,0.7571185727780493,0.012665668349043738,1.1419109256882995,0.7568302182050495
2026-09-14,495403620,9628223555,2541,重点词,15.336506,3.7764386958641,13.990967012756121,40.88966974958829,1.7951388407143982,0.7571185727780493,0.012665668349043738,1.3764329739739405,0.9122656107431589
2026-09-14,495403620,9628223555,2584,重点词,0.082018504,3.7764386958641,0.10188417277907744,0.07750797383681872,0.013072451364013991,0.7571185727780493,0.012665668349043738,1.874254854512452,1.242209596740236
2026-09-14,495403620,9628223555,2633,重点词,0.042586259,3.7764386958641,0.026807258361636308,0.06884179643949374,0.0034395585847757154,0.7571185727780493,0.012665668349043738,0.9497661196631086,0.6294814099927469
2026-09-14,495403620,9628223555,2723,重点词,0.24048295,3.7764386958641,0.17809806280113272,0.38993073353035435,0.022851226058843,0.7571185727780493,0.012665668349043738,1.1174000054714455,0.7405849886702268
2026-09-14,495403620,9628223555,2748,重点词,0.030422798,3.7764386958641,0.02145204075011091,0.09375062675631761,0.002752446741386895,0.7571185727780493,0.012665668349043738,1.0639059157312922,0.7051304337658525
2026-09-14,495403620,9628223555,2780,重点词,0.067676935,3.7764386958641,0.042018985143552276,0.11650276600497328,0.005391329434900354,0.7571185727780493,0.012665668349043738,0.9367822246137627,0.6208760066269591
2026-09-14,495403620,9628223555,2843,重点词,0.10653637,3.7764386958641,0.06762030421741613,0.09583511624451216,0.0086761575815977,0.7571185727780493,0.012665668349043738,0.9576636198193894,0.6347156770726854
2026-09-14,495403620,9628223555,2874,重点词,3.8441772,3.7764386958641,1.8451198461260019,9.872687857408549,0.2367417704961961,0.7571185727780493,0.012665668349043738,0.7241940392913709,0.47997783404105354
2026-09-14,495403620,9628223555,2993,重点词,0.015685208,3.7764386958641,0.009858989652064429,0.019890045193867334,0.0012649772698689078,0.7571185727780493,0.012665668349043738,0.9483658192861519,0.628553325659719
2026-09-14,495403620,9628223555,2996,重点词,0.052875699,3.7764386958641,0.032665630342693514,0.1911510527225056,0.0041912286499656585,0.7571185727780493,0.012665668349043738,0.9321132590934539,0.6177815321683693
2026-09-14,495403620,9628223555,2997,重点词,0.13080671,3.7764386958641,0.07882363177054598,0.14851461484904888,0.010113622798800535,0.7571185727780493,0.012665668349043738,0.9092015818871546,0.6025962412061735
2026-09-14,495403620,9628223555,3008,重点词,0.032112953,3.7764386958641,0.0259001967260701,0.09499582747091295,0.003323176238120031,0.7571185727780493,0.012665668349043738,1.2169047419257089,0.8065342581876572
2026-09-14,495403620,9628223555,3165,重点词,0.037791592,3.7764386958641,0.02787692703808233,0.03994234068362568,0.0035768045511219365,0.7571185727780493,0.012665668349043738,1.112970044321194,0.7376489203757898
2026-09-14,495403620,9628223555,3327,重点词,0.01561449,3.7764386958641,0.00939370244333988,0.03685973066712943,0.001205277669426173,0.7571185727780493,0.012665668349043738,0.907700886701553,0.6016016176858726
2026-09-14,495403620,9628223555,3379,重点词,0.022481189,3.7764386958641,0.013944661507422365,0.04683550754689904,0.0017891975207836354,0.7571185727780493,0.012665668349043738,0.9358849517013433,0.6202813164117951
2026-09-14,495403620,9628223555,3393,重点词,0.21097948,3.7764386958641,0.10770329388783537,0.23858026663453846,0.01381908526799134,0.7571185727780493,0.012665668349043738,0.7702337281389124,0.5104917970592939
2026-09-14,495403620,9628223555,3575,重点词,0.11333942,3.7764386958641,0.05183082446038011,0.1648632989247691,0.0066502569872580455,0.7571185727780493,0.012665668349043738,0.689986979745889,0.45730624402683645
2026-09-14,495403620,9628223555,3923,重点词,0.010452091,3.7764386958641,0.007576019874282837,0.05481132188822893,0.0009720562933176574,0.7571185727780493,0.012665668349043738,1.0936332038184426,0.7248329424497775
2026-09-14,495403620,9628223555,3989,重点词,0.075003299,3.7764386958641,0.044043228517074894,0.2669896864369554,0.005651054005729241,0.7571185727780493,0.012665668349043738,0.8859975988073572,0.5872172171663396
2026-09-14,495403620,9628223555,4002,重点词,0.018556351,3.7764386958641,0.011466487147549146,0.037794189205492074,0.0014712304322032012,0.7571185727780493,0.012665668349043738,0.9323341115230808,0.6179279076769536
2026-09-14,495403620,9628223555,4016,重点词,0.034425425,3.7764386958641,0.019925653197641054,0.04463426694599247,0.002556600551561461,0.7571185727780493,0.012665668349043738,0.8733071602993272,0.5788063095122589
2026-09-14,495403620,9628223555,4047,重点词,0.036030719,3.7764386958641,0.022825502961154702,0.03911534431577523,0.002928671541220262,0.7571185727780493,0.012665668349043738,0.9558311760805247,0.633501178845604
2026-09-14,495403620,9628223555,4188,重点词,1.0842736,3.7764386958641,0.48973569507716697,1.8906915871547243,0.0628365120949635,0.7571185727780493,0.012665668349043738,0.6814855317304676,0.4516716952964335
2026-09-14,495403620,9628223555,4189,重点词,0.013733397,3.7764386958641,0.009042063997452455,0.020207602420873945,0.0011601599994663025,0.7571185727780493,0.012665668349043738,0.9933981941489531,0.6583996659713875
2026-09-14,495403620,9628223555,4321,重点词,0.063094421,3.7764386958641,0.04011741646855336,0.17518017192021013,0.005147344885178803,0.7571185727780493,0.012665668349043738,0.9593470888251421,0.6358314385443582
2026-09-14,495403620,9628223555,4560,重点词,0.010812752,3.7764386958641,0.006379777626576503,0.016109501470299284,0.0008185700532455276,0.7571185727780493,0.012665668349043738,0.8902317173496243,0.5900234858412089
2026-09-14,495403620,9628223555,4634,重点词,0.26544633,3.7764386958641,0.12508356755058112,0.5094502557573892,0.016049095837367574,0.7571185727780493,0.012665668349043738,0.7109798597535864,0.4712198038322139
2026-09-14,495403620,9628223555,4865,重点词,0.043837964,3.7764386958641,0.03279804254133775,0.04083652489011409,0.004208218060386964,0.7571185727780493,0.012665668349043738,1.1288372016544694,0.7481652784179884
2026-09-14,495403620,9628223555,4888,重点词,0.023351018,3.7764386958641,0.015478814483112146,0.03660348642654647,0.0019860400686752392,0.7571185727780493,0.012665668349043738,1.0001511550722884,0.662875360856308
2026-09-14,495403620,9628223555,5249,重点词,0.26286513,3.7764386958641,0.12130635483029488,0.12477368991534413,0.01556445304908538,0.7571185727780493,0.012665668349043738,0.696280668764194,0.4614775448926789
2026-09-14,495403620,9628223555,5436,重点词,0.012092744,3.7764386958641,0.007921786719837292,0.020521732480251718,0.0010164205959223439,0.7571185727780493,0.012665668349043738,0.9883984389978062,0.6550859523559989
2026-09-14,495403620,9628223555,5702,重点词,0.016215592,3.7764386958641,0.01029604476712135,0.027199323954303273,0.0013210544953999417,0.7571185727780493,0.012665668349043738,0.9580129461189884,0.6349472018734407
2026-09-14,495403620,9628223555,5911,重点词,0.020692028,3.7764386958641,0.012306388350444909,0.060745027898189446,0.0015789956260104817,0.7571185727780493,0.012665668349043738,0.8973488752744284,0.5947405614589787
2026-09-14,495403620,9628223555,5964,重点词,1.2546823,3.7764386958641,0.5806809610394233,0.8464636443637834,0.07450542527009268,0.7571185727780493,0.012665668349043738,0.6982928253058283,0.4628111523047893
2026-09-14,495403620,9628223555,6159,重点词,0.030514731,3.7764386958641,0.01496515418836116,0.04731939842602048,0.0019201338632500108,0.7571185727780493,0.012665668349043738,0.7399551791678345,0.4904239263443338
2026-09-14,495403620,9628223555,6229,重点词,0.013676823,3.7764386958641,0.009438182312607134,0.03450652755402233,0.0012109847474915238,0.7571185727780493,0.012665668349043738,1.0412065702642945,0.6900858710101853
2026-09-14,495403620,9628223555,6261,重点词,13.377524,3.7764386958641,9.31315339879231,7.440414725769337,1.19494266411039,0.7571185727780493,0.012665668349043738,1.050400166385009,0.6961791583249867
2026-09-14,495403620,9628223555,6298,重点词,1.402433,3.7764386958641,0.6721262818521947,1.3321729029383582,0.08623849897707277,0.7571185727780493,0.012665668349043738,0.7231069233300781,0.47925732056518544
2026-09-14,495403620,9628223555,6360,重点词,7.5922135,3.7764386958641,4.062243252783255,10.389155014745747,0.521214197478455,0.7571185727780493,0.012665668349043738,0.8072931695439771,0.5350538749711471
2026-09-14,495403620,9628223555,6377,重点词,0.014284996,3.7764386958641,0.011191677611283913,0.13758818042072632,0.0014359704482507947,0.7571185727780493,0.012665668349043738,1.1820853432534033,0.7834568249990349
2026-09-14,495403620,9628223555,6474,重点词,0.084889647,3.7764386958641,0.0455255580149468,0.1133880972455091,0.005841247239259161,0.7571185727780493,0.012665668349043738,0.8091598298266673,0.5362910510741882
2026-09-14,495403620,9628223555,6500,重点词,0.082301376,3.7764386958641,0.05187323900272472,0.2152171186871369,0.006655699069446111,0.7571185727780493,0.012665668349043738,0.950977046377095,0.6302839821623969
2026-09-14,495403620,9628223555,6504,重点词,0.025967576,3.7764386958641,0.016502025681526238,0.03659635397316906,0.002117325215931492,0.7571185727780493,0.012665668349043738,0.9588255795080306,0.6354857951133459
2026-09-14,495403620,9628223555,6538,重点词,0.016194376,3.7764386958641,0.011168237085178528,0.050018310663235116,0.0014329628649422078,0.7571185727780493,0.012665668349043738,1.0405289567275295,0.6896367655770453
2026-09-14,495403620,9628223555,6574,重点词,0.039821193,3.7764386958641,0.0260481983902375,0.10746230819516103,0.003342165885911712,0.7571185727780493,0.012665668349043738,0.9869546291069018,0.6541290309970749
2026-09-14,495403620,9628223555,6617,重点词,0.22507354,3.7764386958641,0.14553986413936407,0.1919241358132167,0.018673781644304072,0.7571185727780493,0.012665668349043738,0.9756437972401659,0.6466324923816636
2026-09-14,495817671,9630806627,110,重点词,0.68654846,3.740683497144636,0.3347904444066547,0.7661963782972635,0.04295595363111563,0.7969176327621033,0.011045589049340426,0.9257197166460085,0.4876428452066656
2026-09-14,495817671,9630806627,235,重点词,0.029947114,3.740683497144636,0.01754922474115219,0.03262815403478789,0.002251688173415431,0.7969176327621033,0.011045589049340426,1.1124502990184397,0.5860072106164284
2026-09-14,495817671,9630806627,299,重点词,0.029277053,3.740683497144636,0.017454728314187793,0.03530186642889707,0.0022395636214671733,0.7969176327621033,0.011045589049340426,1.1317835871591064,0.5961914375120949
2026-09-14,495817671,9630806627,308,重点词,0.020077629,3.740683497144636,0.013646778236136416,0.023384497813321168,0.0017509770153820484,0.7969176327621033,0.011045589049340426,1.2903138723127348,0.6797006875730405
2026-09-14,495817671,9630806627,353,重点词,0.7144733,3.740683497144636,0.45541007666162237,0.44233226319346364,0.05843229537476791,0.7969176327621033,0.011045589049340426,1.210024849596695,0.6374067115756773
2026-09-14,495817671,9630806627,444,重点词,0.058377519,3.740683497144636,0.034992020632131304,0.1623769319152927,0.00448972078159766,0.7969176327621033,0.011045589049340426,1.1378920026173387,0.5994091772233641
2026-09-14,495817671,9630806627,505,重点词,0.030975185,3.740683497144636,0.018989407991879214,0.02739722465154307,0.0024364737489063356,0.7969176327621033,0.011045589049340426,1.1637914810237517,0.6130522865926132
2026-09-14,495817671,9630806627,530,重点词,0.017919888,3.740683497144636,0.012898462853894514,0.021361055371663107,0.001654962922393214,0.7969176327621033,0.011045589049340426,1.3664077717920624,0.7197847918410268
2026-09-14,495817671,9630806627,679,重点词,0.048537062,3.740683497144636,0.03795135252448978,0.027202444296346787,0.0048694237440658015,0.7969176327621033,0.011045589049340426,1.48433330039289,0.7819046098111538
2026-09-14,495817671,9630806627,815,重点词,0.55604146,3.740683497144636,0.4017016464671984,0.4315916574421035,0.05154112845057291,0.7969176327621033,0.011045589049340426,1.3714314165508554,0.722431105168306
2026-09-14,495817671,9630806627,875,重点词,0.011492628,3.740683497144636,0.005991146752089973,0.01738413251770869,0.0007687059961824597,0.7969176327621033,0.011045589049340426,0.9896195482478126,0.5213034609742848
2026-09-14,495817671,9630806627,1089,重点词,0.096004931,3.740683497144636,0.058729371529344494,0.10483723910061117,0.007535388785274837,0.7969176327621033,0.011045589049340426,1.1612867498227253,0.6117328653602646
2026-09-14,495817671,9630806627,1164,重点词,0.057356705,3.740683497144636,0.03530285419877736,0.06472652134696749,0.004529602900394408,0.7969176327621033,0.011045589049340426,1.1684315681344528,0.6154965526485066
2026-09-14,495817671,9630806627,1207,重点词,0.027927256,3.740683497144636,0.016403507441779423,0.024498230867058525,0.002104684637297644,0.7969176327621033,0.011045589049340426,1.1150288673126525,0.5873655271316102
2026-09-14,495817671,9630806627,1424,重点词,0.62713078,3.740683497144636,0.4107799333978002,0.026688919325247605,0.05270593610549875,0.7969176327621033,0.011045589049340426,1.2434512423886321,0.6550147855887415
2026-09-14,495817671,9630806627,1438,重点词,0.46265871,3.740683497144636,0.2170926887950906,0.22547232035064918,0.027854509079742316,0.7969176327621033,0.011045589049340426,0.890762883005918,0.4692285784376363
2026-09-14,495817671,9630806627,1486,重点词,0.017665894,3.740683497144636,0.011994547930927385,0.02057289910937462,0.0015389843209541413,0.7969176327621033,0.011045589049340426,1.2889198771096488,0.6789663705062072
2026-09-14,495817671,9630806627,1590,重点词,0.030682487,3.740683497144636,0.01622493442299552,0.027353868702383224,0.00208177247106708,0.7969176327621033,0.011045589049340426,1.003852831903703,0.5288011504085546
2026-09-14,495817671,9630806627,1738,重点词,0.039294096,3.740683497144636,0.023258600560027324,0.02742472307346193,0.0029842409897685674,0.7969176327621033,0.011045589049340426,1.1236574500768048,0.5919108193767156
2026-09-14,495817671,9630806627,1785,重点词,0.010735484,3.740683497144636,0.008864589406052227,0.009758402977871294,0.0011373887691451966,0.7969176327621033,0.011045589049340426,1.567525638002388,0.8257279696054902
2026-09-14,495817671,9630806627,1817,重点词,0.027944189,3.740683497144636,0.018883580113667454,0.018481628716206674,0.002422895292575539,0.7969176327621033,0.011045589049340426,1.2828340604023614,0.6757605351748607
2026-09-14,495817671,9630806627,1924,重点词,0.39894974,3.740683497144636,0.17095895582808732,0.18204918253880223,0.021935228744029506,0.7969176327621033,0.011045589049340426,0.8134883306459086,0.4285225397767832
2026-09-14,495817671,9630806627,1976,重点词,0.014059178,3.740683497144636,0.008357696126052425,0.008868361308992474,0.001072350819002427,0.7969176327621033,0.011045589049340426,1.1285071226426124,0.5944654890956231
2026-09-14,495817671,9630806627,1981,重点词,0.09092263,3.740683497144636,0.05177003815538339,0.06266755141647386,0.006642457679534453,0.7969176327621033,0.011045589049340426,1.080896604997129,0.5693856211086655
2026-09-14,495817671,9630806627,2019,重点词,0.21814464,3.740683497144636,0.15527356307247758,0.19143386301135512,0.019922683239363314,0.7969176327621033,0.011045589049340426,1.3512342026651407,0.7117917867359821
2026-09-14,495817671,9630806627,2438,重点词,0.16057265,3.740683497144636,0.09834366171579446,0.10139241453433978,0.012618179052465867,0.7969176327621033,0.011045589049340426,1.1626592660141783,0.6124558678940308
2026-09-14,495817671,9630806627,2533,重点词,4.6861863,3.740683497144636,3.219217501619028,2.7012572031015636,0.4130481022930718,0.7969176327621033,0.011045589049340426,1.304092590257495,0.686958924705795
2026-09-14,495817671,9630806627,2541,重点词,0.41603749,3.740683497144636,0.18054126035133658,0.8819968492062595,0.023164705378314658,0.7969176327621033,0.011045589049340426,0.8237997570918812,0.4339543062605646
2026-09-14,495817671,9630806627,2586,重点词,0.40542538,3.740683497144636,0.16030410245672316,0.2476594428240124,0.020568136597245528,0.7969176327621033,0.011045589049340426,0.7506048419413414,0.3953973045711227
2026-09-14,495817671,9630806627,2821,重点词,0.32106063,3.740683497144636,0.17891322506808868,0.34909329674479916,0.022955817074286268,0.7969176327621033,0.011045589049340426,1.0578718190071168,0.5572568180286965
2026-09-14,495817671,9630806627,2869,重点词,0.014018055,3.740683497144636,0.008792247502714835,0.020421543063082713,0.0011281067974005874,0.7969176327621033,0.011045589049340426,1.190665589539103,0.6272088034120878
2026-09-14,495817671,9630806627,2899,重点词,0.37974537,3.740683497144636,0.2922359765231671,0.24461082782940563,0.03749591801857125,0.7969176327621033,0.011045589049340426,1.4608944851817247,0.769557707900868
2026-09-14,495817671,9630806627,2933,重点词,0.68692099,3.740683497144636,0.4325859170388189,0.6457160928423686,0.05550379619324576,0.7969176327621033,0.011045589049340426,1.1954825651998457,0.6297462493303908
2026-09-14,495817671,9630806627,2987,重点词,0.10712262,3.740683497144636,0.07723056227801696,0.022771355384942574,0.00990922085007257,0.7969176327621033,0.011045589049340426,1.3686287787355185,0.720954755195653
2026-09-14,495817671,9630806627,3135,重点词,0.058123525,3.740683497144636,0.03236033595880403,0.059271001128861175,0.004152057247026012,0.7969176327621033,0.011045589049340426,1.0569117691471372,0.5567510910393688
2026-09-14,495817671,9630806627,3157,重点词,0.021524185,3.740683497144636,0.014731498087161917,0.014931929764261503,0.0018901541526088357,0.7969176327621033,0.011045589049340426,1.2992653449853768,0.6844160690479996
2026-09-14,495817671,9630806627,3215,重点词,0.049313559,3.740683497144636,0.023377558993685862,0.23535423263086352,0.002999504188123355,0.7969176327621033,0.011045589049340426,0.8999336099356339,0.4740594568257761
2026-09-14,495817671,9630806627,3327,重点词,0.020389679,3.740683497144636,0.011230497882103322,0.020310281481621395,0.0014409513602843542,0.7969176327621033,0.011045589049340426,1.0456016956390028,0.5507932656567728
2026-09-14,495817671,9630806627,3412,重点词,0.018860876,3.740683497144636,0.010878970024505238,0.013697851687549068,0.0013958478795748298,0.7969176327621033,0.011045589049340426,1.0949734212490938,0.5768008879600947
2026-09-14,495817671,9630806627,3567,重点词,8.102344,3.740683497144636,3.882397866769838,7.651167791979781,0.4981387776406692,0.7969176327621033,0.011045589049340426,0.9096346994975919,0.47916971517993284
2026-09-14,495817671,9630806627,3587,重点词,0.32208387,3.740683497144636,0.16956753106291705,0.31659884393361676,0.02175669922297412,0.7969176327621033,0.011045589049340426,0.9994276908846464,0.5264701118466971
2026-09-14,495817671,9630806627,3830,重点词,0.012895643,3.740683497144636,0.01284567332425907,0.01464412616967482,0.0016481896568322826,0.7969176327621033,0.011045589049340426,1.891,0.9961250729613924
2026-09-14,495817671,9630806627,3905,重点词,0.027973217,3.740683497144636,0.013274700800991667,0.044186488797381476,0.0017032368802668164,0.7969176327621033,0.011045589049340426,0.90086555985824,0.47455038156647006
2026-09-14,495817671,9630806627,4002,重点词,0.047160656,3.740683497144636,0.02758476812802817,0.06989780611561364,0.003539318521269902,0.7969176327621033,0.011045589049340426,1.1103685630462166,0.5849106112524849
2026-09-14,495817671,9630806627,4054,重点词,0.43374935,3.740683497144636,0.1825837247606641,0.35339809870625244,0.023426767835371252,0.7969176327621033,0.011045589049340426,0.7990995438976034,0.4209429357315788
2026-09-14,495817671,9630806627,4256,重点词,0.045460105,3.740683497144636,0.018130011711894344,0.030865126788460668,0.0023262072004712107,0.7969176327621033,0.011045589049340426,0.7570861604789116,0.39881147902967545
2026-09-14,495817671,9630806627,4563,重点词,0.3458553,3.740683497144636,0.12948034189165758,0.1811235306577922,0.016613232711275332,0.7969176327621033,0.011045589049340426,0.7107012173627318,0.3743772088837661
2026-09-14,495817671,9630806627,4579,重点词,0.0467204,3.740683497144636,0.021499496924780696,0.02091448131212293,0.0027585357002346852,0.7969176327621033,0.011045589049340426,0.8735734024055075,0.4601736484443775
2026-09-14,495817671,9630806627,4652,重点词,0.047034869,3.740683497144636,0.021682577578230226,0.025081114849485178,0.0027820262274935214,0.7969176327621033,0.011045589049340426,0.8751220513668431,0.4609894327170386
2026-09-14,495817671,9630806627,4751,重点词,0.10981737,3.740683497144636,0.04273793128197124,0.073460916260859,0.005483575248665822,0.7969176327621033,0.011045589049340426,0.7387884802767798,0.3891727809723657
2026-09-14,495817671,9630806627,4828,重点词,0.038611941,3.740683497144636,0.015215284081395638,0.027763900259813554,0.0019522272765073317,0.7969176327621033,0.011045589049340426,0.7480594070639796,0.39405644179855237
2026-09-14,495817671,9630806627,4832,重点词,0.041473608,3.740683497144636,0.0185148600789202,0.04396949326535352,0.0023755859353938036,0.7969176327621033,0.011045589049340426,0.8474737850773004,0.4464251115774687
2026-09-14,495817671,9630806627,4887,重点词,0.040409251,3.740683497144636,0.029592899752146507,0.03756812129181698,0.0037969758420565926,0.7969176327621033,0.011045589049340426,1.3902227124752877,0.7323298259635277
2026-09-14,495817671,9630806627,4927,重点词,0.036301804,3.740683497144636,0.013528252832049142,0.017636096189800318,0.0017357693777473914,0.7969176327621033,0.011045589049340426,0.7074425229919326,0.3726606212751615
2026-09-14,495817671,9630806627,4995,重点词,0.044117565,3.740683497144636,0.025961578068911455,0.010793191260210555,0.003331051893357389,0.7969176327621033,0.011045589049340426,1.1171132690992538,0.5884635307708269
2026-09-14,495817671,9630806627,5210,重点词,2.9997767,3.740683497144636,1.4664200136918668,2.834099439883219,0.18815193552948276,0.7969176327621033,0.011045589049340426,0.9279981467464091,0.488843057448865
2026-09-14,495817671,9630806627,5304,重点词,0.072567323,3.740683497144636,0.027250134337654774,0.12290149304688809,0.0034963826674459975,0.7969176327621033,0.011045589049340426,0.7128615695842125,0.3755152210541758
2026-09-14,495817671,9630806627,5345,重点词,0.033919097,3.740683497144636,0.014138540301095025,0.033327408243211155,0.0018140735248936676,0.7969176327621033,0.011045589049340426,0.7912941398171253,0.41683127062890335
2026-09-14,495817671,9630806627,5493,重点词,1.504095,3.740683497144636,0.78846727253126,0.6541338084773771,0.10116586110613553,0.7969176327621033,0.011045589049340426,0.9951443030421896,0.5242137448307853
2026-09-14,495817671,9630806627,5621,重点词,0.0485419,3.740683497144636,0.03511328059246159,0.03456006636894464,0.0045052792819081765,0.7969176327621033,0.011045589049340426,1.3731952514198682,0.7233602432632754
2026-09-14,495817671,9630806627,5626,重点词,0.40209201,3.740683497144636,0.2123303099846203,0.16421028614132022,0.027243462597460147,0.7969176327621033,0.011045589049340426,1.002453433534603,0.5280639871073795
2026-09-14,495817671,9630806627,5630,重点词,1.2413369,3.740683497144636,0.9287254068377758,0.7516951555286587,0.1191619599026092,0.7969176327621033,0.011045589049340426,1.4202844046814733,0.748165471305796
2026-09-14,495817671,9630806627,5783,重点词,0.041309116,3.740683497144636,0.02274936713018492,0.025544912276945733,0.0029189027820473393,0.7969176327621033,0.011045589049340426,1.04544472416441,0.5507105775438265
2026-09-14,495817671,9630806627,6004,重点词,0.010321836,3.740683497144636,0.006491434063979628,0.01192774290461034,0.000832896354452256,0.7969176327621033,0.011045589049340426,1.1938818583502293,0.6289030424412506
2026-09-14,495817671,9630806627,6133,重点词,0.018468999,3.740683497144636,0.009013752276356915,0.020724224964188503,0.0011565274077991405,0.7969176327621033,0.011045589049340426,0.9264882539024377,0.48804768879769367
2026-09-14,495817671,9630806627,6159,重点词,0.71399434,3.740683497144636,0.38256135583078066,0.3002569233278217,0.049085295403960144,0.7969176327621033,0.011045589049340426,1.017147617375342,0.5358044656639445
2026-09-14,495817671,9630806627,6256,重点词,0.030805856,3.740683497144636,0.01252386275567585,0.01823897812635163,0.0016068991119764899,0.7969176327621033,0.011045589049340426,0.7717607292644737,0.40654162493247553
2026-09-14,495817671,9630806627,6261,重点词,0.033062774,3.740683497144636,0.013809506710493002,0.024995346591478892,0.0017718562158362677,0.7969176327621033,0.011045589049340426,0.7928965608282832,0.41767538048964076
2026-09-14,495817671,9630806627,6360,重点词,7.7371343,3.740683497144636,4.0582469088713715,8.009825389711823,0.5207014386269379,0.7969176327621033,0.011045589049340426,0.9957171523110093,0.5245155055498224
2026-09-14,495817671,9630806627,6463,重点词,0.030742962,3.740683497144636,0.010591345212369737,0.06915803857130608,0.001358943606171364,0.7969176327621033,0.011045589049340426,0.6540080177118017,0.34451284207324384
2026-09-14,495817671,9630806627,6486,重点词,0.045007754,3.740683497144636,0.017715477837504056,0.08642919501295501,0.002273019607502736,0.7969176327621033,0.011045589049340426,0.747210880274413,0.3936094619941279
2026-09-14,495817671,9630806627,6489,重点词,0.37312459,3.740683497144636,0.1546111908250143,0.16411481863484373,0.019837696251162388,0.7969176327621033,0.011045589049340426,0.7866195052217215,0.41436880593963077
2026-09-14,495817671,9630806627,6504,重点词,0.065203913,3.740683497144636,0.03112111325468257,0.048488545611591306,0.003993056314035796,0.7969176327621033,0.011045589049340426,0.906064514752625,0.47728904329227245
2026-09-14,495817671,9630806627,6510,重点词,0.010916908,3.740683497144636,0.005730597720553696,0.026641002084123188,0.0007352757346433644,0.7969176327621033,0.011045589049340426,0.9965014374569154,0.5249286446815982
2026-09-14,500635396,9657930100,797,重点词,54.957201,3.1585064178191398,20.576169287345095,50.81053335396429,2.6400663118675696,2.617700513819438,0.03437292719270101,1.001956677626139,0.37440351606234634
2026-09-14,500635396,9657930100,844,重点词,252.54195,3.1585064178191398,91.42493889104146,279.90819185426926,11.730458563987302,2.617700513819438,0.03437292719270101,0.9688134837552538,0.36201882060006846
2026-09-14,500635396,9657930100,998,黄金词,0.019193987,3.1585064178191398,0.006957624373541197,0.01632812175132158,0.000892711829043514,2.617700513819438,0.03437292719270101,0.9700738722722264,0.3624897929513653
2026-09-14,500635396,9657930100,1934,重点词,30.715525,3.1585064178191398,12.537803160150208,26.2958155316029,1.608687763290182,2.617700513819438,0.03437292719270101,1.092376955639565,0.40819107471385263
2026-09-14,500635396,9657930100,2253,重点词,0.46566856,3.1585064178191398,0.16321480396811908,0.3736274108475267,0.02094159994199282,2.617700513819438,0.03437292719270101,0.9379758483131294,0.35049564859633014
2026-09-14,500635396,9657930100,2818,重点词,92.136878,3.1585064178191398,36.59669399342068,67.44371197667095,4.695611587778814,2.617700513819438,0.03437292719270101,1.0629611398359828,0.39719919740953974
2026-09-14,500635396,9657930100,2832,重点词,1085.3712,3.1585064178191398,410.9778494030435,950.0436736629407,52.7313301120665,2.617700513819438,0.03437292719270101,1.013325909349506,0.37865188370858144
2026-09-14,500635396,9657930100,2874,重点词,684.86443,3.1585064178191398,237.01161323041913,664.6807866190007,30.410246284076514,2.617700513819438,0.03437292719270101,0.9261344538790008,0.34607084679579453
2026-09-14,500635396,9657930100,3366,重点词,3.3869803,3.1585064178191398,1.2960354751793641,3.7680586983483972,0.1662904085412393,2.617700513819438,0.03437292719270101,1.0240313301240347,0.3826522035511586
2026-09-14,500635396,9657930100,3408,重点词,85.457502,3.1585064178191398,34.66237933679365,66.37386028244897,4.44742549977586,2.617700513819438,0.03437292719270101,1.0854684437023945,0.4056095547561599
2026-09-14,500635396,9657930100,3567,重点词,256.04858,3.1585064178191398,94.31247435276462,183.2011007734133,12.100949542670433,2.617700513819438,0.03437292719270101,0.9857250487838423,0.36833820501080156
2026-09-14,500635396,9657930100,3587,黄金词,0.04636898,3.1585064178191398,0.02105311700182898,0.04379222736473627,0.002701262036686259,2.617700513819438,0.03437292719270101,1.21506045546441,0.45403450759169134
2026-09-14,500635396,9657930100,4196,重点词,4.3371816,3.1585064178191398,1.7858214122312963,2.882718361537347,0.22913336703267084,2.617700513819438,0.03437292719270101,1.1018930521121153,0.41174697693804113
2026-09-14,500635396,9657930100,4536,重点词,317.40635,3.1585064178191398,124.04777420729815,277.58832110999475,15.916196312996929,2.617700513819438,0.03437292719270101,1.0458812820672614,0.39081692665347795
2026-09-14,500635396,9657930100,5166,潜力词,0.025591983,3.1585064178191398,0.008911634582723928,0.018933420927358367,0.0011434249940776577,2.617700513819438,0.03437292719270101,0.9318852913589886,0.3482197758072881
2026-09-14,500635396,9657930100,5331,重点词,27.441796,3.1585064178191398,11.040601668423074,20.506813330995342,1.4165863490187849,2.617700513819438,0.03437292719270101,1.076686419583993,0.40232795508074887
2026-09-14,500635396,9657930100,5553,重点词,473.5749,3.1585064178191398,232.11215180954414,452.89114091854765,29.78161114490597,2.617700513819438,0.03437292719270101,1.3116507953767684,0.4901276478325691
2026-09-14,500635396,9657930100,5573,重点词,70.290295,3.1585064178191398,42.426201951333766,42.26599858700128,5.443578197089114,2.617700513819438,0.03437292719270101,1.6152799945759921,0.6035854871761993
2026-09-14,500635396,9657930100,5867,重点词,162.34796,3.1585064178191398,72.38903830845764,66.90574377622244,9.288019490789715,2.617700513819438,0.03437292719270101,1.1932597637810134,0.44588819168690286
2026-09-14,500635396,9657930100,5874,重点词,0.12294705,3.1585064178191398,0.07255661299240235,0.1913587788773705,0.009309520493800823,2.617700513819438,0.03437292719270101,1.579311922628432,0.5901452128570986
2026-09-14,500635396,9657930100,6001,重点词,1.2055935,3.1585064178191398,0.42360131912107396,1.40550467130148,0.05435100949339574,2.617700513819438,0.03437292719270101,0.940297824862026,0.35136330705256286
2026-09-14,500635396,9657930100,6023,重点词,2.2701672,3.1585064178191398,0.8381594320173567,1.5915481650630816,0.10754171243157538,2.617700513819438,0.03437292719270101,0.988047485933234,0.3692060355807082
2026-09-14,500635396,9657930100,6133,潜力词,0.013719414,3.1585064178191398,0.0057400452274908665,0.011549636690203417,0.0007364879158053507,2.617700513819438,0.03437292719270101,1.1196667413858628,0.4183885133498316
2026-09-14,500635396,9657930100,6434,重点词,0.59191355,3.1585064178191398,0.24456369202340691,0.4038354091586368,0.031379230769356725,2.617700513819438,0.03437292719270101,1.1057137889825142,0.4131746807002592
2026-09-14,500635396,9657930100,6452,潜力词,0.036870924,3.1585064178191398,0.0166427412061235,0.02831974897155921,0.002135380001098646,2.617700513819438,0.03437292719270101,1.2079525197166023,0.4513784684680942
2026-09-14,500635396,9657930100,6660,重点词,28.687954,3.1585064178191398,12.928726707345916,25.295496545555856,1.6588459862837062,2.617700513819438,0.03437292719270101,1.206049699607886,0.45066743718795405
2026-09-14,525368335,9811363528,33,重点词,0.052425795,4.016511516363811,0.021367196781432264,0.0411955319252869,0.0027415606672909066,0.6550935974349561,0.0026821619476326618,0.8751705432450124,0.40757029590933747
2026-09-14,525368335,9811363528,181,重点词,0.047277828,4.016511516363811,0.017143128951780714,0.02496952523713169,0.0021995832457226807,0.6550935974349561,0.0026821619476326618,0.7786149576725473,0.36260398747126693
2026-09-14,525368335,9811363528,709,重点词,0.38973338,4.016511516363811,0.34321713830609857,0.040416488411016596,0.044037157346620844,0.6550935974349561,0.0026821619476326618,1.891,0.880645990102512
2026-09-14,525368335,9811363528,926,重点词,0.38490555,4.016511516363811,0.1499733639475232,0.03100503125326903,0.019242630652286864,0.6550935974349561,0.0026821619476326618,0.8366621582861993,0.3896367925781356
2026-09-14,525368335,9811363528,937,重点词,0.081907265,4.016511516363811,0.03527899270132707,0.029321900017118662,0.004526541303520398,0.6550935974349561,0.0026821619476326618,0.9248768711008415,0.43071872441751125
2026-09-14,525368335,9811363528,1308,重点词,0.012814178,4.016511516363811,0.008334742158332048,0.010719424267577137,0.0010694056645348493,0.6550935974349561,0.0026821619476326618,1.3966628569801176,0.650431276850692
2026-09-14,525368335,9811363528,1318,重点词,0.068372772,4.016511516363811,0.04542861764315953,0.04525580418562,0.005828809112111126,0.6550935974349561,0.0026821619476326618,1.426712614244952,0.6644255646554674
2026-09-14,525368335,9811363528,1353,重点词,0.03255996,4.016511516363811,0.02010856691472556,0.09984731509863765,0.002580069659718064,0.6550935974349561,0.0026821619476326618,1.3261340459586357,0.6175857376583251
2026-09-14,525368335,9811363528,1672,重点词,0.18934856,4.016511516363811,0.1667490500956849,0.025420757985006374,0.021395068418507225,0.6550935974349561,0.0026821619476326618,1.891,0.880645990102512
2026-09-14,525368335,9811363528,1719,重点词,0.014103313,4.016511516363811,0.010572531856532619,0.015576247592552245,0.0013565297211442177,0.6550935974349561,0.0026821619476326618,1.609711418907802,0.7496488134761399
2026-09-14,525368335,9811363528,1916,重点词,0.41659942,4.016511516363811,0.20812599693391284,0.2967855178030106,0.026704019852082633,0.6550935974349561,0.0026821619476326618,1.0727483051983662,0.49958302134437166
2026-09-14,525368335,9811363528,1952,重点词,6.7333832,4.016511516363811,4.999461109146058,5.484199653422036,0.6414657980028513,0.6550935974349561,0.0026821619476326618,1.5943366521034565,0.7424887253032113
2026-09-14,525368335,9811363528,2078,重点词,0.036576003,4.016511516363811,0.022040972131205955,0.02294095251907471,0.0028280107532064774,0.6550935974349561,0.0026821619476326618,1.2939713718805168,0.6026074563479764
2026-09-14,525368335,9811363528,2354,重点词,0.01727613,4.016511516363811,0.010654790651412888,0.015824358670072917,0.0013670840993759222,0.6550935974349561,0.0026821619476326618,1.3243068471196315,0.6167348041148618
2026-09-14,525368335,9811363528,2557,重点词,0.0360472,4.016511516363811,0.025638881312617195,0.028107832454819976,0.0032896476444253305,0.6550935974349561,0.0026821619476326618,1.527276617171065,0.7112586085082113
2026-09-14,525368335,9811363528,2624,重点词,0.012534055,4.016511516363811,0.007844718349516349,0.01026185032393041,0.0010065321854338088,0.6550935974349561,0.0026821619476326618,1.343927765302868,0.6258723413545216
2026-09-14,525368335,9811363528,2633,重点词,0.25085833,4.016511516363811,0.15064694907018933,0.25379694215325377,0.019329056330735173,0.6550935974349561,0.0026821619476326618,1.2895018834602299,0.6005259983600677
2026-09-14,525368335,9811363528,2742,重点词,0.62938394,4.016511516363811,0.5542644429959199,0.37341693650182584,0.07111600139874127,0.6550935974349561,0.0026821619476326618,1.891,0.880645990102512
2026-09-14,525368335,9811363528,2806,重点词,0.012951381,4.016511516363811,0.007966663831627273,0.010880985138851043,0.0010221786429794077,0.6550935974349561,0.0026821619476326618,1.3208411147999228,0.6151207992126302
2026-09-14,525368335,9811363528,2807,重点词,0.036624596,4.016511516363811,0.025563233134851773,0.04100448085509031,0.003279941454566391,0.6550935974349561,0.0026821619476326618,1.4987634894003856,0.6979799349828124
2026-09-14,525368335,9811363528,2843,重点词,1.1788243,4.016511516363811,0.927341562178539,0.9467822073074399,0.11898440296211707,0.6550935974349561,0.0026821619476326618,1.6891989853942686,0.786666479625962
2026-09-14,525368335,9811363528,2914,重点词,1.3214467,4.016511516363811,0.9842353502148873,0.6006756649547927,0.1262842735576451,0.6550935974349561,0.0026821619476326618,1.599335125075812,0.744816533436337
2026-09-14,525368335,9811363528,2919,重点词,0.025891328,4.016511516363811,0.018235609949723428,0.018399147387764176,0.0023397561923361155,0.6550935974349561,0.0026821619476326618,1.5123633164372785,0.7043134268633663
2026-09-14,525368335,9811363528,2961,重点词,0.89883326,4.016511516363811,0.7036605435630915,0.910221676042117,0.09028456512524334,0.6550935974349561,0.0026821619476326618,1.6810252308435965,0.7828599306206042
2026-09-14,525368335,9811363528,2978,重点词,0.7714118,4.016511516363811,0.679340708387761,0.9283093749199347,0.08716416031811287,0.6550935974349561,0.0026821619476326618,1.891,0.880645990102512
2026-09-14,525368335,9811363528,3073,重点词,0.011093425,4.016511516363811,0.006515055790972541,0.016669808870004577,0.0008359271871009978,0.6550935974349561,0.0026821619476326618,1.2610800475156214,0.5872898397900144
2026-09-14,525368335,9811363528,3313,重点词,0.010333092,4.016511516363811,0.0070761118892756865,0.01637528215245748,0.0009079146053377338,0.6550935974349561,0.0026821619476326618,1.4704645610646967,0.684801014960061
2026-09-14,525368335,9811363528,3575,重点词,0.048006718,4.016511516363811,0.019843516376679617,0.05325657056547934,0.002546061823435932,0.6550935974349561,0.0026821619476326618,0.8875785222789387,0.4133487395801483
2026-09-14,525368335,9811363528,3597,重点词,0.012808461,4.016511516363811,0.008639040399627393,0.01113152875523286,0.0011084492554183322,0.6550935974349561,0.0026821619476326618,1.448300636699136,0.6744791899376039
2026-09-14,525368335,9811363528,4091,重点词,0.012802744,4.016511516363811,0.009963205499199948,0.048158586690093284,0.0012783488913472771,0.6550935974349561,0.0026821619476326618,1.671037489894126,0.7782086011561231
2026-09-14,525368335,9811363528,4212,重点词,0.010633224,4.016511516363811,0.005884284391002349,0.014249623880229982,0.0007549948084694203,0.6550935974349561,0.0026821619476326618,1.1882801936820373,0.5533866672048241
2026-09-14,525368335,9811363528,4437,重点词,0.036984753,4.016511516363811,0.01919954295003577,0.04632084801099472,0.002463435532522493,0.6550935974349561,0.0026821619476326618,1.1147008559181186,0.5191204859482438
2026-09-14,525368335,9811363528,4606,重点词,0.041738262,4.016511516363811,0.01604372912842402,0.02828655063959147,0.0020585225654578525,0.6550935974349561,0.0026821619476326618,0.8253936569462832,0.3843890080622912
2026-09-14,525368335,9811363528,4662,重点词,0.017819225,4.016511516363811,0.00973945874005856,0.02713523731328753,0.0012496406185415112,0.6550935974349561,0.0026821619476326618,1.173643444682932,0.5465702767689706
2026-09-14,525368335,9811363528,4718,重点词,0.74165592,4.016511516363811,0.27076768290750197,0.47327366382164876,0.034741385920953965,0.6550935974349561,0.0026821619476326618,0.7839430743375886,0.36508531194290467
2026-09-14,525368335,9811363528,4760,重点词,0.015246671,4.016511516363811,0.00819811908666024,0.022207057304886143,0.0010518759696772917,0.6550935974349561,0.0026821619476326618,1.1545941708153964,0.5376989564909114
2026-09-14,525368335,9811363528,4938,重点词,0.010538897,4.016511516363811,0.006844452922168784,0.016686541666386844,0.0008781911409571643,0.6550935974349561,0.0026821619476326618,1.3945489002462796,0.6494467990501078
2026-09-14,525368335,9811363528,4969,重点词,2.6736755,4.016511516363811,1.1588987045460155,1.4117645749463832,0.14869480251703712,0.6550935974349561,0.0026821619476326618,0.9307369333357346,0.4334477779917629
2026-09-14,525368335,9811363528,5045,重点词,2.7840324,4.016511516363811,1.076393579008836,1.6943299778542975,0.1381088183406201,0.6550935974349561,0.0026821619476326618,0.8302081264218699,0.3866311250576092
2026-09-14,525368335,9811363528,5070,重点词,1.212116,4.016511516363811,0.5499168037288973,1.0702736957062802,0.07055816889820492,0.6550935974349561,0.0026821619476326618,0.9741884437725357,0.4536833139145901
2026-09-14,525368335,9811363528,5260,重点词,0.088715958,4.016511516363811,0.06164841283194413,0.16172183692855888,0.00790992218351447,0.6550935974349561,0.0026821619476326618,1.4921425682553897,0.694896546480895
2026-09-14,525368335,9811363528,5460,重点词,2.6505111,4.016511516363811,0.9291334832662583,2.034588590118541,0.11921431896014117,0.6550935974349561,0.0026821619476326618,0.7527290042337162,0.3505487991603802
2026-09-14,525368335,9811363528,5596,重点词,0.30052577,4.016511516363811,0.18850591604861652,0.3253472728382555,0.024186626363623873,0.6550935974349561,0.0026821619476326618,1.3468940455100942,0.6272537494825037
2026-09-14,525368335,9811363528,5771,重点词,0.04738073,4.016511516363811,0.02508641758916792,0.03245751488233445,0.0032187626879283796,0.6550935974349561,0.0026821619476326618,1.1369125656414267,0.529464564796024
2026-09-14,525368335,9811363528,5891,重点词,0.032214095,4.016511516363811,0.02035608640848399,0.03122802289221605,0.002611828140506033,0.6550935974349561,0.0026821619476326618,1.3568708657020512,0.6318999931081096
2026-09-14,525368335,9811363528,6343,重点词,0.011496459,4.016511516363811,0.0040261566981565,0.010899600767808411,0.0005165840403364227,0.6550935974349561,0.0026821619476326618,0.7519981041800892,0.35020841618767135
2026-09-14,525368335,9811363528,6490,重点词,0.04746934,4.016511516363811,0.030502636972298307,0.02750920957039189,0.003913701484912378,0.6550935974349561,0.0026821619476326618,1.3797943410857956,0.6425755439679235
2026-09-14,525368335,9811363528,6522,重点词,8.9301843,4.016511516363811,3.318330644635447,10.071290501439936,0.4257650111737686,0.6550935974349561,0.0026821619476326618,0.7979017227603115,0.3715859083261525
2026-09-14,525368335,9811363528,6607,重点词,0.76460025,4.016511516363811,0.38674348418907545,0.49569339606920987,0.04962189169826798,0.6550935974349561,0.0026821619476326618,1.086122315241516,0.5058113493803794
2026-09-15,63563817,1841014603,9,重点词,2.397,3.4979196789648097,3.6663248904721546,10.928579623289057,0.47041510480039406,0.9933093224035963,0.03127548205420207,1.0658426018017386,1.5295473051615165
2026-09-15,63563817,1841014603,726,重点词,0.51791819,3.4979196789648097,0.6109660702088257,1.1922031290801225,0.07839121641774546,0.9933093224035963,0.03127548205420207,0.8220270143745364,1.1796574864629212
2026-09-15,63563817,1841014603,1567,重点词,0.07644035,3.4979196789648097,0.09753382559834234,0.31790288343072315,0.012514271419224633,0.9933093224035963,0.03127548205420207,0.8891248612676318,1.2759468735862975
2026-09-15,63563817,1841014603,1667,重点词,0.18042954,3.4979196789648097,0.20573933523632842,0.4620391535936331,0.026397794477591156,0.9933093224035963,0.03127548205420207,0.7945840667332882,1.1402752300777823
2026-09-15,63563817,1841014603,2123,潜力词,0.012944882,3.4979196789648097,0.016790868961131418,0.03975125251580445,0.002154385827226325,0.9933093224035963,0.03127548205420207,0.9038684725554073,1.2971048296254395
2026-09-15,63563817,1841014603,2478,重点词,0.1003638,3.4979196789648097,0.11957800372182051,0.6886307354640605,0.01534269352364405,0.9933093224035963,0.03127548205420207,0.8302413592923759,1.1914455582771926
2026-09-15,63563817,1841014603,2505,黄金词,0.012596682,3.4979196789648097,0.01567276626918844,0.04865102471942633,0.00201092543822075,0.9933093224035963,0.03127548205420207,0.8670011088598055,1.244197977625254
2026-09-15,63563817,1841014603,2570,重点词,0.021178811,3.4979196789648097,0.028704394374584816,0.09767485367920492,0.003682974392979457,0.9933093224035963,0.03127548205420207,0.94444566027948,1.355335498984566
2026-09-15,63563817,1841014603,2892,重点词,0.063024373,3.4979196789648097,0.07945157805838365,0.2384823452682293,0.010194192695802799,0.9933093224035963,0.03127548205420207,0.878464378369316,1.2606484487895446
2026-09-15,63563817,1841014603,2985,重点词,0.23356091,3.4979196789648097,0.30065355922477116,0.8006866487401865,0.0385759527037219,0.9933093224035963,0.03127548205420207,0.8970080750566706,1.2872597526048821
2026-09-15,63563817,1841014603,3169,潜力词,0.011593044,3.4979196789648097,0.01607912281606106,0.03757390842500373,0.0020630638229231467,0.9933093224035963,0.03127548205420207,0.9664848042125128,1.3869629767696094
2026-09-15,63563817,1841014603,3304,潜力词,0.01573049,3.4979196789648097,0.021315989292630653,0.04925921784219116,0.002734990388624721,0.9933093224035963,0.03127548205420207,0.944263938516175,1.3550747174837308
2026-09-15,63563817,1841014603,3501,重点词,0.02763077,3.4979196789648097,0.03596324306567743,0.14394683605892886,0.004614335407008628,0.9933093224035963,0.03127548205420207,0.9069764745982065,1.3015649967654694
2026-09-15,63563817,1841014603,4713,黄金词,0.014726852,3.4979196789648097,0.0194365015700524,0.05189830968568305,0.0024938389794069084,0.9933093224035963,0.03127548205420207,0.9196833779538147,1.3198001562080206
2026-09-15,63563817,1841014603,4827,重点词,0.028962126,3.4979196789648097,0.0360914870221059,0.08912614640064959,0.004630790002824752,0.9933093224035963,0.03127548205420207,0.8683693760874969,1.2461615221930151
2026-09-15,63563817,1841014603,4868,潜力词,0.012678611,3.4979196789648097,0.016512523848595567,0.0405934277216203,0.002118672204130755,0.9933093224035963,0.03127548205420207,0.9075528866910005,1.3023921822820788
2026-09-15,63563817,1841014603,5134,重点词,0.14110332,3.4979196789648097,0.1866950650831551,0.46354304303930544,0.02395428152999792,0.9933093224035963,0.03127548205420207,0.9219890599811319,1.3231089465730153
2026-09-15,63563817,1841014603,5307,重点词,0.18061388,3.4979196789648097,0.19470735894627708,0.29689052211047684,0.024982314824894134,0.9933093224035963,0.03127548205420207,0.751210077590017,1.0780309849180865
2026-09-15,63563817,1841014603,5374,重点词,0.078488591,3.4979196789648097,0.10351931209331587,0.17367422774825658,0.013282251164863517,0.9933093224035963,0.03127548205420207,0.9190624156893463,1.3189090385546083
2026-09-15,63563817,1841014603,5418,重点词,0.034410447,3.4979196789648097,0.044465629566521316,0.12608911040432866,0.005705251012235542,0.9933093224035963,0.03127548205420207,0.9004597258442956,1.2922130760615032
2026-09-15,63563817,1841014603,5592,潜力词,0.014562993,3.4979196789648097,0.019266494154862562,0.043416659056536244,0.002472025839976411,0.9933093224035963,0.03127548205420207,0.9218966060511322,1.3229762697038008
2026-09-15,63563817,1841014603,6083,重点词,0.26004466,3.4979196789648097,0.322194862879688,1.162363074661631,0.04133985249959073,0.9933093224035963,0.03127548205420207,0.8633777126508505,1.238998189309821
2026-09-15,63563817,1841014603,6149,重点词,0.37558593,3.4979196789648097,0.4426714657675504,2.6857162819192686,0.05679784257591228,0.9933093224035963,0.03127548205420207,0.821301045862953,1.178615678621269
2026-09-15,63563817,1841014603,6352,重点词,0.12508607,3.4979196789648097,0.15560783447137733,0.7251387325280384,0.01996557259582865,0.9933093224035963,0.03127548205420207,0.866867403792291,1.244006102928786
2026-09-15,63563817,2874903000,193,潜力词,0.010561385,3.616785521309269,0.013831481064316893,0.013442047433557942,0.0017746756789950974,1.0313161285380612,0.021471533794387786,1.086220855326685,1.3096275786098976
2026-09-15,63563817,2874903000,431,重点词,0.26615564,3.616785521309269,0.33433811952391174,0.5560304406853717,0.042897917187680865,1.0313161285380612,0.021471533794387786,1.0418868262677319,1.256175219596743
2026-09-15,63563817,2874903000,648,潜力词,0.012660542,3.616785521309269,0.015183041701644723,0.01471993010277088,0.0019480903538660905,1.0313161285380612,0.021471533794387786,0.9946649429695866,1.1992410515793654
2026-09-15,63563817,2874903000,1812,潜力词,0.016006074,3.616785521309269,0.018245497244798407,0.017688974937389374,0.002341024801389551,1.0313161285380612,0.021471533794387786,0.9454557516338606,1.1399108391475892
2026-09-15,63563817,2874903000,2275,重点词,0.57735571,3.616785521309269,0.6831318490574521,0.689069199468021,0.0876505901596363,1.0313161285380612,0.021471533794387786,0.9813668713921166,1.1832079205685038
2026-09-15,63563817,2874903000,2561,重点词,0.88116498,3.616785521309269,1.0538495518079138,0.9358256120008016,0.1352162621064728,1.0313161285380612,0.021471533794387786,0.9919544072938071,1.195973030848223
2026-09-15,63563817,2874903000,2574,潜力词,0.010102194,3.616785521309269,0.011315972077149464,0.010901781717317198,0.0014519182968274992,1.0313161285380612,0.021471533794387786,0.9290658304467183,1.1201499473430687
2026-09-15,63563817,2874903000,2669,潜力词,0.016049806,3.616785521309269,0.02094279559933048,0.024620318696482187,0.0026871070297874093,1.0313161285380612,0.021471533794387786,1.0822689321574908,1.304862850013918
2026-09-15,63563817,2874903000,2797,潜力词,0.011829626,3.616785521309269,0.014385607377065601,0.013946819039123901,0.0018457739573178268,1.0313161285380612,0.021471533794387786,1.008619855985804,1.2160661188329709
2026-09-15,63563817,2874903000,3163,重点词,1.08,3.616785521309269,1.2522946576797704,1.0954034481234172,0.16067815598238971,1.0313161285380612,0.021471533794387786,0.9617298533053006,1.1595320904442319
2026-09-15,63563817,2874903000,3422,潜力词,0.015918609,3.616785521309269,0.019932903981183983,0.017987989625417145,0.002557530877760619,1.0313161285380612,0.021471533794387786,1.038570025436321,1.252176241101467
2026-09-15,63563817,2874903000,4527,重点词,0.22638099,3.616785521309269,0.2636319781200183,0.362958715686,0.03382582513032351,1.0313161285380612,0.021471533794387786,0.9658917539402204,1.1645499832826878
2026-09-15,63563817,2874903000,4667,重点词,0.017624174,3.616785521309269,0.03360066278193666,0.056790069624011404,0.004311199846201268,1.0313161285380612,0.021471533794387786,1.581282254070204,1.9065099324335233
2026-09-15,63563817,2874903000,4798,重点词,0.23014198,3.616785521309269,0.33340637486050057,0.36133706546244126,0.04277836783606044,1.0313161285380612,0.021471533794387786,1.2015680704125389,1.4486986462030984
2026-09-15,63563817,2874903000,4860,重点词,0.10065022,3.616785521309269,0.13459106084609357,0.3286053858530318,0.01726897366833131,1.0313161285380612,0.021471533794387786,1.1091028279963016,1.337215764119478
2026-09-15,63563817,2874903000,5241,潜力词,0.014038114,3.616785521309269,0.01647081414330417,0.01734099088523208,0.002113320557462225,1.0313161285380612,0.021471533794387786,0.9731429185171807,1.1732925194441484
2026-09-15,63563817,2874903000,5532,重点词,0.14991481,3.616785521309269,0.17142290836186802,0.30464196021266815,0.021994757096349845,1.0313161285380612,0.021471533794387786,0.9484067697257158,1.1434688031280433
2026-09-15,63563817,2874903000,6282,重点词,0.35438585,3.616785521309269,0.4345392396020245,0.5393555007486326,0.05575442112849557,1.0313161285380612,0.021471533794387786,1.0170046813544413,1.2261754796418212
2026-09-15,63563817,4190988309,9,重点词,0.016083926,3.853998081674222,0.01529521805835429,0.09079202319059307,0.001962483364353184,0.8115340872561498,0.004914603179809784,0.8474762476127844,0.9509629712518132
2026-09-15,63563817,4190988309,2478,重点词,0.047987411,3.853998081674222,0.04898625803094867,0.16401818891980222,0.006285279235698132,0.8115340872561498,0.004914603179809784,0.90972656018076,1.0208147722524283
2026-09-15,63563817,4190988309,2941,重点词,0.018132774,3.853998081674222,0.021228546318408974,0.19376440407621923,0.002723770843954949,0.8115340872561498,0.004914603179809784,1.043325771978765,1.1707280043532762
2026-09-15,63563817,4190988309,4097,重点词,0.017523785,3.853998081674222,0.017852292357476835,0.3157815543061292,0.0022905738665152053,0.8115340872561498,0.004914603179809784,0.9078832478445038,1.0187463700037882
2026-09-15,63563817,4190988309,4101,重点词,0.015852605,3.853998081674222,0.019356432949794753,0.06392679730970048,0.0024835656158848684,0.8115340872561498,0.004914603179809784,1.0881496267703072,1.22102537405018
2026-09-15,63563817,4190988309,4177,重点词,0.288,3.853998081674222,0.3287577378449764,2.5595518637702463,0.042181915220930864,0.8115340872561498,0.004914603179809784,1.0172962041913531,1.1415199230728348
2026-09-15,63563817,4190988309,5374,重点词,0.034802085,3.853998081674222,0.031582577887941304,0.09088012881475359,0.0040522654513329886,0.8115340872561498,0.004914603179809784,0.8087350039600538,0.9074909703812659
2026-09-15,63563817,4190988309,6083,重点词,0.010806019,3.853998081674222,0.012391879676397505,0.07414032557051976,0.0015899647605686403,0.8115340872561498,0.004914603179809784,1.0219635102488476,1.14675716157796
2026-09-15,63563817,4190988310,925,重点词,0.078918465,3.739550942646773,0.08958109928045375,0.15329806283335112,0.011493881056657329,1.125454097327991,0.01767517707902676,1.0128412784537915,1.1351094991578177
2026-09-15,63563817,4190988310,1186,重点词,0.039769764,3.739550942646773,0.046022172344486655,0.07375758433996181,0.0059049663282256006,1.125454097327991,0.01767517707902676,1.0325657970761637,1.1572151231394447
2026-09-15,63563817,4190988310,1567,重点词,0.26532434,3.739550942646773,0.2948830094226744,0.9953197041593872,0.037835550837819705,1.125454097327991,0.01767517707902676,0.9916908180407442,1.111405796477905
2026-09-15,63563817,4190988310,1667,重点词,0.067580435,3.739550942646773,0.07083784309311965,0.1606331739035543,0.00908899030445508,1.125454097327991,0.01767517707902676,0.9352936393856561,1.048200460578859
2026-09-15,63563817,4190988310,2123,重点词,0.052609903,3.739550942646773,0.058403980557962976,0.14900947684947655,0.007493638849719118,1.125454097327991,0.01767517707902676,0.9905549699611331,1.1101328310368292
2026-09-15,63563817,4190988310,2892,重点词,0.10706133,3.739550942646773,0.1236578322213141,0.2134474436583067,0.015866164031166297,1.125454097327991,0.01767517707902676,1.0306059116613264,1.1550186441856654
2026-09-15,63563817,4190988310,2985,重点词,0.867,3.739550942646773,0.9813505685193541,1.604868437741356,0.12591413590640826,1.125454097327991,0.01767517707902676,1.009970562421079,1.131892235893142
2026-09-15,63563817,4190988310,3169,重点词,0.75649212,3.739550942646773,0.8378760583433074,1.222813400197037,0.10750535360889658,1.125454097327991,0.01767517707902676,0.9882777256075258,1.1075806821931038
2026-09-15,63563817,4190988310,3304,重点词,0.012479054,3.739550942646773,0.013823318493661288,0.03224813089056228,0.0017736283641375473,1.125454097327991,0.01767517707902676,0.9884035238334044,1.1077216665350826
2026-09-15,63563817,4190988310,4403,重点词,0.018610257,3.739550942646773,0.021800784683378923,0.1439858686729319,0.0027971930251499927,1.125454097327991,0.01767517707902676,1.0452577340844087,1.1714392059915626
2026-09-15,63563817,4190988310,4675,重点词,0.016277655,3.739550942646773,0.018761234831379325,0.06200955755016115,0.002407197537873284,1.125454097327991,0.01767517707902676,1.0284263954337955,1.1525760210164995
2026-09-15,63563817,4190988310,4773,重点词,0.14871595,3.739550942646773,0.14970521802626027,0.24645996471910936,0.01920822565670655,1.125454097327991,0.01767517707902676,0.8982206247749116,1.0066520640607834
2026-09-15,63563817,4190988310,4791,重点词,0.017960306,3.739550942646773,0.01855668868739559,0.1186962712802925,0.0023809528381717707,1.125454097327991,0.01767517707902676,0.921913946446181,1.0332055972429195
2026-09-15,63563817,4190988310,4827,重点词,0.06958806,3.739550942646773,0.07657190097350051,0.2500513166114337,0.009824710001784882,1.125454097327991,0.01767517707902676,0.9818346040729282,1.1003597596125043
2026-09-15,63563817,4190988310,5010,重点词,0.04587208,3.739550942646773,0.05257646279027024,0.09739254161307856,0.0067459275957221215,1.125454097327991,0.01767517707902676,1.0226960208962543,1.1461538868581986
2026-09-15,63563817,4190988310,5134,重点词,0.1215769,3.739550942646773,0.146836814453338,0.8577892694825905,0.018840189433055814,1.125454097327991,0.01767517707902676,1.0776742933136458,1.2077690289301504
2026-09-15,63563817,4190988310,5267,重点词,0.080131706,3.739550942646773,0.09546065436545241,0.21119327351421213,0.0122482690621167,1.125454097327991,0.01767517707902676,1.0629764740814327,1.1912969176701718
2026-09-15,63563817,4190988310,5330,重点词,0.087815568,3.739550942646773,0.09661227833514796,0.7584912935018445,0.012396030465314442,1.125454097327991,0.01767517707902676,0.9816675694706871,1.1001725609193573
2026-09-15,63563817,4190988310,5418,重点词,0.010962503,3.739550942646773,0.011482283490341067,0.059079723642656505,0.0014732572133728777,1.125454097327991,0.01767517707902676,0.9345922482847276,1.047414398914287
2026-09-15,63563817,4190988310,6325,重点词,0.060308208,3.739550942646773,0.07261086845162905,0.13748132051900527,0.009316481848372658,1.125454097327991,0.01767517707902676,1.0743080790771709,1.203996451886434
2026-09-15,63563817,4190988310,6352,重点词,0.050674494,3.739550942646773,0.05445575467134499,0.31292967076862016,0.006987053877106437,1.125454097327991,0.01767517707902676,0.958866166601299,1.0746186172346386
2026-09-15,495403620,8878077181,1048,重点词,2.0474467,1.2404606684711723,6.268276909690196,65.70977663911505,0.8042637320693276,0.6645263826522185,0.7024783124989296,1.3251904619835033,3.0615092005521785
2026-09-15,495403620,8878077181,1607,重点词,1.8624524,1.2404606684711723,3.2677683426523876,33.25778235141402,0.41927751448515765,0.6645263826522185,0.7024783124989296,0.7594668316721939,1.7545513338501364
2026-09-15,495403620,8878077181,3989,重点词,50.322,1.2404606684711723,129.119477548429,1273.6422891951045,16.566931294213315,0.6645263826522185,0.7024783124989296,1.1106484099278418,2.56586537793468
2026-09-15,495403620,8878077181,5778,重点词,50.322,1.2404606684711723,95.1697516002115,1004.2766399423102,12.210944204422512,0.6645263826522185,0.7024783124989296,0.8186226841597737,1.8912156035175767
2026-09-15,495403620,9628223555,104,重点词,0.040985302,3.72778153178567,0.05458565007873132,0.07121567991547492,0.007003720365621278,0.7240426406745638,0.01053421365563089,0.9949419901309582,1.3318347655149965
2026-09-15,495403620,9628223555,400,重点词,0.015458293,3.72778153178567,0.02031511462505894,0.030891346095799112,0.0026065711743697693,0.7240426406745638,0.01053421365563089,0.9817595964889454,1.314188741606783
2026-09-15,495403620,9628223555,444,重点词,2.2242735,3.72778153178567,2.6054974297097377,23.642131456522733,0.3343035282113857,0.7240426406745638,0.01053421365563089,0.8750842636258296,1.1713925601818922
2026-09-15,495403620,9628223555,665,重点词,0.17382113,3.72778153178567,0.21612469494386496,0.2683494247381454,0.027730308704005346,0.7240426406745638,0.01053421365563089,0.9288578100749727,1.243374122259273
2026-09-15,495403620,9628223555,700,重点词,0.021780193,3.72778153178567,0.03362044589842254,0.05766616854633239,0.004313738158296622,0.7240426406745638,0.01053421365563089,1.1531589073579795,1.543624792416786
2026-09-15,495403620,9628223555,875,重点词,0.20390076,3.72778153178567,0.3106277341741717,0.36368640606202873,0.039855709052187646,0.7240426406745638,0.01053421365563089,1.1380695327621002,1.523426073420088
2026-09-15,495403620,9628223555,1018,重点词,0.019983668,3.72778153178567,0.024630616784866766,0.09175772139865743,0.0031602802594669407,0.7240426406745638,0.01053421365563089,0.9207622259184725,1.2325373292263846
2026-09-15,495403620,9628223555,1257,重点词,0.041279208,3.72778153178567,0.054789491480062846,0.08422336571465334,0.007029874641915565,0.7240426406745638,0.01053421365563089,0.9915470487068746,1.3272902784390352
2026-09-15,495403620,9628223555,1318,重点词,0.26556265,3.72778153178567,0.38906376591783953,0.4294227516725527,0.049919600058877134,0.7240426406745638,0.01053421365563089,1.0944633050393224,1.4650545395515504
2026-09-15,495403620,9628223555,1655,重点词,0.18851643,3.72778153178567,0.24441392617818852,0.2729857827570207,0.031360014764807584,0.7240426406745638,0.01053421365563089,0.9685547010650728,1.2965125966908482
2026-09-15,495403620,9628223555,1676,重点词,0.052558585,3.72778153178567,0.06175035631348304,0.17504614288757375,0.007923002244606837,0.7240426406745638,0.01053421365563089,0.877694175185229,1.1748862020064474
2026-09-15,495403620,9628223555,1735,重点词,0.012135791,3.72778153178567,0.01857889537281162,0.025298197685292498,0.002383802111097473,0.7240426406745638,0.01053421365563089,1.143666008037552,1.53091754569699
2026-09-15,495403620,9628223555,1802,重点词,0.042306907,3.72778153178567,0.046883596986972705,0.1400156421331572,0.0060154931297444186,0.7240426406745638,0.01053421365563089,0.8278603085421157,1.1081783167692383
2026-09-15,495403620,9628223555,2541,重点词,4.2211358,3.72778153178567,7.777445555410638,22.730178690736345,0.9979006158280453,0.7240426406745638,0.01053421365563089,1.3764329739739405,1.8425006737311407
2026-09-15,495403620,9628223555,2584,重点词,0.022574324,3.72778153178567,0.0566364450315078,0.04308594730637099,0.0072668516896186525,0.7240426406745638,0.01053421365563089,1.874254854512452,2.508887753693435
2026-09-15,495403620,9628223555,2633,重点词,0.011721209,3.72778153178567,0.014901900880821328,0.038268502252626305,0.0019120180218599998,0.7240426406745638,0.01053421365563089,0.9497661196631086,1.2713620993210963
2026-09-15,495403620,9628223555,2723,重点词,0.06618921,3.72778153178567,0.09900302260876662,0.21675879355669833,0.01270277966284135,0.7240426406745638,0.01053421365563089,1.1174000054714455,1.4957577316418584
2026-09-15,495403620,9628223555,2780,重点词,0.018627029,3.72778153178567,0.023357955106516462,0.06476278208129761,0.002996988872401812,0.7240426406745638,0.01053421365563089,0.9367822246137627,1.2539817867098646
2026-09-15,495403620,9628223555,2843,重点词,0.029322486,3.72778153178567,0.03758948402774684,0.053273829703394435,0.004822993487090575,0.7240426406745638,0.01053421365563089,0.9576636198193894,1.2819337360327103
2026-09-15,495403620,9628223555,2874,重点词,1.0580503,3.72778153178567,1.025684630495924,5.488133585625184,0.13160250587742015,0.7240426406745638,0.01053421365563089,0.7241940392913709,0.9694100842804202
2026-09-15,495403620,9628223555,2996,重点词,0.014553218,3.72778153178567,0.018158514114007394,0.10625905737482179,0.0023298642578454543,0.7240426406745638,0.01053421365563089,0.9321132590934539,1.2477318840415497
2026-09-15,495403620,9628223555,2997,重点词,0.036002524,3.72778153178567,0.04381731063935592,0.08255786833405888,0.005622067163237558,0.7240426406745638,0.01053421365563089,0.9092015818871546,1.2170621881775823
2026-09-15,495403620,9628223555,3165,重点词,0.010401551,3.72778153178567,0.015496519442714974,0.022203568497553082,0.0019883117387197286,0.7240426406745638,0.01053421365563089,1.112970044321194,1.489827761524697
2026-09-15,495403620,9628223555,3374,重点词,0.46691752,3.72778153178567,0.3869604644019967,3.3070182962989514,0.0496497317759071,0.7240426406745638,0.01053421365563089,0.6191185809082594,0.8287555035458869
2026-09-15,495403620,9628223555,3382,重点词,0.29838281,3.72778153178567,0.2461944663288213,1.3076059176223995,0.03158847050907016,0.7240426406745638,0.01053421365563089,0.616384771328776,0.8250960111570144
2026-09-15,495403620,9628223555,3393,重点词,0.058068838,3.72778153178567,0.05987124028971534,0.13262450902324852,0.007681898526943959,0.7240426406745638,0.01053421365563089,0.7702337281389124,1.0310390624609251
2026-09-15,495403620,9628223555,3575,重点词,0.031194921,3.72778153178567,0.02881226316948256,0.09164594244956535,0.003696814713183589,0.7240426406745638,0.01053421365563089,0.689986979745889,0.9236203281131105
2026-09-15,495403620,9628223555,3989,重点词,0.020643497,3.72778153178567,0.02448321242227718,0.14841703089633748,0.0031413672496418115,0.7240426406745638,0.01053421365563089,0.8859975988073572,1.1860012100797253
2026-09-15,495403620,9628223555,4188,重点词,0.29842952,3.72778153178567,0.2722394179949887,1.0510174824277811,0.03493021981759462,0.7240426406745638,0.01053421365563089,0.6814855317304676,0.9122402435087141
2026-09-15,495403620,9628223555,4321,重点词,0.017365763,3.72778153178567,0.022300891202074492,0.09738099555377941,0.002861360186389552,0.7240426406745638,0.01053421365563089,0.9593470888251421,1.2841872368104121
2026-09-15,495403620,9628223555,4634,重点词,0.073059995,3.72778153178567,0.06953276887881905,0.2831985654271438,0.00892154016251923,0.7240426406745638,0.01053421365563089,0.7109798597535864,0.9517215115990502
2026-09-15,495403620,9628223555,4865,重点词,0.012065721,3.72778153178567,0.01823212037210983,0.022700636369893903,0.0023393084551421,0.7240426406745638,0.01053421365563089,1.1288372016544694,1.5110676247287527
2026-09-15,495403620,9628223555,5249,重点词,0.07234956,3.72778153178567,0.06743305248741945,0.06936051118575967,0.008652131876069157,0.7240426406745638,0.01053421365563089,0.696280668764194,0.9320450945025713
2026-09-15,495403620,9628223555,5703,重点词,0.47360729,3.72778153178567,0.3945757537646223,0.8630520450761078,0.05062682661900582,0.7240426406745638,0.01053421365563089,0.6223854466686312,0.8331285478410231
2026-09-15,495403620,9628223555,5705,重点词,0.026161535,3.72778153178567,0.022560367062731682,0.08254533867322578,0.002894652752605228,0.7240426406745638,0.01053421365563089,0.6442142868700049,0.8623487521940774
2026-09-15,495403620,9628223555,5964,重点词,0.34533188,3.72778153178567,0.32279503052024267,0.47054109958692614,0.041416858202021255,0.7240426406745638,0.01053421365563089,0.6982928253058283,0.93473857820553
2026-09-15,495403620,9628223555,6027,重点词,0.097658573,3.72778153178567,0.0790894100330342,0.5722240783186915,0.010147724007214162,0.7240426406745638,0.01053421365563089,0.605,0.8098562942654732
2026-09-15,495403620,9628223555,6261,重点词,3.6819563,3.72778153178567,5.177093384022549,4.136055769913493,0.6642572602159003,0.7240426406745638,0.01053421365563089,1.050400166385009,1.406071382222149
2026-09-15,495403620,9628223555,6298,重点词,0.38599797,3.72778153178567,0.37362861291661703,0.7405422572054964,0.04793916206344757,0.7240426406745638,0.01053421365563089,0.7231069233300781,0.9679548649352145
2026-09-15,495403620,9628223555,6360,重点词,2.0896393,3.72778153178567,2.258162508575655,5.775232769235484,0.2897380305516613,0.7240426406745638,0.01053421365563089,0.8072931695439771,1.0806470325168822
2026-09-15,495403620,9628223555,6474,重点词,0.023364561,3.72778153178567,0.02530722504438712,0.06303136566508055,0.003247093827500212,0.7240426406745638,0.01053421365563089,0.8091598298266673,1.0831457541353815
2026-09-15,495403620,9628223555,6500,重点词,0.02265218,3.72778153178567,0.02883584124023171,0.1196371536837406,0.0036998399444311734,0.7240426406745638,0.01053421365563089,0.950977046377095,1.2729830524140153
2026-09-15,495403620,9628223555,6574,重点词,0.010960167,3.72778153178567,0.014479946163353387,0.05973727679526605,0.001857878282865636,0.7240426406745638,0.01053421365563089,0.9869546291069018,1.3211428405564793
2026-09-15,495403620,9628223555,6617,重点词,0.061948009,3.72778153178567,0.08090422980959715,0.10668880640820327,0.010380578067039653,0.7240426406745638,0.01053421365563089,0.9756437972401659,1.3060020994314305
2026-09-15,495817671,9630806627,110,重点词,0.34646563,3.6920263330662055,0.34123091163608993,0.7809359347815626,0.04378231058452466,0.8453214274339796,0.012001645049731148,0.9257197166460085,0.9848910890124655
2026-09-15,495817671,9630806627,235,重点词,0.015112765,3.6920263330662055,0.01788682428715091,0.03325583133400729,0.0022950045544116336,0.8453214274339796,0.012001645049731148,1.1124502990184397,1.1835573627427483
2026-09-15,495817671,9630806627,299,重点词,0.01477462,3.6920263330662055,0.0177905103090895,0.03598097932712612,0.0022826467979560495,0.8453214274339796,0.012001645049731148,1.1317835871591064,1.204126421463936
2026-09-15,495817671,9630806627,308,重点词,0.010132144,3.6920263330662055,0.013909304484771864,0.02383435083950276,0.0017846609676923399,0.8453214274339796,0.012001645049731148,1.2903138723127348,1.3727898542274828
2026-09-15,495817671,9630806627,353,重点词,0.36055785,3.6920263330662055,0.46417093100705564,0.45084153588793485,0.0595563742107047,0.8453214274339796,0.012001645049731148,1.210024849596695,1.287368811986913
2026-09-15,495817671,9630806627,444,重点词,0.029460125,3.6920263330662055,0.035665172155573965,0.16550062346314107,0.004576090826235478,0.8453214274339796,0.012001645049731148,1.1378920026173387,1.2106252826684871
2026-09-15,495817671,9630806627,505,重点词,0.015631579,3.6920263330662055,0.019354712207394712,0.0279242722384354,0.002483344832609891,0.8453214274339796,0.012001645049731148,1.1637914810237517,1.2381802380549471
2026-09-15,495817671,9630806627,679,重点词,0.024494154,3.6920263330662055,0.038681434290079274,0.027725746029727993,0.004963098336616275,0.8453214274339796,0.012001645049731148,1.48433330039289,1.5792108717075621
2026-09-15,495817671,9630806627,815,重点词,0.28060547,3.6920263330662055,0.4094293020868827,0.4398943162098058,0.052532640669700606,0.8453214274339796,0.012001645049731148,1.3714314165508554,1.4590923765202535
2026-09-15,495817671,9630806627,1089,重点词,0.04844874,3.6920263330662055,0.059859164678330405,0.10685402203920072,0.0076803491416153604,0.8453214274339796,0.012001645049731148,1.1612867498227253,1.2355154061453488
2026-09-15,495817671,9630806627,1164,重点词,0.028944973,3.6920263330662055,0.03598198558006621,0.06597168446043357,0.004616740202582892,0.8453214274339796,0.012001645049731148,1.1684315681344528,1.2431169163663138
2026-09-15,495817671,9630806627,1207,重点词,0.014093447,3.6920263330662055,0.0167190667653823,0.024969510877709558,0.002145173103736927,0.8453214274339796,0.012001645049731148,1.1150288673126525,1.186300751362126
2026-09-15,495817671,9630806627,1424,重点词,0.31648058,3.6920263330662055,0.4186822224113128,0.027202341566256123,0.05371985500944395,0.8453214274339796,0.012001645049731148,1.2434512423886321,1.3229317969883423
2026-09-15,495817671,9630806627,1438,重点词,0.23348001,3.6920263330662055,0.22126896775330546,0.22980980086354239,0.028390354855142574,0.8453214274339796,0.012001645049731148,0.890762883005918,0.9476998384285895
2026-09-15,495817671,9630806627,1590,重点词,0.01548387,3.6920263330662055,0.016537058367646185,0.027880083303826766,0.002121820154379359,0.8453214274339796,0.012001645049731148,1.003852831903703,1.068018419661634
2026-09-15,495817671,9630806627,1738,重点词,0.019829705,3.6920263330662055,0.0237060329306414,0.027952300337903295,0.003041649689706887,0.8453214274339796,0.012001645049731148,1.1236574500768048,1.1954808672464567
2026-09-15,495817671,9630806627,1817,重点词,0.014101992,3.6920263330662055,0.019246849068844874,0.01883716521475729,0.0024695052381547232,0.8453214274339796,0.012001645049731148,1.2828340604023614,1.3648319378457223
2026-09-15,495817671,9630806627,1924,重点词,0.20132937,3.6920263330662055,0.17424774094288523,0.18555131343796846,0.022357202857252297,0.8453214274339796,0.012001645049731148,0.8134883306459086,0.8654859494314477
2026-09-15,495817671,9630806627,1981,重点词,0.045883965,3.6920263330662055,0.05276595307859302,0.0638731048964491,0.006770240523927602,0.8453214274339796,0.012001645049731148,1.080896604997129,1.1499867781390083
2026-09-15,495817671,9630806627,2019,重点词,0.11008636,3.6920263330662055,0.15826061025227992,0.19511653744293123,0.020305942266893053,0.8453214274339796,0.012001645049731148,1.3512342026651407,1.4376041705101335
2026-09-15,495817671,9630806627,2438,重点词,0.08103274,3.6920263330662055,0.10023552644628952,0.10334292898184529,0.012860918518293563,0.8453214274339796,0.012001645049731148,1.1626592660141783,1.2369756526348425
2026-09-15,495817671,9630806627,2533,重点词,2.3648767,3.6920263330662055,3.2811465182589945,2.753222067915939,0.4209940279060972,0.8453214274339796,0.012001645049731148,1.304092590257495,1.387449298417543
2026-09-15,495817671,9630806627,2541,重点词,0.20995268,3.6920263330662055,0.18401438587515978,0.8989640829729271,0.0236103316542402,0.8453214274339796,0.012001645049731148,0.8237997570918812,0.8764564752169859
2026-09-15,495817671,9630806627,2586,重点词,0.20459729,3.6920263330662055,0.16338791580992085,0.252423734474205,0.02096381140105227,0.8453214274339796,0.012001645049731148,0.7506048419413414,0.7985829910548711
2026-09-15,495817671,9630806627,2821,重点词,0.16202275,3.6920263330662055,0.18235502759792535,0.3558088997497085,0.023397424391189074,0.8453214274339796,0.012001645049731148,1.0578718190071168,1.1254902635458623
2026-09-15,495817671,9630806627,2899,重点词,0.19163791,3.6920263330662055,0.2978577947549816,0.2493164688936966,0.03821723658462643,0.8453214274339796,0.012001645049731148,1.4608944851817247,1.5542738634280744
2026-09-15,495817671,9630806627,2933,重点词,0.34665362,3.6920263330662055,0.4409076974793134,0.6581379201369589,0.05657153877880177,0.8453214274339796,0.012001645049731148,1.1954825651998457,1.2718969946983776
2026-09-15,495817671,9630806627,2987,重点词,0.054059263,3.6920263330662055,0.07871626566673282,0.023209413568945878,0.010099846977375506,0.8453214274339796,0.012001645049731148,1.3686287787355185,1.4561105960089173
2026-09-15,495817671,9630806627,3135,重点词,0.029331948,3.6920263330662055,0.03298286177581218,0.060411215756101366,0.004231931659741009,0.8453214274339796,0.012001645049731148,1.0569117691471372,1.124468847954189
2026-09-15,495817671,9630806627,3157,重点词,0.010862147,3.6920263330662055,0.015014892425384237,0.015219179868011154,0.0019265156266454486,0.8453214274339796,0.012001645049731148,1.2992653449853768,1.3823134989228405
2026-09-15,495817671,9630806627,3215,重点词,0.024886011,3.6920263330662055,0.023827279261387044,0.23988180407371373,0.003057206441246446,0.8453214274339796,0.012001645049731148,0.8999336099356339,0.9574567519634642
2026-09-15,495817671,9630806627,3327,重点词,0.01028962,3.6920263330662055,0.01144654209131745,0.020700996011616166,0.0014686713421067767,0.8453214274339796,0.012001645049731148,1.0456016956390028,1.1124358422679799
2026-09-15,495817671,9630806627,3567,重点词,4.0888354,3.6920263330662055,3.957084653585708,7.7983554727332445,0.5077216143222999,0.8453214274339796,0.012001645049731148,0.9096346994975919,0.9677779285479939
2026-09-15,495817671,9630806627,3575,重点词,0.15215795,3.6920263330662055,0.10177987963599779,0.34474114525926836,0.013059069824925823,0.8453214274339796,0.012001645049731148,0.628721902786872,0.6689093776302704
2026-09-15,495817671,9630806627,3587,重点词,0.16253913,3.6920263330662055,0.17282955166751598,0.3226893492669784,0.02217523926250014,0.8453214274339796,0.012001645049731148,0.9994276908846464,1.0633104266493612
2026-09-15,495817671,9630806627,3905,重点词,0.014116641,3.6920263330662055,0.013530070165680025,0.04503651741506254,0.0017360025543522936,0.8453214274339796,0.012001645049731148,0.90086555985824,0.9584482714889488
2026-09-15,495817671,9630806627,3989,重点词,1.0059828,3.6920263330662055,0.6605227174537995,5.579760514010027,0.08474968057565002,0.8453214274339796,0.012001645049731148,0.617146839512601,0.6565944442129622
2026-09-15,495817671,9630806627,4002,重点词,0.023799553,3.6920263330662055,0.028115424954225945,0.07124245210934997,0.0036074055004564963,0.8453214274339796,0.012001645049731148,1.1103685630462166,1.1813425636282304
2026-09-15,495817671,9630806627,4054,重点词,0.21889094,3.6920263330662055,0.18609613928340155,0.3601965174362392,0.023877435164420528,0.8453214274339796,0.012001645049731148,0.7990995438976034,0.8501774412563696
2026-09-15,495817671,9630806627,4256,重点词,0.022941372,3.6920263330662055,0.018478783995291848,0.031458888167020756,0.002370957121754041,0.8453214274339796,0.012001645049731148,0.7570861604789116,0.8054785910490379
2026-09-15,495817671,9630806627,4563,重点词,0.17453534,3.6920263330662055,0.13197118916883888,0.184607851494309,0.016932825823708454,0.8453214274339796,0.012001645049731148,0.7107012173627318,0.7561287540325006
2026-09-15,495817671,9630806627,4579,重点词,0.023577378,3.6920263330662055,0.021913089034286605,0.02131681930521023,0.002811602458187165,0.8453214274339796,0.012001645049731148,0.8735734024055075,0.9294116179622096
2026-09-15,495817671,9630806627,4652,重点词,0.023736074,3.6920263330662055,0.022099691387122887,0.025563607270342317,0.002835544844087989,0.8453214274339796,0.012001645049731148,0.8751220513668431,0.9310592555080038
2026-09-15,495817671,9630806627,4751,重点词,0.055419168,3.6920263330662055,0.0435600942585672,0.07487410692696812,0.005589064504078914,0.8453214274339796,0.012001645049731148,0.7387884802767798,0.7860113356188819
2026-09-15,495817671,9630806627,4760,重点词,0.31206761,3.6920263330662055,0.21164531222259475,0.6165173439112613,0.027155572597627155,0.8453214274339796,0.012001645049731148,0.6374575428864633,0.678203393881841
2026-09-15,495817671,9630806627,4828,重点词,0.019485456,3.6920263330662055,0.015507984443623299,0.028298001602872713,0.001989782778457053,0.8453214274339796,0.012001645049731148,0.7480594070639796,0.7958748537177317
2026-09-15,495817671,9630806627,4832,重点词,0.020929592,3.6920263330662055,0.018871035417318636,0.044815346222180634,0.002421285720367971,0.8453214274339796,0.012001645049731148,0.8474737850773004,0.901643730910695
2026-09-15,495817671,9630806627,4887,重点词,0.020392466,3.6920263330662055,0.030162186479877996,0.038290829543335556,0.003870019307567036,0.8453214274339796,0.012001645049731148,1.3902227124752877,1.4790847992527236
2026-09-15,495817671,9630806627,4927,重点词,0.018319649,3.6920263330662055,0.013788499371441408,0.017975366386681273,0.0017691608274305064,0.8453214274339796,0.012001645049731148,0.7074425229919326,0.7526617661419936
2026-09-15,495817671,9630806627,4995,重点词,0.022263861,3.6920263330662055,0.026461008157167152,0.011000822878340215,0.003395132263844419,0.8453214274339796,0.012001645049731148,1.1171132690992538,1.188518386688057
2026-09-15,495817671,9630806627,5194,重点词,0.15192235,3.6920263330662055,0.10165434271164168,0.11472588396524822,0.013042962560242118,0.8453214274339796,0.012001645049731148,0.6289202416201338,0.6691203941463628
2026-09-15,495817671,9630806627,5210,重点词,1.5138327,3.6920263330662055,1.4946299665562819,2.888619843905044,0.19177146962140526,0.8453214274339796,0.012001645049731148,0.9279981467464091,0.9873151548095651
2026-09-15,495817671,9630806627,5304,重点词,0.036620988,3.6920263330662055,0.027774353188411448,0.125265785224057,0.0035636436093930395,0.8453214274339796,0.012001645049731148,0.7128615695842125,0.7584271944932629
2026-09-15,495817671,9630806627,5345,重点词,0.01711722,3.6920263330662055,0.014410527425531679,0.03396853708253663,0.0018489713736846265,0.8453214274339796,0.012001645049731148,0.7912941398171253,0.8418731210752494
2026-09-15,495817671,9630806627,5486,重点词,0.13693776,3.6920263330662055,0.08814289052575623,0.15477974647499382,0.011309348822805366,0.8453214274339796,0.012001645049731148,0.605,0.6436711870104801
2026-09-15,495817671,9630806627,5493,重点词,0.75903922,3.6920263330662055,0.8036352392155689,0.6667175645313376,0.10311201722992878,0.8453214274339796,0.012001645049731148,0.9951443030421896,1.0587532475799721
2026-09-15,495817671,9630806627,5621,重点词,0.024496595,3.6920263330662055,0.035788764786206156,0.035224908222884,0.004591948624447112,0.8453214274339796,0.012001645049731148,1.3731952514198682,1.4609689545100517
2026-09-15,495817671,9630806627,5626,重点词,0.20291511,3.6920263330662055,0.21641496556349502,0.16736924381177407,0.027767552453000038,0.8453214274339796,0.012001645049731148,1.002453433534603,1.0665295727040485
2026-09-15,495817671,9630806627,5630,重点词,0.62643875,3.6920263330662055,0.9465915580454526,0.7661557261256026,0.12145431195645474,0.8453214274339796,0.012001645049731148,1.4202844046814733,1.5110680143037967
2026-09-15,495817671,9630806627,5702,重点词,0.11288063,3.6920263330662055,0.0726580091025908,0.08586634705801419,0.009322530323323737,0.8453214274339796,0.012001645049731148,0.605,0.6436711870104801
2026-09-15,495817671,9630806627,5783,重点词,0.020846582,3.6920263330662055,0.023187003522483145,0.02603632740891324,0.002975054589510568,0.8453214274339796,0.012001645049731148,1.04544472416441,1.112268837283884
2026-09-15,495817671,9630806627,5834,重点词,0.1501303,3.6920263330662055,0.09663454840723948,0.1191009479311062,0.012398887871193575,0.8453214274339796,0.012001645049731148,0.605,0.6436711870104801
2026-09-15,495817671,9630806627,6119,重点词,0.12300057,3.6920263330662055,0.08335420295038627,0.09152977412573006,0.010694926742133213,0.8453214274339796,0.012001645049731148,0.636959302503616,0.6776733063138347
2026-09-15,495817671,9630806627,6159,重点词,0.36031614,3.6920263330662055,0.38992079455870843,0.3060330488987606,0.05002956282266792,0.8453214274339796,0.012001645049731148,1.017147617375342,1.0821629987452364
2026-09-15,495817671,9630806627,6256,重点词,0.015546128,3.6920263330662055,0.012764788090425395,0.018589846863601996,0.0016378115160817033,0.8453214274339796,0.012001645049731148,0.7717607292644737,0.8210911482541117
2026-09-15,495817671,9630806627,6261,重点词,0.016685078,3.6920263330662055,0.014075164190883185,0.025476189313538337,0.0018059419270626568,0.8453214274339796,0.012001645049731148,0.7928965608282832,0.8435779677435842
2026-09-15,495817671,9630806627,6360,重点词,3.9045329,3.6920263330662055,4.136316565875429,8.163912692648031,0.5307183211942014,0.8453214274339796,0.012001645049731148,0.9957171523110093,1.0593627129830123
2026-09-15,495817671,9630806627,6463,重点词,0.015514388,3.6920263330662055,0.010795093677940223,0.07048844976631757,0.0013850859581580471,0.8453214274339796,0.012001645049731148,0.6540080177118017,0.6958117637602091
2026-09-15,495817671,9630806627,6486,重点词,0.022713094,3.6920263330662055,0.018056275800164785,0.08809185937036033,0.0023167463677081475,0.8453214274339796,0.012001645049731148,0.747210880274413,0.7949720896750035
2026-09-15,495817671,9630806627,6489,重点词,0.18829675,3.6920263330662055,0.15758549114330306,0.16727194299755543,0.020219319767281134,0.8453214274339796,0.012001645049731148,0.7866195052217215,0.8368996870275406
2026-09-15,495817671,9630806627,6504,重点词,0.032905054,3.6920263330662055,0.03171979881962293,0.04942133333306667,0.0040698718558078275,0.8453214274339796,0.012001645049731148,0.906064514752625,0.9639795400312344
2026-09-15,500635396,9657930100,509,重点词,1.1446235,3.109849253740709,0.5673607100033294,1.4376114671666402,0.07279634397634385,1.8601895944819058,0.029019131777287568,0.6567790228291055,0.49567452529441286
2026-09-15,500635396,9657930100,797,重点词,3.7651885,3.109849253740709,2.8471673432525644,7.0307591874074395,0.3653114669791119,1.8601895944819058,0.029019131777287568,1.001956677626139,0.7561818865782057
2026-09-15,500635396,9657930100,844,重点词,17.301974,3.109849253740709,12.650659185522365,38.7314794118079,1.6231679800164094,1.8601895944819058,0.029019131777287568,0.9688134837552538,0.7311685467520853
2026-09-15,500635396,9657930100,861,重点词,1.9103675,3.109849253740709,1.0168031810492635,2.964087617443631,0.13046295384724202,1.8601895944819058,0.029019131777287568,0.7052492759945266,0.532255276039434
2026-09-15,500635396,9657930100,1934,重点词,2.1043601,3.109849253740709,1.7348818945824798,3.638606675055831,0.22259747093804963,1.8601895944819058,0.029019131777287568,1.092376955639565,0.8244225380354245
2026-09-15,500635396,9657930100,1998,重点词,0.18918896,3.109849253740709,0.109308483716526,0.5227247867856559,0.0140250423405493,1.8601895944819058,0.029019131777287568,0.7655626798513158,0.5777741138622783
2026-09-15,500635396,9657930100,2253,重点词,0.031903551,3.109849253740709,0.02258437137503729,0.05169960075510313,0.0028977326736232063,1.8601895944819058,0.029019131777287568,0.9379758483131294,0.7078952237961625
2026-09-15,500635396,9657930100,2533,重点词,78.119357,3.109849253740709,52.3507084746471,137.70542218785317,6.716961739390354,1.8601895944819058,0.029019131777287568,0.8879460453766986,0.6701374727731964
2026-09-15,500635396,9657930100,2818,重点词,6.3124159,3.109849253740709,5.06396061067771,9.332326601663926,0.6497415347907817,1.8601895944819058,0.029019131777287568,1.0629611398359828,0.8022222697141533
2026-09-15,500635396,9657930100,2832,重点词,74.360174,3.109849253740709,56.86785803571058,131.459515008083,7.296543595239763,1.8601895944819058,0.029019131777287568,1.013325909349506,0.7647623045598385
2026-09-15,500635396,9657930100,2874,重点词,46.920942,3.109849253740709,32.79578946411116,91.97326173888426,4.207928974833629,1.8601895944819058,0.029019131777287568,0.9261344538790008,0.6989584621747612
2026-09-15,500635396,9657930100,3366,重点词,0.23204637,3.109849253740709,0.17933512058010745,0.5213941083886713,0.023009949216807758,1.8601895944819058,0.029019131777287568,1.0240313301240347,0.7728417409852498
2026-09-15,500635396,9657930100,3408,重点词,5.8548033,3.109849253740709,4.796305497728366,9.184289049662581,0.6153995133470105,1.8601895944819058,0.029019131777287568,1.0854684437023945,0.8192086483466261
2026-09-15,500635396,9657930100,3567,重点词,17.542218,3.109849253740709,13.05021367841704,25.349918212003452,1.674433613658689,1.8601895944819058,0.029019131777287568,0.9857250487838423,0.7439317923433081
2026-09-15,500635396,9657930100,4196,重点词,0.29714588,3.109849253740709,0.2471078168696805,0.39888772532948824,0.03170565976622365,1.8601895944819058,0.029019131777287568,1.1018930521121153,0.831604385259121
2026-09-15,500635396,9657930100,4482,重点词,0.70328352,3.109849253740709,0.41813571825107615,1.0589195568891079,0.05364973470655435,1.8601895944819058,0.029019131777287568,0.7877882534280409,0.5945478691880568
2026-09-15,500635396,9657930100,4536,重点词,21.745917,3.109849253740709,17.164748434086132,38.41047314666816,2.2023571763857444,1.8601895944819058,0.029019131777287568,1.0458812820672614,0.7893320127215666
2026-09-15,500635396,9657930100,4721,重点词,32.882331,3.109849253740709,21.433312297256197,50.484346333531015,2.750043750005718,1.8601895944819058,0.029019131777287568,0.8636730519643556,0.6518185191085205
2026-09-15,500635396,9657930100,4766,重点词,0.037601905,3.109849253740709,0.023149368984624673,0.04484893908312926,0.002970225815302146,1.8601895944819058,0.029019131777287568,0.8157404221998372,0.6156435155246702
2026-09-15,500635396,9657930100,5331,重点词,1.8800727,3.109849253740709,1.5277109961560653,2.837570375488061,0.1960159968989873,1.8601895944819058,0.029019131777287568,1.076686419583993,0.812580809325121
2026-09-15,500635396,9657930100,5337,重点词,0.32857947,3.109849253740709,0.22416166045633645,0.6098545143275973,0.028761507543925813,1.8601895944819058,0.029019131777287568,0.9039482827264674,0.6822144440623039
2026-09-15,500635396,9657930100,5553,重点词,32.445225,3.109849253740709,32.11784096499273,62.66748864751991,4.120943444693937,1.8601895944819058,0.029019131777287568,1.3116507953767684,0.9899096389374007
2026-09-15,500635396,9657930100,5573,重点词,4.8156784,3.109849253740709,5.870601709220115,5.848434036856891,0.7532392247781695,1.8601895944819058,0.029019131777287568,1.6152799945759921,1.219060165898976
2026-09-15,500635396,9657930100,5867,重点词,11.122667,3.109849253740709,10.016621375504615,9.25788653797663,1.2852025215629639,1.8601895944819058,0.029019131777287568,1.1932597637810134,0.9005593150909413
2026-09-15,500635396,9657930100,6001,重点词,0.082596758,3.109849253740709,0.05861459368481875,0.19448259840499743,0.007520661985720969,1.8601895944819058,0.029019131777287568,0.940297824862026,0.7096476315065386
2026-09-15,500635396,9657930100,6023,重点词,0.15553207,3.109849253740709,0.11597786126632477,0.22022582486733555,0.01488077008775338,1.8601895944819058,0.029019131777287568,0.988047485933234,0.7456845476712601
2026-09-15,500635396,9657930100,6180,重点词,0.85690861,3.109849253740709,0.4777782962413755,1.6184987571000167,0.06130229426252408,1.8601895944819058,0.029019131777287568,0.7387790727082647,0.557560387030509
2026-09-15,500635396,9657930100,6434,重点词,0.040552758,3.109849253740709,0.033840786476414655,0.0558795450783635,0.004342009394257544,1.8601895944819058,0.029019131777287568,1.1057137889825142,0.8344879151355046
2026-09-15,500635396,9657930100,6660,重点词,1.9654486,3.109849253740709,1.7889747945899668,3.500190448833983,0.22953796802604834,1.8601895944819058,0.029019131777287568,1.206049699607886,0.9102119458071642
2026-09-15,525368335,9811363528,33,重点词,0.019494647,3.96785435228538,0.016047384252735462,0.030939038801541714,0.0020589915434500905,0.6592859346727302,0.001823917275525771,0.8751705432450124,0.8231687525675876
2026-09-15,525368335,9811363528,181,重点词,0.017580364,3.96785435228538,0.012874986728556767,0.018752837183380125,0.0016519507714543372,0.6592859346727302,0.001823917275525771,0.7786149576725473,0.732350406883314
2026-09-15,525368335,9811363528,206,重点词,0.013023713,3.96785435228538,0.008707852892197181,0.012555278123867244,0.0011172783790969008,0.6592859346727302,0.001823917275525771,0.7108534601213146,0.6686152322457645
2026-09-15,525368335,9811363528,270,重点词,0.027992532,3.96785435228538,0.017940456384728756,0.055065556832684465,0.002301885927327687,0.6592859346727302,0.001823917275525771,0.6813890008476962,0.6409015227607405
2026-09-15,525368335,9811363528,433,重点词,0.046642174,3.96785435228538,0.028721134638847012,0.12314989054435763,0.0036851222858701694,0.6592859346727302,0.001823917275525771,0.6546763062981508,0.6157760707905041
2026-09-15,525368335,9811363528,469,重点词,0.01324267,3.96785435228538,0.008728574481497869,0.034391206373355424,0.0011199371038127179,0.6592859346727302,0.001823917275525771,0.7007636736150836,0.6591249711348142
2026-09-15,525368335,9811363528,557,重点词,0.011877906,3.96785435228538,0.007057780943325943,0.012442651045458674,0.0009055626168703592,0.6592859346727302,0.001823917275525771,0.6317308795477943,0.5941940391956244
2026-09-15,525368335,9811363528,640,重点词,0.045965106,3.96785435228538,0.02615651172462254,0.10707280915539776,0.0033560632436386365,0.6592859346727302,0.001823917275525771,0.605,0.5690514827622184
2026-09-15,525368335,9811363528,653,重点词,0.060593798,3.96785435228538,0.03539986996511921,0.10140199009628748,0.004542050701190675,0.6592859346727302,0.001823917275525771,0.6211225651411756,0.5842160606126588
2026-09-15,525368335,9811363528,709,重点词,0.14492321,3.96785435228538,0.2577660155582979,0.030353953861344096,0.033073181140589276,0.6592859346727302,0.001823917275525771,1.891,1.778638601493149
2026-09-15,525368335,9811363528,751,重点词,0.01264532,3.96785435228538,0.008101900056829762,0.024311945632123876,0.001039530395743262,0.6592859346727302,0.001823917275525771,0.6811784074331599,0.6407034426040433
2026-09-15,525368335,9811363528,829,重点词,0.011976756,3.96785435228538,0.007864223802440283,0.023598531578076207,0.001009034871353771,0.6592859346727302,0.001823917275525771,0.6981045647543145,0.6566238639611831
2026-09-15,525368335,9811363528,888,重点词,0.025969833,3.96785435228538,0.015315761703676137,0.04517064052702022,0.0019651192576129912,0.6592859346727302,0.001823917275525771,0.6270082555499451,0.5897520289666913
2026-09-15,525368335,9811363528,926,重点词,0.14312798,3.96785435228538,0.11263434899013174,0.023285678327870298,0.014451774097274153,0.6592859346727302,0.001823917275525771,0.8366621582861993,0.7869484987500819
2026-09-15,525368335,9811363528,937,重点词,0.030457397,3.96785435228538,0.02649554686919575,0.0220215974638135,0.0033995638219643295,0.6592859346727302,0.001823917275525771,0.9248768711008415,0.8699215783015124
2026-09-15,525368335,9811363528,1167,重点词,0.13443239,3.96785435228538,0.08670370592539998,0.10994106964786983,0.011124691381135894,0.6592859346727302,0.001823917275525771,0.6857053788925622,0.644961425779903
2026-09-15,525368335,9811363528,1318,重点词,0.025424566,3.96785435228538,0.03411820968115736,0.03398842176142859,0.004377604730140692,0.6592859346727302,0.001823917275525771,1.426712614244952,1.3419387249779353
2026-09-15,525368335,9811363528,1353,重点词,0.012107493,3.96785435228538,0.015102117195816897,0.07498823067311873,0.0019377071742442175,0.6592859346727302,0.001823917275525771,1.3261340459586357,1.2473364383375565
2026-09-15,525368335,9811363528,1672,重点词,0.070409678,3.96785435228538,0.12523337120950295,0.01909172627572061,0.016068316693679117,0.6592859346727302,0.001823917275525771,1.891,1.778638601493149
2026-09-15,525368335,9811363528,1916,重点词,0.15491341,3.96785435228538,0.15630865841981884,0.2228945293218238,0.020055493205976837,0.6592859346727302,0.001823917275525771,1.0727483051983662,1.0090066342211357
2026-09-15,525368335,9811363528,1952,重点词,2.5038233,3.96785435228538,3.7547401909421496,4.118792886734134,0.48175940572272574,0.6592859346727302,0.001823917275525771,1.5943366521034565,1.499602703969625
2026-09-15,525368335,9811363528,2078,重点词,0.013600867,3.96785435228538,0.016553409028024157,0.017229320389324728,0.0021239180583690594,0.6592859346727302,0.001823917275525771,1.2939713718805168,1.2170848393726779
2026-09-15,525368335,9811363528,2557,重点词,0.013404231,3.96785435228538,0.01925554392407419,0.02110979788256041,0.002470620848842841,0.6592859346727302,0.001823917275525771,1.527276617171065,1.4365273117177844
2026-09-15,525368335,9811363528,2633,重点词,0.093282221,3.96785435228538,0.11314022636652128,0.1906088617365316,0.014516681699884293,0.6592859346727302,0.001823917275525771,1.2895018834602299,1.2128809236491194
2026-09-15,525368335,9811363528,2742,重点词,0.2340378,3.96785435228538,0.4162686652885333,0.28044694498812056,0.053410178763946825,0.6592859346727302,0.001823917275525771,1.891,1.778638601493149
2026-09-15,525368335,9811363528,2807,重点词,0.013618936,3.96785435228538,0.019198728567250686,0.030795552887425123,0.0024633310415200214,0.6592859346727302,0.001823917275525771,1.4987634894003856,1.4097084065341585
2026-09-15,525368335,9811363528,2843,重点词,0.43834842,3.96785435228538,0.696460422645003,0.7110609112623341,0.08936073929489749,0.6592859346727302,0.001823917275525771,1.6891989853942686,1.5888284087918074
2026-09-15,525368335,9811363528,2914,重点词,0.49138288,3.96785435228538,0.7391893166754842,0.4511248597447595,0.09484315500104218,0.6592859346727302,0.001823917275525771,1.599335125075812,1.504304172492709
2026-09-15,525368335,9811363528,2961,重点词,0.33423313,3.96785435228538,0.52846948175365,0.6836028846852442,0.06780632760860922,0.6592859346727302,0.001823917275525771,1.6810252308435965,1.5811403308632215
2026-09-15,525368335,9811363528,2978,重点词,0.28685117,3.96785435228538,0.5102045638454735,0.6971872491915315,0.06546281100039096,0.6592859346727302,0.001823917275525771,1.891,1.778638601493149
2026-09-15,525368335,9811363528,3222,重点词,0.12505124,3.96785435228538,0.07465049361200837,0.1443335588475354,0.009578180009947696,0.6592859346727302,0.001823917275525771,0.6346707691218594,0.5969592433630275
2026-09-15,525368335,9811363528,3515,重点词,0.2242942,3.96785435228538,0.12763494708496556,0.25397008519745046,0.016376455661417013,0.6592859346727302,0.001823917275525771,0.605,0.5690514827622184
2026-09-15,525368335,9811363528,3575,重点词,0.017851404,3.96785435228538,0.014903056501293959,0.039997229580501066,0.0019121662960424528,0.6592859346727302,0.001823917275525771,0.8875785222789387,0.8348394614392212
2026-09-15,525368335,9811363528,3595,重点词,0.35538058,3.96785435228538,0.20540318595422727,0.20589382844163884,0.026354664175587877,0.6592859346727302,0.001823917275525771,0.6144935080752504,0.5779808957321958
2026-09-15,525368335,9811363528,3923,重点词,0.033613147,3.96785435228538,0.019127611140654414,0.07174381316027063,0.0024542061786983,0.6592859346727302,0.001823917275525771,0.605,0.5690514827622184
2026-09-15,525368335,9811363528,3936,重点词,0.016499395,3.96785435228538,0.010548298981067208,0.018173065127383762,0.0013534204738755698,0.6592859346727302,0.001823917275525771,0.6797014971011437,0.6393142888613315
2026-09-15,525368335,9811363528,4025,重点词,0.46465839,3.96785435228538,0.26441454580740514,0.858758894948226,0.03392623403342759,0.6592859346727302,0.001823917275525771,0.605,0.5690514827622184
2026-09-15,525368335,9811363528,4045,重点词,0.22496383,3.96785435228538,0.12801600102936764,0.5121534354989428,0.016425347545400436,0.6592859346727302,0.001823917275525771,0.605,0.5690514827622184
2026-09-15,525368335,9811363528,4053,重点词,0.023702668,3.96785435228538,0.01476346347791282,0.036423877422765746,0.0018942555356256951,0.6592859346727302,0.001823917275525771,0.6622086294964964,0.6228608305998641
2026-09-15,525368335,9811363528,4437,重点词,0.013752862,3.96785435228538,0.014419413776680486,0.034788300726503275,0.0018501115546374445,0.6592859346727302,0.001823917275525771,1.1147008559181186,1.0484664047876353
2026-09-15,525368335,9811363528,4594,重点词,0.22069628,3.96785435228538,0.1287715762307058,0.2552620877424635,0.016522293123913064,0.6592859346727302,0.001823917275525771,0.6203386123003263,0.5834786894944753
2026-09-15,525368335,9811363528,4606,重点词,0.015520464,3.96785435228538,0.01204930541144923,0.021244019078396292,0.0015460100883664155,0.6592859346727302,0.001823917275525771,0.8253936569462832,0.7763495609054749
2026-09-15,525368335,9811363528,4718,重点词,0.27578639,3.96785435228538,0.203354385346504,0.3554422520948228,0.026091788739997897,0.6592859346727302,0.001823917275525771,0.7839430743375886,0.7373619319883914
2026-09-15,525368335,9811363528,4969,重点词,0.99421212,3.96785435228538,0.8703665375769405,1.0602761398816245,0.11167410914756251,0.6592859346727302,0.001823917275525771,0.9307369333357346,0.875433441283074
2026-09-15,525368335,9811363528,5045,重点词,1.0352486,3.96785435228538,0.808402814076477,1.2724909817213852,0.10372373040179364,0.6592859346727302,0.001823917275525771,0.8302081264218699,0.7808779592423278
2026-09-15,525368335,9811363528,5070,重点词,0.45072802,3.96785435228538,0.41300348415721827,0.8038066164394393,0.052991233206756444,0.6592859346727302,0.001823917275525771,0.9741884437725357,0.9163031048240983
2026-09-15,525368335,9811363528,5182,重点词,0.014036656,3.96785435228538,0.008088406391258528,0.013104125430410176,0.0010377990641527832,0.6592859346727302,0.001823917275525771,0.612636858968179,0.5762345669266618
2026-09-15,525368335,9811363528,5260,重点词,0.032989224,3.96785435228538,0.046299745596704,0.12145778882638263,0.00594058091624832,0.6592859346727302,0.001823917275525771,1.4921425682553897,1.4034808941460402
2026-09-15,525368335,9811363528,5460,重点词,0.98559838,3.96785435228538,0.6978061878643476,1.5280350278110304,0.08953341037714116,0.6592859346727302,0.001823917275525771,0.7527290042337162,0.7080025718633461
2026-09-15,525368335,9811363528,5484,重点词,0.30512986,3.96785435228538,0.2042878385833751,0.2645564736596078,0.026211557313533244,0.6592859346727302,0.001823917275525771,0.7118059583974846,0.6695111339918522
2026-09-15,525368335,9811363528,5596,重点词,0.11175117,3.96785435228538,0.14157341116072436,0.24434523962458293,0.01816485800840874,0.6592859346727302,0.001823917275525771,1.3468940455100942,1.2668628987125983
2026-09-15,525368335,9811363528,5608,重点词,0.011871529,3.96785435228538,0.006970430089092301,0.010463436349577844,0.0008943548918388138,0.6592859346727302,0.001823917275525771,0.6242473872769904,0.5871552088271276
2026-09-15,525368335,9811363528,5771,重点词,0.017618629,3.96785435228538,0.0188406274396855,0.02437653536390782,0.00241738416433778,0.6592859346727302,0.001823917275525771,1.1369125656414267,1.069358316114466
2026-09-15,525368335,9811363528,5891,重点词,0.011978882,3.96785435228538,0.01528801108814833,0.023453150603554747,0.0019615586597113393,0.6592859346727302,0.001823917275525771,1.3568708657020512,1.2762469058588548
2026-09-15,525368335,9811363528,6029,重点词,0.012835579,3.96785435228538,0.00793922467849224,0.014358501602315022,0.0010186580078793393,0.6592859346727302,0.001823917275525771,0.6576070248379864,0.6185326488576978
2026-09-15,525368335,9811363528,6272,重点词,0.01289829,3.96785435228538,0.008393059926772597,0.014626221397638996,0.0010768882417674286,0.6592859346727302,0.001823917275525771,0.6918182304353417,0.6507110575721741
2026-09-15,525368335,9811363528,6474,重点词,1.2999765,3.96785435228538,0.7397535548810391,1.295122322769246,0.09491555070587682,0.6592859346727302,0.001823917275525771,0.605,0.5690514827622184
2026-09-15,525368335,9811363528,6483,重点词,2.2576589,3.96785435228538,1.284724144616319,2.5912736690050964,0.16483908578310766,0.6592859346727302,0.001823917275525771,0.605,0.5690514827622184
2026-09-15,525368335,9811363528,6490,重点词,0.017651579,3.96785435228538,0.02290836556513618,0.02066021471582287,0.002939303392379247,0.6592859346727302,0.001823917275525771,1.3797943410857956,1.297808290416182
2026-09-15,525368335,9811363528,6522,重点词,3.3207087,3.96785435228538,2.49216256070467,7.563831279515724,0.3197618725007561,0.6592859346727302,0.001823917275525771,0.7979017227603115,0.7504911709674112
2026-09-15,525368335,9811363528,6607,重点词,0.28431828,3.96785435228538,0.2904555668491011,0.3722801087147711,0.03726747901536401,0.6592859346727302,0.001823917275525771,1.086122315241516,1.0215859734699477
2026-09-16,63563817,1841014603,9,重点词,2.334,3.483330362426333,3.759174976964969,11.205347120327577,0.4823284197610379,1.1039440623347512,0.03329080079241373,1.0658426018017386,1.6106148144665677
2026-09-16,63563817,1841014603,726,重点词,0.50430583,3.483330362426333,0.6264388639061294,1.2223958254686988,0.08037648397752646,1.1039440623347512,0.03329080079241373,0.8220270143745364,1.242180491758601
2026-09-16,63563817,1841014603,1567,重点词,0.07443128,3.483330362426333,0.10000388130881409,0.32595381168844584,0.012831196828351358,1.1039440623347512,0.03329080079241373,0.8891248612676318,1.3435733109629995
2026-09-16,63563817,1841014603,1667,重点词,0.17568734,3.483330362426333,0.21094971064953238,0.47374035522849073,0.027066322054735605,1.1039440623347512,0.03329080079241373,0.7945840667332882,1.2007109371086864
2026-09-16,63563817,1841014603,2123,潜力词,0.012604654,3.483330362426333,0.01721610018735885,0.04075795883282122,0.002208945965191735,1.1039440623347512,0.03329080079241373,0.9038684725554073,1.3658526594509337
2026-09-16,63563817,1841014603,2478,重点词,0.097725957,3.483330362426333,0.12260633508618571,0.7060704149181769,0.015731249600559185,1.1039440623347512,0.03329080079241373,0.8302413592923759,1.2545933429558096
2026-09-16,63563817,1841014603,2505,黄金词,0.012265605,3.483330362426333,0.01606968049222731,0.0498831163199065,0.0020618523067895507,1.1039440623347512,0.03329080079241373,0.8670011088598055,1.3101416923361962
2026-09-16,63563817,1841014603,2570,重点词,0.020622171,3.483330362426333,0.029431335773800367,0.10014847823561092,0.003776246054578353,1.1039440623347512,0.03329080079241373,0.94444566027948,1.427169611473029
2026-09-16,63563817,1841014603,2892,重点词,0.061367912,3.483330362426333,0.08146369728756231,0.24452193471957054,0.010452361654185281,1.1039440623347512,0.03329080079241373,0.878464378369316,1.3274640546278047
2026-09-16,63563817,1841014603,2985,重点词,0.22742226,3.483330362426333,0.30826764032230264,0.8209641172422663,0.039552892517965337,1.1039440623347512,0.03329080079241373,0.8970080750566706,1.3554857836796743
2026-09-16,63563817,1841014603,3169,潜力词,0.011288345,3.483330362426333,0.01648632733884151,0.038525469379181956,0.002115311008860422,1.1039440623347512,0.03329080079241373,0.9664848042125128,1.460473376641262
2026-09-16,63563817,1841014603,3304,潜力词,0.015317048,3.483330362426333,0.021855819333038533,0.05050671356913843,0.0028042543552995814,1.1039440623347512,0.03329080079241373,0.944263938516175,1.4268950082965421
2026-09-16,63563817,1841014603,3501,重点词,0.026904554,3.483330362426333,0.03687401549456355,0.14759230288372102,0.004731193874379368,1.1039440623347512,0.03329080079241373,0.9069764745982065,1.3705492198296076
2026-09-16,63563817,1841014603,4713,黄金词,0.014339788,3.483330362426333,0.019928732714264995,0.05321263902973766,0.002556995675064877,1.1039440623347512,0.03329080079241373,0.9196833779538147,1.3897508606309241
2026-09-16,63563817,1841014603,4827,重点词,0.028200919,3.483330362426333,0.03700550836913489,0.09138327701814752,0.004748065329097615,1.1039440623347512,0.03329080079241373,0.8683693760874969,1.3122093066943983
2026-09-16,63563817,1841014603,4868,潜力词,0.012345381,3.483330362426333,0.016930705460217462,0.04162146106052918,0.002172327827277502,1.1039440623347512,0.03329080079241373,0.9075528866910005,1.3714202469909564
2026-09-16,63563817,1841014603,5134,重点词,0.13739472,3.483330362426333,0.19142313548560785,0.47528231499639145,0.024560926003774228,1.1039440623347512,0.03329080079241373,0.9219890599811319,1.3932350201347465
2026-09-16,63563817,1841014603,5307,重点词,0.17586683,3.483330362426333,0.19963834242482267,0.30440930448925413,0.025614994464349197,1.1039440623347512,0.03329080079241373,0.751210077590017,1.135167685826956
2026-09-16,63563817,1841014603,5374,重点词,0.076425687,3.483330362426333,0.10614095041003663,0.17807254725873867,0.013618625681675666,1.1039440623347512,0.03329080079241373,0.9190624156893463,1.3888125128667357
2026-09-16,63563817,1841014603,5418,重点词,0.033506042,3.483330362426333,0.045591726237122855,0.12928233017451107,0.005849737084567277,1.1039440623347512,0.03329080079241373,0.9004597258442956,1.3607016381440356
2026-09-16,63563817,1841014603,5592,潜力词,0.014180236,3.483330362426333,0.019754420284176774,0.04451619082557187,0.0025346301721382116,1.1039440623347512,0.03329080079241373,0.9218966060511322,1.3930953112611648
2026-09-16,63563817,1841014603,6083,重点词,0.25320995,3.483330362426333,0.3303544911555775,1.191800076003271,0.04238678982926108,1.1039440623347512,0.03329080079241373,0.8633777126508505,1.3046663101334584
2026-09-16,63563817,1841014603,6149,重点词,0.36571446,3.483330362426333,0.4538821699774342,2.753732346103708,0.05823625426972689,1.1039440623347512,0.03329080079241373,0.821301045862953,1.2410834670782067
2026-09-16,63563817,1841014603,6352,重点词,0.12179845,3.483330362426333,0.15954861873119733,0.7435029447994839,0.020471202755718884,1.1039440623347512,0.03329080079241373,0.866867403792291,1.30993964809238
2026-09-16,63563817,2874903000,193,潜力词,0.017983691,3.6021962047707925,0.024800213526624492,0.024101948666024213,0.0031820407066261917,1.3463063500260934,0.025355104826361365,1.086220855326685,1.3790391264298576
2026-09-16,63563817,2874903000,431,重点词,0.45320392,3.6021962047707925,0.599477180114954,0.9969774344450791,0.07691711153097074,1.3463063500260934,0.025355104826361365,1.0418868262677319,1.3227537398947344
2026-09-16,63563817,2874903000,648,潜力词,0.02155809,3.6021962047707925,0.02722359927723728,0.026393227811747827,0.0034929780337596542,1.3463063500260934,0.025355104826361365,0.9946649429695866,1.2628020050587636
2026-09-16,63563817,2874903000,1812,潜力词,0.027254787,3.6021962047707925,0.03271466306847619,0.031716803731857236,0.004197519891338633,1.3463063500260934,0.025355104826361365,0.9454557516338606,1.2003272331013333
2026-09-16,63563817,2874903000,2249,潜力词,0.016122026,3.6021962047707925,0.02038690060929651,0.021561885200223587,0.0026157818178089453,1.3463063500260934,0.025355104826361365,0.996031646093348,1.2645371375344827
2026-09-16,63563817,2874903000,2275,重点词,0.98310847,3.6021962047707925,1.224873622463512,1.2355194500812157,0.15715984553791346,1.3463063500260934,0.025355104826361365,0.9813668713921166,1.245919102358575
2026-09-16,63563817,2874903000,2561,重点词,1.5004282,3.6021962047707925,1.8895804223134307,1.6779603427288,0.24244637312457956,1.3463063500260934,0.025355104826361365,0.9919544072938071,1.259360776019426
2026-09-16,63563817,2874903000,2574,潜力词,0.017201792,3.6021962047707925,0.0202898404055794,0.019547186019263245,0.0026033283153868913,1.3463063500260934,0.025355104826361365,0.9290658304467183,1.1795189946244786
2026-09-16,63563817,2874903000,2669,潜力词,0.027329254,3.6021962047707925,0.0375509924828805,0.04414488972653109,0.004818054752894027,1.3463063500260934,0.025355104826361365,1.0822689321574908,1.3740218625389664
2026-09-16,63563817,2874903000,2797,潜力词,0.020143224,3.6021962047707925,0.02579377737510939,0.025007018192337145,0.003309521891702159,1.3463063500260934,0.025355104826361365,1.008619855985804,1.2805188174003024
2026-09-16,63563817,2874903000,3163,重点词,1.839,3.6021962047707925,2.2453977227447237,1.9640875993675269,0.2881002193254885,1.3463063500260934,0.025355104826361365,0.9617298533053006,1.2209884299862555
2026-09-16,63563817,2874903000,3422,潜力词,0.027105854,3.6021962047707925,0.03574022894430189,0.03225294558519962,0.004585721136748108,1.3463063500260934,0.025355104826361365,1.038570025436321,1.3185428116119084
2026-09-16,63563817,2874903000,4527,重点词,0.38547652,3.6021962047707925,0.4726991695531382,0.6507946597007231,0.0606506068139974,1.3463063500260934,0.025355104826361365,0.9658917539402204,1.2262722760731009
2026-09-16,63563817,2874903000,4667,重点词,0.030010052,3.6021962047707925,0.060246884896963775,0.10182611010184281,0.0077300963551685375,1.3463063500260934,0.025355104826361365,1.581282254070204,2.0075568311898886
2026-09-16,63563817,2874903000,4738,潜力词,0.014074193,3.6021962047707925,0.018209060071822946,0.019258526364404033,0.002336349657463156,1.3463063500260934,0.025355104826361365,1.0190736566804546,1.2937907041507066
2026-09-16,63563817,2874903000,4798,重点词,0.39188065,3.6021962047707925,0.5978065239271152,0.6478869972432482,0.07670275466703597,1.3463063500260934,0.025355104826361365,1.2015680704125389,1.5254810971838368
2026-09-16,63563817,2874903000,4836,潜力词,0.010946595,3.6021962047707925,0.014713477888432289,0.014223889876385305,0.0018878420351813945,1.3463063500260934,0.025355104826361365,1.058712008645144,1.3441145752110395
2026-09-16,63563817,2874903000,4860,重点词,0.17138495,3.6021962047707925,0.24132535075791586,0.5891981941698533,0.030963728954516406,1.3463063500260934,0.025355104826361365,1.1091028279963016,1.408089512865137
2026-09-16,63563817,2874903000,5241,潜力词,0.023903789,3.6021962047707925,0.029532609614969146,0.031092859751470737,0.0037892401961315894,1.3463063500260934,0.025355104826361365,0.9731429185171807,1.2354781752369528
2026-09-16,63563817,2874903000,5351,黄金词,0.015153959,3.6021962047707925,0.019367297236555336,0.02576550786398595,0.002484959579799071,1.3463063500260934,0.025355104826361365,1.0066638165784487,1.2780354781582381
2026-09-16,63563817,2874903000,5532,重点词,0.25527161,3.6021962047707925,0.3073658505074643,0.5462311665099291,0.03943718658275006,1.3463063500260934,0.025355104826361365,0.9484067697257158,1.2040737726669422
2026-09-16,63563817,2874903000,6242,潜力词,0.016568825,3.6021962047707925,0.022037719112989053,0.021365526838575195,0.0028275933682362043,1.3463063500260934,0.025355104826361365,1.047650636301261,1.3300713305251914
2026-09-16,63563817,2874903000,6282,重点词,0.60344035,3.6021962047707925,0.779140446569358,0.9670787984482205,0.09996916415663028,1.3463063500260934,0.025355104826361365,1.0170046813544413,1.291163984260181
2026-09-16,63563817,4190988309,9,重点词,0.064335705,3.839408765135745,0.06442351954741116,0.38241636428147313,0.008265987768367912,1.0502955075460134,0.006835843868641618,0.8474762476127844,1.0013649426459406
2026-09-16,63563817,4190988309,2478,重点词,0.19194964,3.839408765135745,0.20633030695956664,0.6908452416470399,0.026473620279566214,1.0502955075460134,0.006835843868641618,0.90972656018076,1.074918957699356
2026-09-16,63563817,4190988309,2941,重点词,0.072531095,3.839408765135745,0.08941471925253272,0.8161364198821855,0.011472533336362665,1.0502955075460134,0.006835843868641618,1.043325771978765,1.232777738327716
2026-09-16,63563817,4190988309,4017,重点词,0.03438665,3.839408765135745,0.03826896144972537,0.17134170041950264,0.0049101751887177785,1.0502955075460134,0.006835843868641618,0.941872160311235,1.112901706032003
2026-09-16,63563817,4190988309,4097,重点词,0.070095138,3.839408765135745,0.07519392339343232,1.3300731092726774,0.009647905848550962,1.0502955075460134,0.006835843868641618,0.9078832478445038,1.0727409281002103
2026-09-16,63563817,4190988309,4101,重点词,0.063410419,3.839408765135745,0.08152937033673702,0.26925991714601316,0.01046078796533691,1.0502955075460134,0.006835843868641618,1.0881496267703072,1.2857409180143884
2026-09-16,63563817,4190988309,4177,重点词,1.152,3.839408765135745,1.384728883263198,10.780842504896707,0.1776703926139241,1.0502955075460134,0.006835843868641618,1.0172962041913531,1.2020216000548596
2026-09-16,63563817,4190988309,5374,重点词,0.13920834,3.839408765135745,0.1330259421299586,0.3827874595724661,0.01706815799954292,1.0502955075460134,0.006835843868641618,0.8087350039600538,0.9555888830364516
2026-09-16,63563817,4190988309,5649,重点词,0.018298003,3.839408765135745,0.021257399683172938,0.12996081373798984,0.0027274729322899344,1.0502955075460134,0.006835843868641618,0.9831993797648275,1.1617333150056286
2026-09-16,63563817,4190988309,6083,重点词,0.043224076,3.839408765135745,0.052194645876050036,0.3122793425487263,0.006696937817379175,1.0502955075460134,0.006835843868641618,1.0219635102488476,1.2075364173441216
2026-09-16,63563817,4190988309,6245,黄金词,0.011462217,3.839408765135745,0.012087234177267236,0.14576169425255348,0.001550876614078197,1.0502955075460134,0.006835843868641618,0.8924696624398605,1.0545284718713
2026-09-16,63563817,4190988310,925,重点词,0.16056767,3.724961626108296,0.19192194650579408,0.32843158714132764,0.024624926943501716,1.2303922696953595,0.02748506695071922,1.0128412784537915,1.1952714173768237
2026-09-16,63563817,4190988310,990,重点词,0.018645715,3.724961626108296,0.021712427308080238,0.06286385917457497,0.002785856156431938,1.2303922696953595,0.02748506695071922,0.9867433180788949,1.1644727653554845
2026-09-16,63563817,4190988310,1186,重点词,0.080915645,3.724961626108296,0.09859965087993866,0.1580210514886547,0.012651024251152868,1.2303922696953595,0.02748506695071922,1.0325657970761637,1.218548661138877
2026-09-16,63563817,4190988310,1567,重点词,0.53982945,3.724961626108296,0.6317685567866153,2.132410728814631,0.08106032081954861,1.2303922696953595,0.02748506695071922,0.9916908180407442,1.1703113951760415
2026-09-16,63563817,4190988310,1667,重点词,0.13749929,3.724961626108296,0.15176568206342156,0.3441466049077513,0.019472597591800887,1.2303922696953595,0.02748506695071922,0.9352936393856561,1.1037561144019112
2026-09-16,63563817,4190988310,2123,重点词,0.10704022,3.724961626108296,0.12512690887292324,0.3192435695789966,0.01605465683190593,1.2303922696953595,0.02748506695071922,0.9905549699611331,1.16897096131644
2026-09-16,63563817,4190988310,2892,重点词,0.21782721,3.724961626108296,0.26492924375015126,0.4572979229297157,0.033992273376341975,1.2303922696953595,0.02748506695071922,1.0306059116613264,1.2162357666434385
2026-09-16,63563817,4190988310,2985,重点词,1.764,3.724961626108296,2.1024827339031598,3.438331100809663,0.26976322752529003,1.2303922696953595,0.02748506695071922,1.009970562421079,1.1918836359995237
2026-09-16,63563817,4190988310,3169,重点词,1.5391604,3.724961626108296,1.7950974492942073,2.619801811734165,0.23032354741150785,1.2303922696953595,0.02748506695071922,0.9882777256075258,1.1662835460775935
2026-09-16,63563817,4190988310,3304,重点词,0.02538991,3.724961626108296,0.0296156035703876,0.06908962278332818,0.00379988890059786,1.2303922696953595,0.02748506695071922,0.9884035238334044,1.1664320027281545
2026-09-16,63563817,4190988310,4048,重点词,0.013796948,3.724961626108296,0.017564911493896416,0.07390952811379536,0.0022537008934161405,1.2303922696953595,0.02748506695071922,1.0787921977155914,1.2731012318011503
2026-09-16,63563817,4190988310,4403,重点词,0.037864467,3.724961626108296,0.04670682854001531,0.30848078993317496,0.005992812502690072,1.2303922696953595,0.02748506695071922,1.0452577340844087,1.2335266343512854
2026-09-16,63563817,4190988310,4675,重点词,0.033118552,3.724961626108296,0.04019478376440045,0.13285163687019566,0.005157271649901323,1.2303922696953595,0.02748506695071922,1.0284263954337955,1.2136636820474653
2026-09-16,63563817,4190988310,4773,重点词,0.30257779,3.724961626108296,0.3207341554861344,0.528025206385658,0.04115243353314645,1.2303922696953595,0.02748506695071922,0.8982206247749116,1.0600056120647003
2026-09-16,63563817,4190988310,4791,重点词,0.036542075,3.724961626108296,0.03975655375413081,0.2542993940926075,0.005101043677103985,1.2303922696953595,0.02748506695071922,0.921913946446181,1.0879665085830734
2026-09-16,63563817,4190988310,4827,重点词,0.14158401,3.724961626108296,0.1640505476115149,0.5357194336246436,0.021048831691862016,1.2303922696953595,0.02748506695071922,0.9818346040729282,1.1586799075087286
2026-09-16,63563817,4190988310,5010,重点词,0.093331429,3.724961626108296,0.11264181071523832,0.2086574800822575,0.014452731488750049,1.2303922696953595,0.02748506695071922,1.0226960208962543,1.2069011684717517
2026-09-16,63563817,4190988310,5134,重点词,0.24736061,3.724961626108296,0.3145887647728066,1.8377602900643821,0.040363936958835174,1.2303922696953595,0.02748506695071922,1.0776742933136458,1.2717819735842606
2026-09-16,63563817,4190988310,5267,重点词,0.16303614,3.724961626108296,0.20451853769968278,0.45246850399516547,0.026241157622348556,1.2303922696953595,0.02748506695071922,1.0629764740814327,1.2544368242506403
2026-09-16,63563817,4190988310,5330,重点词,0.17866974,3.724961626108296,0.20698581836581129,1.6250205855222637,0.02655772697389322,1.2303922696953595,0.02748506695071922,0.9816675694706871,1.1584827871010015
2026-09-16,63563817,4190988310,5418,重点词,0.022304331,3.724961626108296,0.024600079895406437,0.12657464197173485,0.0031563621631484477,1.2303922696953595,0.02748506695071922,0.9345922482847276,1.1029283906971448
2026-09-16,63563817,4190988310,6325,重点词,0.12270321,3.724961626108296,0.15556428872347605,0.2945452147229271,0.01995998537206247,1.2303922696953595,0.02748506695071922,1.0743080790771709,1.2678094462522704
2026-09-16,63563817,4190988310,6352,重点词,0.10310243,3.724961626108296,0.11666807648028997,0.6704324085218598,0.01496932952313131,1.2303922696953595,0.02748506695071922,0.958866166601299,1.1315744593050812
2026-09-16,495403620,8878077181,1048,重点词,1.4979293,1.2258713519326956,4.8289828271398,50.62178769973348,0.6195922430692521,0.6577953209645314,0.6920490535886303,1.3251904619835033,3.2237721948157367
2026-09-16,495403620,8878077181,1607,重点词,1.3625859,1.2258713519326956,2.5174377823470926,25.62127699069648,0.3230048600681351,0.6577953209645314,0.6920490535886303,0.7594668316721939,1.8475442776467104
2026-09-16,495403620,8878077181,3989,重点词,36.816,1.2258713519326956,99.4716322127055,981.1941603763497,12.762905549807956,0.6577953209645314,0.6920490535886303,1.1106484099278418,2.7018587628396755
2026-09-16,495403620,8878077181,5778,重点词,36.816,1.2258713519326956,73.31729270202551,773.6790642657662,9.407121016398216,0.6577953209645314,0.6920490535886303,0.8186226841597737,1.9914518878212055
2026-09-16,495403620,9628223555,104,重点词,0.019333217,3.713192215247193,0.027113354295055566,0.035373691769293336,0.0034788328321214957,0.7409627911176737,0.009393577058449423,0.9949419901309582,1.402423316050069
2026-09-16,495403620,9628223555,444,重点词,1.0492142,3.713192215247193,1.294182125449004,11.743332996477372,0.16605261081908304,0.7409627911176737,0.009393577058449423,0.8750842636258296,1.2334775162678928
2026-09-16,495403620,9628223555,665,重点词,0.081993333,3.713192215247193,0.10735175315888826,0.1332924088674893,0.013773980135797786,0.7409627911176737,0.009393577058449423,0.9288578100749727,1.3092741718267296
2026-09-16,495403620,9628223555,700,重点词,0.010273956,3.713192215247193,0.016699682832154485,0.028643484615844966,0.0021426860096431916,0.7409627911176737,0.009393577058449423,1.1531589073579795,1.625438422371527
2026-09-16,495403620,9628223555,875,重点词,0.096182226,3.713192215247193,0.15429255986519635,0.18064744517635375,0.019796813672331222,0.7409627911176737,0.009393577058449423,1.1380695327621002,1.6041691514313294
2026-09-16,495403620,9628223555,1257,重点词,0.019471856,3.713192215247193,0.02721460522763829,0.04183476770725939,0.0034918240343430494,0.7409627911176737,0.009393577058449423,0.9915470487068746,1.3976379666960506
2026-09-16,495403620,9628223555,1318,重点词,0.12526882,3.713192215247193,0.19325269327185973,0.2132994911956376,0.02479567105323634,0.7409627911176737,0.009393577058449423,1.0944633050393224,1.5427038689424848
2026-09-16,495403620,9628223555,1655,重点词,0.088925269,3.713192215247193,0.12140335941422996,0.13559534686605357,0.015576899415100712,0.7409627911176737,0.009393577058449423,0.9685547010650728,1.3652290375891913
2026-09-16,495403620,9628223555,1676,重点词,0.024792461,3.713192215247193,0.030672149927065528,0.08694753940439823,0.003935451181615219,0.7409627911176737,0.009393577058449423,0.877694175185229,1.2371563245401709
2026-09-16,495403620,9628223555,1802,重点词,0.019956632,3.713192215247193,0.023287650440730202,0.06954746520701804,0.002987968292471827,0.7409627911176737,0.009393577058449423,0.8278603085421157,1.1669128558731856
2026-09-16,495403620,9628223555,2541,重点词,1.9911561,3.713192215247193,3.863151500856887,11.290355335599271,0.4956693343947921,0.7409627911176737,0.009393577058449423,1.3764329739739405,1.9401550189143317
2026-09-16,495403620,9628223555,2584,重点词,0.010648556,3.713192215247193,0.02813200766246339,0.02140131145401189,0.0036095331778081855,0.7409627911176737,0.009393577058449423,1.874254854512452,2.6418612685572946
2026-09-16,495403620,9628223555,2723,重点词,0.031222177,3.713192215247193,0.04917600158044287,0.10766672060753037,0.00630962465908177,0.7409627911176737,0.009393577058449423,1.1174000054714455,1.5750343603664432
2026-09-16,495403620,9628223555,2843,重点词,0.013831738,3.713192215247193,0.018671151676936438,0.02646175600785393,0.0023956392396307776,0.7409627911176737,0.009393577058449423,0.9576636198193894,1.349877482998625
2026-09-16,495403620,9628223555,2874,重点词,0.49909392,3.713192215247193,0.5094699681952545,2.726022366122295,0.06536855724489816,0.7409627911176737,0.009393577058449423,0.7241940392913709,1.0207897707815283
2026-09-16,495403620,9628223555,2997,重点词,0.016982785,3.713192215247193,0.021764588362171853,0.041007492110556105,0.002792548784188625,0.7409627911176737,0.009393577058449423,0.9092015818871546,1.2815676793983939
2026-09-16,495403620,9628223555,3374,重点词,0.22025012,3.713192215247193,0.19220795382103786,1.642636079018196,0.024661623680750432,0.7409627911176737,0.009393577058449423,0.6191185809082594,0.872680359134596
2026-09-16,495403620,9628223555,3382,重点词,0.14075045,3.713192215247193,0.12228777856238089,0.6495037247811094,0.01569037657238868,0.7409627911176737,0.009393577058449423,0.616384771328776,0.868826910055214
2026-09-16,495403620,9628223555,3393,重点词,0.027391708,3.713192215247193,0.02973877048081506,0.06587620057456346,0.0038156920759321697,0.7409627911176737,0.009393577058449423,0.7702337281389124,1.0856851453299319
2026-09-16,495403620,9628223555,3575,重点词,0.014714986,3.713192215247193,0.014311399735419499,0.045521648501190434,0.001836252598309884,0.7409627911176737,0.009393577058449423,0.689986979745889,0.9725731125683368
2026-09-16,495403620,9628223555,4188,重点词,0.14077248,3.713192215247193,0.1352246185870894,0.522053122344964,0.017350263553988245,0.7409627911176737,0.009393577058449423,0.6814855317304676,0.9605898723038011
2026-09-16,495403620,9628223555,4634,重点词,0.034463201,3.713192215247193,0.03453776855849516,0.14066815785614467,0.004431437066103526,0.7409627911176737,0.009393577058449423,0.7109798597535864,1.0021636863765255
2026-09-16,495403620,9628223555,5249,重点词,0.034128081,3.713192215247193,0.03349481397508398,0.03445220605751429,0.004297618704579585,0.7409627911176737,0.009393577058449423,0.696280668764194,0.9814443998501989
2026-09-16,495403620,9628223555,5703,重点词,0.22340576,3.713192215247193,0.19599056216732422,0.4286884175732422,0.02514695876555466,0.7409627911176737,0.009393577058449423,0.6223854466686312,0.8772851790720356
2026-09-16,495403620,9628223555,5705,重点词,0.012340683,3.713192215247193,0.011206007584569534,0.041001269556960235,0.0014378090839653928,0.7409627911176737,0.009393577058449423,0.6442142868700049,0.9080540829522591
2026-09-16,495403620,9628223555,5964,重点词,0.16289684,3.713192215247193,0.1603362060651345,0.23372347022781437,0.020572255714554125,0.7409627911176737,0.009393577058449423,0.6982928253058283,0.9842806408346196
2026-09-16,495403620,9628223555,6027,重点词,0.04606662,3.713192215247193,0.03928466793579041,0.2842306307788134,0.005040497428934519,0.7409627911176737,0.009393577058449423,0.605,0.8527794732018631
2026-09-16,495403620,9628223555,6261,重点词,1.7368192,3.713192215247193,2.571525035513695,2.0544290341445173,0.3299446326269866,0.7409627911176737,0.009393577058449423,1.050400166385009,1.48059454634869
2026-09-16,495403620,9628223555,6298,重点词,0.18207948,3.713192215247193,0.18558586163551455,0.36783631694626706,0.023811962976226876,0.7409627911176737,0.009393577058449423,0.7231069233300781,1.019257423381891
2026-09-16,495403620,9628223555,6360,重点词,0.98570577,3.713192215247193,1.1216566622026127,2.868628049036976,0.1439163882260722,0.7409627911176737,0.009393577058449423,0.8072931695439771,1.1379223865176449
2026-09-16,495403620,9628223555,6474,重点词,0.01102132,3.713192215247193,0.012570405572727707,0.0313084436884437,0.0016128708806590888,0.7409627911176737,0.009393577058449423,0.8091598298266673,1.1405535428358589
2026-09-16,495403620,9628223555,6500,重点词,0.010685282,3.713192215247193,0.014323111948142073,0.05942522470884311,0.0018377553570505653,0.7409627911176737,0.009393577058449423,0.950977046377095,1.340452404357889
2026-09-16,495403620,9628223555,6617,重点词,0.029221556,3.713192215247193,0.040186111878707,0.05299362370318469,0.0051561589863651745,0.7409627911176737,0.009393577058449423,0.9756437972401659,1.3752214932944364
2026-09-16,495817671,9630806627,110,重点词,0.18789328,3.677437016527729,0.19486248300413883,0.4459593493129445,0.025002218325570175,0.7496825477713356,0.010872061372080284,0.9257197166460085,1.037091283967893
2026-09-16,495817671,9630806627,353,重点词,0.19553569,3.677437016527729,0.2650683032445354,0.2574564518521275,0.034010115681259966,0.7496825477713356,0.010872061372080284,1.210024849596695,1.3556006233160574
2026-09-16,495817671,9630806627,444,重点词,0.015976648,3.677437016527729,0.020366864898203076,0.09451037622750896,0.002613211096060237,0.7496825477713356,0.010872061372080284,1.1378920026173387,1.274789611575787
2026-09-16,495817671,9630806627,679,重点词,0.013283531,3.677437016527729,0.022089324489560302,0.015832996164852002,0.0028342146986837908,0.7496825477713356,0.010872061372080284,1.48433330039289,1.6629105988129438
2026-09-16,495817671,9630806627,815,重点词,0.15217637,3.677437016527729,0.2338076866247795,0.25120496239074397,0.02999916011059486,0.7496825477713356,0.010872061372080284,1.3714314165508554,1.5364257054152328
2026-09-16,495817671,9630806627,1089,重点词,0.026274446,3.677437016527729,0.03418302629106439,0.061019793114390826,0.00438592115414923,0.7496825477713356,0.010872061372080284,1.1612867498227253,1.300998936040912
2026-09-16,495817671,9630806627,1164,重点词,0.015697274,3.677437016527729,0.02054778399708306,0.03767362752120294,0.002636424280762223,0.7496825477713356,0.010872061372080284,1.1684315681344528,1.3090033337688478
2026-09-16,495817671,9630806627,1424,重点词,0.17163196,3.677437016527729,0.23909164124596305,0.015534102339841127,0.030677128414316163,0.7496825477713356,0.010872061372080284,1.2434512423886321,1.3930484814481117
2026-09-16,495817671,9630806627,1438,重点词,0.12661956,3.677437016527729,0.12635731323774368,0.13123462041542575,0.016212526310338687,0.7496825477713356,0.010872061372080284,0.890762883005918,0.9979288605784421
2026-09-16,495817671,9630806627,1738,重点词,0.010753933,3.677437016527729,0.013537508195741538,0.015962371098585854,0.0017369569055883196,0.7496825477713356,0.010872061372080284,1.1236574500768048,1.2588425272634243
2026-09-16,495817671,9630806627,1924,重点词,0.1091838,3.677437016527729,0.09950548098349347,0.10596047094128995,0.012767248583645184,0.7496825477713356,0.010872061372080284,0.8134883306459086,0.9113575547241759
2026-09-16,495817671,9630806627,1981,重点词,0.024883532,3.677437016527729,0.030132394734269558,0.03647521739589376,0.0038661968184120236,0.7496825477713356,0.010872061372080284,1.080896604997129,1.2109372067546342
2026-09-16,495817671,9630806627,2019,重点词,0.059701411,3.677437016527729,0.090375912591826,0.11142276720058371,0.011595861158894742,0.7496825477713356,0.010872061372080284,1.3512342026651407,1.513798603383528
2026-09-16,495817671,9630806627,2438,重点词,0.043945217,3.677437016527729,0.057240252527951216,0.0590147581563176,0.0073443244109960846,0.7496825477713356,0.010872061372080284,1.1626592660141783,1.3025365770284218
2026-09-16,495817671,9630806627,2533,重点词,1.2825065,3.677437016527729,1.8737233665722157,1.5722481435402842,0.240411802059229,0.7496825477713356,0.010872061372080284,1.304092590257495,1.460985473814141
2026-09-16,495817671,9630806627,2541,重点词,0.11386035,3.677437016527729,0.10508280200738108,0.5133602152544693,0.013482857846963812,0.7496825477713356,0.010872061372080284,0.8237997570918812,0.922909529150236
2026-09-16,495817671,9630806627,2586,重点词,0.11095604,3.677437016527729,0.09330389645203202,0.14414846940587742,0.011971541949768488,0.7496825477713356,0.010872061372080284,0.7506048419413414,0.84090867384986
2026-09-16,495817671,9630806627,2821,重点词,0.087867262,3.677437016527729,0.10413521362346416,0.20318735530704488,0.013361275635281937,0.7496825477713356,0.010872061372080284,1.0578718190071168,1.1851423528306158
2026-09-16,495817671,9630806627,2899,重点词,0.10392799,3.677437016527729,0.1700939427752288,0.14237405211373033,0.021824241524383035,0.7496825477713356,0.010872061372080284,1.4608944851817247,1.6366519046046093
2026-09-16,495817671,9630806627,2933,重点词,0.18799523,3.677437016527729,0.2517836629862434,0.3758346185144703,0.03230560349916167,0.7496825477713356,0.010872061372080284,1.1954825651998457,1.3393087845167313
2026-09-16,495817671,9630806627,2987,重点词,0.029317113,3.677437016527729,0.04495151562832255,0.013253910204350464,0.005767593589478839,0.7496825477713356,0.010872061372080284,1.3686287787355185,1.5332858876084612
2026-09-16,495817671,9630806627,3135,重点词,0.015907136,3.677437016527729,0.0188351116399241,0.03449827976734721,0.0024166764486823677,0.7496825477713356,0.010872061372080284,1.0569117691471372,1.1840668012094762
2026-09-16,495817671,9630806627,3215,重点词,0.013496041,3.677437016527729,0.013606747676239832,0.13698631490174665,0.0017458408148020325,0.7496825477713356,0.010872061372080284,0.8999336099356339,1.0082029001126946
2026-09-16,495817671,9630806627,3567,重点词,2.2174341,3.677437016527729,2.2597230278480134,4.453309692303809,0.2899382560796709,0.7496825477713356,0.010872061372080284,0.9096346994975919,1.0190711091923828
2026-09-16,495817671,9630806627,3575,重点词,0.082517439,3.677437016527729,0.05812216747702169,0.19686702963925182,0.007457480262041951,0.7496825477713356,0.010872061372080284,0.628721902786872,0.7043622315644296
2026-09-16,495817671,9630806627,3587,重点词,0.088147299,3.677437016527729,0.09869561508733549,0.18427417939094515,0.012663337129587886,0.7496825477713356,0.010872061372080284,0.9994276908846464,1.119666923513283
2026-09-16,495817671,9630806627,3989,重点词,0.54555888,3.677437016527729,0.3771964606581037,3.1863641652137953,0.04839694186184594,0.7496825477713356,0.010872061372080284,0.617146839512601,0.6913945945818052
2026-09-16,495817671,9630806627,4002,重点词,0.012906839,3.677437016527729,0.016055525355146285,0.040683539305086586,0.0020600361037818086,0.7496825477713356,0.010872061372080284,1.1103685630462166,1.2439548796685451
2026-09-16,495817671,9630806627,4054,重点词,0.11870769,3.677437016527729,0.10627159706281172,0.20569292469908984,0.013635388560223808,0.7496825477713356,0.010872061372080284,0.7990995438976034,0.8952376805817022
2026-09-16,495817671,9630806627,4256,重点词,0.012441435,3.677437016527729,0.010552448781439098,0.01796483503395506,0.0013539529222633046,0.7496825477713356,0.010872061372080284,0.7570861604789116,0.8481697474157199
2026-09-16,495817671,9630806627,4563,重点词,0.094653018,3.677437016527729,0.07536314188678139,0.10542170448869864,0.009669617763796072,0.7496825477713356,0.010872061372080284,0.7107012173627318,0.7962043205720223
2026-09-16,495817671,9630806627,4579,重点词,0.01278635,3.677437016527729,0.012513634370897357,0.012173130055671829,0.0016055867387304587,0.7496825477713356,0.010872061372080284,0.8735734024055075,0.9786713464669242
2026-09-16,495817671,9630806627,4652,重点词,0.012872413,3.677437016527729,0.012620194935542103,0.014598290146049063,0.001619259203850835,0.7496825477713356,0.010872061372080284,0.8751220513668431,0.9804063104207505
2026-09-16,495817671,9630806627,4751,重点词,0.030054609,3.677437016527729,0.024875319519594482,0.04275742202248112,0.0031916773303869318,0.7496825477713356,0.010872061372080284,0.7387884802767798,0.827670708329444
2026-09-16,495817671,9630806627,4760,重点词,0.16923874,3.677437016527729,0.12086164982101985,0.35206687332635034,0.015507394288666461,0.7496825477713356,0.010872061372080284,0.6374575428864633,0.7141488398047625
2026-09-16,495817671,9630806627,4828,重点词,0.010567242,3.677437016527729,0.008855951155996784,0.016159786651733815,0.00113628042129646,0.7496825477713356,0.010872061372080284,0.7480594070639796,0.8380570025742559
2026-09-16,495817671,9630806627,4832,重点词,0.011350418,3.677437016527729,0.010776447044857479,0.025592141325592673,0.0013826934648253943,0.7496825477713356,0.010872061372080284,0.8474737850773004,0.9494317341315077
2026-09-16,495817671,9630806627,4887,重点词,0.011059127,3.677437016527729,0.017224344194751374,0.021866267155299213,0.0022100037289517357,0.7496825477713356,0.010872061372080284,1.3902227124752877,1.5574777461865998
2026-09-16,495817671,9630806627,4995,重点词,0.012074011,3.677437016527729,0.01511075792349569,0.006282102725886779,0.001938815839989344,0.7496825477713356,0.010872061372080284,1.1171132690992538,1.2515110283977453
2026-09-16,495817671,9630806627,5194,重点词,0.082389668,3.677437016527729,0.058050477443887076,0.06551507945161247,0.007448281929799819,0.7496825477713356,0.010872061372080284,0.6289202416201338,0.7045844321631091
2026-09-16,495817671,9630806627,5210,重点词,0.82097318,3.677437016527729,0.8535196992391172,1.6495681175633234,0.1095125420581762,0.7496825477713356,0.010872061372080284,0.9279981467464091,1.0396438276328555
2026-09-16,495817671,9630806627,5304,重点词,0.019860087,3.677437016527729,0.01586075365173865,0.07153397045657743,0.0020350455331128643,0.7496825477713356,0.010872061372080284,0.7128615695842125,0.798624580634448
2026-09-16,495817671,9630806627,5486,重点词,0.074263312,3.677437016527729,0.05033466230260701,0.08838814138759604,0.006458288926796122,0.7496825477713356,0.010872061372080284,0.605,0.6777863920559726
2026-09-16,495817671,9630806627,5493,重点词,0.41163785,3.677437016527729,0.4589219527827586,0.3807340839955525,0.05888289362312925,0.7496825477713356,0.010872061372080284,0.9951443030421896,1.1148682094777207
2026-09-16,495817671,9630806627,5621,重点词,0.013284855,3.677437016527729,0.020437444099211968,0.020115449555345735,0.002622266900777819,0.7496825477713356,0.010872061372080284,1.3731952514198682,1.5384017438814324
2026-09-16,495817671,9630806627,5626,重点词,0.11004377,3.677437016527729,0.12358539181294514,0.09557746397092742,0.015856869420537757,0.7496825477713356,0.010872061372080284,1.002453433534603,1.1230566874703143
2026-09-16,495817671,9630806627,5630,重点词,0.33972671,3.677437016527729,0.5405582279840087,0.43751898921368876,0.0693573982296657,0.7496825477713356,0.010872061372080284,1.4202844046814733,1.5911561030453234
2026-09-16,495817671,9630806627,5702,重点词,0.061216786,3.677437016527729,0.04149190451620258,0.04903462560136674,0.005323701307017493,0.7496825477713356,0.010872061372080284,0.605,0.6777863920559726
2026-09-16,495817671,9630806627,5783,重点词,0.0113054,3.677437016527729,0.013241112600274252,0.01486824041686724,0.0016989272793905817,0.7496825477713356,0.010872061372080284,1.04544472416441,1.171220177992309
2026-09-16,495817671,9630806627,5834,重点词,0.081417815,3.677437016527729,0.05518388707793065,0.06801349382631648,0.007080478353274027,0.7496825477713356,0.010872061372080284,0.605,0.6777863920559726
2026-09-16,495817671,9630806627,6119,重点词,0.066704973,3.677437016527729,0.04760004551324451,0.0522687670206023,0.00610741848241736,0.7496825477713356,0.010872061372080284,0.636959302503616,0.7135906570750656
2026-09-16,495817671,9630806627,6159,重点词,0.19540461,3.677437016527729,0.22266720724814168,0.17476247811056655,0.028569758753637427,0.7496825477713356,0.010872061372080284,1.017147617375342,1.1395187004448957
2026-09-16,495817671,9630806627,6360,重点词,2.1174842,3.677437016527729,2.362074751548303,4.662063876889783,0.3030706974942593,0.7496825477713356,0.010872061372080284,0.9957171523110093,1.1155099771456634
2026-09-16,495817671,9630806627,6486,重点词,0.012317636,3.677437016527729,0.010311171819467703,0.050305517478631,0.0013229954019282537,0.7496825477713356,0.010872061372080284,0.747210880274413,0.8371063911506804
2026-09-16,495817671,9630806627,6489,重点词,0.10211603,3.677437016527729,0.08999038377457338,0.09552190519481261,0.011546395117452871,0.7496825477713356,0.010872061372080284,0.7866195052217215,0.8812561923389833
2026-09-16,495817671,9630806627,6504,重点词,0.017844883,3.677437016527729,0.018113830411651793,0.028222425236791752,0.002324131026570423,0.7496825477713356,0.010872061372080284,0.906064514752625,1.0150714023539293
2026-09-16,500635396,9657930100,509,重点词,0.90889825,3.095259937202232,0.47439558960855305,1.2020510542411955,0.06086826936218764,1.7576292205563333,0.02890098961510046,0.6567790228291055,0.5219457619250043
2026-09-16,500635396,9657930100,797,重点词,2.9897806,3.095259937202232,2.3806435053894806,5.878731096408963,0.3054531983759761,1.7576292205563333,0.02890098961510046,1.001956677626139,0.7962602691948301
2026-09-16,500635396,9657930100,844,重点词,13.738783,3.095259937202232,10.577780263577116,32.38511705146756,1.3572031284454333,1.7576292205563333,0.02890098961510046,0.9688134837552538,0.769921197792928
2026-09-16,500635396,9657930100,861,重点词,1.5169439,3.095259937202232,0.8501944610544915,2.4784057735050347,0.10908589076134978,1.7576292205563333,0.02890098961510046,0.7052492759945266,0.560465328384584
2026-09-16,500635396,9657930100,1934,重点词,1.6709854,3.095259937202232,1.4506120726917804,3.0424012073070545,0.18612366622864718,1.7576292205563333,0.02890098961510046,1.092376955639565,0.8681177421967783
2026-09-16,500635396,9657930100,1998,重点词,0.15022714,3.095259937202232,0.09139769762580247,0.43707350408451756,0.011726963319287192,1.7576292205563333,0.02890098961510046,0.7655626798513158,0.608396709314991
2026-09-16,500635396,9657930100,2253,重点词,0.025333292,3.095259937202232,0.018883799791431916,0.04322834112776885,0.002422923478767892,1.7576292205563333,0.02890098961510046,0.9379758483131294,0.7454143658641725
2026-09-16,500635396,9657930100,2533,重点词,62.031354,3.095259937202232,43.77276097121606,115.14164192808323,5.616351129489076,1.7576292205563333,0.02890098961510046,0.8879460453766986,0.7056554169560132
2026-09-16,500635396,9657930100,2818,重点词,5.0124287,3.095259937202232,4.2342032197120725,7.803174310015364,0.5432778629420671,1.7576292205563333,0.02890098961510046,1.0629611398359828,0.8447408378521319
2026-09-16,500635396,9657930100,2832,重点词,59.046343,3.095259937202232,47.54975181500933,109.91916221691633,6.100965449466684,1.7576292205563333,0.02890098961510046,1.013325909349506,0.8052954577561108
2026-09-16,500635396,9657930100,2874,重点词,37.257982,3.095259937202232,27.422021812990405,76.90294488490719,3.518437031731611,1.7576292205563333,0.02890098961510046,0.9261344538790008,0.7360039471002591
2026-09-16,500635396,9657930100,3366,重点词,0.18425844,3.095259937202232,0.1499500919297197,0.43596086606790324,0.019239644689770994,1.7576292205563333,0.02890098961510046,1.0240313301240347,0.8138031122466884
2026-09-16,500635396,9657930100,3408,重点词,4.6490574,3.095259937202232,4.010404814546189,7.679393449895014,0.5145629635904408,1.7576292205563333,0.02890098961510046,1.0854684437023945,0.8626275112340382
2026-09-16,500635396,9657930100,3567,重点词,13.92955,3.095259937202232,10.911864935125436,21.196195745310657,1.400068526486677,1.7576292205563333,0.02890098961510046,0.9857250487838423,0.7833609079349609
2026-09-16,500635396,9657930100,4196,重点词,0.23595127,3.095259937202232,0.20661786341502086,0.33352781224853656,0.026510515782329776,1.7576292205563333,0.02890098961510046,1.1018930521121153,0.8756802343764493
2026-09-16,500635396,9657930100,4482,重点词,0.55844839,3.095259937202232,0.3496219143163305,0.8854098476329282,0.04485893486718539,1.7576292205563333,0.02890098961510046,0.7877882534280409,0.6260594901461359
2026-09-16,500635396,9657930100,4536,重点词,17.267534,3.095259937202232,14.352211072921527,32.116708271531174,1.8414889781129813,1.7576292205563333,0.02890098961510046,1.0458812820672614,0.8311673845797278
2026-09-16,500635396,9657930100,4721,重点词,26.1105,3.095259937202232,17.92134745192278,42.21221148549378,2.2994341177098576,1.7576292205563333,0.02890098961510046,0.8636730519643556,0.6863655407565072
2026-09-16,500635396,9657930100,4766,重点词,0.02985812,3.095259937202232,0.019356219788313856,0.037500198072022047,0.0024835382657772344,1.7576292205563333,0.02890098961510046,0.8157404221998372,0.6482732264561151
2026-09-16,500635396,9657930100,5331,重点词,1.492888,3.095259937202232,1.277387214001675,2.372618987228981,0.16389770631262748,1.7576292205563333,0.02890098961510046,1.076686419583993,0.8556483902353526
2026-09-16,500635396,9657930100,5337,重点词,0.26091138,3.095259937202232,0.18743155500226905,0.5099265401267864,0.02404877833342764,1.7576292205563333,0.02890098961510046,0.9039482827264674,0.7183724795839455
2026-09-16,500635396,9657930100,5553,重点词,25.763413,3.095259937202232,26.8551588025618,52.39908128386446,3.445704546088775,1.7576292205563333,0.02890098961510046,1.3116507953767684,1.0423758219674466
2026-09-16,500635396,9657930100,5573,重点词,3.8239313,3.095259937202232,4.9086718262345235,4.890136447039635,0.629816898543185,1.7576292205563333,0.02890098961510046,1.6152799945759921,1.283671551901187
2026-09-16,500635396,9657930100,5867,重点词,8.8320505,3.095259937202232,8.375343783853038,7.740931753403038,1.0746151368252506,1.7576292205563333,0.02890098961510046,1.1932597637810134,0.9482898432083284
2026-09-16,500635396,9657930100,6001,重点词,0.065586674,3.095259937202232,0.04901027524838064,0.162615571987116,0.006288360812534009,1.7576292205563333,0.02890098961510046,0.940297824862026,0.7472596529041958
2026-09-16,500635396,9657930100,6023,重点词,0.12350159,3.095259937202232,0.0969742587639862,0.18414062730606917,0.01244247508395971,1.7576292205563333,0.02890098961510046,0.988047485933234,0.7852065610166331
2026-09-16,500635396,9657930100,6180,重点词,0.68043573,3.095259937202232,0.3994917340273792,1.3532989674951463,0.05125758124102832,1.7576292205563333,0.02890098961510046,0.7387790727082647,0.5871116351097247
2026-09-16,500635396,9657930100,6434,重点词,0.03220127,3.095259937202232,0.028295790302288258,0.04672337892698281,0.0036305476350588024,1.7576292205563333,0.02890098961510046,1.1057137889825142,0.8787165941681263
2026-09-16,500635396,9657930100,6660,重点词,1.5606815,3.095259937202232,1.495841540068753,2.9266651980514875,0.1919269229698861,1.7576292205563333,0.02890098961510046,1.206049699607886,0.9584540728321268
2026-09-16,525368335,9811363528,33,重点词,0.01893942,3.953265035746904,0.01641664199964394,0.031650960419385685,0.002106369892859801,0.6103155901602928,0.0020640468557582524,0.8751705432450124,0.8667975048678335
2026-09-16,525368335,9811363528,181,重点词,0.017079658,3.953265035746904,0.013171246377565537,0.019184349003857907,0.0016899629547714138,0.6103155901602928,0.0020640468557582524,0.7786149576725473,0.7711656976717881
2026-09-16,525368335,9811363528,206,重点词,0.012652784,3.953265035746904,0.008908224158898128,0.012844180223225884,0.0011429874128677665,0.6103155901602928,0.0020640468557582524,0.7108534601213146,0.7040524961856718
2026-09-16,525368335,9811363528,270,重点词,0.027195276,3.953265035746904,0.018353274088799627,0.056332639244501076,0.0023548533236510795,0.6103155901602928,0.0020640468557582524,0.6813890008476962,0.6748699328809763
2026-09-16,525368335,9811363528,433,重点词,0.045313757,3.953265035746904,0.02938202038482892,0.12598362285693543,0.0037699185455429256,0.6103155901602928,0.0020640468557582524,0.6546763062981508,0.6484128072812174
2026-09-16,525368335,9811363528,469,重点词,0.012865505,3.953265035746904,0.00892942264716245,0.03518256247963856,0.0011457073270533275,0.6103155901602928,0.0020640468557582524,0.7007636736150836,0.6940592419156847
2026-09-16,525368335,9811363528,557,重点词,0.011539612,3.953265035746904,0.007220184138143912,0.012728962890217542,0.0009264000816866252,0.6103155901602928,0.0020640468557582524,0.6317308795477943,0.6256869068166168
2026-09-16,525368335,9811363528,640,重点词,0.044655974,3.953265035746904,0.02675838523056047,0.10953660431720892,0.003433287820518922,0.6103155901602928,0.0020640468557582524,0.605,0.5992117702003424
2026-09-16,525368335,9811363528,653,重点词,0.058868025,3.953265035746904,0.036214436656814654,0.10373529481422726,0.004646565300165965,0.6103155901602928,0.0020640468557582524,0.6211225651411756,0.6151800855696221
2026-09-16,525368335,9811363528,709,重点词,0.14079565,3.953265035746904,0.2636973265829055,0.031052411882616888,0.03383420979478615,0.6103155901602928,0.0020640468557582524,1.891,1.8729081941303267
2026-09-16,525368335,9811363528,751,重点词,0.012285169,3.953265035746904,0.008288328755116418,0.024871375438122536,0.00106345050055182,0.6103155901602928,0.0020640468557582524,0.6811784074331599,0.6746613542814445
2026-09-16,525368335,9811363528,829,重点词,0.011635646,3.953265035746904,0.008045183209821404,0.02414154464544444,0.001032253227918141,0.6103155901602928,0.0020640468557582524,0.6981045647543145,0.6914255736055742
2026-09-16,525368335,9811363528,888,重点词,0.025230186,3.953265035746904,0.015668184326946725,0.046210037452706534,0.0020103375430111825,0.6103155901602928,0.0020640468557582524,0.6270082555499451,0.6210094656831592
2026-09-16,525368335,9811363528,926,重点词,0.13905155,3.953265035746904,0.11522611563803933,0.023821492180439965,0.014784315870225596,0.6103155901602928,0.0020640468557582524,0.8366621582861993,0.828657542026963
2026-09-16,525368335,9811363528,937,重点词,0.029589939,3.953265035746904,0.02710522081741449,0.022528323908756455,0.00347778925010102,0.6103155901602928,0.0020640468557582524,0.9248768711008415,0.916028276280478
2026-09-16,525368335,9811363528,1167,重点词,0.13060362,3.953265035746904,0.0886987974309491,0.11247086340725275,0.011380675563581985,0.6103155901602928,0.0020640468557582524,0.6857053788925622,0.6791450147472873
2026-09-16,525368335,9811363528,1318,重点词,0.024700448,3.953265035746904,0.03490328409573103,0.03477050970115343,0.004478335263860583,0.6103155901602928,0.0020640468557582524,1.426712614244952,1.4130627952873984
2026-09-16,525368335,9811363528,1353,重点词,0.011762659,3.953265035746904,0.015449623230118859,0.07671374123052284,0.0019822946269191697,0.6103155901602928,0.0020640468557582524,1.3261340459586357,1.313446494548457
2026-09-16,525368335,9811363528,1672,重点词,0.068404339,3.953265035746904,0.12811504702716867,0.019531035426268037,0.016438055839080767,0.6103155901602928,0.0020640468557582524,1.891,1.8729081941303267
2026-09-16,525368335,9811363528,1916,重点词,0.15050132,3.953265035746904,0.15990539148193492,0.22802343344704118,0.020516979192871057,0.6103155901602928,0.0020640468557582524,1.0727483051983662,1.0624849767559177
2026-09-16,525368335,9811363528,1952,重点词,2.4325119,3.953265035746904,3.841138480497973,4.213568195371195,0.49284491004930586,0.6103155901602928,0.0020640468557582524,1.5943366521034565,1.579083120003636
2026-09-16,525368335,9811363528,2078,重点词,0.013213501,3.953265035746904,0.01693431097816556,0.01762577538689015,0.002172790440426659,0.6103155901602928,0.0020640468557582524,1.2939713718805168,1.2815915311290746
2026-09-16,525368335,9811363528,2557,重点词,0.013022465,3.953265035746904,0.019698622722041106,0.021595543905005173,0.0025274709549864887,0.6103155901602928,0.0020640468557582524,1.527276617171065,1.5126646700176276
2026-09-16,525368335,9811363528,2633,重点词,0.090625449,3.953265035746904,0.11574363378626093,0.19499485724714208,0.014850717065210914,0.6103155901602928,0.0020640468557582524,1.2895018834602299,1.2771648037436034
2026-09-16,525368335,9811363528,2742,重点词,0.22737217,3.953265035746904,0.4258472003101937,0.2869001592420073,0.05463917174483574,0.6103155901602928,0.0020640468557582524,1.891,1.8729081941303267
2026-09-16,525368335,9811363528,2807,重点词,0.013231055,3.953265035746904,0.019640500039848786,0.03150417255986308,0.002520013408682877,0.6103155901602928,0.0020640468557582524,1.4987634894003856,1.4844243365210699
2026-09-16,525368335,9811363528,2843,重点词,0.42586382,3.953265035746904,0.7124863003703336,0.7274227530104628,0.09141697140058762,0.6103155901602928,0.0020640468557582524,1.6891989853942686,1.673037874807805
2026-09-16,525368335,9811363528,2914,重点词,0.4773878,3.953265035746904,0.7561983970517656,0.46150544672841315,0.09702553887775757,0.6103155901602928,0.0020640468557582524,1.599335125075812,1.5840337709756422
2026-09-16,525368335,9811363528,2961,重点词,0.32471383,3.953265035746904,0.5406297978455292,0.6993328888692286,0.06936658114304996,0.6103155901602928,0.0020640468557582524,1.6810252308435965,1.6649423211987284
2026-09-16,525368335,9811363528,2978,重点词,0.27868136,3.953265035746904,0.5219446026953835,0.713229844595773,0.06696914002766652,0.6103155901602928,0.0020640468557582524,1.891,1.8729081941303267
2026-09-16,525368335,9811363528,3222,重点词,0.12148965,3.953265035746904,0.07636823235051517,0.1476547337427417,0.009798577894159836,0.6103155901602928,0.0020640468557582524,0.6346707691218594,0.6285986695205326
2026-09-16,525368335,9811363528,3515,重点词,0.21790607,3.953265035746904,0.13057188194209973,0.2598140457499564,0.01675328492774883,0.6103155901602928,0.0020640468557582524,0.605,0.5992117702003424
2026-09-16,525368335,9811363528,3575,重点词,0.017342978,3.953265035746904,0.01524598256026166,0.04091758389228112,0.0019561661058758095,0.6103155901602928,0.0020640468557582524,0.8875785222789387,0.8790867727711851
2026-09-16,525368335,9811363528,3595,重点词,0.34525898,3.953265035746904,0.21012960450582113,0.21063153689481787,0.02696109670535537,0.6103155901602928,0.0020640468557582524,0.6144935080752504,0.6086144508270896
2026-09-16,525368335,9811363528,3923,重点词,0.03265581,3.953265035746904,0.019567745717426047,0.07339466922426517,0.0025106785206875123,0.6103155901602928,0.0020640468557582524,0.605,0.5992117702003424
2026-09-16,525368335,9811363528,3936,重点词,0.016029476,3.953265035746904,0.010791020385585826,0.018591236047647213,0.0013845633262836172,0.6103155901602928,0.0020640468557582524,0.6797014971011437,0.6731985740261145
2026-09-16,525368335,9811363528,4025,重点词,0.45142444,3.953265035746904,0.2704988378040983,0.8785193050862835,0.0347068912154189,0.6103155901602928,0.0020640468557582524,0.605,0.5992117702003424
2026-09-16,525368335,9811363528,4045,重点词,0.21855663,3.953265035746904,0.13096170515132127,0.5239383098419232,0.016803301969690782,0.6103155901602928,0.0020640468557582524,0.605,0.5992117702003424
2026-09-16,525368335,9811363528,4053,重点词,0.023027592,3.953265035746904,0.015103177374965492,0.037262007131527414,0.0019378432026378248,0.6103155901602928,0.0020640468557582524,0.6622086294964964,0.6558730663182452
2026-09-16,525368335,9811363528,4437,重点词,0.013361166,3.953265035746904,0.014751210322458932,0.0355887936032125,0.0018926833701523199,0.6103155901602928,0.0020640468557582524,1.1147008559181186,1.1040361539149302
2026-09-16,525368335,9811363528,4594,重点词,0.21441063,3.953265035746904,0.131734670038259,0.2611357869984057,0.016902478766390054,0.6103155901602928,0.0020640468557582524,0.6203386123003263,0.6144036330580206
2026-09-16,525368335,9811363528,4606,重点词,0.015078426,3.953265035746904,0.012326565758977866,0.021732854236229067,0.0015815845285309042,0.6103155901602928,0.0020640468557582524,0.8253936569462832,0.8174968500676307
2026-09-16,525368335,9811363528,4718,重点词,0.26793171,3.953265035746904,0.20803365744436433,0.36362113159031006,0.026692172050278143,0.6103155901602928,0.0020640468557582524,0.7839430743375886,0.7764428385291324
2026-09-16,525368335,9811363528,4969,重点词,0.96589596,3.953265035746904,0.8903940686873577,1.0846735775821004,0.11424378134728587,0.6103155901602928,0.0020640468557582524,0.9307369333357346,0.92183227341313
2026-09-16,525368335,9811363528,5045,重点词,1.0057636,3.953265035746904,0.8270044660043664,1.3017714764341612,0.10611045233793708,0.6103155901602928,0.0020640468557582524,0.8302081264218699,0.8222652579635675
2026-09-16,525368335,9811363528,5070,重点词,0.43789083,3.953265035746904,0.4225068796882941,0.8223025674411791,0.05421058526590658,0.6103155901602928,0.0020640468557582524,0.9741884437725357,0.9648680692589385
2026-09-16,525368335,9811363528,5182,重点词,0.013636878,3.953265035746904,0.008274524351647392,0.013405657398490268,0.0010616792991175268,0.6103155901602928,0.0020640468557582524,0.612636858968179,0.6067755648798349
2026-09-16,525368335,9811363528,5260,重点词,0.032049658,3.953265035746904,0.04736512422309688,0.12425258889616486,0.006077276439192597,0.6103155901602928,0.0020640468557582524,1.4921425682553897,1.4778667598604915
2026-09-16,525368335,9811363528,5460,重点词,0.95752754,3.953265035746904,0.7138630206609482,1.5631957979154083,0.09159361423479834,0.6103155901602928,0.0020640468557582524,0.7527290042337162,0.7455274034843408
2026-09-16,525368335,9811363528,5484,重点词,0.29643946,3.953265035746904,0.20898859844495685,0.27064404334131037,0.026814697654061737,0.6103155901602928,0.0020640468557582524,0.7118059583974846,0.7049958816041456
2026-09-16,525368335,9811363528,5596,重点词,0.10856838,3.953265035746904,0.14483107405882786,0.24996772491279529,0.018582838923738472,0.6103155901602928,0.0020640468557582524,1.3468940455100942,1.3340078764998415
2026-09-16,525368335,9811363528,5608,重点词,0.011533416,3.953265035746904,0.007130822910333278,0.010704204860922705,0.000914934411676072,0.6103155901602928,0.0020640468557582524,0.6242473872769904,0.6182750115259241
2026-09-16,525368335,9811363528,5771,重点词,0.017116832,3.953265035746904,0.019274158032847894,0.02493744947727216,0.0024730091690793547,0.6103155901602928,0.0020640468557582524,1.1369125656414267,1.1260353570595245
2026-09-16,525368335,9811363528,5891,重点词,0.011637711,3.953265035746904,0.015639794652118885,0.023992817461335393,0.002006694949335403,0.6103155901602928,0.0020640468557582524,1.3568708657020512,1.3438892452406566
2026-09-16,525368335,9811363528,6029,重点词,0.012470009,3.953265035746904,0.00812190998090285,0.014688897492796399,0.001042097808837053,0.6103155901602928,0.0020640468557582524,0.6576070248379864,0.6513154866931411
2026-09-16,525368335,9811363528,6272,重点词,0.012530934,3.953265035746904,0.00858618824109259,0.01496277773204411,0.0011016679541319438,0.6103155901602928,0.0020640468557582524,0.6918182304353417,0.6851993826711232
2026-09-16,525368335,9811363528,6474,重点词,1.2629519,3.953265035746904,0.7567756436768859,1.3249237168067598,0.09709960365372909,0.6103155901602928,0.0020640468557582524,0.605,0.5992117702003424
2026-09-16,525368335,9811363528,6483,重点词,2.1933585,3.953265035746904,1.314286229468968,2.6509000505910367,0.16863210785821517,0.6103155901602928,0.0020640468557582524,0.605,0.5992117702003424
2026-09-16,525368335,9811363528,6490,重点词,0.017148844,3.953265035746904,0.02343549710270317,0.02113561531647463,0.0030069380523987613,0.6103155901602928,0.0020640468557582524,1.3797943410857956,1.3665934043544374
2026-09-16,525368335,9811363528,6522,重点词,3.2261315,3.953265035746904,2.5495082948933225,7.737878295887032,0.3271197309459569,0.6103155901602928,0.0020640468557582524,0.7979017227603115,0.790267940067949
2026-09-16,525368335,9811363528,6607,重点词,0.27622061,3.953265035746904,0.2971390822247687,0.3808464442050563,0.03812502074442633,0.6103155901602928,0.0020640468557582524,1.086122315241516,1.0757310333387822
2026-09-17,63563817,1841014603,9,重点词,1.008,3.474588104548414,1.7015563984022004,5.071998565042782,0.21832157688978585,1.1104698529285713,0.02376547870209545,1.0658426018017386,1.6880519825418654
2026-09-17,63563817,1841014603,726,重点词,0.21779789,3.474588104548414,0.2835518593109476,0.5533063625144582,0.03638168509308738,1.1104698529285713,0.02376547870209545,0.8220270143745364,1.3019036103194004
2026-09-17,63563817,1841014603,1567,重点词,0.032145129,3.474588104548414,0.04526584877466819,0.14754003298985388,0.005807924728807131,1.1104698529285713,0.02376547870209545,0.8891248612676318,1.408171321218471
2026-09-17,63563817,1841014603,1667,重点词,0.075875251,3.474588104548414,0.09548446833328247,0.21443426401359267,0.012251324560608283,1.1104698529285713,0.02376547870209545,0.7945840667332882,1.2584402301783815
2026-09-17,63563817,1841014603,2478,重点词,0.042205555,3.474588104548414,0.055496644008601076,0.3195963604504994,0.007120607253116132,1.1104698529285713,0.02376547870209545,0.8302413592923759,1.3149132622139688
2026-09-17,63563817,1841014603,2892,重点词,0.026503366,3.474588104548414,0.03687380298359243,0.1106806337820479,0.004731166607736684,1.1104698529285713,0.02376547870209545,0.878464378369316,1.3912875437630234
2026-09-17,63563817,1841014603,2985,重点词,0.098218355,3.474588104548414,0.1395345480650381,0.3716019526319541,0.017903257625059357,1.1104698529285713,0.02376547870209545,0.8970080750566706,1.4206565368055502
2026-09-17,63563817,1841014603,3501,重点词,0.011619448,3.474588104548414,0.016690688824089597,0.06680631786972477,0.0021415320155557024,1.1104698529285713,0.02376547870209545,0.9069764745982065,1.436444211815363
2026-09-17,63563817,1841014603,4827,重点词,0.012179317,3.474588104548414,0.01675020686121886,0.04136380936700594,0.002149168595648873,1.1104698529285713,0.02376547870209545,0.8683693760874969,1.3752993588408005
2026-09-17,63563817,1841014603,5134,重点词,0.059337565,3.474588104548414,0.08664594239805103,0.21513221995617082,0.011117279916908565,1.1104698529285713,0.02376547870209545,0.9219890599811319,1.4602207286067608
2026-09-17,63563817,1841014603,5307,重点词,0.075952772,3.474588104548414,0.09036448448944238,0.13778810993844878,0.011594394853495995,1.1104698529285713,0.02376547870209545,0.751210077590017,1.1897457078912457
2026-09-17,63563817,1841014603,5374,重点词,0.033006466,3.474588104548414,0.04804373630170424,0.08060291970272979,0.006164347111218005,1.1104698529285713,0.02376547870209545,0.9190624156893463,1.4555855904629185
2026-09-17,63563817,1841014603,5418,重点词,0.014470476,3.474588104548414,0.02063668104218569,0.05851847324941934,0.0026478303928874946,1.1104698529285713,0.02376547870209545,0.9004597258442956,1.4261231656916946
2026-09-17,63563817,1841014603,6083,重点词,0.10935545,3.474588104548414,0.14953195345503864,0.5394574563501399,0.01918599460139521,1.1104698529285713,0.02376547870209545,0.8633777126508505,1.367393700588664
2026-09-17,63563817,1841014603,6149,重点词,0.15794352,3.474588104548414,0.2054456403807284,1.2464519267424168,0.02636011137519195,1.1104698529285713,0.02376547870209545,0.821301045862953,1.3007538415044086
2026-09-17,63563817,1841014603,6352,重点词,0.052601903,3.474588104548414,0.07221823500402577,0.3365398636523274,0.009266104233207558,1.1104698529285713,0.02376547870209545,0.866867403792291,1.3729205767332366
2026-09-17,63563817,2874903000,431,重点词,0.20405266,3.5934539468928737,0.2828885603902376,0.4704658000787269,0.03629657920623303,0.9274264702612067,0.026525319467718005,1.0418868262677319,1.3863507605842413
2026-09-17,63563817,2874903000,1812,潜力词,0.012271323,3.5934539468928737,0.015437791601024622,0.01496690964654397,0.0019807765462234875,0.9274264702612067,0.026525319467718005,0.9454557516338606,1.2580380779663791
2026-09-17,63563817,2874903000,2275,重点词,0.44263937,3.5934539468928737,0.5780082143762504,0.583031896574166,0.07416249319527062,0.9274264702612067,0.026525319467718005,0.9813668713921166,1.3058219705496383
2026-09-17,63563817,2874903000,2561,重点词,0.67555982,3.5934539468928737,0.8916781011687632,0.7918162543243814,0.11440853168784548,0.9274264702612067,0.026525319467718005,0.9919544072938071,1.3199099099303495
2026-09-17,63563817,2874903000,2669,潜力词,0.012304852,3.5934539468928737,0.017720018231051068,0.02083162651742153,0.0022736021717244185,0.9274264702612067,0.026525319467718005,1.0822689321574908,1.4400838166156789
2026-09-17,63563817,2874903000,3163,重点词,0.828,3.5934539468928737,1.0595855141203148,0.9268374808046314,0.13595222615573951,0.9274264702612067,0.026525319467718005,0.9617298533053006,1.279692649903762
2026-09-17,63563817,2874903000,3422,潜力词,0.012204267,3.5934539468928737,0.01686553268941104,0.015219911124371923,0.002163965705336616,0.9274264702612067,0.026525319467718005,1.038570025436321,1.3819373739865772
2026-09-17,63563817,2874903000,4527,重点词,0.17355876,3.5934539468928737,0.2230630187322686,0.30710487920872853,0.028620544133097565,0.9274264702612067,0.026525319467718005,0.9658917539402204,1.285230539399271
2026-09-17,63563817,2874903000,4667,重点词,0.013511867,3.5934539468928737,0.028430031249349053,0.048050940677614055,0.0036477716866817824,0.9274264702612067,0.026525319467718005,1.581282254070204,2.1040786776060667
2026-09-17,63563817,2874903000,4798,重点词,0.17644218,3.5934539468928737,0.28210018593267056,0.30573276648945236,0.036195425253935425,0.9274264702612067,0.026525319467718005,1.2015680704125389,1.5988250991495943
2026-09-17,63563817,2874903000,4860,重点词,0.077165166,3.5934539468928737,0.11387953513952119,0.27803799412858543,0.014611540181966556,0.9274264702612067,0.026525319467718005,1.1091028279963016,1.4757894143520822
2026-09-17,63563817,2874903000,5241,潜力词,0.010762554,3.5934539468928737,0.013936205713952042,0.014672475456145315,0.00178811258338983,0.9274264702612067,0.026525319467718005,0.9731429185171807,1.294879051380559
2026-09-17,63563817,2874903000,5532,重点词,0.11493469,3.5934539468928737,0.14504352714610405,0.25776219087750274,0.018610098139520442,0.9274264702612067,0.026525319467718005,0.9484067697257158,1.2619647483810505
2026-09-17,63563817,2874903000,6282,重点词,0.27169582,3.5934539468928737,0.3676702472536864,0.45635687699804606,0.047174662110088104,0.9274264702612067,0.026525319467718005,1.0170046813544413,1.3532421928820488
2026-09-17,63563817,4190988309,9,重点词,0.025131135,3.830666507257826,0.026375373167804944,0.15656354052460963,0.003384144696266845,1.3226257448106655,0.004596319738024853,0.8474762476127844,1.049509827861135
2026-09-17,63563817,4190988309,2478,重点词,0.07498033,3.830666507257826,0.08447285968620706,0.2828361670298403,0.010838458218840134,1.3226257448106655,0.004596319738024853,0.90972656018076,1.126600265512396
2026-09-17,63563817,4190988309,2941,重点词,0.028332459,3.830666507257826,0.036606919070153475,0.3341311153530877,0.0046969235365794644,1.3226257448106655,0.004596319738024853,1.043325771978765,1.2920487794636348
2026-09-17,63563817,4190988309,4017,重点词,0.013432285,3.830666507257826,0.01566754075091159,0.07014831267840188,0.002010254967708377,1.3226257448106655,0.004596319738024853,0.941872160311235,1.1664091962694054
2026-09-17,63563817,4190988309,4097,重点词,0.027380913,3.830666507257826,0.030784840140964602,0.5445398537128531,0.003949910123570711,1.3226257448106655,0.004596319738024853,0.9078832478445038,1.1243175178623372
2026-09-17,63563817,4190988309,4101,重点词,0.024769695,3.830666507257826,0.03337861030571241,0.11023661544599737,0.004282708961733916,1.3226257448106655,0.004596319738024853,1.0881496267703072,1.3475583896254035
2026-09-17,63563817,4190988309,4177,重点词,0.45,3.830666507257826,0.5669162589729744,4.413741184519788,0.07273931780319524,1.3226257448106655,0.004596319738024853,1.0172962041913531,1.2598139088288318
2026-09-17,63563817,4190988309,5374,重点词,0.054378258,3.830666507257826,0.054461613843850155,0.15671546822902804,0.0069878056498844645,1.3226257448106655,0.004596319738024853,0.8087350039600538,1.0015328891898332
2026-09-17,63563817,4190988309,6083,重点词,0.016884405,3.830666507257826,0.021368799541753233,0.12784902665689324,0.002741766312640646,1.3226257448106655,0.004596319738024853,1.0219635102488476,1.265593874451201
2026-09-17,63563817,4190988310,925,重点词,0.10158363,3.716219368230377,0.127257793587791,0.21777331819047527,0.016328064232070345,1.265017095571702,0.0188215518667489,1.0128412784537915,1.2527391823642353
2026-09-17,63563817,4190988310,990,重点词,0.011796269,3.716219368230377,0.014396871561284429,0.04168317496433104,0.0018472192308705228,1.265017095571702,0.0188215518667489,0.9867433180788949,1.2204597539513917
2026-09-17,63563817,4190988310,1186,重点词,0.051191531,3.716219368230377,0.0653785255721227,0.10477910685773775,0.008388521715200385,1.265017095571702,0.0188215518667489,1.0325657970761637,1.2771355787761594
2026-09-17,63563817,4190988310,1567,重点词,0.34152476,3.716219368230377,0.41890713301212834,1.413938783777986,0.05374871261126977,1.265017095571702,0.0188215518667489,0.9916908180407442,1.226579100771869
2026-09-17,63563817,4190988310,1667,重点词,0.086989349,3.716219368230377,0.10063135721735411,0.22819348526460131,0.012911706372402583,1.265017095571702,0.0188215518667489,0.9352936393856561,1.15682389136346
2026-09-17,63563817,4190988310,2123,重点词,0.067719321,3.716219368230377,0.08296796627457492,0.21168100413241117,0.010645369877491534,1.265017095571702,0.0188215518667489,0.9905549699611331,1.2251742198445097
2026-09-17,63563817,4190988310,2892,重点词,0.13780905,3.716219368230377,0.17566677836201572,0.30322078354046805,0.0225392752747761,1.265017095571702,0.0188215518667489,1.0306059116613264,1.2747114820254237
2026-09-17,63563817,4190988310,2985,重点词,1.116,3.716219368230377,1.3940943871660647,2.279856101342923,0.17887205221354788,1.265017095571702,0.0188215518667489,1.009970562421079,1.2491885189660077
2026-09-17,63563817,4190988310,3169,重点词,0.97375457,3.716219368230377,1.1902762949581174,1.7371134894217288,0.15272076664270734,1.265017095571702,0.0188215518667489,0.9882777256075258,1.2223575956702493
2026-09-17,63563817,4190988310,3304,重点词,0.016063004,3.716219368230377,0.019637234261130048,0.04581129350900367,0.0025195943864510443,1.265017095571702,0.0188215518667489,0.9884035238334044,1.2225131900066792
2026-09-17,63563817,4190988310,4403,重点词,0.023955071,3.716219368230377,0.03096992263999613,0.20454452804412554,0.0039736575016072005,1.265017095571702,0.0188215518667489,1.0452577340844087,1.292833681853672
2026-09-17,63563817,4190988310,4675,重点词,0.020952553,3.716219368230377,0.026651977073117852,0.0880900069209129,0.003419634910307645,1.265017095571702,0.0188215518667489,1.0284263954337955,1.2720157335059767
2026-09-17,63563817,4190988310,4773,重点词,0.19142676,3.716219368230377,0.2126693678897727,0.3501179557933276,0.027286966096127206,1.265017095571702,0.0188215518667489,0.8982206247749116,1.1109698972587359
2026-09-17,63563817,4190988310,4791,重点词,0.023118456,3.716219368230377,0.02636140048979828,0.16861844246979624,0.003382351904033421,1.265017095571702,0.0188215518667489,0.921913946446181,1.140275132984585
2026-09-17,63563817,4190988310,4827,重点词,0.089573559,3.716219368230377,0.10877708918579525,0.35521978718382075,0.013956860708715829,1.265017095571702,0.0188215518667489,0.9818346040729282,1.214388379787335
2026-09-17,63563817,4190988310,5010,重点词,0.059046414,3.716219368230377,0.0746894672857704,0.13835462989789074,0.009583180604650817,1.265017095571702,0.0188215518667489,1.0226960208962543,1.2649280832832694
2026-09-17,63563817,4190988310,5134,重点词,0.15649345,3.716219368230377,0.2085945497531493,1.218564752422251,0.02676413845317509,1.265017095571702,0.0188215518667489,1.0776742933136458,1.3329283094797213
2026-09-17,63563817,4190988310,5267,重点词,0.10314531,3.716219368230377,0.13561021568404463,0.30001853185124044,0.01739973835619312,1.265017095571702,0.0188215518667489,1.0629764740814327,1.3147492182053129
2026-09-17,63563817,4190988310,5330,重点词,0.11303596,3.716219368230377,0.1372462033402036,1.077503316282483,0.017609647005239513,1.265017095571702,0.0188215518667489,0.9816675694706871,1.214181781976316
2026-09-17,63563817,4190988310,5418,重点词,0.014110903,3.716219368230377,0.016311588227867307,0.08392791603567912,0.002092890759794314,1.265017095571702,0.0188215518667489,0.9345922482847276,1.1559563713156633
2026-09-17,63563817,4190988310,6325,重点词,0.077628559,3.716219368230377,0.10315009558511595,0.19530425203701304,0.013234878106668303,1.265017095571702,0.0188215518667489,1.0743080790771709,1.3287647859741407
2026-09-17,63563817,4190988310,6352,重点词,0.065228068,3.716219368230377,0.07735916593353602,0.44454398754765395,0.0099257215977957,1.265017095571702,0.0188215518667489,0.958866166601299,1.1859797216979662
2026-09-17,495403620,8878077181,1048,重点词,1.8475113,1.2171290940547763,6.242313493104081,65.43760450485205,0.8009324442813649,0.6586330512896903,0.7077215878902112,1.3251904619835033,3.378768775651917
2026-09-17,495403620,8878077181,1607,重点词,1.6805818,1.2171290940547763,3.2542329511243304,33.12002561400836,0.41754082916282514,0.6586330512896903,0.7077215878902112,0.7594668316721939,1.9363728389325237
2026-09-17,495403620,8878077181,3989,重点词,45.408,1.2171290940547763,128.5846548987366,1268.366766425024,16.498309810760368,0.6586330512896903,0.7077215878902112,1.1106484099278418,2.8317621321955735
2026-09-17,495403620,8878077181,5778,重点词,45.408,1.2171290940547763,94.77555128521796,1000.1168500810427,12.160365549221513,0.6586330512896903,0.7077215878902112,0.8186226841597737,2.087199420481368
2026-09-17,495403620,9628223555,104,重点词,0.02402683,3.704449957369274,0.03531585508044286,0.04607516128730828,0.004531271004366063,0.7879750867771886,0.010206020833461154,0.9949419901309582,1.4698507909883602
2026-09-17,495403620,9628223555,444,重点词,1.3039368,3.704449957369274,1.6857062878456017,15.29600037209498,0.2162878969401565,0.7879750867771886,0.010206020833461154,0.8750842636258296,1.2927822022091882
2026-09-17,495403620,9628223555,665,重点词,0.10189923,3.704449957369274,0.13982847777357882,0.17361686309052474,0.017940970860732076,0.7879750867771886,0.010206020833461154,0.9288578100749727,1.3722231048613305
2026-09-17,495403620,9628223555,700,重点词,0.012768212,3.704449957369274,0.02175177655650623,0.03730889283501452,0.002790904939989073,0.7879750867771886,0.010206020833461154,1.1531589073579795,1.7035882985422102
2026-09-17,495403620,9628223555,875,重点词,0.11953282,3.704449957369274,0.20097010195588955,0.23529803061717178,0.025785868518910973,0.7879750867771886,0.010206020833461154,1.1380695327621002,1.6812964167990812
2026-09-17,495403620,9628223555,1018,重点词,0.011715034,3.704449957369274,0.01593553094120323,0.059365464584752205,0.0020446399819167836,0.7879750867771886,0.010206020833461154,0.9207622259184725,1.3602633113316813
2026-09-17,495403620,9628223555,1257,重点词,0.024199127,3.704449957369274,0.035447737045752103,0.05449088210734057,0.004548192382145063,0.7879750867771886,0.010206020833461154,0.9915470487068746,1.4648353655795971
2026-09-17,495403620,9628223555,1318,重点词,0.1556809,3.704449957369274,0.2517166998190745,0.2778281797155776,0.03229701165685567,0.7879750867771886,0.010206020833461154,1.0944633050393224,1.616875929025812
2026-09-17,495403620,9628223555,1655,重点词,0.11051406,3.704449957369274,0.1581310584336187,0.17661649415682862,0.02028931986321274,0.7879750867771886,0.010206020833461154,0.9685547010650728,1.430868239150916
2026-09-17,495403620,9628223555,1676,重点词,0.03081144,3.704449957369274,0.0399512803910933,0.11325145235403067,0.00512602846543308,0.7879750867771886,0.010206020833461154,0.877694175185229,1.2966378848600812
2026-09-17,495403620,9628223555,1802,重点词,0.024801595,3.704449957369274,0.030332776335305428,0.0905874000548493,0.0038919071781502793,0.7879750867771886,0.010206020833461154,0.8278603085421157,1.2230171622149877
2026-09-17,495403620,9628223555,2541,重点词,2.4745581,3.704449957369274,5.031856108845714,14.705983820171856,0.645622302850069,0.7879750867771886,0.010206020833461154,1.3764329739739405,2.033436236088259
2026-09-17,495403620,9628223555,2584,重点词,0.013233755,3.704449957369274,0.036642679581444626,0.02787577081739603,0.004701511860083052,0.7879750867771886,0.010206020833461154,1.874254854512452,2.768880002799253
2026-09-17,495403620,9628223555,2723,重点词,0.038802127,3.704449957369274,0.06405303201429993,0.14023872784101046,0.008218451628794282,0.7879750867771886,0.010206020833461154,1.1174000054714455,1.6507608465458592
2026-09-17,495403620,9628223555,2780,重点词,0.010919731,3.704449957369274,0.01511214360193526,0.041900263032887144,0.0019389936322166677,0.7879750867771886,0.010206020833461154,0.9367822246137627,1.3839300255597193
2026-09-17,495403620,9628223555,2843,重点词,0.017189733,3.704449957369274,0.024319666270864605,0.03446713337169174,0.003120383135507142,0.7879750867771886,0.010206020833461154,0.9576636198193894,1.414778593179115
2026-09-17,495403620,9628223555,2874,重点词,0.62026123,3.704449957369274,0.6635980059311104,3.5507156833807114,0.08514426157830615,0.7879750867771886,0.010206020833461154,0.7241940392913709,1.0698685873548963
2026-09-17,495403620,9628223555,2997,重点词,0.021105774,3.704449957369274,0.02834894859831215,0.0534133366844821,0.003637368215924419,0.7879750867771886,0.010206020833461154,0.9092015818871546,1.3431845047858537
2026-09-17,495403620,9628223555,3374,重点词,0.27372125,3.704449957369274,0.25035590724914253,2.1395766286845643,0.032122412460516114,0.7879750867771886,0.010206020833461154,0.6191185809082594,0.9146381848290642
2026-09-17,495403620,9628223555,3382,重点词,0.17492108,3.704449957369274,0.1592830418250487,0.84599565202716,0.020437127382730763,0.7879750867771886,0.010206020833461154,0.616384771328776,0.9105994647703336
2026-09-17,495403620,9628223555,3393,重点词,0.034041718,3.704449957369274,0.03873552908634223,0.08580548026018396,0.004970039077007102,0.7879750867771886,0.010206020833461154,0.7702337281389124,1.137884083474936
2026-09-17,495403620,9628223555,3575,重点词,0.018287411,3.704449957369274,0.018640974462623625,0.05929314412950722,0.0023917672921472265,0.7879750867771886,0.010206020833461154,0.689986979745889,1.0193337079055982
2026-09-17,495403620,9628223555,3989,重点词,0.012101846,3.704449957369274,0.01584016340378006,0.09602293934119278,0.0020324036604090897,0.7879750867771886,0.010206020833461154,0.8859975988073572,1.3089047244346077
2026-09-17,495403620,9628223555,4188,重点词,0.17494846,3.704449957369274,0.1761336172573122,0.6799879030893545,0.022599173967449652,0.7879750867771886,0.010206020833461154,0.6814855317304676,1.0067743223193402
2026-09-17,495403620,9628223555,4321,重点词,0.010180338,3.704449957369274,0.01442824305592366,0.06300361093851935,0.0018512444128659347,0.7879750867771886,0.010206020833461154,0.9593470888251421,1.4172656208392747
2026-09-17,495403620,9628223555,4634,重点词,0.04282999,3.704449957369274,0.04498635041860725,0.18322396918430814,0.005772063136508089,0.7879750867771886,0.010206020833461154,0.7109798597535864,1.0503469745990426
2026-09-17,495403620,9628223555,5249,重点词,0.042413511,3.704449957369274,0.043627874293271994,0.044874902607945265,0.005597761156198286,0.7879750867771886,0.010206020833461154,0.696280668764194,1.0286315201132958
2026-09-17,495403620,9628223555,5703,重点词,0.27764299,3.704449957369274,0.2552828455201106,0.5583779028409568,0.032754573071569884,0.7879750867771886,0.010206020833461154,0.6223854466686312,0.9194644011005306
2026-09-17,495403620,9628223555,5705,重点词,0.015336687,3.704449957369274,0.014596119043916939,0.05340522990803493,0.0018727840752920755,0.7879750867771886,0.010206020833461154,0.6442142868700049,0.9517126511036536
2026-09-17,495403620,9628223555,5964,重点词,0.20244405,3.704449957369274,0.20884211715580508,0.3044309551115958,0.02679590308100939,0.7879750867771886,0.010206020833461154,0.6982928253058283,1.031604125464814
2026-09-17,495403620,9628223555,6027,重点词,0.057250424,3.704449957369274,0.051169311387485476,0.3702178589355535,0.006565380237158443,0.7879750867771886,0.010206020833461154,0.605,0.893780479031657
2026-09-17,495403620,9628223555,6261,重点词,2.1584747,3.704449957369274,3.349478811441024,2.6759477059112857,0.4297615386474423,0.7879750867771886,0.010206020833461154,1.050400166385009,1.5517804361760756
2026-09-17,495403620,9628223555,6298,重点词,0.22628375,3.704449957369274,0.2417304593798544,0.4791164644138994,0.031015707221728896,0.7879750867771886,0.010206020833461154,0.7231069233300781,1.0682625658265537
2026-09-17,495403620,9628223555,6360,重点词,1.2250101,3.704449957369274,1.4609872899680931,3.7364634477889234,0.18745487911025707,0.7879750867771886,0.010206020833461154,0.8072931695439771,1.1926328525520673
2026-09-17,495403620,9628223555,6474,重点词,0.013697016,3.704449957369274,0.016373282981692005,0.04078006912835205,0.002100806627851043,0.7879750867771886,0.010206020833461154,0.8091598298266673,1.1953905129184346
2026-09-17,495403620,9628223555,6500,重点词,0.013279396,3.704449957369274,0.018656228270566958,0.07740291084869456,0.0023937244623044363,0.7879750867771886,0.010206020833461154,0.950977046377095,1.4049003637339346
2026-09-17,495403620,9628223555,6617,重点词,0.036315806,3.704449957369274,0.0523434646655123,0.06902558471387885,0.006716032308056497,0.7879750867771886,0.010206020833461154,0.9756437972401659,1.4413411247298848
2026-09-17,495817671,9630806627,110,重点词,0.11987671,3.66869475864981,0.13030045328538872,0.29820365863396836,0.016718458734269807,0.639374342460554,0.010642603176223796,0.9257197166460085,1.0869538652286064
2026-09-17,495817671,9630806627,353,重点词,0.1247526,3.66869475864981,0.1772456120263033,0.1721557267318856,0.022741850667256543,0.639374342460554,0.010642603176223796,1.210024849596695,1.4207768978466444
2026-09-17,495817671,9630806627,444,重点词,0.010193169,3.66869475864981,0.013618894869037688,0.06319710393862356,0.0017473993845261407,0.639374342460554,0.010642603176223796,1.1378920026173387,1.336080552479576
2026-09-17,495817671,9630806627,815,重点词,0.097089168,3.66869475864981,0.15634229072244885,0.16797548373182175,0.020059808465436656,0.639374342460554,0.010642603176223796,1.3714314165508554,1.610295916043372
2026-09-17,495817671,9630806627,1089,重点词,0.016763208,3.66869475864981,0.022857472299653327,0.040802655065311215,0.0029327734307607422,0.639374342460554,0.010642603176223796,1.1612867498227253,1.3635500018644
2026-09-17,495817671,9630806627,1164,重点词,0.010014927,3.66869475864981,0.013739871388212808,0.02519156308739888,0.0017629215173556789,0.639374342460554,0.010642603176223796,1.1684315681344528,1.371939245110105
2026-09-17,495817671,9630806627,1424,重点词,0.10950192,3.66869475864981,0.15987556497838246,0.010387328369456522,0.02051315224402893,0.639374342460554,0.010642603176223796,1.2434512423886321,1.4600252212781515
2026-09-17,495817671,9630806627,1438,重点词,0.080783814,3.66869475864981,0.08449248107845828,0.08775383393461442,0.010840975780586003,0.639374342460554,0.010642603176223796,0.890762883005918,1.045908541511277
2026-09-17,495817671,9630806627,1924,重点词,0.069659731,3.66869475864981,0.06653723016919355,0.07085354670087268,0.008537191612371878,0.639374342460554,0.010642603176223796,0.8134883306459086,0.9551749513530786
2026-09-17,495817671,9630806627,1981,重点词,0.015875799,3.66869475864981,0.020148900026754454,0.02439021243566003,0.0025852446798509785,0.639374342460554,0.010642603176223796,1.080896604997129,1.2691581712992495
2026-09-17,495817671,9630806627,2019,重点词,0.038089753,3.66869475864981,0.06043247534569331,0.07450606515266561,0.007753908906700983,0.639374342460554,0.010642603176223796,1.3512342026651407,1.5865809196949456
2026-09-17,495817671,9630806627,2438,重点词,0.028037235,3.66869475864981,0.03827535579290176,0.03946193047212883,0.004910995627632853,0.639374342460554,0.010642603176223796,1.1626592660141783,1.3651615714924015
2026-09-17,495817671,9630806627,2533,重点词,0.81824461,3.66869475864981,1.2529195273117817,1.0513293669518833,0.16075833112294888,0.639374342460554,0.010642603176223796,1.304092590257495,1.5312285739490317
2026-09-17,495817671,9630806627,2541,重点词,0.072643386,3.66869475864981,0.0702666641165493,0.34327320100915765,0.009015704050195023,0.639374342460554,0.010642603176223796,0.8237997570918812,0.9672823361585774
2026-09-17,495817671,9630806627,2586,重点词,0.070790428,3.66869475864981,0.06239036080637348,0.09638906152802279,0.008005119293583642,0.639374342460554,0.010642603176223796,0.7506048419413414,0.8813389404337756
2026-09-17,495817671,9630806627,2821,重点词,0.056059686,3.66869475864981,0.06963303207450548,0.13586712061098025,0.008934404631194394,0.639374342460554,0.010642603176223796,1.0578718190071168,1.24212311989235
2026-09-17,495817671,9630806627,2899,重点词,0.066306498,3.66869475864981,0.11373824906252987,0.09520254005018779,0.014593412190940055,0.639374342460554,0.010642603176223796,1.4608944851817247,1.7153409167006506
2026-09-17,495817671,9630806627,2933,重点词,0.11994175,3.66869475864981,0.16836244551219015,0.2513127131870128,0.021602078325324858,0.639374342460554,0.010642603176223796,1.1954825651998457,1.4037017594973407
2026-09-17,495817671,9630806627,2987,重点词,0.018704443,3.66869475864981,0.030058136006683837,0.008862611860226783,0.0038566689047210244,0.639374342460554,0.010642603176223796,1.3686287787355185,1.607005138120597
2026-09-17,495817671,9630806627,3135,重点词,0.01014882,3.66869475864981,0.012594643568825163,0.02306827512964514,0.0016159807849406127,0.639374342460554,0.010642603176223796,1.0569117691471372,1.2409958565454076
2026-09-17,495817671,9630806627,3567,重点词,1.4147323,3.66869475864981,1.5110292990965013,2.9778346018935515,0.19387561858965732,0.639374342460554,0.010642603176223796,0.9096346994975919,1.0680672937887268
2026-09-17,495817671,9630806627,3575,重点词,0.052646476,3.66869475864981,0.03886507353297609,0.13164085090551705,0.004986660534804784,0.639374342460554,0.010642603176223796,0.628721902786872,0.7382274462772416
2026-09-17,495817671,9630806627,3587,重点词,0.056238351,3.66869475864981,0.0659956869246925,0.12322027721928615,0.008467707829639492,0.639374342460554,0.010642603176223796,0.9994276908846464,1.1734996803994573
2026-09-17,495817671,9630806627,3989,重点词,0.34806888,3.66869475864981,0.25222335749850844,2.1306548490963135,0.032362019377799395,0.639374342460554,0.010642603176223796,0.617146839512601,0.7246363349073563
2026-09-17,495817671,9630806627,4054,重点词,0.075736013,3.66869475864981,0.07106158973075062,0.13754254786295927,0.00911769856167021,0.639374342460554,0.010642603176223796,0.7990995438976034,0.9382800455940375
2026-09-17,495817671,9630806627,4563,重点词,0.060389028,3.66869475864981,0.05039375221845408,0.07049328254429359,0.00646587057593695,0.639374342460554,0.010642603176223796,0.7107012173627318,0.8344852349412559
2026-09-17,495817671,9630806627,4751,重点词,0.019174968,3.66869475864981,0.016633604092490626,0.02859099073590854,0.0021342076455667203,0.639374342460554,0.010642603176223796,0.7387884802767798,0.8674645033301034
2026-09-17,495817671,9630806627,4760,重点词,0.10797503,3.66869475864981,0.08081764577878887,0.23541972082186674,0.010369468730812369,0.639374342460554,0.010642603176223796,0.6374575428864633,0.7484845873975573
2026-09-17,495817671,9630806627,5194,重点词,0.052564958,3.66869475864981,0.03881713623722571,0.04380855897566276,0.00498050984476014,0.639374342460554,0.010642603176223796,0.6289202416201338,0.738460330116229
2026-09-17,495817671,9630806627,5210,重点词,0.52378437,3.66869475864981,0.5707307091210431,1.103031578907502,0.07322873841368799,0.639374342460554,0.010642603176223796,0.9279981467464091,1.0896291333035444
2026-09-17,495817671,9630806627,5304,重点词,0.01267082,3.66869475864981,0.010605753315457923,0.04783326574488154,0.0013607922664856252,0.639374342460554,0.010642603176223796,0.7128615695842125,0.8370218593159656
2026-09-17,495817671,9630806627,5486,重点词,0.047380308,3.66869475864981,0.03365773228560203,0.05910329510428771,0.004318522262339952,0.639374342460554,0.010642603176223796,0.605,0.7103738600771027
2026-09-17,495817671,9630806627,5493,重点词,0.2626267,3.66869475864981,0.3068714852134922,0.254588897128704,0.03937375606076389,0.639374342460554,0.010642603176223796,0.9951443030421896,1.168470247745154
2026-09-17,495817671,9630806627,5626,重点词,0.070208395,3.66869475864981,0.08263896135830659,0.06391064701055614,0.01060315624755153,0.639374342460554,0.010642603176223796,1.002453433534603,1.1770524216983822
2026-09-17,495817671,9630806627,5630,重点词,0.21674709,3.66869475864981,0.3614599559057685,0.29255977684201445,0.04637783833081426,0.639374342460554,0.010642603176223796,1.4202844046814733,1.6676577106791537
2026-09-17,495817671,9630806627,5702,重点词,0.039056569,3.66869475864981,0.027744765681897706,0.032788424958373405,0.0035598473255411597,0.639374342460554,0.010642603176223796,0.605,0.7103738600771027
2026-09-17,495817671,9630806627,5834,重点词,0.051944912,3.66869475864981,0.03690030764880541,0.045479196543675555,0.0047345673415058786,0.639374342460554,0.010642603176223796,0.605,0.7103738600771027
2026-09-17,495817671,9630806627,6119,重点词,0.042558056,3.66869475864981,0.031829151682653996,0.03495102779473486,0.004083902592324567,0.639374342460554,0.010642603176223796,0.636959302503616,0.7478995676553928
2026-09-17,495817671,9630806627,6159,重点词,0.12466897,3.66869475864981,0.14889288842151813,0.11686000141272151,0.019103998091620784,0.639374342460554,0.010642603176223796,1.017147617375342,1.1943059160713216
2026-09-17,495817671,9630806627,6360,重点词,1.3509639,3.66869475864981,1.5794698128356375,3.117424270435207,0.20265701478475623,0.639374342460554,0.010642603176223796,0.9957171523110093,1.1691428711275242
2026-09-17,495817671,9630806627,6489,重点词,0.065150458,3.66869475864981,0.06017467892501081,0.06387349108102434,0.00772083182437048,0.639374342460554,0.010642603176223796,0.7866195052217215,0.9236263377459422
2026-09-17,495817671,9630806627,6504,重点词,0.011385111,3.66869475864981,0.012112338198566325,0.0188717433852028,0.001554097635445128,0.639374342460554,0.010642603176223796,0.906064514752625,1.063875284006131
2026-09-17,500635396,9657930100,509,重点词,0.89840401,3.086517679324313,0.49146340381279885,1.2452984716017481,0.06305818919948006,1.7409396490724145,0.028475318357987202,0.6567790228291055,0.5470405278053009
2026-09-17,500635396,9657930100,797,重点词,2.9552603,3.086517679324313,2.4662943780586235,6.090236282907804,0.31644280389282686,1.7409396490724145,0.028475318357987202,1.001956677626139,0.8345438735324342
2026-09-17,500635396,9657930100,844,重点词,13.580153,3.086517679324313,10.958347464208183,33.5502682487206,1.406032559801529,1.7409396490724145,0.028475318357987202,0.9688134837552538,0.8069384390741535
2026-09-17,500635396,9657930100,861,重点词,1.4994291,3.086517679324313,0.8807827762009492,2.567573911305821,0.113010585354751,1.7409396490724145,0.028475318357987202,0.7052492759945266,0.5874120865074243
2026-09-17,500635396,9657930100,1934,重点词,1.651692,3.086517679324313,1.5028022077577272,3.151860747127038,0.19282002527756723,1.7409396490724145,0.028475318357987202,1.092376955639565,0.9098562006462023
2026-09-17,500635396,9657930100,1998,重点词,0.1484926,3.086517679324313,0.09468600535887388,0.4527985411558671,0.012148876181098391,1.7409396490724145,0.028475318357987202,0.7655626798513158,0.6376479727533485
2026-09-17,500635396,9657930100,2253,重点词,0.025040792,3.086517679324313,0.019563202306280864,0.04478361305393489,0.002510095569286897,1.7409396490724145,0.028475318357987202,0.9379758483131294,0.7812533368066339
2026-09-17,500635396,9657930100,2533,重点词,61.315134,3.086517679324313,45.347618919299805,119.28421200871155,5.818416409797103,1.7409396490724145,0.028475318357987202,0.8879460453766986,0.739582807065215
2026-09-17,500635396,9657930100,2818,重点词,4.9545547,3.086517679324313,4.386541520642948,8.08391716872398,0.5628239315361908,1.7409396490724145,0.028475318357987202,1.0629611398359828,0.8853553520446443
2026-09-17,500635396,9657930100,2832,重点词,58.364587,3.086517679324313,49.26049743975325,113.87383534685578,6.320466068313119,1.7409396490724145,0.028475318357987202,1.013325909349506,0.8440134672717422
2026-09-17,500635396,9657930100,2874,重点词,36.827797,3.086517679324313,28.408611713286568,79.66976015636685,3.64502341051897,1.7409396490724145,0.028475318357987202,0.9261344538790008,0.7713904720743022
2026-09-17,500635396,9657930100,3366,重点词,0.18213097,3.086517679324313,0.15534499801918722,0.45164587099755416,0.019931848842234503,1.7409396490724145,0.028475318357987202,1.0240313301240347,0.8529301634927174
2026-09-17,500635396,9657930100,3408,重点词,4.5953789,3.086517679324313,4.154691270068473,7.955682880185801,0.5330759241499868,1.7409396490724145,0.028475318357987202,1.0854684437023945,0.9041020034427353
2026-09-17,500635396,9657930100,3567,重点词,13.768718,3.086517679324313,11.304452340540044,21.95879311448493,1.450440234117215,1.7409396490724145,0.028475318357987202,0.9857250487838423,0.8210243205315153
2026-09-17,500635396,9657930100,4196,重点词,0.23322695,3.086517679324313,0.21405156469264894,0.34552748199178784,0.027464311605132564,1.7409396490724145,0.028475318357987202,1.1018930521121153,0.9177822918519877
2026-09-17,500635396,9657930100,4482,重点词,0.55200049,3.086517679324313,0.36220062330932057,0.9172651529122919,0.046472871134690875,1.7409396490724145,0.028475318357987202,0.7877882534280409,0.6561599670125666
2026-09-17,500635396,9657930100,4536,重点词,17.068162,3.086517679324313,14.868575967320243,33.27220553887228,1.9077422025735487,1.7409396490724145,0.028475318357987202,1.0458812820672614,0.8711292971862021
2026-09-17,500635396,9657930100,4721,重点词,25.809026,3.086517679324313,18.56612258062935,43.730924526829746,2.382163272600473,1.7409396490724145,0.028475318357987202,0.8636730519643556,0.7193654878967285
2026-09-17,500635396,9657930100,4766,重点词,0.029513375,3.086517679324313,0.020052618371029163,0.03884938118083683,0.0025728910705769964,1.7409396490724145,0.028475318357987202,0.8157404221998372,0.6794417233213471
2026-09-17,500635396,9657930100,5331,重点词,1.475651,3.086517679324313,1.3233451224747201,2.457981205561264,0.16979442713705237,1.7409396490724145,0.028475318357987202,1.076686419583993,0.896787331472496
2026-09-17,500635396,9657930100,5337,重点词,0.25789887,3.086517679324313,0.1941749726165055,0.5282726911397041,0.024914005938312743,1.7409396490724145,0.028475318357987202,0.9039482827264674,0.7529112966509139
2026-09-17,500635396,9657930100,5553,重点词,25.465946,3.086517679324313,27.82135449862796,54.28429697692755,3.5696742059527486,1.7409396490724145,0.028475318357987202,1.3116507953767684,1.0924924799034743
2026-09-17,500635396,9657930100,5573,重点词,3.7797798,3.086517679324313,5.08527616832787,5.066073922704741,0.6524764697966611,1.7409396490724145,0.028475318357987202,1.6152799945759921,1.345389529921259
2026-09-17,500635396,9657930100,5867,重点词,8.7300747,3.086517679324313,8.676672107849706,8.019435185814077,1.1132776665646607,1.7409396490724145,0.028475318357987202,1.1932597637810134,0.9938829169296463
2026-09-17,500635396,9657930100,6001,重点词,0.064829403,3.086517679324313,0.050773567941001706,0.16846615838635787,0.0065146035874033914,1.7409396490724145,0.028475318357987202,0.940297824862026,0.783187343881629
2026-09-17,500635396,9657930100,6023,重点词,0.12207563,3.086517679324313,0.10046320313948646,0.1907656473281783,0.012890131029102189,1.7409396490724145,0.028475318357987202,0.988047485933234,0.8229587112471708
2026-09-17,500635396,9657930100,6180,重点词,0.67257935,3.086517679324313,0.41386465972841024,1.401987998717396,0.05310172805068765,1.7409396490724145,0.028475318357987202,0.7387790727082647,0.615339527935864
2026-09-17,500635396,9657930100,6434,重点词,0.031829471,3.086517679324313,0.02931381722371527,0.04840439426882529,0.003761167603348366,1.7409396490724145,0.028475318357987202,1.1057137889825142,0.9209646375748838
2026-09-17,500635396,9657930100,6660,重点词,1.5426617,3.086517679324313,1.5496589592251602,3.031960821601805,0.19883207393955035,1.7409396490724145,0.028475318357987202,1.206049699607886,1.0045358351900227
2026-09-17,525368335,9811363528,33,重点词,0.021012268,3.944522777868984,0.01908906737343262,0.0368033435761471,0.0024492607440086025,0.6866282729311028,0.0019342344079095932,0.8751705432450124,0.9084724872837439
2026-09-17,525368335,9811363528,181,重点词,0.018948962,3.944522777868984,0.01531536160345552,0.022307322610062807,0.0019650679219586683,0.6866282729311028,0.0019342344079095932,0.7786149576725473,0.8082427735859895
2026-09-17,525368335,9811363528,206,重点词,0.014037584,3.944522777868984,0.010358372806261626,0.014935053807564144,0.0013290516183882429,0.6866282729311028,0.0019342344079095932,0.7108534601213146,0.7379028190507445
2026-09-17,525368335,9811363528,270,重点词,0.030171697,3.944522777868984,0.02134095962891715,0.06550289469282804,0.002738194257270307,0.6866282729311028,0.0019342344079095932,0.6813890008476962,0.7073171797037849
2026-09-17,525368335,9811363528,433,重点词,0.050273178,3.944522777868984,0.03416504924924606,0.14649219567378982,0.0043836145740551,0.6866282729311028,0.0019342344079095932,0.6546763062981508,0.6795880150892003
2026-09-17,525368335,9811363528,469,重点词,0.014273587,3.944522777868984,0.010383022495404449,0.04090984961812099,0.0013322143457645188,0.6866282729311028,0.0019342344079095932,0.7007636736150836,0.7274290965126319
2026-09-17,525368335,9811363528,557,重点词,0.012802579,3.944522777868984,0.008395540447413686,0.014801079966074285,0.0010772065099002854,0.6866282729311028,0.0019342344079095932,0.6317308795477943,0.6557694701523565
2026-09-17,525368335,9811363528,640,重点词,0.049543403,3.944522777868984,0.03111431872802727,0.12736780600718112,0.0039921845287837765,0.6866282729311028,0.0019342344079095932,0.605,0.6280214285649145
2026-09-17,525368335,9811363528,653,重点词,0.06531091,3.944522777868984,0.04210969831743067,0.12062211572949713,0.005402968569039197,0.6866282729311028,0.0019342344079095932,0.6211225651411756,0.6447574887171328
2026-09-17,525368335,9811363528,709,重点词,0.15620521,3.944522777868984,0.30662399071308327,0.036107360571669876,0.039342000786797324,0.6866282729311028,0.0019342344079095932,1.891,1.9629562337458735
2026-09-17,525368335,9811363528,751,重点词,0.013629734,3.944522777868984,0.009637565459037923,0.028920125627647973,0.001236566998526454,0.6866282729311028,0.0019342344079095932,0.6811784074331599,0.707098572799581
2026-09-17,525368335,9811363528,829,重点词,0.012909124,3.944522777868984,0.00935483944175961,0.028071489255645878,0.0012002912747373798,0.6866282729311028,0.0019342344079095932,0.6981045647543145,0.7246688033796569
2026-09-17,525368335,9811363528,888,重点词,0.027991536,3.944522777868984,0.018218771011640284,0.05373246020231379,0.002337595638904614,0.6866282729311028,0.0019342344079095932,0.6270082555499451,0.6508671411115232
2026-09-17,525368335,9811363528,926,重点词,0.15427022,3.944522777868984,0.1339834983634574,0.027699335700937463,0.017191019155984408,0.6866282729311028,0.0019342344079095932,0.8366621582861993,0.8684987832613281
2026-09-17,525368335,9811363528,937,重点词,0.032828447,3.944522777868984,0.031517614916071426,0.026195655901261907,0.004043930248061797,0.6866282729311028,0.0019342344079095932,0.9248768711008415,0.9600702377444608
2026-09-17,525368335,9811363528,1167,重点词,0.1448977,3.944522777868984,0.10313786471416819,0.13077972904213703,0.013233308800452795,0.6866282729311028,0.0019342344079095932,0.6857053788925622,0.7117978043417404
2026-09-17,525368335,9811363528,1318,重点词,0.02740382,3.944522777868984,0.04058510698013453,0.040430718556587496,0.005207352846173028,0.6866282729311028,0.0019342344079095932,1.426712614244952,1.4810018085118986
2026-09-17,525368335,9811363528,1353,重点词,0.013050038,3.944522777868984,0.017964630499161922,0.08920178795868691,0.0023049876351452585,0.6866282729311028,0.0019342344079095932,1.3261340459586357,1.376596029771095
2026-09-17,525368335,9811363528,1672,重点词,0.075890938,3.944522777868984,0.1489705898319216,0.02271044607947022,0.01911396772557578,0.6866282729311028,0.0019342344079095932,1.891,1.9629562337458735
2026-09-17,525368335,9811363528,1916,重点词,0.16697312,3.944522777868984,0.18593600143041059,0.26514281385168936,0.02385688835879154,0.6866282729311028,0.0019342344079095932,1.0727483051983662,1.1135684679690394
2026-09-17,525368335,9811363528,1952,重点词,2.6987412,3.944522777868984,4.466428203011518,4.899484858113849,0.573073951155627,0.6866282729311028,0.0019342344079095932,1.5943366521034565,1.6550042675494478
2026-09-17,525368335,9811363528,2078,重点词,0.014659669,3.944522777868984,0.01969100671588713,0.020495032951944114,0.0025264937681740507,0.6866282729311028,0.0019342344079095932,1.2939713718805168,1.3432095032900901
2026-09-17,525368335,9811363528,2557,重点词,0.014447725,3.944522777868984,0.022905314389709934,0.02511103083402134,0.0029389119052495513,0.6866282729311028,0.0019342344079095932,1.527276617171065,1.5853924676521691
2026-09-17,525368335,9811363528,2633,重点词,0.10054407,3.944522777868984,0.1345852699612803,0.22673761523791988,0.01726823065734137,0.6866282729311028,0.0019342344079095932,1.2895018834602299,1.3385699421286636
2026-09-17,525368335,9811363528,2742,重点词,0.2522572,3.944522777868984,0.4951698432472796,0.33360394708713004,0.06353375128060895,0.6866282729311028,0.0019342344079095932,1.891,1.9629562337458735
2026-09-17,525368335,9811363528,2807,重点词,0.014679145,3.944522777868984,0.02283773099805435,0.03663266295555975,0.0029302404838075927,0.6866282729311028,0.0019342344079095932,1.4987634894003856,1.5557943598250683
2026-09-17,525368335,9811363528,2843,重点词,0.47247302,3.944522777868984,0.8284702417393622,0.8458381637935328,0.10629852160800744,0.6866282729311028,0.0019342344079095932,1.6891989853942686,1.753476297417707
2026-09-17,525368335,9811363528,2914,重点词,0.5296361,3.944522777868984,0.879298115130835,0.5366328082855332,0.11282009296420868,0.6866282729311028,0.0019342344079095932,1.599335125075812,1.6601929421556327
2026-09-17,525368335,9811363528,2919,重点词,0.010377249,3.944522777868984,0.01629136448166109,0.016437465874313398,0.0020902959118265906,0.6866282729311028,0.0019342344079095932,1.5123633164372785,1.5699116867737382
2026-09-17,525368335,9811363528,2961,重点词,0.36025254,3.944522777868984,0.6286376257674312,0.8131756122799628,0.08065860048992377,0.6866282729311028,0.0019342344079095932,1.6810252308435965,1.7449915155835714
2026-09-17,525368335,9811363528,2978,重点词,0.30918199,3.944522777868984,0.6069107146324544,0.8293348229782234,0.07787088595728377,0.6866282729311028,0.0019342344079095932,1.891,1.9629562337458735
2026-09-17,525368335,9811363528,3222,重点词,0.13478624,3.944522777868984,0.0888000361882339,0.17169109846014466,0.011393665203627728,0.6866282729311028,0.0019342344079095932,0.6346707691218594,0.6588212282517407
2026-09-17,525368335,9811363528,3515,重点词,0.24175508,3.944522777868984,0.1518273707044252,0.30210856159511656,0.01948051267553996,0.6866282729311028,0.0019342344079095932,0.605,0.6280214285649145
2026-09-17,525368335,9811363528,3575,重点词,0.019241102,3.944522777868984,0.017727839625694745,0.047578459587377414,0.0022746057113154,0.6866282729311028,0.0019342344079095932,0.8875785222789387,0.9213526140911651
2026-09-17,525368335,9811363528,3595,重点词,0.38304629,3.944522777868984,0.24433610542201067,0.2449197461964796,0.03135002981795572,0.6866282729311028,0.0019342344079095932,0.6144935080752504,0.6378761831161729
2026-09-17,525368335,9811363528,3923,重点词,0.036229866,3.944522777868984,0.022753132202035425,0.08534241173714689,0.002919385867077185,0.6866282729311028,0.0019342344079095932,0.605,0.6280214285649145
2026-09-17,525368335,9811363528,3936,重点词,0.017783842,3.944522777868984,0.012547664717358204,0.021617658782179822,0.0016099530699954197,0.6866282729311028,0.0019342344079095932,0.6797014971011437,0.7055654631523494
2026-09-17,525368335,9811363528,4025,重点词,0.50083116,3.944522777868984,0.3145327005730233,1.0215313743212615,0.04035674353020992,0.6866282729311028,0.0019342344079095932,0.605,0.6280214285649145
2026-09-17,525368335,9811363528,4045,重点词,0.24247683,3.944522777868984,0.15228064517049192,0.6092289632307083,0.019538670957151127,0.6866282729311028,0.0019342344079095932,0.605,0.6280214285649145
2026-09-17,525368335,9811363528,4053,重点词,0.025547876,3.944522777868984,0.017561787720906663,0.04332780070394226,0.002253300091511714,0.6866282729311028,0.0019342344079095932,0.6622086294964964,0.6874069578585188
2026-09-17,525368335,9811363528,4437,重点词,0.014823496,3.944522777868984,0.01715252507585302,0.041382209415661286,0.0022007888341040263,0.6866282729311028,0.0019342344079095932,1.1147008559181186,1.1571173949689748
2026-09-17,525368335,9811363528,4594,重点词,0.23787707,3.944522777868984,0.15317944177690823,0.303645456953528,0.019653992842808433,0.6866282729311028,0.0019342344079095932,0.6203386123003263,0.6439437049435166
2026-09-17,525368335,9811363528,4606,重点词,0.016728703,3.944522777868984,0.014333177714616282,0.02527069324129031,0.0018390468652317324,0.6866282729311028,0.0019342344079095932,0.8253936569462832,0.8568014934939236
2026-09-17,525368335,9811363528,4718,重点词,0.29725583,3.944522777868984,0.24189895744361145,0.42281414323394184,0.031037326700822775,0.6866282729311028,0.0019342344079095932,0.7839430743375886,0.8137736354695262
2026-09-17,525368335,9811363528,4969,重点词,1.0716097,3.944522777868984,1.035339233782149,1.261245048917675,0.13284125894824003,0.6866282729311028,0.0019342344079095932,0.9307369333357346,0.9661532867630341
2026-09-17,525368335,9811363528,5045,重点词,1.1158407,3.944522777868984,0.9616305812029627,1.513683798498631,0.12338392372466458,0.6866282729311028,0.0019342344079095932,0.8302081264218699,0.8617991629118411
2026-09-17,525368335,9811363528,5070,重点词,0.48581634,3.944522777868984,0.49128576326001916,0.9561632340142124,0.06303539667515419,0.6866282729311028,0.0019342344079095932,0.9741884437725357,1.011258211817287
2026-09-17,525368335,9811363528,5182,重点词,0.015129383,3.944522777868984,0.009621514247980436,0.015587932089104195,0.0012345075159772114,0.6866282729311028,0.0019342344079095932,0.612636858968179,0.6359488848937486
2026-09-17,525368335,9811363528,5260,重点词,0.035557373,3.944522777868984,0.05507557951371425,0.14447937067160804,0.007066581735900062,0.6866282729311028,0.0019342344079095932,1.4921425682553897,1.5489214997326783
2026-09-17,525368335,9811363528,5460,重点词,1.0623253,3.944522777868984,0.8300710416113358,1.8176646312575822,0.10650391541844031,0.6866282729311028,0.0019342344079095932,0.7527290042337162,0.7813718091919075
2026-09-17,525368335,9811363528,5484,重点词,0.32888364,3.944522777868984,0.24300934639093738,0.3147015318842598,0.031179797362488073,0.6866282729311028,0.0019342344079095932,0.7118059583974846,0.7388915617418288
2026-09-17,525368335,9811363528,5596,重点词,0.12045079,3.944522777868984,0.16840778875943482,0.2906593912069704,0.021607896180818247,0.6866282729311028,0.0019342344079095932,1.3468940455100942,1.3981459877468203
2026-09-17,525368335,9811363528,5608,重点词,0.012795705,3.944522777868984,0.008291632404983432,0.01244671660065944,0.0010638743819166314,0.6866282729311028,0.0019342344079095932,0.6242473872769904,0.6480012164224974
2026-09-17,525368335,9811363528,5771,重点词,0.018990206,3.944522777868984,0.02241175313968638,0.028996958552769764,0.0028755845477208674,0.6866282729311028,0.0019342344079095932,1.1369125656414267,1.1801743035165801
2026-09-17,525368335,9811363528,5891,重点词,0.012911415,3.944522777868984,0.018185759600846202,0.027898551112991544,0.00233336004420632,0.6866282729311028,0.0019342344079095932,1.3568708657020512,1.408502445382338
2026-09-17,525368335,9811363528,6029,重点词,0.013834805,3.944522777868984,0.009444056439827073,0.017080068270515704,0.0012117384390639644,0.6866282729311028,0.0019342344079095932,0.6576070248379864,0.682630253178637
2026-09-17,525368335,9811363528,6272,重点词,0.013902398,3.944522777868984,0.009983913446475728,0.017398532806517333,0.0012810058656959641,0.6866282729311028,0.0019342344079095932,0.6918182304353417,0.7181432617938092
2026-09-17,525368335,9811363528,6474,重点词,1.4011772,3.944522777868984,0.8799693068165869,1.5406048204705323,0.11290621154797485,0.6866282729311028,0.0019342344079095932,0.605,0.6280214285649145
2026-09-17,525368335,9811363528,6483,重点词,2.4334134,3.944522777868984,1.5282357597570058,3.082433766723516,0.1960833277361898,0.6866282729311028,0.0019342344079095932,0.605,0.6280214285649145
2026-09-17,525368335,9811363528,6490,重点词,0.019025721,3.944522777868984,0.027250506011642195,0.024576231932153685,0.0034964303558159505,0.6866282729311028,0.0019342344079095932,1.3797943410857956,1.4322982036603078
2026-09-17,525368335,9811363528,6522,重点词,3.5792196,3.944522777868984,2.964536730024438,8.997509232099143,0.38037077951361525,0.6866282729311028,0.0019342344079095932,0.7979017227603115,0.8282634376567557
2026-09-17,525368335,9811363528,6607,重点词,0.30645192,3.944522777868984,0.34550964168509657,0.4428435246185312,0.04433130155083176,0.6866282729311028,0.0019342344079095932,1.086122315241516,1.1274513851474535
