日期,方案ID,推广单元,关键词,竞价代理值_中心,竞价代理值_下限,竞价代理值_上限,展现量_中心,展现量_下限,展现量_上限,展现位_中心,展现位_下限,展现位_上限,点击量_中心,点击量_下限,点击量_上限,浏览量_中心,浏览量_下限,浏览量_上限,注册量_中心,注册量_下限,注册量_上限
2026-09-11,63563817,1841014603,9,1.2290355268831232,0.9237948801401094,1.5554455767327833,196.45670679225722,83.09584747200991,336.88115947421534,3.493536394437493,3.303690901971017,3.68158102150386,7.55470431643834,5.637618789206554,9.492376693050861,22.51905930845356,6.569767827258607,41.87348601895717,0.9693213582868434,0.5159927955777502,1.4457913218111882
2026-09-11,63563817,1841014603,726,1.5935710150311777,1.1991858210591348,2.0130201456166716,32.73806565359328,14.66460916448778,55.6040991057696,3.493536394437493,3.3011449573720095,3.6743498215737924,1.258935925086934,0.9440980381185954,1.584815538348595,2.45661325953341,0.6787505715197195,4.585168486304443,0.1615302770018517,0.08754468026031585,0.23954223902157218
2026-09-11,63563817,1841014603,1186,1.3514566666542212,1.022282825553202,1.6399772037900406,0.27327204846384356,0.12257370182759077,0.454489324672662,3.493536394437493,3.315769526784358,3.6902323683630502,0.0105086232880552,0.00828702379628965,0.013294295642525539,0.0292393801173404,0.00871134184587373,0.05726869407819065,0.0013483298051967,0.0007100757963585597,0.002015942912660287
2026-09-11,63563817,1841014603,1567,1.4733121080567484,1.1285633066188685,1.7887360168161246,5.226261969117438,2.2372511196631293,9.230597554647794,3.493536394437493,3.3100858691975925,3.6900647070836783,0.2009748839915154,0.15709881215051966,0.24899567024523248,0.6550598700103043,0.19387999124172647,1.3230098813013496,0.0257864820875,0.013960252613907693,0.03913839647554031
2026-09-11,63563817,1841014603,1667,1.6486089748381303,1.2439234518516562,2.022549266891891,11.02435638234963,5.21998405429369,17.920525358997292,3.493536394437493,3.3061759266062074,3.678728388799169,0.4239394730145898,0.32845131819549395,0.5340432900731206,0.9520621570084914,0.2828099625785585,1.9450083985675466,0.0543943970010523,0.02894847334514244,0.08217221538466594
2026-09-11,63563817,1841014603,2123,1.449279915667795,1.1079654521973306,1.7826889374380708,0.8997235748322432,0.39469895592820003,1.5043926753135421,3.493536394437493,3.3111815130598568,3.671946656430031,0.0345986944674488,0.026688665134733818,0.04294140038060091,0.0819100812278657,0.024142394230779327,0.16754478659975675,0.0044392542859903,0.0023891705668558426,0.006682865201747925
2026-09-11,63563817,1841014603,2478,1.5778043445057603,1.1810861869996907,1.9770542420949009,6.407479593236531,2.814245532914897,10.82772969900609,3.493536394437493,3.3160731919529787,3.6743652427031934,0.2463983771839466,0.18614744035094724,0.31159757065302474,1.4189691282358272,0.3743848386265015,2.7283647914908578,0.0316146336967715,0.016543387014063875,0.046573065437114806
2026-09-11,63563817,1841014603,2505,1.5109074374802238,1.151057803197353,1.848891472288034,0.8398109947088084,0.376630182401287,1.4735690219017614,3.493536394437493,3.3091565282844355,3.6840337380306156,0.0322947678921851,0.025131601189893774,0.04036773726891963,0.1002486430311701,0.03030643615993026,0.19575077725777287,0.0041436444058699,0.002237680935584597,0.00613937633802795
2026-09-11,63563817,1841014603,2570,1.3870130159656158,1.0610897478180443,1.6822178984220288,1.538099026486733,0.694114109956994,2.6022862765192554,3.493536394437493,3.330396287716362,3.669749964513948,0.0591472978664778,0.04635309878224037,0.07348672681001196,0.2012654783528116,0.05868888624897635,0.39291283658147397,0.0075890116549207,0.003989251676890909,0.011103147055479254
2026-09-11,63563817,1841014603,2889,1.3580649214792866,1.02702157668216,1.6297105860051528,0.2871346337732337,0.12501480930175918,0.48813963121594306,3.493536394437493,3.3065001439643935,3.671640474201829,0.0110417063005104,0.008773975644218942,0.01392282432364147,0.03072263976116,0.008981075032731798,0.06281583674351339,0.001416728081035,0.0007705683168490969,0.002101783755236616
2026-09-11,63563817,1841014603,2892,1.4911912832612981,1.1311151508342405,1.8748407198188979,4.257340915001023,1.912984078641794,7.321033732966052,3.493536394437493,3.305889248852034,3.667401983075827,0.1637152139637484,0.12359078999341526,0.20485363095290846,0.4914085929605383,0.13194424101840824,0.9571760633573825,0.0210058060414437,0.011121672676536428,0.031229320396098405
2026-09-11,63563817,1841014603,2985,1.4603641372984506,1.119563120669958,1.80205085759353,16.11024933288379,7.159536790377067,27.21494224545077,3.493536394437493,3.319633175727743,3.6793705383054722,0.6195164937928799,0.4769688772296505,0.7677289378142022,1.649867663410726,0.48331535808183346,3.4168595633930683,0.0794882955164454,0.04288399700149176,0.11743178413851973
2026-09-11,63563817,1841014603,3169,1.355384397116545,1.014219671786123,1.7024358383970633,0.8615852232539735,0.37495037161095257,1.4759590280754364,3.493536394437493,3.3087253652014543,3.6797982957078528,0.0331320916011243,0.02490593353887485,0.04180628223335955,0.0774235130853018,0.022012810467467368,0.15775994785213757,0.0042510788891903,0.0022187021399377215,0.00641204991292528
2026-09-11,63563817,1841014603,3304,1.3872799439300432,1.044760953728179,1.693103011933856,1.1421980451750045,0.4920014185882228,1.9083694136697211,3.493536394437493,3.30084116314668,3.680695166704534,0.0439230028997469,0.03414849767356284,0.05533985444353607,0.101501869719452,0.027116115945272492,0.17649270600031358,0.0056356282188542,0.003047491318074206,0.008365653371770518
2026-09-11,63563817,1841014603,3501,1.4443135631055861,1.0802975469524843,1.8341210971252495,1.9270578991988077,0.8367871877220879,3.3359804983972525,3.493536394437493,3.319330805480493,3.6757318302874786,0.0741046354019287,0.05550085577572904,0.09422910102423035,0.2966119541535066,0.08026968648971768,0.5806734589237379,0.0095081425869773,0.0052604511207428655,0.014231566336500974
2026-09-11,63563817,1841014603,4048,1.337007831714206,1.0140104503622418,1.6773209139705214,0.43362734458815855,0.19261520272842206,0.721250873514462,3.493536394437493,3.2995390400742504,3.6930965874814223,0.0166750549033176,0.012684515271652905,0.02098203527931931,0.0784423928759125,0.023443597271353717,0.15414344005583058,0.0021395260742662,0.001178164563987212,0.0031223195771845538
2026-09-11,63563817,1841014603,4186,1.3583302503911892,1.024534539320578,1.7008504153443886,0.4815020996230432,0.20577580400027257,0.8159042691370527,3.493536394437493,3.314757233390235,3.699185186790878,0.0185160692642726,0.013938752484909266,0.02313999840344902,0.0500707098978612,0.014288420591066251,0.09347372878509226,0.0023757410823246,0.0012325901377960452,0.0034942448478215192
2026-09-11,63563817,1841014603,4675,1.3284614925969047,0.9944586674516129,1.6455672281239424,0.22519738059501784,0.09738430521878073,0.4034180520051543,3.493536394437493,3.3172097385213912,3.6739443021388953,0.0086599213180888,0.00656401581999576,0.010861673187136229,0.026019945874377,0.007228418447356833,0.05098617462853553,0.0011111284231789,0.000601909839660018,0.0016324392903384552
2026-09-11,63563817,1841014603,4713,1.4243580509135436,1.074569091433725,1.733011674143586,1.0414873770800452,0.43814679376449145,1.807021551889673,3.493536394437493,3.3186890984965665,3.669101045465778,0.0400501938142677,0.03124949922471021,0.05039764048768063,0.1069398911143087,0.03106785762791268,0.2076103446494352,0.0051387197488623,0.0026967631842336856,0.007512889507315721
2026-09-11,63563817,1841014603,4827,1.5085267396024427,1.1362831296293228,1.8390297165269267,1.9339297363177002,0.8388639701283898,3.4813897789548305,3.493536394437493,3.3191197739805394,3.6659965263489442,0.0743688905571312,0.05769619838767166,0.0933791167914099,0.1836503057740183,0.05129770595783871,0.33664389107230575,0.0095420483700822,0.0050206470865803085,0.014197908808759463
2026-09-11,63563817,1841014603,4868,1.443396239370772,1.0808062895352095,1.7975717585760314,0.8848086894039267,0.3750693680146031,1.492936927134749,3.493536394437493,3.3040134037974456,3.67897683873798,0.034025145459302,0.02587583970063522,0.04303592411264415,0.08364543758326,0.022538530103171868,0.1618361472616141,0.0043656639401165,0.002302965415312283,0.006505070741481937
2026-09-11,63563817,1841014603,5134,1.4207960598867482,1.0707020914755048,1.7331900309637165,10.003886018470165,4.372167438546352,16.891937148472472,3.493536394437493,3.313125781029497,3.6850305361372033,0.3846974843409741,0.3003110581246994,0.48612596337709874,0.9551609865078876,0.29055675776869294,1.9254412463155763,0.04935937561971,0.027557778548593256,0.07424225554905414
2026-09-11,63563817,1841014603,5267,1.369300482513747,1.0296084625139619,1.715646465042062,0.5062730448898322,0.21572199284695523,0.8707507726277502,3.493536394437493,3.3062890478627924,3.673715536175133,0.0194686311298604,0.0147460200605944,0.024571463324600945,0.0545934679349197,0.015620698586449067,0.11719890513221672,0.002497961426461,0.0013237244503648293,0.003790894315739446
2026-09-11,63563817,1841014603,5307,1.7437977241764402,1.3256717094115087,2.1175751396768345,10.433218080565682,4.641470422505309,18.1576673441514,3.493536394437493,3.320960327933811,3.6758734919121134,0.401207364994365,0.31530591228061056,0.5036570923304747,0.6117625174126642,0.17700833975071684,1.1680412900824413,0.0514777086834246,0.02824953376483891,0.07557142668633104
2026-09-11,63563817,1841014603,5374,1.4253204149332332,1.0646915624700655,1.7245098952315079,5.546988857921267,2.389995803733082,9.693666879008052,3.493536394437493,3.31502737072508,3.6807361439642663,0.2133083739028897,0.1662072367348293,0.2692103864992925,0.357867207197301,0.10383950138139368,0.7412809872105345,0.0273689550331714,0.014992648076041046,0.04088356576782266
2026-09-11,63563817,1841014603,5418,1.454766255594192,1.105640792308901,1.8034787660576241,2.382650552917178,1.0379854881184525,4.1544806381556425,3.493536394437493,3.316628934377473,3.670327813767514,0.0916243619807895,0.07086989314730703,0.11560024587825798,0.2598149268580288,0.07242822783322479,0.49005071132369116,0.0117560459400289,0.006367399616200002,0.017188934402175525
2026-09-11,63563817,1841014603,5592,1.4209385467758446,1.059947558293957,1.807051195131643,1.0323776633882775,0.44610990483488416,1.7536400874386433,3.493536394437493,3.3073724164708604,3.680089220640886,0.0396998815522308,0.029661287818169495,0.05056804112173706,0.089462888685592,0.024566438572769047,0.1745152078998526,0.0050937722375582,0.0027505896506019264,0.007428689376769676
2026-09-11,63563817,1841014603,6083,1.5172483659068288,1.1494636080181604,1.8246646590225784,17.264520423767692,7.985694117203969,29.074204988941457,3.493536394437493,3.3025082438434983,3.6685657949483708,0.6639037633090169,0.5250960589864043,0.8335397324314086,2.3951257717211303,0.695298232557001,4.693892438362937,0.0851834923866137,0.04627774759402117,0.12991571849425892
2026-09-11,63563817,1841014603,6149,1.5949796122607953,1.2280292236804233,1.9365027138730648,23.720151362031483,10.824336897455069,39.62221390820769,3.493536394437493,3.30767844091731,3.682756897950452,0.912153791068092,0.7142000011709232,1.126235608930067,5.5340957747034,1.7504658424180115,11.077225031760486,0.1170357057920511,0.06182747988364954,0.1751241863721332
2026-09-11,63563817,1841014603,6352,1.5111404788658502,1.1430818760391843,1.888598930203494,8.338105413599084,3.717369494362898,14.022025423756194,3.493536394437493,3.307166229617039,3.6743952763837795,0.3206402162978614,0.24206860140192527,0.39994554449296416,1.4941962326872122,0.4108784637802762,2.9462727975031435,0.0411403804788164,0.02184909859233345,0.06102656894920242
2026-09-11,63563817,1841014603,6414,1.3507920323964326,1.0002701467984092,1.703938110899832,0.2718790869950936,0.1188986709347942,0.4551119400937768,3.493536394437493,3.315311529803409,3.6799472604491035,0.0104550572266444,0.0077965185634945675,0.013281196220406088,0.0290903369564958,0.008432721731319853,0.05770686419217185,0.0013414569051824,0.0007317373041314881,0.001967250010451555
2026-09-11,63563817,2874903000,193,1.435421801430931,1.0967957427136081,1.7352271989076353,1.4921059645465165,0.6623664694430625,2.5175147343462885,3.6124022367819526,3.4302190899718634,3.7966093250112025,0.0408351649261337,0.03225509286815282,0.051030389951764385,0.0396854264081921,0.011516423014778262,0.08461656250669973,0.0052394370281229,0.0028779412994943553,0.007802491862022433
2026-09-11,63563817,2874903000,431,1.496501402642953,1.1338784239718918,1.824470081313768,36.067569749386955,15.39754305273583,62.00208196532093,3.6124022367819526,3.4252327903886983,3.7926489396961913,0.987078125948428,0.7623113034976293,1.2266000820938558,1.6415881208626046,0.4868376336046384,3.469984316155788,0.1266490215504083,0.06817689388671412,0.18444973980353715
2026-09-11,63563817,2874903000,648,1.567548055177161,1.1913444830966493,1.958362165181305,1.6379090249034942,0.7171074881212325,2.8347219379149813,3.6124022367819526,3.4221973090342144,3.796846817431917,0.0448254257774947,0.033961982430759825,0.055827564898839215,0.0434581651843971,0.012493257670729391,0.08823094727052262,0.0057514153804648,0.0029981558462060906,0.008501574903105949
2026-09-11,63563817,2874903000,1490,1.5968940691045435,1.1989770099817052,2.0186841129455333,0.5220520557234636,0.22240435289884064,0.9052615447100346,3.6124022367819526,3.420860171044437,3.811823587863393,0.0142872438700919,0.010704179615696108,0.018022312140326464,0.0152936646589157,0.004406320542978185,0.03192657202276054,0.00183315323198,0.0009763371134263345,0.0027535862786288888
2026-09-11,63563817,2874903000,1812,1.6491359793522011,1.2467722835768982,2.045156775843083,1.9682791215418507,0.8418073673956696,3.4125323509965484,3.6124022367819526,3.416727085468408,3.81912926195288,0.0538668194207338,0.04094910643154401,0.06717080373058831,0.0522237791552591,0.015157886884953228,0.10455488785694714,0.0069114893688009,0.003753627813664646,0.009876548742918396
2026-09-11,63563817,2874903000,2249,1.5653971467877932,1.1672759312416316,1.9929194405849644,1.2265787473326992,0.5174301735804859,2.099951385695659,3.6124022367819526,3.417012132876456,3.81445969762421,0.0335683568274214,0.024742870020533873,0.04224419497863808,0.0355030453203341,0.009766490142794118,0.0705141718298802,0.0043070547664734,0.0023034262215913103,0.006473920725684144
2026-09-11,63563817,2874903000,2275,1.588789210596742,1.187928012831455,1.9994485657096124,73.6945752862409,32.5358674427063,126.16942481529286,3.6124022367819526,3.4238899622795724,3.7963412681196376,2.016834063718541,1.508317795771231,2.5387092658929986,2.0343631111093057,0.5621319734103083,3.8108018446903524,0.2587739046025953,0.13531500552168177,0.37312100530580233
2026-09-11,63563817,2874903000,2499,1.5314913491201823,1.1694069372918074,1.9028842953864438,0.3127096479753527,0.1404693191359155,0.5405098637649491,3.6124022367819526,3.423510540973515,3.799103528846321,0.0085580718477643,0.006566566702459138,0.010685258714871797,0.0082100219278096,0.0023837673346849978,0.016278508736254232,0.0010980604243823,0.0006020895398147287,0.0015605967240032628
2026-09-11,63563817,2874903000,2561,1.5718314122506438,1.2083237763056298,1.9284718632869593,113.68668578649023,47.65399492618687,193.64221781670406,3.6124022367819526,3.4234131826272094,3.802830606952851,3.111316940152973,2.391309911898989,3.8164986024390357,2.7628707291776946,0.755671757746921,4.880405069577271,0.3992037062162312,0.2112619137327343,0.6027518234444998
2026-09-11,63563817,2874903000,2574,1.6782288679750288,1.2742277792987808,2.064796421161005,1.2207391211382044,0.5235489549068459,2.1610886879581885,3.6124022367819526,3.430139605693173,3.7932874771568628,0.0334085410338885,0.02594217514519078,0.04203746870626175,0.0321857123155109,0.009391427126206007,0.06632907600764915,0.0042865492833236,0.002342863870169476,0.0062756958899907525
2026-09-11,63563817,2874903000,2596,1.5640631744285016,1.1881995476640503,1.9230443017856673,0.4167687306748937,0.1786015337109202,0.7237839302574521,3.6124022367819526,3.4256717677251376,3.807935014346512,0.0114059056511694,0.008774397911646692,0.014200972726930286,0.0122093594640304,0.0034028198337891225,0.023766323387371252,0.0014634574028564,0.0007608155844222964,0.002223959204293103
2026-09-11,63563817,2874903000,2669,1.4406632682291451,1.0860859385285977,1.7663180227484119,2.2592570585133602,0.9904856506545106,3.8871581478396915,3.6124022367819526,3.44106805878505,3.7867774565712193,0.0618301493238543,0.047815386002387994,0.07776263055297027,0.0726874296310776,0.021045831382967405,0.15106732893264374,0.0079332402454544,0.004327282296263369,0.011756835862058397
2026-09-11,63563817,2874903000,2797,1.545860006276561,1.1872270428172955,1.9165663701995737,1.5518837296426136,0.6762936682057812,2.557554499569948,3.6124022367819526,3.423729256069162,3.8137160842080573,0.0424711311072331,0.0326672020927512,0.05273537300069326,0.0411756809715123,0.012277159816427786,0.07613523243931457,0.0054493429217691,0.0029605452201088285,0.00797724367279437
2026-09-11,63563817,2874903000,2959,1.4395248299278496,1.0824802600840397,1.7786232567406912,0.3912160222608187,0.16946503186147172,0.6565486539524347,3.6124022367819526,3.416226286092871,3.8124645598569504,0.0107065926752875,0.00820499986275967,0.013481611799677872,0.0113853662574751,0.003212094557008971,0.022952869238044432,0.0013737306610467,0.000742751283076586,0.0020733874152666335
2026-09-11,63563817,2874903000,3163,1.6212297991439317,1.2071527457296047,2.056991794287643,135.0944518026262,57.87865401155033,232.5393796101601,3.6124022367819526,3.4132065624749988,3.8245857506401264,3.697193330128184,2.7557776719205447,4.695855436455419,3.233997923224339,0.9444947807140807,6.78291580012325,0.4743757413259654,0.2566979307808679,0.7015294339089834
2026-09-11,63563817,2874903000,3422,1.5012806635256368,1.1375898233578643,1.868486357242633,2.1503124054570613,0.9476904053858126,3.8659871510247767,3.6124022367819526,3.4293162276798776,3.794205593142243,0.058848609821245,0.04462398567714722,0.07329440275290183,0.0531065711215,0.014949399220189329,0.10399325484505753,0.0075506878913978,0.00404511962890649,0.011310357800577901
2026-09-11,63563817,2874903000,3465,1.4964998297780168,1.1115816389600637,1.885759145869227,0.5867060960138344,0.2538363244962503,0.9917338880858115,3.6124022367819526,3.429418729714286,3.7985721525102747,0.0160566613653169,0.01202412471804596,0.02039850458427917,0.0154689509765616,0.004519164164884285,0.030136419555088577,0.0020601818618254,0.001083967634585741,0.0030666228199637256
2026-09-11,63563817,2874903000,4527,1.6142441329935757,1.2169632057325857,2.0371837455270585,28.4399661846837,12.367202630139099,48.44378646879814,3.6124022367819526,3.445324304318581,3.785947198251307,0.7783299157296675,0.5864947937888768,0.9817861831111825,1.0715757193333506,0.2920160851372895,2.0853221852187214,0.0998651673856709,0.05091818990208749,0.1506399006441334
2026-09-11,63563817,2874903000,4667,0.9860257982985328,0.7554051332819589,1.2120447635390477,3.6247564830069763,1.6088160987624907,6.281967483062604,3.6124022367819526,3.4297465461812275,3.8060954165723375,0.0992004135883526,0.07699805399679972,0.12354390154463528,0.1676633116130624,0.045748696226928696,0.3297124879922583,0.0127281063049482,0.0070189369931266945,0.018694452424860074
2026-09-11,63563817,2874903000,4738,1.5300023572229218,1.1732833115993557,1.8414374317423474,1.09554892688181,0.47913608038689065,1.8075464161093768,3.6124022367819526,3.4282637816102994,3.796181074523071,0.0299824021730682,0.02370345421665915,0.0372019440449573,0.0317104167068846,0.009734711336745944,0.0609190247072452,0.0038469517246179,0.002118208679437665,0.005658022505764298
2026-09-11,63563817,2874903000,4798,1.2976252742547947,0.9880672580668057,1.568241127224878,35.96705579709811,15.592619061897372,61.12752307600507,3.6124022367819526,3.4324954045894063,3.7905427336863804,0.984327313394482,0.7705205861484045,1.2229654004961232,1.0667880691402711,0.2876653733232901,1.9802394507890222,0.1262960730762527,0.06577437241225988,0.18845032642313242
2026-09-11,63563817,2874903000,4836,1.4727188169899013,1.1065891947003381,1.7996627790116562,0.8852370162070329,0.3918049728512676,1.5033218235986008,3.6124022367819526,3.422546508606743,3.800535675893235,0.0242266973086721,0.018791386643283916,0.03056061613821812,0.0234205588372817,0.006531773416059935,0.044851226033170086,0.0031084545679634,0.001656054490043974,0.004684322752348275
2026-09-11,63563817,2874903000,4860,1.40580752077036,1.0468594215431142,1.7183602600662262,14.519350368133782,6.023447710590126,24.988637231997696,3.6124022367819526,3.4349501633416546,3.8083572859714123,0.397357882744781,0.3067804787507605,0.5035597576772985,0.9701531406339484,0.26561147013471853,1.7668300879124497,0.0509837932094928,0.027686216625698905,0.07674261793746844
2026-09-11,63563817,2874903000,5241,1.6022159409849828,1.2182607809648314,2.016040418906298,1.7768307181978458,0.7461271457451034,2.9785185180574425,3.6124022367819526,3.4312090069905268,3.7920761792987356,0.0486273610235727,0.03648864250210215,0.06038327542236032,0.0511964142723003,0.013844062153034,0.0976502898451675,0.0062392302415743,0.00327998220534768,0.00913059804818575
2026-09-11,63563817,2874903000,5351,1.548863752950208,1.1701601044399088,1.8808804000564647,1.1652343203977593,0.5044056226924439,1.9557487649642908,3.6124022367819526,3.437754609332315,3.7884658431022262,0.0318895150757575,0.024960848358627045,0.040121322089505675,0.0424245851874614,0.011690192681469888,0.08531900413984668,0.0040916476374968,0.002156076472417532,0.006169647152494178
2026-09-11,63563817,2874903000,5532,1.6440046050660306,1.2317105259575978,2.0042160423496114,18.49267989216879,8.22958366907748,31.61549083669333,3.6124022367819526,3.423009158889653,3.7922744072791654,0.506097858507265,0.3922288846796178,0.6382274133255624,0.8994051328870283,0.2528517936309912,1.791818704515342,0.0649358920066383,0.03522186759622538,0.09710529832526296
2026-09-11,63563817,2874903000,5995,1.5177302119151062,1.1495211381329713,1.8822709845782972,0.26879757014535166,0.11634573885389737,0.4579940999270503,3.6124022367819526,3.4272610840102025,3.796922439460943,0.007356309383808,0.005650605493237741,0.009252522996223332,0.0070571341796567,0.001926341030531334,0.013641470208688892,0.0009438659019884,0.0005058383456082277,0.0013739044840903319
2026-09-11,63563817,2874903000,6242,1.488268171543898,1.1285932034348778,1.8054695617476106,1.325900368486261,0.5803533746557861,2.283001719656227,3.6124022367819526,3.4263598428738304,3.794938040204094,0.0362865382950287,0.028373232807701352,0.04539014416068952,0.0351797299823316,0.009586223385726279,0.06715582207111494,0.0046558164442162,0.002431381641596766,0.007075775713029049
2026-09-11,63563817,2874903000,6282,1.5331149654378788,1.1602240692291839,1.9074462709799955,46.877019694031596,20.963886093096534,77.12503601591115,3.6124022367819526,3.424622401312495,3.7958558024655233,1.2829054208848862,0.9764359702861817,1.6052924027984818,1.5923581408395304,0.4510382367755366,3.0634231421095315,0.1646057308185904,0.08604396548503593,0.2392354482627532
2026-09-11,63563817,4190988309,9,1.976804602199448,1.4800646068595311,2.4876160782770267,13.817356614460978,6.161662683106308,23.649379454470708,3.849614797146905,3.6591977918663776,4.046305205084055,0.1129762748182165,0.0850602334688577,0.14296463519413663,0.6706242777414828,0.18976557913305703,1.3050175360612333,0.0144956455704953,0.007858966595267096,0.021772414071908365
2026-09-11,63563817,4190988309,2397,1.6149538348793382,1.2300501508856427,2.0321431963011887,1.1219277634847724,0.471816097012576,1.9194588309633058,3.849614797146905,3.6793998790922684,4.040979321693751,0.0091733334291298,0.006924431236624104,0.011439723408390404,0.087689212740401,0.02504022853509342,0.17086772567618558,0.0011770027848997,0.000612971458467916,0.0017992139128904822
2026-09-11,63563817,4190988309,2478,1.8415368088217572,1.3711350832015115,2.322359915922926,44.25308483100699,18.40144576055388,75.8455802310234,3.849614797146905,3.6625557744286086,4.044982863517084,0.3618310515478237,0.272234321654293,0.4610968562427796,1.2115004524805164,0.3229118024227403,2.2706536551594576,0.046425452495015,0.024616725865381973,0.07003103878927996
2026-09-11,63563817,4190988309,2941,1.6057256434472211,1.2272796603591165,1.9983586052242837,19.177391481842548,7.716131413496,33.720496215602815,3.849614797146905,3.6612722935562445,4.034475607782769,0.1568020795006229,0.11889549095513449,0.19359550650667157,1.4312172410035873,0.4089033627707155,2.8337043909385096,0.0201188025788151,0.010358721568195334,0.0302378781871358
2026-09-11,63563817,4190988309,3617,1.6895541302736603,1.272771279304948,2.1126381198346023,0.7971751193017039,0.3409200227109506,1.3412267097348398,3.849614797146905,3.6681098477247684,4.030488954869189,0.0065180249645013,0.004919548091797461,0.00816582170965761,0.043881833446025,0.012039860678585272,0.07912488821816807,0.0008363081528142,0.0004545107648850346,0.0012300268238176811
2026-09-11,63563817,4190988309,4017,1.7786861286802274,1.3538703981906859,2.1633737877426946,8.207807992229515,3.5176322667069275,13.568627024743316,3.849614797146905,3.6585487833314225,4.0401310354119895,0.067110345144801,0.052442108138519274,0.08379828878412508,0.3004732874174313,0.07797466363970501,0.529299572365266,0.0086107262688377,0.00474233624098005,0.012748947194590986
2026-09-11,63563817,4190988309,4097,1.84527575601065,1.4058974896320795,2.2935736483090947,16.127359289227346,6.925508332651044,27.895281039738528,3.849614797146905,3.6670821753558567,4.040690859718932,0.1318637874081491,0.1011455789963071,0.16500771394874703,2.3324820650832967,0.6393035085829851,4.618200098583609,0.0169190454272569,0.008790469456861539,0.025698019617503582
2026-09-11,63563817,4190988309,4101,1.5395814190627863,1.1539490207699772,1.9290890522087627,17.486166063287886,7.781513339534334,30.355469665037813,3.849614797146905,3.6596593663598327,4.043716721226908,0.1429739390684496,0.10806992774288579,0.1806635394886736,0.4721875175609336,0.134915021117962,0.9421023735615279,0.0183445555262693,0.00968068080863201,0.027551533781594664
2026-09-11,63563817,4190988309,4135,1.680040552524464,1.26488140960644,2.1093007364072447,0.7491977436336987,0.30330317515485283,1.341376815432735,3.849614797146905,3.660431271172878,4.068447741446006,0.0061257426105196,0.004588641772912606,0.007651962782601978,0.0412408388172852,0.011555698581913073,0.08465445357576948,0.0007859755854142,0.0004046079778447848,0.0011791874389564085
2026-09-11,63563817,4190988309,4177,1.646811360971665,1.2482674124490956,2.0064277539426842,296.9923519340005,126.49761669062462,507.1538843619484,3.849614797146905,3.6567866214266793,4.034038641798369,2.4283291303264254,1.9039301300343714,3.060320422026919,18.905819197190823,5.458405890680286,35.50870588907351,0.3115715972965083,0.1642811373531213,0.4642758832679073
2026-09-11,63563817,4190988309,5374,2.07150047708139,1.564044937565684,2.54461899936108,28.530991018899087,12.026235132000393,49.07252734286917,3.849614797146905,3.6602680636721483,4.038187550068566,0.233280877965742,0.17978375935163576,0.29249826726658446,0.6712750401429438,0.18637118146514894,1.3492075099722256,0.029931566878147,0.01629682583621432,0.04481529925618786
2026-09-11,63563817,4190988309,5649,1.7039218911390959,1.290892687102388,2.092222070183561,4.559221236299892,1.992527684118061,7.96541883203616,3.849614797146905,3.664184963774408,4.024844983859999,0.0372780297796026,0.028678415973485416,0.04648071480853613,0.2279057249199278,0.06199206358524768,0.45927659661172565,0.0047830317305201,0.002567768637395642,0.0070442597360818055
2026-09-11,63563817,4190988309,6082,1.7040456590362096,1.2924018920747062,2.0828723886095433,0.8703763320703702,0.36187428415519995,1.5587714092993825,3.849614797146905,3.657506680894132,4.032738992895222,0.0071165475735309,0.005517576863516175,0.008892257647171215,0.0479113162396869,0.013129550719720533,0.092403679465174,0.0009131027862041,0.00048673297158195543,0.0013463359962386015
2026-09-11,63563817,4190988309,6083,1.6392903755709813,1.2422786170374231,2.054909695053805,11.19454588138836,4.703712680186722,19.528611948806013,3.849614797146905,3.6727535062265426,4.021298131401277,0.0915311175103663,0.06927020667433524,0.1145830084256146,0.5476285300750185,0.16561607556400307,1.090219129182918,0.0117440820228539,0.00626470593600887,0.017532736538263288
2026-09-11,63563817,4190988309,6224,1.7056108700983323,1.296303558431871,2.134148887306556,1.6169443102058165,0.7001348517371511,2.6621519562570426,3.849614797146905,3.676446892630826,4.021986325062907,0.0132207881617804,0.010031911182512022,0.016515878513529085,0.081428734524013,0.021660669668718102,0.16164898195913957,0.0016963195118986,0.0009378112067069498,0.002479694134539096
2026-09-11,63563817,4190988309,6245,1.8771449798704696,1.4086525175569902,2.3000971176302785,2.59243241266374,1.11316429742944,4.548320018635608,3.849614797146905,3.659086212681976,4.0312378746058375,0.0211967719204862,0.01640632247383274,0.0267888173716687,0.2556149192199704,0.0702589669039823,0.4582057002814687,0.0027196939666526,0.001427559135649354,0.003975019992430428
2026-09-11,63563817,4190988310,228,1.5879808520019751,1.197920366036554,1.973984959594393,0.6738987932758523,0.2907950516845035,1.1695128142595674,3.735167658119456,3.5501460147710606,3.911591465794115,0.0172388703336619,0.013155447928026861,0.02167808626499758,0.0306344825157209,0.009310692410908948,0.06158525279342518,0.0022118675340868,0.00121310873599266,0.0032880621314953264
2026-09-11,63563817,4190988310,925,1.656111572924545,1.2479519326879693,2.0644665669121745,15.218542371745928,6.38498643291071,25.874286827418693,3.735167658119456,3.5509102575876215,3.9307714866372967,0.3893024905691996,0.2941847447604876,0.48666503601840005,0.6662043460040352,0.1836819237288581,1.2867594879790063,0.0499502300999244,0.026963563717924174,0.0742890336052559
2026-09-11,63563817,4190988310,990,1.69991337367121,1.2836202000856265,2.061615053409435,1.7216972672516906,0.7680480038474523,2.8355641082736436,3.735167658119456,3.5532484488038913,3.9286525178054013,0.0440423936652202,0.03450299823192621,0.055415067897773174,0.1275156754146618,0.03555568254898646,0.23596552235771975,0.0056509468884021,0.0030722825675774867,0.008553301859808323
2026-09-11,63563817,4190988310,1108,1.6957840046842074,1.2756590163030643,2.1055785063252324,0.23528678876051978,0.10491682058263115,0.3860298759074177,3.735167658119456,3.5540025703424964,3.921083217142847,0.0060188243147751,0.0045533072160618415,0.007515602276398352,0.012923554709523,0.0035966432326881926,0.02589871065658408,0.0007722572208938,0.0003997948860189696,0.0011961562304033007
2026-09-11,63563817,4190988310,1186,1.6244758130985137,1.2307819395443147,2.0095827696094894,7.81850637341225,3.3184428139992956,13.799092312745204,3.735167658119456,3.544752275305479,3.930712268622716,0.2000036487956604,0.1531990278417761,0.2501386450192324,0.3205364988841787,0.09241292885530462,0.6640603998437772,0.0256618658245956,0.013764719452312732,0.03813729798863057
2026-09-11,63563817,4190988310,1567,1.6914325838944082,1.270880953518232,2.1015502793216756,50.09638851712649,22.082573279773943,83.68569567727185,3.735167658119456,3.547325227936401,3.9133632104586216,1.2815057015215432,0.9798563809013803,1.6203071147441508,4.325470898490202,1.1871200107975732,8.467825658578647,0.1644261370426243,0.08794137771598073,0.2507402023475024
2026-09-11,63563817,4190988310,1667,1.7934241099776906,1.3316890214148638,2.292025351596495,12.034332192844008,5.457003275281312,20.10694602840156,3.735167658119456,3.563024993872212,3.9117230763831308,0.3078478464343093,0.22627127034666283,0.3894448926382857,0.6980813431475039,0.20435350363268093,1.3411155065867546,0.039499030028493,0.020804148883204532,0.06020984868704716
2026-09-11,63563817,4190988310,2123,1.6933721132597332,1.273940515994932,2.0736985310896534,9.921997549109442,4.092680208568032,17.382656891017287,3.735167658119456,3.556226364901651,3.9261409934604328,0.2538126361208574,0.1948730638716085,0.3172110324035744,0.6475669597318049,0.1736065326926314,1.200004927776259,0.0325659349313915,0.016839613342743566,0.04917093441833488
2026-09-11,63563817,4190988310,2212,1.7081756401652621,1.294115798254404,2.1137749365295777,0.46580971415324135,0.20032554385524337,0.7696547853856991,3.735167658119456,3.5453293637872627,3.915944911949701,0.0119157851929271,0.00911315602463918,0.014885209404264093,0.0242184795243149,0.006622252869316437,0.045459897236955836,0.0015288785112516,0.0008264270579407185,0.0022871471153915403
2026-09-11,63563817,4190988310,2294,1.708833521649039,1.2910260493707273,2.1495578132847295,0.8921208040227846,0.3791608486001609,1.5415268185109896,3.735167658119456,3.5548270776176976,3.9281976202247564,0.0228211639729346,0.017197332621431683,0.028633551369527475,0.0424563090137153,0.012020016050859787,0.08254653276253951,0.0029281148187095,0.001547791205761348,0.004428540077376118
2026-09-11,63563817,4190988310,2892,1.6275650506206574,1.2483944241716052,1.9712660245230538,21.007690244099095,9.333667816097,35.75154975417706,3.735167658119456,3.5469739398979647,3.9265297254879044,0.5373935251721353,0.4199719938945674,0.6631530536543855,0.9276021755033416,0.2964814836237657,1.9114616351080012,0.0689513447430316,0.03668473001254447,0.10121206205825589
2026-09-11,63563817,4190988310,2980,1.708533900462768,1.3176461694210087,2.0737365565587633,0.2537793029890043,0.11019568951488695,0.44425060458637416,3.735167658119456,3.540855514378413,3.926120494879243,0.0064918776250186,0.005082101610936677,0.0079983081060002,0.0139392896796309,0.004015384705808965,0.028354372154028182,0.0008329532664332,0.00045099553784268243,0.0012310038527336329
2026-09-11,63563817,4190988310,2985,1.6608188646231845,1.2515698708447287,2.0483518921984523,166.71736911561408,68.56156049970349,281.76726739712484,3.735167658119456,3.5504683183761228,3.912344382877676,4.264763696314968,3.255563847338338,5.328140819922724,6.974454257429891,1.7634888177478731,13.426481407107946,0.5471989856557854,0.29603568765857263,0.805837793020425
2026-09-11,63563817,4190988310,3169,1.697274075211882,1.2784246827780068,2.1014955014440666,142.34311178808204,61.36892082395504,239.229451829848,3.735167658119456,3.5439198329151544,3.9302361057974524,3.641250691482155,2.7874744736124826,4.582096345290912,5.3141154884231465,1.5479938409318088,10.206111605866191,0.4671979098441261,0.24870250454743756,0.6991390332768257
2026-09-11,63563817,4190988310,3180,1.6321396969333293,1.2470889387741453,1.9730105692154976,0.5496854324571088,0.2376373758077198,0.9106814822243393,3.735167658119456,3.551204193108082,3.9184731429376933,0.0140613931779992,0.01101592561388379,0.017428217821629205,0.041320941678499,0.011394387379318019,0.07996217835559481,0.0018041750098737,0.0009333587922029455,0.0026488702626696167
2026-09-11,63563817,4190988310,3304,1.6970580560837196,1.2947347991955076,2.0913094668596326,2.3483833567421275,1.059293342116676,4.09835030433265,3.735167658119456,3.5400553390848106,3.920715924403796,0.0600735252600991,0.04648363254942365,0.07508229551336487,0.1401442719079003,0.04272153432944917,0.2832763376403093,0.0077078531022708,0.004214008336538175,0.011270666052815473
2026-09-11,63563817,4190988310,3818,1.8596388069263512,1.4114283510643293,2.3255607135974503,0.7118774755280256,0.31300392410068273,1.2094170097872068,3.735167658119456,3.5529477398610427,3.9221009122787924,0.0182103954132751,0.013837624417934785,0.022799765708676638,0.0497593646463196,0.014942304560353403,0.10402085582591204,0.0023365209911032,0.0012552562217978036,0.003491907423332965
2026-09-11,63563817,4190988310,4048,1.5548667911530754,1.165124931338129,1.942521263493518,1.3928179727410173,0.599524935640809,2.3846176578353204,3.735167658119456,3.544144797245478,3.922965333358464,0.0356293981678756,0.026935488833145532,0.04490742442605315,0.1499211656421535,0.040008493911977853,0.2962946610015439,0.0045715007736146,0.002509349018705472,0.00662907343447838
2026-09-11,63563817,4190988310,4155,1.6360260029738591,1.2296290296692227,1.9840645379877004,0.7598371556562804,0.33422407052858133,1.2827115208095694,3.735167658119456,3.552966063581535,3.911200496117202,0.0194372424045806,0.01524430518878381,0.024597406698721264,0.0394004290776982,0.010885377817316785,0.07526263981534656,0.002493934033654,0.001327935085292516,0.003689342765421508
2026-09-11,63563817,4190988310,4403,1.604750778765882,1.2151041953216104,1.9711202085423478,3.7036400501357485,1.6088596226907494,6.26921594774413,3.735167658119456,3.557452320808973,3.9174225253259656,0.0947420758486392,0.07302845728696204,0.11846463399501288,0.6257352792142163,0.19197155849257524,1.252136733680737,0.0121560704167723,0.0065078988353404815,0.018381727288524927
2026-09-11,63563817,4190988310,4675,1.631014305185633,1.2311726284123108,2.0378032334943876,3.1872643997944996,1.3322396632854883,5.645603328186426,3.735167658119456,3.5479013810743485,3.9122029509561767,0.0815327735490737,0.06145681513734236,0.10172124183975885,0.2694817936588796,0.07188014201625914,0.5086352794169633,0.0104612246212623,0.005371783674597876,0.015779910399552358
2026-09-11,63563817,4190988310,4713,1.9150725684256713,1.4561251657119034,2.3114332617998077,0.5636150374071495,0.24391709004901949,0.9507660246651592,3.735167658119456,3.545757592584712,3.9204487842667586,0.0144177236180132,0.011405236711367289,0.01810452103712237,0.040569396531805,0.011299499604457803,0.08164645448301491,0.0018498946954691,0.0010140070023932119,0.0027618691295839583
2026-09-11,63563817,4190988310,4773,1.8674456102623513,1.4435118887551421,2.288823570040683,25.432766417677282,11.044019882055691,43.83014779457555,3.735167658119456,3.5493139942274086,3.9100917769442907,0.6505905142957907,0.5062006882295822,0.8026292783559956,1.0710683122067344,0.2947858833587453,2.112889080728558,0.083475309501331,0.044181927616287545,0.12376535263218129
2026-09-11,63563817,4190988310,4791,1.819451988169849,1.37797227884353,2.303807865729964,3.152514907350493,1.355556669809973,5.306923697854958,3.735167658119456,3.5417202774475696,3.9344731865868328,0.0806438537285012,0.05981243266467215,0.09999935730262412,0.5158315096242446,0.15179556590972737,0.9375159578235994,0.0103471699962506,0.005546840031760331,0.015052784282941649
2026-09-11,63563817,4190988310,4827,1.7084121458184258,1.310726202127631,2.159740304106167,13.008466435554308,5.740780649698743,23.37047719523434,3.735167658119456,3.547173906697288,3.927083168304276,0.3327669797896777,0.2505912383518633,0.41291003274770594,1.0866756651374714,0.3204485465839728,2.2571805652547434,0.0426963289801937,0.02360944979176688,0.06261146630684371
2026-09-11,63563817,4190988310,5010,1.6401532112279285,1.2286068238441117,2.002042649666001,8.931986036413697,4.0505953200776466,15.318734831639057,3.735167658119456,3.5482317336676994,3.9234186579459585,0.2284873494954986,0.17598287169900195,0.2867682136573537,0.4232495400569339,0.12404393079121394,0.8385776598276563,0.029316523676833,0.01570324395965033,0.0431721090081235
2026-09-11,63563817,4190988310,5134,1.5564797018822756,1.1811770381467044,1.8800038947465094,24.94546604558417,10.388406768250759,43.417865296875526,3.735167658119456,3.549378522429532,3.9094520515437505,0.6381249808776003,0.4983544614334601,0.7931989009278714,3.727789677428169,0.9897107769153175,6.8838594161176765,0.0818758944509764,0.04355955266931936,0.11714423502244063
2026-09-11,63563817,4190988310,5267,1.578001210452485,1.1995202156493754,1.924853513778574,16.217394269491137,7.086163946631377,27.356431504297145,3.735167658119456,3.5500270216692154,3.9211055796597756,0.4148539213175158,0.32097599658014997,0.5150655852156982,0.917805961583284,0.25608248840112036,1.8396371589122955,0.0532286572258198,0.02777413616484156,0.0798563694055958
2026-09-11,63563817,4190988310,5330,1.708702838871874,1.304131072696066,2.136827261272976,16.41303873775274,7.170567147844537,27.845334968889347,3.735167658119456,3.5468220689299375,3.9156443733710797,0.4198586633552113,0.31726830896948044,0.5198455024611996,3.296259503906068,0.9136773913884705,6.575873759476368,0.0538708006038602,0.029427830046904923,0.08018383039729714
2026-09-11,63563817,4190988310,5418,1.7947700356615819,1.3469039837462868,2.2259790305997047,1.9506750264558357,0.8657981520882305,3.308544793875618,3.735167658119456,3.560543263031609,3.9160253839401475,0.049899827955946,0.038340977358460995,0.06336473322712267,0.2567492823124707,0.0714621182393897,0.5332314157687184,0.0064024966413696,0.00329640567378197,0.00969764760836906
2026-09-11,63563817,4190988310,5812,1.6465551906004186,1.2415914436130358,2.0189095268590145,0.7787901673355263,0.3331602159249171,1.3856096060167544,3.735167658119456,3.5529037444193863,3.9133665954304235,0.019922075608069,0.015432755634609923,0.02509467791251294,0.0403832143849421,0.012741308174106038,0.08389509270333365,0.0025561415218181,0.0014169074813178677,0.0037424354792623604
2026-09-11,63563817,4190988310,5840,1.723331569202949,1.299522659306462,2.1473411546837315,0.4898173902635454,0.21702624147439753,0.8256324282632665,3.735167658119456,3.5501976374031536,3.91869489945724,0.0125299207569133,0.009549630300193332,0.01577987975006297,0.0254666918192445,0.006821328634282016,0.05205182426234003,0.0016076763958703,0.0008397942258262089,0.00251892535742453
2026-09-11,63563817,4190988310,6325,1.5613567424940908,1.194376353851288,1.9453912895295316,12.335543809471103,5.2589809358184025,21.164787844428275,3.735167658119456,3.550377584346025,3.9190660818789462,0.3155530805938571,0.23839231896144583,0.38829157506382106,0.5974677777443699,0.18809222341964935,1.2250777814972356,0.0404876654175975,0.02113936326746293,0.05909255880650522
2026-09-11,63563817,4190988310,6352,1.7493350179707379,1.3333875657129644,2.132805237990463,9.251250691022188,3.9160143720222402,15.998540535957321,3.735167658119456,3.550695577082894,3.9114526729810977,0.2366543948112545,0.18321102088142982,0.29305297295114047,1.359933074129296,0.37262870746378646,2.5755176451539064,0.0303644126645507,0.015848870773930202,0.04609240377966161
2026-09-11,495403620,8878077181,1048,0.6140330977129808,0.4660537059588936,0.7546343867601892,23.92752770785124,16.86269723812005,32.98683757665573,1.2360773839438557,1.0581335054322518,1.4160405888637757,17.405638295080557,13.479383610897736,21.82569137505443,182.46172291190277,55.98615856614032,379.0050235691756,2.2332650289602745,1.1756955653801209,3.46905250412375
2026-09-11,495403620,8878077181,1607,1.0714237547936076,0.8116541434183374,1.3212370718635325,12.473860907242026,8.659336953622486,17.048221647200403,1.2360773839438557,1.0647565687541776,1.4114598785061618,9.0738798318624,6.870593286906577,11.184175710760748,92.3496064858802,24.757695735070712,180.465980167756,1.164242193359473,0.6092781890816927,1.7011193234646822
2026-09-11,495403620,8878077181,3989,0.7326448200509222,0.5516867721648268,0.9222703024795933,492.8802292364198,346.94147272663275,666.0737502211895,1.2360773839438557,1.0560778567895077,1.4298404569313405,358.5366234920524,269.8234511096084,451.0714565340305,3536.6268093318886,914.7514708483616,6583.56324286849,46.002754353030845,24.308089202645945,67.2597284005746
2026-09-11,495403620,8878077181,5778,0.993999824554839,0.7421869116557976,1.2590939860330315,363.28592614922724,251.9490046794481,507.0094513610367,1.2360773839438557,1.0527457893911911,1.4422542617756766,264.26564020535994,196.4505328143634,333.27141793395367,2788.657159813923,790.962869248869,5639.460463295775,33.9071284040892,17.953277630596812,50.825600895517866
2026-09-11,495403620,9628223555,104,1.411487390753714,1.0642817756210476,1.7689208834131627,7.876395428920115,3.2894975224321614,13.644281954434144,3.723398247258353,3.5323776263607156,3.9045613207814256,0.102173679300805,0.07748474588031123,0.12878580491868563,0.1333018482032821,0.03766156784103181,0.25680227139552037,0.013109597073908,0.006941896467524477,0.019834474784949162
2026-09-11,495403620,9628223555,235,1.411138849376739,1.0690665090382263,1.7153643782977304,1.7307880578852697,0.7201366622231375,2.931628792016849,3.723398247258353,3.543124506800967,3.9071200252060487,0.0224520195259265,0.017521721273298433,0.02811437462093213,0.0425575029039906,0.011239704384879038,0.08460581107370015,0.0028807510064687,0.001467051191636888,0.0044126667197543065
2026-09-11,495403620,9628223555,400,1.4304398741031983,1.0844848692647218,1.7528024290733315,2.931354125479632,1.187517713787873,5.065647263648257,3.723398247258353,3.551139308670363,3.9071578979786867,0.0380259268388346,0.029562746750067963,0.04778089190744645,0.0578225665112913,0.017497089398251287,0.1230027841065707,0.0048789921497434,0.0026131096747755073,0.007276442087665679
2026-09-11,495403620,9628223555,444,1.6048146812542008,1.2092532970035348,2.024050706793992,375.9582981956318,153.65207168618866,674.5553795334474,3.723398247258353,3.5431465463020797,3.8969655382397534,4.876982489893029,3.6466284685776644,6.103728902539452,44.25345418592704,12.536617165155446,88.8490018274729,0.6257509352362018,0.33926676606873024,0.9048255355705331
2026-09-11,495403620,9628223555,665,1.5119085594897466,1.159802093371897,1.8668795107744145,31.185549489245805,13.142838552143381,52.96515776371004,3.723398247258353,3.5358836033424583,3.917416918002773,0.4045432153690694,0.3096982991178811,0.49850627640130984,0.5022977089878874,0.1491526217846314,0.9906836416066788,0.0519057215983992,0.02784197460595411,0.07633382837900915
2026-09-11,495403620,9628223555,700,1.2178270181503241,0.9275992138622938,1.5092671950590735,4.85123701769972,2.0661377329858746,8.632343295643961,3.723398247258353,3.5362127007243838,3.908806684155686,0.0629309104312711,0.04803713724498827,0.07815959275906877,0.1079398083733952,0.030497415386681763,0.20954721461866904,0.0080744755879772,0.004280095890467345,0.011648198464465555
2026-09-11,495403620,9628223555,859,1.645700176999903,1.2297744910413544,2.078601396004116,1.030143181375291,0.41803187847415824,1.7809878530893448,3.723398247258353,3.54395304450819,3.9003990769699137,0.0133631583124034,0.009997823644567617,0.016898626803837715,0.0358585942645625,0.009525503483599018,0.0680359430550103,0.0017145865971479,0.0009113447853350042,0.002522288569820209
2026-09-11,495403620,9628223555,875,1.2339738769676867,0.9455612951370275,1.5273148115869988,44.821794845848636,19.45222019002578,76.59609806131691,3.723398247258353,3.546359823534718,3.906453826204905,0.581434456102986,0.4443039134391018,0.7176604535258659,0.6807499280864535,0.19511314323494583,1.3675950446819838,0.0746021039523921,0.0402773107795614,0.10825431880905209
2026-09-11,495403620,9628223555,1018,1.5252016580072,1.138834672811196,1.8672751268613963,3.5540563109952155,1.489359105597378,5.898952464445013,3.723398247258353,3.5294178134801264,3.9273198386826134,0.0461037047991906,0.03575587425209243,0.05862664859016368,0.1717525361772204,0.04635036502592965,0.33261932276807316,0.0059154275119368,0.0031713240632890815,0.008794269726697952
2026-09-11,495403620,9628223555,1092,1.2418711587200975,0.9348780149979158,1.558708554777255,1.0420169489801288,0.4354594690620696,1.8005119056702972,3.723398247258353,3.5301014705230602,3.9033877732694813,0.013517186450566,0.010171202474727518,0.01695829842318295,0.027591524240223,0.008082438950775823,0.05642908925079127,0.0017343494836679,0.0009099848060559476,0.00258418942590236
2026-09-11,495403620,9628223555,1164,1.459620154714729,1.1175533813197298,1.8224815037373971,0.6702604311511604,0.28367201752375015,1.147970053298377,3.723398247258353,3.550735854002624,3.9055327776279527,0.0086947100305561,0.006558867577376691,0.010696036222363182,0.0419836129948138,0.012835618966687492,0.08469297835686894,0.0011155920581021,0.0005967959044523073,0.0016709865390555113
2026-09-11,495403620,9628223555,1257,1.416320158920076,1.0501492343806575,1.7702105628497837,7.9058085433410215,3.214664490593828,13.363948067527518,3.723398247258353,3.530951322029547,3.919228304361536,0.1025552302459296,0.07770087548807666,0.13097844194762442,0.1576496957650446,0.045947342177093266,0.29265053691603754,0.0131585527265573,0.007086275938873329,0.01971822071456364
2026-09-11,495403620,9628223555,1316,0.7426483731365697,0.5574256029807582,0.9364568393848951,3.2098336486015557,1.359079039470036,5.598323780092776,3.723398247258353,3.5308581212987633,3.9052361657901646,0.0416384013195885,0.0313752316958587,0.05270936228380847,0.0145831269235731,0.004009203263120962,0.028126874604923472,0.0053424978706545,0.0028630138118984965,0.007966165574362525
2026-09-11,495403620,9628223555,1318,1.2831385640204689,0.9700117946307626,1.6052031269851095,56.139662790860655,24.926281318747186,93.39590068548216,3.723398247258353,3.549837475461499,3.9051998447129934,0.7282513878096595,0.5550703015972224,0.9185463151775037,0.8037955272571424,0.22860935963158868,1.599774687932953,0.0934397422901044,0.05101245602983225,0.13748901130240704
2026-09-11,495403620,9628223555,1655,1.4499419310617758,1.1128673420464439,1.793378664684829,35.26752361078596,15.405072353670993,61.617046820186424,3.723398247258353,3.537491521433544,3.902087307414651,0.4574951422463124,0.35143391329818796,0.5663374381774648,0.5109760784358665,0.14488936624875445,0.9257425386980832,0.058699823860333,0.030867421203247494,0.0865747084779708
2026-09-11,495403620,9628223555,1666,1.4342559729334383,1.092651163055824,1.8092788178977366,0.5985519850824536,0.2466373942342489,1.0619703900539283,3.723398247258353,3.529709381381183,3.9341684839026128,0.0077644982556519,0.005834042045348648,0.009660363079343825,0.0211199833781437,0.005801192120792439,0.038759714327083916,0.0009962393867894,0.0005347204916473252,0.0015072847140999825
2026-09-11,495403620,9628223555,1676,1.600042604025347,1.2004319948008313,2.024749791697442,8.910221284657956,3.947108789349965,15.371363760192079,3.723398247258353,3.5361217483266074,3.9095699758754154,0.1155846097689723,0.0867686801192215,0.14635136997194442,0.3276522003291864,0.09505892377016102,0.6243744284028362,0.0148303131724863,0.008021665862489796,0.022290536670996557
2026-09-11,495403620,9628223555,1735,1.2279354844261003,0.9333912117580963,1.5036704631698983,2.6808277811950108,1.1777446808811514,4.664493266351211,3.723398247258353,3.549209084124496,3.914817407328403,0.0347760648190389,0.02692578535604955,0.04337678309750071,0.0473532868803412,0.013245661962665863,0.09380044314353438,0.0044620121416154,0.0023656526396557114,0.006459050321879462
2026-09-11,495403620,9628223555,1802,1.696358744477493,1.2771895244717384,2.1460265638456804,6.7650333620842,2.779364301374768,11.886155315802883,3.723398247258353,3.533213564489751,3.945033687820935,0.0877569384923079,0.06492479704271291,0.10909136661955361,0.2620819408983209,0.07103363814121254,0.4944878431448685,0.011259828479768,0.006008499385258649,0.01666828689774982
2026-09-11,495403620,9628223555,2176,1.5564744053866704,1.207422278569839,1.8924307468434822,0.6020941031781559,0.24722431523925698,1.0219004242807455,3.723398247258353,3.5520013704806646,3.9146805944040337,0.0078104470962887,0.006089387215848236,0.009544087268587102,0.0218698644990062,0.006721233507854469,0.04385681914063629,0.0010021349441471,0.0005219669375756386,0.0014686266679065868
2026-09-11,495403620,9628223555,2226,1.2298227839047675,0.9387703483169216,1.5427721831177275,1.8777780108047974,0.8377729655450714,3.224302910185854,3.723398247258353,3.5279498773054634,3.921197819249324,0.024358793309134,0.018463477117908723,0.03034281914869764,0.0457410376476768,0.011779907148793055,0.0876533643562458,0.0031254034079483,0.001662849802577423,0.004601564823012963
2026-09-11,495403620,9628223555,2541,1.0202807547880213,0.7751941651012799,1.2857256451680925,1122.2406762807645,484.0856978074204,1974.360523616213,3.723398247258353,3.5358603938203372,3.9091525304158816,14.557859618832032,10.892856917318658,18.066703031538033,42.54645669110516,13.145768350305739,87.78651106503932,1.867875123685607,0.9957327773181441,2.776902667738083
2026-09-11,495403620,9628223555,2584,0.7492834126693859,0.5674100134493855,0.9250590178007377,8.172313125668193,3.505246031599466,13.961151039354691,3.723398247258353,3.55831325367102,3.9006164595897297,0.1060123641560569,0.08126978609824205,0.1324956322992739,0.0806484787897726,0.02443608749380058,0.1569888936715276,0.0136021271666916,0.007237599446726178,0.020344369292446884
2026-09-11,495403620,9628223555,2633,1.478625152579025,1.1168571631464772,1.7951333819335453,2.150258496509142,0.9367766693228345,3.7200593933982713,3.723398247258353,3.5366522037881127,3.9117055618504297,0.0278934474556057,0.021833143995387477,0.03509256093691683,0.0716311607039442,0.019055356330417408,0.14850015255475912,0.0035789242361397,0.001898414672128072,0.005281319421449309
2026-09-11,495403620,9628223555,2723,1.2567997733351906,0.9473463570628617,1.562216367763444,14.28556651727823,6.174144544701636,24.174708534373206,3.723398247258353,3.5291802892096427,3.910844201715027,0.1853143236825556,0.14192870141378472,0.23404584280246907,0.405730129967258,0.11551020032776509,0.8369015378657961,0.0237771227592754,0.01249830693014106,0.035561065518905886
2026-09-11,495403620,9628223555,2748,1.3199927294660811,0.9872749886938438,1.6409294842551814,1.7207068067808335,0.704824803312973,2.9285511356105465,3.723398247258353,3.547549402613709,3.915311259031332,0.022321244157093,0.016988205841066806,0.028235748062536165,0.0975492566923942,0.027653173992997233,0.1913026373750158,0.0028639716127508,0.0015032655338269542,0.004270980985928771
2026-09-11,495403620,9628223555,2780,1.4991190446427058,1.1338710749951473,1.8230607493871487,3.370418486466053,1.4426711418580322,5.815375511942132,3.723398247258353,3.5433922478172106,3.9115642922108913,0.0437215298106105,0.03403637945505787,0.05472437634589868,0.1212232789417245,0.03367112862409448,0.23259872264702733,0.005609777813565,0.0029861537123894127,0.008660615149412071
2026-09-11,495403620,9628223555,2843,1.4664314739930366,1.0917392696991213,1.8229944649652217,5.42394613716687,2.2302550208346523,9.625555815765411,3.723398247258353,3.535113555931846,3.918256950694209,0.0703601714978534,0.05359168330994656,0.08948779690697266,0.0997182028758737,0.026734293318140152,0.19230905172025464,0.0090277017006733,0.004872253967833511,0.013882108996936062
2026-09-11,495403620,9628223555,2874,1.939187562183496,1.469917389531314,2.422360257765852,148.0003876264576,64.57679133588582,245.9216460315302,3.723398247258353,3.5401688859962057,3.9022910290865123,1.9198812804925105,1.465123315578298,2.4144598313206087,10.272714070785623,2.848255107560503,20.84950611154391,0.2463341849802326,0.13441304144642988,0.3661427659370127
2026-09-11,495403620,9628223555,2993,1.4808084022453882,1.113325849283812,1.8785629865602458,0.7908073252237511,0.33333932356856477,1.3507132245867994,3.723398247258353,3.5369228216931687,3.9126613560554953,0.0102584608359635,0.00755351293132956,0.012745369938574566,0.0206959594083871,0.006303471519979201,0.04106929113653943,0.0013162322143848,0.0006831712845319661,0.001958209020162705
2026-09-11,495403620,9628223555,2996,1.5066281483508597,1.1290946745449413,1.8970423364279023,2.6201690710003174,1.0890614123406048,4.556442082034889,3.723398247258353,3.5322998572857904,3.8992745490246863,0.0339891917299255,0.025324180242832065,0.042548286044735664,0.1988962010590922,0.060404724522058646,0.38361375294138,0.0043610508253823,0.002367160337103784,0.006514062090439737
2026-09-11,495403620,9628223555,2997,1.544594841868141,1.1565137715717189,1.8921210456434805,6.322585930205697,2.6411790339404964,11.216497687199213,3.723398247258353,3.538856437523933,3.9049842587666252,0.0820174498619844,0.06311687305203086,0.10326272482966543,0.1545322094852446,0.04597075717283652,0.323690601484693,0.0105234119792689,0.005519568110673094,0.01579348490060168
2026-09-11,495403620,9628223555,3008,1.1540328714463899,0.8725027900481417,1.3921792251639333,2.0775014191433563,0.8896761664024181,3.3822131752469033,3.723398247258353,3.5319674678476383,3.925707134496597,0.0269496326920223,0.021084472552689085,0.03364270592379451,0.0988449116696836,0.02918912252068734,0.19806902789656153,0.0034578262063177,0.001871295704611873,0.005046510612578854
2026-09-11,495403620,9628223555,3165,1.2618022207936195,0.9462385775994593,1.5831054811648515,2.2360585818556817,0.8872843120301044,3.838140140727555,3.723398247258353,3.5369590224935648,3.9081279529796835,0.0290064579035056,0.021748130447418842,0.03638573329333327,0.0415607438375234,0.011707025109103519,0.07850026640917541,0.0037217312546484,0.0020082521526476106,0.005417132461995512
2026-09-11,495403620,9628223555,3327,1.5471485091354802,1.1713147096670147,1.9335352626933593,0.7534857993018192,0.327509196615824,1.2697516187308042,3.723398247258353,3.5323011675847167,3.905253915468576,0.0097743208946697,0.007431997528892093,0.012268291661564486,0.0383532305610829,0.010637931245208145,0.07518084504064548,0.001254113676605,0.0006617749182138621,0.0018664521378231
2026-09-11,495403620,9628223555,3374,2.268302255669739,1.7174916413913013,2.8037687118806205,55.83616751674431,23.52182277066372,96.85436640025459,3.723398247258353,3.5425432194381568,3.9161339659505514,0.7243144055838795,0.5591718205891388,0.9128361485725315,6.190092301135942,1.7530061625129725,12.627006468398259,0.0929345999577512,0.051933500810778785,0.1362493516622746
2026-09-11,495403620,9628223555,3379,1.5005563141583766,1.1315992249652984,1.9016527634878326,1.1185263888505819,0.47142978227432586,1.904495630937972,3.723398247258353,3.535325059357479,3.902714712373203,0.0145096773740289,0.010717112493069055,0.018010108585391014,0.0487332090343453,0.012745858262383595,0.09674610687458962,0.0018616930049657,0.0009907670685248592,0.002837175592344075
2026-09-11,495403620,9628223555,3382,2.278362702851693,1.6980211858781815,2.886920798524087,35.52444363690872,15.329698259216611,60.36201566275721,3.723398247258353,3.5468191852801896,3.906298402944034,0.4608279439818165,0.3444853266213035,0.5856828303912289,2.447582821587751,0.6595936254460029,5.101048766641014,0.0591274456135934,0.03148831236687247,0.08904957599909862
2026-09-11,495403620,9628223555,3393,1.8232752245146788,1.3815469391799127,2.2450046996627253,8.63907524444794,3.739713263561023,15.318118376901776,3.723398247258353,3.5494680011894344,3.9100605317794805,0.112067266232057,0.08639196083514464,0.14038638103803844,0.2482471732618738,0.06981443990776628,0.49275758741166764,0.0143790134164726,0.007826084787187498,0.021380693371139348
2026-09-11,495403620,9628223555,3575,2.035325469646475,1.5264171127773192,2.5329420104895966,4.157443604069285,1.780859943715755,7.263258446073177,3.723398247258353,3.531493427665789,3.9036559027974445,0.0539309273317677,0.04100832121821858,0.06804937436930612,0.171543298540114,0.05020559829646055,0.344983036737631,0.0069197148617914,0.0037750267931120724,0.010453707807927553
2026-09-11,495403620,9628223555,3923,1.2841125056353002,0.9766963520243522,1.5651755541486305,0.6076861899210876,0.2565169739398602,1.0226676251748064,3.723398247258353,3.535877118563368,3.906176088461715,0.0078829884107327,0.006128293515493034,0.0098207136529349,0.0570321913606057,0.01432643782780998,0.10015579545006258,0.0010114425017302,0.0005325264705467329,0.001485397104298016
2026-09-11,495403620,9628223555,3989,1.5850472681773056,1.2071026315459472,1.9270277538814506,3.532786685382303,1.4723830637941058,6.0198287349817985,3.723398247258353,3.5400463390572074,3.9148213601366693,0.0458277923052289,0.03563506727071068,0.056888090308128976,0.2778076973382516,0.08242393949157287,0.5937030051766434,0.0058800260108041,0.003185452708958206,0.008410205260604708
2026-09-11,495403620,9628223555,4002,1.5062712564566485,1.1381115010428065,1.8611063810080304,0.9197475732537221,0.40455135365642125,1.5429605840224134,3.723398247258353,3.546197021830509,3.903479621994923,0.0119310913774429,0.009120544678997155,0.014914450152068652,0.039325550985637,0.010725980134698113,0.08005189053956158,0.0015308424016891,0.0008336469588826445,0.0022555338198360564
2026-09-11,495403620,9628223555,4016,1.6080803381022464,1.230773107908339,2.0207815876227255,1.5982725456145361,0.6489916493360502,2.722227937860062,3.723398247258353,3.5436894000973833,3.914246183424027,0.0207330101674809,0.015569802294678463,0.025563744932226372,0.0464427791265019,0.014675051631485074,0.08825076386178528,0.002660190092839,0.0013975959966885045,0.00382942859711308
2026-09-11,495403620,9628223555,4047,1.469242800135392,1.1122099637885348,1.7877330749014544,1.8308747402293328,0.7958921027379269,3.051786009718652,3.723398247258353,3.5325106938943613,3.9014866561791024,0.0237503576650397,0.018540680943043276,0.029801736751367193,0.0407002386441102,0.011136378199537621,0.08037013468238562,0.0030473368628844,0.0016764576845054865,0.004438529160506206
2026-09-11,495403620,9628223555,4188,2.0607159040269725,1.5723846968142587,2.55523904079828,39.282581640934,16.831911822169364,66.98682723271962,3.723398247258353,3.5354882782094057,3.9231902225406095,0.5095790244292963,0.38983461125531516,0.633509571462242,1.967299472273859,0.6070673973068279,4.003115726602972,0.0653825499218426,0.03528319058740851,0.09788823770196077
2026-09-11,495403620,9628223555,4189,1.4136809205742151,1.069990702075442,1.7217285377828482,0.7252802196548135,0.30856791267878914,1.245192189503189,3.723398247258353,3.553172805118302,3.894494577305986,0.0094084342558698,0.007365827476784888,0.011852397732584598,0.0210263827925918,0.006274720929230872,0.042212055310688515,0.0012071678639239,0.000674074797179321,0.0017824449984836872
2026-09-11,495403620,9628223555,4321,1.4638581697486348,1.1166302498472231,1.8065443030708468,3.217890264761458,1.4079085507297942,5.432870296473714,3.723398247258353,3.5397711774939054,3.937561724004196,0.0417429128468728,0.03217678601473734,0.05205733460148433,0.1822782046470407,0.05359514532179471,0.36445052870136996,0.0053559074299622,0.002773251808558678,0.007927042100090414
2026-09-11,495403620,9628223555,4560,1.5775084691233512,1.1893046825906,1.9335464189083873,0.5117334429519133,0.2175753980026977,0.8848082395200776,3.723398247258353,3.5396791065521014,3.909816541197595,0.0066382762469855,0.0051203453256884884,0.008324549220216387,0.0167622332972209,0.00497361102177768,0.035090405222973534,0.0008517372327081,0.0004637038024759005,0.0012949210001345593
2026-09-11,495403620,9628223555,4634,1.9752290509156991,1.4913339342726584,2.4972110366861995,10.033178650990704,4.162750393222247,17.382355658864135,3.723398247258353,3.5379456961095506,3.9125037575035884,0.1301517663892297,0.09762197212771363,0.16346617072621977,0.5300924171950597,0.14349642264569948,1.066219144940534,0.016699381166425,0.008830552113586642,0.0251565406418672
2026-09-11,495403620,9628223555,4865,1.2440660810460393,0.9508230671339951,1.5656282368586907,2.6307901126940747,1.115526389822828,4.400555010970405,3.723398247258353,3.536163301660717,3.910056992355312,0.034126969336148,0.025812801022497615,0.042503438915351736,0.042491158762395,0.011593259932876167,0.07910069006354922,0.004378728655091,0.0023326006046705855,0.00662479200679287
2026-09-11,495403620,9628223555,4888,1.4041358313481709,1.0550082022484315,1.7822845264352227,1.2415836018352415,0.5244312006431491,2.10252781330762,3.723398247258353,3.539779117611426,3.9130131400403227,0.0161059923798728,0.011850979319797145,0.020020524029826015,0.0380866037322134,0.010069167770859448,0.07280889077981445,0.0020665113757325,0.0011203959727937801,0.003057708166737515
2026-09-11,495403620,9628223555,5249,2.0169281391852873,1.5292462204953707,2.485738120959601,9.730201275819432,3.894551943639876,16.738784924263125,3.723398247258353,3.5415259745187773,3.903102171361714,0.1262215024194339,0.0972443552459155,0.1580672026114959,0.1298293286082498,0.03605766887441111,0.24339835462425508,0.0161951008332637,0.008847351922355208,0.02373577830835457
2026-09-11,495403620,9628223555,5436,1.4208319420508346,1.0805062952028248,1.737123372963857,0.6354207669237562,0.26559337143180295,1.0679128834975955,3.723398247258353,3.5406477835711714,3.9236189749349757,0.0082427651387788,0.006374924218278623,0.010248926738891795,0.0213532410121538,0.006211095382174942,0.04561827163477162,0.0010576043701638,0.0005846396833660863,0.001571214961218373
2026-09-11,495403620,9628223555,5702,1.465896759840696,1.100689621172577,1.8374086351990244,0.8258642795058715,0.34847835777935393,1.4275034690537114,3.723398247258353,3.5298247941329715,3.913563606793627,0.0107132244440643,0.008066562877308066,0.01346571458659903,0.0283013981426906,0.007930096882719218,0.05490145218766913,0.0013745815633255,0.0007397130072215673,0.002071406771406916
2026-09-11,495403620,9628223555,5703,2.2563960663253617,1.6977999303258062,2.8149367438992288,56.9350099626499,23.92358570739924,96.9964442528757,3.723398247258353,3.5404898664294184,3.9073188017462357,0.7385687401564979,0.5588428508060321,0.9265529042905255,1.615464851906725,0.4190330892947798,2.922185254345797,0.0947635306968856,0.04945501507899819,0.13919285483748595
2026-09-11,495403620,9628223555,5705,2.1799393497223614,1.612136434396976,2.7536693989484973,3.255331210301487,1.4193902286939937,5.640191768527853,3.723398247258353,3.5412992747438694,3.908215940982199,0.0422286019157938,0.03166846904215403,0.05409250250308152,0.1545087558701256,0.043669779909114075,0.3185520787297292,0.0054182247316423,0.002898068646912358,0.007969588372381604
2026-09-11,495403620,9628223555,5911,1.5649967502012883,1.1901334974864415,1.9081708385965614,0.9871176069450498,0.4231475199330423,1.7078553766875433,3.723398247258353,3.5352240190760056,3.9144759664669904,0.0128050246733244,0.010033255487089505,0.016086569987301673,0.0632063249482923,0.017468107533020756,0.12405818753973395,0.0016429741508526,0.0009006593653867394,0.002442078754794537
2026-09-11,495403620,9628223555,5964,2.0111162863318786,1.498708474757339,2.520922718212292,46.577466449076596,19.26606065342837,80.95752866866258,3.723398247258353,3.539985508171335,3.9078548395036954,0.6042092683841336,0.4562501007024486,0.7674416095055958,0.8807610608746762,0.26687264124184146,1.8340706703105616,0.0775242715251261,0.04179093252885458,0.11583775012824543
2026-09-11,495403620,9628223555,6027,2.321236485291332,1.7437004584711557,2.9012288602989362,1.60619537120685,0.683832046013896,2.8067397082389904,3.723398247258353,3.5325522715599553,3.9030384696074667,0.0208357861452147,0.015887407807355557,0.026434016130529717,0.150750125939882,0.04437840313170571,0.3055873462640381,0.0026733769690109,0.0014626098674368991,0.004030439355046653
2026-09-11,495403620,9628223555,6159,1.8978826192967644,1.4252366752337986,2.394382507524764,1.2003819864156273,0.5034479360833729,2.050660400747431,3.723398247258353,3.5347553361249453,3.9223717483649736,0.0155715193866681,0.011702229664381928,0.019659623768366063,0.0492367082010628,0.013950115352671166,0.09813347070863664,0.0019979347556505,0.001059883845991368,0.002962572822229571
2026-09-11,495403620,9628223555,6229,1.3487698922652696,1.015853160844589,1.646837272775429,0.7570535710397884,0.3286153099934175,1.2873080320603913,3.723398247258353,3.5325572587321385,3.923887178141073,0.0098206025178644,0.007643261116533392,0.012390753186340775,0.0359046774215344,0.01124287340947853,0.07331761490419637,0.0012600519322905,0.0006803207149971384,0.001904866496936884
2026-09-11,495403620,9628223555,6261,1.3369648240197525,1.0254645857692155,1.6534884889031465,747.0247869632459,322.76156520605184,1265.9115928850447,3.723398247258353,3.5318611471286347,3.928416037916949,9.690507758496262,7.463245778740004,12.033969532253762,7.741888653508854,2.190795345003241,15.144256247842561,1.2433598655232632,0.6547812759354273,1.8990865944847712
2026-09-11,495403620,9628223555,6298,1.9421029287534657,1.4573464163278085,2.4407894842140085,53.9124587210302,21.769201293760084,91.64270750844925,3.723398247258353,3.5510968577151303,3.915400090202726,0.6993597918477863,0.5233979761298241,0.8765961626444304,1.3861504738913213,0.3710291961457274,2.6488785712805525,0.0897327486252562,0.04785248476292678,0.13257440708095664
2026-09-11,495403620,9628223555,6360,1.7395763107899687,1.3351204652645152,2.1106404268040664,325.8398497467712,143.1736655549491,558.6637690054872,3.723398247258353,3.5449919407111414,3.9121465799333492,4.226839118463811,3.314604343890762,5.2399301104939395,10.810107640408903,3.2082314136106636,22.601926631231994,0.5423329972894175,0.2996865755153476,0.786621242006513
2026-09-11,495403620,9628223555,6377,1.188025959053116,0.8944645774806134,1.4918188982759562,0.8977046111272557,0.37473118670979133,1.5415953139937018,3.723398247258353,3.5342690900199782,3.902410200112314,0.0116451470564049,0.008744839111254456,0.014584947410146282,0.1431630404191675,0.038389804258098,0.28287412274232776,0.0014941537470372,0.0008071105126523527,0.002189947591985466
2026-09-11,495403620,9628223555,6474,1.7355632618367673,1.3301745363812187,2.1023658135267604,3.6516870393623595,1.5392630573810717,6.307492413199537,3.723398247258353,3.553020457323427,3.8959764410922926,0.0473701839672453,0.03686280182223427,0.058262349961910785,0.1179824094512408,0.033180091765750375,0.24046539828748079,0.0060779256397258,0.0032485599494513086,0.008855681955601656
2026-09-11,495403620,9628223555,6500,1.4767423450979704,1.114451423273013,1.846871005702379,4.160845941966541,1.75445312684693,6.904567572451574,3.723398247258353,3.5353430859185355,3.9215599243679566,0.0539750629245429,0.04040831625502534,0.06696473809641877,0.2239373855749949,0.06146689668576413,0.43914299830509645,0.0069253777667769,0.003623236293046,0.010391474789939549
2026-09-11,495403620,9628223555,6504,1.4646543684429219,1.1271948346793015,1.783274664307422,1.3236572218417426,0.5424741334675987,2.258631036245646,3.723398247258353,3.5343590903390596,3.9040353830267867,0.0171706626094565,0.013341060778854484,0.021106178763394847,0.038079182455339,0.011732292906439162,0.07949978175493755,0.0022031160064157,0.001206494023435384,0.0031880946657645392
2026-09-11,495403620,9628223555,6538,1.3496482385439257,1.0189412488813137,1.6972020637602037,0.8958244107831641,0.3783907551658438,1.5026377162333073,3.723398247258353,3.539475877084512,3.9095814715631465,0.0116207568402569,0.008719929631306505,0.014524372805934955,0.0520449755270032,0.014959307134550343,0.10934983831836649,0.0014910243118594,0.0008069753090325622,0.0021979689316072386
2026-09-11,495403620,9628223555,6574,1.4229104684093283,1.0670051853053601,1.7708691997419927,2.0893729260992613,0.8872438429857592,3.5153947422366234,3.723398247258353,3.5481623163468745,3.903177545680985,0.0271036315047376,0.02056026989064354,0.03412312253881265,0.1118165163799506,0.03262282900154629,0.21480096170495797,0.003477585330178,0.0018372112110798375,0.005292142319908159
2026-09-11,495403620,9628223555,6617,1.4394065514215086,1.079542730964642,1.8221143499983912,11.674014741281297,4.923076107284985,20.592239545891964,3.723398247258353,3.5269043864043685,3.9150392977975104,0.1514369166825947,0.11342179663347125,0.19143958060371818,0.1997006080526089,0.057115362353224786,0.3932971592121559,0.0194304146959319,0.010291725164217988,0.02865527899133138
2026-09-11,495817671,9630806627,110,1.9087064540067666,1.4410248381265482,2.313694027885054,32.98737495768461,14.089334606144526,57.46884653690284,3.687643048538889,3.5103130558045756,3.8666609522073045,0.4378599434426375,0.34469378653031674,0.5534364480175202,1.0020796843881636,0.28343428521483754,2.0072912175186874,0.0561804906372978,0.030990698961122814,0.08083533881052833
2026-09-11,495817671,9630806627,235,1.5883201247935206,1.2052250347025153,1.9385746790610086,1.729149839924774,0.7494726013600652,2.9918667651321873,3.687643048538889,3.4989484452570716,3.8759078132228546,0.0229519763874673,0.01784808440949942,0.028708202625860144,0.0426731455103544,0.012384548511053995,0.08851693046084003,0.0029448989656495,0.0016084256655661132,0.004403905161256016
2026-09-11,495817671,9630806627,299,1.5611882146115266,1.1744153868598157,1.895013556679293,1.7198390047218801,0.7180597456753662,2.990886276486785,3.687643048538889,3.5050440728265446,3.8721990291459187,0.0228283884456995,0.01776681317354565,0.028668182831672905,0.0461699950403703,0.012791509975039967,0.09261415084621583,0.0029290417690519,0.0016055313979231732,0.0044086448645442
2026-09-11,495817671,9630806627,308,1.3693778201396452,1.0362739503900253,1.6916952659442497,1.3446362901525988,0.5625773868396158,2.2625061416586982,3.687643048538889,3.4967590704307128,3.894387219536217,0.0178481122160337,0.013681069039146255,0.022334055312178136,0.0305837124239746,0.008322105671757224,0.06164176392895974,0.002290037525156,0.0011849810145300346,0.003494423589073155
2026-09-11,495817671,9630806627,353,1.4602404226264227,1.099504209910537,1.7894393967347142,44.87219696399394,18.449368208939816,76.78340816769074,3.687643048538889,3.512468928495759,3.865289244798408,0.5956138568165824,0.4558067754931513,0.741818867734107,0.5785098722591975,0.1575570705874593,1.1312600205451235,0.0764214201537542,0.04116854890473061,0.1090810361350202
2026-09-11,495817671,9630806627,444,1.5528074665252323,1.1780782620601091,1.943542267507279,3.44781316185491,1.4840378868401205,5.907262755091902,3.687643048538889,3.49483780815745,3.8763645660936357,0.0457647593355678,0.0347533954632141,0.057334588478964735,0.2123667360874734,0.060217766544170985,0.4328462462104137,0.0058719384403037,0.003217138109226643,0.008698426693301687
2026-09-11,495817671,9630806627,505,1.5182506716832505,1.1419608440639357,1.9263030214533445,1.8710531366111953,0.8179025342846618,3.239045876636947,3.687643048538889,3.4967929787764076,3.8766237548792626,0.0248355384939139,0.018374945197670373,0.030995557016953505,0.0358318083297167,0.009760725374004242,0.06690552510730029,0.0031865731467906,0.001675959490871762,0.004788543295033853
2026-09-11,495817671,9630806627,530,1.293118521600773,0.969609095058657,1.6308693054410264,1.2709037540111352,0.5310719438719472,2.1698002573691326,3.687643048538889,3.5165940157536126,3.8643998535518294,0.0168694188781674,0.012674142120032988,0.02131773116353736,0.027937328255786,0.007923357322620167,0.0543979913829236,0.0021644643305118,0.0011431597158398637,0.0032942822341807615
2026-09-11,495817671,9630806627,679,1.190384394997984,0.8981602064695792,1.444361796133967,3.7394003114114245,1.6213617363781323,6.251389562920667,3.687643048538889,3.5029527345903952,3.8743085563733226,0.0496351592378696,0.03879086222726038,0.062380897123445134,0.035577062857962,0.01046501837515139,0.07046378090655621,0.0063685377952578,0.0034414728687490476,0.009260421649337686
2026-09-11,495817671,9630806627,815,1.288381742199961,0.9838219182600678,1.6144842429173145,39.580229388224446,16.71156974804337,68.89569901283375,3.687643048538889,3.502947014762501,3.878706852663224,0.5253706008315556,0.3943369230922152,0.6471199075518359,0.564462631354338,0.1637811305831939,1.1581956187755897,0.0674087195304164,0.03609879848844206,0.10112462736349608
2026-09-11,495817671,9630806627,875,1.7854610904685855,1.3349049162369224,2.2468311979333015,0.5903161653775557,0.2580429895020185,0.9890324017675185,3.687643048538889,3.4956091576500805,3.876745628879164,0.0078355978042223,0.005854597576641526,0.009854104458334487,0.0227360597596029,0.0060884228203758215,0.04480270947711848,0.0010053619557355,0.0005183656420530339,0.0014847726839061052
2026-09-11,495817671,9630806627,1089,1.5215253235544797,1.160606890318447,1.836586012205782,5.786687703674469,2.4361568688379984,9.987162902107208,3.687643048538889,3.490207807572779,3.8891308456228737,0.0768099539263537,0.06049136307251357,0.0957237047315451,0.137112713713624,0.03940273259571134,0.2859306144670109,0.0098552538592197,0.00545612707183854,0.01473251299402009
2026-09-11,495817671,9630806627,1164,1.5122213794554287,1.1399631039030056,1.9252635602918304,3.4784400181207027,1.4744944873229981,5.859080783141771,3.687643048538889,3.498320769772855,3.892517946578223,0.046171286789467,0.03421934799994351,0.057792452699277796,0.0846534040326658,0.024605936162227858,0.16161781519729243,0.005924098753572,0.0030105301466599984,0.008845715793199673
2026-09-11,495817671,9630806627,1207,1.5846470432842281,1.1827117866449819,1.9672393871794482,1.6162607214289926,0.6991202613406418,2.704687305454039,3.687643048538889,3.5023389656633186,3.874424141708444,0.0214535357536412,0.016304888891010297,0.027120402444765965,0.0320403226976184,0.008266787519272305,0.0633065971927665,0.0027526385607873,0.0014567580126115577,0.004118429321841067
2026-09-11,495817671,9630806627,1424,1.4209863141632622,1.07141152864265,1.7571327447455907,40.474726251058165,17.653617217941317,66.7099851523384,3.687643048538889,3.5126638629192786,3.8669358367538624,0.5372437597680398,0.40889122184418925,0.6705884175394338,0.0349054425415579,0.009191348268132192,0.06996974460851467,0.0689321287950816,0.037044579705299424,0.1012672784436939
2026-09-11,495817671,9630806627,1438,1.983611162379127,1.4965829059097786,2.445520151486564,21.390448954814406,9.347707245868753,35.52306131176421,3.687643048538889,3.5032870922378248,3.8749939459954095,0.2839274353167586,0.21800713858091492,0.35623815940968345,0.2948868430686927,0.07990065770439655,0.6169711518572206,0.0364298741192681,0.019764817369143244,0.05336450385738367
2026-09-11,495817671,9630806627,1486,1.3708588323781747,1.0238818119572262,1.7324217011757037,1.181839731855888,0.49599776232634296,2.023160678090721,3.687643048538889,3.4974945467565144,3.8728779294999667,0.0156872221209627,0.011624476045551588,0.019668772611006528,0.0269065278541067,0.006924123751030244,0.05203768048935765,0.0020127802250251,0.0010956621371086869,0.0029570333481435855
2026-09-11,495817671,9630806627,1590,1.7601456524386776,1.333482460328966,2.135842414251849,1.5986656511476212,0.6721253138820007,2.8145306052212646,3.687643048538889,3.5016657852429276,3.868267919953856,0.0212199865097819,0.016543769701292295,0.026498184146844708,0.0357751045225953,0.010650590701889416,0.069962113030244,0.0027226725606896,0.0014959731786002234,0.004014766836166054
2026-09-11,495817671,9630806627,1738,1.572478514375336,1.1816877234931709,1.9850134542569566,2.2917027291416443,1.0120461017946407,4.024236923734463,3.687643048538889,3.510967628199584,3.8700941963432918,0.030419056643837,0.022776435313523438,0.03826013390721205,0.0358677729754262,0.009925360767637196,0.07631429138648868,0.0039029775446869,0.002025955357757952,0.005935836089371687
2026-09-11,495817671,9630806627,1785,1.127207845873119,0.844151201486501,1.3969758401558923,0.8734404804065818,0.35903263061856233,1.433386015116862,3.687643048538889,3.5008696229944567,3.872580993511052,0.011593665753699,0.00878979285680779,0.014546125453928443,0.0127626511768383,0.0036021672514642386,0.02456419747483215,0.0014875483361336,0.0007863948369526526,0.002267198304782158
2026-09-11,495817671,9630806627,1817,1.3773622421666598,1.0375873414059495,1.670012287076769,1.8606257353796172,0.7720760303452696,3.238330675575504,3.687643048538889,3.5054968632754284,3.8665447794730867,0.0246971297445251,0.019304722236595608,0.031071136080487886,0.0241714325115678,0.0065672784254749575,0.04505318711324434,0.0031688143370031,0.001720242906082682,0.004703049241928311
2026-09-11,495817671,9630806627,1924,2.172037546452098,1.6554799921812597,2.6865525954729654,16.844827086291367,7.05679099562958,29.134735532970545,3.687643048538889,3.5065792663132176,3.873605065878611,0.2235908448236903,0.17228123381103602,0.2795821139683377,0.238095338884993,0.06949591514579341,0.4681361261715098,0.0286882679092303,0.01599256463946178,0.04227489238307079
2026-09-11,495817671,9630806627,1976,1.5657209088995085,1.187490926386831,1.9627111746810195,0.8234956099984269,0.3394746001552082,1.4644124781029664,3.687643048538889,3.5027545238381794,3.8654376933229218,0.0109307194549948,0.00819696850294096,0.013548131320836916,0.0115985994264562,0.0034652418775426162,0.023978948962390417,0.0014024876931468,0.0007338258354508815,0.002019563469104224
2026-09-11,495817671,9630806627,1981,1.6346866014703094,1.2296496141937066,2.060271121423115,5.100974956262338,2.1806838262634844,8.61987272030944,3.687643048538889,3.498538458018067,3.867031264226096,0.0677081037432179,0.05068817637399885,0.08492763458754325,0.0819605552521469,0.0224176198738127,0.1553682144594727,0.0086874228743268,0.004591705725135823,0.012993681286895126
2026-09-11,495817671,9630806627,2019,1.3076394856483866,0.9763608342197687,1.6421375634011475,15.299323454909548,6.436527614069029,25.714559823220192,3.687643048538889,3.511896804135657,3.862069889772696,0.2030765076418046,0.1522112233454216,0.25600324608615643,0.250369216597287,0.06771305998358407,0.49648985740858464,0.0260561350885941,0.013691016572938133,0.03831304827350979
2026-09-11,495817671,9630806627,2438,1.5197291669303266,1.1411160051295197,1.900352493474942,9.68993977733945,3.9456964235163214,16.07648115766305,3.687643048538889,3.5013749030046153,3.8720164423054513,0.1286200095736936,0.09587390329535206,0.15966318092770787,0.1326073597482514,0.03836514829711694,0.23994411066435592,0.0165028460626261,0.008663473387206426,0.024509641711346175
2026-09-11,495817671,9630806627,2533,1.3549093146941884,1.0191234423164437,1.721393605743464,317.19403559434875,137.72940267878073,547.6348678110047,3.687643048538889,3.49708941254857,3.8771427767281046,4.210294473684061,3.1384308238680814,5.301100086775149,3.5328735223693197,1.0358278316722256,7.250697083478457,0.5402102037453491,0.28859531455494825,0.8126554425412267
2026-09-11,495817671,9630806627,2541,2.144850350528181,1.6146768794033761,2.689522752574432,17.788984953745647,7.793028251979727,31.43659162847314,3.687643048538889,3.5111404677960443,3.866908728408442,0.2361231821489477,0.17935951977912473,0.29875376883282473,1.1535307899958718,0.32696082536267745,2.4698036215211165,0.0302962543677069,0.016495238991548606,0.045822303541143125
2026-09-11,495817671,9630806627,2586,2.3540045294587033,1.7898688756916799,2.9121493620356174,15.794989126721966,7.090316051740234,27.26669514039,3.687643048538889,3.499479635086421,3.873371351051531,0.2096557563181435,0.16004735174135915,0.26039998143654064,0.3239045476619409,0.0965613357810475,0.6659737103265868,0.0269002986714863,0.014463443966521487,0.039399356997913894
2026-09-11,495817671,9630806627,2821,1.6702658734419553,1.2601830878749825,2.0826585726800357,17.628572563813023,7.763958023603035,29.987507598266248,3.687643048538889,3.4930718625959623,3.871961700418201,0.2339939384587936,0.17851166665803736,0.2950197129812975,0.4565661111066157,0.13226924657272549,0.9201239233289984,0.0300230575224812,0.01651031517316222,0.04407528321924559
2026-09-11,495817671,9630806627,2869,1.483982751569667,1.1254005946390468,1.841037501795137,0.866312554341275,0.37531170740774844,1.463285027905157,3.687643048538889,3.497643368757649,3.872195484190475,0.0114990527901691,0.008800267966265457,0.014396299943631825,0.0267085749879756,0.0075995162385403756,0.05568567698902739,0.0014754088317296,0.0007688571285279889,0.0021347070483760462
2026-09-11,495817671,9630806627,2899,1.2094831048279016,0.9074369409882231,1.482814828785573,28.79442224886446,11.753771166616193,49.98908608253091,3.687643048538889,3.505227976554758,3.8680111839997715,0.3822045286575349,0.29446512735663644,0.48117559664649195,0.3199173738543989,0.09364003180111212,0.6519513530826387,0.0490395119840198,0.02682257474629385,0.07194780275738528
2026-09-11,495817671,9630806627,2933,1.4780033178218528,1.113561086806285,1.8027705073685358,42.62330055517193,18.22646839506221,73.31876412491368,3.687643048538889,3.50300300449939,3.871298806597388,0.5657629924892964,0.437163408898216,0.7077342495217349,0.8445080031401299,0.23189518299859072,1.6563322267785006,0.0725913456539752,0.03879377779868205,0.10546181052007961
2026-09-11,495817671,9630806627,2987,1.2910200524908026,0.9772238169149764,1.624411249664319,7.609635792903352,3.2603447939870653,13.173349051497816,3.687643048538889,3.494885994958761,3.8764833286981584,0.1010069671252678,0.0760242976624058,0.1263731286188251,0.0297818049865393,0.008452965556999538,0.060101761953773376,0.01295989974846,0.0071058426157538995,0.019172280796203797
2026-09-11,495817671,9630806627,3132,1.1413325120180906,0.8635076053385115,1.4056028757172667,0.703633313979123,0.3018613218005215,1.1876890726308562,3.687643048538889,3.4926024164314935,3.8784793083175937,0.0093397199218934,0.0071276503352765185,0.011602267017027969,0.0505815599145238,0.013895384474336596,0.10407217527703502,0.0011983513346789,0.0006319831161264549,0.001740997916430091
2026-09-11,495817671,9630806627,3135,1.6717830658554915,1.2521550229153664,2.038900423458973,3.1885095507716947,1.3362645827033337,5.511970704205756,3.687643048538889,3.50415113149258,3.86682288789698,0.0423228769599919,0.03282310228412422,0.053446287337906885,0.0775183326670581,0.02018265334327777,0.15246959921047118,0.0054303208786346,0.003000521158864275,0.008072192771440122
2026-09-11,495817671,9630806627,3157,1.359943297635975,1.023390443960219,1.713303233230526,1.4515153187206702,0.6116863530896869,2.5061665842446215,3.687643048538889,3.5065878819647716,3.880269970209589,0.0192667775528194,0.014381696954497293,0.02407703349754667,0.0195289146765775,0.005612846944047593,0.0401361407703048,0.0024720622019147,0.0013382841312353806,0.0036433320387229034
2026-09-11,495817671,9630806627,3215,1.963397275372271,1.4789628362893719,2.451991113691731,2.303423839366673,0.9345109581041107,4.020561559760546,3.687643048538889,3.48892553859045,3.8826170184398205,0.0305746375188475,0.023124824821640588,0.038338938326944204,0.3078110230909369,0.0881689866612151,0.6286709980068321,0.0039229396581955,0.0020766984354112675,0.005909240235035272
2026-09-11,495817671,9630806627,3327,1.6898664234507892,1.2738442577311015,2.0741836139353205,1.1065567684706927,0.4759585281228023,1.8424016837439334,3.687643048538889,3.501532122630652,3.877140185572785,0.0146879490920442,0.011198802057994874,0.01823487577793425,0.0265630592319985,0.00761571632816868,0.05183252794877778,0.0018845665122021,0.0009950912569496163,0.0028238518812155012
2026-09-11,495817671,9630806627,3412,1.6136713124487818,1.2315925769131026,1.9839309597905077,1.0719202601871933,0.4625728771347463,1.9319542083236496,3.687643048538889,3.4975164338303135,3.8771088890178884,0.0142281992763187,0.01103424582397256,0.01777484164455789,0.0179149095023608,0.0054070547312827875,0.03702058629832277,0.001825577397978,0.0009696488037565871,0.002746598225215774
2026-09-11,495817671,9630806627,3567,1.9424579985124337,1.459537229894055,2.4471360721056072,382.538134934662,154.61212512401832,660.3829746822574,3.687643048538889,3.5124259855800353,3.867929238971193,5.077643381505974,3.793107238994469,6.359716527797869,10.006677015836347,2.885163035855496,19.420360713668998,0.6514971299072605,0.3516439957395135,0.9668189266403735
2026-09-11,495817671,9630806627,3575,2.8103477705031006,2.1187943316007396,3.47775558539043,9.839235130844525,4.193437108806134,16.975298828045954,3.687643048538889,3.4961211523716518,3.8756701753934197,0.1306016905994144,0.0996614677025325,0.16358276062067664,0.4423642133500288,0.12117342134355921,0.8386030580299152,0.0167571095867939,0.008751737868286386,0.024399552864698578
2026-09-11,495817671,9630806627,3587,1.767939005371715,1.3457352337131725,2.1284070179039376,16.707727890914303,7.3472374180324165,28.778584058269605,3.687643048538889,3.505269901993221,3.8774032720363136,0.221771050250438,0.1745308363648372,0.27603695560128155,0.4140678211631257,0.12006782179829732,0.8016093509030078,0.0284547755482243,0.015579622125166727,0.04245029350540914
2026-09-11,495817671,9630806627,3830,0.9343877301763928,0.707770451667387,1.138543889457876,1.2657022849417485,0.5429548394463315,2.154527177090739,3.687643048538889,3.509204794252754,3.869635203488655,0.0168003768596539,0.013035817071396399,0.020969861785080264,0.0191525062346273,0.00580997942419207,0.03704352396881634,0.0021556057570507,0.001168317473728364,0.003162515762527339
2026-09-11,495817671,9630806627,3905,1.9613661310813075,1.4761709598296437,2.4226696975130784,1.3079749892120067,0.5454532953251021,2.323056463976596,3.687643048538889,3.5004423432659606,3.870527714750176,0.0173614861908658,0.013277524950873941,0.021790847885599,0.0577898610732738,0.015735665847731437,0.11419136722094593,0.0022276000054416,0.0011739965462648386,0.0033162152458127074
2026-09-11,495817671,9630806627,3989,2.8630580027907184,2.1631382169624436,3.476963758600509,63.853857315162905,26.62885234936146,109.40051320938923,3.687643048538889,3.507423820467382,3.872404208949335,0.8475680889575679,0.6661568653424433,1.0707606477366436,7.1598248337782,1.9190901278462975,14.146818673616888,0.1087489088674565,0.05930043593311042,0.15893417706011323
2026-09-11,495817671,9630806627,4002,1.5912979316670461,1.1810119909787122,2.0037857854095127,2.7179661426084722,1.1114139944299928,4.679765355729386,3.687643048538889,3.5031487458537036,3.870810551441525,0.036077090190055,0.02695477591235635,0.045733317895713,0.0914167356280124,0.024921949704648116,0.1808415865151664,0.0046289427886633,0.002427685589465905,0.006768992962515659
2026-09-11,495817671,9630806627,4054,2.2111477991157082,1.6710643269401204,2.786646391218118,17.990231786615308,8.280667809943036,31.008643044999687,3.687643048538889,3.5059563928095754,3.8729296160257447,0.2387944443203498,0.180854827533084,0.3015912938565786,0.4621961936369074,0.1388107002224025,0.964374024813748,0.0306389959718607,0.01685705466849279,0.046063876324507945
2026-09-11,495817671,9630806627,4256,2.333852195430233,1.7731809928618778,2.9371534926999403,1.7863756511244762,0.7518323040372277,3.1237370828305764,3.687643048538889,3.499794953475001,3.863749455991921,0.0237115667000491,0.017889779318948352,0.029633444887124803,0.0403673491324837,0.011234882583551582,0.08186188506065709,0.0030423597109935,0.0015893614687725896,0.004486530920156449
2026-09-11,495817671,9630806627,4563,2.486174435327774,1.8782174307680237,3.096242393234942,12.757880615099527,5.4692736142120255,21.75562919712389,3.687643048538889,3.5140159731793874,3.8767978367959692,0.1693425103313372,0.12935944087497503,0.21324910430550434,0.2368847109419135,0.06716817982159021,0.4771141620765568,0.0217278274906016,0.011790100150153332,0.0328676814382236
2026-09-11,495817671,9630806627,4579,2.0226430805906768,1.5439032425549695,2.495592321857754,2.1183757610437275,0.8629260825927346,3.771165454099836,3.687643048538889,3.5124122741700705,3.875851176509666,0.0281183905088144,0.021610567430102045,0.0349315577403899,0.0273532703988874,0.008279778308303447,0.05335955228859727,0.0036077860018343,0.001866736828660356,0.005286030475290785
2026-09-11,495817671,9630806627,4652,2.0190637351713554,1.5389844360642262,2.5265367611665956,2.1364149563168655,0.919351108543098,3.6385124950686043,3.687643048538889,3.5064070777449383,3.8745364079882845,0.0283578348729743,0.021617078802041296,0.03548850984470128,0.0328026550702123,0.01009306157428782,0.06633962180161536,0.0036385083870634,0.0018917336876424081,0.005409299613512942
2026-09-11,495817671,9630806627,4751,2.3916550473304503,1.8214528010454047,2.9190921852391645,4.2110286962542185,1.8711541840773707,7.037721909400034,3.687643048538889,3.5104300251667504,3.8783893776989076,0.0558953475122658,0.043681286956392035,0.07000371342542237,0.0960767945429852,0.026920952835532752,0.19343298944439732,0.0071717636988932,0.0037767415216071517,0.010878519712868228
2026-09-11,495817671,9630806627,4760,2.771835108833682,2.0866071491876546,3.4514167070582715,20.46011358460569,8.744823930215462,35.191726928414674,3.687643048538889,3.4970116123557444,3.8749873510813053,0.2715785717559321,0.2072582869445032,0.3428219415978831,0.7911013854447488,0.21184397541032388,1.5440928019990132,0.0348454286269364,0.01865221204995587,0.051413722847737875
2026-09-11,495817671,9630806627,4828,2.3620145419980516,1.8171757802720123,2.921781533818521,1.4991834039073024,0.643497087392234,2.535792965559876,3.687643048538889,3.50350989677989,3.8797686040717316,0.0198995028033315,0.015177325663654529,0.024403059172144297,0.0363113700734072,0.009761918830118755,0.06795943643539665,0.0025532452732249,0.0013507277334149233,0.0037432290752037888
2026-09-11,495817671,9630806627,4832,2.0849343411871915,1.6048350278958865,2.5742944679214723,1.8242952580067098,0.7818851139881376,3.1447575146588203,3.687643048538889,3.5016479114081105,3.8835628044517785,0.0242148949262605,0.01867310455265222,0.02995327800879131,0.0575060602587903,0.015803563809176573,0.11149468677212841,0.0031069402398215,0.0016383252771603758,0.004724299549177111
2026-09-11,495817671,9630806627,4887,1.2709670054358,0.972280429293011,1.5306941086384505,2.915830195861446,1.2867368306394624,5.023227515834518,3.687643048538889,3.5047103880879935,3.8661811263760653,0.0387034508288695,0.0306643086090282,0.048275885760514926,0.049133945890023,0.01351511535198153,0.09433078850513288,0.004965923212401,0.0027045825857058042,0.0073605408666263085
2026-09-11,495817671,9630806627,4927,2.4976265072260957,1.8875668035891804,3.1257739870756662,1.3329578236817026,0.5863962638413316,2.331892020945263,3.687643048538889,3.51045126991723,3.8763153258439504,0.0176930973755075,0.013341004885679918,0.022092360886494557,0.0230655925110094,0.006888361671752882,0.047303698099593484,0.0022701480378273,0.001201498901667422,0.0033854855928167242
2026-09-11,495817671,9630806627,4995,1.581690278541095,1.190642459976448,1.9293911496745517,2.558030931745964,1.08786436555142,4.427985974653681,3.687643048538889,3.494685576597502,3.8877725417548916,0.0339541803655365,0.026430658736851347,0.04282988466086325,0.0141160125858361,0.0040071020798979,0.028279203654762018,0.0043565586226616,0.002340087505951026,0.0064722301186708915
2026-09-11,495817671,9630806627,5194,2.809461487853926,2.117568715602373,3.4629803007312767,9.827098872757995,4.323869238035444,16.616297259074855,3.687643048538889,3.5030347706923712,3.8775329183999268,0.130440599233818,0.10049676431575426,0.1643478393740646,0.1472137112184842,0.04347876893477484,0.27813257242656597,0.0167364404388342,0.009042756945281609,0.024739607069400656
2026-09-11,495817671,9630806627,5210,1.9040201793058036,1.4581698585513816,2.3444120804180817,144.48843133667384,61.868635862669905,249.07221897621238,3.687643048538889,3.4965504991331398,3.877909431751018,1.91787604968104,1.4822428298501997,2.383116198894698,3.7066129672372345,1.0691269401969756,7.364280601608755,0.2460768998539804,0.13621386456193177,0.3674708612607991
2026-09-11,495817671,9630806627,5304,2.4786399956924927,1.862876982437416,2.9754168857729018,2.6849941624594305,1.166017370234326,4.548202145517718,3.687643048538889,3.509108223171731,3.8844549496310012,0.0356394345905485,0.028049656184925595,0.04480150584006304,0.1607382799751107,0.04358551418908581,0.3118055497091926,0.004572788516781,0.002437168694687267,0.006865975777990098
2026-09-11,495817671,9630806627,5345,2.2329587808800193,1.7146735317217645,2.769611963539946,1.3930903483236545,0.6231789381376878,2.3424843393026613,3.687643048538889,3.5059779491609255,3.8742258254348103,0.0184912701271303,0.014241616106887735,0.023003650327635593,0.0435876756255125,0.012066899701642684,0.08212622650802755,0.0023725591797256,0.0012754436084755644,0.003554863640984882
2026-09-11,495817671,9630806627,5493,1.7755487243025911,1.3421063973357388,2.2154678192957333,77.68879321990046,33.703764143251675,128.45921644569378,3.687643048538889,3.5185540958889883,3.86779659222688,1.031206958693388,0.7784617035705557,1.2850374599338215,0.8555172278145959,0.22464921445709618,1.7086038761772848,0.1323110591768026,0.06920744508666146,0.1959401165543763
2026-09-11,495817671,9630806627,5621,1.286726848156933,0.9691249172003094,1.6089212843367555,3.459761116332707,1.5140358680839932,6.0381585277896574,3.687643048538889,3.5129793988450815,3.872532410863426,0.0459233512416717,0.034799158949025494,0.05777285479761184,0.0451998229734554,0.01185473380868826,0.08969575691152153,0.0058922868901436,0.0031739843267794185,0.008760904460794413
2026-09-11,495817671,9630806627,5626,1.7626027690218495,1.32379098379058,2.206071406779823,20.921204800548082,9.329014860679187,35.08758291785991,3.687643048538889,3.5015666283021676,3.875771309542039,0.2776988942730592,0.21085948883309602,0.3513923771578927,0.2147645095653574,0.05815877557505503,0.4096734736981987,0.0356307087764913,0.019714455828677074,0.053254528633543505
2026-09-11,495817671,9630806627,5630,1.244065760307929,0.9458351410499599,1.5675941245395477,91.50862003271858,40.26530273906164,151.39549633581632,3.687643048538889,3.51084672523937,3.872943123757855,1.2146452769715126,0.9123968845080218,1.5121748582109444,0.9831140223611184,0.2736966541026628,2.005458226793871,0.155847477332614,0.08436938199082902,0.2306540315175794
2026-09-11,495817671,9630806627,5783,1.690120153579428,1.2837679647489915,2.09006858863682,2.2415272352868496,0.9696674897957025,3.760347992768254,3.687643048538889,3.5050056927953523,3.86768439490647,0.0297530491506779,0.022793147189485885,0.03710892597840383,0.0334092384274403,0.00914739337628851,0.06269567908250008,0.0038175241290591,0.0020251287696825804,0.005683444043542841
2026-09-11,495817671,9630806627,6004,1.4799849628381179,1.1277795021382495,1.8603225218055863,0.6396101479052113,0.26441164175479825,1.143153522949375,3.687643048538889,3.501151390287227,3.877051264995639,0.0084899045027489,0.006424652277205056,0.010597750095114763,0.0155998500786437,0.0045879228103087874,0.03176199017757986,0.0010893140776434,0.0005900089078491225,0.0016234761032650697
2026-09-11,495817671,9630806627,6119,2.774003285325315,2.1204027785254524,3.479816858766426,8.057993387929354,3.5837210330385636,13.630802790296574,3.687643048538889,3.5110692176633997,3.871398342950558,0.1069582691446614,0.08094012431727561,0.13283174918332338,0.1174489812051467,0.0316194907079891,0.23900523351935873,0.0137234933869908,0.0073049064752474776,0.020014771395456397
2026-09-11,495817671,9630806627,6133,1.90712315058623,1.4373556652811414,2.3938241941766014,0.8881377228856219,0.37243536850394815,1.5786220627435572,3.687643048538889,3.5107031519200826,3.8734444731794495,0.0117887505026034,0.008955797722685994,0.014915309957416932,0.0271044410776049,0.007701855297412996,0.05127334448128656,0.0015125790727274,0.0008081924961250983,0.0022801540420865547
2026-09-11,495817671,9630806627,6159,1.737139396072075,1.2951443097408817,2.207418238063837,37.69431002245806,16.07231967689575,67.40859649702297,3.687643048538889,3.4924654984326313,3.8713428003775037,0.5003377345337335,0.3716561057578221,0.6334434677127921,0.3926948357595293,0.11034039068802672,0.7642330234384046,0.0641968278473998,0.03395624443631526,0.09388505413522144
2026-09-11,495817671,9630806627,6256,2.289475391482445,1.7549148115586346,2.782186061339735,1.2339938447452858,0.5234209626343553,2.136896259897072,3.687643048538889,3.5150848839667588,3.879174909924334,0.0163794929351559,0.012806205201020037,0.020302549943885945,0.023854079144204,0.006960187501264197,0.04805998389663814,0.0021016034082774,0.0011069913755527977,0.0030927738734581513
2026-09-11,495817671,9630806627,6261,2.2284460357827425,1.6737152509732909,2.8031678250103274,1.360670180113454,0.6172101098756153,2.2976055217771973,3.687643048538889,3.5012616110946206,3.8704619710007546,0.018060939037217,0.013673625844574589,0.022900829753718252,0.0326904820329165,0.00884644126443671,0.0663288348534811,0.00231734469361,0.001281524557605073,0.003480607491393559
2026-09-11,495817671,9630806627,6360,1.7745272275993265,1.3424103129251703,2.17894356273449,399.86479028417597,172.77524453373513,673.5702130533209,3.687643048538889,3.5085185920393736,3.8698147682151363,5.30762980331493,4.1060073823355285,6.664697274848046,10.47575194718902,3.0161341000614237,21.23241118165622,0.6810059950378667,0.3567974802291125,1.0104280466826117
2026-09-11,495817671,9630806627,6463,2.701690422612194,2.013938049438881,3.309021802282879,1.0435801636524364,0.45501078117732374,1.8053351376334177,3.687643048538889,3.51416243879585,3.867264830608512,0.013852025267875,0.01069633280995876,0.017574689904358315,0.090449218541907,0.02658466669977167,0.18147052491290466,0.0017773116438805,0.0009563682192924563,0.0027004440768378228
2026-09-11,495817671,9630806627,6486,2.36469682710542,1.8158804601390228,2.946301104551901,1.7455310081430733,0.763178285726163,3.0506764272830744,3.687643048538889,3.500868912287525,3.872599016958366,0.023169412827887,0.0175124993075505,0.02841436822848471,0.1130375210877881,0.03184440496846323,0.22324668328599906,0.0029727975804649,0.001661347486050158,0.004293422908152746
2026-09-11,495817671,9630806627,6489,2.2462285590865365,1.6860523936875422,2.8221180356434425,15.234058601150648,6.5893455900252835,25.9586791655295,3.687643048538889,3.5143493269129307,3.86636074663921,0.2022102106050649,0.1517323542579618,0.253969704924699,0.214639651001218,0.06114000564197763,0.42828272077975993,0.0259449831248428,0.013934210728923391,0.038000488160098225
2026-09-11,495817671,9630806627,6504,1.950111905934161,1.4626171281482252,2.4175160863463887,3.0664071821919534,1.3433768814834337,5.051264914572244,3.687643048538889,3.5073943997877466,3.865161791910499,0.0407021436864556,0.031191767580279348,0.05155593206437136,0.0634163609276829,0.018229277472081758,0.1252471751255052,0.0052223694734808,0.0027817556824907192,0.007682668497778461
2026-09-11,495817671,9630806627,6510,1.7731306060860068,1.3401651458805575,2.1576742188403086,0.5646438972814638,0.23938130281552808,0.9910036710936345,3.687643048538889,3.4939592026369115,3.886764314056189,0.0074948353800822,0.005851939316514715,0.009421655519938288,0.0348427746489311,0.00973022888956385,0.06817325873860722,0.0009616397553706,0.000502109465330885,0.0014033705227596352
2026-09-11,500635396,9657930100,797,2.4859997461700982,1.8622131662212695,3.1486817132098808,673.418388385388,277.69354749291665,1136.0022175075974,3.1054659692133924,2.9140836498651903,3.293317264165816,23.861577255342645,17.753796091751838,30.01855249745534,58.92347842202359,16.762030954868017,118.30855588789062,3.0616071135553837,1.6172190727087794,4.463721975568262
2026-09-11,500635396,9657930100,844,2.5710460145507947,1.946340315105999,3.1260643875365153,2992.162180470382,1313.1988276910147,5120.45786329901,3.1054659692133924,2.926301403867178,3.2997397445135737,106.02280879349644,82.71453662883549,132.8498234764794,324.6012856521194,89.39289277608255,621.161181675306,13.60346728666532,7.06814475612212,19.88373668788031
2026-09-11,500635396,9657930100,998,2.5677055299073466,1.933634289675104,3.1538625847670665,0.2277096494568388,0.09812241917384386,0.39044419136247727,3.1054659692133924,2.933697074514155,3.282298653717025,0.0080685521601644,0.006221863709516141,0.010148197756805446,0.0189352421106631,0.005443440905408257,0.03717058330291665,0.0010352516275562,0.0005617492480770672,0.0015575424315991643
2026-09-11,500635396,9657930100,1934,2.280223903838822,1.7240852128953184,2.8052042459963067,410.3381459902562,172.26515767409904,696.1296799142638,3.1054659692133924,2.921229853767176,3.2834038221819597,14.539720833635943,11.178692325503764,18.1884702097117,30.49448232984652,8.910459344293317,57.86246430163508,1.8655477907858016,0.9741634986122178,2.666461870733371
2026-09-11,500635396,9657930100,2253,2.655573755690646,1.9999811754154213,3.235889634751482,5.341706240710219,2.374193503257326,8.911133213815884,3.1054659692133924,2.912884524660192,3.2918562212835103,0.1892754019438928,0.1472880913623332,0.23830624708890355,0.4332847060811659,0.1295360731625394,0.8488580191301098,0.0242853567813807,0.013260592740758156,0.03636626358299841
2026-09-11,500635396,9657930100,2533,2.8051975221031618,2.113397947941935,3.4802628341541872,12382.106941779295,5644.876539408809,20072.63060574061,3.1054659692133924,2.928781960950964,3.2941737957699737,438.7415111778851,336.22333690872466,553.6797196941754,1154.0834267285366,341.9502341623919,2258.4472260469383,56.29360193838381,30.225283241525656,85.50530364950687
2026-09-11,500635396,9657930100,2818,2.343325595737547,1.7609877928729338,2.9095025749557313,1197.739319982839,550.7687546879082,1963.9152016869828,3.1054659692133924,2.9261262275556623,3.293311441058174,42.44010827214919,32.34735247440589,53.44426920037223,78.2124866000231,23.222293014031816,165.7418062171416,5.445362475231178,2.928852633677061,8.061332321690266
2026-09-11,500635396,9657930100,2832,2.4581075281604132,1.8788916402443698,3.0500316098374167,13450.51283302818,5835.003367500543,23078.94283003203,3.1054659692133924,2.911431576122136,3.2829911415361175,476.5988820988418,364.59393963639695,591.8487795331562,1101.737608171642,304.0732520677079,2190.3564751877066,61.15096718594532,33.43135963301464,92.25553551006601
2026-09-11,500635396,9657930100,2874,2.689527460963511,2.043684331485728,3.386355686116046,7756.933541528013,3317.5767089732476,12838.763181907358,3.1054659692133924,2.921355906576143,3.2934244322751387,274.85538286163245,207.36949491685604,343.6077488933639,770.8107193436422,221.54520402513612,1458.3585866643307,35.26586639111416,19.339495165636382,51.46136722176517
2026-09-11,500635396,9657930100,2992,2.7725737686849703,2.077995424403374,3.507616515881276,0.763820242592244,0.3325576667019242,1.3042561772199281,3.1054659692133924,2.9149986081064623,3.2984229275641024,0.0270648322679584,0.020271751928037127,0.03421832715870623,0.13808270680734,0.03839939890941823,0.2558271720057614,0.0034726071169587,0.0018710791908066156,0.005001700000738326
2026-09-11,500635396,9657930100,3366,2.432409998579158,1.8145546648526498,3.0030871071751477,42.416744089722265,18.67445692705394,72.59445906802812,3.1054659692133924,2.925489299202927,3.299192736920942,1.5029741294171168,1.152922257846051,1.9080747892172998,4.369706578409057,1.2180129945430085,9.041622769090939,0.1928420840279058,0.10160398725755795,0.2887813103302313
2026-09-11,500635396,9657930100,3408,2.2947364897647295,1.7220202100160495,2.8959696365083487,1134.4329236126655,490.82511434107204,1981.7574350241835,3.1054659692133924,2.915514111194438,3.289652733853927,40.19694043800958,30.003283012911485,50.45736170549855,76.97181092188605,20.471814299508587,145.44895010216646,5.157548366196841,2.713361245490928,7.64422228974257
2026-09-11,500635396,9657930100,3567,2.5269359334280583,1.900078379980739,3.181822898511886,3086.6656858262904,1381.7079226540195,5257.618294361625,3.1054659692133924,2.9206383601029255,3.2903614399386316,109.3713997034616,81.89852309891815,137.14520954300946,212.4529226521749,63.0893109052096,423.72621777190125,14.033114901348494,7.5119626807152375,21.292408795324988
2026-09-11,500635396,9657930100,3587,2.04999186258595,1.5591613445843395,2.4961273903303955,0.6890279789545194,0.30001566505729826,1.1179165200779666,3.1054659692133924,2.9262287359797035,3.291302033068902,0.024414679840175,0.01907150343680402,0.030532377081268578,0.0507845565340896,0.015149764842334039,0.10289970449026703,0.0031325740404323,0.0016985108400350577,0.004576634237915225
2026-09-11,500635396,9657930100,4196,2.260531583784391,1.725003473409648,2.7839921604642766,58.44649508512524,24.782943260878312,100.08875082922783,3.1054659692133924,2.9249692266012994,3.283038418306792,2.0709644729505,1.5919879036035776,2.5693176341412514,3.343003545246268,0.9547249014006625,6.8045031722836224,0.2657192143862192,0.14118137923355253,0.3940878682897071
2026-09-11,500635396,9657930100,4536,2.3815934838499455,1.8211967373035345,2.950135441975243,4059.8447661978403,1761.424666815081,6936.53168840759,3.1054659692133924,2.9182329696341895,3.285529188671408,143.8545504609661,109.8876497545645,178.00594793506826,321.91100083554136,93.08410545116236,656.4242716579341,18.45754412189972,9.982224555132818,26.82544343931065
2026-09-11,500635396,9657930100,4721,2.8840358519774867,2.1833385887299435,3.5209856372118336,5069.455011949625,2180.456049743587,8409.679181587304,3.1054659692133924,2.9216362454198608,3.2929898145885375,179.62858528432886,139.44888693161712,224.8816295677269,423.0998729980328,122.786821802095,833.1788975752822,23.047602789176725,11.974168242174411,33.24550380227016
2026-09-11,500635396,9657930100,5166,2.6729298867026245,2.0466856808082725,3.3058465630673863,0.2916606410505054,0.13396031979840664,0.4868625031820692,3.1054659692133924,2.927958891729522,3.2901130669072027,0.0103345602656555,0.007934738462934304,0.01281634731422176,0.0219565308465554,0.0065906966937867,0.04306540949559829,0.0013259963030194,0.0007360349002554675,0.0019044500575086823
2026-09-11,500635396,9657930100,5331,2.3134535747320277,1.7483880306850925,2.813341799802139,361.33762277006196,157.51752361381978,624.4588429974087,3.1054659692133924,2.9244660589682887,3.284817305920158,12.80346030001098,9.959787910936098,16.026355222771123,23.78114692010584,6.8060264692872,46.07724450307848,1.642773430824268,0.8796140150844989,2.448113326921269
2026-09-11,500635396,9657930100,5337,2.755538224752341,2.0660016298501094,3.4892749022799694,53.01921735832825,23.53094178736474,87.56331235034595,3.1054659692133924,2.9306322004156535,3.293127623147026,1.878656972891482,1.388085989416571,2.3443416186603363,5.111076682152151,1.4830230962307018,9.783750769419637,0.2410448182274777,0.13002033766828322,0.3519140953385178
2026-09-11,500635396,9657930100,5553,1.8990298752012895,1.4386163501151243,2.37165557285725,7596.583763197397,3322.4060045978317,12949.487606472678,3.1054659692133924,2.9289698631143786,3.2865299109760926,269.1736273742498,202.7603468877175,334.2644493539003,525.2045196958765,145.75061480615474,1015.7400638868402,34.53685745631048,18.53935911378959,50.8784723489895
2026-09-11,500635396,9657930100,5573,1.5420633293399164,1.1641902206769628,1.8716615089542663,1388.5278747894085,594.0875871749237,2406.415688112585,3.1054659692133924,2.9160070458852347,3.2820132753395495,49.20041645272532,38.64389017333,62.12754626268869,49.01463333098071,14.74072595248649,101.3308533142774,6.312757257813891,3.394760412901015,9.459230406344714
2026-09-11,500635396,9657930100,5867,2.087444931822187,1.5953842376718481,2.5948397310520983,2369.153693741169,1073.2300173012059,4050.2226703630668,3.1054659692133924,2.9166998894625165,3.2896936011166975,83.94743129680171,64.23107073080116,104.46969892666807,77.5886164571361,21.801274829838945,145.9529306376356,10.771042084631857,5.70361381668365,15.82395073793504
2026-09-11,500635396,9657930100,5874,1.5771830824315556,1.1875124280930476,1.9650117517187513,2.3746383643599365,1.0193906870894995,4.110502456399189,3.1054659692133924,2.923685038548606,3.2908914637820605,0.0841417724284771,0.06416006344199932,0.10616754458478027,0.2219131538868414,0.06572349550419893,0.4654494945175693,0.0107959774099385,0.005738171562319922,0.01608011379957029
2026-09-11,500635396,9657930100,6001,2.6490160674544927,2.007338955364212,3.25046117356304,13.86365556501408,6.169548817527076,23.288385550735885,3.1054659692133924,2.91150199081472,3.3153221164437987,0.4912379792586347,0.37886149048207607,0.6134861089002143,1.6299223902354505,0.4703239878775706,3.258379839867416,0.0630292656538479,0.03428505770183509,0.09514369484222181
2026-09-11,500635396,9657930100,6023,2.5209962898689398,1.89926156332093,3.147858309262029,27.43134434412044,12.126175764940752,46.91908169040447,3.1054659692133924,2.914315660259445,3.2969340228178052,0.9719888164243944,0.7362622928131599,1.2202849735761179,1.845671549049688,0.5319766165093343,3.70895924245328,0.1247129576899576,0.06842765020404155,0.19000643857211086
2026-09-11,500635396,9657930100,6133,2.2246477046991653,1.6774595575844258,2.717494797815778,0.18786062590038932,0.08037617999208488,0.3133974685664266,3.1054659692133924,2.9131017672191923,3.303545603211282,0.0066565613821549,0.005194785376964833,0.008415581103458497,0.0133937734848711,0.0035910910269718608,0.02649344697687463,0.0008540833433322,0.00046045320311588424,0.001294688240024783
2026-09-11,500635396,9657930100,6434,2.2527204336884763,1.710782652880086,2.7461460474208024,8.004098659898714,3.3756838060759753,13.534260506479573,3.1054659692133924,2.9180276245016024,3.29680373228729,0.2836133105757376,0.22095785570525978,0.35468125718370047,0.468316029953566,0.1367220202228255,0.9342108727227298,0.0363895697197993,0.019412434151461846,0.05407474453924178
2026-09-11,500635396,9657930100,6452,2.06205459701049,1.552015909751729,2.609290408387629,0.5446848782345048,0.23842810655224198,0.9355645817160418,3.1054659692133924,2.929615847700505,3.286275466594482,0.0193000971253127,0.014382154646325229,0.02417966074626588,0.0328415793375711,0.00844072168907326,0.061811300859026606,0.0024763373359125,0.0012998991563974655,0.003700403590687477
2026-09-11,500635396,9657930100,6660,2.0653079612406127,1.5552477624634695,2.538898317639592,423.1323192688188,184.75979534049583,714.4402660250628,3.1054659692133924,2.93806989924785,3.3040885195216276,14.993063301513356,11.550012131262747,18.85507060452604,29.334441784993647,8.023406781193088,58.588137719567484,1.9237147975044997,0.9988161867136522,2.7898704193387585
2026-09-11,525368335,9811363528,33,2.2836969603477524,1.7086346229652527,2.8445592541068683,8.925529149824431,3.7469401169842076,15.301215322486726,3.963471067758064,3.785035340092909,4.1485861691379595,0.0254148256129228,0.01929106264165485,0.032116035822592905,0.048999280093801,0.01375834863477592,0.09772034264828311,0.0032608997323876,0.0017737555001689817,0.0048462711264461895
2026-09-11,525368335,9811363528,181,2.5668968849106855,1.941808400527114,3.131652170056041,7.161046850521632,3.034449104860977,12.064639143141369,3.963471067758064,3.790108781149925,4.138083528236037,0.0203905845644521,0.01586985449310692,0.025594113223515902,0.0296995500246219,0.008951228659241276,0.059555964033796,0.0026162544949999,0.0014267035952297462,0.003873837558552151
2026-09-11,525368335,9811363528,206,2.8115841330411984,2.088497806023793,3.45306181712732,4.84329346989474,2.0317008850148643,8.240668501780355,3.963471067758064,3.781249302075184,4.150247545917341,0.0137909424599217,0.010617071718718521,0.017553959049354924,0.0198842493457509,0.005776283021285303,0.04029509663477669,0.0017694742927555,0.0009433782489850378,0.002609535606723222
2026-09-11,525368335,9811363528,469,2.8520660882492312,2.1671165625590927,3.5853927335382547,4.8548188962842405,2.0140681291148796,8.477361314326794,3.963471067758064,3.772576455153433,4.159638649881492,0.013823760312722,0.010394195333816074,0.017196708781014255,0.0544666021672122,0.014435086325082636,0.10456120115757554,0.0017736850526106,0.0009538563401612212,0.0026095316736829085
2026-09-11,525368335,9811363528,709,1.056913965835283,0.8016053346802756,1.2833964089589789,143.3690412257914,61.052291388959475,249.1080524216389,3.963471067758064,3.786956466880724,4.159156525432436,0.4082334077769609,0.31738208710157845,0.5081400014310035,0.0480726599954702,0.01353236773510292,0.09526663892342477,0.0523791990724777,0.02849477505077654,0.07900192957197677
2026-09-11,525368335,9811363528,829,2.8629297247152588,2.174531960957759,3.5336001502886547,4.374068502316128,1.841626862565119,7.401103420145872,3.963471067758064,3.7822466695480355,4.1472977013358125,0.0124548568873958,0.00956893730536659,0.01554946161302794,0.0373738516274713,0.011067959105747985,0.07581249196702826,0.0015980451768429,0.0008487297068054033,0.002407576258345392
2026-09-11,525368335,9811363528,926,2.3888068673841545,1.839066129212819,2.9315130225686787,62.64703934675921,26.373276946334517,107.54347995469975,3.963471067758064,3.783750857239093,4.149382990395424,0.1783831023839205,0.13893085030551314,0.22145912131134465,0.0368783730583239,0.01033850133113744,0.07177464692227467,0.0228877986292548,0.0123180356768626,0.03385829560997258
2026-09-11,525368335,9811363528,937,2.160962579824974,1.6214747233851077,2.6250439642659114,14.736779915370196,6.297053572068703,26.367414087481475,3.963471067758064,3.7750391965134047,4.158464634317579,0.041961959381705,0.032778455784410604,0.05306582237412845,0.0348764033012333,0.009335735586977425,0.06722158295526744,0.0053840126311426,0.0028811627941932906,0.008038805789200212
2026-09-11,525368335,9811363528,1308,1.430999828917901,1.0976727714690266,1.7356813585831603,3.4815978111982444,1.53333795916818,5.913930741152799,3.963471067758064,3.778592121796894,4.154195990111483,0.0099136084528588,0.007768617087145372,0.012284024949397471,0.0127500254969014,0.003459337252588167,0.023290831365656864,0.001271985243703,0.0006789599880957195,0.0018415884975313517
2026-09-11,525368335,9811363528,1318,1.400859773327398,1.0659746791518314,1.7672581122448374,18.976492461724906,7.95924925034071,32.261341500711,3.963471067758064,3.7775414015454722,4.150482703884023,0.0540342469969043,0.04039686064447107,0.0669731477486597,0.0538286971577605,0.014665407954587826,0.10923818955689883,0.0069329714968565,0.0037827524595909832,0.010263153297457282
2026-09-11,525368335,9811363528,1353,1.5071057978530078,1.153859098508873,1.882434928616613,8.399773005919128,3.521818269540814,14.254132973525317,3.963471067758064,3.778282052964401,4.160563973987259,0.0239177714340634,0.018080511770745863,0.029496889554324446,0.1187615841030073,0.03593816319060863,0.24520209449591268,0.0030688172193866,0.001672301595418015,0.004495863800384364
2026-09-11,525368335,9811363528,1575,1.362525225814167,1.0304554398637353,1.6635077393358413,2.7332496185434265,1.1447850183293031,4.777048052739742,3.963471067758064,3.7768095791177942,4.160139090439287,0.0077827388433587,0.006012478465498784,0.009706165929013279,0.0030842921155432,0.0008555517289285435,0.006158678646582556,0.0009985797816628,0.0005179621592523256,0.0014766544061023395
2026-09-11,525368335,9811363528,1672,1.0569139658352833,0.8053428214738371,1.334331127582078,69.65459643999361,29.318443637204133,116.87542443321814,3.963471067758064,3.7766337699162613,4.147819264807633,0.198336635503092,0.14831588271569837,0.24573656431443672,0.0302362598634977,0.008264277098159134,0.06210330447596597,0.0254479763695817,0.013331773977087086,0.039242081883916057
2026-09-11,525368335,9811363528,1719,1.2416041073688846,0.940350803190331,1.5742828956291703,4.416369885084659,1.9068511200246114,7.5269860185191995,3.963471067758064,3.7816460551681446,4.15199195697745,0.0125753071428598,0.009376449543771008,0.015697527938998493,0.0185268864892136,0.005470441630338723,0.03741043210739533,0.0016134997863606,0.0008863622210299054,0.0023551477477642023
2026-09-11,525368335,9811363528,1916,1.8630878275076344,1.3958703408125808,2.3584415201806577,86.93862209115461,37.92251532171504,151.64682476239105,3.963471067758064,3.7874046283674763,4.134453813360764,0.247551700564213,0.18559350495824528,0.31357594109425196,0.353006163176698,0.09902735843447195,0.6915577048546241,0.0317626131462215,0.017177768411923904,0.04639533776636673
2026-09-11,525368335,9811363528,1952,1.2535773462635227,0.9600297540834051,1.5140765060497368,2088.3804263400643,895.3398172063237,3575.397190599075,3.963471067758064,3.7738469077695833,4.137892034885767,5.946518515366468,4.676794209023627,7.37583932324666,6.523082002054185,1.86886217625599,13.504309159781746,0.7629798815356367,0.4144434225394145,1.1037892891648688
2026-09-11,525368335,9811363528,2078,1.544566095376548,1.1559272083499503,1.8870187216632972,9.206979218292785,3.672817511486095,16.176293408819458,3.963471067758064,3.7839554693026365,4.140850743277553,0.0262162351751793,0.020368351803169295,0.0332507625950515,0.0272867005503436,0.007570763717966448,0.05356656058103099,0.00336372617971,0.001781202380152266,0.005060862593769412
2026-09-11,525368335,9811363528,2206,1.2724157188893253,0.9718238374759437,1.6051625983003068,2.795799861707112,1.1897073431057341,4.891472979682884,3.963471067758064,3.7727683888879704,4.152080749474133,0.0079608463253204,0.005984882837970628,0.009885238163812433,0.0115545214352505,0.0031639293414212582,0.022797959236755417,0.0010214322162657,0.0005489799671206928,0.0015180369415196302
2026-09-11,525368335,9811363528,2354,1.509185211676235,1.1392097013569562,1.9148268083590414,4.450731092788644,1.9372784414824578,7.731792716621955,3.963471067758064,3.782719946300759,4.1530554151362145,0.0126731483001724,0.009445945372014954,0.015877102702939343,0.0188219976104702,0.005328964999202894,0.03755806522286181,0.0016260534905865,0.0008730302248721943,0.0024140859818035025
2026-09-11,525368335,9811363528,2557,1.3086197267241098,0.9927771348296329,1.5986390878077297,10.709901907200953,4.791559909472799,18.16998598709915,3.963471067758064,3.7726309877357087,4.152148968838495,0.0304957033621223,0.023703377902033338,0.03816871355507763,0.033432352614878,0.010288015832447671,0.06711627834694638,0.0039128118542727,0.002095045300075819,0.005831415662687622
2026-09-11,525368335,9811363528,2624,1.4871515873058174,1.1296229729080236,1.8120042202818103,3.2769044480308622,1.4398713236914327,5.48011025286809,3.963471067758064,3.771297153534058,4.159187422550298,0.0093307582888297,0.007292828684205205,0.011698272532303438,0.0122057721772314,0.0035489267528924814,0.025169509245567368,0.0011972014945303,0.0006452009722389512,0.001751713802027058
2026-09-11,525368335,9811363528,2633,1.5499196511690563,1.1700051333094037,1.9585764208263896,62.92841095888048,26.44047410121722,106.89734511792552,3.963471067758064,3.781131246755949,4.149578290929182,0.1791842885471666,0.13410675521958482,0.22449331303673523,0.3018741819589643,0.08218643183779241,0.6035117464294251,0.022990596412923,0.012326124311804557,0.034423836777132656
2026-09-11,525368335,9811363528,2742,1.056913965835283,0.802949553882671,1.3011494340013707,231.52796021396287,95.90256908786684,410.27597059536805,3.963471067758064,3.7723521194103427,4.145142683110713,0.6592598191749046,0.5040699037514651,0.8168262491538492,0.444154022770053,0.1320753034523703,0.8465190711673954,0.0845876419009645,0.044840481128630344,0.12521369273788516
2026-09-11,525368335,9811363528,2806,1.5131451368375035,1.1560908939847683,1.8859860140860694,3.327843662611646,1.388356644314913,5.831147246033555,3.963471067758064,3.7973042220081674,4.1399767799516205,0.0094758041716786,0.0071884863871697685,0.01172687376101177,0.0129421909283245,0.004077154686641958,0.026660205053943013,0.0012158118949229,0.0006455320801744313,0.0018427671634751422
2026-09-11,525368335,9811363528,2807,1.3335154769443414,1.006501721264351,1.631139973910671,10.6783020972718,4.6576061541071585,18.38681622745573,3.963471067758064,3.7774901655213857,4.1452992377253475,0.0304057250935771,0.02351382272189488,0.038106558519314326,0.0487720377898885,0.013899370407809357,0.0948482444259934,0.0039012670136238,0.0020718033181507034,0.0057653336394833206
2026-09-11,525368335,9811363528,2843,1.18317872948996,0.9109070129774164,1.4365130453333048,387.3701619360902,162.71709380903957,664.4809280787011,3.963471067758064,3.785474157099613,4.154675282214544,1.1030096869325727,0.8616115832814686,1.3587734661834237,1.126133011467948,0.3477712032289569,2.30803836959825,0.141523850988398,0.07515311320237612,0.2037584587484516
2026-09-11,525368335,9811363528,2914,1.2496594854063379,0.9454386282435914,1.5797054715626115,411.13590292765434,170.41615595121758,687.1840250350841,3.963471067758064,3.7892515773653086,4.1480726311613765,1.1706809871685229,0.880435091132977,1.4710931103621596,0.7144628368244005,0.193517823299486,1.3851699771713981,0.1502065517155487,0.07966127647390175,0.222224656625561
2026-09-11,525368335,9811363528,2919,1.3215239272681847,1.009544800399713,1.6306639606982603,7.617399344541766,3.303092482465057,12.955696530716292,3.963471067758064,3.7721502710746626,4.154094028650888,0.0216900166607298,0.016758453825745544,0.02706903812726666,0.0218845333105999,0.006054041616310842,0.045110241506675045,0.0027829807137647,0.0015406290640514618,0.004106994342891349
2026-09-11,525368335,9811363528,2961,1.1889317737316423,0.9019287682187632,1.4445389858851625,293.9338628308926,126.80481342881126,507.7230757650793,3.963471067758064,3.7774906810751077,4.152679464043199,0.8369563014341677,0.6507566412677719,1.0422589585333792,1.0826467029227618,0.2934440700579099,2.1757557090502977,0.1073873423699231,0.057674209090120644,0.16326282315593313
2026-09-11,525368335,9811363528,2978,1.056913965835283,0.794345773704939,1.324374515918435,283.77495175891266,120.25364540413476,492.27258617775266,3.963471067758064,3.7806368181088037,4.146905337391968,0.8080295062853736,0.6146255797577675,1.0247356775956618,1.1041607791719263,0.2923616371706643,2.08951835322857,0.1036758324034108,0.055942923428393486,0.15342516545876894
2026-09-11,525368335,9811363528,3073,1.5848512656527203,1.198324112018196,1.9984391553589942,2.721476429798013,1.1495169169710602,4.797229336267966,3.963471067758064,3.7728771689329097,4.167854354224081,0.0077492155044227,0.005807481813405793,0.009685120498434308,0.0198276032463445,0.005708104202378333,0.04128314697633089,0.0009942785030064,0.000532497480518851,0.0014482975925204755
2026-09-11,525368335,9811363528,3078,1.616607851336789,1.2381355807274617,2.014302550154207,2.2699789509547204,0.9472819375058237,4.0311167584101755,3.963471067758064,3.775925524519186,4.158839176001547,0.006463607727353,0.004903065216939706,0.007976716705169948,0.0113588917988402,0.0031986252878944362,0.0220277681305008,0.0008293260410044,0.00043722422000498683,0.0012132133785147557
2026-09-11,525368335,9811363528,3202,1.657416052473763,1.2564807571017385,2.0376393802340753,2.1611166650817895,0.8881329370719347,3.7317190410210497,3.963471067758064,3.7783727991369678,4.141174409294327,0.0061536299137307,0.004725744486679104,0.0076637453163232155,0.022860270099839,0.006507224991847161,0.04404724374891244,0.0007895537213009,0.00041731447028494245,0.0012093701195673564
2026-09-11,525368335,9811363528,3313,1.3591788352569447,1.0350346071118828,1.6533230189382777,2.955841296505021,1.2288231267255636,5.1797400777064055,3.963471067758064,3.783590365547642,4.145331734757793,0.0084165532182065,0.006582420926091576,0.010514496731606083,0.0194772829847683,0.0051719392915063386,0.03457562665579892,0.0010799025952364,0.0005899188697357014,0.0015919660492848635
2026-09-11,525368335,9811363528,3575,2.251771825508887,1.7078906457497234,2.7342344237513556,8.289055764597515,3.4576752793406516,14.233439493390192,3.963471067758064,3.7749140423608694,4.147478611454787,0.0236025117633706,0.018454072781627827,0.02954390621174109,0.0633450649263825,0.017796207557354657,0.12387478564557236,0.0030283672005097,0.0016534517654132911,0.004604110053341339
2026-09-11,525368335,9811363528,3597,1.3799788930215862,1.0413870968947736,1.7188937325435965,3.6087096634715516,1.5242432242554107,6.088872755529414,3.963471067758064,3.786850869701655,4.147527964211379,0.0102755506419026,0.007779031013306592,0.012839920615404038,0.0132401959193435,0.0037101825872690943,0.02446335973012205,0.0013184249559154,0.0006846205385754462,0.001973585883729444
2026-09-11,525368335,9811363528,4091,1.1960379832777774,0.9047172285484232,1.4579754559120386,4.16184145543633,1.747709578781329,7.17948245684314,3.963471067758064,3.7696911366240067,4.157921680526608,0.011850555081166,0.009221966721627204,0.014861441850333128,0.0572813623334266,0.015910280257673503,0.10473184468601834,0.0015205090320655,0.0008255037220683251,0.0022192225012778225
2026-09-11,525368335,9811363528,4212,1.6819470020800014,1.2664966621536666,2.0327584502473037,2.4579897227184175,1.0659015767580606,4.227150509523833,3.963471067758064,3.7776728948018437,4.149530988093793,0.0069989553686544,0.0055312633314928035,0.008877811390937492,0.0169489567347124,0.00474366572581389,0.031508362148757456,0.0008980148845496,0.0004921275328260757,0.001328563214608195
2026-09-11,525368335,9811363528,4437,1.7929692067459368,1.367059181609184,2.189900007231052,8.020054363611923,3.307286302281393,13.744026514602428,3.963471067758064,3.782229933708218,4.145004026431202,0.0228365489189363,0.017605591442486832,0.028202498725641015,0.0550954944251798,0.015842676424789082,0.10673745981507449,0.002930088814796,0.00153771805200952,0.004352874849922883
2026-09-11,525368335,9811363528,4606,2.42141951609957,1.8287662176842123,2.9773657954529824,6.701804192724119,2.7526222518317836,11.556567421006076,3.963471067758064,3.7824527061126103,4.1542888126714095,0.0190829229271397,0.014701715616800325,0.023935478152444314,0.0336449251548154,0.008793544445967116,0.06816356189885973,0.00244847236861,0.0013473790297550523,0.003563549700680688
2026-09-11,525368335,9811363528,4662,1.7029229093802616,1.2841868126325322,2.0696327282180924,4.068377453185167,1.7609996210011747,7.149094756683542,3.963471067758064,3.7784333168936186,4.137919697529497,0.0115844228128796,0.009049124320548038,0.014583783231307297,0.0322755165923174,0.009445487698078013,0.06782460454347879,0.001486362402234,0.0007804043880149343,0.0021637908173100418
2026-09-11,525368335,9811363528,4718,2.5494508145037265,1.9336511898473725,3.1903967035637413,113.105377092655,47.64098136220026,192.9084989279718,3.963471067758064,3.779957760200854,4.150471703695284,0.3220597217757385,0.2426329259423999,0.4003282966271487,0.5629267970884629,0.15237283274599966,1.0737753685228206,0.0413225129515483,0.021912947183843682,0.0610092378399177
2026-09-11,525368335,9811363528,4760,1.7310188808445601,1.3104233002658272,2.1013141464405427,3.4245274309794387,1.4259698373772753,6.00460832403823,3.963471067758064,3.772050937849003,4.161118996543737,0.0097511045008155,0.007583193027357204,0.012159945092619496,0.0264137827404698,0.007327997187957609,0.051402558733190204,0.0012511348510306,0.0006801596416201798,0.001856561974671574
2026-09-11,525368335,9811363528,4938,1.4331690405704542,1.0919325770064279,1.7491823832973492,2.859072351737405,1.216930705860935,5.015283654780141,3.963471067758064,3.777668971498526,4.153728090877569,0.0081410103551748,0.0063674359678972635,0.01020005294514266,0.0198475042553244,0.005559108763367393,0.03959363930688178,0.0010445485203351,0.0005677524848593982,0.0015479083968907457
2026-09-11,525368335,9811363528,4969,2.1473568285632627,1.6112666843085937,2.619983982905875,484.09644845799795,204.61731807458614,827.2435712463881,3.963471067758064,3.7742387807442523,4.149045086458473,1.3784310835663225,1.0685255439568346,1.737468218978693,1.6791978152622244,0.4697762323004812,3.4358592392866463,0.1768623409019449,0.09300825834963881,0.2673648060961858
2026-09-11,525368335,9811363528,5045,2.407377434389169,1.8161644257741192,2.991589131260535,449.63230747918846,184.5375761564686,778.8784401753643,3.963471067758064,3.7755677161504924,4.136130140442939,1.280296830888109,0.9703561930469591,1.598372371671856,2.015290079232041,0.5935655016847394,4.240614910980819,0.1642710304924124,0.08917984752437266,0.23844736572888622
2026-09-11,525368335,9811363528,5070,2.0515787496460813,1.531523666525915,2.5914302242754426,229.71186487626596,95.03792384636816,396.903102736302,3.963471067758064,3.7806801687874643,4.147330596439596,0.6540886135769802,0.4906444198861619,0.8302006890910452,1.2730177238183653,0.37262209546174174,2.7018023688304402,0.0839241400848506,0.04474429439788912,0.12386606654332039
2026-09-11,525368335,9811363528,5260,1.3394325394330846,1.0119737294443418,1.6473238237443748,25.751843515579253,11.153626164414387,43.772082793166724,3.963471067758064,3.7716403930741573,4.1494567399998346,0.0733265895134741,0.05647075756471254,0.09192493992143719,0.1923571136235442,0.05435986040412696,0.38343896092177054,0.0094083138622759,0.0050127426283405,0.013735012760992081
2026-09-11,525368335,9811363528,5460,2.655171114907595,2.009430872118897,3.3247713911635115,388.1186710136262,156.10651689032278,703.99812287152,3.963471067758064,3.78934820517146,4.159957629467328,1.1051410146506209,0.8361095440704368,1.3834131497506283,2.42000459500805,0.6690816463982204,4.306516837686121,0.1417973152289663,0.07570864192118455,0.20762663670978893
2026-09-11,525368335,9811363528,5484,2.8078218309581144,2.1058789110353353,3.523243001978631,113.62456556087054,46.00780494169887,198.49504127376602,3.963471067758064,3.7785109621546944,4.151269075528889,0.3235380749532863,0.2406913583119933,0.40268893874460393,0.4189877028305147,0.12385909339893425,0.8377179263929615,0.041512195995393,0.021774188362330974,0.06349912196275997
2026-09-11,525368335,9811363528,5596,1.4838764163053404,1.1190092319973126,1.8196065163096102,78.74290084280848,34.498837818089015,136.01820854042052,3.963471067758064,3.783939200206621,4.154864442150106,0.2242149523667193,0.1735627051705535,0.2822275934122317,0.3869784291717292,0.10324787366639111,0.7419713562363228,0.0287683452684474,0.015303642183204713,0.04222458671038086
2026-09-11,525368335,9811363528,5771,1.757940205601419,1.3414407665398347,2.139526949408825,10.47912616330467,4.228495209901824,17.73911006007765,3.963471067758064,3.771125487232618,4.1513834702388595,0.0298385854267748,0.023354268445230728,0.03724882080020619,0.0386060037115677,0.010818058982860711,0.07609160954744598,0.0038284990310349,0.0020828728689557697,0.005589271753577079
2026-09-11,525368335,9811363528,5891,1.4729657478203888,1.1059144431128471,1.8579536863868782,8.503166796177744,3.4820003001513373,14.264628509513123,3.963471067758064,3.791308301598192,4.135851438877257,0.0242121780854532,0.018127103308251197,0.03045381912210406,0.0371436059147311,0.0100564060098607,0.07289615002241945,0.0031065916501599,0.00168811928854991,0.0045960820950344435
2026-09-11,525368335,9811363528,6246,2.8041566098184028,2.1167198644513716,3.5118642853981585,2.1155619594596793,0.9073567582495871,3.6859226461560013,3.963471067758064,3.7761560827260814,4.166374452600489,0.0060239160469336,0.004548679055664021,0.007546744276180097,0.0113859894747239,0.0032622697155395763,0.021804698738742075,0.0007729105257123,0.0004080603889702413,0.0011611055019128717
2026-09-11,525368335,9811363528,6272,2.888944265225345,2.2219361523367875,3.4581988050968877,4.668206413249846,2.0128974015762804,8.044774918545622,3.963471067758064,3.77049361689229,4.146591699083684,0.0132923942016599,0.010546493019830662,0.016414454262471827,0.0231640786786245,0.006442045919809326,0.04825229566446216,0.0017055070672192,0.0009090230101494713,0.0024601850395875743
2026-09-11,525368335,9811363528,6343,2.6577517925709055,2.011801797775964,3.315362316373612,1.6818106341325596,0.709780272898171,2.9497141468388928,3.963471067758064,3.778245293999713,4.146835063308229,0.0047888392119899,0.003642201034104889,0.006002189713955636,0.0129643328526723,0.003989780667979131,0.024515544630975824,0.0006144415367101,0.0003300287048465305,0.0008959476616405102
2026-09-11,525368335,9811363528,6490,1.448494351572534,1.100820835263739,1.8224115701571422,12.741595396946673,5.527089588775506,21.845126009524094,3.963471067758064,3.788193252275155,4.161816325358658,0.0362808097545891,0.027210419481703253,0.04504690820557074,0.0327203316824351,0.009999150589518896,0.06517332361409846,0.004655081432445,0.002478082161607511,0.006847867155842964
2026-09-11,525368335,9811363528,6522,2.5048502245118023,1.8904883518132627,3.1234003899367675,1386.1367654586475,597.3715676213502,2328.4186367401326,3.963471067758064,3.768073468088203,4.158123156576323,3.9469283645200304,3.0023410458052067,4.960365497199016,11.979114321147302,3.264221761941942,23.55170723264183,0.506418491460049,0.2707832633783,0.7468786208567647
2026-09-11,525368335,9811363528,6607,1.8401466219300497,1.3736895737673955,2.2180082280290354,161.55091542016567,68.13824635108399,278.8330070394167,3.963471067758064,3.7750819453868045,4.1516607172517865,0.4600050343337138,0.3633443954800141,0.5866688327353999,0.5895935342153934,0.1592506814143495,1.1828099275263746,0.0590218605550081,0.03157798551654222,0.08866097952881771
2026-09-12,63563817,1841014603,9,1.235192227848751,0.9272209056219601,1.5010999596482848,219.67916519587527,95.13709980531132,385.8097493633431,3.494506820383271,3.309659548720743,3.6746808587779123,9.064176204783363,7.078840527866926,11.460103445300923,27.0184924502804,7.691343371383539,50.460512498783494,1.1629971501934435,0.6414512230446874,1.7517518414727666
2026-09-12,63563817,1841014603,726,1.6015538112908763,1.2127947880576069,1.947899124789133,36.60791752928446,16.274036042552176,63.40856672658571,3.494506820383271,3.3063533595845747,3.6727295650518648,1.5104783135885764,1.183392041818892,1.9006746609072278,2.947458229967603,0.8717807326351891,6.065609351160624,0.1938049232985423,0.10637557790574897,0.28998085725664013
2026-09-12,63563817,1841014603,1186,1.358226621128767,1.019633843947809,1.645279877243519,0.30557457994656423,0.13459926265076505,0.5052828295043339,3.494506820383271,3.3167702463181703,3.680864750481105,0.0126083046331165,0.00990636339510741,0.015984895555151032,0.0350815707916717,0.009988693037538968,0.0638718227380498,0.0016177335949567,0.00087450136410379,0.0023640627634667548
2026-09-12,63563817,1841014603,1567,1.4806924822444236,1.1148208921045915,1.8679227514890846,5.844040127634987,2.6756314308474414,9.806646010070265,3.494506820383271,3.3015769032886704,3.6942945591452374,0.2411307846034312,0.1816285209593922,0.3043251602316858,0.7859444786368169,0.2070675404951704,1.5343479859538216,0.0309387647572107,0.016084266334352962,0.0463578814556618
2026-09-12,63563817,1841014603,1667,1.6568674769280325,1.2498470665898065,2.0164566961154806,12.327507044137432,5.462756786701511,20.4272760770785,3.494506820383271,3.315014595059854,3.690611343637479,0.5086449409717069,0.39651907800423686,0.6397291087467046,1.1422894787537612,0.3086343417973669,2.2403816720503773,0.0652627004865849,0.03504646783260314,0.09789595546553838
2026-09-12,63563817,1841014603,2123,1.45653990356976,1.1017980275003763,1.813675241812468,1.0060767438277054,0.4398285225448721,1.705278501371745,3.494506820383271,3.30200034281331,3.6784886268451245,0.0415117058254382,0.0316597440298949,0.05211525561894574,0.0982761704857944,0.03073762506563321,0.190191617775597,0.0053262419533697,0.0028798984536503053,0.007815301536450896
2026-09-12,63563817,1841014603,2478,1.5857081595858875,1.1924057418966114,1.9851973996403396,7.164885319662904,3.2158744985253542,12.12650982151895,3.494506820383271,3.3075706652928543,3.6900411435902134,0.2956301430159911,0.22315746044304638,0.37152757545199616,1.7024870500769052,0.45336865611685634,3.3449867671643307,0.0379314132990307,0.020291207292918344,0.05564517528563601
2026-09-12,63563817,1841014603,2505,1.5184761408055836,1.1429561876259506,1.919281110126523,0.9390821064843802,0.41163140720029595,1.6355673475723538,3.494506820383271,3.2974245102525663,3.692012986408315,0.0387474418720769,0.029237821264480993,0.04909689335575705,0.1202788786583852,0.03318480387281632,0.23324735741502614,0.0049715675706669,0.0026461478685273665,0.00760339750262292
2026-09-12,63563817,1841014603,2570,1.393961085559983,1.05595036747009,1.6956748574212863,1.7199123180691889,0.7610760468376232,3.019686728820724,3.494506820383271,3.2997675675949747,3.679811377660206,0.0709652565087645,0.05539720394280471,0.08895839121900206,0.2414794388394433,0.07143902145806526,0.4694737391497199,0.0091053383360846,0.005015982477165494,0.01345319464170772
2026-09-12,63563817,1841014603,2889,1.364867979186382,1.0303693433615397,1.6672567273919103,0.32107580734181207,0.13989628354143832,0.5459110567210752,3.494506820383271,3.3076345152995206,3.701043116212931,0.0132479003652637,0.010253623238086389,0.01659154806056296,0.0368611933189096,0.011033169172263402,0.06986599745246774,0.0016997981970736,0.0008937089756683644,0.0025401104929002336
2026-09-12,63563817,1841014603,2892,1.4986612209586025,1.1395278298758087,1.8071915494200101,4.760586366562621,2.0854575931626966,8.045166269210371,3.494506820383271,3.3090618829730163,3.686584634428495,0.1964264277230748,0.15397425168670462,0.24418970752356228,0.5895947733301977,0.1622483705487303,1.0827008079808615,0.0252028833623137,0.013265270093873613,0.03658741579905912
2026-09-12,63563817,1841014603,2985,1.4676796502332763,1.110088340753132,1.8136124374711278,18.014585387047706,8.136106541710594,29.68679075035874,3.494506820383271,3.3227880436729116,3.671716213364945,0.7432993295414336,0.5707407551183618,0.9324493254134685,1.9795203845779816,0.5795302831278341,3.7843944208616596,0.0953704983737179,0.052112117505690725,0.13903919106100143
2026-09-12,63563817,1841014603,3169,1.3621740270694624,1.0386389393613216,1.6601550984802549,0.9634301923031803,0.4318941505644724,1.5189488595791312,3.494506820383271,3.3149192391639524,3.689551053546998,0.0397520675948395,0.03086699197912177,0.04933764002762983,0.0928931611879409,0.022777441539177854,0.17738903849065657,0.0051004680715163,0.002811875153052806,0.007471160623174308
2026-09-12,63563817,1841014603,3304,1.3942293506669252,1.0543220499681563,1.7172712978021578,1.2772132672486949,0.5547716413517514,2.152399774443154,3.494506820383271,3.315469237035495,3.672897357179492,0.0526990627222513,0.04054061550762882,0.0660321271407224,0.1217825067876222,0.03435636715354536,0.2324413932400048,0.0067616580237595,0.0036664546895698257,0.01000275129634836
2026-09-12,63563817,1841014603,3501,1.451548672680647,1.0956113625154404,1.812229658323956,2.1548485487929594,0.9324309191194826,3.598830396417639,3.494506820383271,3.305701243472479,3.685688764541269,0.0889111487812948,0.0676613815251266,0.11191738833511683,0.3558766525604773,0.10139000099898614,0.7088897666845223,0.0114079217258048,0.006056327168687461,0.017199260662753374
2026-09-12,63563817,1841014603,4048,1.3437054065430156,1.012202723076518,1.6921277773604844,0.4848849140820875,0.21236911170905096,0.7959243534499038,3.494506820383271,3.308363124613622,3.670364720296093,0.0200068235709219,0.014962397810588201,0.02501306148857302,0.094115619039856,0.025667904157440514,0.1805198781729817,0.0025670152776957,0.0013570427569509385,0.0039354841186380295
2026-09-12,63563817,1841014603,4186,1.3651346372305446,1.0258143252788654,1.7253709911218158,0.5384187739322752,0.23930237353615477,0.9233392678373391,3.494506820383271,3.310924951744742,3.671514071629911,0.0222156827413927,0.016695960737609768,0.0280818086312855,0.0600751158278244,0.01769405138559404,0.11375863960620233,0.0028504273454223,0.0015229364787220942,0.004153624343705457
2026-09-12,63563817,1841014603,4675,1.3351162556003842,1.0126222774129008,1.6255236605253347,0.2518171751772213,0.11101092683598582,0.4218501327999193,3.494506820383271,3.3111280870451547,3.6697493040701605,0.0103902217816694,0.008144372980585977,0.013073849409163287,0.0312188758363309,0.009363876699728612,0.06478932506042893,0.001333138064503,0.0007360552613664933,0.0019683559075726934
2026-09-12,63563817,1841014603,4713,1.4314931958264823,1.0766069195819776,1.8220112080415742,1.1645979464071154,0.5303144969599635,1.9776350251609687,3.494506820383271,3.3093157725078886,3.6758769784028655,0.0480524449578578,0.03562430041216159,0.06028919949790859,0.1283070752516304,0.036723517891705935,0.25711933155229977,0.0061654644926611,0.0033191060066408346,0.009063143172535882
2026-09-12,63563817,1841014603,4827,1.5160835171171987,1.1438497064004156,1.8966005590536097,2.1625328620602655,0.8817776512468569,3.6526192737233036,3.494506820383271,3.3088014436365265,3.689238241333237,0.0892282110270727,0.06731947177273533,0.1116203054545135,0.2203446644965342,0.06419702150531652,0.4468786358513613,0.011448603027662,0.005954271037585863,0.01698271829270516
2026-09-12,63563817,1841014603,4868,1.4506267537264121,1.1116471508728716,1.7597452173077452,0.9893988187592074,0.4555807672590663,1.644244727545513,3.494506820383271,3.3117068293782204,3.672073066171024,0.040823558401825,0.03212875086567262,0.0508598697075816,0.1003582603433924,0.02749725991393746,0.19232726574488174,0.0052379478299443,0.0028470451731735166,0.007820561550561708
2026-09-12,63563817,1841014603,5134,1.4279133614476303,1.1035319956610097,1.7480009754939918,11.186410438929169,5.065970755948786,18.329544791912493,3.494506820383271,3.3177606008607787,3.675899105302355,0.4615621842293209,0.35857550819986933,0.5679856502449495,1.1460074712431825,0.3237277482297987,2.408928980155323,0.0592216537684343,0.03167066559208735,0.0854380937921517
2026-09-12,63563817,1841014603,5267,1.376159823369664,1.052129756150365,1.7095755974974796,0.5661178236295435,0.24652106505348226,0.9638675955948928,3.494506820383271,3.3054367976754913,3.684005486725529,0.023358572495809,0.01789276274292018,0.029073439258129663,0.0655015481083074,0.018825807638003265,0.12879504630838165,0.0029970680877625,0.0015812722302332063,0.004574543068193373
2026-09-12,63563817,1841014603,5307,1.7525330624945472,1.3099403594772057,2.145678654134152,11.66649225272113,5.120753112333042,19.20391954882365,3.494506820383271,3.3107489402106287,3.6738399664327055,0.4813708272066478,0.3716802920020977,0.6088112813239318,0.733996069750842,0.22279900373568814,1.4997189582837203,0.0617632410910277,0.03302293026997244,0.09158319151381875
2026-09-12,63563817,1841014603,5374,1.432460380689311,1.0774544037796707,1.7831296322893215,6.202678966753833,2.7686499597692547,10.206877992467032,3.494506820383271,3.303957361991992,3.682373234008356,0.2559285722259108,0.19538641328389325,0.32335223701642357,0.4293710636328594,0.1178730326708256,0.8479519488747763,0.0328374243204515,0.018225670293350264,0.048377591792347345
2026-09-12,63563817,1841014603,5418,1.4620537266352398,1.0944258152806439,1.7808289609619934,2.6642953187822216,1.1449173829157189,4.614881507936453,3.494506820383271,3.3199943967080268,3.676432612284183,0.1099314184369222,0.08561712213939855,0.13931455977302892,0.3117273924000338,0.08476575644881522,0.5934477992326821,0.0141049692184265,0.007337710669171175,0.021457805579681473
2026-09-12,63563817,1841014603,5592,1.4280565621071186,1.0670884067967017,1.8106384069418908,1.1544114096124636,0.48119647320567693,1.9938950249990894,3.494506820383271,3.321713255631606,3.672341965536552,0.047632138533528,0.0354353982900756,0.06012687674294785,0.1073380710689366,0.030136560441557422,0.20134888033832968,0.0061115362411951,0.0033423967345378885,0.009189590771492605
2026-09-12,63563817,1841014603,6083,1.5248488333263228,1.1477524334855134,1.8679725694914069,19.305298720086935,8.395463940964419,32.75476294666754,3.494506820383271,3.3080721939304114,3.673712673046318,0.7965554181199715,0.614217937218175,0.9996426275733331,2.873685187494904,0.8216428904911103,5.352276080350279,0.1022036267074989,0.05507450736509152,0.1511939780599355
2026-09-12,63563817,1841014603,6149,1.6029694647135282,1.2295706101584654,2.0039323347593445,26.524027271704767,11.119559059654343,45.15132971479438,3.494506820383271,3.3183968250830223,3.6774857937160657,1.0944071853006363,0.8294556996601612,1.351834095846305,6.639838850952244,1.9355316061549512,13.47011296387135,0.1404200899122181,0.07289974209183087,0.21305805279579285
2026-09-12,63563817,1841014603,6352,1.5187103495831162,1.1440131231775927,1.893859099794612,9.323723598288353,4.00653902510582,15.678005185718144,3.494506820383271,3.315768847141253,3.6792957880994948,0.3847059119340154,0.29292559772660576,0.4849244105678489,1.7927449368057893,0.5058010805790389,3.5629486076304113,0.0493604569387917,0.026365047370799307,0.07145192734797644
2026-09-12,63563817,1841014603,6414,1.3575586574681222,1.02666550518583,1.708435867063888,0.3040169727049134,0.1391662800532104,0.5047061905353627,3.494506820383271,3.3019306095974685,3.678343628573119,0.0125440362420582,0.009424397903544086,0.015682791258365424,0.0349027492786939,0.010119197513857113,0.07047503633490952,0.0016094875112575,0.000854844136472396,0.002406964603309065
2026-09-12,63563817,2526158329,770,1.727169673598385,1.2923488669034844,2.1495461910873415,8.322464530123819,3.6313055143535045,14.381011959135027,3.9056351306961017,3.7118149514293495,4.112931427806334,0.3109132867538221,0.2367318692311014,0.3937528796183051,0.5634245314404561,0.16092687117137697,1.1335185851451486,0.0398923474436819,0.021322928286377437,0.05949294197451825
2026-09-12,63563817,2526158329,934,1.9385467850802072,1.487021646373089,2.4019762812328334,1.3038840672671748,0.5649836746004714,2.275823333403709,3.9056351306961017,3.7140745949367906,4.085353298933207,0.0487109172328245,0.0372903488480314,0.060234855134984756,0.1162343266383261,0.03391269856805752,0.22372308773139812,0.0062499510871366,0.003337486943594792,0.009194139585741312
2026-09-12,63563817,2526158329,1262,1.9521943035186682,1.5120958601535917,2.4276600693018957,0.7451664180917472,0.3286743210928965,1.2541231384831069,3.9056351306961017,3.7273877701205635,4.087774332420319,0.0278381649316601,0.021255312903256773,0.034125133675757695,0.0645290796308597,0.019345706001041005,0.1265476570059803,0.003571831101987,0.0019259741859106428,0.005181387798153002
2026-09-12,63563817,2526158329,2397,1.7819089600601195,1.337124980260618,2.2032174891147442,2.9773752265719247,1.2629929069572001,5.050441319924757,3.9056351306961017,3.7212580880964525,4.086289211226838,0.1112297342021968,0.08581601557511624,0.1414014016284309,0.3484833051852078,0.09784975778673882,0.6640088013768259,0.0142715522041223,0.007695656420332954,0.021056854712404063
2026-09-12,63563817,2526158329,3286,1.9230070898068525,1.4358295204455545,2.4129860886052077,0.6503643874554104,0.2869305524644112,1.08780654021356,3.9056351306961017,3.722979265856481,4.105643763421436,0.0242965204068451,0.018298261488574184,0.030751178875252968,0.0563195204833001,0.015136450026438517,0.10640997575570427,0.0031174133594033,0.001656879076303102,0.004734314991919133
2026-09-12,63563817,2526158329,5236,1.8174041595696708,1.3807479428950524,2.207946743717884,2.5751475908167167,1.0859863185765475,4.306056974112163,3.9056351306961017,3.7149694213122197,4.083626247257651,0.0962031857797657,0.0748305732098149,0.11966117219017759,0.4133929999024415,0.11264731767958544,0.7987997567860747,0.0123435410316002,0.006712462873742956,0.018073517064499316
2026-09-12,63563817,2526158329,5700,1.921589628666455,1.454057524939142,2.367697805318519,1.243454843646927,0.5546377383146658,2.135654943440223,3.9056351306961017,3.7191346154440583,4.094860872791311,0.0464533830055836,0.03584051087601434,0.05836054400310777,0.0969113679944073,0.026346892742687658,0.1941674933769807,0.0059602936694708,0.0032527685084322027,0.008917828288943375
2026-09-12,63563817,2526158329,6207,1.8408757519416685,1.3731145551563189,2.3334003761170337,0.958284257916435,0.41849283724893616,1.6100859647336976,3.9056351306961017,3.7221490787710927,4.096775904911629,0.0357998892269011,0.026651679843567172,0.04529049636652541,0.081845953646329,0.024333749786684285,0.16660726536203185,0.0045933759679291,0.002379569165113326,0.0068944235737884154
2026-09-12,63563817,2526158329,6545,2.1153029395749288,1.603991586623242,2.587175894509238,4.617908984523289,2.020910022648038,7.642982791258616,3.9056351306961017,3.7266670789798972,4.086498547779243,0.1725173180505919,0.13371731756897096,0.21568082001052144,0.7006922597670591,0.20052765276159717,1.3471032763910002,0.0221351775074687,0.011726226868439887,0.0322505117944782
2026-09-12,63563817,2526158329,6604,1.9133952588289251,1.4406113244284198,2.3320076487757477,0.6192298095487166,0.28021028916933566,1.0281754105928669,3.9056351306961017,3.714892244658136,4.0902046813423345,0.0231333849061019,0.018012537161232543,0.029158023758965958,0.0561937395803396,0.015676379261926575,0.10796194316441664,0.0029681749463262,0.0016094886443355533,0.004352030372056962
2026-09-12,63563817,2874903000,193,1.4426123688292292,1.106952448586841,1.786516367286559,1.0870162064605595,0.4811437652840069,1.8732452195593263,3.6133726627277305,3.436293062893548,3.8039339099798575,0.0234679160746941,0.018085640160022693,0.029188509587727673,0.0228071628465462,0.006531254597575147,0.04526962449820559,0.0030110976330584,0.0016630895764569197,0.004438502083195592
2026-09-12,63563817,2874903000,431,1.5039979407243875,1.1414873478481102,1.9080958923094762,26.275636345574117,11.694720152795128,44.36762360588714,3.6133726627277305,3.4284980745106806,3.7988243656956686,0.5672725253793066,0.4267830509586182,0.7134051796339351,0.94341857495792,0.2795715139515296,1.916951170332099,0.0727850292728217,0.039933902303039615,0.10807001540231331
2026-09-12,63563817,2874903000,648,1.5754004926485587,1.1965166157187557,1.9237835113800263,1.193235387900637,0.5374386099960052,2.018527884299428,3.6133726627277305,3.418224981049646,3.7934919754937293,0.0257611135640628,0.02001417645478711,0.032179195969159864,0.0249753506895439,0.006912236770551863,0.04752485176298957,0.0033053308964805,0.0017706488218978656,0.004874363202370158
2026-09-12,63563817,2874903000,1490,1.6048935117912795,1.201157555119988,1.987111990929505,0.3803208848357051,0.1603624849867722,0.6405409031474133,3.6133726627277305,3.42793174712013,3.8120633960018906,0.0082108606603388,0.0062198542262710335,0.010289697860154252,0.008789249392122,0.0023864928854281636,0.01670942469900152,0.0010535108026221,0.0005419176641449917,0.0016130237702898513
2026-09-12,63563817,2874903000,1812,1.657397121405824,1.2514946423911435,2.064883471525982,1.4339137762504266,0.6096065615489262,2.4610783321844956,3.6133726627277305,3.435944569313678,3.7858460143727037,0.0309571908490342,0.023495731646824995,0.03876640481356183,0.0300129377518972,0.008497321717684017,0.0580391955363554,0.0039720239238533,0.002098822094122826,0.005894928251578444
2026-09-12,63563817,2874903000,2249,1.5732388095505148,1.2003680569371542,1.9213453672228142,0.8935766052678675,0.39385873193397625,1.5966358067085709,3.6133726627277305,3.422634226207437,3.8122399217598475,0.0192916910107699,0.014981881159843953,0.02398045103895723,0.0204035539714518,0.006139455866153653,0.039576215132346465,0.0024752587726723,0.0013039539083344433,0.0035471813048402177
2026-09-12,63563817,2874903000,2275,1.5967480530004818,1.1847923413439754,2.018746452017645,53.687337895987724,23.24944709258123,92.20335150822689,3.6133726627277305,3.444702195781103,3.806387034274686,1.1590719002426375,0.859775316997673,1.4649559898121396,1.1691458208661305,0.29702307628733904,2.261667023592869,0.148717024735256,0.07752439143405261,0.2212792142947024
2026-09-12,63563817,2874903000,2561,1.5797053066677973,1.2143892485322436,1.9827498991778956,82.82204559982407,37.82811694542834,140.24195129448756,3.6133726627277305,3.4296680388636416,3.806346437763404,1.788069767239189,1.355221761541062,2.2126893607680884,1.5878181865296677,0.4545500751193408,3.057214979454567,0.2294218466923472,0.12001044132010866,0.3485715522415186
2026-09-12,63563817,2874903000,2574,1.6866357472441817,1.2888831491929222,2.0968629402804995,0.8893223694255074,0.36666894165661534,1.5364319109956233,3.6133726627277305,3.4309218630354095,3.8059528342533606,0.0191998450482929,0.014690444528509114,0.023899644220941256,0.0184970869754504,0.00537645790703561,0.03579985681156362,0.00246347429384,0.0012955083120934614,0.003644198050705756
2026-09-12,63563817,2874903000,2596,1.5718981548222204,1.172177220772975,1.9201810500232326,0.30362076772037355,0.13497690399787649,0.5216780971681523,3.6133726627277305,3.4222218007123484,3.7902529187479903,0.006554959027333,0.005044980006916094,0.008264343339344392,0.0070167028804498,0.0018592403892892296,0.013645117428398414,0.0008410470511815,0.00044612133378956034,0.0012754645048213588
2026-09-12,63563817,2874903000,2669,1.4478800921049746,1.1115717913169156,1.7513192517823957,1.6458945284256419,0.7021643816794715,2.848600150179367,3.6133726627277305,3.4273866594176456,3.794464175584948,0.0355337063342051,0.02797331552054393,0.04407291155237896,0.0417733711942118,0.012301618846661928,0.08273049745999461,0.0045592228426321,0.0024242028223289414,0.006892852685151993
2026-09-12,63563817,2874903000,2797,1.5536038001581802,1.173265234485971,1.9182440246534376,1.1305649697466564,0.46450604858555394,1.9065490173851551,3.6133726627277305,3.434696150306705,3.7945571170029004,0.0244081032732664,0.0185139800808846,0.030269660825816305,0.0236636097814824,0.006301032627559867,0.04806756905147433,0.0031317302209389,0.0016562463221060657,0.004600043451296293
2026-09-12,63563817,2874903000,3163,1.6293511486505712,1.2130331818216495,2.054521230292937,98.41784812137725,42.270279799285106,167.89459894795482,3.6133726627277305,3.4243463420188696,3.7984020615497904,2.124772184846237,1.599392453003167,2.70890013522189,1.858574388610437,0.5284369961880612,3.6320997168356186,0.2726231198465024,0.14382017451241957,0.4021026886338711
2026-09-12,63563817,2874903000,3422,1.5088011427214232,1.1313701011265054,1.9119723063474185,1.5665271133987315,0.6787027017397146,2.648246648132569,3.6133726627277305,3.4305220123728843,3.8035363638758177,0.0338202196135409,0.02510346956140048,0.042423909316615556,0.0305202774323286,0.008964705296561088,0.061981589742250154,0.0043393705220235,0.0023193419663747215,0.006482250356513669
2026-09-12,63563817,2874903000,3465,1.5039963599803803,1.1531644831950627,1.8400924680129855,0.42742208213361693,0.17981288663281925,0.7299844103754478,3.6133726627277305,3.4133077631476314,3.8265607474498906,0.0092277424130076,0.0072203752462870925,0.011521457349623617,0.0088899860166127,0.002569546704042848,0.017290383921307672,0.0011839838377572,0.0006473503203821245,0.001769757394925715
2026-09-12,63563817,2874903000,4527,1.6223304886724594,1.220052480830257,2.0516230372964515,20.718839465998855,8.959777941142125,35.29233887888826,3.6133726627277305,3.4227836632850073,3.8028313511339147,0.4473051853903182,0.33414566875894275,0.5618946419191402,0.6158331654858911,0.17713919006620443,1.2026846076237736,0.0573923811853041,0.03065455793975701,0.08636261739734828
2026-09-12,63563817,2874903000,4667,0.9909651721829585,0.7565408215551317,1.2439639960550666,2.6406764349419185,1.1651315200905055,4.621134567506065,3.6133726627277305,3.426715862796254,3.801139930442501,0.0570103486841508,0.04263992197707691,0.07011191758965181,0.0963558871464464,0.027896945074960478,0.1930337428022053,0.007314826141201,0.0038350858856618848,0.010958565248536778
2026-09-12,63563817,2874903000,4738,1.53766671417932,1.146793872109293,1.9230258830474614,0.7981198653891762,0.3426285335521854,1.3713285299731592,3.6133726627277305,3.431652641514416,3.8010630262269363,0.0172308470721765,0.013026096979146466,0.021843086832472623,0.0182239347507026,0.005093611319890388,0.0341030019839822,0.0022108380935693,0.0011693397805973636,0.0031551718774891777
2026-09-12,63563817,2874903000,4798,1.304125567048843,0.9857589558270661,1.6056630051697636,26.202409831283994,11.453490902171755,44.72075455631532,3.6133726627277305,3.44824965714278,3.794512098360713,0.5656916163904714,0.43507842454585305,0.7086773141755858,0.6130817045977676,0.17071962643403527,1.1838179745843205,0.0725821876016988,0.039023150856010276,0.10594703897958559
2026-09-12,63563817,2874903000,4836,1.4800962191595963,1.107550172669337,1.844156776496843,0.6449052681404072,0.2725679739279044,1.1155649440076265,3.6133726627277305,3.4249837140392585,3.8022971110376154,0.0139230515781609,0.010585618075051406,0.017625871201060288,0.0134597648423213,0.003882640276293931,0.027957562154575274,0.0017864248158428,0.0009452809431517083,0.002684142366685076
2026-09-12,63563817,2874903000,4860,1.4128497391044093,1.0729761308558812,1.7225891692881505,10.577512261597498,4.45801208124385,18.05073326006617,3.6133726627277305,3.424919199043022,3.8087699610066674,0.2283610571386863,0.17851360476762604,0.28659127943322465,0.5575457450378086,0.1555079006721284,1.0938979442995467,0.029300319484886,0.01645753674709946,0.04346584235193929
2026-09-12,63563817,2874903000,5241,1.610242042928533,1.2137419160112126,1.9561016888480889,1.2944414185932964,0.5487218364019328,2.198155087450003,3.6133726627277305,3.4180565081493723,3.7933872631267755,0.0279460806514274,0.02186958460011384,0.03524554087985837,0.0294225121865862,0.008417815414756724,0.05735559878907523,0.0035856774429798,0.0019134188835893049,0.005321311665567224
2026-09-12,63563817,2874903000,5351,1.556622593728065,1.1765191330539784,1.891717589565713,0.8488864975754372,0.38290068370026026,1.4460071784405788,3.6133726627277305,3.4209658709814303,3.7854811236538004,0.0183268629884629,0.014299500148217695,0.022992074403504176,0.0243813541292775,0.007096607407113079,0.04802930808428047,0.0023514645949093,0.001265886379908435,0.0035000322383784005
2026-09-12,63563817,2874903000,5532,1.652240042136899,1.2625841043852493,2.0016028052419212,13.472128093118178,6.22340694281165,23.382665748921855,3.6133726627277305,3.4309623320611755,3.792494119120528,0.2908537789572482,0.2291908826850323,0.36334142982430784,0.5168869563789767,0.15114697642295638,1.0286636859792309,0.0373185724116622,0.01951113355836809,0.05573714933560953
2026-09-12,63563817,2874903000,6242,1.4957234662757717,1.134272917222391,1.8251098702743669,0.9659335248212383,0.42957066752512196,1.6712120406159783,3.6133726627277305,3.4257876383732286,3.801305853122196,0.020853826060284,0.016244205808154808,0.02613785447863879,0.0202177447717521,0.005606707906711958,0.036869855067910184,0.0026756916161825,0.0014663226860612744,0.0040795452987461055
2026-09-12,63563817,2874903000,6282,1.5407949146188986,1.1734016175160527,1.8701612795501505,34.15044173814415,14.117859730250906,58.377976475621495,3.6133726627277305,3.420949839926815,3.8004588252225324,0.7372840403493802,0.5751164386819807,0.9166186671508741,0.9151261072321404,0.24393705162820362,1.7049352837578375,0.0945986947337737,0.051564761723638865,0.13729938068945072
2026-09-12,63563817,4190988309,9,1.986707159560087,1.492839851974423,2.4514892015198413,8.24111053866205,3.4990236012386835,14.332925451877715,3.850585223092683,3.674080727618974,4.031262475830287,0.0489962808718896,0.03741539081948507,0.06144198956031195,0.2908406700840497,0.08511867224956732,0.5665466521122413,0.0062865652362334,0.00330066389533915,0.009237125405203833
2026-09-12,63563817,4190988309,2478,1.8507617589563279,1.4008140621012404,2.2879155605509682,26.39394606942416,11.20239578624599,45.12751132130875,3.850585223092683,3.667425367456942,4.033262902837115,0.1569212291071836,0.1205143666213524,0.19683320219373324,0.5254113466876532,0.14944107604768805,1.0028035431683417,0.0201340903059892,0.011233851887000698,0.030132967843364864
2026-09-12,63563817,4190988309,2941,1.6137693268097495,1.203054716412064,1.993261433256859,11.43800594933237,4.724049415198152,19.78600917001314,3.850585223092683,3.670260884366552,4.027778350789102,0.0680029408025411,0.052302333123207374,0.08665626098433757,0.6206995572093581,0.1947067088577586,1.2246192780261507,0.0087252525294458,0.0048222635331632265,0.012843205744037427
2026-09-12,63563817,4190988309,4017,1.7875962361315265,1.3473770061478854,2.1656038107846856,4.8953976860894635,1.9791063580993395,8.806266653056221,3.850585223092683,3.6618335559436956,4.0310903864632275,0.0291048492653975,0.022763178520552315,0.03658663930557344,0.1303112019420195,0.03400928553831554,0.2655468596299991,0.0037343555539668,0.001994494753081993,0.005561212059944657
2026-09-12,63563817,4190988309,4097,1.8545194359372137,1.4075681520757373,2.260193075334999,9.618869239270897,4.024289329745194,16.609053370838563,3.850585223092683,3.6618071973238355,4.049811400202212,0.05718753761478,0.04427239898542709,0.07109009143036323,1.0115658624295478,0.2811600397417859,2.060956594226211,0.0073375607192489,0.0040117148872916624,0.010552720318025104
2026-09-12,63563817,4190988309,4101,1.5472937611408444,1.171325453515568,1.88394961580081,10.42930517882134,4.523923859299695,17.201260795995374,3.850585223092683,3.6654129415027663,4.037021406516092,0.062005862370479,0.04831665070304262,0.0777121441507174,0.204781335799416,0.05599083119776918,0.3929890027929179,0.0079557854572706,0.004307885829353845,0.011757518081428926
2026-09-12,63563817,4190988309,4177,1.6550608581379624,1.2397491676879029,2.049340896474107,177.13567765784663,74.27923716418435,307.1146414536584,3.850585223092683,3.6581827936164877,4.046432816002809,1.0531334793096214,0.8007798596553216,1.3237119764014584,8.199197918306806,2.286592986992272,15.953923000949523,0.1351243850008174,0.07427344129559328,0.19740151926450678
2026-09-12,63563817,4190988309,5374,2.0818774016768007,1.544615177421301,2.6079550124152218,17.016789963287575,7.366561942462363,28.987642061094736,3.850585223092683,3.6627622595952505,4.0355192977093015,0.1011707605022067,0.07635416846089409,0.12891770137449302,0.2911229026126363,0.08084866575577378,0.5957192852637652,0.0129809155833574,0.007028041532863728,0.01895878427884496
2026-09-12,63563817,4190988309,5649,1.7124574764196416,1.2911339371268518,2.1462150798916935,2.7192643830794276,1.175101047839738,4.677924740687146,3.850585223092683,3.6644514051986774,4.03617828682726,0.0161669766293313,0.012269992165363154,0.02039607527781461,0.0988396261888109,0.027080694861043326,0.19455301650390805,0.0020743360811139,0.0011084239418181724,0.0031677339059938553
2026-09-12,63563817,4190988309,6083,1.647502197294164,1.2334494458043856,2.084380252417978,6.676782835450122,2.8458028718668884,11.386093619649644,3.850585223092683,3.6611104558907064,4.036113723604312,0.0396958062377157,0.029626000490657427,0.050064397824855306,0.2374990780336645,0.07337915336157141,0.491582782470298,0.0050932493462264,0.0026822831222166285,0.00762828766854686
2026-09-12,63563817,4190988309,6245,1.8865483047194318,1.4206626625434644,2.3664513895832466,1.5462091015867134,0.6577772438079151,2.590992121327936,3.850585223092683,3.655481265018837,4.0384301348879905,0.0091927532184654,0.006919462851488086,0.011525993585806887,0.1108567323440475,0.03144905876828163,0.2193172323597991,0.0011794944795827,0.0006208219433853195,0.0018096554802436461
2026-09-12,63563817,4190988310,228,1.5959356450336435,1.2308955489510673,1.947813309181382,0.6438830944417484,0.2850707384419471,1.1016057255035636,3.736138084065234,3.549921807676243,3.940309966220986,0.0138545812099672,0.010682824351933315,0.016904884797150143,0.0246204024755965,0.006938979298275158,0.04745535945448265,0.0017776395891126,0.0009524603801472507,0.002649721087552523
2026-09-12,63563817,4190988310,925,1.664407658348593,1.2536836818112154,2.088058805180096,14.54070269594957,6.434783291004767,24.420157337923147,3.736138084065234,3.5542629589002965,3.91207605495888,0.3128756572273196,0.23680422371116056,0.39440662074309757,0.5354168741611441,0.1581336275690123,1.058502811834612,0.0401441332890516,0.02095079221627411,0.06001524492552143
2026-09-12,63563817,4190988310,990,1.7084288787808999,1.2831690550989483,2.147855256592927,1.6450122285020643,0.7055077757196258,2.7736456411522425,3.736138084065234,3.5604116913157293,3.9112354672125678,0.0353961079393316,0.026611617021309375,0.04454428723028742,0.1024821367622089,0.0306532541303476,0.21103864629275237,0.0045415680069919,0.00242012916484209,0.006870719873561048
2026-09-12,63563817,4190988310,1186,1.6326134231092726,1.228047038916703,1.9970960802515088,7.470267006094136,3.078422493179957,13.027866680277837,3.736138084065234,3.551571502093808,3.920687635457712,0.1607394599881564,0.12506964828392414,0.20339296579620303,0.257609618861389,0.07003778216631124,0.52541939211381,0.0206239960109344,0.011292043436658693,0.030933789770509583
2026-09-12,63563817,4190988310,1567,1.6999056055400614,1.276486238771151,2.150312450002769,47.865076078206194,20.884965665453905,80.35101943730864,3.736138084065234,3.5480393298351545,3.921455618098374,1.0299238935939492,0.7675170165180535,1.292925333685196,3.476305898686988,0.8603068520898864,6.558519261047857,0.1321464329581097,0.07182860017650833,0.19433484264985126
2026-09-12,63563817,4190988310,1667,1.8024080455175213,1.361267918998803,2.25187800838176,11.498318434566922,5.017071373030081,19.332596046276343,3.736138084065234,3.553670224582709,3.9183654958260496,0.2474119726157564,0.18699448483484046,0.30933570255439474,0.5610358628616734,0.16050178703136345,1.078567939059323,0.0317446850739746,0.017155762812467827,0.046284222452016494
2026-09-12,63563817,4190988310,2123,1.7018548507370734,1.2818610453004837,2.1437635667611654,9.48006795053176,4.095052223749755,16.766884321412956,3.736138084065234,3.550454934230676,3.9188780750203662,0.2039848109547346,0.15353757546187338,0.2567737444013294,0.5204383275800565,0.1492182096291244,1.0187195930128907,0.0261726767511328,0.014296642174535865,0.039624054224503796
2026-09-12,63563817,4190988310,2212,1.7167325340737216,1.2942402036029355,2.166466014917184,0.4450623728231333,0.19518460147380504,0.7366909092163724,3.736138084065234,3.5497061462722788,3.923242243734462,0.009576509836968,0.007167260655849173,0.011997484383288447,0.0194639718361721,0.005358075183313036,0.03879296850612516,0.0012287331355403,0.0006505555904331618,0.0018388913717100042
2026-09-12,63563817,4190988310,2294,1.7173937111331594,1.2888629087521022,2.165309990728581,0.8523853871124242,0.3909182530668468,1.428900594151545,3.736138084065234,3.5549723575498247,3.9265152820569376,0.018340973182682,0.013847385736699979,0.02326382618162221,0.0341213982766051,0.009509935055948635,0.06799275184777546,0.0023532750314338,0.001271719508183733,0.0035438687640669954
2026-09-12,63563817,4190988310,2892,1.6357181357834525,1.2563596767221221,2.0433890997018778,20.071999801305694,8.906112793383608,34.10241271218089,3.736138084065234,3.544639815229176,3.931620913510142,0.4318938541704386,0.32660675337808776,0.5312050335699553,0.7454977776047736,0.212149564312882,1.3717434922212508,0.0554149996908944,0.028915869098065226,0.081075331200468
2026-09-12,63563817,4190988310,2985,1.6691385306408866,1.270939884530138,2.096471949143983,159.29171390529427,69.61417291839086,270.19242600531925,3.736138084065234,3.5438566849519066,3.925133940740653,3.42751658713633,2.5642971209158554,4.229922318676974,5.605247876739353,1.6152411644929985,11.126349171455072,0.439774330619997,0.22711329335579883,0.674644094205276
2026-09-12,63563817,4190988310,3169,1.7057763590834416,1.2976577825030198,2.088712352746253,136.00309527527173,58.023950803293204,232.32699843867553,3.736138084065234,3.5582406422887,3.917807271942801,2.926410002939791,2.2821988534528543,3.673426475578082,4.270862415069995,1.1842550500028612,7.826692858300278,0.3754788539879124,0.19816640427966933,0.5553192947994141
2026-09-12,63563817,4190988310,3180,1.6403156982191702,1.2513894954595208,2.042809020491841,0.5252022352406026,0.21762469194722384,0.8690159948528846,3.736138084065234,3.5492780001202857,3.922312031898676,0.0113008977601842,0.008605768928605586,0.01404833783519047,0.033208923991534,0.010390759641637388,0.06668092153949048,0.0014499841566171,0.0007978981327375281,0.0021352253831783624
2026-09-12,63563817,4190988310,3304,1.7055592578342633,1.2983297445324011,2.141290631401045,2.2437854892367577,0.9699726464747517,3.819342473247399,3.736138084065234,3.552623944635021,3.927250704390049,0.0482800504419658,0.03644275088243089,0.06010377688993596,0.1126315209165876,0.031501754404491905,0.22935697904365318,0.006194667866846,0.0032440203034713004,0.008903999004584735
2026-09-12,63563817,4190988310,3818,1.8689544367742206,1.4150485160321906,2.2774523895602177,0.6801701760804839,0.2885101409802325,1.1928067919016194,3.736138084065234,3.561861622886317,3.9114539733607496,0.0146353787239514,0.01142836146265707,0.018393336347395896,0.0399907377151846,0.010950059695595097,0.07974852104766472,0.0018778213665986,0.0010133737687120453,0.002796602593393851
2026-09-12,63563817,4190988310,4048,1.5626557034059163,1.1690539248865628,1.9624124606983637,1.330781335620149,0.5717737503206671,2.31966837211071,3.736138084065234,3.5657042920801403,3.91021351293135,0.0286347292640807,0.02152821627872298,0.03613797410638026,0.1204890402271545,0.03166058653210092,0.2324587781214508,0.0036740358724615,0.002005959144634472,0.0054195504862831825
2026-09-12,63563817,4190988310,4155,1.6442214722275856,1.262037595190814,2.022110101480906,0.7259937093582336,0.32755809656603846,1.2585265686994753,3.736138084065234,3.560288190259996,3.9180075397019563,0.0156213742697339,0.01216539557577106,0.01949210497058007,0.0316654408171493,0.00959711901535319,0.06415980403102514,0.0020043314855483,0.001105852625021851,0.0029621342696380783
2026-09-12,63563817,4190988310,4403,1.6127895786647564,1.214558291234608,2.0130231048644207,3.538678470469374,1.5721965013137882,6.212366578652278,3.736138084065234,3.552313056406052,3.9130377724424936,0.076142561698389,0.057808683412033046,0.09581241413353829,0.502892581544713,0.14240834238328204,0.9505892308082015,0.0097696227724394,0.005227739626536788,0.014603333050176578
2026-09-12,63563817,4190988310,4675,1.6391846689611653,1.2427007468341695,1.9958945538451087,3.045302597771088,1.2650478474364812,5.348818729982754,3.736138084065234,3.5630790728279034,3.92004531918767,0.0655264791294511,0.05081418606104984,0.0816123732730445,0.2165778540248888,0.06101656103052018,0.4409869546753342,0.0084075051905484,0.00447346024314943,0.01219104742513052
2026-09-12,63563817,4190988310,4713,1.9246658868232058,1.4697263612545086,2.421909992804345,0.5385114183094285,0.21787703562283225,0.9170688434031944,3.736138084065234,3.553995548333559,3.920654715894167,0.0115872745252478,0.00865123107734402,0.014256056052672614,0.0326049206790412,0.009953639459002041,0.06763193229722618,0.0014867282968595,0.0008044722612746319,0.0022425083756675594
2026-09-12,63563817,4190988310,4773,1.876800347322815,1.4221549215765208,2.2807665450358714,24.29998222646653,10.430068510076978,41.88068746004226,3.736138084065234,3.562420268057208,3.9146876929780587,0.5228683282160594,0.4080689590742876,0.6544359137103466,0.8607990517889956,0.2328668828215192,1.6750499287478045,0.0670876604672339,0.03587507277007508,0.09925845016070385
2026-09-12,63563817,4190988310,4791,1.8285663071357854,1.3753069996192104,2.238347177267714,3.01210068469046,1.3159660706375405,5.112114949132701,3.736138084065234,3.559248140049538,3.926315105195773,0.0648120658996696,0.0501512371288255,0.08162241600956824,0.4145648335141134,0.12293968864812779,0.8051104587824843,0.0083158409806384,0.004477754999009053,0.012287513437301716
2026-09-12,63563817,4190988310,4827,1.7169702244726086,1.2916033483228213,2.161146338142311,12.429064317216532,5.4221308614465125,21.41366505966609,3.736138084065234,3.5382706222583162,3.930175013927843,0.2674390466736516,0.2014635335127445,0.33709437338257636,0.8733423734275108,0.2662959603236227,1.691238812499468,0.0343142986306654,0.018100112932994114,0.05162727821427007
2026-09-12,63563817,4190988310,5010,1.6483693552192684,1.2632681069296694,2.0577593670576015,8.53415202904169,3.579479956207167,14.48237514512566,3.736138084065234,3.545330120304828,3.928135295720804,0.1836313196684826,0.139250677845091,0.22682784844564222,0.3401583140657169,0.10422055251493598,0.7471425283710617,0.0235611815829446,0.012589587786117492,0.03487313894483676
2026-09-12,63563817,4190988310,5134,1.564276693811273,1.2074629883876558,1.8822453032611324,23.834385357359785,10.740614821185515,39.49643010780203,3.736138084065234,3.5503104349593513,3.918695379237403,0.512849972881325,0.403603560314063,0.6291546969233438,2.9959598703486963,0.9030658543508603,5.77705136600117,0.0658022354665843,0.036149295421521385,0.09826166530071004
2026-09-12,63563817,4190988310,5267,1.5859060117081436,1.196315706570306,1.9771072837692256,15.49506538548278,6.750086562901551,26.571441370221933,3.736138084065234,3.558750715655831,3.9224432499171105,0.3334108995718393,0.25487786577798627,0.4212273416905081,0.7376247289938768,0.23079106961584747,1.4538486478700343,0.0427789483881452,0.02248654704282043,0.063067784988243
2026-09-12,63563817,4190988310,5330,1.717262373716837,1.3146892266199592,2.0949777367209,15.681995846451912,7.148194959239077,26.038929316110952,3.736138084065234,3.5485100333842574,3.923972415984885,0.3374331254610884,0.2628345273049547,0.4188309084734096,2.649146591010876,0.7080302182009036,4.827243093234084,0.0432950280782291,0.023759271830643296,0.06475441581485238
2026-09-12,63563817,4190988310,5418,1.8037607134491136,1.3646052569341631,2.2307029823155387,1.8637912181957503,0.8243984802781351,3.085866996845234,3.736138084065234,3.559397526100672,3.912797484791695,0.0401036259746882,0.03071920322356174,0.05021606586120394,0.2063449436382679,0.05716093708162198,0.4041861369043715,0.0051455754684438,0.002703911384999098,0.0074661571899453435
2026-09-12,63563817,4190988310,5812,1.654803404513029,1.2509551904495917,2.06425382156815,0.7441025512613988,0.32214159787226165,1.2605497640159604,3.736138084065234,3.552557267196819,3.927420722613347,0.0160110264021344,0.012116335436466546,0.01999367230764999,0.0324552885171503,0.00985225710588526,0.06909258275061482,0.0020543265771386,0.0010948582889643553,0.0030795081575327055
2026-09-12,63563817,4190988310,5840,1.731964384857282,1.3003978956704785,2.1609454714712193,0.46800074328337565,0.1986702493627647,0.8036222460261176,3.736138084065234,3.5506140714315375,3.91659329443962,0.0100700800504262,0.007583621604873313,0.012602137252731266,0.0204671386367571,0.005321648008723288,0.03932017005422082,0.0012920616431402,0.0006953017735601233,0.0018831820646029254
2026-09-12,63563817,4190988310,6325,1.5691781653528598,1.1884933250847804,1.931293845084222,11.786113972970996,5.219444492286126,19.82303464039151,3.736138084065234,3.5580188358616516,3.919980892144293,0.25360453566502,0.19559885134673036,0.31784687614815793,0.4801744862212,0.13502946235343866,0.8965126951961032,0.0325392341886406,0.017553997135385534,0.04649502241684348
2026-09-12,63563817,4190988310,6352,1.7580980946750058,1.3565688964925056,2.151065239086452,8.839196411591182,3.8014434907043757,15.132809157263292,3.736138084065234,3.5504761145232644,3.91398628241184,0.1901950300798274,0.14784553766274267,0.23443364921799942,1.0929546106543415,0.315688538761155,2.23161979522141,0.0244033514978521,0.012966343013560224,0.03679051559369578
2026-09-12,495403620,8878077181,1048,0.6171090203229678,0.4683028525795064,0.7548824860093329,21.407391417613105,15.066141688114444,28.90945218635918,1.2370478098896336,1.0520540609323494,1.4295958450720692,15.737712430321023,12.15165250985183,19.58783586215445,164.97700779752716,44.90025566397019,336.700191140857,2.019258484556868,1.0374686940323925,3.0305624604539587
2026-09-12,495403620,8878077181,1607,1.0767909191443916,0.8107808721674151,1.3506087706310588,11.16006762646405,7.880679763840898,14.947528406854712,1.2370478098896336,1.0580424500730754,1.4214591525981526,8.204359493502897,6.180592234663402,10.29570758070574,83.50004460420296,22.77189325963122,169.8470353417087,1.0526766574849964,0.5591591182079185,1.580825111195077
2026-09-12,495403620,8878077181,3989,0.7363149133658885,0.559304738947902,0.8944712592044682,440.9682569022168,316.77152042078325,584.9086371183532,1.2370478098896336,1.0582006618027662,1.4259621737777117,324.17922775575585,252.93109876920192,404.5014866736744,3197.723392223915,895.1386998905182,6582.016680103913,41.594460380513546,22.369366230363127,61.04945108822455
2026-09-12,495403620,8878077181,5778,0.9989791433343302,0.7632740566315462,1.2537354374840728,325.02330608657917,231.62195894632117,435.34563348281614,1.2370478098896336,1.0449406337110323,1.4203274273089592,238.94192545731107,181.13485585453552,297.52770071723785,2521.429235705613,710.0447589185771,5211.280934301869,30.657918832374303,15.977317697123356,45.368234840515605
2026-09-12,495403620,9628223555,104,1.4185580616916504,1.071484260485255,1.7847417860255121,8.528731638363437,3.707072933128578,14.509780750421111,3.7243686732041312,3.5316181257149593,3.9044711784502155,0.1278190543598722,0.09601906704400247,0.15993607807677748,0.1667603271054221,0.048850978054675906,0.31806216290174094,0.0164000779113831,0.008671631108111168,0.024754452017283168
2026-09-12,495403620,9628223555,235,1.4182077743398969,1.0681155837981398,1.7782140356467224,1.8741348897437105,0.7929463405300575,3.2596840477403526,3.7243686732041312,3.5510161039007464,3.9045893770462734,0.0280874295859368,0.021089418243016838,0.035109963839310386,0.053239347346408,0.0150025934413275,0.10634696794484397,0.0036038134990651,0.001863766049493135,0.0053538316226791356
2026-09-12,495403620,9628223555,400,1.437605485154733,1.074459191457365,1.7921180852168177,3.1741338731910815,1.3547571599239072,5.200341433189842,3.7243686732041312,3.5423925950352744,3.9055077016518247,0.0475703548060957,0.03614177216252485,0.06028170192281268,0.0723359095597916,0.020824549150009315,0.14260747510585325,0.0061036089572028,0.003250205703391522,0.00895090358427416
2026-09-12,495403620,9628223555,444,1.61285380126466,1.2155918886153376,2.0200184848085136,407.09580294573544,167.42034612102015,711.4068520106597,3.7243686732041312,3.5399664349766957,3.9137737334199745,6.101094837166387,4.61169077834525,7.663510019871671,55.36097810891683,15.309726847091495,107.80821426027448,0.7828131038472044,0.4095230321610121,1.1689811221916386
2026-09-12,495403620,9628223555,665,1.5194822778115904,1.14148276846928,1.9031045427175133,33.7683896028249,14.443536629920727,57.70026034881361,3.7243686732041312,3.531703722179944,3.9040808750721823,0.506082710689799,0.3829115161215241,0.6383982885409054,0.6283733763918213,0.16387959897161491,1.267595300817826,0.0649339484358001,0.03483959362796461,0.09539459830586795
2026-09-12,495403620,9628223555,700,1.223927571482275,0.9229040546519647,1.5271564913322295,5.253024742150615,2.2400043322370182,8.44069897305526,3.7243686732041312,3.5341834076787615,3.9079809491217223,0.0787264371234858,0.059736874230793505,0.09884836326551413,0.1350324741656142,0.03887344679677296,0.2654171444009883,0.010101152046358,0.005413861694992092,0.014967011857738511
2026-09-12,495403620,9628223555,859,1.6539441078279817,1.2696520916651093,2.0362534952887557,1.1154614044381514,0.4729016627670009,1.8577279847244446,3.7243686732041312,3.533912069160602,3.929162542283612,0.0167172831712616,0.012809479311528708,0.020543866302624177,0.0448590266185552,0.01394353770866346,0.09560242161211517,0.0021449442561469,0.0011502074878811397,0.003093979854659917
2026-09-12,495403620,9628223555,875,1.2401553159852823,0.9317004390231517,1.5094432007207395,48.53401244892246,20.611295097867657,85.36360760304478,3.7243686732041312,3.5397446064296405,3.9061964907120905,0.7273732881460352,0.5657377198825083,0.9165488342162712,0.8516167358160762,0.2435331158002727,1.7991306343309763,0.0933270759668436,0.04835083621751614,0.14004536816329113
2026-09-12,495403620,9628223555,1018,1.5328419664565776,1.1668999247984615,1.9024184852566224,3.848409335761516,1.6442889234821678,6.668689062698443,3.7243686732041312,3.528722113366894,3.9110783451250115,0.0576756384119422,0.04387587783391258,0.07153165346421028,0.2148620640366692,0.06153756736761459,0.4073871596407146,0.0074001874625162,0.003923729239363522,0.010925110146490655
2026-09-12,495403620,9628223555,1092,1.2480921581906839,0.9354595420298569,1.5794909208902985,1.1283185504558797,0.47856483884055995,1.889506810346125,3.7243686732041312,3.5391130086280786,3.906232472035481,0.0169099716407124,0.012622659744586632,0.02131292222515562,0.0345169384274241,0.009746309590713629,0.07285957790683917,0.002169667533341,0.0011587259582063311,0.0032513013377518086
2026-09-12,495403620,9628223555,1164,1.46693194076113,1.116912112909888,1.859269285402309,0.725772559031081,0.30636974996208205,1.2031254342306164,3.7243686732041312,3.546085520979329,3.9157587068830453,0.0108770642704263,0.008077890346273698,0.013446871321200116,0.0525214130482153,0.015426811939298407,0.10138839303698202,0.0013956033580085,0.0007474388090993502,0.002021371880324977
2026-09-12,495403620,9628223555,1257,1.423415039010463,1.0721474002823286,1.7398031251787107,8.56058089518387,3.564527632065413,14.700561702351363,3.7243686732041312,3.5485377769867767,3.921157568911254,0.1282963752630814,0.0993657183615653,0.16124376791325304,0.1972194346351783,0.0640459091086518,0.3927859604961214,0.0164613215189232,0.00861461051450627,0.025161237045948186
2026-09-12,495403620,9628223555,1316,0.746368578009417,0.5685898568308876,0.9075213841695943,3.475677593414436,1.5317575678889883,5.782422780661237,3.7243686732041312,3.5370952314259636,3.901971954651308,0.0520895535335753,0.04065659852437044,0.06489164751216821,0.0182434614802328,0.004892930364198468,0.033823664050600416,0.0066834537354235,0.0037120492522376945,0.009678760921800983
2026-09-12,495403620,9628223555,1318,1.2895662874371985,0.9690598646042732,1.5844288054543967,60.78924493814528,25.709235166237917,102.16512389845323,3.7243686732041312,3.536950548479406,3.912753202504323,0.9110409534160644,0.7013302158580415,1.1466864295270398,1.005546512868866,0.2928230806924072,1.8961890099948198,0.1168929209444603,0.06327804327776582,0.17102655940339526
2026-09-12,495403620,9628223555,1655,1.45720523524771,1.1218687039265822,1.7847169482697516,38.18843992094359,16.22694736744704,66.71177736157107,3.7243686732041312,3.5357037431576157,3.903071468972172,0.572325462348637,0.44375050743456435,0.7059373780994587,0.6392300012279701,0.18186314297815043,1.268907202542873,0.0734333563973912,0.038407918701677375,0.11032235425880947
2026-09-12,495403620,9628223555,1666,1.4414407002585323,1.081086994213132,1.8247208463829618,0.6481251104737331,0.27668010545853916,1.1215065706037561,3.7243686732041312,3.534241080809951,3.910056652004837,0.0097133714883233,0.0072744125892170875,0.01227815584440462,0.0264210561487078,0.0074942574579746285,0.050654081390684606,0.0012462934418385,0.0006700888654456197,0.0018934197599062657
2026-09-12,495403620,9628223555,1676,1.6080578189070776,1.2187395808125094,1.9519466505119794,9.648180729658684,4.070577076091322,16.436034045822197,3.7243686732041312,3.5373504751152485,3.9123138993563433,0.1445961005046649,0.11249163143644984,0.1801678280167272,0.4098922043693369,0.11895094499753421,0.8276060608386688,0.0185526901746753,0.009810994275797779,0.026531684067068573
2026-09-12,495403620,9628223555,1735,1.2340866748655395,0.9346937614343569,1.5045715494754812,2.902858536383697,1.285727789896954,5.130953046761763,3.7243686732041312,3.55110753449695,3.905652269380089,0.0435047846261282,0.03383653498443999,0.05446648942247761,0.0592388632178033,0.01775618351515545,0.11728802950281672,0.005581967891717,0.0030764278313111337,0.008270091186001902
2026-09-12,495403620,9628223555,1764,1.0744777226114322,0.8224450033053472,1.3365327108646765,0.6689519970625548,0.28763021860963356,1.1736697604672541,3.7243686732041312,3.540564161204788,3.912729877523408,0.010025501481612,0.007669344539147089,0.012463242185567002,0.0721125054675981,0.01940425897169521,0.12841320196719164,0.0012863419012333,0.0006767596656918525,0.001884166299725269
2026-09-12,495403620,9628223555,1802,1.7048564431133189,1.2931739079708635,2.087998703772596,7.325324686321521,3.007476560344723,12.113183261684483,3.7243686732041312,3.5410794392822793,3.9132852243139613,0.1097837420599521,0.08466415830700684,0.1367009648259329,0.3278639466288451,0.09562709047974585,0.6829156810711987,0.0140860213072554,0.007477189664916965,0.020495718766327425
2026-09-12,495403620,9628223555,2176,1.5642713707835352,1.1625422655138222,1.9172070691523606,0.6519605830734416,0.286552000143257,1.080286314513975,3.7243686732041312,3.5460029809248415,3.904400702230628,0.0097708532454597,0.007552443410467571,0.012455115246516973,0.0273591554854033,0.008352138373996468,0.055097514371491185,0.0012536687529784,0.0006517316261579208,0.001901036247046008
2026-09-12,495403620,9628223555,2226,1.2359834285367568,0.9365287068372221,1.5014206152351275,2.0332988379977013,0.9077316790358074,3.4653048422108,3.7243686732041312,3.5474895469456498,3.9052833874522053,0.030472800144731,0.023905924446256527,0.0383254692198332,0.0572219436718815,0.01608999993239761,0.11274195415932804,0.003909873211427,0.002097520305911809,0.005821180016299734
2026-09-12,495403620,9628223555,2541,1.0253917246264155,0.771156219547407,1.284493649917372,1215.1865492278894,503.09677623363456,2079.5929069579056,3.7243686732041312,3.5347374948268673,3.9046398475177164,18.211851677273547,13.695240631695919,22.811751273811065,53.22552758027732,14.836752360552868,103.05074047726849,2.3367078399510253,1.2605328208570057,3.4281405436229875
2026-09-12,495403620,9628223555,2584,0.7530368549494553,0.5665118202782844,0.9418141422306053,8.849158073399977,3.7808784187769877,16.19744265075048,3.7243686732041312,3.53879442754369,3.910585649103728,0.1326212460168411,0.10033722666938952,0.16680867739474056,0.1008910784285282,0.028027369412430402,0.19592657564267071,0.0170162326600949,0.009005100388405338,0.02545487391255608
2026-09-12,495403620,9628223555,2633,1.4860321418039617,1.1221831736907417,1.8432708409000558,2.328346570105016,1.0175306558642667,3.9918438665284364,3.7243686732041312,3.537989313866654,3.9090181548917355,0.0348946442955476,0.026713312292878107,0.04387863587902889,0.0896104318843892,0.02414747733543223,0.17200822323187218,0.0044772267171196,0.002427949838677848,0.0066608237945524704
2026-09-12,495403620,9628223555,2723,1.263095555848261,0.9489810655955353,1.537041413204292,15.46872135892556,6.863912759091387,26.328955524013942,3.7243686732041312,3.551390660078161,3.9126298144869796,0.2318278285789308,0.17996747403188723,0.2914889144212659,0.5075675379550328,0.12507928089952944,0.9363720059993177,0.0297451304874842,0.015169171518116073,0.04492687346986927
2026-09-12,495403620,9628223555,2748,1.3266050692515154,1.0161089292222139,1.646578897871638,1.863218678995986,0.8204633370838874,3.1623540966610157,3.7243686732041312,3.536070088999316,3.912479924557291,0.0279238296751727,0.02139613137928098,0.03467189138095713,0.1220339157462476,0.03457781643357918,0.2353529549054149,0.00358282248723,0.0019293500032904094,0.0053259844097555496
2026-09-12,495403620,9628223555,2780,1.5066286954769263,1.1187749534360654,1.9292767121579555,3.6495623208120787,1.5636370290240196,6.204794003183033,3.7243686732041312,3.548503008307899,3.9088989271363648,0.0546955426027607,0.04000446137040238,0.06898588091134847,0.1516500691198221,0.03958575088712232,0.29771415460572204,0.0070178203444154,0.0036541588271384647,0.01058187383496668
2026-09-12,495403620,9628223555,2843,1.4737773804981595,1.1152634576912297,1.7938737059970675,5.873166853905745,2.534496403012699,9.903165302738376,3.7243686732041312,3.5550736922703567,3.9074511603864877,0.0880204308442784,0.06809178992983964,0.10952396109371404,0.1247472681390399,0.035458911710476076,0.22615868100247422,0.0112936363898876,0.006126848239605156,0.016793809432366153
2026-09-12,495403620,9628223555,2874,1.9489016816499254,1.4734420259123526,2.3568777919318333,160.25803073007302,67.61178779322795,273.250796266729,3.7243686732041312,3.5496879725167814,3.905055634262267,2.4017674385899563,1.8867271020543694,3.0179552373435046,12.8511436680233,3.587460610056079,25.44435860391373,0.3081635466258331,0.16121380126967713,0.46588890839053065
2026-09-12,495403620,9628223555,2993,1.4882263281886117,1.1066201206690016,1.845788486942794,0.8563033228960728,0.35818656874651195,1.4548071894765586,3.7243686732041312,3.5404975578378153,3.90801932681913,0.0128333128088428,0.009629745174217136,0.01606197394143849,0.025890601447327,0.006868114060526544,0.05047514550626416,0.0016466037163254,0.0008689801467161635,0.002408405500116692
2026-09-12,495403620,9628223555,2996,1.5141754151083262,1.1399776357419074,1.8894122549231394,2.8371759465556274,1.159267752183039,4.799164986196744,3.7243686732041312,3.5350284390722115,3.908915356368339,0.0425204077133916,0.03222366945447231,0.053407678231805096,0.2488187312271763,0.06518006343960603,0.4756268604395538,0.0054556654546986,0.0029110110821482715,0.00797495612244282
2026-09-12,495403620,9628223555,2997,1.5523322980656444,1.1711626706367084,1.9118982435301544,6.846233188157318,2.9226213883727343,11.866352663328726,3.7243686732041312,3.5486693045133593,3.903638261713617,0.1026036565743507,0.07906506717839576,0.12907204682402257,0.1933194677276697,0.05226904363392179,0.3709252654355694,0.0131647661629111,0.006967792502360743,0.01924863235894347
2026-09-12,495403620,9628223555,3008,1.1598138559163973,0.86826659625498,1.4711350565568306,2.2495636393099656,0.9384241458907945,4.006394234660782,3.7243686732041312,3.538338950877181,3.9141380645151407,0.0337139341805023,0.025151026536857902,0.04261428008386271,0.1236547779404709,0.034921909248192655,0.23877178895261789,0.0043257333582109,0.0022898473599382387,0.006851729926516259
2026-09-12,495403620,9628223555,3165,1.2681230624464987,0.9763589977227621,1.5385470243014792,2.4212527418845484,1.0119917774672897,4.0289778349605285,3.7243686732041312,3.5460401468576372,3.9030080149269537,0.0362870176899266,0.02829607443477983,0.0445889682021913,0.0519924029281925,0.013587963720940323,0.0979011082549045,0.0046558779539317,0.0024488534236644533,0.00685845481795898
2026-09-12,495403620,9628223555,3327,1.5548987576122857,1.1620394410155797,1.963098400956135,0.8158907993276466,0.3588326126076075,1.4178200138356192,3.7243686732041312,3.5417042246619648,3.904143636977154,0.0122276552778241,0.009123701076234328,0.01541317993294967,0.0479798123210358,0.01408590527745193,0.10133070365594098,0.0015688936225834,0.0008475567143076024,0.0023252158459833357
2026-09-12,495403620,9628223555,3374,2.2796650343546103,1.7357348079361288,2.8496850697644214,60.46061661620268,25.415742998810053,105.79839539495003,3.7243686732041312,3.538550585960898,3.9027166469629977,0.906115841086626,0.6860299090175505,1.1263047353506381,7.743792817880241,2.26896146624054,14.812872484358264,0.116260994614465,0.06213666312457334,0.17708296548637822
2026-09-12,495403620,9628223555,3379,1.5080731648158885,1.134681333806018,1.841567031234012,1.2111646670272864,0.5122861195323064,2.0837868496565926,3.7243686732041312,3.534779291424728,3.911640431697166,0.018151576222326,0.014145908258142553,0.022958550122328725,0.0609651431622316,0.01783544827445908,0.11142479052359734,0.0023289740778587,0.001240922819597625,0.0034157551537048066
2026-09-12,495403620,9628223555,3382,2.2897758780983604,1.7285566927506708,2.80100444437776,38.46663952858681,17.125212112319318,64.48390338914908,3.7243686732041312,3.5339034745227726,3.8997693560613502,0.5764948057258273,0.4489669420463782,0.7275193259929655,3.0619210524368268,0.9028669288149451,6.04210529442566,0.0739683122892781,0.038894763417235086,0.10975924445986265
2026-09-12,495403620,9628223555,3393,1.8324086955086718,1.3724243385813004,2.292159276533663,9.354578400253097,3.888659045305827,15.606884661995762,3.7243686732041312,3.5503075225407534,3.903459241964746,0.1401959184267494,0.10568265115185732,0.17650556088091715,0.3105567006535693,0.08281369817830024,0.6777975165439865,0.0179881160643168,0.009559298293038643,0.026451654281862417
2026-09-12,495403620,9628223555,3575,2.045521180030956,1.5436526928551753,2.4853984340319566,4.501770389580534,1.961628337666004,7.756205571662501,3.7243686732041312,3.545133706219105,3.901572341790505,0.0674674803405905,0.05285513100679973,0.08510078753004752,0.2146003173766646,0.059013603545242696,0.4438632628770286,0.0086565492102229,0.00463906919135123,0.012727321481302756
2026-09-12,495403620,9628223555,3923,1.2905451078916974,0.9681062692860162,1.6020130051214923,0.6580157862143067,0.28711325914516067,1.1510518579436642,3.7243686732041312,3.5344133838849277,3.9055502236303776,0.0098616018317959,0.0074733033535048085,0.012366749252313009,0.0713471507870462,0.019563610952548743,0.13746096074584643,0.0012653124307831,0.0006614897975804359,0.0019870044272055003
2026-09-12,495403620,9628223555,3989,1.592987365784818,1.19401776048267,2.004239006278078,3.8253781107758584,1.6376142121003097,6.6501674455822135,3.7243686732041312,3.5331498401934733,3.9158711479285113,0.0573304722696316,0.0429850927741711,0.07215336528298327,0.3475368479996276,0.10210647950837418,0.7099126399794137,0.0073559002343356,0.0038531640127955876,0.011245842627413039
2026-09-12,495403620,9628223555,4002,1.5138167354084548,1.1474242949945932,1.8568812682879874,0.9959226404866119,0.4365246454455511,1.6903299255953692,3.7243686732041312,3.545365246091364,3.9092379646275637,0.0149257703865346,0.011512797810092361,0.018631206423108875,0.0491961821233973,0.013203502336699396,0.09510192779036189,0.0019150806462501,0.0010316322968648897,0.0028413845907975096
2026-09-12,495403620,9628223555,4016,1.6161358170154638,1.2226732041118085,1.9534418249573393,1.7306442214131739,0.7599255792326807,2.8989531149670635,3.7243686732041312,3.5405869613869547,3.8990111997030645,0.0259369525498233,0.020453135022004274,0.03267758651217587,0.058099819985395,0.01567368855840658,0.1161442298044778,0.003327892267168,0.0018174065555030417,0.004907859109981517
2026-09-12,495403620,9628223555,4047,1.476602789629981,1.1193358753123612,1.7995543109104797,1.982510915440216,0.8488117756344228,3.468315869042844,3.7243686732041312,3.5506707177148873,3.9018913010775456,0.0297116477824032,0.023105041742839456,0.037145920923975916,0.0509159134488991,0.013536455940498992,0.09853916921760163,0.0038122120441845,0.0020853391061415832,0.005617639451976982
2026-09-12,495403620,9628223555,4188,2.071038804641882,1.56240186387225,2.509159747574942,42.536033208350965,17.93189990087351,76.58883190481889,3.7243686732041312,3.5371489197433887,3.903965816311562,0.6374823093806269,0.4998639756920006,0.8027630334987791,2.4610875854495387,0.7256878818264534,5.00313264645923,0.0817934352067379,0.043106217241335835,0.12628955329400135
2026-09-12,495403620,9628223555,4189,1.4207625797276058,1.0761032969500057,1.7437847608021777,0.7853491971398229,0.3338417647850778,1.4130029346512698,3.7243686732041312,3.536542908883159,3.9135647513431406,0.0117699320341095,0.009128993336804225,0.014793189060398454,0.0263039619198674,0.007551743800474323,0.05222477198475876,0.0015101645317106,0.0008169593462171899,0.0022686925651969766
2026-09-12,495403620,9628223555,4321,1.471191185605459,1.1012592229950788,1.8335961295240895,3.48440142681062,1.4806151440954838,6.050366169733276,3.7243686732041312,3.5366304432231477,3.9147670375584354,0.0522202965540354,0.039700525700421145,0.06610135810384869,0.2280296522890763,0.07031837696734876,0.4708815797695781,0.0067002289786191,0.003543595530780204,0.00987172987662353
2026-09-12,495403620,9628223555,4560,1.5854108020524673,1.1957036549802982,2.0034447479360753,0.5541160822906857,0.23172737932938217,0.9643079770702188,3.7243686732041312,3.5366046387232126,3.9108815666201036,0.0083044697203749,0.006219061404451368,0.010420262458799078,0.020969518845475,0.005943444535590528,0.04376062122682217,0.0010655214991922,0.0005752081464755991,0.0016030011475225692
2026-09-12,495403620,9628223555,4634,1.9851237157476826,1.498598645082389,2.4769168687583654,10.864143493544672,4.753628914616707,18.638326866818677,3.7243686732041312,3.530757981357434,3.9151339610582943,0.162819585215757,0.12370216441519362,0.20445768061296082,0.6631444957543036,0.1951071271230979,1.2671114181728882,0.0208908906141603,0.011392680406388682,0.03153129703177874
2026-09-12,495403620,9628223555,4865,1.250298075707663,0.951224318892769,1.5779243158480216,2.848676604241667,1.2576973983328459,4.834373229365096,3.7243686732041312,3.540519502594684,3.910327200971725,0.0426927666586929,0.032212037215182523,0.05343445891291152,0.0531563499891245,0.015011142968171565,0.09854781809492659,0.0054777803118755,0.002988471975238255,0.008328682951707812
2026-09-12,495403620,9628223555,4888,1.4111696755614886,1.0696568136920634,1.7126274879059429,1.3444136390086383,0.575329014597839,2.329206306044638,3.7243686732041312,3.5329239540552146,3.9168737577094985,0.0201485622121853,0.015830965492587872,0.025346960523581732,0.0476462602644922,0.013645107636394626,0.09500400751422661,0.002585201335881,0.0013867541328929185,0.0038303184567248117
2026-09-12,495403620,9628223555,5249,2.0270316904256767,1.5219010696996649,2.5741774242280306,10.536073444950826,4.546161505584856,17.080761608144634,3.7243686732041312,3.5500346822535076,3.907049382245575,0.1579028396604813,0.11794572331017154,0.1994960278786091,0.1624162227948573,0.045963472471675156,0.3056233524897564,0.0202600377997595,0.010734655632195063,0.030174728976040007
2026-09-12,495403620,9628223555,5313,1.0983612420191688,0.8351873253735104,1.3510778099795326,0.6088956243771393,0.2616839845796444,1.033605874394201,3.7243686732041312,3.5472048907385196,3.902255611795268,0.0091254439947045,0.007011160046821643,0.011341913931990603,0.0194447108168969,0.0058388191453209995,0.03885117296088332,0.0011708582357976,0.0006365140255833263,0.0017311657030754048
2026-09-12,495403620,9628223555,5436,1.4279494233589596,1.079875997143757,1.7369538503698292,0.688047386784356,0.29896758692062386,1.128979631077105,3.7243686732041312,3.5303519110598645,3.9117495797954565,0.0103116817438558,0.00802999901525176,0.012916054940473602,0.0267128593148051,0.008513934729699538,0.055053922080933196,0.0013230608287907,0.0007105931340053516,0.0019733547287498236
2026-09-12,495403620,9628223555,5702,1.4732399877616174,1.1116120648870724,1.8276130532774808,0.8942637496944924,0.38366903554807336,1.570102027215546,3.7243686732041312,3.533676947803386,3.913864051976338,0.0134022210665075,0.010244250734268453,0.01684268492056672,0.0354049890749499,0.009838489854289928,0.0720216139884777,0.0017195986214814,0.0009256845283969479,0.002597273026815462
2026-09-12,495403620,9628223555,5703,2.2676992024321057,1.714737185450436,2.8145425609438792,61.65046689412663,25.87065816045506,105.37582796775582,3.7243686732041312,3.532837872544754,3.9105226991258584,0.923947981175308,0.7061241300642894,1.1590210058069914,2.020943220887758,0.6089981136063094,4.0759494360268205,0.1185489828040639,0.06401902155557278,0.17645929695206417
2026-09-12,495403620,9628223555,5705,2.1908594853945056,1.653710862171837,2.6658185395767555,3.5249433101690717,1.4823221608726902,6.133550310798788,3.7243686732041312,3.534012996347071,3.9093526599717263,0.0528278927843513,0.041170416209959294,0.06636762285667107,0.1932901308366008,0.05367597802260386,0.3834802249203306,0.0067781878210292,0.003546601327411933,0.010260626584692688
2026-09-12,495403620,9628223555,5911,1.572836407226984,1.1816756764835485,1.985346789502383,1.0688723593226663,0.4580369465480474,1.800278669576856,3.7243686732041312,3.53236294743745,3.9136756898467353,0.0160190588698421,0.012005535348920153,0.020170636948511175,0.0790709792541302,0.023468472405003365,0.16741000151432672,0.0020553571988787,0.0011113242206821942,0.0030992841533689537
2026-09-12,495403620,9628223555,5964,2.0211907238165705,1.5251495980069896,2.4665248695968085,50.43508920338527,21.50181421057135,89.39813917153803,3.7243686732041312,3.5436802630030275,3.9035965977277853,0.7558644921520271,0.5861755713947774,0.9479803551765985,1.101830188348034,0.3031090951145522,2.210572094398561,0.0969826965456958,0.05277040752928359,0.13950317372897114
2026-09-12,495403620,9628223555,6159,1.9073898267771692,1.455844182240339,2.3702458111712987,1.2997996412091417,0.5479886973101954,2.204419485442923,3.7243686732041312,3.5366443053849816,3.9150238800579946,0.0194799377024992,0.01478895469796356,0.024077953099336948,0.0615950174556512,0.01712012694422194,0.1295653578190173,0.0024994121387442,0.001309069589684504,0.003737576509017108
2026-09-12,495403620,9628223555,6229,1.3555263876769021,1.0149128561213718,1.66331260524081,0.819754062717098,0.3540022133414289,1.4023152257967786,3.7243686732041312,3.545057583427721,3.9059650488669595,0.0122855535321157,0.009479321068794412,0.015535397081387427,0.0449166775371672,0.012811682499978166,0.09298109041080295,0.001576322373219,0.0008546364618630944,0.0023719590679222922
2026-09-12,495403620,9628223555,6261,1.343662183406855,1.0123875600042285,1.6294528634088798,808.8946783544638,348.7481954412341,1412.3699495149012,3.7243686732041312,3.5383614233031238,3.903511256184843,12.122805271410826,9.43657912187449,15.188264841968532,9.685086779600972,2.7768294318895212,18.01910891138957,1.5554406340380502,0.8385568457374643,2.2698960181695615
2026-09-12,495403620,9628223555,6298,1.9518316523869708,1.4588405989474047,2.4429002007884413,58.377580652718336,24.282916592407016,101.99681523423511,3.7243686732041312,3.547585189539745,3.914675605302849,0.8748976367463069,0.66417630295937,1.1121958252526436,1.7340713434183816,0.46993991006981695,3.256569446172587,0.1122554808356411,0.059895602823596385,0.1669253184273501
2026-09-12,495403620,9628223555,6360,1.748290502461535,1.3452896928390554,2.1287478291884994,352.82646490892785,149.7357365635414,597.8745414136174,3.7243686732041312,3.5490823584619093,3.911544309708465,5.2877669283131015,4.068846846826845,6.438479830838097,13.523422129497447,3.768530660495942,26.23787547316517,0.6784574493675405,0.36279408544813724,1.0064590040695958
2026-09-12,495403620,9628223555,6377,1.193977227677423,0.9059532588516904,1.4567928291216135,0.9720540151653633,0.4099017809790715,1.6601914399322986,3.7243686732041312,3.534211698357675,3.9084706956781985,0.014568054228166,0.011300582635957901,0.018171579413366154,0.1790966594233316,0.053367266707291465,0.3554587063580616,0.001869183163306,0.0010002231768690274,0.002720034293409392
2026-09-12,495403620,9628223555,6474,1.7442573506375647,1.2984955912646325,2.225224971292044,3.954125904723318,1.5894127323318206,6.7090243443310555,3.7243686732041312,3.5434207034466243,3.9184671459220723,0.0592599996567123,0.04355376802065147,0.07463798922577553,0.1475957439475656,0.03623553178392232,0.26076426908761074,0.0076034720822009,0.0039856927763777805,0.011202223097500987
2026-09-12,495403620,9628223555,6500,1.484139902632459,1.1180298572339884,1.849769796755689,4.505454321013313,1.960971010962863,7.963263201546384,3.7243686732041312,3.5460991501442334,3.9097838466586845,0.0675226909688563,0.051240449571857,0.08477682631582471,0.2801452015663779,0.08155725506969465,0.5731046666341176,0.0086636331196574,0.004650116671303148,0.013179089018065969
2026-09-12,495403620,9628223555,6504,1.4719913727583087,1.1161920938568737,1.8530129669416162,1.4332847637172577,0.6373099173454766,2.4328669292659906,3.7243686732041312,3.5412929427053026,3.8973454161119276,0.0214804628513211,0.016232293089393585,0.0269475504769557,0.0476369772527072,0.0142822929522601,0.09340919701689021,0.0027560934955941,0.0014824443310815464,0.004200090377256309
2026-09-12,495403620,9628223555,6538,1.3564091339222466,1.0203973467637173,1.6584807888347726,0.9700181468055253,0.4321435132549486,1.6464398954593606,3.7243686732041312,3.5367014220699073,3.9270892648554954,0.0145375429189128,0.011271130579072721,0.018319288650765948,0.0651081573978487,0.01799639554792906,0.12406356454779054,0.0018652683491069,0.001011026749914272,0.0027629211100533534
2026-09-12,495403620,9628223555,6574,1.4300383618373358,1.0780453970535042,1.81108111977592,2.2624183539055682,0.9641364239123833,3.923124332694542,3.7243686732041312,3.544343927931254,3.9048235978079187,0.0339065862105281,0.02535528896800746,0.04259605554408577,0.1398822276540698,0.037298858904714106,0.2718908009001891,0.0043504519599721,0.0022832591748622112,0.006553249719336112
2026-09-12,495403620,9628223555,6617,1.4466170799304299,1.0865240539628815,1.8293453534279167,12.640876550483783,5.423032933427095,21.562523423283892,3.7243686732041312,3.536424759353349,3.90787924842561,0.1894472654872704,0.14190593832808462,0.23892243154441803,0.2498250422716127,0.07367426509794692,0.5215227706519345,0.0243074080750289,0.012834389613328319,0.03608697850107405
2026-09-12,495817671,9630806627,110,1.9182678821440684,1.446022320301949,2.4437225519966423,33.50983824775511,13.988828615526035,57.716129829622666,3.688613474484667,3.5097585893736922,3.8855188958080724,0.467183498374756,0.34519296114691184,0.5833629827387732,1.0691891313964528,0.2915883022191379,2.063435381725529,0.0599429076566843,0.03164881484192732,0.08747323807072764
2026-09-12,495817671,9630806627,235,1.5962766173701337,1.1968405582889086,1.9664743516232541,1.7565366244184057,0.7246297192431183,3.1148303574822753,3.688613474484667,3.501859045250136,3.8688188234383603,0.0244890744966264,0.018771872478305453,0.030843264293967197,0.0455309739678485,0.012609046274302899,0.08912288852078734,0.0031421193947467,0.0016680915172140804,0.004601532203491505
2026-09-12,495817671,9630806627,299,1.5690087932507781,1.1839371603833535,1.9016370758246361,1.7470783018167095,0.6948820966833951,3.0210550664272455,3.688613474484667,3.5036341733007585,3.870973395118401,0.0243572095735806,0.019069777561834037,0.0306298311867102,0.0492620076044539,0.01431625573657498,0.09940979394122722,0.0031252002036092,0.0016937042213056128,0.004683252096711114
2026-09-12,495817671,9630806627,308,1.3762375484088079,1.0396695558772955,1.7153860744286136,1.3659330316710343,0.595845441794238,2.3267107788369565,3.688613474484667,3.503374676999044,3.881875237500537,0.0190434035390923,0.014521481766546477,0.023959485455340955,0.0326319092105489,0.010179707007229272,0.06633209880059152,0.0024434017549504,0.001320953011437583,0.003598489684830538
2026-09-12,495817671,9630806627,353,1.4675553158279502,1.104259100622476,1.8247867131678142,45.582895957869134,20.118794024742815,78.20247076768565,3.688613474484667,3.4989031336477225,3.8756533839770277,0.6355022260089978,0.4826774152056267,0.7976237945577358,0.6172527844699154,0.1762233990017116,1.2145782312050346,0.081539376672755,0.04472503850177698,0.1194917305374444
2026-09-12,495817671,9630806627,444,1.5605860628468844,1.1892977816650812,1.9001185445306463,3.5024206480732505,1.5144899182773932,6.142253198094444,3.688613474484667,3.5174025929835793,3.8621526321947273,0.0488296338242235,0.03805543583046123,0.06080044918642472,0.2265889761062849,0.06369765495751255,0.4147254276029282,0.0062651832554394,0.0033870957988248957,0.009461934294570283
2026-09-12,495817671,9630806627,505,1.5258561600291607,1.169714321086488,1.8436293602948168,1.9006874116912293,0.8265779814466484,3.21226829581807,3.688613474484667,3.5077119391490754,3.8727851358673844,0.0264987788883241,0.020573880094272076,0.032427242172219775,0.0382314708549868,0.010970724500840913,0.07901999299570107,0.0033999785126048,0.0018050964359269388,0.005134011645414941
2026-09-12,495817671,9630806627,530,1.2995962383766277,0.9792773716119374,1.6011345973401088,1.2910327181908616,0.5408989276178731,2.277660680128499,3.688613474484667,3.4896293453620313,3.889134398775717,0.0179991672099785,0.013792039109215714,0.022550210620392065,0.0298082966762265,0.008512154822478472,0.058986336483869896,0.0023094189364956,0.0011994443833042124,0.0034306628475202134
2026-09-12,495817671,9630806627,679,1.196347477914505,0.8978870989303535,1.5017505165158513,3.798626018383331,1.6687769601397595,6.671378168297768,3.688613474484667,3.5030933433264755,3.873657878792798,0.0529592348123191,0.039990579001282583,0.06688576785777037,0.037959665180039,0.010743691581429723,0.0745608586328022,0.006795039921074,0.003641511269263097,0.010413451830290665
2026-09-12,495817671,9630806627,815,1.294835730667175,0.9772559563207318,1.6296600556150593,40.20711262852625,17.148193833150273,70.86570291658347,3.688613474484667,3.50397086945894,3.873078506067555,0.5605547659902866,0.42102227551677057,0.7020915866473942,0.6022647969419601,0.1727398068300097,1.1310031221206185,0.0719230937975391,0.03711727911923354,0.10631741685165202
2026-09-12,495817671,9630806627,875,1.7944051362502684,1.342046235148849,2.2701314589525468,0.5996657419998742,0.2561205591586878,1.023374712076748,3.688613474484667,3.500777959336512,3.8738916902940526,0.0083603488960966,0.006269471194349241,0.010605110354721647,0.0242586968935993,0.0070244106909086,0.04687272603068236,0.0010726911879374,0.0005599443971230668,0.0016113783792348554
2026-09-12,495817671,9630806627,1089,1.5291472158625987,1.1628282703320443,1.864358058051248,5.878339199799336,2.4596104831793095,9.960302059209786,3.688613474484667,3.504317033552806,3.8774781156342475,0.0819539339966732,0.06388649751267954,0.10242897338940463,0.1462951833113348,0.04167768258344118,0.2815634510545613,0.010515262449882,0.005655786049357005,0.01565058565813115
2026-09-12,495817671,9630806627,1164,1.519796664810076,1.147294279195761,1.8488838204406974,3.5335325581300627,1.4852817640633733,5.92023138038487,3.688613474484667,3.5090991639204123,3.872740080978675,0.0492633861710417,0.0383572810246896,0.06181339107467746,0.0903226577281751,0.024987844828279638,0.17442792964702417,0.0063208367127247,0.0033265616318574674,0.009519890320392181
2026-09-12,495817671,9630806627,1207,1.5925851360148005,1.2119626845391331,2.0253645857078166,1.641859512718675,0.6650985579792781,2.958052271329747,3.688613474484667,3.512979640795903,3.864972192162021,0.0228902827080393,0.01702656420870274,0.028453846479357725,0.0341860685822296,0.009886392690028821,0.0658628860859407,0.0029369832354454,0.0015279016456707201,0.00442031545367501
2026-09-12,495817671,9630806627,1424,1.4281045687793348,1.0777740002608813,1.761858811324237,41.11577635011968,18.08458232614819,68.79035481342719,3.688613474484667,3.5095139881293487,3.8830649548539427,0.5732230663611093,0.43878050305082483,0.7172833063077283,0.0372430660060198,0.010886516318721336,0.07651654328733952,0.0735485252649113,0.03870760667728134,0.11349669579684608
2026-09-12,495817671,9630806627,1438,1.993547816358383,1.5125015109676379,2.432819645687797,21.729237244802082,9.287411298221539,37.24226374018454,3.688613474484667,3.5046102888843262,3.866653125982073,0.3029421090602176,0.23531553105531353,0.3784989586691875,0.3146354704105141,0.08657604278984059,0.6153958037750923,0.0388695896406666,0.020157991714898363,0.0576323396367971
2026-09-12,495817671,9630806627,1486,1.3777259795943724,1.0383655546850792,1.6910312422206333,1.2005580812059349,0.5035810763919037,2.054814532651181,3.688613474484667,3.4956899903507703,3.8731747486829957,0.0167377986200052,0.012919082308157059,0.021039347444309763,0.0287084635707294,0.008449332610961072,0.05497481096376084,0.0021475765315887,0.0011564570873763523,0.003155571841652383
2026-09-12,495817671,9630806627,1575,0.93906842956613,0.7126055502332953,1.1477589643508432,0.8176118311617803,0.3665743252931843,1.3675614113509624,3.688613474484667,3.4965759033266264,3.8792350843843897,0.01139888389704,0.008857529962491834,0.0142663910113076,0.0084873139616124,0.0025046397987503223,0.016832184045453856,0.0014625564627315,0.0007614252599978291,0.002173921787324674
2026-09-12,495817671,9630806627,1590,1.7689628836748623,1.331739908114531,2.158358242943714,1.6239857866067973,0.7060339622582715,2.755646866635981,3.688613474484667,3.5080920928933668,3.8694279849256494,0.0226410929079513,0.017550092568211027,0.02844352480010764,0.0381709698502571,0.01049067118045403,0.07405882633646721,0.0029050104426827,0.001557119446667876,0.004427316476838644
2026-09-12,495817671,9630806627,1738,1.5803556503702865,1.1871128029126612,2.005982893250137,2.327999394724106,1.0458270057739518,3.965483114914081,3.688613474484667,3.5001572989510956,3.868293799078775,0.0324562265386161,0.02426155984048506,0.040997177255747454,0.0382698444187928,0.010253923680191535,0.0772924719875594,0.0041643606785273,0.0022188968120137177,0.006059712393922779
2026-09-12,495817671,9630806627,1785,1.1328544537061316,0.8591100658508932,1.384566709403979,0.887274287866637,0.3826161595454476,1.5306014622342554,3.688613474484667,3.4982706271060016,3.8736850463122137,0.0123700956942481,0.009601826832798996,0.015474531699837429,0.0136173682874571,0.0040074477379113665,0.027613712648115688,0.001587169723426,0.0008273547381735085,0.002404968624777328
2026-09-12,495817671,9630806627,1817,1.3842619674072063,1.0546723071362212,1.6789484759518598,1.8900948713375492,0.7788202180537009,3.277155277787302,3.688613474484667,3.5065395399476027,3.867649238935315,0.0263511010624116,0.020596454417334053,0.032787693494484314,0.0257901977891493,0.006969770723102209,0.05212981522544216,0.0033810304155242,0.0018091353079705342,0.00492212871641125
2026-09-12,495817671,9630806627,1924,2.182918099021261,1.6357500907111713,2.7657339301978316,17.111620302953384,7.248066155047997,28.91209479295806,3.688613474484667,3.4964819762320993,3.875964903981819,0.2385647634849391,0.17593211501287367,0.2974668457398783,0.2540406260943046,0.07028035256102265,0.48955914268682593,0.0306095263156005,0.0165531051209541,0.045724326979142034
2026-09-12,495817671,9630806627,1976,1.5735641935083537,1.2042100409273317,1.9902830613266789,0.8365383500909073,0.3543875264410244,1.4520635866520417,3.688613474484667,3.4925968319868286,3.8824728055749205,0.0116627513994729,0.008747515576877791,0.014457642921941596,0.0123753593942086,0.0034527242804081298,0.02404171568565367,0.0014964125072771,0.0007835539879943202,0.0021840330965247484
2026-09-12,495817671,9630806627,1981,1.6428753611584008,1.2422607097357836,2.086764695524552,5.181765732344833,2.2512972171369503,8.884953305421044,3.688613474484667,3.495395701849042,3.8704278104561087,0.0722425284388672,0.05407147437499931,0.09082992231534695,0.0874494693592961,0.02286634891612408,0.16795155958350835,0.0092692212506673,0.00498442864662356,0.014062746340011586
2026-09-12,495817671,9630806627,2019,1.314189943391786,0.9795798338178423,1.656883186198532,15.541638589171038,6.560085755436757,26.17885716836313,3.688613474484667,3.507353598890615,3.8772055526685234,0.2166765781703362,0.16256093326277257,0.27495918939661995,0.2671364884173355,0.07512815489162342,0.567858414473603,0.0278011191786833,0.014777746478913447,0.04134428855683357
2026-09-12,495817671,9630806627,2128,1.3180033715477169,1.0076871367276825,1.596123333559275,0.5591724302775741,0.24679443775450147,0.9469059055207318,3.688613474484667,3.5048264062431786,3.86963219003081,0.0077958040334406,0.006119480964096809,0.009693015630769422,0.011415864522481,0.0033385573607642395,0.02267233668447334,0.0010002561368537,0.0005349428413778279,0.0014769635467675943
2026-09-12,495817671,9630806627,2438,1.527342061614715,1.1535594640150189,1.8860886828042416,9.843411622826748,4.198753900404942,16.482808053652132,3.688613474484667,3.5019343638376443,3.8851404846041295,0.1372337116011895,0.1058096931531783,0.17300058732351642,0.1414880952365343,0.042441642515801,0.29901847021226796,0.017608044227828,0.009225654096045286,0.026569698707775855
2026-09-12,495817671,9630806627,2533,1.3616965647806614,1.0355682170544114,1.633787875204603,322.217847903353,136.83711621152403,555.2522283127048,3.688613474484667,3.500543152573107,3.884313764590408,4.492258670701227,3.5590145927475048,5.614957402974827,3.769470713402951,1.0420980974347283,7.294937837277726,0.5763881806710949,0.3213540143427784,0.838565751031287
2026-09-12,495817671,9630806627,2541,2.1555947122129178,1.614822486142264,2.7082313212849027,18.070732080487105,7.80257232167053,30.439260945241024,3.688613474484667,3.491523004622501,3.8801585749882257,0.2519363945936226,0.1907489974225638,0.3199067159071648,1.230782956757591,0.35418015008647874,2.386418157341074,0.0323252000317216,0.01685008825342281,0.04885836419066637
2026-09-12,495817671,9630806627,2586,2.365796623049655,1.7802307469685037,3.00585773685631,16.045154967097904,6.812711775917067,28.29174223996655,3.688613474484667,3.4963919813238973,3.887280236032051,0.2236964432377129,0.16550874684372222,0.2794557660936729,0.3455964984359749,0.0991729673590245,0.7044115919926779,0.0287018169237021,0.015256118779788268,0.04333722081324527
2026-09-12,495817671,9630806627,2821,1.6786328630780925,1.2532294372434827,2.129127833239572,17.907779165693977,7.630703756760148,30.79182688230384,3.688613474484667,3.5040945010858255,3.871689489891588,0.2496645569249189,0.18691220170199,0.317547576835668,0.4871424302148746,0.13412707024925846,0.9712119878684894,0.0320337073825595,0.016714210199422964,0.04897909229067882
2026-09-12,495817671,9630806627,2869,1.491416579021946,1.125180758966507,1.8167889959919765,0.8800334447528889,0.37991020542747644,1.4963267588235745,3.688613474484667,3.5098761800963056,3.867913444097825,0.0122691461643801,0.00962999028449058,0.01554919975386187,0.0284972524563009,0.00825363848795517,0.057890624705789706,0.001574217193279,0.0008601612520904398,0.0023543778835927393
2026-09-12,495817671,9630806627,2899,1.2155418603614287,0.9176734363027905,1.519989940289608,29.250476924124243,12.417195566773945,50.972643728274726,3.688613474484667,3.4986319259192764,3.8826352396858743,0.4078008385927647,0.30988923733621465,0.5132855615526799,0.3413423011926599,0.09714741062100739,0.6557328326675014,0.0523236974232251,0.028743300668547595,0.07840382072832615
2026-09-12,495817671,9630806627,2933,1.485407192042732,1.1161149814289284,1.8447930561518697,43.29838065340817,18.397595821977564,72.8452222703607,3.688613474484667,3.493788691398295,3.8885373825325544,0.603652240815463,0.4590615611497225,0.7587690116979063,0.90106485445277,0.24327454469502832,1.7868649068397022,0.0774528009953937,0.041975612001901655,0.1156238988348457
2026-09-12,495817671,9630806627,2987,1.29748725724604,0.9732833169180275,1.6375968170417414,7.730159596179404,3.4050498536054463,13.08714751409791,3.688613474484667,3.513803089950367,3.870991145547591,0.1077714245123287,0.08123387903722798,0.13667998871793952,0.0317762985989587,0.009594905157103492,0.06028386110515195,0.0138278269032306,0.007261382984462685,0.020342045304228815
2026-09-12,495817671,9630806627,3132,1.1470498756134857,0.8622909489652504,1.4282283014615655,0.7147776962169186,0.30525334401042814,1.2131237981773435,3.688613474484667,3.4976248646433237,3.876454397623483,0.0099652031206459,0.007545177491671645,0.012497215755410305,0.0539690186560934,0.015607415410413956,0.10298988768210643,0.0012786052001387,0.0006765320365214344,0.001928493041771288
2026-09-12,495817671,9630806627,3135,1.6801576556787623,1.2529914798418484,2.1193804251598514,3.239010116416212,1.4332601642247396,5.324465367488509,3.688613474484667,3.4945965105717476,3.8790278991693175,0.0451572480377438,0.03384578782081504,0.0572486737519368,0.0827097500727028,0.024014831394536983,0.1678972347500345,0.0057939904953259,0.0032332098293740255,0.008483408907336442
2026-09-12,495817671,9630806627,3157,1.3667557648353446,1.035335875388322,1.7125962717173537,1.4745048569204975,0.5985413504493016,2.499313314638793,3.688613474484667,3.510304118504314,3.86509168468648,0.020557077367356,0.015483609137386176,0.025612144115420586,0.02083676986493,0.006127228518454508,0.043277403739367136,0.002637616685113,0.0014026306065362936,0.0037509078297381627
2026-09-12,495817671,9630806627,3215,1.9732326703928251,1.4859390356734972,2.455992787317566,2.339906129430281,0.989301952551916,4.019315646709468,3.688613474484667,3.50366471184064,3.8794080734211978,0.0326222264438715,0.02494423025564754,0.04122837693953018,0.3284251821792585,0.10227965920713122,0.6436561008751126,0.0041856596264276,0.0022699493406172985,0.006187512182463451
2026-09-12,495817671,9630806627,3327,1.6983315996100299,1.278142637255359,2.1289928232461848,1.124082745285785,0.4918144171857773,1.8692105955081806,3.688613474484667,3.506527966827179,3.8698111048817276,0.0156716038293767,0.011785910921242955,0.019631703934671573,0.0283419923483823,0.00805649454726578,0.057193123627361446,0.0020107762890694,0.0010697058504662753,0.002927247901749996
2026-09-12,495817671,9630806627,3412,1.6217547986542236,1.2141922366988875,2.023220179919328,1.0888976460615698,0.47943420951648286,1.8498346735354472,3.688613474484667,3.511299538319701,3.8664940413698967,0.0151810643757184,0.01152655266472979,0.019206827665815118,0.0191146742577023,0.005698079661552929,0.038585117559369005,0.0019478366491316,0.0010336264896711395,0.002911811421570978
2026-09-12,495817671,9630806627,3567,1.9521885008238373,1.4630545191541389,2.464597151159716,388.59688213953257,166.9467321183531,643.9019720544413,3.688613474484667,3.493710124095833,3.9034964168491064,5.4176940369932005,4.056005293057832,6.832567726962397,10.676825906338951,3.145125097157058,20.978343272475218,0.6951280053799102,0.35698237708287345,1.0498569461525005
2026-09-12,495817671,9630806627,3575,2.8244258589341844,2.1236781913511504,3.5871840585594823,9.995071700648078,4.209060663833859,17.6200403591458,3.688613474484667,3.514790703344341,3.8726221950208237,0.1393481081314414,0.10346634562255877,0.17476886428753577,0.4719894202935852,0.13519266952648173,0.9494163653795219,0.017879336078682,0.009594094059653635,0.027087873409992778
2026-09-12,495817671,9630806627,3587,1.7767952764423711,1.3495771771051206,2.1637718563374104,16.972349652749713,7.266694389693847,29.615431331906123,3.688613474484667,3.515205004924931,3.8763005916265167,0.2366230964108691,0.1847067312790513,0.2961395850394044,0.4417980158234261,0.12742172297321905,0.9353801236162133,0.0303603968610588,0.016383808081371742,0.04427430192411475
2026-09-12,495817671,9630806627,3830,0.9390684295661299,0.7063711358074801,1.1459801922601118,1.2857489063284055,0.5400572066694069,2.1936672961094636,3.688613474484667,3.5036846499098266,3.867618816657127,0.0179255019868758,0.013982077674905476,0.022683795038252966,0.0204351540105592,0.006041319465662703,0.04167087047203584,0.0022999671735774,0.001233323467126707,0.0034273486184792945
2026-09-12,495817671,9630806627,3905,1.9711913513365793,1.5054453369707743,2.452246064593528,1.32869106617899,0.5795041973928985,2.323951495033745,3.688613474484667,3.5021350062144485,3.8696175187471815,0.0185241879106465,0.014189445483760686,0.023113434272102076,0.0616600580205337,0.01875188087311414,0.12203365183116327,0.0023767827613899,0.0012848412121056624,0.0035437697345021804
2026-09-12,495817671,9630806627,3989,2.8774001365898383,2.152222308555594,3.5886838924673112,64.86519295135162,27.331605695686555,113.67029398488654,3.688613474484667,3.4996597750584004,3.8746593195370735,0.9043298729678628,0.6830296605525483,1.138905205299548,7.639319562356648,2.2553597136625063,15.804304007344482,0.1160318424239591,0.06236283740484976,0.17102885616878097
2026-09-12,495817671,9630806627,4002,1.5992693411976895,1.1813425093458805,2.0125463264754115,2.7610140469462396,1.1310191315969955,4.664848765464261,3.688613474484667,3.513876297050453,3.870670883161414,0.0384931789875351,0.028795187078416058,0.049055754378065,0.0975389297875049,0.02827574583459097,0.19931696039030825,0.0049389438657166,0.00257501100036239,0.007346345570355758
2026-09-12,495817671,9630806627,4054,2.2222242696425494,1.6969766452733648,2.716092492865659,18.275166360703516,7.656840481146921,31.27800598064717,3.688613474484667,3.5121873937308843,3.867165303145867,0.2547865522551752,0.19911001287168287,0.31868512316976844,0.4931495578859976,0.13664563090590237,0.9236881497678295,0.0326908951774359,0.018235304900780524,0.04786425122934249
2026-09-12,495817671,9630806627,4256,2.3455433384044935,1.7793901923979196,2.964855815297243,1.814668760895177,0.7655977313278933,3.1930394605721237,3.688613474484667,3.509405662018467,3.8698074411803662,0.0252995342394166,0.018821853172067388,0.031361304202730145,0.0430707571731074,0.012579216692232902,0.08752315396827451,0.0032461070434768,0.0016723327616487067,0.004933904136051051
2026-09-12,495817671,9630806627,4563,2.4986286176617227,1.9138605033283935,3.1163065188467782,12.95994345693805,5.53528420254428,22.14392580620062,3.688613474484667,3.5111687830161276,3.8630515648143593,0.1806834064129498,0.13698305760384227,0.22304718376288582,0.2527489194319063,0.06799588969185917,0.499060241002816,0.0231829437113779,0.012404410245591555,0.03544920684654027
2026-09-12,495817671,9630806627,4579,2.0327752601208915,1.5216377516100201,2.5315037121484325,2.151927216450633,0.9199190764815691,3.7270804178124592,3.688613474484667,3.5149551337751244,3.873733395853034,0.0300014842744461,0.022843685587920434,0.03800438219261059,0.0291851239305337,0.007459749713875893,0.05497291730860742,0.003849400091576,0.0020561062088009638,0.00575097139308751
2026-09-12,495817671,9630806627,4652,2.0291779844148343,1.5244773424641966,2.510450926506747,2.1702520943819112,0.9505608358179025,3.720935093160993,3.688613474484667,3.502490680502409,3.8710161597591926,0.0302569638895946,0.0231196153304521,0.03807249744558022,0.0349994544501747,0.0098168340344069,0.07075762706483536,0.0038821799115659,0.0020666713065150212,0.005771210315722022
2026-09-12,495817671,9630806627,4751,2.4036357465187717,1.8227070381992718,2.928831630911546,4.2777242875535775,1.835942284295937,7.354386478858579,3.688613474484667,3.5088526046975055,3.874589233515827,0.0596386703799092,0.04619792175153183,0.07423350635763021,0.1025110771455527,0.02870672546097657,0.20823926701312875,0.0076520581822491,0.004117523363750551,0.011407272596576519
2026-09-12,495817671,9630806627,4760,2.785720272865023,2.111880038248167,3.3784849275316926,20.784166983520517,8.604621673196835,35.68801302457269,3.688613474484667,3.5110808038385404,3.878770444294187,0.2897662403015839,0.22484801682156283,0.35970112982704217,0.8440815955233473,0.24005795126883356,1.7110353683697133,0.0371790336021016,0.01994795640587852,0.05413091212540782
2026-09-12,495817671,9630806627,4828,2.373846760752883,1.7810617116874967,2.9701967441529065,1.5229278918424425,0.6499847360231769,2.636830228621815,3.688613474484667,3.501183222678603,3.888873263967229,0.021232175906761,0.015980475581516513,0.026649918733091717,0.0387431487325906,0.011348210732495551,0.07745142577916746,0.0027242365455051,0.001471945215900266,0.003979971113354108
2026-09-12,495817671,9630806627,4832,2.095378561057878,1.5725196058907431,2.647600321151109,1.8531889903300438,0.7843127722140959,3.0769396247946874,3.688613474484667,3.5068911805272607,3.8842760733505264,0.0258365710168706,0.019359419627779328,0.032594827709492374,0.061357251984827,0.01724072946989696,0.11527039035257945,0.0033150126149946,0.0017419494750603062,0.004991147496513268
2026-09-12,495817671,9630806627,4887,1.2773337569401235,0.9732393021263668,1.5989898346726241,2.9620119555527213,1.2543722802008828,5.095788798358875,3.688613474484667,3.508820331794478,3.871266875485868,0.0412954278499293,0.03136603715434277,0.0515334608909404,0.0524244550299973,0.01491921092777275,0.10302491980048542,0.0052984919776981,0.002882007075496833,0.007852271944225392
2026-09-12,495817671,9630806627,4927,2.5101380572931755,1.9131594186613103,3.05387798242208,1.3540696086431612,0.5813907943009474,2.308329362780024,3.688613474484667,3.5147301350522615,3.864049650796658,0.0188780074714693,0.014738902220246654,0.02352695361778517,0.0246102996278916,0.007258720830807905,0.04993838533749841,0.0024221802836382,0.001270776179553845,0.003541414945571995
2026-09-12,495817671,9630806627,4995,1.5896135597255838,1.1999512192157893,1.9888131730064689,2.598545733870229,1.1185158959826076,4.380700840535884,3.688613474484667,3.5109327293292916,3.8763395074535008,0.0362280974817185,0.027513388955662302,0.04560083470588639,0.0150613643005768,0.004069671568391843,0.028921999898652913,0.0046483180794669,0.0024807554602859524,0.006968402896974435
2026-09-12,495817671,9630806627,5194,2.8235351365620565,2.1461399320809096,3.3936388726031397,9.982743448607462,4.3201911715596415,16.747563980566703,3.688613474484667,3.508351705988121,3.870384311986696,0.1391762315656819,0.10922743698801017,0.1727186892971649,0.1570726421262507,0.04599364190038896,0.3029997538269242,0.0178572831141712,0.009570525378858103,0.026155611164010724
2026-09-12,495817671,9630806627,5210,1.9135581321314925,1.440920988478243,2.383493097620673,146.7768816056424,64.10978616309863,244.18467389200111,3.688613474484667,3.5118167113314436,3.8820441177027605,2.046316562976998,1.5416823768672803,2.5501671390805094,3.954845522297599,1.149632522606569,7.724930453594931,0.2625567152898005,0.13871102021510165,0.39890209651707337
2026-09-12,495817671,9630806627,5304,2.4910564351860005,1.88058325956495,3.033627458194036,2.7275198792991047,1.1597253747846408,4.676486624380834,3.688613474484667,3.5041003250420317,3.8774879551683488,0.0380262139636861,0.02929854594189066,0.047262402188986585,0.1715029516239683,0.05045105617795414,0.3525533967958167,0.0048790289898683,0.002613836169005658,0.007213806176893433
2026-09-12,495817671,9630806627,5345,2.2441445108135727,1.6807303743740745,2.784521340485691,1.4151545030220156,0.6054487732190494,2.5047100958192274,3.688613474484667,3.5078717178917094,3.891814498712441,0.0197296336250416,0.015078275545863811,0.024980718710198302,0.0465067496578711,0.011389353359990612,0.08418523639784227,0.0025314498705547,0.0013577602808800692,0.0038557151117052783
2026-09-12,495817671,9630806627,5493,1.7844431153159717,1.3708696474869098,2.1845021114345102,78.91925059324797,32.586617591630684,135.79760560313443,3.688613474484667,3.520157849562425,3.87722161222039,1.1002670710813591,0.8520493094985222,1.3577538309772896,0.9128113678556824,0.25727523813991987,1.7499562629416832,0.141171954208484,0.0753119600090092,0.205804155951532
2026-09-12,495817671,9630806627,5621,1.2931725466377857,0.9705158740112034,1.58538418944275,3.514557764714844,1.497604354845153,6.23722629512935,3.688613474484667,3.5021517823103196,3.8818304040456355,0.0489988456410899,0.03809814537841069,0.06223503990613268,0.0482268625655358,0.013127164231481848,0.09244950970241071,0.0062868943140451,0.0033564822352180218,0.00972503369783702
2026-09-12,495817671,9630806627,5626,1.7714323088786637,1.3353783387601792,2.235328326169092,21.252561086701515,9.01926716905478,37.2640798948398,3.688613474484667,3.507162467366714,3.8775341833270307,0.2962964417941818,0.22167122338669862,0.3710618559178473,0.2291473294283884,0.06727666453252631,0.45902579933459564,0.0380169040885637,0.021133502225941007,0.05622818400327663
2026-09-12,495817671,9630806627,5630,1.2502977533628548,0.9414119174731159,1.5205345084789434,92.95796305777142,39.51581588647686,152.18370633324628,3.688613474484667,3.5049088106340607,3.879662541795406,1.2959903316164272,1.0123616534255315,1.6351313712231266,1.0489533792394825,0.2838542260237376,2.035265830677235,0.166284616306638,0.08841664599544388,0.24359629466173746
2026-09-12,495817671,9630806627,5783,1.6985866007682726,1.2924723537925293,2.1535599251251987,2.277029179141427,0.9675936960221296,3.9852586693463876,3.688613474484667,3.4959891647326433,3.8814544305283003,0.0317456160172291,0.023706462252065404,0.039500486739801104,0.0356466609245463,0.009135044057659863,0.05974861707315299,0.0040731843826788,0.0021732356507110275,0.00605020367061463
2026-09-12,495817671,9630806627,6004,1.487398763863814,1.1164889506582656,1.8264589856210565,0.6497405065629133,0.2872609451248707,1.121769895226678,3.688613474484667,3.505135588913067,3.89582580206432,0.0090584753243977,0.007038192867522811,0.011513732987495275,0.0166445755610023,0.00428616899924635,0.030360533195960434,0.0011622656874005,0.000625114315201475,0.001733349010883613
2026-09-12,495817671,9630806627,6119,2.78789931056775,2.0778175805764953,3.491859204607709,8.185618012570805,3.4528698631885812,13.898799374088918,3.688613474484667,3.502507521893596,3.883583386748775,0.1141212807772486,0.08526170042174289,0.14328584770928943,0.1253145574278709,0.03401446008309839,0.24252454581263408,0.0146425578366763,0.007645408799536213,0.02214869927926187
2026-09-12,495817671,9630806627,6133,1.9166766473615147,1.4709922784245515,2.3034200586617497,0.9022043080775602,0.389565824728741,1.5396899836937021,3.688613474484667,3.508247595940323,3.8632299522496067,0.0125782452836724,0.009976367047668435,0.01562194738016106,0.0289196304625898,0.008240582981921107,0.05821104821701876,0.0016138767703594,0.0008703263052426135,0.0023792957033963186
2026-09-12,495817671,9630806627,6159,1.7458413803217492,1.3087306950909279,2.207415508542034,38.29132323562482,16.150572933139024,65.89426958742767,3.688613474484667,3.499941806018602,3.875543155743852,0.5338454400870231,0.3989592525731269,0.6729183052782847,0.4189936775632361,0.1158587677890362,0.8039577189985031,0.0684961006315533,0.03706252677487896,0.10119748409547612
2026-09-12,495817671,9630806627,6256,2.3009442343638695,1.7242747489768884,2.8264288780356015,1.2535381949389441,0.5268583020711066,2.0843772625463144,3.688613474484667,3.490864984040999,3.874517056577812,0.0174764305016359,0.013434986273788179,0.022022611653263736,0.0254515910837159,0.007079833984147864,0.05022137836599092,0.002242348163778,0.0011854913633334654,0.003361729884114846
2026-09-12,495817671,9630806627,6261,2.239609159679693,1.7130549592104243,2.756403213817014,1.3822208659554784,0.590573824181047,2.348477431031891,3.688613474484667,3.502834577694441,3.8763962865855106,0.0192704833401255,0.014815746226533547,0.023839381465308083,0.0348797694349041,0.01005509907271102,0.06733225064322705,0.0024725376803232,0.0013635947623005424,0.0035350351123784084
2026-09-12,495817671,9630806627,6360,1.783416501551724,1.3486872227001232,2.191392097241259,406.19795722622666,170.7654356708246,704.4137753282789,3.688613474484667,3.5013777181180905,3.8727543021954975,5.663082623275302,4.378234157531805,7.1139012598328994,11.177314736761884,3.2419676928638963,21.219223429171993,0.7266130758472602,0.388420077769494,1.067664631851953
2026-09-12,495817671,9630806627,6463,2.7152242055418863,2.0391293814274816,3.3155091893835467,1.060108702497199,0.4549908747452991,1.8151946892259023,3.688613474484667,3.4980175090018997,3.8711144605962033,0.0147796980883172,0.01141500436372901,0.01856015229318237,0.0965066202610732,0.02774253843468091,0.17953656743872157,0.0018963385495927,0.001009446009305506,0.002866395460981293
2026-09-12,495817671,9630806627,6486,2.3765424824346746,1.7920799080099514,2.89914770633878,1.773177228135722,0.7973167901064231,3.016156541295653,3.688613474484667,3.508390537220389,3.870792684920207,0.0247210724968031,0.01917836231946272,0.031025907191498236,0.120607663838021,0.03176799463218693,0.2390291814873046,0.0031718863594394,0.0016921228325928442,0.004667422583177667
2026-09-12,495817671,9630806627,6489,2.2574807623274156,1.6972008399312803,2.85398898558229,15.475339803511059,6.60001456716719,26.841276228204052,3.688613474484667,3.505065643998738,3.8757766639746585,0.2157522616041498,0.1603988192285531,0.26972439124955344,0.2290141036640524,0.06762470273269094,0.4600874308179783,0.0276825229038465,0.014887663095966506,0.04053180447911663
2026-09-12,495817671,9630806627,6504,1.9598807495450499,1.4744129815453166,2.3871195037223463,3.114973849084002,1.32051397061016,5.336053086630201,3.688613474484667,3.5060373050374953,3.8791852359769243,0.04342797388043,0.03383143343670507,0.0547741252292741,0.0676633665090174,0.019814144880685843,0.14434269123735108,0.0055721125362679,0.002982536090481916,0.008533362353776554
2026-09-12,495817671,9630806627,6510,1.78201288383624,1.3426381310812776,2.2610066420749106,0.5735868593849132,0.26100331961856027,0.9718039194671452,3.688613474484667,3.5023996653371716,3.8741252526259187,0.0079967654158159,0.005963941244994655,0.010043294954700743,0.0371761994992055,0.010578350114485964,0.0738593362025714,0.0010260408865895,0.0005466438679246815,0.0015231830768885047
2026-09-12,500635396,9657930100,797,2.498453053420387,1.9104397617357285,3.1419386552001654,633.7997056456032,269.7417481778549,1041.7811947776509,3.1064363951591702,2.9188622163259272,3.2941005069207048,22.720504962975824,17.120062000154597,28.155919355184334,56.10572887102979,14.754997122475478,112.89214532207676,2.9151995642971293,1.5071147209262892,4.3118062047341885
2026-09-12,500635396,9657930100,844,2.583925350529472,1.9731154685875767,3.187759298281919,2816.126705921806,1267.1315829971081,4763.402971123817,3.1064363951591702,2.9218771722017967,3.286760391925438,100.95274615675268,77.63778073127769,125.43136038625524,309.078693212324,92.84531154326807,618.7515262728451,12.952942819287518,7.116539691031684,19.48545802207563
2026-09-12,500635396,9657930100,998,2.5805681321427163,1.966808355019142,3.2385164047609045,0.21431299366318837,0.09445731760161326,0.3677612296548138,3.1064363951591702,2.9272128946886062,3.28759927757422,0.0076827101571382,0.00581087027646481,0.009568089531492003,0.0180297498242236,0.005222683912607944,0.03614190552247136,0.0009857454021909,0.000523794939425293,0.0014336845560070132
2026-09-12,500635396,9657930100,1934,2.291646402540885,1.715179033951467,2.788002191249625,386.1970506862974,163.2082850213729,660.8729673032227,3.1064363951591702,2.9275273875970727,3.3147002922688404,13.844424237885438,10.879521727911365,17.684527343773134,29.03622119844527,8.200261948480417,58.00649595315115,1.7763363786146318,0.9447765688311277,2.698821189729214
2026-09-12,500635396,9657930100,2253,2.668876522899841,2.018684372819685,3.2717948128038405,5.027441841291663,2.207561244455102,8.39340458700223,3.1064363951591702,2.9125615958511104,3.2924846998579542,0.1802241564466904,0.13987652974832923,0.22670572508784378,0.4125648121876828,0.10745381192367365,0.7720892344219145,0.0231240187313335,0.012267110997694288,0.034752784818977124
2026-09-12,500635396,9657930100,2533,2.8192498110039628,2.1248831598288342,3.5194829190871175,11653.640285233221,5052.66747455245,20044.077074709054,3.1064363951591702,2.9170164772788767,3.2892773928957677,417.7606735674778,316.9110723724044,524.9056170100687,1098.8945823904485,311.05972833187997,2309.2534806479252,53.60161385272652,27.919096208350666,78.25645074348272
2026-09-12,500635396,9657930100,2818,2.355064194535131,1.7748320821994177,2.9861716762992874,1127.2736643552316,492.86008472245317,1909.140143982937,3.1064363951591702,2.9250162602950778,3.3004569575514773,40.41060078992269,29.944817199969112,50.38235564798899,74.47232586008329,20.15508950361349,149.47335018466813,5.18496248246845,2.6959293007523515,7.617352028098397
2026-09-12,500635396,9657930100,2832,2.4704211128056204,1.8619936646247182,3.1050378147312325,12659.189625743775,5293.167668193532,22227.540775960035,3.1064363951591702,2.911249309783943,3.3001149489462147,453.8076905952232,339.2522820560605,565.7329477166849,1049.0519772192574,296.93055291907535,2196.517874313663,58.22669804450547,31.01655909255666,85.8058100070778
2026-09-12,500635396,9657930100,2874,2.703000315046085,2.033716086860166,3.3513522023984383,7300.576101652891,2987.370984693966,12239.06457975112,3.1064363951591702,2.915275171951852,3.301552326625628,261.7116639100129,198.223950491739,326.65197471024777,733.9501734286697,198.99441812979958,1428.4112594921783,33.57943539746133,18.18091960237956,49.81445901361062
2026-09-12,500635396,9657930100,2992,2.7864626329411757,2.1403568932670645,3.4681229001315876,0.7188830129344114,0.3197277211733652,1.2586037599471793,3.1064363951591702,2.9271545617639645,3.2788833401334534,0.0257705784929921,0.019748236370397538,0.03199889772613968,0.1314795229126981,0.036509941848282185,0.2629058019970577,0.0033065453130059,0.0017937218302286285,0.004917016579029774
2026-09-12,500635396,9657930100,3366,2.444594854638636,1.854088735827102,3.0291268433553857,39.92127432961873,17.56766857096083,67.60030705283565,3.1064363951591702,2.9285095063690108,3.2956505778804406,1.431101187733273,1.0895974852178405,1.7801329779803219,4.16074511996579,1.0861958092107127,7.959764654510433,0.1836202833406886,0.09867610534652316,0.2743770889372277
2026-09-12,500635396,9657930100,3408,2.306231687465178,1.731021433294384,2.887215113583865,1067.6917300412083,464.90233205833783,1835.7865012191164,3.1064363951591702,2.925050865127743,3.2857025999734284,38.274702615425234,28.882251635729144,48.17337888511173,73.2909803757146,21.144053515438074,147.44093180566963,4.910911820398019,2.6757268861348242,7.2669615016336095
2026-09-12,500635396,9657930100,3567,2.5395943054288015,1.9358119793456638,3.1827018782349086,2905.0703269149535,1266.1290324195843,5064.587937949139,3.1064363951591702,2.932883453086702,3.29508397818916,104.14120453595208,78.68634214690827,129.36960568518273,202.2933173770171,61.91956509099456,385.6108205852674,13.362044311220387,7.156190799638427,19.46457075290518
2026-09-12,500635396,9657930100,3587,2.060261042445971,1.5338671446647325,2.5979873294490003,0.64849093898093,0.2799250923005446,1.0936142161648883,3.1064363951591702,2.914286613527774,3.315252039321646,0.0232471575267657,0.01747778707359392,0.029603000182867496,0.0483560134068282,0.014114964002618805,0.09999065156243506,0.0029827727686338,0.0016055994155189282,0.004443129982445618
2026-09-12,500635396,9657930100,4196,2.2718554362526864,1.7102329559825438,2.881498415131912,55.007958778647556,24.11059066313246,95.38005783567019,3.1064363951591702,2.9244199817434606,3.306024302578124,1.9719299161875548,1.4710525281486648,2.478514249265537,3.183139443913453,0.9814247275215079,6.436398027881401,0.2530123886710269,0.13275875289012062,0.3858617474345685
2026-09-12,500635396,9657930100,4536,2.3935237808845136,1.8161954271457554,3.0047137127306516,3820.995172879045,1683.319089886727,6509.294024471539,3.1064363951591702,2.9299815161164,3.3030252728781053,136.97535517229892,103.69629092189834,171.55514359046438,306.51705859859504,84.03819572343048,575.9095105215999,17.574895292530968,9.386190563976479,26.289623191428745
2026-09-12,500635396,9657930100,4721,2.8984830717090473,2.1846369766271687,3.6003923608178714,4771.207779797004,2033.6432054631848,8359.98217424384,3.1064363951591702,2.9225230130799034,3.303456147434231,171.03865633677373,129.42922581355154,213.30506510370896,402.8670250856589,122.03389852668471,811.8711396153559,21.945454876264485,11.735232417018048,32.68455032126397
2026-09-12,500635396,9657930100,5166,2.6863195972964835,2.0093566564956156,3.329005800341908,0.27450159857383594,0.12399119804909045,0.46487463806730955,3.1064363951591702,2.9172204374938095,3.3045994038208115,0.0098403563100249,0.0075053397835099294,0.01243446552403635,0.020906558315808,0.006060011041238793,0.041372666851876724,0.0012625864818699,0.0006765208698598086,0.0018526355965598207
2026-09-12,500635396,9657930100,5331,2.3250425333470885,1.7472568228864473,2.8901038666428422,340.079333832549,150.76736307709768,579.5515689062701,3.1064363951591702,2.9185400357577316,3.293698210080487,12.191192459260089,9.237586836766576,15.279714513453161,22.643920644226306,6.348788740909321,41.83096667498488,1.564215188148821,0.8195856642918623,2.25207534343567
2026-09-12,500635396,9657930100,5337,2.769341751565093,2.1002659280073837,3.3469211991329715,49.899979853145496,22.29240915118142,84.85092528792595,3.1064363951591702,2.921607276083033,3.2978920406191357,1.788818659596755,1.413799838578794,2.252991241549536,4.866662446413392,1.4754949796959245,9.738134865647481,0.2295179348153022,0.12180339135256231,0.35715595611813933
2026-09-12,500635396,9657930100,5553,1.9085428297177944,1.444184411239859,2.3070806260483088,7149.659976117413,3068.623113323756,11943.194803892122,3.1064363951591702,2.930019732650145,3.286288755935491,256.3016099944321,202.18323534232874,322.98716371857256,500.0889770945033,136.69094076853543,971.7683828749084,32.885287673050044,18.80277833018099,48.818296670178064
2026-09-12,500635396,9657930100,5573,1.549788104239535,1.1700228990236203,1.8758534736900678,1306.8377245219942,573.1604446736823,2166.4054017568205,3.1064363951591702,2.91990015528873,3.295481829869985,46.84762826697911,36.71290724054155,58.8604160088672,46.67072938576469,13.334692734008009,95.98494370056503,6.010878091609284,3.1933533572162434,8.906595321968222
2026-09-12,500635396,9657930100,5867,2.0979017281851347,1.59931473641664,2.5960548244553836,2229.7711873143735,933.674167150183,3700.3847627326677,3.1064363951591702,2.920352188325016,3.289572079724963,79.93302438673697,61.377942003275926,99.63048422611091,73.87829115907357,19.42440532558247,135.11408752475347,10.255965624218568,5.377642098814628,15.37015846114389
2026-09-12,500635396,9657930100,5874,1.5850837853764133,1.2110968703152076,1.98831055137216,2.2349330614403664,0.9565117564367794,3.723053895832942,3.1064363951591702,2.926677217344144,3.2784753726621556,0.0801180676829916,0.06033608528344116,0.09905623763035706,0.2113011476905241,0.057990959886060664,0.4083789461717021,0.0102797079722648,0.0052943120115516076,0.01512395085658813
2026-09-12,500635396,9657930100,6001,2.662285984738187,2.0037846949062743,3.370949574009002,13.048025345928203,5.694768829324556,22.26443807236655,3.1064363951591702,2.9122788002537736,3.316712778186341,0.4677467060784089,0.3498164836950271,0.5884931326061417,1.5519785956832206,0.40653385560440447,3.201275043210412,0.0600151711409234,0.030848691858620367,0.09012410897234951
2026-09-12,500635396,9657930100,6023,2.533624907962302,1.9179961894730082,3.1244112071932046,25.81749805004322,10.94872343487342,44.79237225406771,3.1064363951591702,2.920001712304626,3.295965150373717,0.9255078337092548,0.710329131231035,1.1571234799170091,1.757410628841995,0.47088010002127967,3.4358291294268724,0.1187491227848759,0.06426237235323666,0.178866033191626
2026-09-12,500635396,9657930100,6133,2.2357918013278626,1.7012803271555899,2.742887831123782,0.17680837180700945,0.0787124168654792,0.30245438676899955,3.1064363951591702,2.9253631532892173,3.2963724955694635,0.0063382413297981,0.004916554457006549,0.007926710945824825,0.0127532766228743,0.003695820028754449,0.026222301119564834,0.000813240656101,0.0004484093547862709,0.0011802043263729428
2026-09-12,500635396,9657930100,6434,2.2640051571696205,1.7339743290467842,2.8543080122667916,7.53319987998734,3.416387493728021,12.855589146771122,3.1064363951591702,2.9284078383272627,3.290423333572314,0.2700507806105646,0.20292678948136836,0.33403937664362204,0.4459209238264156,0.1164206436482054,0.8393461858458809,0.0346494023463335,0.01837687007218229,0.051235323123337055
2026-09-12,500635396,9657930100,6452,2.072384203641781,1.6197637738044124,2.504199737813179,0.5126398576391413,0.2245721336865837,0.8960478178055462,3.1064363951591702,2.9178727752807796,3.2902491783604404,0.0183771565779523,0.014501213256816251,0.02241927805954079,0.0312710781627223,0.009023634750719664,0.06229617050779197,0.0023579176139072,0.001241020707295519,0.0034998789380826976
2026-09-12,500635396,9657930100,6660,2.0756538651963234,1.5669655910121634,2.6228724991991155,398.2385078664691,172.14229377082125,660.2547678255113,3.1064363951591702,2.9305508072859072,3.2910848001039423,14.276087404003302,10.569473269961113,17.691782932152485,27.93165388876504,8.21707537922423,55.205337392367,1.8317217794162648,0.9663938745622467,2.641361055906841
2026-09-12,525368335,9811363528,33,2.29513685689544,1.7398002895966205,2.874649231999745,9.19340311763105,4.010047016408708,15.937487482836572,3.9644414937038417,3.7807850932242113,4.150287344850122,0.0256752109674672,0.01941772928448019,0.03208365571630824,0.0495012978968725,0.013277938083026894,0.09373785655739154,0.0032943089930248,0.0017679817660557937,0.004819730345086609
2026-09-12,525368335,9811363528,181,2.5797554363392803,1.9699177629378244,3.276667165366373,7.375965129897204,3.1027694013531546,12.755369623843483,3.9644414937038417,3.777721434638244,4.1540313704796725,0.0205994949177853,0.015428651745001153,0.02566328429692143,0.0300038347531871,0.007992278426297702,0.05846149191315315,0.0026430591532593,0.001397561965927685,0.004095410278886746
2026-09-12,525368335,9811363528,206,2.825668414877002,2.132233735059282,3.52292376550876,4.988650905270196,2.199177735062984,8.682765183840264,3.9644414937038417,3.778987175893729,4.1492513977615495,0.0139322362782307,0.01055228288196227,0.01743471286109811,0.020087971573034,0.005498412303554137,0.04027893610268063,0.0017876032770472,0.0009149390550189615,0.002592526007233273
2026-09-12,525368335,9811363528,469,2.866353159416398,2.193300569696297,3.5451599140690098,5.00052226017028,2.044838976678451,8.815945693487917,3.9644414937038417,3.780391137526253,4.147491740763846,0.0139653904364493,0.010710344918012706,0.01731175653433082,0.0550246349621564,0.017062326283816227,0.10978653191439096,0.0017918571872376,0.0009473967253157148,0.0026675232037060874
2026-09-12,525368335,9811363528,709,1.0622084451987444,0.815050993275159,1.293183315464055,147.67185185962623,62.87177301036405,249.94093245364414,3.9644414937038417,3.7749184762128505,4.154611670810942,0.4124159358552592,0.32078572510780995,0.5089661667413176,0.0485651852185391,0.013844709881541128,0.10127121400305604,0.0529158466536553,0.028401398111409765,0.07795480793125356
2026-09-12,525368335,9811363528,829,2.8772712159212577,2.15340471570706,3.635729807337919,4.5053435534340736,1.8267699190363813,7.664282003575862,3.9644414937038417,3.7880418804782785,4.14218902887552,0.0125824620910505,0.00940290087646371,0.015875514130086785,0.0377567623257955,0.010914222251749033,0.07900406481474832,0.0016144178162143,0.0008504428708360971,0.0024660769944996252
2026-09-12,525368335,9811363528,926,2.4007732989684545,1.8391207909101337,3.0078971042324993,64.52721033691641,27.999686140688084,108.7965295811142,3.9644414937038417,3.7883946038221303,4.141892002138619,0.1802107138503646,0.13565213779104468,0.22186022338766107,0.0372562078227408,0.009375484055113093,0.06927303542633553,0.0231222939522841,0.01228602494218881,0.034776669690134966
2026-09-12,525368335,9811363528,937,2.171787653723065,1.6214840437329168,2.6945126664949526,15.1790619572219,6.383128657632164,27.26792339987695,3.9644414937038417,3.775632573835542,4.1483340888606035,0.0423918774205076,0.032264069291201646,0.05361504710072457,0.0352337268182636,0.009838504222513042,0.07077609162721936,0.0054391741199142,0.002863196408413296,0.0082152424123518
2026-09-12,525368335,9811363528,1308,1.438168244993595,1.0652622422070182,1.8331663020391824,3.586087864299799,1.4859872493285045,6.386846641446378,3.9644414937038417,3.778120786019727,4.137367517931834,0.0100151773272286,0.007415754280166358,0.012761468803268856,0.0128806545956866,0.0038835233856710223,0.026317749634389005,0.0012850172400777,0.0006691713474955251,0.001952449940877033
2026-09-12,525368335,9811363528,1318,1.4078772065345786,1.072878155010634,1.7230337572141936,19.546017325849217,8.175108647753417,33.18794013416345,3.9644414937038417,3.7745794350053012,4.175882320959707,0.0545878508745588,0.04215056781991402,0.06769348898692604,0.0543801950897541,0.016243965148732553,0.11280928946704309,0.0070040027431057,0.0037777764066838503,0.010718739555094507
2026-09-12,525368335,9811363528,1353,1.5146554573363875,1.1534557935706244,1.8410208796091667,8.65186781844833,3.727032203208986,14.949959576798653,3.9644414937038417,3.7821375453457278,4.144582006640497,0.024162818562289,0.018812762092968414,0.030026887904442322,0.1199783440009013,0.03522475133976381,0.24537387963861376,0.0031002584783991,0.0017025755167202944,0.004587956953178741
2026-09-12,525368335,9811363528,1575,1.369350626862372,1.0337101682114573,1.6598846480194818,2.815280280529031,1.1975226171107018,4.854634275583967,3.9644414937038417,3.789684563710342,4.1442008814493985,0.0078624764094712,0.006176268957849638,0.009917571037258828,0.003115892038324,0.0008850565532010212,0.005816045878219452,0.0010088106686245,0.0005451356937666257,0.0015147469787079682
2026-09-12,525368335,9811363528,1672,1.0622084451987448,0.8125626710393242,1.2968413590665624,71.74508132473453,30.517744959373335,122.48610086705312,3.9644414937038417,3.7893152367839122,4.1401529722566845,0.2003686856021727,0.1563361045740856,0.24951032973553108,0.0305460442595857,0.009530993167300394,0.06642525070042019,0.0257087025978553,0.014214211674760665,0.038130858221370065
2026-09-12,525368335,9811363528,1719,1.2478237690788756,0.9492288175827713,1.5360805256941628,4.548914531590987,1.9102214014706629,7.853152198029656,3.9644414937038417,3.7843962376166704,4.144990490574633,0.0127041465251957,0.009774269219124717,0.015817118404204123,0.0187167023390185,0.005614809964791109,0.03664877130715464,0.0016300307794817,0.0008613689234828186,0.002408688190847236
2026-09-12,525368335,9811363528,1916,1.872420734796128,1.4122845917778422,2.288698948323214,89.54783363951917,39.578396801105924,152.00693767370123,3.9644414937038417,3.7784628116529646,4.146713365638456,0.2500879697056901,0.19348872574976975,0.31356102461125807,0.3566228567254625,0.10155104888065283,0.7660839262986808,0.032088034201265,0.017312132408316843,0.04890983233589557
2026-09-12,525368335,9811363528,1952,1.2598569864280367,0.9454000046751486,1.5578709928805612,2151.0571611520563,907.5596626598497,3853.179863426261,3.9644414937038417,3.786379501809183,4.139635342761047,6.007443131667164,4.6006304517312255,7.581107412810297,6.589913756978711,1.83817025753913,13.15462900932254,0.7707969355660896,0.40588856806849244,1.161823575256182
2026-09-12,525368335,9811363528,2078,1.5523034075720703,1.1894638018759178,1.9560297706110912,9.483300355697438,4.012959258406079,16.9677267117523,3.9644414937038417,3.778430178434577,4.162486767548456,0.0264848320241101,0.020002109077918752,0.03289274222821245,0.0275662647874115,0.008032488300719228,0.052739495152042445,0.0033981890324613,0.0018362819543439285,0.0050393325525266985
2026-09-12,525368335,9811363528,2206,1.2787897275439286,0.9879529885373857,1.5498198453249226,2.8797079006505815,1.2274038983199378,4.873617651445025,3.9644414937038417,3.7726744370540715,4.147341749660056,0.008042408989125,0.00633303275520134,0.009934743952532311,0.0116729030128787,0.0034348531331392157,0.02273156805030929,0.0010318972760157,0.0005530627728611981,0.00157580096207945
2026-09-12,525368335,9811363528,2354,1.5167452877251326,1.1439184641816311,1.851207768437257,4.584307012613292,1.9268678624016142,7.802970531677419,3.9644414937038417,3.768892676932875,4.1568550898898335,0.0128029901639748,0.009876003140367044,0.01598237510799938,0.0190148370843201,0.00497236480010865,0.03705703933374353,0.0016427131090853,0.0008620484879380442,0.0023747187309068503
2026-09-12,525368335,9811363528,2557,1.3151750948635434,0.9959521709566301,1.6118572108593248,11.031328875541453,4.644650744987484,19.06872345586417,3.9644414937038417,3.7731032818031154,4.141465708428516,0.0308081449825538,0.023758929792936544,0.03845158090422168,0.033774881472199,0.008877068759832185,0.0640278287873428,0.0039529002976076,0.0020917391756662867,0.005660304060284852
2026-09-12,525368335,9811363528,2624,1.494601288647513,1.1151982684186286,1.8929784131491516,3.3752513981468666,1.4240449019490207,5.970059164711534,3.9644414937038417,3.7893387609559155,4.150743797253649,0.0094263561171883,0.007027174384963851,0.011928183348987913,0.0123308258199756,0.00345732425893633,0.02367827521197993,0.0012094673639743,0.0006589060526693013,0.0018237273884527904
2026-09-12,525368335,9811363528,2633,1.557683781338017,1.174280210568692,1.8917832240422334,64.8170248729076,26.613200120390687,110.20811032143737,3.9644414937038417,3.770511445035155,4.14475506949587,0.1810201039377787,0.14078838278621614,0.22681221934755566,0.3049670048496433,0.0900153024986683,0.6189152671772422,0.0232261443567544,0.012274297733357897,0.03447562347176514
2026-09-12,525368335,9811363528,2742,1.0622084451987444,0.8010505715320393,1.3037136326107817,238.47660435883677,102.77661001560469,409.3562880435469,3.9644414937038417,3.7802755098749303,4.149484077417838,0.6660142114268668,0.51135028050024,0.832225024760308,0.4487045662778167,0.1351666633993823,0.8951370433516784,0.0854542776285638,0.04459969690653178,0.12520299016050565
2026-09-12,525368335,9811363528,2806,1.5207250496401226,1.1436031887003348,1.8904088383560687,3.4277192501031077,1.4670613216070079,5.863531838317541,3.9644414937038417,3.781435445584633,4.150267279790979,0.009572887619261,0.007305591311933104,0.012076351069147458,0.0130747889107044,0.003894418499062391,0.024815209799066082,0.0012282683796953,0.0006453686947927575,0.001792569046891399
2026-09-12,525368335,9811363528,2807,1.3401955572552886,1.009766167233307,1.6320833939370105,10.998780400462635,4.646536572213693,19.211309440316228,3.9644414937038417,3.774552389091804,4.148269171745555,0.0307172440448243,0.023980801586723666,0.0387601068430117,0.0492717270430057,0.01323593484273331,0.09570740978570971,0.0039412370720545,0.0021173976419547936,0.005877959315941806
2026-09-12,525368335,9811363528,2843,1.1891057165192407,0.8912837903545549,1.4686959557347454,398.9959712339747,172.26686698062684,678.2143346898362,3.9644414937038417,3.780432722118383,4.1398146842785,1.114310512170984,0.8514731248409155,1.4030923122962728,1.137670745459384,0.35111564443069576,2.3741692651620467,0.1429738258399649,0.07658444681412702,0.212214052128814
2026-09-12,525368335,9811363528,2914,1.25591949953304,0.9619617761936995,1.534610691469189,423.47495492988503,177.3571078154368,718.5089034291045,3.9644414937038417,3.7786078979443736,4.145271942993048,1.182675084312539,0.9152020728586554,1.4600152736015282,0.7217827956898704,0.19381925985235116,1.3557782663978872,0.151745478197392,0.08173593868107763,0.22689193509676053
2026-09-12,525368335,9811363528,2919,1.3281439373990092,0.9987078989484429,1.6601069931311538,7.846013451073798,3.301233250196166,13.19765617875515,3.9644414937038417,3.788555971352174,4.14715722833963,0.0219122394647929,0.016532831088671148,0.02748178049510629,0.0221087490147168,0.006370334772758908,0.04378637675027475,0.002811493452484,0.0015250137049084656,0.004101454697664332
2026-09-12,525368335,9811363528,2961,1.1948875799221783,0.9113630429205185,1.5019462882847112,302.7554369004986,132.9858691443226,524.6941890699679,3.9644414937038417,3.77461961379181,4.149858362058635,0.8455312591547739,0.6357307668549549,1.0476982504868428,1.0937388587354469,0.32975706268875427,2.2199298123410123,0.1084875693697945,0.05617074351123118,0.16141557127106593
2026-09-12,525368335,9811363528,2978,1.0622084451987444,0.8020242370472948,1.350009451375596,292.2916406574838,124.54725351235608,497.83393518539435,3.9644414937038417,3.785429958986823,4.14841790300255,0.8163081115757495,0.6033722998156205,1.0156293020318345,1.1154733750570696,0.3306982514942627,2.2077828445647425,0.104738035315486,0.05465764492978277,0.15196728439129212
2026-09-12,525368335,9811363528,3073,1.5927903814099114,1.2343370323328413,1.958384506042772,2.8031537340245127,1.1613661489326101,4.84180734773961,3.9644414937038417,3.780138468191602,4.155943993781899,0.0078286095556167,0.006062676683465457,0.009618970970680514,0.020030745583307,0.005448618466596863,0.041505533909417955,0.0010044653146035,0.0005500993292693716,0.0014715214761412082
2026-09-12,525368335,9811363528,3078,1.6247060477694,1.2065917240274713,2.0293435282279595,2.338105727891184,1.011607276025963,3.872400864415493,3.9644414937038417,3.7810611396983997,4.152301902991322,0.006529829820333,0.004948628946015134,0.008323004401360657,0.0114752679188929,0.0032030854444650425,0.02176908383577084,0.0008378227983131,0.0004338048310453354,0.001291790327713625
2026-09-12,525368335,9811363528,3202,1.6657186725262543,1.246213312420675,2.084978537441215,2.225976350780701,0.9275634198030008,3.901708831574913,3.9644414937038417,3.7856729675133693,4.143036882942271,0.0062166764236935,0.004664189937484834,0.00780342804661234,0.0230944831199276,0.006838192824706002,0.04686476437716949,0.0007976430291166,0.00042090511920387237,0.001202439564168348
2026-09-12,525368335,9811363528,3313,1.3659874729768977,1.0277162470817915,1.6532005461701713,3.044552384526324,1.3036525319033796,5.135683064078991,3.9644414937038417,3.7778675806808613,4.151061275070496,0.008502784417699,0.006638204526832655,0.010678322062578925,0.0196768361071794,0.005695252742216612,0.04088585763092485,0.0010909666607401,0.0005747883555718148,0.0016447574138907764
2026-09-12,525368335,9811363528,3575,2.263051797055066,1.7041237856339604,2.850212213018171,8.537827967991186,3.553789615262052,14.83605016544605,3.9644414937038417,3.7895189765421953,4.145072690542096,0.023844329621717,0.017867779885166628,0.02988454299435535,0.063994062291192,0.017914506906221324,0.12793316527105325,0.0030593941216297,0.0016363356444249006,0.004583919432556222
2026-09-12,525368335,9811363528,3597,1.3868917260498974,1.064074797885088,1.7237839901414187,3.7170145769110463,1.5476377137814716,6.598233695356793,3.9644414937038417,3.7887772224704084,4.142310323165043,0.0103808276663423,0.007938770751156506,0.012860683917723527,0.0133758468910494,0.0036089323166646164,0.025838949981148645,0.0013319327338577,0.0007231565831488758,0.001956105580116193
2026-09-12,525368335,9811363528,4091,1.202029387143254,0.9095782489569619,1.4591730938504837,4.286746971056055,1.7884769885263623,7.25846971885542,3.9644414937038417,3.7749207140908,4.1464828289307665,0.0119719685341478,0.009334212789297917,0.014974228077724248,0.0578682317201152,0.016742738406854234,0.11086530498639807,0.0015360872265558,0.0008309101489091818,0.0022939924085894695
2026-09-12,525368335,9811363528,4212,1.6903725068805666,1.2677202219733872,2.1066431143011193,2.531759271531269,1.0625164035762868,4.406412379595798,3.9644414937038417,3.776685435268085,4.1646745873993245,0.0070706627984955,0.00538721139582294,0.008952236933342196,0.0171226063812549,0.005087597149760568,0.035388057100596136,0.0009072154489107,0.00048701444482455525,0.001342252644872171
2026-09-12,525368335,9811363528,4437,1.8019508635044772,1.35491389939562,2.2456501299849783,8.26075327826234,3.3945273374525002,13.671029030542044,3.9644414937038417,3.7787525061341483,4.143084492750053,0.0230705192033649,0.017523113984987747,0.029042900736420643,0.0556599715073849,0.015263848142112998,0.11142332661961932,0.0029601088373411,0.0015700408709387193,0.0044161132180848385
2026-09-12,525368335,9811363528,4606,2.433549316700832,1.8605723188724603,2.9793099939604986,6.902939609661952,2.9973720611781527,11.717970800536825,3.9644414937038417,3.7759449776050924,4.150139356613656,0.0192784356898108,0.014929054301253138,0.023905656667795903,0.0339896319008415,0.009586680689643185,0.06670036571309922,0.0024735580223612,0.0012749094887138704,0.00369247133639873
2026-09-12,525368335,9811363528,4662,1.7114534903856458,1.2823970392032567,2.1350209732162737,4.190478162320786,1.7965309111365926,7.177212174519259,3.9644414937038417,3.78388569383741,4.152964405338108,0.0117031103167675,0.008859006066720222,0.014749070178288318,0.0326061934471691,0.009184081351499191,0.06571776290674335,0.0015015908384059,0.000790674418843979,0.002264894714157521
2026-09-12,525368335,9811363528,4718,2.5622219720074333,1.920590086886466,3.2415773692132985,116.49990937995956,51.01107687788286,197.81436570017277,3.9644414937038417,3.7752205218061574,4.149960939945483,0.3253593596135087,0.2437091217675758,0.4113328756981362,0.5686942198177829,0.16253645646595352,1.0941607830133004,0.0417458795449705,0.022329826178465576,0.06283339526506741
2026-09-12,525368335,9811363528,4760,1.7396902051326815,1.312658598395799,2.168773450632282,3.5273046979186073,1.4332231597727256,5.948143934709474,3.9644414937038417,3.7722834273124666,4.151278463805774,0.0098510085010756,0.0075093299591115865,0.012406908793129938,0.0266844026028203,0.007707605936378747,0.049608012998215406,0.0012639532324224,0.0006680942483883335,0.0018754171107257913
2026-09-12,525368335,9811363528,4938,1.4403483230427416,1.0810513882347932,1.8176410746313876,2.944879348384706,1.2502562353277005,5.168969892560767,3.9644414937038417,3.783541972841064,4.152962432692729,0.0082244189204006,0.0061945285961132746,0.010415258457471922,0.0200508514789519,0.005884339834754896,0.03970073088458605,0.0010552504221371,0.0005660097245416124,0.0015791289621693483
2026-09-12,525368335,9811363528,4969,2.1581137461386986,1.6394578280609389,2.616047343490804,498.6252155462378,217.23512206015053,866.1896511500115,3.9644414937038417,3.7728826127478357,4.157628282279985,1.3925537082450217,1.0842164456996684,1.730060138623196,1.6964019256373946,0.4964021979943029,3.2900714234367925,0.1786743723412622,0.09642313616985844,0.26480931626188053
2026-09-12,525368335,9811363528,5045,2.4194368929245322,1.8337468044026577,2.9850328222119678,463.12672979511467,198.69354705108623,799.1722895202013,3.9644414937038417,3.786136907472629,4.146418085422784,1.2934140209035867,0.9892830552472214,1.6103872046463055,2.03593759023717,0.5729534773128322,3.826371001511469,0.1659540576381663,0.08851776093106897,0.24024953345145872
2026-09-12,525368335,9811363528,5070,2.061855878819914,1.5643368862958442,2.587354372427528,236.60600467254372,101.68763912174425,409.35350408296154,3.9644414937038417,3.7831296062656263,4.152147760352567,0.660790026109773,0.4994688584823829,0.8260981492187804,1.286060325006927,0.37153377862627174,2.613775514149443,0.0847839781442426,0.04358971180445995,0.12738963032059664
2026-09-12,525368335,9811363528,5260,1.346142260534341,1.0398448273555423,1.6526745101385758,26.5247108798861,11.194201493274127,45.62784044809715,3.9644414937038417,3.7791537781288644,4.151880617002967,0.0740778511480779,0.05670736897200044,0.09012770056796571,0.1943278928533888,0.04948373999659041,0.35627468630761777,0.009504705980032,0.005248904980817072,0.01371069429756594
2026-09-12,525368335,9811363528,5460,2.6684718651377497,2.0083574711230807,3.3587443751494934,399.7669300979411,172.60280288797915,668.7179384790535,3.9644414937038417,3.7775761282920977,4.162599932332886,1.1164636355820103,0.8380833873491129,1.4015970282376873,2.4447985301875885,0.7432812317274884,5.02481036593954,0.1432500866202569,0.07641069966409843,0.21921770587267322
2026-09-12,525368335,9811363528,5484,2.8218872660084835,2.1365020030851998,3.4590617860412456,117.0346796589152,49.73139255743971,206.92260866130127,3.9644414937038417,3.788157431812806,4.146836259779405,0.3268528587623696,0.25205476571587715,0.4080843730073238,0.4232804082678827,0.11101131025891608,0.8052245612823781,0.0419375059227791,0.022114202256339383,0.06256395988731386
2026-09-12,525368335,9811363528,5596,1.491309711084303,1.1427229862336177,1.8058372374769114,81.10614280902703,33.78395106630263,138.61503411474283,3.9644414937038417,3.7707755281692354,4.156710195891759,0.2265121305717189,0.17740490813670343,0.2803517499955661,0.3909431888985665,0.11348896010765742,0.793680276726218,0.0290630892855034,0.015736129786017978,0.04246011195494965
2026-09-12,525368335,9811363528,5771,1.7667463889253328,1.329262551281691,2.153903511914924,10.793627138035513,4.558736419411691,18.39492371000648,3.9644414937038417,3.7729837350860422,4.142320531796004,0.0301442948087162,0.02329399014325192,0.03774499842079991,0.0390015391354184,0.011020314326046722,0.07336842186611357,0.0038677236811247,0.002075693163080681,0.0059130643775618386
2026-09-12,525368335,9811363528,5891,1.4803443869594415,1.128456632371421,1.8428738448699986,8.758364854971791,3.784205275811648,14.711530241943075,3.9644414937038417,3.7826013007772414,4.147826175253276,0.0244602420348773,0.01864522348953335,0.03044932646459517,0.0375241577819172,0.010832506079426277,0.07042461601948902,0.0031384199884146,0.0016622162796315605,0.004699599043211832
2026-09-12,525368335,9811363528,6246,2.8182036843982816,2.1177173117522825,3.5722901497927686,2.179054453452264,0.8990546884348645,3.7843878474957835,3.9644414937038417,3.778614275193914,4.149092015223833,0.0060856335881421,0.004523027992166527,0.007629709783295459,0.0115026437024938,0.003116390810097662,0.022036162677844726,0.0007808293175496,0.00043126528644665845,0.0011721223204717282
2026-09-12,525368335,9811363528,6272,2.9034160730440024,2.1750030975728163,3.6709763666908093,4.808309171365053,1.9550580581535768,8.29100892444007,3.9644414937038417,3.7708291445506115,4.150932644987712,0.0134285803409235,0.010073013505989265,0.017001257820444787,0.0234014043550211,0.006433946086579209,0.045563625773521355,0.0017229807005953,0.0008841745527920373,0.0026253576848094765
2026-09-12,525368335,9811363528,6343,2.6710654703855963,2.01676369362826,3.242741444697829,1.7322852900401506,0.7187054425048237,3.041137173812007,3.9644414937038417,3.7793495511904407,4.149775087903838,0.0048379027557623,0.003778430597880443,0.006075314279133876,0.0130971575486455,0.003438245867212766,0.02617548843048789,0.0006207367322466,0.0003285984924609055,0.0009342416558690964
2026-09-12,525368335,9811363528,6490,1.455750404288641,1.1122769388103302,1.7748486423885304,13.123997782178753,5.7020896198505895,22.077905755678408,3.9644414937038417,3.7761160985940427,4.1473609565316085,0.0366525221925479,0.028499062333009778,0.045475577095925,0.0330555654973022,0.0093916758993552,0.06857271817007796,0.0047027747358706,0.0025759150911434966,0.006884206907258754
2026-09-12,525368335,9811363528,6522,2.517397960894261,1.8866196591756674,3.1218587405241736,1427.7376951686915,604.1167903068776,2489.9668543545167,3.9644414937038417,3.7781948578436872,4.152293882204155,3.98736638224425,3.0488453850258153,5.045015593865574,12.101845618120796,3.575490370621222,25.686792545138275,0.5116069717267854,0.27367108577554344,0.7476268265648147
2026-09-12,525368335,9811363528,6607,1.8493646080958892,1.4152586955601747,2.33215465649995,166.39940200023787,70.18496509393228,289.65228444127825,3.9644414937038417,3.7810900753909245,4.155652774363342,0.4647179827264427,0.34825517683543983,0.5738773218763277,0.595634172234646,0.1751687187522533,1.176705023598776,0.0596265647692598,0.031407576843354976,0.08886256448674995
2026-09-13,63563817,1841014603,9,1.2758236569129728,0.9586618701929116,1.5983016217938615,223.5809592378621,94.80539010017786,375.2251788795254,3.547200489984584,3.3545247828155325,3.734950592734735,8.411037012720943,6.371794938545365,10.623193120182863,25.071615433435984,6.981410470414703,47.66578628998092,1.0791948275237464,0.5901185522338556,1.6019651594309483
2026-09-13,63563817,1841014603,726,1.6542366396060557,1.2600686364913354,2.0232363200652776,37.258121880834835,16.322521667602647,63.44650452682388,3.547200489984584,3.3609706985722347,3.742513270636851,1.4016374347458336,1.0844025759790192,1.7411771182578637,2.735072562979914,0.7461710314535065,5.666770566819032,0.1798398779310593,0.09633043227734085,0.2729217125151756
2026-09-13,63563817,1841014603,1186,1.402905244718921,1.0729150991972995,1.7448408030331486,0.3110019835702077,0.13297836901067783,0.5280289009696586,3.547200489984584,3.367146599567943,3.7296628993480136,0.0116997851863392,0.008939343295726869,0.014537712253213389,0.0325536901435462,0.00901038888125602,0.0598095726305994,0.001501164200935,0.0007888205974539413,0.0022407693056264422
2026-09-13,63563817,1841014603,1567,1.529399598595878,1.1553439436402615,1.9236471659836876,5.9478379484574635,2.5625812986363834,9.935953561899714,3.547200489984584,3.3560697910215507,3.739943264374741,0.2237555706920416,0.16730305937505735,0.2785595214297833,0.7293115047042305,0.1985476224077937,1.3769999442908512,0.0287094033892925,0.01570457819430551,0.04255550901045925
2026-09-13,63563817,1841014603,1667,1.711369838455085,1.284002160165255,2.0995951262996906,12.546459900405901,5.832902553482319,21.229942221925242,3.547200489984584,3.362068418855613,3.732376572729621,0.4719934065971325,0.36405409761421964,0.5952997843569602,1.0599792880414016,0.2920122311848239,2.042931336261923,0.0605600524946635,0.03253026280537405,0.09136388268588011
2026-09-13,63563817,1841014603,2123,1.5044525251332679,1.1558647076524289,1.8230909086765705,1.0239460042090724,0.4505645140093731,1.763655293074724,3.547200489984584,3.3536117706015998,3.7335972004175715,0.0385204883715865,0.03015352186507951,0.047559728411862734,0.0911946644236014,0.02642450386629433,0.1777801329024802,0.0049424478505364,0.0025920292479089083,0.007350800342922957
2026-09-13,63563817,1841014603,2478,1.6378697480011455,1.2360370052865894,2.0691130875431694,7.292143120049117,3.1896878192584204,12.155382815239602,3.547200489984584,3.3693902789408785,3.728395970585076,0.2743278582123771,0.20466889765115998,0.34261360536277713,1.5798105745145294,0.47287596355036376,3.2035823936017445,0.0351981812921178,0.018597808320625114,0.052158882214142784
2026-09-13,63563817,1841014603,2505,1.5684261438980656,1.1914994324005945,1.9062179410447149,0.955761447076204,0.42737094144428206,1.6147031274904222,3.547200489984584,3.3581841500656275,3.7268482284229254,0.0359554093250725,0.028172157551974268,0.045071224711147176,0.111611918268068,0.032286591302463814,0.2231965748796783,0.0046133302833445,0.002531908263730652,0.0068865702306955085
2026-09-13,63563817,1841014603,2570,1.4398151880140286,1.0855109311419127,1.8176369756481268,1.7504602522965258,0.7451731324613605,2.9661478443239746,3.547200489984584,3.3692603883500647,3.729361537430137,0.0658516987383496,0.049532154282125276,0.08293926161755846,0.2240791063158747,0.06567808940472813,0.4381818153635094,0.0084492331391,0.004601295237602942,0.012554885965098317
2026-09-13,63563817,1841014603,2889,1.4097650690708674,1.071368005420077,1.8140794052234859,0.32677853953166053,0.14293146726095254,0.5550656092671913,3.547200489984584,3.36166753169476,3.7350122712896106,0.0122932936701447,0.00903082345543224,0.01529131984654023,0.0342050786922802,0.009848200209344852,0.07028009769134334,0.0015773154870185,0.000843362235564747,0.0023472512228678985
2026-09-13,63563817,1841014603,2892,1.5479594157802556,1.1610641733545484,1.8815799364823236,4.84514062474659,2.152401280417048,7.977158310271551,3.547200489984584,3.3586668941260425,3.723056563990322,0.1822724853918608,0.14226487924338854,0.23054946033105958,0.5471102129925945,0.16798427569995653,1.0985007477369282,0.0233868336493218,0.012241061541799105,0.034973443472518795
2026-09-13,63563817,1841014603,2985,1.515958711785757,1.1538603547061101,1.9089465695937264,18.33454771791895,8.120830467266945,30.262436401737627,3.547200489984584,3.359552340312021,3.7284725664685614,0.689739233576021,0.5187412697225853,0.8582055560751464,1.8368816150409544,0.49573048859858115,3.828700550703043,0.0884983637677081,0.04596437646686035,0.13061649316418772
2026-09-13,63563817,1841014603,3169,1.40698249987729,1.0642616686377824,1.711923208928585,0.9805420002738177,0.41263260108088856,1.6880845599794605,3.547200489984584,3.362212210580755,3.734096871857836,0.0368876450165702,0.02883692500081109,0.046385773948063896,0.0861995403432207,0.02431845294734594,0.17368757366684387,0.0047329426372999,0.002577286523053322,0.0071697957538363645
2026-09-13,63563817,1841014603,3304,1.4400922776540415,1.0895838754583258,1.8005359228621771,1.2998982724427677,0.5661924429063897,2.164745711966896,3.547200489984584,3.356597875048306,3.735825727069687,0.0489017156002818,0.03713676566385655,0.06136845647478181,0.1130071998320975,0.030786466722265215,0.2419300428697519,0.0062744318510363,0.0033468684762365856,0.009290623823055484
2026-09-13,63563817,1841014603,3501,1.4992971085900988,1.1478920658657952,1.8847008732762829,2.193121553295571,0.98164759984187,3.7188351434316522,3.547200489984584,3.3676904149095206,3.7185842720569213,0.0825044611179989,0.06281988594804094,0.10314270603141493,0.3302331805002679,0.09357656733169448,0.6545161299541955,0.0105858989267929,0.005821474320934188,0.015716839740139717
2026-09-13,63563817,1841014603,4048,1.387906357357163,1.0512180426468325,1.740021739643187,0.4934971113055667,0.21951759426759762,0.8152419292856143,3.547200489984584,3.358636270419451,3.743721435317267,0.018565187675244,0.013981872080924013,0.023143408323892986,0.08733391007587,0.02471155459862144,0.16923284201336197,0.0023820433177061,0.0012470064591933046,0.003562512266233112
2026-09-13,63563817,1841014603,4186,1.4100404987840485,1.0678463205433468,1.7147352183551772,0.5479818152484273,0.2406895324348596,0.907249384270807,3.547200489984584,3.3654002833785484,3.7389707338379528,0.0206148830654628,0.016085853157919203,0.025830476057590552,0.0557462717824666,0.01527623034786671,0.10992346922629637,0.0026450335601432,0.0014021578731950332,0.004060816650529101
2026-09-13,63563817,1841014603,4675,1.3790346678190264,1.0328877002116619,1.7148022083941006,0.25628978059776175,0.11241439748345307,0.4435574015514425,3.547200489984584,3.358602183413413,3.7386622631127158,0.0096415313626799,0.007255237444993609,0.012045112667098125,0.0289693306657439,0.008494697739856156,0.058185458025984904,0.0012370758516786,0.0006475328272267892,0.0018972176688108685
2026-09-13,63563817,1841014603,4713,1.478581910385055,1.1100216367730074,1.8639765743911236,1.1852827668370627,0.5105625952859207,2.019448954509726,3.547200489984584,3.35714354309086,3.735107328435312,0.0445899206103708,0.033529162881226156,0.05630302338181387,0.1190616274413629,0.0342460685407103,0.2407395724954267,0.0057211984217436,0.0030684064385771968,0.008579532129627442
2026-09-13,63563817,1841014603,4827,1.565954815278189,1.1782955964673911,1.9077868796130717,2.2009422390424334,0.9154986772364002,3.7334439438706792,3.547200489984584,3.3680546299404845,3.728104455734626,0.0827986725638481,0.06427925879961731,0.10407501049551511,0.2044672365033074,0.06144035076585335,0.4349425882941912,0.0106236483113312,0.005746698461067082,0.015561866728628257
2026-09-13,63563817,1841014603,4868,1.4983448632755214,1.133866956320689,1.8866400420394052,1.0069718459788388,0.42759232033357386,1.7190969008400951,3.547200489984584,3.3576218805978826,3.7410285453922456,0.0378819265118425,0.028378654246871013,0.047219213103336787,0.0931267236864582,0.026248598088404133,0.19482471845745924,0.0048605159014738,0.0027092425667842594,0.007124675172608576
2026-09-13,63563817,1841014603,5134,1.4748843179898037,1.117027594038636,1.8430217262152107,11.385095849192327,4.97262840628896,19.545029793616052,3.547200489984584,3.368020333149659,3.7264397921536028,0.4283032996519847,0.32226607095567383,0.5317177243991845,1.063429366898514,0.30510039364243235,2.1204208926790957,0.0549543064543295,0.028807602463149225,0.08113213405404383
2026-09-13,63563817,1841014603,5267,1.4214283564640293,1.0647653068609269,1.7815946721503304,0.5761728229650298,0.24878764537130124,0.9989966006758656,3.547200489984584,3.3541812014427568,3.745098822212099,0.021675418855892,0.016203514257807337,0.027112169582718434,0.0607816890870218,0.01774313175221009,0.12050450935011878,0.0027811077133902,0.0014706950072166595,0.0039967751014093
2026-09-13,63563817,1841014603,5307,1.8101823264762906,1.388139916897671,2.243706768139992,11.873704623758002,5.323177585425457,19.596097076703852,3.547200489984584,3.36758073597508,3.746061594071752,0.446684589819185,0.3391254338513257,0.5481399267828613,0.6811063629429284,0.19994053755136437,1.4030410294985345,0.0573127544366239,0.030487315210826125,0.08471720549814162
2026-09-13,63563817,1841014603,5374,1.4795809106222544,1.123512490793026,1.8043411094327544,6.31284674510091,2.774321228515494,10.466157644615686,3.547200489984584,3.368263824587136,3.728329808531323,0.237487073182245,0.18468162813991568,0.29659543989594556,0.3984317824478981,0.11032068461428393,0.8060214070304705,0.0304712511185492,0.01634850391313327,0.04524599316058955
2026-09-13,63563817,1841014603,5418,1.5101477244296755,1.13886099150949,1.8566221256337585,2.7116167145630357,1.2348508595619072,4.582501479003015,3.547200489984584,3.3790240870737436,3.7260862341679144,0.1020100666364801,0.07903231405918092,0.1288420132186857,0.2892651848151114,0.0889431918788273,0.5613591146875024,0.0130886044257019,0.00720194766685264,0.019286540515214484
2026-09-13,63563817,1841014603,5592,1.4750322292095628,1.1049666670735405,1.8307458609036993,1.174915295349632,0.5070590755081301,2.0037045675575973,3.547200489984584,3.36877881491789,3.726984248833341,0.044199899981126,0.03379236542839824,0.055988325242455415,0.0996035901699958,0.02994144466377312,0.20812129403898155,0.0056711560494331,0.0030955054871137522,0.008612437312914887
2026-09-13,63563817,1841014603,6083,1.5750084650079972,1.194546410509995,1.9155764609432615,19.648186666720996,8.557050032185364,33.157353140209196,3.547200489984584,3.3612608713110514,3.730848471651368,0.7391578685858611,0.5772937876628552,0.9257492056952525,2.666615491975193,0.7428937566568894,5.204531113392706,0.094839119991375,0.04955313282443788,0.14284539236032928
2026-09-13,63563817,1841014603,6149,1.6556988606967389,1.2691006126983968,2.0784546358963913,26.99512849757657,11.924963939065389,45.861452440833546,3.547200489984584,3.374191340485873,3.726749716289086,1.0155472350161725,0.771905171625418,1.2641775183546822,6.161390455587306,1.705403812219964,12.115553006729934,0.1303018071942774,0.0723194995431786,0.1940138198848712
2026-09-13,63563817,1841014603,6352,1.568668056931759,1.1970190541172088,1.9383193600789672,9.489325304731661,4.249401091217354,16.064043525619596,3.547200489984584,3.3640632097376537,3.7317397219633572,0.3569850788542965,0.27557412796831526,0.4462340557910298,1.663564745896146,0.4917411248848341,3.1323519871703907,0.0458036803333581,0.024419726905662145,0.0699192656952574
2026-09-13,63563817,1841014603,6414,1.402215308512232,1.0565382323508636,1.732685007278117,0.30941670295107604,0.13294630864214405,0.5364132990204165,3.547200489984584,3.361226451153725,3.7331293114290034,0.011640147487277,0.00888938827994539,0.014578279635242011,0.0323877531502402,0.009073547408760417,0.06226361320935051,0.0014935122673796,0.0008034485237599617,0.002222820763111755
2026-09-13,63563817,2874903000,193,1.4900668466098588,1.1187719705915657,1.864956952763066,1.17962449943969,0.4892230040675624,2.0080010239593338,3.666066332329043,3.4766687751193475,3.8516833123257395,0.0240002809815978,0.018081159239436997,0.030140712167474555,0.0233245387007505,0.00636194734248009,0.04734217950310102,0.0030794037709362,0.0016820651920031518,0.0045486705713915715
2026-09-13,63563817,2874903000,431,1.5534716859953637,1.1902318833875836,1.9320194785499665,28.514187665528254,12.278358711882557,49.129910368958015,3.666066332329043,3.5007542224601877,3.841553601452192,0.5801409823717184,0.4430254601557244,0.7191319825851216,0.9648198253526412,0.2766478271941454,1.8418282305689846,0.0744361422334969,0.04061320503749361,0.1097572239544612
2026-09-13,63563817,2874903000,648,1.627223012189731,1.2291739812324236,2.0307993374299858,1.2948930022904186,0.5278070416830475,2.2690355992578906,3.666066332329043,3.479698002784072,3.8461789645372644,0.0263454988522504,0.020090505102051428,0.03319284745107617,0.0255419111169106,0.006943376415197898,0.05018276211087885,0.0033803116128107,0.0017917468923903859,0.004964498269274362
2026-09-13,63563817,2874903000,1490,1.657686198961559,1.247423892581992,2.077774756099355,0.4127222787680946,0.1726566636415423,0.7087730519305295,3.666066332329043,3.476907688327271,3.859894744714927,0.0083971218489482,0.006349171308305684,0.010575513219681863,0.0089886311751632,0.0026048931965710663,0.017914778564229943,0.0010774094147684,0.0005686903446874194,0.0015865223021302613
2026-09-13,63563817,2874903000,1812,1.7119169054939467,1.2934786575977548,2.084254793293012,1.5560759911563233,0.6732833996363529,2.6029966411644705,3.666066332329043,3.4820931072079087,3.856812110165983,0.0316594484382184,0.02445249465107029,0.03940167770461514,0.0306937751512841,0.008251333343472252,0.06386479725331669,0.0040621284801274,0.0021238080588328193,0.005953164812840722
2026-09-13,63563817,2874903000,2249,1.6249902209099119,1.235618835831005,2.0453519949079917,0.9697048025372594,0.4252940586367701,1.6618737404261097,3.666066332329043,3.4811791806042365,3.854328545003467,0.0197293187290986,0.01485131898739586,0.02458377457272722,0.0208664040536628,0.005995169989827796,0.04074239704577263,0.0025314094672046,0.0013222003365039555,0.003715081030188852
2026-09-13,63563817,2874903000,2275,1.6492727967498146,1.2459234440770368,2.0158543530017585,58.26122815395979,25.219730004193497,101.48731511567554,3.666066332329043,3.475295649520247,3.8608680162074154,1.1853652129912386,0.9179999325286976,1.4852872131434698,1.195667658476306,0.31879766615686855,2.389487562029568,0.1520906405062767,0.07958757984765935,0.22843818751027534
2026-09-13,63563817,2874903000,2561,1.6316694323019387,1.2355742867788073,2.008186451914901,89.87806405865845,37.05479892671602,157.01824110039715,3.666066332329043,3.4819010456530495,3.859431033055503,1.828631731974412,1.404021357723306,2.2819645074759163,1.6238374887224478,0.45957189577677326,3.0496136168436845,0.2346262302267732,0.12562553509750116,0.34713701338866665
2026-09-13,63563817,2874903000,2574,1.7421173307388365,1.2967682886898668,2.1246207178874124,0.9650881293946182,0.404466199570079,1.6639718706899926,3.666066332329043,3.47403530924664,3.8568100337153286,0.0196353893026784,0.015162098357859758,0.02484153395543993,0.0189166893178008,0.005446114838714401,0.038180626950359904,0.0025193576653885,0.001349012563815334,0.003745813949978376
2026-09-13,63563817,2874903000,2596,1.6236054655823249,1.2169114955296787,1.993883638023017,0.3294877228334502,0.14102196998131153,0.5777067076044047,3.666066332329043,3.4902228610670996,3.845840093392475,0.0067036569109456,0.00516975190608034,0.00847052869172317,0.007175875327434,0.002112955031279745,0.014726340294844395,0.0008601260287934,0.00046203871913631854,0.0013030672896384675
2026-09-13,63563817,2874903000,2669,1.495507850707635,1.1259947706296332,1.8221659677301516,1.786116428364273,0.7919170714476965,3.0141638909944213,3.666066332329043,3.480447056198718,3.8440283479306063,0.0363397811481128,0.028089347802357584,0.045456208811910946,0.0427209915210917,0.012466516785981445,0.08655762277645743,0.0046626478743435,0.002506457372278208,0.006833486871627246
2026-09-13,63563817,2874903000,2797,1.604709321369214,1.2059482497159038,2.016017626588895,1.226883399428687,0.5127764458003731,2.093130698159407,3.666066332329043,3.4792711535097993,3.852076215620606,0.0249617961749122,0.018716688298219205,0.031289214549189134,0.0242004139983701,0.007100236183436617,0.04752366711575775,0.0032027728895884,0.0017059876133902491,0.004809367657427374
2026-09-13,63563817,2874903000,3163,1.6829483654436244,1.2716727647099189,2.0645603236366865,106.80255106906442,46.322527637664315,187.15581829016583,3.666066332329043,3.489714123083972,3.852323284908571,2.172972192783833,1.6708000062913526,2.7125432717023785,1.9007357558019589,0.5777363333099641,3.5902075616674813,0.2788075177006772,0.15059605190857642,0.4178999858244114
2026-09-13,63563817,2874903000,3422,1.5584328884694292,1.1835243791661096,1.9213902912473195,1.6999872912653466,0.7180736957501633,2.8606798354401004,3.666066332329043,3.473667488051231,3.8537946838444426,0.0345874239428677,0.026489837501882336,0.043004886226410244,0.0312126232906909,0.0093028584115022,0.06269533119922302,0.0044378081989249,0.002378168335550795,0.006544406712553624
2026-09-13,63563817,2874903000,3465,1.5534700532530732,1.169046075206711,1.9496103131018236,0.46383626837440606,0.1982159688709638,0.7875322947993662,3.666066332329043,3.4762804143430017,3.8663298294774777,0.0094370715221066,0.007111675432356699,0.011860078999869787,0.0090916532033926,0.0024901718483353063,0.016925596920282216,0.0012108422253077,0.0006495663889582417,0.0018209853907777164
2026-09-13,63563817,2874903000,4527,1.6756967621018377,1.2638089873450862,2.0603179369324542,22.483979651949934,10.396830173398449,38.443950845277946,3.666066332329043,3.4907038183053847,3.8492346359739416,0.4574522057550017,0.3543955764316773,0.5777515195754239,0.6298032062444843,0.19206487545406928,1.322319705535018,0.058694314808445,0.031908950418352504,0.08794899100822866
2026-09-13,63563817,2874903000,4667,1.0235627956061504,0.7710708156733533,1.2882325971830129,2.865648684565529,1.2605767584739471,4.991659915248262,3.666066332329043,3.4778514803072897,3.848882366962236,0.0583036158173952,0.04409924335908492,0.07367686813132607,0.0985416991054557,0.026419903447596853,0.19028369686667185,0.007480761352126,0.003916376129974754,0.01135275672929635
2026-09-13,63563817,2874903000,4738,1.5882479877762319,1.1927561438879404,1.9882861941191432,0.8661156545931148,0.3834593056131523,1.5067483710881395,3.666066332329043,3.481678449384801,3.85539233121055,0.0176217254581173,0.01331238381348033,0.022191316578303182,0.0186373411358331,0.005424672909870846,0.037332974416098,0.0022609905220583,0.0012168756464872416,0.003459784207870978
2026-09-13,63563817,2874903000,4798,1.3470245460690313,1.0255635002054413,1.6864715899401723,28.434722533570202,11.857621171136122,48.035252905918455,3.666066332329043,3.4764858199606534,3.850153680839717,0.5785242089865107,0.4326871022012532,0.7115263059056421,0.6269893311477038,0.17767684297543251,1.2728754149348867,0.0742286989096885,0.039314494192716536,0.11161080554232626
2026-09-13,63563817,2874903000,4836,1.5287837215427242,1.1491781769091451,1.9298898850065693,0.6998479380652062,0.306913485104472,1.190677196791868,3.666066332329043,3.4877545891945956,3.851519947844547,0.014238893110422,0.010582763971003925,0.017772322944271786,0.0137650968112369,0.004067286163363415,0.02820695125319725,0.0018269494916251,0.0009811871422970974,0.002757656635617283
2026-09-13,63563817,2874903000,4860,1.4593251804636909,1.093130154804615,1.837411563900221,11.478662958565007,5.245566753961805,18.777968497527954,3.666066332329043,3.481643347241,3.8494648504679296,0.2335413823886113,0.17693802102587308,0.2974101168872659,0.5701935595872637,0.16060148880988365,1.1257344891831103,0.0299649914160824,0.01630839454706112,0.0430604416338805
2026-09-13,63563817,2874903000,5241,1.6632106690810986,1.2452107060581885,2.0850536619637596,1.404721297426623,0.6057666978887191,2.396160305936963,3.666066332329043,3.485576612223923,3.8444963861871764,0.0285800319127716,0.021429732285659638,0.03588316533476904,0.0300899560025994,0.008078643822118316,0.05772244619449006,0.0036670178200474,0.0019514074234748516,0.0056459809460717115
2026-09-13,63563817,2874903000,5351,1.6078274176176923,1.218332177635685,1.9898723339137745,0.9212073161433415,0.40187100317052876,1.5985540263811835,3.666066332329043,3.4780053816131313,3.8523621787355258,0.018742603633822,0.014414876920341652,0.023543470069208147,0.0249344395049262,0.007231218223751861,0.050660621177817604,0.0024048070250264,0.0012717403074736138,0.0036295439017999605
2026-09-13,63563817,2874903000,5532,1.7065901850179568,1.2846182960223052,2.1636142134905847,14.619885211405487,6.214562420359712,24.754190817938497,3.666066332329043,3.4848740428997216,3.845071937235773,0.2974517341400617,0.22102060451984634,0.37225329590678624,0.5286124253929813,0.14966036281096728,1.0142918143874713,0.0381651361700616,0.020590718638581286,0.05633624590525438
2026-09-13,63563817,2874903000,6242,1.5449250241786412,1.1698340387296808,1.8942989733955236,1.048226172283215,0.4475353153941837,1.7721840274367355,3.666066332329043,3.485203514864754,3.8525410340595614,0.0213268906156252,0.016539355481992764,0.02678199049857037,0.020676379959981,0.006164443942024495,0.0421656054853898,0.0027363891045465,0.001470787078338081,0.0041402977389520595
2026-09-13,63563817,2874903000,6282,1.59147908981395,1.203234276658719,1.9229709930672159,37.05988876099367,15.74240622614369,61.74049869190114,3.666066332329043,3.4742411647803007,3.8604992593403122,0.7540092155029718,0.5889399343443359,0.9412251679526192,0.935885602343182,0.2795807739403487,1.8751679535213241,0.096744651586405,0.052110365105203005,0.14140907274380385
2026-09-13,63563817,4190988309,9,2.0520595388943024,1.5420365670670477,2.539366785368718,13.511388978620358,5.594437641029952,23.49439294033431,3.903278892693996,3.707480340343251,4.079683419664658,0.0791142395836509,0.0607193046189886,0.0999902263494384,0.4696201026739618,0.1354800907093751,0.9575000725319804,0.0101509098120744,0.005383394926922139,0.015473691713033472
2026-09-13,63563817,4190988309,2397,1.6764334816151683,1.264606703317073,2.0458248580073803,1.0970840846712155,0.45734087332976436,1.9392491145126787,3.903278892693996,3.7274424187835975,4.076998674324495,0.0064238379381593,0.004942998786875285,0.007996565037967085,0.0614063901547892,0.01780611410866862,0.12101068092276553,0.0008242232991279,0.00044003683285113434,0.0012339490737037506
2026-09-13,63563817,4190988309,2478,1.9116422384706604,1.436483569810294,2.4023517623070134,43.27315744946978,18.77860583545919,74.67168672655131,3.903278892693996,3.7239972740742426,4.080550764607461,0.2533805333719268,0.191582881286623,0.32040009517655393,0.8483811146575162,0.2179216657143184,1.6243183491417554,0.0325104931290431,0.01755769475083253,0.04848022866227957
2026-09-13,63563817,4190988309,2941,1.6668539823394282,1.2317885609725665,2.108432835395466,18.752733440030976,7.822830135645807,31.866938590081745,3.903278892693996,3.7152260010157363,4.085621975690106,0.1098042731632202,0.08164122795185771,0.13974386235758468,1.0022428872599487,0.280374950381911,1.9828451159519571,0.0140886555912821,0.007238095054140716,0.020666866249609915
2026-09-13,63563817,4190988309,4017,1.8463988969856593,1.3977459525941327,2.2630080936429144,8.026056861855306,3.5425595453403598,13.584756417613596,3.903278892693996,3.7156451891346545,4.097961634691121,0.0469955669609967,0.03655197492035509,0.05917878227339745,0.2104133493628835,0.06090646934584475,0.4311418809852616,0.0060298596598907,0.003250103406977786,0.009064504627437365
2026-09-13,63563817,4190988309,4097,1.9155235235687702,1.4398774967861354,2.401477392160217,15.770239809439408,6.696521356264252,26.689915551110637,3.903278892693996,3.7233882549215602,4.085693685880019,0.0923406566526823,0.06937870050220815,0.1157122144084638,1.6333743308444186,0.44403427238654297,3.2475895348835286,0.0118479515521099,0.006133093255133105,0.017260622093840768
2026-09-13,63563817,4190988309,4101,1.5981917147385605,1.2008628960116636,2.002850547488091,17.0989578504238,7.067865775775886,29.93246023087618,3.903278892693996,3.7218494540262292,4.081219456691706,0.1001207981022324,0.0754226083410155,0.12579305174836047,0.3306601987756593,0.09723010582305307,0.6941590203974729,0.0128461980699957,0.006748204619072931,0.019499408277262334
2026-09-13,63563817,4190988309,4177,1.7095037912606255,1.2831569245790388,2.115284845072491,290.4158414607694,112.9083165145357,509.3810763876911,3.903278892693996,3.7193397627165856,4.089354765954237,1.700493450123509,1.2882598249986434,2.1236969790186526,13.239235700195495,3.495183641681173,25.535706287522206,0.2181851931974356,0.11318965215328693,0.3240693270485343
2026-09-13,63563817,4190988309,5374,2.1503603892308596,1.6218928351124047,2.6633185221419575,27.89920964678131,11.703320567417627,48.60232055540375,3.903278892693996,3.7129634638388933,4.095699892067172,0.1633603147450307,0.1242961740225875,0.2041073832617274,0.4700758278796357,0.13161268000859255,0.9556087782999257,0.0209602699915425,0.011212349588714646,0.030557768488604718
2026-09-13,63563817,4190988309,5649,1.76878846111166,1.3362955999950445,2.2208763266756195,4.45826315308811,1.8634050521582775,7.822988545191739,3.903278892693996,3.7232595325254,4.078257847119414,0.0261047994235446,0.01973667523082118,0.03280165603378703,0.1595962359514937,0.042416190913079244,0.3255608838649511,0.0033494281940296,0.0017912476583638447,0.004968502164968341
2026-09-13,63563817,4190988309,6083,1.7016964896101816,1.28417660195778,2.138237308018049,10.94665748638549,4.600616791197398,18.818388163802997,3.903278892693996,3.7202247976896365,4.089380552602514,0.0640967767554049,0.04846060428166606,0.08069004942146259,0.3834895125489279,0.10475581394696244,0.7524365015264526,0.0082240643847791,0.004451192890940544,0.012023524833390663
2026-09-13,63563817,4190988309,6224,1.7705417377786716,1.33689338913481,2.1854464821735773,1.5811391126845706,0.698504306936327,2.7419886424758015,3.903278892693996,3.712959968417036,4.095803542545793,0.0092581613018428,0.007141711536489593,0.011674699372401095,0.0570223461417844,0.01742199391758329,0.11771414634392337,0.0011878867937708,0.0006503812325094244,0.0017976373746083226
2026-09-13,63563817,4190988309,6245,1.9486059763038244,1.4903672475244167,2.431299110057895,2.535026387730235,1.0707065816065162,4.289864786084043,3.903278892693996,3.7145764090788242,4.097663156058129,0.0148435283231884,0.011333206004198201,0.018488266140596683,0.1790002415228195,0.053134714963593226,0.358802963287759,0.0019045284147911,0.0010571245406600322,0.002791579595094051
2026-09-13,63563817,4190988310,228,1.648433664767119,1.2431349255907738,2.0584098240223256,0.5587552754067768,0.2590891245362555,0.9073764259851492,3.7888317536665466,3.613305203722852,3.974138813817899,0.0101426598821385,0.00770117021543675,0.012751715313589753,0.018024100814515,0.0048677815068906465,0.03592718840142223,0.0013013741427581,0.0007093019020088415,0.001924519439673457
2026-09-13,63563817,4190988310,925,1.7191580528049437,1.2904687010646896,2.152839441295666,12.618275720559579,5.393076630387748,21.115386880748545,3.7888317536665466,3.601752309556944,3.9707741725126837,0.2290499697555601,0.173228769599746,0.28899048951753165,0.3919679144105628,0.11151983463426725,0.7918022513954784,0.0293887117879541,0.015627355425794045,0.044249424347624015
2026-09-13,63563817,4190988310,990,1.7646273434687423,1.3250474949089734,2.1369255754937675,1.4275250971218612,0.6067590401026908,2.4599711803643505,3.7888317536665466,3.6115674283813997,3.9655026454907745,0.02591277822439,0.02031114163277187,0.03275610737676094,0.0750251097220174,0.02163993544812891,0.14762118373384678,0.0033247905322776,0.00177715632117972,0.005094555980803549
2026-09-13,63563817,4190988310,1186,1.6863179518415279,1.277640689045908,2.0432740800506757,6.482622809731051,2.845953728177948,11.166438150691892,3.7888317536665466,3.607665545573611,3.965524365163523,0.1176741253233412,0.09123416437352075,0.1459067520921756,0.1885908200551803,0.05280735292169626,0.38750861268387554,0.0150984126202589,0.008101033144809868,0.022344534859089233
2026-09-13,63563817,4190988310,1567,1.7558236986676938,1.3330002507044187,2.189338277375756,41.536833755764725,17.160266958954995,73.28990025305805,3.7888317536665466,3.6020970096780407,3.978265488920907,0.7539865767870322,0.5747567189930133,0.9439883483564957,2.5449336603593173,0.7415362199617709,5.206341620019535,0.096741746880944,0.04991455149177276,0.14611950919860175
2026-09-13,63563817,4190988310,1667,1.861697938212018,1.399486602105635,2.2513659577594884,9.978125442160852,4.115273135963611,16.583537170015898,3.7888317536665466,3.6020519019266075,3.97077208883081,0.1811253281635198,0.1415958638757456,0.22778512473050833,0.4107230692919692,0.121916817838027,0.7875758517428101,0.0232396453602548,0.012779893083347848,0.03543812376426404
2026-09-13,63563817,4190988310,2123,1.7578370639394323,1.3171614318125828,2.218103804049393,8.226707819135338,3.6015039879706037,13.797407495815193,3.7888317536665466,3.6106510804579197,3.9732552245421804,0.1493331750621483,0.11159561355913047,0.18792734813841264,0.3810024261993237,0.109041089774195,0.7740377251089272,0.0191604899444657,0.010058038564884866,0.029051335653983185
2026-09-13,63563817,4190988310,2212,1.7732041460283525,1.3442738549654054,2.1530037178420134,0.3862206395480447,0.1592028744940155,0.6853292711581302,3.7888317536665466,3.5991637980719715,3.974551801303983,0.0070107697570211,0.005458245289022087,0.008741985389919401,0.0142491813221745,0.004208544057286478,0.027525457318475843,0.0008995307531395,0.000491051821253804,0.001342494026135225
2026-09-13,63563817,4190988310,2294,1.7738870723897933,1.3576998570791943,2.159887281917824,0.7396914997501306,0.3191843473224645,1.2188781709374417,3.7888317536665466,3.602888960429616,3.977466646188008,0.0134270576581361,0.01048415464725436,0.01667864378580654,0.0249795895491957,0.006259267857862709,0.04531047117745387,0.0017227853297528,0.000933899676920875,0.002459927616865207
2026-09-13,63563817,4190988310,2892,1.6895247934879765,1.2805711611205055,2.0569943428463993,17.418279993855954,7.567053287271093,29.639002394232737,3.7888317536665466,3.602498264807246,3.9807311089467006,0.316180799511778,0.24684312927796861,0.3965064870927195,0.5457639211145425,0.15772862131067134,1.0651789522973938,0.0405682061414505,0.02203550871614051,0.06063764359947358
2026-09-13,63563817,4190988310,2985,1.7240445463014704,1.3199515719200832,2.168948931135286,138.23175000219192,56.0281789269719,239.45136023539357,3.7888317536665466,3.6143146582675505,3.9668415354786646,2.5092159070253777,1.8858049715047849,3.0987611699458273,4.103489152443649,1.1868917103791927,7.886666273953256,0.3219499360074848,0.17696138567252498,0.46594188609141324
2026-09-13,63563817,4190988310,3169,1.7618875696067096,1.3328924005114995,2.1460673676619484,118.0221211125681,50.99709335550977,199.3410096391101,3.7888317536665466,3.6030564530762845,3.9719101683603246,2.142365872325538,1.6521526955866765,2.6600941638635627,3.126612427599755,0.8580176038445009,5.965514130524755,0.2748805128999409,0.14895734046719497,0.3916647695573803
2026-09-13,63563817,4190988310,3180,1.6942735919238647,1.2687940703617884,2.082359670236576,0.4557652213410721,0.19394458791010724,0.7706032672100867,3.7888317536665466,3.6036233666804813,3.9707940639590293,0.0082731596991272,0.0063792190596941925,0.010469630672194072,0.0243115845703979,0.006813051401697243,0.05002589706796708,0.0010615042046625,0.0005736524089498291,0.0015718956465420265
2026-09-13,63563817,4190988310,3304,1.7616633268504793,1.3277779885254009,2.224740073726857,1.947134530432835,0.8027869120312904,3.3518370096814283,3.7888317536665466,3.6099578614205043,3.9876486698692823,0.0353448533842839,0.026391444565116245,0.04421982050836787,0.082455269967684,0.02277879556165272,0.16133238614983827,0.0045349916893975,0.002405697200148506,0.006722338165782447
2026-09-13,63563817,4190988310,3818,1.930433361195817,1.4566463887305472,2.3438985517080533,0.5902448525386683,0.24788003371107312,1.0087352365328555,3.7888317536665466,3.5999618664684743,3.996028855660133,0.0107142662449574,0.008433494137057086,0.013570386640585727,0.0292764143172829,0.00827975043807218,0.05661313800714285,0.0013747152336605,0.0007478545095908629,0.0020507380184648515
2026-09-13,63563817,4190988310,4048,1.6140589853673974,1.2156111368659743,1.9852944063210023,1.154838696704032,0.49252408246903084,2.011900904106087,3.7888317536665466,3.600592056289447,3.9624411085364293,0.0209629092286849,0.016215133762919866,0.026482000189852573,0.0882076023851763,0.026826534910025936,0.1772229897310089,0.0026896877489935,0.0014584718761250647,0.003946648835960976
2026-09-13,63563817,4190988310,4155,1.6983078456749365,1.2779225840925845,2.058702095875076,0.6300100637130235,0.2860110606595707,1.0811099154645574,3.7888317536665466,3.6002968166598777,3.9823091206732872,0.0114360939033885,0.008997015986667488,0.014493973186588592,0.0231816323214744,0.006911745251478546,0.04361567081056967,0.0014673307665805,0.000786446644689442,0.0021910358950371256
2026-09-13,63563817,4190988310,4403,1.6658420055531296,1.252632651702896,2.0724271076924032,3.0708297848683075,1.2847148562736093,5.3143348469054645,3.7888317536665466,3.6056654156752233,3.9808803712016427,0.0557424393732749,0.04208549048713162,0.06962863290874065,0.3681575535778035,0.10132421555833458,0.8208384979833179,0.0071521445160938,0.003777263948675736,0.010313193084545775
2026-09-13,63563817,4190988310,4675,1.6931053576591926,1.2850026868816211,2.046175738898497,2.6426829272804286,1.106492175170738,4.547315144262493,3.7888317536665466,3.599705943651267,3.97313623561128,0.047970614842475,0.03798210431199046,0.06048085435845201,0.1585522823271635,0.03996582044372699,0.3000584651623743,0.0061549651170047,0.0033384564146732997,0.008889502543771409
2026-09-13,63563817,4190988310,4713,1.987977429504284,1.5003656797617837,2.4291078468747633,0.46731480941448306,0.20331562303458606,0.802382775876445,3.7888317536665466,3.602436297478161,3.970108565787044,0.0084828105941852,0.006596060492309261,0.01067907335318489,0.023869406559419,0.006715102435086498,0.048032199345147526,0.0010884038796004,0.0006169302894039816,0.0015566352371170326
2026-09-13,63563817,4190988310,4773,1.9385373615791028,1.4837384736274015,2.4188963330329405,21.08728045992528,9.448359546625095,35.481415796462485,3.7888317536665466,3.596550425375965,3.9671102059274825,0.3827813766743958,0.2898905159757376,0.47260020455320734,0.6301736561631083,0.18533810954213312,1.2251301404559534,0.0491135256157661,0.026355422384190155,0.07374518582580972
2026-09-13,63563817,4190988310,4791,1.8887166712026093,1.4466133148371636,2.3411686166603207,2.6138707306259317,1.1123938694854296,4.627363399063736,3.7888317536665466,3.5971259376362497,3.973639716824671,0.047447608932757,0.03633723603856097,0.058807419893845886,0.3034945704138007,0.08646876604107853,0.6365857459570602,0.0060878598038693,0.0033079671538893914,0.009028066296319429
2026-09-13,63563817,4190988310,4827,1.7734496552107226,1.331695211030371,2.1493090380611664,10.785817462012986,4.692718734589855,18.329106330115117,3.7888317536665466,3.5968272420046716,3.973387813777,0.1957867475853118,0.15305519283735378,0.24702552725379068,0.6393563877396786,0.16370758656047346,1.1628852464204071,0.0251208079303664,0.013557462203999926,0.038076469309680464
2026-09-13,63563817,4190988310,5010,1.7025921725412945,1.2747307583312177,2.0701867635774556,7.405851402889975,3.200360959834439,12.523841561812864,3.7888317536665466,3.6145922494726506,3.9623834936427715,0.1344327923570603,0.10525012770179243,0.170927627957954,0.2490230538335166,0.07152692467513073,0.4990787286384207,0.0172486667151617,0.009539226887983986,0.025569929506032367
2026-09-13,63563817,4190988310,5134,1.6157332979643808,1.2285628150666368,1.9461974630671828,20.68324029673201,9.080086932650744,34.947291955471236,3.7888317536665466,3.60370728999206,3.9704236062229112,0.3754471426467892,0.2958925138590604,0.4687306924315594,2.1932819192468807,0.6232913116373198,4.479916950306592,0.0481724921362473,0.025474304856007126,0.07136327150662407
2026-09-13,63563817,4190988310,5267,1.638074108433841,1.233031800700764,2.0118170252339813,13.446462084146662,5.848049924223648,22.516915987421434,3.7888317536665466,3.624318312296458,3.964171565762813,0.2440834074242669,0.18774303340721138,0.3063199946031998,0.5400002144034097,0.16413847401373377,1.1129946233744974,0.0313176068989175,0.01663137045675573,0.0458275005070153
2026-09-13,63563817,4190988310,5330,1.7737514146524775,1.3337489131580487,2.218494018697126,13.608678430761952,5.843651560079312,22.726856960440585,3.7888317536665466,3.601206515358337,3.9917189395729147,0.2470279974862474,0.18597362439919593,0.3093384393589888,1.9393868830474383,0.505872486908196,3.603797355517821,0.0316954183815279,0.016372448704408207,0.04675967782990747
2026-09-13,63563817,4190988310,5418,1.8630951019150928,1.4054482596845697,2.263686886042565,1.6173793050556278,0.6904093377102566,2.748123800885477,3.7888317536665466,3.608414475730223,3.9726178040300315,0.029359057379183,0.022968998882939733,0.03699504496060663,0.1510609799723299,0.04473687559668864,0.295166615755812,0.0037669722314463,0.0020375607563698386,0.005373369682401925
2026-09-13,63563817,4190988310,5812,1.7092378687444088,1.2945749171507976,2.1041630235869,0.6457247363787066,0.2699672540019622,1.1207405279714335,3.7888317536665466,3.602888469616339,3.9719638570508375,0.0117213504137474,0.009008611403169994,0.014642325461089692,0.0237598639796184,0.0069994164051421425,0.047103535014261774,0.0015039311703156,0.0008087326236049561,0.002219729308940152
2026-09-13,63563817,4190988310,5840,1.7889370458395124,1.3544962577626067,2.2442609285868027,0.4061263454775136,0.17165717275494322,0.6950066351176505,3.7888317536665466,3.603424464187471,3.97905208407994,0.0073721029091949,0.005547249204025987,0.00919122296202009,0.0149835802229346,0.004315292664317608,0.030725766005555277,0.0009458923216653,0.0004955444007406376,0.001389815472165198
2026-09-13,63563817,4190988310,6325,1.6207960025422203,1.247474916940036,1.9675833727067258,10.227871292072189,4.399790617318135,17.853568112947563,3.7888317536665466,3.6049759088468045,3.9656331914232736,0.1856587747798085,0.14583977643795637,0.2300262035748671,0.3515260740845197,0.09625782182382625,0.7222425837974746,0.0238213182421782,0.013200902603084139,0.03525647210312855
2026-09-13,63563817,4190988310,6352,1.815930419402423,1.3701489205057031,2.26154174478561,7.670566045439746,3.202706864921074,13.427655484517159,3.7888317536665466,3.603430998222519,3.9715819677883286,0.1392379560904131,0.10597081106687493,0.1749134049370869,0.8001300876433599,0.22434174195222126,1.5651528621492277,0.0178652028020433,0.009508205218540209,0.02765134133631977
2026-09-13,495403620,8878077181,1048,0.637408711997529,0.484220976949787,0.7988467029939654,19.225827486785473,13.17524254628894,26.17831514349121,1.2897414794909463,1.108673860587207,1.4708730219898316,13.170659487366004,9.903261146626665,16.3379547486969,138.06682531315218,37.57455486727957,273.8510353570341,1.689887652657453,0.904847590849083,2.400035745324722
2026-09-13,495403620,8878077181,1607,1.112211765278125,0.84050752314855,1.3625779497682229,10.02277823747696,6.952834635052594,13.570316419219068,1.2897414794909463,1.1138066210127577,1.4611341171331906,6.866107551101444,5.296776037115921,8.586785608731706,69.879956775205,19.934148022601867,149.83939660078747,0.8809695811781177,0.4811620162785624,1.3129014840765285
2026-09-13,495403620,8878077181,3989,0.7605358617307112,0.5898003380550008,0.9462959434568164,396.03048680710515,273.98618437320835,529.503637334792,1.2897414794909463,1.1160236895792075,1.4754374058477038,271.3008161514654,206.56585675409286,331.42136362229667,2676.127561111378,741.0839193099293,5348.127447216516,34.80979064184583,19.03473961743417,51.40409540376632
2026-09-13,495403620,8878077181,5778,1.0318403849159088,0.7735013396218383,1.30603012566222,291.9011428109795,198.11726847473636,405.1695506178294,1.2897414794909463,1.099053231798726,1.481844109698575,199.96697455955405,148.35973610697903,250.50025755060906,2110.146952507672,612.7622466377206,4115.613830919039,25.657160263812894,13.17595259942513,37.74333619367749
2026-09-13,495403620,9628223555,104,1.4652212773091013,1.1089035545461128,1.7794731890609614,9.219102915619828,4.015731844352238,15.821407025669782,3.777062342805444,3.5869905812185605,3.9710877571566656,0.1115832826972451,0.087713789941434,0.14075555702911782,0.1455781754549666,0.04075356997904166,0.29009762291887875,0.0143169149467375,0.007710173322748337,0.021535699145643575
2026-09-13,495403620,9628223555,235,1.4648594673170952,1.1022525743041385,1.779767678962947,2.025839562255065,0.8593371604724962,3.5333243793483966,3.777062342805444,3.5901183168716972,3.970223460809882,0.0245197206977022,0.01913884712414022,0.030902809681040457,0.0464768028369349,0.012894919253048767,0.09608248601712052,0.0031460515165093,0.0016799157464005205,0.004692922843057126
2026-09-13,495403620,9628223555,400,1.4848952623857123,1.126622109889624,1.826408928389378,3.4310689312268328,1.4296941059044141,5.836522069610846,3.777062342805444,3.5845359296020933,3.959230294743798,0.0415278946347545,0.031734641613426276,0.051446117788435275,0.0631476902527376,0.0176785662841914,0.12846033893506012,0.0053283190907372,0.002820944683348739,0.007611025069948101
2026-09-13,495403620,9628223555,444,1.665908340744057,1.2669320883632573,2.0894012277130556,440.04878600695514,191.46736046600972,731.2202369529207,3.777062342805444,3.591909857575351,3.970447133963915,5.326124302875548,3.9998724228711193,6.596516441413455,48.32894075677222,13.782347319744508,86.88880181628842,0.6833789685764772,0.36175477712516824,1.0322528916993843
2026-09-13,495403620,9628223555,665,1.5694653776022767,1.1953967596707338,1.962903753436556,36.501822546852566,15.516651066710983,61.71402910454756,3.777062342805444,3.5926357197247323,3.9643934173255624,0.441799296687457,0.33662415609072255,0.5527535915265186,0.548556411596507,0.1476208951621434,1.0613876542549716,0.0566859371879631,0.030087178540691886,0.08428610264404054
2026-09-13,495403620,9628223555,700,1.2641884516750193,0.9598723999599783,1.5977957222047843,5.678238742589945,2.430266654933718,9.787821626854269,3.777062342805444,3.589337737156377,3.9674296284214985,0.0687264828949211,0.05145896160130577,0.0856581651378617,0.1178804397237665,0.03015066944617202,0.20309951755654776,0.0088180880362223,0.004782891975769295,0.013167588553037672
2026-09-13,495403620,9628223555,859,1.7083503056474445,1.288242182759635,2.104158251939998,1.205754137890505,0.5344040706690353,2.0886070523814384,3.777062342805444,3.599125277593923,3.9674449864249146,0.014593828278417,0.011259116865809592,0.01839014742709322,0.0391609644044049,0.011116351606348504,0.07796693042461615,0.0018724901540699,0.0010159952395382079,0.0028304701695171294
2026-09-13,495403620,9628223555,875,1.2809500049527098,0.9698677505225863,1.5694792830566817,52.46267076511576,23.351445488102275,88.31903716099319,3.777062342805444,3.5935945882668294,3.963477982234924,0.6349811989969338,0.4940471664153825,0.799487138451607,0.743443050228947,0.21405305923814963,1.5103099870859635,0.0814725252660177,0.04468261767633405,0.12114430752273699
2026-09-13,495403620,9628223555,1018,1.5832645308336335,1.1980950787050861,1.9305578765787428,4.1599245798044056,1.7358432877915124,7.399785380143016,3.777062342805444,3.60048812788086,3.9539060003824025,0.0503495887437249,0.038911146155648224,0.06269971476611362,0.1875699490936919,0.05809807480232449,0.3769000196263371,0.0064602040935019,0.0033850203119654585,0.009634804286785871
2026-09-13,495403620,9628223555,1092,1.2891479281735143,0.9902086317404143,1.5959887758356028,1.21965203929757,0.5148981642309335,2.0797517658283833,3.777062342805444,3.59088623432698,3.965234794417819,0.0147620413329622,0.011281367089952393,0.018182971420880534,0.0301325444287664,0.008769497168884022,0.061620234029303694,0.0018940730644901,0.0010068505837206624,0.002832641435139667
2026-09-13,495403620,9628223555,1164,1.5151864065432443,1.1505940242743378,1.8906371771903647,0.7845212749287312,0.3278623652992974,1.3366003423403894,3.777062342805444,3.5894294488110114,3.971562537439824,0.0094954422359315,0.007235917240302495,0.011889962081934208,0.0458500594783446,0.012195219241459143,0.08717026337459494,0.0012183315958031,0.000644044668717638,0.0017612594646962483
2026-09-13,495403620,9628223555,1257,1.4702380240346067,1.1295540984168098,1.7878118216477823,9.253530268814659,4.101288065243005,15.888672792316024,3.777062342805444,3.607262008514107,3.951957654422692,0.1119999736832572,0.08816776945206804,0.13954827107922677,0.1721683207625512,0.048604288573549495,0.34529713783734084,0.0143703793122015,0.00799147418325839,0.021508086652177866
2026-09-13,495403620,9628223555,1316,0.770920239887966,0.5818764983619517,0.9556159167378616,3.7570215009555175,1.4614664096499652,6.5364176858433956,3.777062342805444,3.593453454717786,3.961090013302107,0.0454730569858881,0.034624169187053015,0.05686270839585984,0.0159261484738155,0.00422998600862345,0.03173775097520067,0.0058345109903383,0.0031226812476983644,0.00891125804998654
2026-09-13,495403620,9628223555,1318,1.3319863415391195,0.99999500439812,1.6581134872591536,65.70992182846604,28.747004457568504,109.0363065922907,3.777062342805444,3.6035646753793897,3.953937112749296,0.79531911624252,0.6052404871514308,1.00356228458478,0.8778204327225062,0.24685372624112864,1.6566501011584334,0.1020450005369821,0.05426833953302057,0.15454400700033524
2026-09-13,495403620,9628223555,1655,1.5051397427786548,1.1522651301036089,1.8764482598144199,41.27966076147927,18.65596915360898,66.67965854940395,3.777062342805444,3.5994069868987015,3.9482151210130843,0.4996277944343605,0.3798074298982169,0.6185112021275152,0.5580340150151366,0.16067262821213038,1.0594146002570026,0.0641057375713808,0.03443190012718087,0.09705452307387816
2026-09-13,495403620,9628223555,1666,1.4888566362095261,1.1316951214942361,1.8586604318325797,0.7005885691735546,0.30969802431523585,1.1871005390975238,3.777062342805444,3.592612319709943,3.9559132561851063,0.0084795639102913,0.0064088213583676015,0.010525647312159563,0.0230650124377191,0.006342880410958947,0.04629931698288381,0.001087987307368,0.0005804220493255315,0.0016247148128394665
2026-09-13,495403620,9628223555,1676,1.660954595398202,1.2470501215291776,2.011298232668811,10.42916716756169,4.356941299040242,18.4122109285773,3.777062342805444,3.5947597331423946,3.9713466601425664,0.126229278380566,0.09872124859628574,0.15922212337214073,0.3578270575124646,0.09870806707137882,0.7396596739940373,0.0161960985434176,0.008526338532403543,0.024856974256748366
2026-09-13,495403620,9628223555,1735,1.2746817369606356,0.9675813470240556,1.5878849020288175,3.1378347635165458,1.3194235041658304,5.4737221310957045,3.777062342805444,3.590685359359142,3.9810383588758707,0.0379787390030638,0.02865379639691492,0.04702336500234466,0.0517142503823809,0.01361541672327306,0.0980945224799828,0.0048729376206515,0.002537946067143039,0.0071456530586093536
2026-09-13,495403620,9628223555,1802,1.7609373931640515,1.3423144164341996,2.209153148104633,7.918284202054835,3.1746108444504753,13.586204906050806,3.777062342805444,3.5959811964836543,3.959265884044463,0.0958388416619179,0.07290487052457592,0.11998531957912756,0.2862181619793392,0.0856548903310492,0.5900658791616878,0.0122967931351368,0.006743231659964967,0.018511000457941337
2026-09-13,495403620,9628223555,2176,1.6157277998365867,1.225923705760051,1.966664098014491,0.7047345148492572,0.3061957905042495,1.210114084632231,3.777062342805444,3.5874961656363045,3.9576429780951803,0.0085297443055655,0.006629452926499426,0.010635170034451899,0.0238839531046216,0.006964685614993758,0.045951251989845156,0.001094425802757,0.0005707546011870834,0.0016412570842209591
2026-09-13,495403620,9628223555,2226,1.2766408840071581,0.9733791016178587,1.6103583846772365,2.197887235024679,0.9496405949144154,3.7151043758034823,3.777062342805444,3.584824634300916,3.963533793913919,0.0266020972894125,0.020040457529268238,0.033154932915022695,0.0499535226634524,0.014179501964245222,0.09867067837008527,0.0034132349854837,0.001835969969069301,0.005070173853737917
2026-09-13,495403620,9628223555,2541,1.0591218033808458,0.8013355854127138,1.2871486785416313,1313.5516395842164,550.5327428801862,2260.9006390364993,3.777062342805444,3.592476657770195,3.9501062747042686,15.898553826622626,12.380065818515398,19.885531389648566,46.46473791796826,12.582729167414113,85.81734521489186,2.0398955597091786,1.1237796238972213,3.0154800055034423
2026-09-13,495403620,9628223555,2584,0.7778078686141967,0.5825509368867514,0.9751842076875641,9.565466424756067,3.939538754719656,16.322356659468504,3.777062342805444,3.5900911427347473,3.9900031544944503,0.1157754885669157,0.08645698422842212,0.14472809212946175,0.0880757363388259,0.02359160782079184,0.1650968617454887,0.0148548042561794,0.007579351922102524,0.021816556585195282
2026-09-13,495403620,9628223555,2633,1.5349149053087352,1.1660062711193515,1.921365319326402,2.5168180911426363,1.0524089133167716,4.3763335533805625,3.777062342805444,3.601896375406008,3.955476900785588,0.0304622724284479,0.023116550994765343,0.03809185292043428,0.0782279757710969,0.0211036966854256,0.15351626593606751,0.0039085224318571,0.002158877541732033,0.005707375687457018
2026-09-13,495403620,9628223555,2723,1.3046448599336387,0.9874289446709027,1.6322483381459056,16.720860475702132,6.963188812435752,30.07752362218288,3.777062342805444,3.584004636974445,3.9681491190317186,0.2023806999963425,0.15310036617989448,0.2530792774820861,0.4430955259186487,0.11956872506941005,0.8534372572821103,0.0259668581051736,0.013619226166783531,0.03840903144609075
2026-09-13,495403620,9628223555,2748,1.3702435075061066,1.034571821204163,1.7517886795829107,2.0140397214466272,0.8475517309064834,3.4460251808121667,3.777062342805444,3.5973245102093867,3.962613686946296,0.0243769014901544,0.01791668553975704,0.030337464374413294,0.1065329783632438,0.031589616681122375,0.21587138682156565,0.0031277268141185,0.0016523359140597335,0.004517856823693203
2026-09-13,495403620,9628223555,2780,1.5561889789584782,1.1735114622221066,1.9446422675930173,3.9449815932056533,1.6896413644070247,6.85875365266973,3.777062342805444,3.589676199163408,3.9707433390943083,0.0477480293233606,0.03591159290733721,0.059509843400280885,0.1323872403974918,0.0387649114329363,0.2806816443686685,0.0061264058394095,0.0032701000252949707,0.009034310079086238
2026-09-13,495403620,9628223555,2843,1.522257025805238,1.156875138073767,1.925604982044465,6.348578802508437,2.674574831895121,10.679077038366806,3.777062342805444,3.590571155633203,3.9502175957358454,0.0768399343981517,0.057324956170714335,0.09541671141935239,0.1089016698533414,0.028420396199668543,0.2048547933598612,0.0098591005632637,0.005187910891460001,0.014290589474631693
2026-09-13,495403620,9628223555,2874,2.0130104564995017,1.5233063507008666,2.4381878502651313,173.23035712548327,75.75288311193084,300.4059654646321,3.777062342805444,3.5908974339034563,3.961375821179696,2.0966911952059424,1.6427938927571217,2.6294383415325493,11.218771369841706,3.133510407090726,20.81951326865812,0.2690201326374673,0.14622966488802733,0.40647178264039596
2026-09-13,495403620,9628223555,2993,1.537181269064989,1.1600322349091614,1.911590213061315,0.9256181042831128,0.4058236945211521,1.6047230719577203,3.777062342805444,3.589043859302958,3.9905353972839004,0.0112032057289347,0.008573854456520386,0.01412859797727231,0.0226019375340398,0.006964232791701769,0.04440716208387682,0.0014374495863072,0.0007644064141388029,0.0020911331680596914
2026-09-13,495403620,9628223555,2996,1.5639839465924623,1.18220480339251,1.9457900013029945,3.0668354284414288,1.3737479668539658,5.260342412116692,3.777062342805444,3.6031828253077296,3.9527137002841797,0.0371193995478571,0.0280593363863357,0.046182840762491885,0.2172133899013296,0.05939250237238818,0.4100743279900279,0.0047626783632326,0.0025640827954883996,0.006861760409809111
2026-09-13,495403620,9628223555,2997,1.6033959934410646,1.2044325106841935,1.9913738486843313,7.4004117852474085,3.0186521667014605,12.725083511509228,3.777062342805444,3.5883909994556475,3.959838190569114,0.0895707801363412,0.06770126028091547,0.11193530401284242,0.1687637275125952,0.04828825444291906,0.3189119792300137,0.0114925570383544,0.005955968886105652,0.017186795710795642
2026-09-13,495403620,9628223555,3008,1.197965726817046,0.9077502172678227,1.477367815859708,2.431657974910944,1.0587607123835079,4.208907851448738,3.777062342805444,3.600552716600984,3.9554470321157473,0.0294315381573388,0.022594248679346826,0.036772247681599035,0.1079479569428882,0.03037254196447647,0.21878998476364597,0.0037762720218006,0.001966735668082839,0.00557203027083836
2026-09-13,495403620,9628223555,3165,1.3098377454689418,0.9859723303341483,1.6431033240594528,2.617244712424154,1.121792722542561,4.302992944228476,3.777062342805444,3.5889847963963777,3.9697367602540954,0.0316777846290763,0.02394657750501069,0.03990640801060636,0.0453882475650417,0.0128736465592723,0.0906536350624175,0.0040644811415532,0.0021273143102751475,0.005947325488901565
2026-09-13,495403620,9628223555,3327,1.6060468762188926,1.2207287464100947,1.948387749140054,0.8819342833752999,0.379465559865963,1.4961031091750683,3.777062342805444,3.602969456649854,3.962918505715845,0.0106744792159251,0.0084155702646847,0.013431972838597825,0.0418853408742825,0.011735661529667922,0.08799435506859195,0.0013696102797923,0.0007522286958050798,0.0020089918059892882
2026-09-13,495403620,9628223555,3379,1.557680963859921,1.1917565135100103,1.940881490412033,1.3092042125701533,0.5393985254871023,2.3234594024874036,3.777062342805444,3.5954091040436627,3.97025274667438,0.0158459348047985,0.012066496407693753,0.019651362729153136,0.0532212559439169,0.01523587176165745,0.10742824735387299,0.002033144171492,0.0010912629083935131,0.0030715235758175963
2026-09-13,495403620,9628223555,3393,1.8926854542589227,1.4211853549942257,2.3797485406239782,10.111799001358117,4.525087653253316,16.99576580761478,3.777062342805444,3.5851023958633355,3.976510066837756,0.1223880172369682,0.09236556898950793,0.15466442175446501,0.2711093108784327,0.08128981954825097,0.5563331318655366,0.0157032378948354,0.008412138537862445,0.02336576630951567
2026-09-13,495403620,9628223555,3575,2.1128082361279183,1.5823940122064948,2.6809651539619725,4.866172846951769,2.035976983135269,8.235660295491984,3.777062342805444,3.588925330184193,3.964515602178869,0.0588976547289765,0.043318808311338296,0.07339272943273813,0.1873414470760261,0.0544131726110009,0.37299846860684804,0.0075569806957999,0.004048548886476817,0.011136976995412506
2026-09-13,495403620,9628223555,3923,1.33299736011871,1.0122271220249528,1.6172161047367821,0.7112798796471178,0.3164662056943537,1.2220614109056998,3.777062342805444,3.59087418134142,3.9583845123705106,0.0086089660364954,0.006756275100642112,0.010794372787534529,0.0622845262263585,0.01802620088846818,0.12251011782700143,0.00110459050446,0.0005898232994662249,0.0016397720717402896
2026-09-13,495403620,9628223555,3989,1.6453884023957888,1.2350244688566268,2.0433362722504724,4.135029124523526,1.7117959185738438,7.264603919884575,3.777062342805444,3.599605475025714,3.988901382566424,0.0500482669502805,0.03830532476780111,0.0633757879164807,0.303392179676112,0.08106796932466703,0.5509722206023375,0.0064215424016779,0.003473856960495045,0.009589187401761337
2026-09-13,495403620,9628223555,4002,1.5636134681875342,1.2009404641861876,1.9312908280173942,1.0765390779535284,0.4700487528288514,1.7686464993901394,3.777062342805444,3.587157907389974,3.9603285733903957,0.0130298756147299,0.009937678472496263,0.015981203402274748,0.0429472058853167,0.012885664544672677,0.0843172861817643,0.0016718240979592,0.0009092560150213047,0.002539783957798631
2026-09-13,495403620,9628223555,4016,1.6692983178203644,1.2835042729032147,2.0270913928342065,1.8707338147390402,0.7956374283093539,3.1403820996703518,3.777062342805444,3.5855478626194586,3.9675997203504014,0.0226424004604235,0.01767644650205396,0.02791713658191852,0.0507198904058138,0.01411893057836638,0.1017995021550655,0.0029051782108025,0.0016173783357156246,0.0042501985323876315
2026-09-13,495403620,9628223555,4047,1.5251753762688836,1.1503731158180726,1.9030051944878004,2.1429882043983017,0.9054428817848446,3.714173709658091,3.777062342805444,3.5974816421778635,3.9600490139772737,0.0259376276430428,0.019576049907952437,0.03238368851821933,0.0444484942004829,0.012473875996075056,0.08518551785214531,0.0033279788863458,0.0017668530498884186,0.004836817354113069
2026-09-13,495403620,9628223555,4188,2.1391652584705425,1.6381164774531023,2.5885176279834075,45.97917425269509,19.886863277834003,78.39207290453992,3.777062342805444,3.5841973922781807,3.970335915983451,0.5565082899911883,0.4382131013243441,0.6924552394192116,2.1484763161942078,0.6658418882697053,4.542631762907967,0.0714039026488946,0.03755930218540794,0.10802424757032188
2026-09-13,495403620,9628223555,4189,1.467498312574508,1.0837780345323764,1.841097935646261,0.8489204703584583,0.3467487180884661,1.451184589159077,3.777062342805444,3.587642661488213,3.962661775761911,0.0102748969936103,0.007666797559440632,0.013024134633205281,0.0229627918383247,0.0063700792464019725,0.045501077399836005,0.0013183410882716,0.0007102717521498417,0.0019892085505723496
2026-09-13,495403620,9628223555,4321,1.5195857584906416,1.167931631281073,1.888529240034489,3.766451553297024,1.648227144815564,6.326485956232589,3.777062342805444,3.5915266501282175,3.9753533497770364,0.0455871934919997,0.03487522211539313,0.05639275018639076,0.1990649721810557,0.05300254035623608,0.35127994117689376,0.0058491555016918,0.0030552986259594164,0.00889201767029195
2026-09-13,495403620,9628223555,4560,1.637562608944454,1.237578449625067,2.0132627874976223,0.5989698585056545,0.2580572826737029,1.0707334389333854,3.777062342805444,3.593534089004679,4.000216358592119,0.0072496232725125,0.005631916472450734,0.009161850297373812,0.0183059384830513,0.005586139254502964,0.034923129279556125,0.0009301773283554,0.0005174563627610776,0.0014018752875167345
2026-09-13,495403620,9628223555,4634,2.050424007978782,1.5519651075323482,2.4889815032425573,11.743557764594824,5.124291251673537,20.632800764250838,3.777062342805444,3.589116875463563,3.964992135304332,0.1421379865168921,0.11128987227567666,0.17848236892913022,0.5789108433814785,0.1675765508450637,1.1267634428264262,0.0182372969720231,0.00991900701927126,0.02696672160028162
2026-09-13,495403620,9628223555,4865,1.2914264089556184,0.9655881924262109,1.6096045130796373,3.0792670134580202,1.3295244845814276,5.372642120774726,3.777062342805444,3.591302960607827,3.955024915056936,0.0372698650625582,0.0282642508619942,0.047115599092925634,0.046404347770453,0.013574457478389191,0.09081145164229491,0.0047819841402658,0.0025708342059870175,0.007186637069435785
2026-09-13,495403620,9628223555,4888,1.4575898515287715,1.1004829888115437,1.808992020850057,1.4532392430564947,0.6098491545075639,2.6305295753854874,3.777062342805444,3.5751386789953816,3.9668341749512743,0.0175892607739482,0.013404171190411854,0.02203399686872915,0.0415941588223463,0.011973201622144295,0.08193351118651461,0.0022568250762066,0.0011966205834085819,0.003328917355466973
2026-09-13,495403620,9628223555,5249,2.0937105380443217,1.560911169057915,2.6283613528838257,11.388931637584902,4.887381880552554,20.175788171917695,3.777062342805444,3.5855452941797568,3.973521027704049,0.1378457741677997,0.10324270817817562,0.1738466545221887,0.141785860322119,0.04198469347202563,0.2823637638924648,0.0176865761323967,0.009011458163521393,0.02664023257722892
2026-09-13,495403620,9628223555,5436,1.4749215661513118,1.1202069845904246,1.864946690080784,0.7437424224327389,0.3155217830901147,1.2453309930900798,3.777062342805444,3.5995203797972786,3.964149363024306,0.0090018759673068,0.006727201215825748,0.011199601336812158,0.0233197505758238,0.006288117164309781,0.044972498585267515,0.0011550035943528,0.0006189782908566912,0.0017136557893582414
2026-09-13,495403620,9628223555,5702,1.5217019556300235,1.1610037523358494,1.8906940362132212,0.9666512842105353,0.42221566060327365,1.678765922422203,3.777062342805444,3.583583990328822,3.9560764476226957,0.0116998502460548,0.008846737746551417,0.014407019068705349,0.0309077926773868,0.008873237282711296,0.06385822781761105,0.0015011725485512,0.0008028441296474739,0.002229366795315388
2026-09-13,495403620,9628223555,5705,2.262927419246,1.7012334815098087,2.804484262552836,3.8102752155106208,1.6258917198626508,6.39358671513524,3.777062342805444,3.589421386775548,3.9581532901320955,0.0461176125722904,0.03538420655785071,0.05833088257018236,0.1687381210596044,0.04719981212111868,0.32985937702116563,0.0059172119764171,0.003167852870915059,0.008929806725346939
2026-09-13,495403620,9628223555,5911,1.6245745816333879,1.2416447719387889,2.0484500131565664,1.155393832633619,0.47249938189309726,2.025794373378694,3.777062342805444,3.6050908505358104,3.9577470780160806,0.0139842930308304,0.01052685827302412,0.017367063555084196,0.0690272601598454,0.020028133172995524,0.13992665343520794,0.0017942825221935,0.0009596002627307852,0.002642518768851803
2026-09-13,495403620,9628223555,5964,2.0876774338754944,1.608049939165182,2.5669087318881227,54.517634407273114,23.301283411978456,92.73668751585949,3.777062342805444,3.5919076409461033,3.9563112087717425,0.6598534225868131,0.5110349138897746,0.8157582366156907,0.9618740242989112,0.29382203082091196,1.8074197569498525,0.0846638053669869,0.04452137312665033,0.1262100707345446
2026-09-13,495403620,9628223555,6159,1.9701330765298763,1.4837742138358578,2.3894545462533596,1.4050138964719638,0.5812981918906361,2.3989890301244365,3.777062342805444,3.602217534165903,3.953107061744599,0.0170055659686763,0.01327822037636685,0.02138311029237041,0.0537711233311316,0.015750559321844815,0.10769667759881772,0.0021819329536599,0.0011777561620430683,0.0032769491177373515
2026-09-13,495403620,9628223555,6229,1.400116187566986,1.0645002720662984,1.7559406132479531,0.8861102929951273,0.3652750191354363,1.558216176265955,3.777062342805444,3.592960495039779,3.957678233778627,0.0107250234897249,0.00813768030624111,0.013423466129905177,0.0392112915716183,0.01025018883506518,0.07846862419204141,0.001376095463339,0.0007387319192968426,0.0020899025333742027
2026-09-13,495403620,9628223555,6261,1.3878617124036143,1.056185831177146,1.6941694017708508,874.3718789099983,369.3871764677949,1525.8962651507325,3.777062342805444,3.6075334085323725,3.9566207456007643,10.5829477596602,8.143744473269956,13.062932146017342,8.454872048304738,2.502835921045799,16.49674312867968,1.3578661543048698,0.7316346254454635,1.9893283053896258
2026-09-13,495403620,9628223555,6298,2.0160368081038147,1.5472907776292533,2.5064642179386896,63.10304417144997,27.49941614912236,109.13349931193935,3.777062342805444,3.589252124709939,3.962870159876634,0.7637668091230156,0.578196165258232,0.9366227838734758,1.5138069656694717,0.4253866276845165,3.0136187323484966,0.0979966190367805,0.05342743730516458,0.1446401733831987
2026-09-13,495403620,9628223555,6360,1.8058002081841305,1.3735026706701645,2.2152487358097672,381.38653006983134,162.455894480713,683.9184036174747,3.777062342805444,3.592507072465048,3.9620127360105926,4.61610651179526,3.5553072214811388,5.7341712894991455,11.80565592244139,3.232158669716936,21.84218264580274,0.5922787241684687,0.3240315776158669,0.9040409497569869
2026-09-13,495403620,9628223555,6377,1.233252896627476,0.9318380300458625,1.546338169888095,1.0507384053784345,0.4742142498979659,1.8186647805103198,3.777062342805444,3.5897793758763568,3.958291005087558,0.0127175975364748,0.009680975909678537,0.016065110700631394,0.1563475258260183,0.04462322723551708,0.3097167054461994,0.0016317566382284,0.000885800111022059,0.0025310851057850346
2026-09-13,495403620,9628223555,6474,1.8016343865468758,1.3587460686715376,2.219057466599754,4.274198638052417,1.8516648539003722,7.27947554185385,3.777062342805444,3.5984614312409606,3.9677443188876134,0.0517327032032506,0.03974163165978824,0.06490466946169984,0.1288479051625766,0.03815484332039988,0.26678884139152725,0.0066376673442682,0.0035668323010141193,0.009640240798783459
2026-09-13,495403620,9628223555,6500,1.532960421265594,1.1589469494711784,1.9483942969063588,4.87015510082152,2.0879959198037987,8.30544029036957,3.777062342805444,3.5852660622641617,3.9643128911811556,0.0589458538827757,0.0440828665721898,0.07411107631779879,0.2445607229295556,0.06541963175286498,0.45686283383464205,0.0075631649840621,0.004128963284459875,0.011363259859978119
2026-09-13,495403620,9628223555,6504,1.5204122676578358,1.1552172733366919,1.8606643555574638,1.5493041502545581,0.6547443101978213,2.580357095453738,3.777062342805444,3.5941447619770766,3.965550354069154,0.0187519810294087,0.014579222813926302,0.023482197546484056,0.0415860542635468,0.011421503503242933,0.0808010264468068,0.0024060102104121,0.0012886825488993728,0.0036191982906498103
2026-09-13,495403620,9628223555,6538,1.4010279715933844,1.071353681329651,1.7147627089785755,1.0485377112342928,0.44342876432853967,1.842974235980361,3.777062342805444,3.5872900379524046,3.9691910980074034,0.0126909614658003,0.00986309578466966,0.015786447688913383,0.0568380173495755,0.01648769598000129,0.11449907972080946,0.0016283390442202,0.0008709304511498191,0.002474669090956009
2026-09-13,495403620,9628223555,6574,1.4770792198900964,1.1140957993254312,1.791973545808912,2.4455532233646027,1.051574430230327,4.240638988303502,3.777062342805444,3.592976124389713,3.9615559341230897,0.0295997191018997,0.022996065304624894,0.03698815885257281,0.122114170391557,0.03390070960085697,0.241322892877006,0.0037978508122855,0.0020363730882494956,0.0056737878622425885
2026-09-13,495403620,9628223555,6617,1.4942032919718178,1.1353638792403309,1.8231993125440704,13.664111314485819,5.764522662796835,23.190457449752795,3.777062342805444,3.5907038390396875,3.9817699687851738,0.1653833794422271,0.12904956253727068,0.2072314242192487,0.2180918771981577,0.06249087248115857,0.4300648359734457,0.0212198433299618,0.011584584199062775,0.0307197442315914
2026-09-13,495817671,9630806627,110,1.9813689635969995,1.4921226202940419,2.400012875274257,31.042936496602973,12.880890182066103,51.73707596930423,3.74130714408598,3.5560682129109713,3.9196988524797955,0.3296903867990866,0.2568885351450662,0.4131939016297481,0.7545244631237239,0.2365222846987598,1.5223136699960007,0.0423015805993674,0.0227151123426405,0.06360647278268637
2026-09-13,495817671,9630806627,235,1.6487858533280972,1.2489540257474865,2.070605405182298,1.6272251998177787,0.6988027350312208,2.7336816273042883,3.74130714408598,3.5493102834701564,3.9294397723958694,0.0172818865121169,0.0129769941761912,0.021514158564090575,0.0321311091199834,0.009422578933518813,0.06446896293973008,0.0022173868103923,0.001174239507041537,0.0033267246923809305
2026-09-13,495817671,9630806627,299,1.6206210589749124,1.2226230173509738,2.0097678068463867,1.618463206267093,0.6958232954945515,2.7621051035512214,3.74130714408598,3.561178704614211,3.9194770417856892,0.0171888300758106,0.013203143227249983,0.021703543799463366,0.0347640921406981,0.009490982323701816,0.06739094692586929,0.0022054470193085,0.0012120774172940157,0.00321342586393495
2026-09-13,495817671,9630806627,308,1.4215086382545379,1.0643586874278375,1.748469545241688,1.2653767807645406,0.5206269348944388,2.1952622158987998,3.74130714408598,3.554195571139755,3.9233216643370965,0.0134388884357798,0.01038592478868929,0.017061399237669434,0.0230282673171754,0.006851285068222422,0.04526330308365896,0.0017243033012014,0.0009156634120277632,0.0025594457879556825
2026-09-13,495817671,9630806627,353,1.5158302874222394,1.1390725421824073,1.855546447972154,42.22720879381048,18.398062950844885,72.18269542816955,3.74130714408598,3.5594692648899784,3.9247543112596737,0.4484725471187509,0.3454410699707075,0.5627222021684926,0.4355939556747437,0.12609859556561295,0.8759333680342701,0.0575421618529279,0.031466739443683264,0.0849515814332846
2026-09-13,495817671,9630806627,444,1.611921264349575,1.2148455032429832,1.9761418776107196,3.2445820519500383,1.4475793717185477,5.477929155941826,3.74130714408598,3.562902765217563,3.9281832392131855,0.0344589665937641,0.02674960528241474,0.043512465427655266,0.1599033485745341,0.04593123900105307,0.3000321969307733,0.0044213262233373,0.002378474778785541,0.006509140138918473
2026-09-13,495817671,9630806627,505,1.576048927543904,1.1908398005475418,1.9650373115594704,1.7607640208172133,0.7563995692832657,3.042154549504466,3.74130714408598,3.5575870415322144,3.921519714120872,0.0187001307414544,0.014170166180421329,0.023382502982438724,0.0269798659945561,0.0069299746335267885,0.0504280460636766,0.0023993574561226,0.00125398053802333,0.003588171134850113
2026-09-13,495817671,9630806627,530,1.3423462259341856,1.0113959571459432,1.6330647594980945,1.1959904448069596,0.49777004045392037,2.086685264168738,3.74130714408598,3.5481324045686318,3.935170019861255,0.0127019733587242,0.009957779461282075,0.01607846917537869,0.0210356504738992,0.0059397955304480304,0.04507059689937951,0.0016297519470366,0.0009077224297161928,0.002435861445495661
2026-09-13,495817671,9630806627,679,1.2357011158253444,0.933886771886181,1.5251482447053732,3.5189816714845445,1.485486111780454,6.065447633174047,3.74130714408598,3.5621025911270103,3.9303122466591653,0.0373732178506242,0.028746673377211564,0.04694673890050168,0.0267880538934891,0.008022403267845228,0.05324619767772643,0.0047952450252343,0.0025208622232263888,0.007163289475606253
2026-09-13,495817671,9630806627,815,1.3374291221687165,1.0094010380538965,1.6813113875089707,37.24717579443658,15.389794818645782,64.95782268114687,3.74130714408598,3.554171717222045,3.9223326079581007,0.39558228636602,0.29930617471955195,0.4985400855916921,0.4250169650260286,0.12156441933523328,0.8043191068553315,0.0507559717857099,0.02726612421146392,0.07479661379076837
2026-09-13,495817671,9630806627,875,1.8534317746651046,1.4098425312389118,2.3329566363422356,0.555519986410287,0.24513427155928916,0.9465890914106311,3.74130714408598,3.5541751169509297,3.924719176506729,0.005899879968323,0.004456547522714214,0.007374534309980193,0.0171193094497516,0.004837693860317369,0.03282975368973553,0.0007569958300261,0.00041243574153179355,0.0011447370288380145
2026-09-13,495817671,9630806627,1089,1.5794482420747566,1.2044201872306484,1.9295115989061735,5.44559186401852,2.2945961681148046,9.469599907328083,3.74130714408598,3.563751521146911,3.9255417045691563,0.0578347118738168,0.0450017534621369,0.07209390379575764,0.1032401907110611,0.02949315535406393,0.20247937347351144,0.0074205976993267,0.004091008119875986,0.010901926296130132
2026-09-13,495817671,9630806627,1164,1.569790106305267,1.180119623233208,1.9365903846845847,3.27340361346417,1.4442725651043755,5.717912663883357,3.74130714408598,3.5653172335840932,3.9209490497959547,0.0347650649477258,0.026803205348172682,0.043984320020889305,0.0637405039773135,0.01848911172970248,0.12998828890716488,0.0044606007812556,0.0024706954434973506,0.006638888147109855
2026-09-13,495817671,9630806627,1207,1.6449729413488932,1.24716687869844,2.002927860615199,1.5209903532792788,0.6450875734700415,2.58973747116508,3.74130714408598,3.563304512154845,3.920446065816543,0.0161536231582086,0.012611833615205162,0.0202543825104376,0.0241250348971909,0.00752004861451101,0.04711665112187258,0.0020726227374509,0.001101098941168227,0.003142590705830841
2026-09-13,495817671,9630806627,1424,1.4750818150527416,1.110634239985213,1.8222043377680426,38.08894639670781,15.847711016992744,67.91236216919337,3.74130714408598,3.5631685056073494,3.926160610785434,0.4045222806700148,0.3103983625536132,0.5092659988926386,0.026282351293952,0.007148655929198288,0.05239564997480223,0.0519030355302127,0.027942068265344816,0.07649909659321139
2026-09-13,495817671,9630806627,1438,2.0591252178836292,1.5566081101165272,2.509286752434105,20.12959056794486,8.648367027347128,33.040298380967734,3.74130714408598,3.5610599971142305,3.917394749617819,0.2137855901995361,0.16588124019687134,0.26740423347286124,0.222037569976942,0.06504526586891404,0.46672899686176955,0.0274301852189584,0.015096867862562464,0.04072612058513767
2026-09-13,495817671,9630806627,1486,1.4230460311197255,1.0718124930171309,1.7341497906003418,1.1121762785983411,0.4792708781601807,1.9105651930796965,3.74130714408598,3.5545753715813273,3.9206306655314633,0.0118118280311523,0.009206665241011033,0.014896016517668585,0.0202595002147272,0.0057688732811336275,0.042485615350068846,0.0015155400809127,0.0008287728824175248,0.0022612732671492847
2026-09-13,495817671,9630806627,1590,1.827152603707711,1.3867644921899571,2.2805124283024996,1.504432447379573,0.64044751011895,2.5649225388743746,3.74130714408598,3.5539119991194776,3.9189515635265586,0.0159777705161348,0.012093886468587427,0.019888203569812565,0.02693717123662,0.007224510098536367,0.0535448282515061,0.002050059614563,0.0011144832738232567,0.0029967002188506973
2026-09-13,495817671,9630806627,1738,1.632341168945072,1.2481159639848258,1.9727276942377503,2.156618453733061,0.9089918508937356,3.6152318480347554,3.74130714408598,3.5494921836630278,3.9240045101056356,0.0229042884608261,0.017883674832684097,0.028266300275931328,0.0270069459515283,0.007647258915082517,0.052582460290640815,0.0029387802714042,0.001553291571534303,0.004356226293141235
2026-09-13,495817671,9630806627,1785,1.1701194998568938,0.8822001704031842,1.4784560500938526,0.8219555652967819,0.36594185276369917,1.4527980745807647,3.74130714408598,3.554455388088127,3.9259177113709267,0.0087295494188835,0.006565675556936579,0.011003242887234853,0.009609746954162,0.002747086093139807,0.018919074917608233,0.0011200621950924,0.0006080146255208075,0.0016653326366356423
2026-09-13,495817671,9630806627,1817,1.4297970190914018,1.087514661776551,1.7284879525476364,1.75095130205024,0.7407439915432491,3.039382313999905,3.74130714408598,3.5593732873915553,3.945313694158212,0.0185959151159066,0.014499562228867925,0.02304549953273408,0.018200086887207,0.005232877758461148,0.03543362581420449,0.0023859858630755,0.0012915913625038092,0.0036018836514471247
2026-09-13,495817671,9630806627,1924,2.2547248023777597,1.7153052603428716,2.798215518144504,15.851909661060956,6.848042347151376,27.055213253413136,3.74130714408598,3.558173683218762,3.9209293075564267,0.1683546344989389,0.12801585769694823,0.2088351264005021,0.1792759170684831,0.049752615810470656,0.34693402642569243,0.021601076117739,0.011670813109038938,0.03168669845596266
2026-09-13,495817671,9630806627,1976,1.6253263083152827,1.2120785682681987,2.0509822784501224,0.7749547242283068,0.32490559223109955,1.2929528509516703,3.74130714408598,3.564226865853291,3.9264530345533997,0.0082303786824603,0.006131669365861057,0.010375521495793677,0.0087332646180285,0.0025300752175645984,0.017307423684134543,0.0010560151012579,0.0005851267077628471,0.0015780716368273898
2026-09-13,495817671,9630806627,1981,1.6969174545210854,1.2931107988514239,2.1298984936530743,4.800298255559205,2.0584695546114142,8.204442859542395,3.74130714408598,3.5595936924438565,3.9292804152935927,0.0509813943922309,0.03859742060668834,0.06357428679543153,0.061712899356371,0.01715586195089667,0.11694404147497689,0.0065412691734482,0.0034955963056000415,0.00987274637275954
2026-09-13,495817671,9630806627,2019,1.3574199882851505,1.0251078449425428,1.6857222948886896,14.397506179073792,6.213549936092482,24.461169097821866,3.74130714408598,3.555533110416642,3.927086469860178,0.1529081948043321,0.11569703721212347,0.19025638867663808,0.1885176448473898,0.05722639691292935,0.37284100821464083,0.0196191899606735,0.01033125877471031,0.028939239603208433
2026-09-13,495817671,9630806627,2438,1.577583707598338,1.217187106321723,1.91811920535918,9.118767029241528,3.9351107589706604,15.60345198743561,3.74130714408598,3.5565295668854957,3.9256771007878024,0.0968455361602271,0.0757143748308657,0.11931515656498996,0.0998478455737742,0.03044779558054441,0.20741523681378662,0.0124259590743461,0.006783834873403721,0.018268944292149862
2026-09-13,495817671,9630806627,2533,1.4064893315512559,1.064698942663878,1.692257463167193,298.4970542115859,129.21833245457657,498.75285288335874,3.74130714408598,3.551681159997466,3.921870840664346,3.1701771922309883,2.499621837264247,3.9729515270748204,2.6601072997756314,0.7486332730971053,5.213439420170923,0.4067558878905321,0.21494649172494565,0.6020940094684744
2026-09-13,495817671,9630806627,2541,2.226502617610794,1.6738145323370086,2.7679363851721623,16.740414677156704,7.225716812144179,29.31867398546778,3.74130714408598,3.5493962197834117,3.9310999773477313,0.1777909699584271,0.13615110796418348,0.22514896470825124,0.8685608764196078,0.24067027870096488,1.6068741172231749,0.022811823901069,0.011861596778860154,0.03447330412578391
2026-09-13,495817671,9630806627,2586,2.4436190829895423,1.8416005126927655,3.0338913082584025,14.863954832118527,6.216385909871394,24.69798892738262,3.74130714408598,3.5496106708671484,3.939269943119651,0.1578620958910112,0.12047104652146898,0.19846575543277015,0.2438867010403137,0.0693797322061983,0.48009960229825166,0.0202548100894071,0.010711226378528536,0.029829725714095163
2026-09-13,495817671,9630806627,2821,1.7338511931187675,1.2967528081448363,2.1391451860560307,16.589457824037428,7.487209568596448,27.973600194284558,3.74130714408598,3.5565273268620228,3.923301596578979,0.1761877381475347,0.13482030158504685,0.22240091957827604,0.3437753599965855,0.09550791513571583,0.7024158902726458,0.0226061180558778,0.011919168267497119,0.03330969030031073
2026-09-13,495817671,9630806627,2869,1.5404764626331606,1.1718140871782385,1.8796423057946143,0.8152478296986415,0.3490914586909368,1.4259844859716613,3.74130714408598,3.5551020169803964,3.9295199674013928,0.0086583101550291,0.006769619250090451,0.010858773529616485,0.0201104499878851,0.005699366038496193,0.04350118262808733,0.001110921699699,0.0005985682915809111,0.0016523657046080302
2026-09-13,495817671,9630806627,2899,1.2555268940754811,0.9408475503655277,1.5493517277854947,27.097137026279235,11.635518203319448,48.02904781862437,3.74130714408598,3.553581767587469,3.926695391990506,0.2877841659186934,0.2207670910088009,0.3635507939195626,0.2408845204450247,0.06571081608354998,0.4685094815277013,0.03692471960746,0.01970711596970252,0.05555974324221863
2026-09-13,495817671,9630806627,2933,1.5342693979360482,1.1609508941822904,1.8889462965025199,40.110873125931555,16.81330813715564,67.25841258916245,3.74130714408598,3.5563227907558717,3.918841889603233,0.4259960805313821,0.3287208064324958,0.5348504477101635,0.6358795186164208,0.18666603019331895,1.2363808507802694,0.0546582741176328,0.028437052535802358,0.08241414117191558
2026-09-13,495817671,9630806627,2987,1.3401678702436959,1.0139758168653803,1.6362705356463962,7.16108659730261,2.9654281275614434,12.246405469634515,3.74130714408598,3.555705131624089,3.9287093808594804,0.0760540617806827,0.058690817259687444,0.09471047320143079,0.0224244653695764,0.006228717934497358,0.04196058566164446,0.0097582676145343,0.005310297908268446,0.014349391991519378
2026-09-13,495817671,9630806627,3135,1.7354261435013554,1.3059053755853314,2.212695461208024,3.000563116124295,1.3150377508488835,5.009331281539194,3.74130714408598,3.563150853762208,3.9203182612555194,0.0318673722918689,0.023431060948242405,0.039701039088602466,0.0583680917741315,0.016528347885623507,0.11462414272462233,0.0040888065635836,0.002142193406965143,0.006138451043150099
2026-09-13,495817671,9630806627,3157,1.411714953093637,1.0677221329506918,1.7318639443705095,1.3659558797865967,0.5877602984560623,2.3729981484789606,3.74130714408598,3.5471638212862477,3.928442050118516,0.0145070851272917,0.011195690428013771,0.018159605375068593,0.0147044635191352,0.004067407962100184,0.028727859858022706,0.0018613604015939,0.001000677513036404,0.002799173446242319
2026-09-13,495817671,9630806627,3215,2.038141808797872,1.5745169948564453,2.5201938750187343,2.1676487115200787,0.9767532004501547,3.676701330886533,3.74130714408598,3.5545247376847375,3.9300761063312644,0.0230214349155983,0.017718820279604676,0.02836098695514614,0.2317689434592136,0.06735931760352927,0.4682744213012511,0.0029538109802052,0.0015781052557359656,0.00420527849464382
2026-09-13,495817671,9630806627,3327,1.7541979160920242,1.3189722717351566,2.1990590517548885,1.0413308633239033,0.4551330636967447,1.7945319231780739,3.74130714408598,3.5546586697293927,3.918210477238241,0.0110594168548666,0.008388041170660299,0.013984977742228863,0.0200008825702091,0.005691056948837854,0.03930133937466164,0.0014190004689255,0.0007483041954447409,0.002072898335706262
2026-09-13,495817671,9630806627,3412,1.6751021348626478,1.2651685766237306,2.042060805681162,1.0087359790083383,0.42204301624989454,1.7501444456639113,3.74130714408598,3.5548114923495855,3.9353040202687226,0.0107132440622622,0.008347483918468377,0.01347335845271131,0.0134891839877146,0.0038931833070415035,0.027125091983211332,0.0013745840804774,0.0007502840367961263,0.0019737897712720012
2026-09-13,495817671,9630806627,3567,2.016405395006664,1.5184050822702095,2.531836901477247,359.9894531259106,146.76161975705458,639.2798487937145,3.74130714408598,3.5539509778245115,3.9308025138147453,3.82325499579142,2.889750616469115,4.818461348299019,7.534613011896982,2.1263914074509964,14.508418547178083,0.4905503339864229,0.2679290773051531,0.7439487356866333
2026-09-13,495817671,9630806627,3587,1.8352426416449101,1.3931896739224707,2.244964006956947,15.722891775629641,6.441325207510841,27.366333086056912,3.74130714408598,3.5581050527672415,3.9227842696708337,0.1669844047026532,0.12893870114636855,0.20776857793019277,0.3117758992680456,0.08806155325467037,0.6399189251882098,0.0214252660593082,0.011276905987583113,0.031658508474001056
2026-09-13,495817671,9630806627,3830,0.9699589188536352,0.7291520182286096,1.18177750970231,1.1910955490351385,0.51072183355778,1.9840777126554865,3.74130714408598,3.554540784084847,3.9280461019639894,0.0126499872948243,0.009871509299138874,0.015999307942506355,0.0144210432037338,0.004219329085640167,0.028010549184386054,0.0016230817717444,0.00090055048610484,0.0023587391842371758
2026-09-13,495817671,9630806627,3905,2.0360333409136513,1.5309312769816856,2.532543687295912,1.230876499700746,0.5034988452740723,2.113701986939202,3.74130714408598,3.5529293653193634,3.916229076016569,0.0130724794457719,0.009913857733752833,0.016400003186208247,0.0435133699240476,0.012311389228451016,0.0854804304062218,0.00167729046721,0.0008711583176768729,0.002474568726924924
2026-09-13,495817671,9630806627,4002,1.651877022274693,1.2661254015859011,2.0011927706717216,2.5577557884176865,1.1143417427547337,4.488119914762547,3.74130714408598,3.548282550688392,3.941918293053468,0.0271645530477862,0.021390151920345792,0.03380851322700649,0.0688330115134156,0.019867447300790046,0.1317890998880914,0.0034854019898887,0.0018864103047662522,0.0051926745545981205
2026-09-13,495817671,9630806627,4054,2.2953239425040186,1.7395139050303703,2.7973711261886933,16.929799063013295,6.901367439693433,30.027742948384912,3.74130714408598,3.569364097182724,3.928353623025124,0.1798023199940012,0.13929763319983968,0.22400923380537843,0.3480145785838558,0.09941417540448494,0.6602157567088003,0.0230698941665367,0.012122316214713838,0.03406597394952686
2026-09-13,495817671,9630806627,4256,2.422699570141333,1.8164482711135923,3.0713667655598873,1.6810778451019526,0.7502013926581583,2.8945805212725118,3.74130714408598,3.5496011697138203,3.935957285031836,0.0178538265879482,0.013410363281717899,0.02267509884677429,0.0303949401717531,0.008708884353470062,0.05900193869960825,0.0022907707190063,0.0012579332818845918,0.003380843762300466
2026-09-13,495817671,9630806627,4563,2.580820562484087,1.9404171465942954,3.2008799739597382,12.005868043953964,5.079191268807919,20.534395626637124,3.74130714408598,3.561842128284452,3.9198986859004163,0.127507888298619,0.09796891773860156,0.16160790343993173,0.1783643646437827,0.04942041878014408,0.3394463521328416,0.0163601531312047,0.009058158818098827,0.02356002017606369
2026-09-13,495817671,9630806627,4579,2.0996430414450655,1.5932596531683412,2.6121163985265476,1.9935082240246695,0.8232558213921706,3.350722189255158,3.74130714408598,3.5512530651476406,3.9290412051608965,0.0211719821524544,0.015904180979966685,0.026074577273259788,0.0205958784346125,0.005799187163333262,0.03897520626434496,0.002716513266176,0.0014412733591451254,0.0040313425321901455
2026-09-13,495817671,9630806627,4652,2.095927433993246,1.5866548874359703,2.567855360968159,2.010484122472901,0.8544321860799899,3.39627991038523,3.74130714408598,3.554685310863987,3.923088175294348,0.0213522740693055,0.01655076021142813,0.026785840138527726,0.0246990394152966,0.0075818771467943205,0.05120280995672147,0.0027396459790407,0.001427448067797052,0.004172423777825175
2026-09-13,495817671,9630806627,4751,2.482702917707987,1.8609530989553233,3.1233436638822267,3.9628099523928277,1.671035875158665,6.600319340571982,3.74130714408598,3.547538024285233,3.9440697319775446,0.0420868800913416,0.03155128534032229,0.052954320670604745,0.072341844383448,0.019537522914021766,0.13546904381063204,0.0054000408311715,0.0028561838833812974,0.007835626479852927
2026-09-13,495817671,9630806627,4760,2.8773560467208963,2.1723763267403338,3.5324270995427165,19.254093768847365,8.360492128947877,33.865290287396526,3.74130714408598,3.5479474362460572,3.9271087315906645,0.2044874080392433,0.15722317059632493,0.2556552387605128,0.5956665533657574,0.17230122717088017,1.2335371443163405,0.0262371634693709,0.01375707352687746,0.03927855560322658
2026-09-13,495817671,9630806627,4828,2.4519340285434597,1.8461212862578253,2.9788215734636583,1.4108141347172485,0.600745891997767,2.403398819622243,3.74130714408598,3.5581825918290444,3.925977453542491,0.0149835006049588,0.011614286095514672,0.018740326619137937,0.0273409562459365,0.007649326115170936,0.05487678250920651,0.0019224878367096,0.0010135352771819147,0.0029063777003428665
2026-09-13,495817671,9630806627,4832,2.1643056668530614,1.633347364262995,2.6953609069342606,1.716762323931905,0.7397124765747088,2.94717052369577,3.74130714408598,3.5589135527324447,3.9256052084386575,0.0182328123075968,0.013980176381136057,0.0230701789735079,0.0432996800705009,0.012952417961746857,0.08279287138645343,0.0023393972353005,0.0012708162317182764,0.0034386505506843862
2026-09-13,495817671,9630806627,4887,1.319351424122859,0.9961323739382253,1.6660694967797138,2.743956768068036,1.1912798075636934,4.618755778686491,3.74130714408598,3.56237228507738,3.916017799227917,0.0291420938326282,0.021858951562114644,0.03655992977123326,0.0369958241663113,0.01045093061204792,0.06852216855512798,0.0037391342922185,0.002004548463456824,0.005684343219019071
2026-09-13,495817671,9630806627,4927,2.59270860308906,1.9309033068274983,3.263194775177583,1.2543867236976438,0.5006043599671713,2.1309252050276766,3.74130714408598,3.551959650076843,3.9510815120531606,0.0133221689313049,0.009961264201434816,0.016834401518917384,0.0173674350742951,0.004877789620679538,0.032862386761520805,0.0017093273731072,0.0008895634040337877,0.002609909747638586
2026-09-13,495817671,9630806627,4995,1.6419036155851505,1.2461059835655983,2.0639807570578026,2.4072479742738473,1.0745377222203571,4.059773714984182,3.74130714408598,3.552622089301689,3.9392925209331953,0.0255660902391277,0.019330448484084637,0.03201814638308206,0.0106287722955154,0.002937483028291796,0.020674988463847948,0.0032803080410112,0.0017969568248884355,0.004944618898770325
2026-09-13,495817671,9630806627,5210,1.9765042871938334,1.4691460279242126,2.42600895264576,135.97157054361375,58.55508365168137,234.2845354541746,3.74130714408598,3.5561336337348357,3.93468364972187,1.4440811580795163,1.116778951157922,1.8441432520247898,2.7909259032515115,0.7514874139065305,5.2281681246052125,0.1852857042439483,0.10090449600289444,0.2686484691441233
2026-09-13,495817671,9630806627,5304,2.572999294410038,1.952382742926543,3.1131488799131892,2.5267273912317445,1.1406935235301399,4.1740536621994195,3.74130714408598,3.559479769546697,3.9301631787650972,0.0268350170752113,0.02100941201489111,0.03350026900668158,0.1210292625943086,0.034144933531943346,0.2282259583531452,0.0034431202217134,0.0019102175667881096,0.005023462125513161
2026-09-13,495817671,9630806627,5345,2.317965246117097,1.7562816076518388,2.8108245639639837,1.3109747074153306,0.5714579905112658,2.3036332203646666,3.74130714408598,3.557604440738094,3.92291273582275,0.0139231595702577,0.010933425344716679,0.01749830394895408,0.0328197121592117,0.009307155831757525,0.06564781559558863,0.0017864386719835,0.000982349223133083,0.00258066162273833
2026-09-13,495817671,9630806627,5493,1.843142054820615,1.383953271644748,2.3073565636981113,73.10943391360047,30.977970735550603,126.35791194389017,3.74130714408598,3.554558242680085,3.9304326849377733,0.7764561045400727,0.5897265943538336,0.9832048206747089,0.6441690181353336,0.17945926800397144,1.2757488350891601,0.0996247443153041,0.05309616304411343,0.15432484708203287
2026-09-13,495817671,9630806627,5621,1.335711227995932,1.0151604370778127,1.6350801568150577,3.255825731966055,1.4321565502902072,5.477995991405961,3.74130714408598,3.571392185032405,3.921710395606666,0.0345783796916175,0.026846969289943307,0.04324138840848545,0.0340335929001584,0.009652857670675506,0.06828071165151822,0.0044366477582856,0.0024417358148818074,0.006566773272979641
2026-09-13,495817671,9630806627,5626,1.8297032602152261,1.3979662044482288,2.2832418030070682,19.68800606672287,8.040348443683241,34.45044932037469,3.74130714408598,3.5544285597535756,3.9355452715917902,0.2090957579400045,0.15882478966130945,0.25940325694421706,0.1617087746198431,0.04757745368786006,0.30858397230748386,0.0268284469661383,0.014331747310739308,0.04067119459476002
2026-09-13,495817671,9630806627,5630,1.2914260760073357,0.9750581175896469,1.612824857190711,86.11465188057441,37.51914953256987,146.98482233928263,3.74130714408598,3.558458142150935,3.9297805205972827,0.9145775526320492,0.6909755070234724,1.1429292811717462,0.7402441137145005,0.21898708336430475,1.5698648404595845,0.1173466913386629,0.06146968982562186,0.17074265423160162
2026-09-13,495817671,9630806627,5783,1.7544613054680895,1.3232602731916143,2.224882416467183,2.1094005756851284,0.912192631570023,3.5606169746318743,3.74130714408598,3.554501357308,3.9277115354070062,0.0224028126909949,0.016637415125651207,0.027973553743320445,0.0251557716605218,0.007147531605133398,0.04884595137144567,0.0028744374256752,0.001498239583645409,0.004260937141074851
2026-09-13,495817671,9630806627,6119,2.8796067634820335,2.1932037938674216,3.6294261166591717,7.583015469218867,3.3493686058478924,12.922925982228255,3.74130714408598,3.5625515909461236,3.9224171344156065,0.080535142138496,0.060325343913298135,0.09982947039631394,0.088434213371432,0.023862857240197603,0.181073034245463,0.0103332215395445,0.005307112762635456,0.015084657223658041
2026-09-13,495817671,9630806627,6133,1.9797253854287495,1.5230593931614074,2.381305043214991,0.8357865325103806,0.3490971190994919,1.493957210729379,3.74130714408598,3.5571581178994798,3.9252898138284937,0.00887644070705,0.0069762944678351925,0.010907429056272216,0.0204085211634565,0.006221209773936772,0.04056361554060196,0.0011389093738835,0.0006279448693544154,0.0016506294000229657
2026-09-13,495817671,9630806627,6159,1.8032705226063241,1.3607635991314988,2.1765942675058483,35.47242170695815,15.249971162301074,60.277039963383494,3.74130714408598,3.559079084618206,3.921524050020486,0.3767335746264572,0.2976531097100395,0.4761074322331908,0.2956829337505476,0.0771042295291137,0.5536212505541803,0.0483375503492024,0.026354242726866876,0.07097779047922378
2026-09-13,495817671,9630806627,6256,2.3766333864905165,1.8050299403859635,2.9445853788694367,1.161256174130999,0.5033160261514602,1.9847264753835214,3.74130714408598,3.5584139746603567,3.9272144996247746,0.0123330792904844,0.009368655441894882,0.015283296761894143,0.017961132902687,0.005266882037110535,0.03751221509658814,0.0015824202601416,0.0008443575694496992,0.0023454196483706563
2026-09-13,495817671,9630806627,6261,2.3132807054127795,1.719885387371976,2.90891042182935,1.2804655936675091,0.5660314910582342,2.228325370611558,3.74130714408598,3.5450833295376105,3.9378821093667318,0.0135991386286977,0.01021924662500391,0.01728420191676921,0.0246145782391769,0.00686742811747986,0.04744460343443339,0.0017448645208281,0.0009143286683793125,0.00265311566246997
2026-09-13,495817671,9630806627,6360,1.8420816707788372,1.3857968909481595,2.287369987137343,376.2947910784939,161.5324382782122,642.9201575654416,3.74130714408598,3.5549307817546745,3.921982372214556,3.996425249097362,3.060276119343464,5.0512335490592735,7.887807013005982,2.1537145733534837,16.657297929532795,0.5127692876500561,0.2726778449937102,0.768603943786742
2026-09-13,495817671,9630806627,6463,2.804541023777604,2.1152516173533416,3.5217516961890145,0.9820663996032534,0.43169973977786485,1.656470555710951,3.74130714408598,3.5546573122236356,3.9273117374721873,0.0104300007566299,0.007775623012419635,0.012945838982121033,0.06810451176526,0.019189628903548694,0.1266962876422624,0.0013382419849776,0.0006994044409327972,0.0019419563876651455
2026-09-13,495817671,9630806627,6486,2.4547184255114343,1.84882080054883,3.018160781413596,1.6426408086036866,0.7151768327178752,2.8185491533550113,3.74130714408598,3.551657730722879,3.935057099090697,0.0174456074289163,0.013409904467773383,0.02189138489523806,0.0851125676893233,0.02197380356687059,0.1516388559601892,0.0022383933481474,0.0012083134037748438,0.003284910950923741
2026-09-13,495817671,9630806627,6489,2.3317401912570332,1.7581691553361602,2.890624346083038,14.336087853520707,6.201802816404419,23.791536699944114,3.74130714408598,3.5479231161628433,3.9307931416681896,0.1522559036942316,0.11629505243794391,0.19120197043604933,0.1616147569107292,0.045436341950098276,0.3061620858518477,0.0195354964528462,0.010637535975939964,0.0290736717413565
2026-09-13,495817671,9630806627,6504,2.024350678884037,1.5849465154181206,2.4503657876625167,2.8856580367357845,1.2168733998208643,4.852703493804464,3.74130714408598,3.5530696275709026,3.9512151582777735,0.0306470270428644,0.02409306774844841,0.03724846760211262,0.0477498910937581,0.01264963734346071,0.08797682555961372,0.0039322277400061,0.0021181915313725104,0.005621170663536755
2026-09-13,495817671,9630806627,6510,1.8406318813077736,1.3951723025689766,2.228675824782967,0.5313609747307426,0.228016052156604,0.9255528974553517,3.74130714408598,3.556312114957432,3.920320919165839,0.0056433000566196,0.00441252162611101,0.007048626157786799,0.0262351635729911,0.007387312369692431,0.05279804669431224,0.0007240748342989,0.00038281360004655506,0.0011024328756627567
2026-09-13,500635396,9657930100,797,2.5806392230881983,1.9391569686390648,3.241470396828123,649.3858300664234,266.3408250883407,1137.572580218698,3.159130064760483,2.9813449894087753,3.343799128249641,21.284936890274764,16.057226174249568,26.841057294878308,52.56075514821324,15.184823548834924,101.59597579764261,2.7310061483991723,1.4544006207076463,3.9397281335200356
2026-09-13,500635396,9657930100,844,2.6689231162376768,2.01648845529195,3.327203149078635,2885.3796529351675,1203.780637083374,5020.23847175187,3.159130064760483,2.9767067185739675,3.3451730031500317,94.57416681070175,72.21050678490367,119.14723749844677,289.5499231304547,88.1394840204402,601.7517205198307,12.13452651380736,6.477482743185167,18.069953500136723
2026-09-13,500635396,9657930100,998,2.6654554627480547,2.0266796139233314,3.2855917293698687,0.2195832889876622,0.09282536066494078,0.37407475083895736,3.159130064760483,2.972246164658162,3.344829052328473,0.0071972873935104,0.005504236976562717,0.008923287398013836,0.0168905618543298,0.004522610875761279,0.03214726123616545,0.0009234622693409,0.0004911187260364251,0.0013184419016549884
2026-09-13,500635396,9657930100,1934,2.3670297041402546,1.7964397544862034,2.888191185652575,395.69424404947586,177.09539206528052,677.1724607263078,3.159130064760483,2.9802253952820403,3.326727445791102,12.969680923860912,10.086325758523646,16.21608867370305,27.20160244352645,7.72113157777009,54.55331642006679,1.6641006984626474,0.898130038426158,2.465483244256042
2026-09-13,500635396,9657930100,2253,2.756668742342668,2.0778589073421996,3.3515054081949796,5.15107453489975,2.3047085696279987,8.662839108983528,3.159130064760483,2.984234733201424,3.3391681424152067,0.1688369091472598,0.13135741295359585,0.21187438587136675,0.3864973990503439,0.1129268013974413,0.8100916598502241,0.0216629553253952,0.011429155264894113,0.031673924276272705
2026-09-13,500635396,9657930100,2533,2.911988533064765,2.1679159353723043,3.7037818205675443,10812.169883021179,4566.47660930676,18671.587005385478,3.159130064760483,2.9707174178097957,3.335682849433889,354.390784263795,263.7776984438683,450.65171957406545,932.2038610072364,263.57235420306995,1797.652812559698,45.470814207705885,23.708832135036637,66.17203388483887
2026-09-13,500635396,9657930100,2818,2.432533613144248,1.8226890222227603,3.0170329700566727,1154.9950957213139,492.6516438814937,1966.2678697039446,3.159130064760483,2.970261304492666,3.342800222616476,37.85730544580934,28.675284563328585,47.46499445921139,69.76688126963164,20.087868328096757,141.4706609829445,4.857356846642553,2.57475501501197,7.07270549093876
2026-09-13,500635396,9657930100,2832,2.551685176763128,1.9235193231488488,3.2300225869122543,12970.499759704639,5471.759420733105,21528.16236443587,3.159130064760483,2.9639905003487703,3.354121467607386,425.1344209226099,316.84625568997757,532.0562939715302,982.768943972415,274.448617006986,1945.1758327642754,54.54771716829749,29.04535639408521,81.2680960361511
2026-09-13,500635396,9657930100,2874,2.7919150305739207,2.1391471237080157,3.4594036071815535,7480.108684503069,3217.9482250933866,12314.195308486693,3.159130064760483,2.9709478296018634,3.364560681833883,245.1757243698382,186.3423044611992,301.3505441170713,687.5764065434068,190.59300215568055,1325.980165318562,31.457758796465264,15.861379175442917,46.66728238087601
2026-09-13,500635396,9657930100,2992,2.878122826599972,2.1833544895870185,3.506673143941959,0.7365614818029389,0.3204871051930331,1.2587438170010474,3.159130064760483,2.971157161023698,3.3507398687207655,0.0241422955816255,0.018826788659146113,0.030237597464159972,0.1231721478799026,0.035322809687616516,0.2520509924064851,0.0030976252365594,0.001620775332782946,0.004703600838366717
2026-09-13,500635396,9657930100,3366,2.5250093684184085,1.9145720288889152,3.0564125933912725,40.90300039105925,17.606745265042502,67.69370715156387,3.159130064760483,2.971233973156654,3.3508158904389287,1.3406787484992209,1.0572343891129181,1.6877629218201655,3.897853351023588,1.1257989640042758,7.796262487142944,0.1720184524884544,0.0983335859861847,0.25146557987147145
2026-09-13,500635396,9657930100,3408,2.3820947694229577,1.7988246402028374,2.969105733314147,1093.947947644279,466.84358421002645,1850.7126903395156,3.159130064760483,2.9693355200838933,3.343176935116654,35.856361424566934,27.02330611516276,44.60415502791067,68.66017766140307,19.768065051280946,136.8572101773743,4.600621745533919,2.4947535254646547,6.629699298570584
2026-09-13,500635396,9657930100,3567,2.62313380927805,2.000807719706683,3.30042145270037,2976.5106104333063,1281.6973905324282,5036.723455860035,3.159130064760483,2.969444474723262,3.3513416756672667,97.56116866582352,73.9077157074682,121.91406902246841,189.5116591413613,53.347537743606544,348.7153052019081,12.51777972586384,6.765106456478432,18.431169172013814
2026-09-13,500635396,9657930100,3587,2.128032963700461,1.5989895583887916,2.7047438968368964,0.6644383422838727,0.28440146529330584,1.1168847485570987,3.159130064760483,2.9686435295928852,3.3445308048322593,0.0217783134897545,0.01614025183567329,0.027301771501502644,0.0453006961335455,0.012403683276715469,0.09312911193161433,0.0027943098139727,0.001460151935155789,0.00429579649739654
2026-09-13,500635396,9657930100,4196,2.3465877175292897,1.7707472475845663,2.8696787677612714,56.360690842530474,24.54300896890141,95.28125862376615,3.159130064760483,2.9710342716456597,3.361726625357671,1.847335885898283,1.4265653137561884,2.3118952308701193,2.982016590086731,0.8217641761958127,5.624876381906832,0.2370261038853151,0.12501032797499675,0.3588701610210044
2026-09-13,500635396,9657930100,4536,2.4722583207592623,1.8644911935100834,3.0957756275993478,3914.959493357534,1715.5857338012602,6400.486034299227,3.159130064760483,2.974675557714509,3.3355040956161286,128.32073304644433,97.32550804911611,161.5980564053008,287.1501490259762,80.65420530522974,556.4651978617572,16.464446792748017,8.820295352510371,24.275853421460752
2026-09-13,500635396,9657930100,5166,2.774685603575078,2.0924700489853247,3.4305615644700644,0.2812520229435942,0.12064276913193225,0.4818866651710072,3.159130064760483,2.9881384430596136,3.3514209540938134,0.0092186051518928,0.0070640492104580704,0.011581363242295334,0.0195856024036559,0.005517933145870675,0.03786406370630422,0.0011828114633023,0.000644402151429711,0.0017471838029262316
2026-09-13,500635396,9657930100,5331,2.4015243947408593,1.8179009902484913,3.0285561470268467,348.4424220834554,151.95405305614938,589.4159313333873,3.159130064760483,2.976776489227156,3.3355595109088223,11.420906679134369,8.55445791943361,14.251399269941011,21.21319185072801,6.144980928469774,41.42920767376991,1.4653821395759137,0.7800424824920694,2.162444164481064
2026-09-13,500635396,9657930100,5337,2.8604387568703142,2.1354895186799756,3.60693056478726,51.127099236858726,22.15618863422354,88.71440648080903,3.159130064760483,2.97460846472606,3.337692108125967,1.6757943124937622,1.254188740392379,2.118379143814185,4.559168255973472,1.29755787150077,8.97672199915415,0.2150161212347268,0.11494454251044228,0.32890110185875576
2026-09-13,500635396,9657930100,5553,1.9713240072975513,1.5058880730707518,2.473073741093511,7325.481362655809,3110.4884143526765,12420.545106500556,3.159130064760483,2.9840242427400914,3.3399617427302735,240.10750046557703,180.60735977743738,296.6059543060791,468.4914554503068,128.2117184054503,962.126680290269,30.807470251314577,16.648446821999308,45.51360990215624
2026-09-13,500635396,9657930100,5573,1.6007681088106895,1.2057310502793115,1.9954214264046257,1338.9749228706055,562.67450646583,2317.367613193018,3.159130064760483,2.973709965386841,3.3430113109498123,43.88761720908846,33.44135934181922,55.34368957596674,43.7218954709631,12.41588061326034,88.93818913598493,5.631087987457157,3.0698721670886244,8.294127772955942
2026-09-13,500635396,9657930100,5867,2.1669118331150536,1.6286322414269827,2.6501356331260766,2284.6047902921846,983.8252423330267,3913.02514097645,3.159130064760483,2.9659170421360135,3.363003016432166,74.88255291251829,57.88316541704508,94.1883837919457,69.21038068120062,18.95242459441574,125.52068475347492,9.607954839901518,5.068233798943869,14.394331386861296
2026-09-13,500635396,9657930100,5874,1.6372248351128873,1.23442160879568,1.9886230862925527,2.2898935877327564,1.0106722223964273,3.9340150844891673,3.159130064760483,2.973274321548569,3.3425215650445823,0.0750559039690643,0.0588198137040027,0.09475728440733062,0.1979503388969009,0.05882772168705821,0.41036310988324287,0.0096301969918843,0.005198892607234336,0.014196069577059309
2026-09-13,500635396,9657930100,6001,2.749861409598136,2.083108983418865,3.348327159016808,13.368897107915835,5.782039285581026,23.290174175376126,3.159130064760483,2.9666557558723126,3.355904007266377,0.4381927015645832,0.3431477590254829,0.5515654582868013,1.4539187230510142,0.44075199440040674,2.9118193564137975,0.0562231858297547,0.029549698467024817,0.08588886748907151
2026-09-13,500635396,9657930100,6023,2.6169680495415744,1.9700248867862014,3.254918716549551,26.452390657091122,11.339590199220345,44.892541757545175,3.159130064760483,2.973190393450716,3.3378041568135726,0.8670307229763348,0.6591072243887819,1.088991389866614,1.6463707303096091,0.4662428028282589,3.324071730545192,0.1112461008226547,0.05904673893312372,0.16401219328459504
2026-09-13,500635396,9657930100,6133,2.3093377757355977,1.7656799090208233,2.8761466802512214,0.18115636772131224,0.08012948767984894,0.30953732265544864,3.159130064760483,2.9701351607348134,3.3522616695001797,0.0059377671573541,0.004522498076086496,0.0073667756888008565,0.0119474761435703,0.0033092451575308557,0.023936306702204695,0.0007618570211455,0.0004087702161351603,0.0010824954879519167
2026-09-13,500635396,9657930100,6434,2.3384792049093654,1.767485548608168,2.9098719141491785,7.718453098120432,3.3576125088048205,13.166632792930754,3.159130064760483,2.991179128520107,3.3622141630372586,0.2529879456520245,0.19319776387173912,0.3180680868420655,0.4177459446221074,0.12212959966554102,0.7819400539442454,0.0324601213810615,0.017046884157982976,0.04727044532416954
2026-09-13,500635396,9657930100,6452,2.1405549141317186,1.6176257837045156,2.6339085768589525,0.525246479128769,0.22155347025306735,0.9218277082891774,3.159130064760483,2.9811002285603876,3.3409797573892366,0.0172160180319169,0.013265016640164166,0.021598802768889463,0.0292952526819522,0.008559349976370739,0.05898048703298197,0.0022089354240744,0.0011701239288814458,0.003425436187547439
2026-09-13,500635396,9657930100,6660,2.143932130622658,1.6021383000389067,2.7145714017646387,408.0318291660487,180.81678509310277,711.6065859977884,3.159130064760483,2.966228246860275,3.339331540867338,13.374070284432245,9.987071641244926,16.92152720365209,26.16682650486051,7.656576888996015,50.61538711168402,1.715986679415315,0.947181375078575,2.532685566369862
2026-09-13,525368335,9811363528,33,2.3706349763711705,1.8046489023328172,2.8871638721493618,9.439130397098728,4.070583693566004,16.271007148164205,4.017135163305154,3.828760213031168,4.193407702809619,0.0251750124312077,0.019723334713744656,0.03155437595776395,0.0485369250322312,0.01256479727033899,0.09598815820581716,0.0032301300252888,0.0016843929179563082,0.0048084932788652794
2026-09-13,525368335,9811363528,181,2.664616033460443,2.0079549985466114,3.2941427597689734,7.5731145854198,3.2937320348101036,13.378678681057112,4.017135163305154,3.830603000107377,4.202381063978776,0.0201981798969007,0.015550518440241023,0.025511345076080622,0.0294193063645713,0.008134070338613351,0.05816483167045049,0.0025915676315729,0.001405916242255157,0.0038163404367865896
2026-09-13,525368335,9811363528,709,1.097149603440711,0.8230924406912254,1.3470945551015736,151.61891777295438,62.86570407269364,266.9924327233218,4.017135163305154,3.8387091142102054,4.192545384924192,0.4043813337840534,0.309672974928602,0.5068188786691963,0.0476190483120295,0.012615532200841273,0.0929747960899787,0.0518849510597657,0.02650213735407696,0.07837242464317205
2026-09-13,525368335,9811363528,926,2.4797463104536437,1.901037202011882,3.130677873968589,66.25193557840451,27.9924350719562,113.98588598217437,4.017135163305154,3.8302911438524117,4.205448077525899,0.1766998898850428,0.13244704767212426,0.21811723241477585,0.0365303908916249,0.010660809292047638,0.07454946429822493,0.0226718307028665,0.011924873330894979,0.03262878633928296
2026-09-13,525368335,9811363528,937,2.243228223057354,1.7124247952169267,2.82783488601187,15.58477771408928,6.797966913698527,26.949179375973255,4.017135163305154,3.8247168095529305,4.206491329420983,0.0415660083274621,0.03132806521094087,0.05173440512529361,0.034547311217384,0.010160904094662089,0.07181854651177287,0.0053332093438612,0.0028228816658035917,0.007721143500112942
2026-09-13,525368335,9811363528,1308,1.4854765341095721,1.1184415991165522,1.8093654095778322,3.681939018671456,1.550280469607933,6.410037785659772,4.017135163305154,3.83683287453227,4.197888876941078,0.009820063572222,0.007652425433770854,0.012379755755114262,0.0126297161646441,0.0035568448311108607,0.024480297986679868,0.0012599827817982,0.0006880696014843563,0.0018400553397428367
2026-09-13,525368335,9811363528,1318,1.4541890773176975,1.098566648548998,1.789071792661098,20.068455760050888,8.830289375668446,33.87570148022676,4.017135163305154,3.8393683868092303,4.199460533461113,0.0535243822237811,0.04145113052581699,0.06750516145728512,0.0533207719438599,0.014066161696766388,0.1078480714869851,0.0068675522833803,0.0037919419411087314,0.010373908381498775
2026-09-13,525368335,9811363528,1353,1.5644797797243937,1.1561040915579213,1.964497110905446,8.883120703212098,3.6478039822340973,15.484547392330446,4.017135163305154,3.8290903757849644,4.20855489771477,0.0236920844106593,0.017869220123250203,0.0303640795109528,0.1176409550977146,0.030359420391719818,0.2076460711334283,0.0030398599971168,0.0016673284601328262,0.004428623259605623
2026-09-13,525368335,9811363528,1575,1.414395172646399,1.0646060258044667,1.7749664399830534,2.890528991340097,1.202711302025704,4.948212201738138,4.017135163305154,3.8312047530591857,4.1977131373010135,0.0077093016229673,0.005786374868454542,0.009647344606101772,0.0030551890138718,0.0007897950106012027,0.005653800993336998,0.0009891572730857,0.0005227898938114586,0.0014777230448759407
2026-09-13,525368335,9811363528,1672,1.0971496034407113,0.8252210204438266,1.3545147939863422,73.66272712747515,31.50855387703917,123.5121095181882,4.017135163305154,3.8326470482667694,4.200773266143073,0.1964651395981188,0.1502978516064351,0.24669794686758717,0.0299509518246036,0.008642661524069235,0.06014676842500513,0.0252078503664117,0.013468946784190325,0.0376796180473651
2026-09-13,525368335,9811363528,1719,1.2888707104495136,0.9682698856835351,1.5883238436419835,4.670500940401502,1.981528308661042,7.943189184329283,4.017135163305154,3.837234143237663,4.207204309149338,0.0124566474122145,0.009559054496148044,0.015680415557060238,0.0183520680664482,0.004992513351327291,0.03592454026620143,0.0015982749136898,0.0008633430241244743,0.0024421239418851042
2026-09-13,525368335,9811363528,1916,1.9340136824758178,1.4608251877992653,2.3745220414501556,91.94132685562417,39.80430175182385,159.72055520285187,4.017135163305154,3.839623124776972,4.200102616925116,0.2452158142919084,0.18914125663269052,0.3074423112657553,0.3496752135256796,0.10209506128283692,0.7189674315218777,0.0314629026136269,0.01724192608649079,0.0469606734249429
2026-09-13,525368335,9811363528,1952,1.3012997583472454,0.9801303647011842,1.6069035535033795,2208.552000837305,923.9508915100664,3807.697401908844,4.017135163305154,3.822505997516735,4.204889070676603,5.890407456722652,4.498235604568614,7.374764661719692,6.461530518474364,1.890749592450892,12.571299355930705,0.7557804405911129,0.4014584095196135,1.1189863516890506
2026-09-13,525368335,9811363528,2078,1.6033661525998293,1.2041110847891123,1.9656775474666972,9.736775924803919,4.141170818138639,16.47979820941035,4.017135163305154,3.8402678639955297,4.202776084425715,0.0259688599091888,0.02000208310215636,0.03265283922152237,0.0270292244191775,0.008342362073712946,0.057446370622706217,0.0033319862043526,0.0017934167737287427,0.004820002276900944
2026-09-13,525368335,9811363528,2206,1.3208552886212082,0.9986302920948749,1.607877636185113,2.9566785083294707,1.2395580302457956,4.917083121968581,4.017135163305154,3.827306144023163,4.201363060276698,0.0078857283532345,0.006181632757787401,0.009952908872202607,0.0114454938038694,0.003603381956633571,0.02260828371673065,0.0010117940555007,0.0005643013447793897,0.0014942861391847645
2026-09-13,525368335,9811363528,2354,1.5666383547127996,1.1738836023815815,1.975070205154309,4.7068391641314005,1.9780837793053934,8.243496583923985,4.017135163305154,3.840312857177093,4.188519028924991,0.0125535647335823,0.00931433589530899,0.01567143257440795,0.0186443936283105,0.0052554161023882235,0.037418063223172614,0.001610710083308,0.0008617867323310853,0.0023516974507816492
2026-09-13,525368335,9811363528,2557,1.3584375461396896,1.024930177511539,1.683138254850916,11.326181297171296,4.765375138992014,20.15673257388018,4.017135163305154,3.8285380236778686,4.197657004613747,0.0302079474441884,0.02299168104120554,0.03775673726319488,0.0331168866227955,0.00965423734430353,0.06439254574215783,0.003875890759079,0.002084295591812868,0.005791522813127176
2026-09-13,525368335,9811363528,2624,1.5437659327165092,1.1693057801772264,1.8924141223245798,3.4654673126118745,1.4410848227062119,5.89603455436622,4.017135163305154,3.8390394171505586,4.194485840956231,0.0092427140006206,0.007102451877730556,0.011494646660224974,0.01209059948814,0.0035187079735893535,0.023764284069676518,0.0011859047970738,0.0006095917547087312,0.001792134627283231
2026-09-13,525368335,9811363528,2633,1.608923512805689,1.2074142776195997,2.029508514027791,66.54949548346184,28.035417180171997,114.27874240306639,4.017135163305154,3.8287658182108033,4.203560177421436,0.1774935089996966,0.13285861152541176,0.22331828373662338,0.2990257029047805,0.0846445347041406,0.6189880780572591,0.0227736575813196,0.01213648420595076,0.0337382000758744
2026-09-13,525368335,9811363528,2742,1.0971496034407109,0.8314549366650035,1.3689874878350465,244.85076150494663,99.23264592889262,431.3471158344778,4.017135163305154,3.8377753745221166,4.20522941122735,0.6530390730243909,0.49710194114254735,0.8184765848677112,0.4399630052879926,0.12206781262952517,0.8795659649821332,0.0837894766974564,0.04422571865757347,0.12563065672812326
2026-09-13,525368335,9811363528,2806,1.5707490301895026,1.1942584246643424,1.9156943154631425,3.5193374971575553,1.4498095530017798,6.227503857179668,4.017135163305154,3.832291370013591,4.213334916950639,0.0093863906433361,0.007300374564953082,0.011710411223213065,0.0128200686330114,0.003499693993694647,0.025400612323000036,0.0012043395143886,0.0006604987642610984,0.001785143229972776
2026-09-13,525368335,9811363528,2807,1.3842810522001876,1.0434619655561337,1.7382118040508423,11.292763044067462,4.778152646740028,19.40151033083797,4.017135163305154,3.8336778096345814,4.20419457154324,0.0301188179479398,0.022732009841375,0.037867265330321226,0.0483118268886144,0.013578470117221166,0.09730423310676803,0.0038644548218473,0.002066373522258435,0.005795263267503543
2026-09-13,525368335,9811363528,2843,1.2282211379745387,0.924985846419435,1.5409923786352566,409.66056803368855,170.97288249572034,667.1991644872045,4.017135163305154,3.835925173747325,4.1904850637305975,1.092601697291273,0.82506160900329,1.374521041887872,1.1155068303410365,0.3155153541808524,2.144958737704228,0.1401884331833374,0.07275452007864862,0.21014599246124205
2026-09-13,525368335,9811363528,2914,1.2972327485198192,0.9847767004288103,1.5861422322563705,434.7938626307452,186.9157870786006,731.9879423331583,4.017135163305154,3.8367003660475962,4.199658346055401,1.1596344616773426,0.9015452419301393,1.4520844998592188,0.7077211778874337,0.20319159206188844,1.4042641176359447,0.1487892052986728,0.08006638879570337,0.22379672740618198
2026-09-13,525368335,9811363528,2919,1.371832996448133,1.0401501009973702,1.6780640251993875,8.055726972483942,3.4284736432398675,14.051901711359926,4.017135163305154,3.8247775251538823,4.2266113736680735,0.0214853506777524,0.01672776096828833,0.026986723715297693,0.0216780318776099,0.006342151997635207,0.04458220185937598,0.0027567206378828,0.0014895406322588502,0.004089716586863873
2026-09-13,525368335,9811363528,2961,1.2341931947477214,0.9301830509184987,1.5508494770859258,310.8476980661532,130.91778809750917,537.3804306728609,4.017135163305154,3.831453748314857,4.206826244453724,0.8290588575228319,0.6254887953982016,1.0428473947236,1.072430946619268,0.30796863999027546,2.05108897681552,0.1063740451264462,0.05654525094391089,0.15711809549349948
2026-09-13,525368335,9811363528,2978,1.0971496034407109,0.8348824912383811,1.3339642635932498,300.1042016695274,124.8216227865279,511.3149841559485,4.017135163305154,3.838505233893401,4.216586753147109,0.8004049832821685,0.6252424033096332,0.9990040884209476,1.0937419773898789,0.3249880957636154,2.1438413632383093,0.1026975528196983,0.05613589519039683,0.15129545419349782
2026-09-13,525368335,9811363528,3073,1.6451849382548445,1.248047146659119,1.996685686570613,2.8780780571647457,1.202263075226594,4.853829086070847,4.017135163305154,3.830347663613855,4.196252447501708,0.0076760938581142,0.006010628785684381,0.009616104132425085,0.0196405098572271,0.005682800360654988,0.03974442111886425,0.0009848964847895,0.0005235042118777271,0.0015180472622517791
2026-09-13,525368335,9811363528,3078,1.6781504647935706,1.2727408823765558,2.048415111580194,2.4006001438722095,0.9783462674217163,4.258007057688105,4.017135163305154,3.8414725232552533,4.21149000501169,0.0064026171820783,0.004966315063680045,0.007993018393046867,0.0112517093964187,0.003125689960375388,0.022952931699988646,0.0008215005278259,0.00043927262597050437,0.0012291464074914932
2026-09-13,525368335,9811363528,3202,1.720512192561237,1.3017919799853155,2.1437411965668103,2.285473664883945,0.9520708011738654,3.8915562121382417,4.017135163305154,3.8395981509542647,4.2026937541786555,0.0060955644751275,0.004650441125095497,0.0076581684135035,0.0226445613834319,0.00578240790588342,0.04497150702490065,0.0007821035197498,0.000421740449061025,0.0011620722837007431
2026-09-13,525368335,9811363528,3313,1.4109213884108835,1.0738668913057834,1.7046416817445813,3.1259293598794415,1.3156586708504963,5.374757398051951,4.017135163305154,3.839882380106947,4.20606093652199,0.0083371356452741,0.006601918724289281,0.010479797960715756,0.0192934977104566,0.005702458976763892,0.03797956187026476,0.0010697127656359,0.0005925744652545444,0.0015386568881160135
2026-09-13,525368335,9811363528,3575,2.3374944841830834,1.7515270232936158,2.907849192454134,8.766032399671067,3.553707377263023,15.359106346482312,4.017135163305154,3.8402816305739713,4.188681399570051,0.0233797993406172,0.017829678548984675,0.029600469120746733,0.0627473432507972,0.018272271988472644,0.13107019418333662,0.0029997916402908,0.0015881458192485496,0.004581923134777511
2026-09-13,525368335,9811363528,3597,1.4325132831778105,1.0945136654662428,1.7382454611557148,3.816365501789258,1.6195933074749798,6.562947149468439,4.017135163305154,3.8378237938108386,4.196475550733125,0.0101785911315631,0.007920141847527755,0.012578389435975251,0.0131152621850964,0.003611992488791163,0.026762632981599872,0.0013059843731573,0.0007023305865865087,0.0019395583733502854
2026-09-13,525368335,9811363528,4091,1.2415699304495191,0.9430763409596764,1.5610987947064783,4.401326118112029,1.7670095306979192,7.34444115204378,4.017135163305154,3.8345278454268277,4.203937521101124,0.0117387338743966,0.008839299613013765,0.014631922541799021,0.0567408584483638,0.015245644122688412,0.12027931090222639,0.0015061615897976,0.0007983969428725736,0.002238200764628858
2026-09-13,525368335,9811363528,4212,1.7459770104201082,1.3145758359821582,2.1719712890746146,2.5994297708511844,1.0952644828887346,4.573331882703371,4.017135163305154,3.8458393819425525,4.20038370024828,0.0069329137369841,0.005297639464131746,0.008752875935181821,0.0167890276168781,0.004647804136414188,0.033329918159284176,0.000889541281688,0.0004751199667136963,0.0013320274364853812
2026-09-13,525368335,9811363528,4437,1.8612257172778064,1.4020820603133068,2.3247009073433587,8.481552019971186,3.7265632875082373,14.728378696156831,4.017135163305154,3.825184647830056,4.219463905949149,0.0226210645002149,0.017155746749081522,0.02844478669451743,0.0545756163721288,0.014635314835844623,0.1075334460304509,0.0029024406580058,0.0015803710928696296,0.0043161577250982065
2026-09-13,525368335,9811363528,4606,2.5136004894709467,1.8993420974344626,3.1128335889417733,7.087445848022807,3.0761633666321377,12.190277328440745,4.017135163305154,3.8300753038419435,4.20024389126977,0.0189028575539467,0.014488644344575028,0.02374545346989522,0.0333274535584996,0.00960348842431009,0.06529948909530076,0.0024253687228797,0.0013140038554542211,0.003519867226348685
2026-09-13,525368335,9811363528,4662,1.7677514491352904,1.3247049545361438,2.231539573087483,4.302483855177442,1.7729762949810286,7.423442947028247,4.017135163305154,3.826017120648965,4.1983266110631074,0.011475112640933,0.008507546549847372,0.014331437903103502,0.0319709660484224,0.009731435136359318,0.06084341622938104,0.0014723371432818,0.0007803768395216595,0.0021625852914819196
2026-09-13,525368335,9811363528,4718,2.6465058089319307,2.0253189714176947,3.2083822380946585,119.61379400162224,48.7360866973637,199.86479869133336,4.017135163305154,3.8387417759280975,4.202272423506752,0.3190207809673149,0.2516354366703389,0.39862497051388174,0.5576150455710889,0.1439890011504812,1.038860172940354,0.0409325956088186,0.02189840691706433,0.059284255964279456
2026-09-13,525368335,9811363528,4760,1.7969170056013672,1.3442454626468123,2.281671914846133,3.621584750986145,1.4846045448968177,6.056901767904903,4.017135163305154,3.8278535208068045,4.201963934236686,0.0096590932947353,0.007172570068536412,0.012174433604043328,0.026164542871603,0.007121979456515628,0.05195289775621322,0.0012393291702892,0.00067389546775871,0.001853599533752973
2026-09-13,525368335,9811363528,4938,1.4877283254391416,1.128946869435913,1.8588068583577426,3.0235917829376384,1.2347516944542316,5.358527292564207,4.017135163305154,3.8203485193296283,4.214789581819296,0.0080641920939824,0.006138821023176204,0.01010754706492398,0.0196602239670817,0.005668576180154377,0.03888257849487247,0.0010346922005956,0.0005607740403113275,0.0015471350841086116
2026-09-13,525368335,9811363528,4969,2.229104514710385,1.6805617419252126,2.758447527164339,511.9527844122768,214.38519125033952,888.0627643935428,4.017135163305154,3.826468204356915,4.212705090270821,1.3654242678681432,1.0513139692487605,1.7256101614126969,1.6633529777768472,0.4529428499871983,3.435718612520573,0.1751934755524286,0.09227046317761205,0.25580065459803714
2026-09-13,525368335,9811363528,5045,2.4990238400197518,1.8955100741718631,3.0389996298508564,475.5054853303514,201.78522355848486,820.2070287526234,4.017135163305154,3.830958875574291,4.206222658695993,1.2682160326949703,0.9868814794758904,1.582229760579985,1.9962739322257657,0.5166575941152766,4.029458365479637,0.1627209796600745,0.08659881410701085,0.24603085184639148
2026-09-13,525368335,9811363528,5070,2.1296802619338098,1.5953139336758888,2.6839362796702386,242.93015777443043,97.77851201047613,421.8117997873263,4.017135163305154,3.826317679267262,4.214249665593377,0.6479166495852539,0.487936888627815,0.8208989402857381,1.2610055600394103,0.3764676996251383,2.6556579472087556,0.0831322339732189,0.04408605928940726,0.125950240932855
2026-09-13,525368335,9811363528,5260,1.3904233712279463,1.0574326141834527,1.718321050913888,27.233680245361107,12.01026385791875,45.47119029399166,4.017135163305154,3.8320031165625084,4.201169565610599,0.0726346824210877,0.05597983994853546,0.09096688008343605,0.1905420387363826,0.05495245397918565,0.37781823566839984,0.0093195373470732,0.0049242268114252155,0.013680614620405243
2026-09-13,525368335,9811363528,5460,2.756250773435328,2.0987157126912637,3.4448084210706758,410.4521600088046,165.53176731492303,689.3204068941754,4.017135163305154,3.8284056883420345,4.196583028380007,1.094712944511686,0.8263101369264805,1.3562961867047028,2.3971695202811687,0.7320890673519067,4.755180233021496,0.1404593209557307,0.074798019548429,0.20470452831328326
2026-09-13,525368335,9811363528,5596,1.5403660792936782,1.1684746044947063,1.8699328972096592,83.27399899693258,35.565985316534736,142.05538387536293,4.017135163305154,3.840729299138346,4.20415331443299,0.2220992688678743,0.1740886670400414,0.27859737446032196,0.3833269158878671,0.10939452285276721,0.7612923234303192,0.0284968882905292,0.015538397159579248,0.04314351369611255
2026-09-13,525368335,9811363528,5771,1.8248631977568766,1.4024712685441876,2.211716722197222,11.082125962189533,4.80794657445549,19.106835836667866,4.017135163305154,3.8313521697441666,4.210975300353934,0.0295570298454701,0.02317966044118994,0.03655464733038699,0.0382417191564724,0.011955550030093399,0.07739800020987234,0.0037923734823605,0.002088243804452443,0.005483478190537341
2026-09-13,525368335,9811363528,5891,1.5290400527782915,1.177220838702727,1.8727735031162642,8.992464107825807,3.871831877062131,15.383316012523235,4.017135163305154,3.826961485291774,4.209073199926889,0.0239837131364651,0.01864372630164793,0.029659241043977918,0.0367931206341178,0.010693828894020964,0.07216140245794403,0.0030772780006247,0.0016680400296291804,0.004555049782185495
2026-09-13,525368335,9811363528,6246,2.910907994310111,2.193142429122728,3.634568890599148,2.237297593689972,0.9464552269596587,3.7666219644702132,4.017135163305154,3.830890548780246,4.211153154558977,0.0059670745464824,0.004503653895443679,0.007463645692049875,0.0112785516019477,0.0030002910153929356,0.021794848621444894,0.0007656173639793,0.0004086146042089872,0.001130600202700983
2026-09-13,525368335,9811363528,6343,2.7589296948673745,2.08146787558688,3.4386174395937,1.778586948479971,0.7443249798340589,3.108699521974823,4.017135163305154,3.832327630008292,4.201217440234687,0.0047436518677324,0.003606755155582378,0.0059584158486391155,0.0128420017937769,0.003561598210408946,0.024597104432175096,0.0006086436846595,0.0003187926289463481,0.0009097464281018423
2026-09-13,525368335,9811363528,6490,1.50363705541345,1.1360764429456558,1.870559917122886,13.474784434184022,5.795002526022275,22.91817939880996,4.017135163305154,3.827484657491364,4.209789051434421,0.0359384658720992,0.02736852191220127,0.045062569327833805,0.0324115842906241,0.008711939170125096,0.06228921911707325,0.0046111563199222,0.002449986815728715,0.006841703330409996
2026-09-13,525368335,9811363528,6522,2.600207319930332,1.948911275213148,3.2813187821760317,1465.899102953012,636.1296866202013,2439.3997475276133,4.017135163305154,3.8289546603648827,4.205961337164631,3.909685170901057,2.9278909214839235,4.929595100103853,11.866079466484932,3.50450920675545,24.2729562737772,0.5016399294523829,0.2620308583332473,0.7684403587210383
2026-09-13,525368335,9811363528,6607,1.9101991285806892,1.4510285515118178,2.3576797104138065,170.8470331752521,71.39738417822753,291.4085273150628,4.017135163305154,3.8217898496584657,4.226480465206971,0.4556644524525197,0.35159214314793985,0.5712786708277625,0.5840301624675356,0.1658088253662845,1.2558650414047472,0.0584649335663926,0.03096357068162093,0.08648575335465851
2026-09-14,63563817,1841014603,9,1.3204544921331538,0.9870981638061369,1.6440669650656419,164.803846813434,68.57207580671133,275.52816024908134,3.54657684304324,3.364747710749351,3.730293990241482,5.191394357654809,3.939495347847805,6.561447960475318,15.474506021264736,4.731804135770499,30.67594344368458,0.6660921750723141,0.3560090586663498,0.9754206680279639
2026-09-14,63563817,1841014603,726,1.7121051094979567,1.2958918586437829,2.0978871012888454,27.463349102803242,11.968174175168453,46.11096761206453,3.54657684304324,3.367833089448892,3.7350394687536452,0.8651076921523361,0.6695954854306158,1.083991478607065,1.6881200902413054,0.5020224823556014,3.3577899598240797,0.1109993625292327,0.05817163227497953,0.16232290373173197
2026-09-14,63563817,1841014603,1186,1.4519816452601053,1.0951440802071613,1.7973632750911719,0.22924279010093826,0.0980600876051094,0.3745804665412729,3.54657684304324,3.3591910334538215,3.723883713132286,0.0072212496860604,0.005533585443536628,0.0090817693113732,0.0200925334085339,0.005407675870506957,0.03701473704365688,0.0009265367989306,0.0005013317440944921,0.0013965371976719326
2026-09-14,63563817,1841014603,1567,1.5829010218536215,1.2005810712266791,1.9702500904667928,4.384213166964351,1.8213888574877763,7.429109739683955,3.54657684304324,3.3723295976477874,3.7514608981020983,0.1381046616193388,0.10522850128730939,0.17268843325105318,0.4501399373466009,0.12762278566269733,0.9334700635635595,0.0177197932016106,0.009279304709054888,0.026203357465584647
2026-09-14,63563817,1841014603,1667,1.7712369406576631,1.3483732501097783,2.1696095271459104,9.248125826168833,4.146593327321054,15.786285282134537,3.54657684304324,3.365949805054576,3.7285491683258396,0.2913200702602835,0.22436646833287227,0.3610184559608755,0.6542321065307491,0.1770177306615407,1.3787813254971475,0.0373784008444219,0.020001902701559913,0.05454774613117841
2026-09-14,63563817,1841014603,2123,1.55708125041359,1.187229965146671,1.8913366258681943,0.7547612400977507,0.3405503388382853,1.2593347738692842,3.54657684304324,3.3557772816116747,3.729415834387902,0.0237753142234336,0.018487442019396897,0.02945176632446167,0.0562864567358653,0.015715533729555555,0.11177820172685123,0.0030505389637301,0.0016034522382793695,0.00461736770862846
2026-09-14,63563817,1841014603,2478,1.6951656716494283,1.2918663668448254,2.068407195877097,5.375114350581811,2.2933580282738126,9.229036780515361,3.54657684304324,3.3611706134688037,3.7345017559844016,0.1693184889242839,0.13236300657365888,0.21192642381640883,0.975078291379072,0.2827342733632758,1.9298976833729942,0.021724745376208,0.011451159407384276,0.03223315033412173
2026-09-14,63563817,1841014603,2505,1.6232927929087289,1.2390075799535218,2.0030923008836137,0.7045016882940736,0.3021335145837924,1.192519418024794,3.54657684304324,3.3576545621607394,3.7329005094220697,0.0221921160232894,0.017022586487318147,0.02752014815915558,0.0688882336839277,0.01898934543848714,0.12408394647159993,0.0028474035707986,0.001501417574453773,0.004161756320660122
2026-09-14,63563817,1841014603,2570,1.490182771383077,1.1289263559562213,1.8104190113489702,1.2902824254134606,0.5764180268464897,2.1894963094263358,3.54657684304324,3.3594745184279113,3.727145983782768,0.040644469365181,0.03175771407120667,0.050928716300809654,0.1383043497210314,0.04027296635627286,0.25935860381089054,0.0052149694550162,0.002792192451411818,0.00773388779711632
2026-09-14,63563817,1841014603,2889,1.4590814398372813,1.1236275497617316,1.7755899105103112,0.24087185204258404,0.10649900730965872,0.41358821564352133,3.54657684304324,3.360367886919796,3.7268111287053935,0.0075875703012401,0.005956079077553441,0.009411974562699205,0.0211117903957201,0.0057874601769389395,0.04396803416747627,0.000973538293814,0.0005435380010957029,0.001433216315803361
2026-09-14,63563817,1841014603,2892,1.602110098156205,1.2187494529125336,1.9824922805298475,3.571403468323191,1.5354806401805547,6.143801946737438,3.54657684304324,3.371350239902288,3.723444633879771,0.1125007951747064,0.08603972013805594,0.1399572183733671,0.3376830785927187,0.094490003041761,0.6655520665684022,0.0144346382094418,0.007638997120675851,0.02111898557742234
2026-09-14,63563817,1841014603,2985,1.5689899462355212,1.1829333522418546,1.9574346201900692,13.514586057103706,6.154034065227705,23.11682315534985,3.54657684304324,3.363652511953992,3.7406229754111746,0.4257154621051568,0.32428338462451706,0.5366012570475417,1.1337457223149805,0.3328769746771222,2.024640790680038,0.0546222688125043,0.029205857092258314,0.08180432421298357
2026-09-14,63563817,1841014603,3169,1.4562015308691139,1.1098768665272787,1.7720033210740473,0.7227676900697326,0.3159167624354907,1.2570640122704102,3.54657684304324,3.363472825313145,3.7325854213656156,0.0227675031904495,0.0176868285665528,0.028238351413982853,0.0532034047957783,0.015570670985679656,0.10815941288021262,0.0029212297653193,0.0016047318754998556,0.004259982713280486
2026-09-14,63563817,1841014603,3304,1.4904695541668045,1.142337067828091,1.8436237900176784,0.9581685010796721,0.4217154216337323,1.6603303782730336,3.54657684304324,3.3589156209704334,3.7271427750209942,0.030182733269683,0.02309255331069383,0.03726919300342055,0.0697494173408162,0.018513323116689018,0.13792063489594936,0.003872655604286,0.002112821697556662,0.005737800541135814
2026-09-14,63563817,1841014603,3501,1.5517454872018321,1.1729027891449164,1.9388534502849788,1.6165727045219829,0.6830136764913484,2.812944880436143,3.54657684304324,3.3611455836351087,3.7232484682048117,0.0509227580500269,0.03872389251144958,0.06401214626682622,0.203823940218881,0.05735584329550583,0.4089100776739901,0.0065337457209755,0.0034851539181211914,0.009750878014130276
2026-09-14,63563817,1841014603,4048,1.4364580671491993,1.081091877894993,1.7489614644051532,0.3637618429422854,0.14961625982766522,0.6287357284277194,3.54657684304324,3.351303060419324,3.7364535671764227,0.0114586595852856,0.008848962954959802,0.01431561522795202,0.0539035512765528,0.01520740251097952,0.1073831664533267,0.0014702261012634,0.0007766840662526872,0.0021395830733052417
2026-09-14,63563817,1841014603,4186,1.459366504626651,1.0942931309212105,1.8109968285537625,0.40392308252941805,0.17583996345822095,0.6963353865211328,3.54657684304324,3.3478204617893725,3.7552825052873047,0.0127237564663377,0.0097540816686772,0.016142392270771386,0.0344072767143031,0.009051614949441381,0.06671647813521947,0.0016325468719702,0.0008782993381824597,0.00237152086715021
2026-09-14,63563817,1841014603,4713,1.5303056303869331,1.135323811134556,1.939411087423942,0.8736842414746246,0.3843084519680214,1.512895599935057,3.54657684304324,3.3588691843813865,3.7270912477375213,0.027521441575923,0.020554071089440913,0.03511138400522151,0.0734862852121713,0.02103036160782432,0.1361677278476114,0.0035311932820903,0.001896773130554497,0.00514975584469346
2026-09-14,63563817,1841014603,4827,1.6207350123252002,1.2166159143126223,2.022112327033476,1.6223374014823109,0.6881125299464564,2.8761049970727255,3.54657684304324,3.3578883503674284,3.745163290786132,0.0511043485641568,0.038986664062751565,0.06479893371750303,0.1261996672248254,0.03640862933507238,0.24896426009329922,0.0065570450529461,0.0035611009331790156,0.009768112475416452
2026-09-14,63563817,1841014603,4868,1.5507599304625197,1.1709428977224723,1.9197367728459598,0.7422494016995772,0.32513638788470167,1.251423355573505,3.54657684304324,3.3569141229118418,3.7491909825762764,0.0233811857578663,0.017848321305331257,0.02926195530974169,0.0574789464536306,0.016565604805902714,0.11516003433822557,0.0029999695273125,0.001601894352766925,0.00436010048785285
2026-09-14,63563817,1841014603,5134,1.5264786888955015,1.1587665671076224,1.8585745306412733,8.392072435181628,3.791741341821193,14.415114813425555,3.54657684304324,3.3663479024927168,3.7253076964232235,0.2643540083038949,0.20534348194061552,0.3293555189309168,0.6563615454658401,0.18453541962507725,1.2050387007957781,0.0339184666486734,0.018223263862133382,0.04999024779654773
2026-09-14,63563817,1841014603,5267,1.4711527320945488,1.1115826489728344,1.8391029518251065,0.4247029723267245,0.1930741098628345,0.709003782965067,3.54657684304324,3.3563519288446546,3.738340438601475,0.0133783322225004,0.010135736533336404,0.0167694776850975,0.0375151979787402,0.010637705213308172,0.0737679823533141,0.0017165335158531,0.0009413010963329628,0.0025651892469408973
2026-09-14,63563817,1841014603,5307,1.8735060849704144,1.4280854601513016,2.2963929290990426,8.752231007547346,3.874208878386026,15.153798681344934,3.54657684304324,3.3592038070531594,3.7317734542754804,0.2756991632659451,0.21331719451479994,0.3430186270244095,0.4203871336472314,0.12266954121617364,0.837030852708163,0.0353741293135722,0.01901060310902816,0.052242805601363865
2026-09-14,63563817,1841014603,5374,1.531339577628545,1.1586995725784883,1.9028140836103955,4.6532649307248155,2.074555761712523,7.7210638077882034,3.54657684304324,3.3729644843006246,3.7212691067302583,0.146579911653304,0.11187093857548633,0.18371347565285187,0.24591694481941,0.06795054748715873,0.4788391447705958,0.0188072270084994,0.010410400718770396,0.027220509214736188
2026-09-14,63563817,1841014603,5418,1.5629756790470342,1.1723494266625565,1.9869316865344444,1.998760889545542,0.8523843154452809,3.368107210542798,3.54657684304324,3.3725352373080866,3.727956406447021,0.0629618555933004,0.04682201668542048,0.07935529383782373,0.1785379952686483,0.05100179068230493,0.3658858933405017,0.0080784460685194,0.004254897121789438,0.01213661118140763
2026-09-14,63563817,1841014603,5592,1.526631774342312,1.1575207884580696,1.86900728113604,0.8660422700828383,0.3789295160885006,1.453487760197271,3.54657684304324,3.361455125875858,3.744675023891366,0.027280716083577,0.02107615882038006,0.03403091735928406,0.0614765478087716,0.01815371302281832,0.13032059310654542,0.003500306519162,0.001887005067201766,0.005324099241702783
2026-09-14,63563817,1841014603,6083,1.6301053766315423,1.229245516221444,1.9843360073500969,14.482882897294168,6.188507327552512,24.703964512939,3.54657684304324,3.369960814376426,3.7253034823045432,0.4562172425544344,0.3533825756756431,0.5704520598990529,1.6458675722810672,0.48562982171774866,3.2706835543802812,0.0585358603995275,0.030426465250269426,0.08688716314132656
2026-09-14,63563817,1841014603,6149,1.713618481974806,1.3027343756402845,2.1672005776443917,19.898390352323013,8.828239198316918,34.27232719289674,3.54657684304324,3.3603952297338417,3.7292032177493457,0.6268081322058195,0.47042206736311437,0.7825839695671394,3.8028852918849614,1.0084488745602704,7.686018019858037,0.0804238636809318,0.04348873569822911,0.11895183518066864
2026-09-14,63563817,1841014603,6352,1.6235431685388633,1.2355702742216306,1.9660881002675206,6.994680232029771,2.9157856197515115,11.492950108225987,3.54657684304324,3.3706752758645786,3.7262635822584937,0.2203355333766335,0.1719910444923258,0.2736789262285925,1.0267723983589678,0.30799957895408114,2.0504390153792307,0.0282705887015025,0.015105814609914727,0.04211874606532456
2026-09-14,63563817,1841014603,6414,1.4512675737201512,1.095815950195935,1.827388235301232,0.2280742712006485,0.09594200254524343,0.4027008276077259,3.54657684304324,3.370163084265177,3.7324473187917024,0.0071844408218071,0.005414116714382551,0.009028600377456097,0.0199901157707437,0.005025686804435379,0.038882695487213126,0.0009218139644158,0.0004885626493398369,0.0013686074555221226
2026-09-14,63563817,2874903000,193,1.5421923323991769,1.1627626304901466,1.9453612832955207,1.224499880423977,0.544555336915261,2.102248123512031,3.6654426853877,3.4778729225748846,3.848972634763435,0.0240451176036594,0.018071309998696983,0.03023422484353245,0.0233681129208726,0.006235932000747982,0.046094425760421935,0.0030851566228781,0.0016715790819105672,0.004632874291022369
2026-09-14,63563817,2874903000,431,1.6078151984872353,1.2105006080288099,1.949744754041627,29.598926864587362,13.399820223365522,48.75767782104764,3.6654426853877,3.4750936608565977,3.8509322258956127,0.5812247830965004,0.45671186660251234,0.735622505006986,0.9666222707198454,0.28382356449524127,1.9987685304149438,0.0745752014404035,0.04059473136826533,0.11015387982081742
2026-09-14,63563817,2874903000,648,1.6841464919590614,1.262482921555911,2.0859022229917925,1.3441534498884133,0.5740472714981141,2.2858393873643146,3.6654426853877,3.4772967544132314,3.849897845715318,0.026394716975179,0.020127885673488707,0.03325573348854624,0.0255896279936428,0.00737707930660911,0.05234573654529758,0.0033866266419331,0.0017832076106345345,0.004935453428195649
2026-09-14,63563817,2874903000,1490,1.7156753412632786,1.3004563101708402,2.1605562510072227,0.42842312240935027,0.1813817211022312,0.7553962245146649,3.6654426853877,3.4789428673953378,3.846610469394434,0.0084128096108045,0.006288541991744359,0.010447677944828308,0.0090054240129744,0.0022888275213473596,0.01817196988926477,0.0010794222642453,0.000569578569589491,0.001595429341350848
2026-09-14,63563817,2874903000,1812,1.7718031451836962,1.3415134248026046,2.1466556175534985,1.6152723716655546,0.6615874382309034,2.8215735735590264,3.6654426853877,3.4699784687864583,3.8565389976734488,0.0317185936557153,0.02477315507646454,0.03964140609732958,0.0307511163273525,0.008376433820133861,0.06068688457891155,0.0040697172248564,0.002233410326182356,0.006042130623041533
2026-09-14,63563817,2874903000,2249,1.6818355932236089,1.2804706884998822,2.131537293281961,1.006594395953985,0.4450401144503823,1.6783937990846534,3.6654426853877,3.4933106048711027,3.8648501628125076,0.0197661763931881,0.0148011665688492,0.02463878237054502,0.0209053859831418,0.005660509964423682,0.03996737353978895,0.0025361385630795,0.0013785095062072738,0.0037486948285635714
2026-09-14,63563817,2874903000,2275,1.706967621599648,1.2935117619496002,2.113436211022003,60.47760529891845,25.282642945575578,103.28489086179988,3.6654426853877,3.477597229747388,3.8738216154788354,1.1875796437780644,0.9142617709718164,1.4937831026717814,1.1979013356963928,0.33195669889136975,2.370835380198239,0.1523747674513178,0.08026070274486141,0.22755705756613168
2026-09-14,63563817,2874903000,2561,1.6887484566422448,1.2698159681678947,2.0689689611879425,93.29721610627632,40.83578991403818,157.97070287611638,3.6654426853877,3.476706337566762,3.8645262973747925,1.832047980758229,1.4145197289805167,2.3047413858491623,1.6268711410150145,0.46615877422956675,3.0180192872546043,0.2350645588194847,0.12590965742606702,0.3587318994109108
2026-09-14,63563817,2874903000,2574,1.8030600410429798,1.357000080085558,2.2754283233319597,1.0018020940936025,0.43418587370784145,1.6466441880793499,3.6654426853877,3.4724831394152673,3.858404648623769,0.0196720714743822,0.014635330970444692,0.024540637174750666,0.0189520288384451,0.005345403055506958,0.03662151623428489,0.0025240642443639,0.001343022786505145,0.0037152412745851686
2026-09-14,63563817,2874903000,2596,1.6804023964154777,1.252419865820085,2.0909570671275186,0.34202213087002015,0.14020879566333305,0.5877316948283184,3.6654426853877,3.479280965155744,3.8477986156622337,0.0067161806148779,0.005100747479775194,0.008515868187203278,0.0071892812250283,0.0020400500548046537,0.014417491182919951,0.0008617329075272,0.0004648406741344804,0.0013023978006362201
2026-09-14,63563817,2874903000,2669,1.547823673583123,1.151907009614703,1.9336979658216424,1.8540640420787835,0.7988788719815363,3.048674965950981,3.6654426853877,3.475479427245857,3.8641689452354275,0.0364076703062351,0.02749915333656391,0.04616264047465746,0.0428008019122631,0.011765099509362283,0.08553072594154919,0.0046713585277599,0.0024997892917270636,0.007066295846858136
2026-09-14,63563817,2874903000,2797,1.660845227699417,1.2581529560117999,2.103289703237472,1.273556605404187,0.5223661980411007,2.1826424818785353,3.6654426853877,3.479136726270358,3.8398753727810035,0.0250084290259448,0.018635550163347885,0.03115357364575264,0.0242456244589078,0.006639606537400502,0.04688296349553518,0.0032087562102599,0.0017213017878200342,0.004626006079507983
2026-09-14,63563817,2874903000,3163,1.7418212282998669,1.3444517283731403,2.1095719571322524,110.86554365677401,48.35413014976113,184.76449083445183,3.6654426853877,3.484544902138461,3.8549734700535763,2.177031682924914,1.7207764663318932,2.7000610741595863,1.904286660911146,0.532232214174306,3.7374439935513526,0.2793283786546847,0.15077933825195292,0.40244432181022005
2026-09-14,63563817,2874903000,3422,1.6129499536375782,1.2182497308454703,1.9498250387052196,1.764658361844751,0.7942425924739478,2.9390247190288945,3.6654426853877,3.472142914451798,3.8487881343596673,0.0346520391869261,0.02722815586187834,0.043578976010561675,0.0312709338279244,0.008608262464171165,0.05970321125923369,0.0044460987862878,0.0024167813584026034,0.0065346480656408605
2026-09-14,63563817,2874903000,3465,1.6078135086283878,1.2147281367212952,1.9845682330193903,0.48148157166987415,0.20294258637180151,0.7882376211551968,3.6654426853877,3.4871570580083904,3.86549997835351,0.0094547016295243,0.007262978398646086,0.011865911532646142,0.0091086380087111,0.00274035274069716,0.018711510212047415,0.0012131042912938,0.0006555416437697578,0.0017778742517522545
2026-09-14,63563817,2874903000,4527,1.7343159495288187,1.31054368990912,2.152128843347102,23.33931719435698,9.84121126683722,40.32526732789304,3.6654426853877,3.4837391281085446,3.8581670595103703,0.4583068040260747,0.3499226828355994,0.5746283910124113,0.6309797854027036,0.19056544673991616,1.2935215926150876,0.0588039657388069,0.030644988021754655,0.08930237414478442
2026-09-14,63563817,2874903000,4667,1.0593690469016785,0.7907210957482267,1.2940241553451821,2.974663969487952,1.2836575540057495,5.107466500434889,3.6654426853877,3.490705007768822,3.8409548624775756,0.058412537331519,0.04510338369744141,0.07381222251515607,0.0987257925089337,0.027698702137471665,0.19787468512944792,0.0074947367435636,0.003972377504865047,0.011391121356057627
2026-09-14,63563817,2874903000,4738,1.6438080440952507,1.2729870658776077,2.0177835766321106,0.8990645082292532,0.40633239646534103,1.5153595998859783,3.6654426853877,3.4778724539825436,3.848943873129359,0.017654645932806,0.01369567032695303,0.02170869823917697,0.0186721589587861,0.005455282221352259,0.04023304472467998,0.0022652144490188,0.0012056824923208501,0.00338359840455913
2026-09-14,63563817,2874903000,4798,1.394146129234068,1.0529493748997691,1.7403379331725144,29.516438993451565,12.192610311742758,51.952359303627006,3.6654426853877,3.4771771229274915,3.8462733675276635,0.5796049948106502,0.4382571804411117,0.7243611867955312,0.6281606584153704,0.18543448639292817,1.2552670564648005,0.0743673712837737,0.03940774815788049,0.10882213063105121
2026-09-14,63563817,2874903000,4836,1.582263600202883,1.1905918583603299,1.9464868798619333,0.7264715977854367,0.2986139186320617,1.2498877015424903,3.6654426853877,3.4686357081988715,3.873122370403074,0.0142654934342835,0.011048064047285222,0.018062370882941645,0.0137908120146817,0.0037558663183261468,0.02871187517690222,0.0018303624990674,0.0009865396665810165,0.0027214021034695354
2026-09-14,63563817,2874903000,4860,1.5103752619612614,1.1272561526786011,1.8849339540599728,11.915335080562057,4.841241677132378,20.092340996773185,3.6654426853877,3.4827680698461454,3.8518769420659598,0.2339776735624686,0.176435690669687,0.29502628920512297,0.5712587687373244,0.15307537641946872,1.0712678451745066,0.0300209706226189,0.015405263064565508,0.04550635069501841
2026-09-14,63563817,2874903000,5241,1.72139306827553,1.2960794403967657,2.11788359796273,1.4581598281380572,0.6342542230458127,2.477270590087594,3.6654426853877,3.4840068827389645,3.8488031606970985,0.0286334242355103,0.022001095331303337,0.035951252591260856,0.0301461691183506,0.00894180406734633,0.0595303344497065,0.003673868428176,0.0020203715937574217,0.005532661373973889
2026-09-14,63563817,2874903000,5351,1.6640724011225534,1.252208608578035,2.017754045883279,0.9562519704989197,0.42412626821056887,1.5941998174593586,3.6654426853877,3.4820870022419625,3.8598109200101414,0.0187776180765459,0.014700309726733694,0.02368743452461721,0.0249810213737505,0.006886733422767187,0.049374783567826964,0.002409299622719,0.0013035061023352217,0.0035537817663301103
2026-09-14,63563817,2874903000,5532,1.766290085488693,1.3317746667027113,2.2276577687143786,15.176056491010062,6.602026301621999,25.008516789939833,3.6654426853877,3.4724008149261447,3.8579422858804984,0.2980074305599501,0.22277944833076438,0.3726428984154622,0.5295999739549309,0.14897892500966445,1.0808970736172483,0.0382364359041027,0.01979852453574919,0.055286930288393224
2026-09-14,63563817,2874903000,6242,1.5989695575340521,1.2097355263552079,2.0048251547903355,1.0881029044124788,0.4598842228999445,1.8357505202124689,3.6654426853877,3.4795085804616224,3.851361696529489,0.0213667332433078,0.016091310078697112,0.026667199553191856,0.0207150073118729,0.005784458254088463,0.03958033978366779,0.0027415011921102,0.0014429141748027563,0.004061095165147683
2026-09-14,63563817,2874903000,6282,1.6471521764736798,1.2379564444725477,2.057440106062459,38.46972349144645,15.78758380947236,64.47233061720954,3.6654426853877,3.486058495810348,3.8516915184036824,0.7554178161387887,0.5704081313522482,0.9479981356876783,0.9376339749458072,0.25969713594688887,1.8493424519602226,0.0969253848916944,0.05071836843877595,0.1461702498475722
2026-09-14,63563817,4190988309,9,2.123844640735094,1.6160082107526867,2.594543741105223,16.201507971933786,6.851368553239962,28.696222147390802,3.902655245752652,3.710192626350488,4.094848777728959,0.1059434507046248,0.08293546316888777,0.13315502045116234,0.6288776136808278,0.19595613747946997,1.318219667289428,0.0135932850892855,0.007183567197497055,0.020431632229980314
2026-09-14,63563817,4190988309,2397,1.735078440948027,1.3033508719655356,2.1774212514717366,1.3155137054502437,0.5568175138993018,2.160328845997673,3.902655245752652,3.7256879189390646,4.079772702440319,0.0086022894687371,0.006482003094771208,0.010829007449618412,0.0822305214463531,0.02374280537533415,0.17032629853996206,0.0011037338541588,0.0005958792108833053,0.0016472932794742246
2026-09-14,63563817,4190988309,2478,1.9785152653837685,1.5178948408422135,2.4663266031702427,51.888847115715784,22.339201597337787,85.03976699781805,3.902655245752652,3.7159026625323155,4.103300664381483,0.3393069043972146,0.25823366378628815,0.4195867445447413,1.1360839995587195,0.2923838433608657,2.0104326888361976,0.0435354470102505,0.023726464742736774,0.06519094407647034
2026-09-14,63563817,4190988309,2941,1.7251638318384543,1.3264546963715829,2.1367842876498324,22.486403696548855,9.486944076242784,39.00224570864554,3.902655245752652,3.7310172552966665,4.089032220879388,0.1470410782549688,0.11234467865320331,0.18097520117185883,1.3421233124235,0.38135188328768077,2.776221070570563,0.0188663979062603,0.010185053254939538,0.02819756767265312
2026-09-14,63563817,4190988309,3617,1.8152277067855092,1.3781690082927625,2.199114433635572,0.9347257625834693,0.39733430712257606,1.6167335251688002,3.902655245752652,3.71813773260323,4.091054870316125,0.0061122750377405,0.004800995523208687,0.007660842088640072,0.0411501699737576,0.011144477837860626,0.0817421676453343,0.0007842476017113,0.0004210883430240668,0.0011654887973280032
2026-09-14,63563817,4190988309,4017,1.910989582756043,1.4263525108447919,2.3406988551177292,9.624045649628709,4.1457815768787905,15.771129461561006,3.902655245752652,3.7266823303653074,4.081806892745581,0.0629326978468165,0.04862031042910756,0.0797877982949524,0.2817686985110932,0.0807885214685327,0.5629992531832637,0.0080747049258826,0.00447486978022114,0.012169806481030283
2026-09-14,63563817,4190988309,4097,1.9825323255121632,1.4701666162074354,2.4749952583512975,18.91009559361014,7.8537782258243265,32.23462762605404,3.902655245752652,3.714586303309829,4.097777676318506,0.1236552044298538,0.09348768604362848,0.1573845749496363,2.187283956087995,0.6152609375764521,4.471113918015299,0.0158658268671581,0.008250149044039569,0.02345529419181845
2026-09-14,63563817,4190988309,4101,1.6540996222963684,1.2665977110145499,2.020149756329914,20.503361222913455,9.109712949918439,34.88441595140526,3.902655245752652,3.7155755642579265,4.106334689596757,0.1340737444169882,0.1040217904500785,0.16590871182169176,0.4427936235011872,0.12385271856435166,0.8230537378464979,0.0172025983553182,0.009316181733130613,0.025471493755620165
2026-09-14,63563817,4190988309,4135,1.8050064835577107,1.364249963596442,2.256856506235496,0.8784699483802838,0.3878909363305768,1.523246388140954,3.902655245752652,3.7191743980187053,4.080155870009221,0.0057444120530598,0.004367325643140956,0.007224795742395496,0.0386735758654763,0.010874858125332326,0.07425004093589557,0.0007370482100425,0.0004006294377656835,0.0011182544054938997
2026-09-14,63563817,4190988309,4177,1.7693056154411217,1.3355962630687515,2.206905008381158,348.237660095536,150.1121977311855,607.1656861972226,3.902655245752652,3.7118111310227095,4.093234438031972,2.27716453553192,1.7265873097761075,2.8529681772127318,17.728923338013214,5.125735268216191,37.59933897764879,0.2921761234018833,0.15665781053374184,0.4299556358024373
2026-09-14,63563817,4190988309,5374,2.2255842492649216,1.6760480325750104,2.725982807003274,33.45394433725583,14.146775459755165,56.06407022894008,3.902655245752652,3.715537355689847,4.105748228816238,0.2187590382888471,0.17012311357553495,0.27669414817920424,0.6294878666846523,0.1904426978755478,1.2796578976933781,0.0280683133647299,0.015076184529576132,0.04209606141781079
2026-09-14,63563817,4190988309,5649,1.8306641803142956,1.371759130630746,2.308841863843828,5.345903731836738,2.314654699937545,9.26449142386723,3.902655245752652,3.711751422386031,4.091443264718777,0.034957455161991,0.02605619928029876,0.04385577197965298,0.2137184879982242,0.05850395644828863,0.44934426050636644,0.004485285790225,0.002369952449126954,0.006583547188903175
2026-09-14,63563817,4190988309,6082,1.8307971544001773,1.403432653265607,2.2249574396586906,1.020557680279328,0.43072506855428466,1.7626516383638056,3.902655245752652,3.714079845622466,4.101383517943783,0.0066735394309715,0.00523955997207496,0.008306631538948355,0.0449288162288858,0.011655909996716078,0.0892158006525567,0.0008562617456429,0.0004735421040868862,0.0012633126727017495
2026-09-14,63563817,4190988309,6083,1.761225198935355,1.3268344541413895,2.173456912548452,13.126136944245244,5.378846047795145,22.72417024913949,3.902655245752652,3.716995335961492,4.0850197940474535,0.085833259762228,0.0652693093194363,0.10691600460662609,0.5135383807568248,0.16003320928528253,1.0152575262215655,0.011013007055468,0.005868041298557886,0.016336734298062736
2026-09-14,63563817,4190988309,6224,1.8324787900672714,1.4018912080098602,2.2797992404642216,1.8959440615209078,0.8255078820917325,3.3072849278199783,3.902655245752652,3.713721563233196,4.087743059572852,0.0123977876978134,0.009458838612839084,0.015382258596112487,0.0763597563758535,0.021598553796084892,0.15040896942707044,0.0015907228010032,0.0008674819302550169,0.0023170519514178764
2026-09-14,63563817,4190988309,6245,2.016772067884146,1.5255415131843033,2.4610313598412388,3.039750304377246,1.273211003645814,5.210848771760136,3.902655245752652,3.7260173283941014,4.0885044815402125,0.0198772630969931,0.015477562363207508,0.024968683332020906,0.2397027726632933,0.06549216016044945,0.4383151447056537,0.0025503917634841,0.0013337103565410529,0.003768529092296462
2026-09-14,63563817,4190988310,228,1.706099135120316,1.3095840566534127,2.127789599778304,0.8042032574437136,0.345299019337427,1.3961901368848828,3.788208106725203,3.611475562118477,3.9703844764628697,0.021101601459672,0.016000841360122704,0.025997896119072772,0.0374987820233064,0.010274592788836053,0.07662892073673432,0.0027074829314511,0.0014752424888761816,0.004109490285395062
2026-09-14,63563817,4190988310,925,1.7792976021513143,1.367427771808331,2.1500594372393094,18.16118593357294,7.776258737605525,31.625920726841287,3.788208106725203,3.597600787072727,3.977926580291706,0.4765338912247315,0.37592983582793027,0.5910889832175787,0.8154814239383842,0.22757506491753873,1.6472953777882964,0.0611426284026217,0.0325288119941191,0.09066596416110925
2026-09-14,63563817,4190988310,990,1.826357498545142,1.38939317585146,2.2984734866507472,2.054603124792728,0.9123350291351731,3.5054034905607354,3.788208106725203,3.607934659604107,3.9747446872486765,0.0539110180117709,0.04076326223324974,0.06743468444850577,0.1560882436662765,0.044699852570024096,0.32319786416903984,0.0069171603569036,0.003729911230799753,0.00967431110967487
2026-09-14,63563817,4190988310,1108,1.8219209759961448,1.3686332265481174,2.3057629502769004,0.2807816270017955,0.12145183713623137,0.47358435454212305,3.788208106725203,3.602302036921054,3.9616787579616735,0.0073674682803742,0.005507547654305283,0.00927865733870809,0.0158193484994004,0.00371409564219479,0.027249435230653728,0.0009452976663995,0.0004972973498803239,0.0014129465250342808
2026-09-14,63563817,4190988310,1186,1.745308689495333,1.3123807667310743,2.143352214316419,9.330285727597145,4.247894541283167,15.97008450595461,3.788208106725203,3.6049280087629176,3.972715644605508,0.2448186687958059,0.18829213112947368,0.3075142696476792,0.392359436589417,0.10893552975816677,0.8034730179903731,0.0314119460711079,0.016636122342138435,0.04651730365543837
2026-09-14,63563817,4190988310,1567,1.8172458848345017,1.3704236395015625,2.2542503077853704,59.78298127777593,25.727506374101683,100.4740547309431,3.788208106725203,3.593547821076586,4.012687856492425,1.5686539855665211,1.1904370146843324,1.9581769679450445,5.2946835556896605,1.4769830073415744,10.069042938795407,0.2012692685619578,0.10782070305556177,0.29910694125599613
2026-09-14,63563817,4190988310,1667,1.92682381470747,1.4655515225895244,2.406975672257516,14.361279994979261,6.230140497354703,24.698444386264317,3.788208106725203,3.610929020496436,3.9655656287012,0.3768276292091778,0.2875283770299605,0.47222759375303747,0.8545011458755328,0.25841885302935597,1.5886087027279563,0.0483496182094464,0.02566419585732565,0.07015406704879064
2026-09-14,63563817,4190988310,2123,1.8193296816060742,1.3794615421318732,2.2615987972668923,11.840506088442815,5.129943608840055,20.607857003149082,3.788208106725203,3.6128343889038783,3.980302772283365,0.3106846910236837,0.23740651499834117,0.389223093493276,0.7926679454431189,0.24011303918181595,1.6431196758512032,0.0398630170140111,0.021670352975627135,0.05973775674419182
2026-09-14,63563817,4190988310,2212,1.8352343346240187,1.3928714167407379,2.2280865806733092,0.5558782437884484,0.24092193327846537,0.9486827312249744,3.788208106725203,3.5968637435729867,3.982677059033716,0.0145857667846455,0.011433593990656694,0.018289570358170287,0.0296451378151768,0.008951220495388894,0.06138757640244204,0.0018714558080829,0.0009972204096433466,0.002821218196893793
2026-09-14,63563817,4190988310,2294,1.8359411511004822,1.3970065912395713,2.2915556084606847,1.0646204860964248,0.45204567719434463,1.8520943880642071,3.788208106725203,3.5973985365121357,4.006362085911163,0.0279347254508993,0.02130304867455675,0.03494403642098239,0.0519695374593186,0.015097909517843948,0.10433527394912563,0.0035842204913986,0.0019191846834778709,0.005256671946026385
2026-09-14,63563817,4190988310,2892,1.7486277128060146,1.3138215412171736,2.1157845668310133,25.069718054303465,10.844799518859139,43.74760994859504,3.788208106725203,3.605395020397994,3.971850701757207,0.6578078292915658,0.5160564440818629,0.8310594834463814,1.1354509217775484,0.3034594918212001,2.1729961085786575,0.0844013414520013,0.046098366961974765,0.1209789771074077
2026-09-14,63563817,4190988310,2980,1.8356192432852065,1.3761469729666096,2.28682204055533,0.3028498491298704,0.12519352514397725,0.5173302946027504,3.788208106725203,3.5994473204657185,3.9894820030402576,0.0079465194393441,0.006026493441026091,0.010014568428320766,0.0170626809080552,0.004856629580610421,0.035486547988363766,0.0010195939766745,0.0005547886401063921,0.0015388919785791883
2026-09-14,63563817,4190988310,2985,1.7843550348563013,1.3469080282931267,2.1714745877049335,198.95369077216753,86.85137169590675,334.9250425286781,3.788208106725203,3.6074569275209054,3.9644294898466925,5.220373646520498,4.068104136023657,6.558545336514511,8.537227334731266,2.476670999267727,17.41536694164792,0.6698104203495455,0.35539703692124003,0.9929892741007225
2026-09-14,63563817,4190988310,3169,1.8235218819738819,1.3742060441110895,2.2975111634421186,169.86644781185888,75.61001997237157,283.83851115203964,3.788208106725203,3.6032399752683273,3.9927238212583256,4.457149420769283,3.355862780878304,5.610608135018024,6.504854726573385,1.882267374856077,12.485166106892459,0.5718834185510986,0.3113322047829523,0.8153487087475446
2026-09-14,63563817,4190988310,3180,1.7535426336047693,1.3436420642698352,2.1880327816561325,0.6559721360874231,0.2821830127682463,1.0846386151326362,3.788208106725203,3.6043719516118133,3.9707981923664692,0.0172121443879321,0.013094718115214581,0.02132388471603811,0.0505797686909461,0.014903652192761298,0.098068137136027,0.002208438408481,0.0011395098518093788,0.0032853542392154603
2026-09-14,63563817,4190988310,3304,1.823289794762463,1.3765097087800133,2.2305820083165746,2.802464703018421,1.188833709279644,4.95050598145858,3.788208106725203,3.6032710783342874,3.9662284394276868,0.0735342622906893,0.05724866312173779,0.09276929731130659,0.1715465440790118,0.04473727800205793,0.3354332858094404,0.0094349597308708,0.005142632843328277,0.013791201730259032
2026-09-14,63563817,4190988310,3818,1.997963738752483,1.5304866536412869,2.492423745255909,0.8495254755807086,0.3497395345102635,1.4489408941989195,3.788208106725203,3.6023311395677236,3.970818974555238,0.0222908174638886,0.01698619631625365,0.027662308016336706,0.0609089967174248,0.017599943767063714,0.12316813517953684,0.002860067655382,0.0015437563958178376,0.004164589542856742
2026-09-14,63563817,4190988310,4048,1.6705219614387836,1.256567807825614,2.076683731357452,1.6621320304085578,0.715922575401661,2.79307412227282,3.788208106725203,3.6126459976656102,3.9652781472461007,0.043612914215896,0.033354094380192,0.0551230938291859,0.1835141560766993,0.054936710375501574,0.3648401751520816,0.0055958416737255,0.0029098646701559657,0.008305286486161972
2026-09-14,63563817,4190988310,4155,1.7577180135321853,1.31836309347891,2.16620232752156,0.9067585828476561,0.39046443898523303,1.5484818646451752,3.788208106725203,3.614311633702885,3.971305973091043,0.0237925649495736,0.018276615208462015,0.030030254158919616,0.0482289230313497,0.013824701158246813,0.09420415992614231,0.003052752352447,0.0016165275651273253,0.004604014211320217
2026-09-14,63563817,4190988310,4403,1.7241164541023835,1.31293157833598,2.1615241652232453,4.4197728054423235,1.9294830758010346,7.651318095316859,3.788208106725203,3.6001462477786146,3.974365967822876,0.1159710352071882,0.08818814133755126,0.14518715349114722,0.7659444596935533,0.2281903352478506,1.427644600785766,0.0148798942566636,0.00820204734054672,0.021894161869716093
2026-09-14,63563817,4190988310,4675,1.7523335321946387,1.3318098484137177,2.1639016830876163,3.8035511040223415,1.6282736697808913,6.404763464920768,3.788208106725203,3.5944148958745816,3.9826551847237637,0.0998019080197426,0.07702428847345455,0.1251477597527415,0.3298648630854076,0.09432738874981074,0.654939126185775,0.0128052822439149,0.007126469169503077,0.019326450842089053
2026-09-14,63563817,4190988310,4713,2.057520812398057,1.5607911673702504,2.507148717660522,0.6725951402779006,0.27743354783230156,1.1742531127866902,3.788208106725203,3.595052619186909,3.9847761854616253,0.017648317713821,0.013746977317749114,0.022082213223252028,0.0496598227584794,0.014147162655849543,0.10220929317901266,0.0022644024942995,0.0012273020778655608,0.0033176196857088677
2026-09-14,63563817,4190988310,4773,2.0063512330996733,1.5082117756709872,2.5552821763593574,30.35042506855478,13.901901943587253,51.52872254476524,3.788208106725203,3.6017925121476484,3.9638522692944567,0.7963690373053556,0.592676836476556,1.0041405199318425,1.3110637519878574,0.34635847809789894,2.6098907676294756,0.1021797127464999,0.05433332400634903,0.15419149812707456
2026-09-14,63563817,4190988310,4791,1.954787716423712,1.4835547011121264,2.363509710832942,3.7620823360636457,1.6556346800214092,6.418224046759139,3.788208106725203,3.6292739831487033,3.9930813976865385,0.0987138032323167,0.07769491882679073,0.12377900115719756,0.6314143953673741,0.19032392884103072,1.2833443698197604,0.012665670795693,0.006946023077888588,0.01863296518564233
2026-09-14,63563817,4190988310,4827,1.8354884322032352,1.4098882172938967,2.227883224149766,15.523771951423202,6.5241814287966555,26.271446028909192,3.788208106725203,3.594297877082843,3.9768271095414423,0.407330417823748,0.317317405408036,0.5014199818349813,1.3301681945699946,0.3866145569490428,2.608575709162555,0.052263339151122,0.02785025027915067,0.07780877461925081
2026-09-14,63563817,4190988310,5010,1.7621522146271442,1.3218050788350182,2.138380829239758,10.659066686238994,4.603647158973789,18.099456621204194,3.788208106725203,3.609228377308588,3.9686077564930797,0.2796847377366217,0.21855948463260763,0.35357967960146314,0.5180874865472647,0.1456477251854737,1.090931919767426,0.0358855063705224,0.019066543135704828,0.05379982013215218
2026-09-14,63563817,4190988310,5134,1.6722548448023589,1.279571677454117,2.059252048866953,29.768899617327715,12.60762514133055,50.404287112119945,3.788208106725203,3.6026167005481518,3.96587721988103,0.7811103098669028,0.5984939856918244,0.963173840110752,4.563079392456944,1.4174003057599238,9.177175080391514,0.1002219113836873,0.05324622475211158,0.14791156497244334
2026-09-14,63563817,4190988310,5267,1.695377181014303,1.2806189238181516,2.0538070080414688,19.35317515948327,8.580198937380837,32.55839750273223,3.788208106725203,3.6065683036728413,3.96576516910139,0.5078106628077453,0.39973309556288794,0.6410763924565286,1.1234596799768255,0.347513873341843,2.280391151599623,0.0651556567679684,0.03462591577618511,0.09920747062118467
2026-09-14,63563817,4190988310,5330,1.835800747787172,1.3807799996341663,2.289212552196825,19.58664920403315,8.691102887867233,33.57153606546636,3.788208106725203,3.5938974579683802,3.9798556851689217,0.5139368208326823,0.3896524211956359,0.646009656738413,4.034855721540209,1.1147990195279864,8.147020809777514,0.0659416856539554,0.034979782944734375,0.096626302916183
2026-09-14,63563817,4190988310,5418,1.9282698539606031,1.4473615343592872,2.433758582210844,2.327855762414663,1.0546084589994305,3.888576847057489,3.788208106725203,3.6047247402171534,3.9745069651795633,0.0610809320895012,0.04561807810341356,0.07670744702008998,0.3142793496362639,0.08603604134603877,0.6190432741564513,0.0078371104385373,0.004107673151074199,0.011714661497229398
2026-09-14,63563817,4190988310,5812,1.7690303904292568,1.3302045562372677,2.2347295549083297,0.9293763446085702,0.40102257507331524,1.5667552283150705,3.788208106725203,3.6071561051803336,3.9683115826658417,0.0243860355556312,0.0183212203555701,0.030779459085830716,0.049431922718083,0.013982835355171568,0.0932791855466741,0.0031288987785507,0.0016676592559755996,0.004663327545944671
2026-09-14,63563817,4190988310,5840,1.8515176023917457,1.3917742433738685,2.3091020879650377,0.5845280421257147,0.25520670216900654,0.9797715648435147,3.788208106725203,3.602725637188149,3.9740395481323056,0.0153375128399085,0.011602514156896518,0.019249809940718066,0.0311730393468089,0.008959506933261013,0.057464429858530855,0.0019679100803949,0.0010133501203116065,0.002987708699379867
2026-09-14,63563817,4190988310,6325,1.6774946528008465,1.2776218890174524,2.078974008554742,14.720733628839112,6.310127065849625,24.86612293714293,3.788208106725203,3.595407350006556,3.986750467778743,0.3862593832523679,0.2973442432318211,0.48384495433815283,0.7313429959561474,0.2045671797793702,1.438991089607866,0.0495597781650491,0.02684362157585271,0.0743382990778338
2026-09-14,63563817,4190988310,6352,1.8794552575573809,1.4089110953020392,2.365076678208987,11.04006413553844,4.890020981593359,18.6547960871505,3.788208106725203,3.60338633433454,3.963867780298712,0.2896817829585272,0.21621653285774212,0.362953111949762,1.6646546451513875,0.43904197805270373,3.2796924202541526,0.0371681971347747,0.01978728552443636,0.05497731412188772
2026-09-14,495403620,8878077181,1048,0.6597065295986726,0.4961708717585531,0.8343539371704589,16.06677121522345,11.085639659618385,22.243259719923323,1.2891178325496029,1.1125298093674008,1.4796278255884898,10.987392537117287,8.189927984543038,13.772067342097476,115.1798364785291,32.49887012002983,230.96911489972027,1.4097592456312489,0.7416878856685656,2.11577098467769
2026-09-14,495403620,8878077181,1607,1.1511191328889299,0.857347313016869,1.4702942767370342,8.375903975027075,5.719986213848577,11.663781804744156,1.2891178325496029,1.108530169123376,1.4868695705997617,5.727930247716769,4.257719973004865,7.301709835923682,58.29613287336683,16.43061404165883,126.03249522005763,0.7349334792373047,0.3923028625869202,1.0890406865765172
2026-09-14,495403620,8878077181,3989,0.7871409105868141,0.5938005184688235,0.9916799634628523,330.9574688954426,227.40580755446734,457.45417131282204,1.2891178325496029,1.0960681850761147,1.4687658984103482,226.327964413878,170.07179925298533,284.0298759564311,2232.5126478059155,628.604630635054,4174.613244445492,29.039459480445323,15.232615823170509,43.10319872705571
2026-09-14,495403620,8878077181,5778,1.0679362026593566,0.8011283777144241,1.3066251610244013,243.93794571543498,169.40012095262477,343.54021153174654,1.2891178325496029,1.110692668846791,1.4759243768249166,166.81895375057883,129.85122077647603,211.78487280199136,1760.3532165881018,508.8861151967158,3427.074319786947,21.404037545937346,11.824763512197224,31.33157694549596
2026-09-14,495403620,9628223555,104,1.5164776159373676,1.137662503112659,1.8418099801839032,7.752845302315282,3.3007582874170702,13.293732212406663,3.7764386958641,3.5868130423273468,3.962229784512766,0.0981949673605668,0.0762495799905334,0.12344326544500486,0.1281109843846191,0.03799227421626123,0.24436364180593312,0.0125991005275704,0.006696155203691775,0.018437519038364405
2026-09-14,495403620,9628223555,235,1.5161031491161425,1.1425722418942958,1.8841138850892694,1.7036387297671338,0.7362297990762487,2.891998973092498,3.7764386958641,3.605999737495775,3.9524919979689,0.0215777231378166,0.016544045653387445,0.02728133235558323,0.0409002857867075,0.01031360336068639,0.07983123212197438,0.0027685726700348,0.0014932152086037265,0.004046925957972182
2026-09-14,495403620,9628223555,400,1.5368398359289848,1.1667908503843283,1.8718013727616036,2.8853726113899927,1.2688375098602014,4.980600938756178,3.7764386958641,3.5818495777896864,3.9612714567246803,0.0365451725592798,0.028402896306659136,0.04556479019328804,0.0555709182298615,0.015526398775737919,0.11445287814299909,0.0046890010277316,0.002507579298781269,0.006829763508394136
2026-09-14,495403620,9628223555,444,1.7241851098295078,1.2836173182255592,2.1164566127949183,370.06097611757366,157.66180281032598,622.3968772311798,3.7764386958641,3.585920120213092,3.9714233053441346,4.6870695924285695,3.6106974040913133,5.953397705987994,42.53019564959293,12.710007716502593,85.58192467458159,0.6013837833245268,0.31546383791616067,0.8986410391674416
2026-09-14,495403620,9628223555,665,1.6243683810636116,1.2247709538631841,1.9842032715249123,30.696369465386905,13.567702302572242,52.78985268381282,3.7764386958641,3.590529708358651,3.967241683092336,0.3887900351683024,0.3010429589089009,0.4877078624803075,0.4827379041920026,0.12465683160358736,0.9515534664007013,0.0498844784908008,0.026375012984936764,0.0762628103898446
2026-09-14,495403620,9628223555,700,1.3084122644004266,1.0010376608389011,1.5873114301930846,4.775139997843538,2.0785452233139545,8.079173111269517,3.7764386958641,3.584842155231419,3.9742220586128916,0.0604803395329395,0.04737305057100905,0.07511783781587324,0.1037365614894935,0.031048327347423302,0.2087720222561815,0.0077600502164136,0.004209802717105781,0.011562904995686317
2026-09-14,495403620,9628223555,859,1.768111778619479,1.3184198248615333,2.148717178286756,1.0139842890714466,0.4324479405382036,1.795878940322921,3.7764386958641,3.6014389547354884,3.9669762604277596,0.0128427887165198,0.01005361160921812,0.016385035011199756,0.0344622385700345,0.009847966117784128,0.0654191236108372,0.0016478195415008,0.0009159187130864636,0.002406567526077563
2026-09-14,495403620,9628223555,875,1.325760169967728,1.0038385552144258,1.6268240383196837,44.118715667045954,19.345781377850713,74.29087284573602,3.7764386958641,3.5931555540058073,3.96702074840548,0.5587930206245624,0.4335493879353296,0.7026111967318254,0.6542410836037643,0.17973986124041186,1.2840595708558435,0.0716970495555237,0.0387357762446631,0.10640829874073675
2026-09-14,495403620,9628223555,1018,1.638650255971046,1.2425083271451773,1.9985425775049979,3.498307007286965,1.5217686074089793,6.013269801316258,3.7764386958641,3.5919901924909072,3.9631886275280346,0.0443083963374323,0.034602712122179115,0.05565756942025151,0.1650643799244753,0.04670710078731092,0.2970272465561643,0.0056850768901515,0.003108209281609989,0.008294606706055892
2026-09-14,495403620,9628223555,1092,1.3342448727590688,1.0036684549554222,1.6320310645994651,1.0256717734553937,0.4373097434543512,1.763005431933086,3.7764386958641,3.6000741279096404,3.9556873595752235,0.0129908185175615,0.010057977658465663,0.01635493464462068,0.0265170925427773,0.007237967720620669,0.05158128261878966,0.0016668127994501,0.0008759398644261638,0.0025956698713959048
2026-09-14,495403620,9628223555,1164,1.5681906242279404,1.172176722359075,1.9081905026434067,0.6597466364010879,0.2870892378178643,1.1259949819421338,3.7764386958641,3.599145549622177,3.951542120251789,0.0083561320910533,0.006491800513718387,0.010568024299614356,0.0403487424665604,0.01147845607094919,0.07887692967146885,0.0010721501423821,0.0005767332367154636,0.0015836852559227503
2026-09-14,495403620,9628223555,1257,1.5216698583869377,1.1552668224525042,1.8631569677755213,7.7817971475577865,3.3837150303182044,13.150798254441435,3.7764386958641,3.5860574038888458,3.953842346027567,0.0985616618305012,0.0758464022988582,0.12232131106661907,0.1515107124660025,0.043526641448638506,0.304283708735343,0.0126461499906314,0.006603952549943212,0.019127582896977312
2026-09-14,495403620,9628223555,1316,0.7978885548333043,0.601064657666805,0.9730486258934066,3.159483945884965,1.4238469754731582,5.351342532839785,3.7764386958641,3.602163243565368,3.961030486430099,0.0400169758127069,0.031118272719338896,0.0503765977977601,0.0140152507992597,0.003795587747315686,0.026638287193254367,0.0051344576471249,0.002816873200979559,0.0076019509712957
2026-09-14,495403620,9628223555,1318,1.3785818585626912,1.037911672180761,1.6950951562438934,55.25905012469935,23.750736805283204,94.44463357607523,3.7764386958641,3.587426863229332,3.9669062596455746,0.6998928021626238,0.5387914582636713,0.8799415078393884,0.7724952033799931,0.19562583542362838,1.3995615426206398,0.0898011375734822,0.050909085272915044,0.13322605262444223
2026-09-14,495403620,9628223555,1655,1.5577925082915944,1.1701838688557213,1.9427121519236568,34.71431341764714,14.598633350629777,58.04029677154941,3.7764386958641,3.5940527039942185,3.9572676361719057,0.4396799807126764,0.33347787060196066,0.5536327142957196,0.4910783340959763,0.12827353756150953,0.9808629745184088,0.0564140141379976,0.029949829161390926,0.08315788056458187
2026-09-14,495403620,9628223555,1666,1.5409397864451417,1.1699552435434002,1.8877819052910974,0.5891630363914208,0.2563659733541707,0.9901055838602643,3.7764386958641,3.587735446523149,3.955844567579662,0.0074621436224493,0.005763594436102317,0.009299846495633278,0.0202975574315741,0.005903425730745526,0.04288919227161834,0.0009574451744068,0.0005078403874182361,0.0014245295119922703
2026-09-14,495403620,9628223555,1676,1.7190580726724731,1.3019934295535993,2.1440729360038326,8.770454676301245,3.9170920824442765,14.601721482549022,3.7764386958641,3.5830874881596206,3.961657451345241,0.111083670200351,0.08388445622127881,0.13813771118423152,0.3148932114278513,0.09100849604967283,0.6077919182153804,0.0142528111719474,0.007780867180926867,0.020826420088380433
2026-09-14,495403620,9628223555,1735,1.3192726255620582,0.9881043526541917,1.6846134254206768,2.6387760486031646,1.127987807641555,4.499960693420083,3.7764386958641,3.5929787298686295,3.962266169544099,0.0334218622790077,0.024557317139339545,0.041867628691362374,0.0455093191483431,0.012909147493421008,0.09515395496038083,0.0042882584921651,0.0021941269057265426,0.006397662021835449
2026-09-14,495403620,9628223555,1802,1.8225384664797213,1.3785111083751995,2.285450928802097,6.658916231720059,2.961201150195112,11.224187012352967,3.7764386958641,3.5918066935235626,3.9664659564821245,0.0843396245550301,0.06318382567853956,0.10475326038720946,0.251876294658518,0.0743438970563336,0.5454779118058778,0.0108213632204239,0.005810362994363916,0.015962499518139012
2026-09-14,495403620,9628223555,2176,1.6722491543391766,1.2601117578649823,2.0880497680409107,0.592649632411467,0.25990780477275605,0.9978079241256146,3.7764386958641,3.5817171238040664,3.9648140479484386,0.0075063036913063,0.005696758924895016,0.009439731101204883,0.0210182391089063,0.005322086199020191,0.04121278717881934,0.0009631112198446,0.0005104126122400684,0.0014546912395973415
2026-09-14,495403620,9628223555,2226,1.321300307447649,1.0112373241643613,1.6192810328246516,1.8483230361119198,0.780307669261609,3.193842837879496,3.7764386958641,3.5989873388113005,3.968871483807669,0.0234102465772911,0.01821286958201728,0.029163977729420018,0.0439598528729968,0.013182946768610402,0.08166403335250282,0.0030036982335303,0.001635318493280885,0.0044657124407592
2026-09-14,495403620,9628223555,2541,1.0961719791074556,0.8465817088845817,1.3118247318714675,1104.6370887970143,470.19512144040067,1866.7907538425102,3.7764386958641,3.5982767667113835,3.9639663605245623,13.99096701275612,11.16240960085025,17.296765129697878,40.88966974958829,11.219344720127193,80.59430742210313,1.7951388407143982,0.9667069570387551,2.6108347243304117
2026-09-14,495403620,9628223555,2584,0.8050171264367675,0.6032362030525261,0.9726183407637722,8.04412131845928,3.4251114568743253,13.859741377716995,3.7764386958641,3.5898971331329292,3.9714999706575136,0.1018841727790774,0.08011142646806843,0.12916634656885698,0.0775079738368187,0.02281843396081337,0.15447494761514347,0.0130724513640139,0.00687862982235685,0.019463318020207
2026-09-14,495403620,9628223555,2633,1.588609264905095,1.197722663380782,1.9315867556149233,2.1165293155382785,0.8991583419006428,3.5232822982572998,3.7764386958641,3.5898019802656664,3.965156405406279,0.0268072583616363,0.0207875779644694,0.03352446397243817,0.0688417964394937,0.020430111737147514,0.14253865942633678,0.0034395585847757,0.0018186474164040472,0.005015963829177064
2026-09-14,495403620,9628223555,2723,1.3502839178465817,1.0328459398553864,1.6278703105878554,14.061481628372157,6.294790561730849,24.153797529873962,3.7764386958641,3.5977654041942246,3.959848851255795,0.1780980628011327,0.14014408896582958,0.22088134621877828,0.3899307335303543,0.11085003284642217,0.7731301763839452,0.022851226058843,0.01182158284036034,0.03472172568958372
2026-09-14,495403620,9628223555,2748,1.4181773358715406,1.0641262650653969,1.7911176141948377,1.6937156539181448,0.7037511393870716,2.956569455329481,3.7764386958641,3.5871133125736816,3.9552815526982226,0.0214520407501109,0.01608514400040557,0.027074263234334955,0.0937506267563176,0.024225346970644532,0.17118656963070236,0.0027524467413868,0.0014675751763237905,0.004203386249202451
2026-09-14,495403620,9628223555,2780,1.6106275477332654,1.2130132796456117,1.9931020541155036,3.3175497719964198,1.4532691408137846,5.6518314846498585,3.7764386958641,3.5923872455264,3.961829782448104,0.0420189851435522,0.032303425931050136,0.05307766672595516,0.1165027660049732,0.03359414838241147,0.20969589008980719,0.0053913294349003,0.002874552582363845,0.007949075591577844
2026-09-14,495403620,9628223555,2843,1.5755085877380715,1.1920759708774575,1.9562606519659635,5.338865850101125,2.26553187379422,9.25627789337579,3.7764386958641,3.5852300425408625,3.968556519131644,0.0676203042174161,0.051911676381155895,0.08518984726056984,0.0958351162445121,0.028284654443292517,0.19128522254821395,0.0086761575815977,0.004713832206312098,0.012831606202793774
2026-09-14,495403620,9628223555,2874,2.083429544195301,1.5735340354967877,2.5464563442430497,145.6788378850386,64.90628820246545,244.38516303027185,3.7764386958641,3.587481525134344,3.9786445523412595,1.8451198461260017,1.438157080798463,2.3273753159916626,9.872687857408549,3.050772913991146,19.432038125596957,0.2367417704961961,0.12432307343261702,0.35672467283685144
2026-09-14,495403620,9628223555,2993,1.5909549105486314,1.2057311881770494,1.991964842055604,0.7784026377738515,0.3317217592599987,1.3176897393890572,3.7764386958641,3.592147717395588,3.9518069403602953,0.0098589896520644,0.007466267180477974,0.012334873706941052,0.0198900451938673,0.005635974546559773,0.041027785155354185,0.0012649772698689,0.0006776557967095833,0.0019437718801945387
2026-09-14,495403620,9628223555,2996,1.618695198754277,1.2286092957078965,1.953731021562258,2.5790688215170157,1.109787814267332,4.485612601402514,3.7764386958641,3.586439751114874,3.9670828930414186,0.0326656303426935,0.025558045224976764,0.040642318633492734,0.1911510527225056,0.05904401010381852,0.3666011717511112,0.0041912286499656,0.0022085112224765296,0.006189218575983434
2026-09-14,495403620,9628223555,2997,1.6594859569624483,1.2619347525039615,2.052131806349442,6.223408792833056,2.7081798564778894,10.635489614292275,3.7764386958641,3.590203360512818,3.975046523536786,0.0788236317705459,0.0605896579163468,0.09852962991886317,0.1485146148490488,0.04407033274620191,0.2975260158462233,0.0101136227988005,0.005387348711810133,0.014859089184090297
2026-09-14,495403620,9628223555,3008,1.2398729376320292,0.9229165343502761,1.538223420737352,2.0449135420497293,0.8828561379924655,3.508449868326006,3.7764386958641,3.5896245711391734,3.957629775527771,0.0259001967260701,0.0197011675484382,0.03283586276333056,0.0949958274709129,0.027760411858370377,0.19639626749080613,0.00332317623812,0.001796675586650254,0.00489221029897532
2026-09-14,495403620,9628223555,3165,1.355658460789936,1.0335575281340639,1.6834507866605257,2.2009834988445043,0.9419541717643308,3.9104545648898767,3.7764386958641,3.596582314548783,3.9563593432883764,0.0278769270380823,0.021258779362846977,0.034626136272742455,0.0399423406836256,0.011124681200214133,0.07995965068528046,0.0035768045511219,0.001846355215568503,0.005263631699017712
2026-09-14,495403620,9628223555,3327,1.6622295728635499,1.2555848095060378,2.05274321430626,0.7416665417462202,0.32528166648510676,1.2502581931531667,3.7764386958641,3.590529256186901,3.9659957284718077,0.0093937024433398,0.007238604745812566,0.011834323464663087,0.0368597306671294,0.01094970873998613,0.07308246491535257,0.0012052776694261,0.0006604412442997205,0.0017700411094152102
2026-09-14,495403620,9628223555,3379,1.6121717252178533,1.233862592104966,2.054222542340464,1.100981102862619,0.4705962338010889,1.904743650691615,3.7764386958641,3.604075188723898,3.9585928658324194,0.0139446615074223,0.010422494622472652,0.017352113223872017,0.046835507546899,0.013327157715930403,0.09008178153371953,0.0017891975207836,0.0009808069256713695,0.0026192362904686405
2026-09-14,495403620,9628223555,3393,1.9588953353619705,1.4597115489985462,2.4280295968082273,8.50356182711568,3.595828682151243,15.019389544953519,3.7764386958641,3.586052519929931,3.9589626693491193,0.1077032938878353,0.08177310105391747,0.1360183184316642,0.2385802666345384,0.06881921324442863,0.45351333085430834,0.0138190852679913,0.007330140003845774,0.021004771243993903
2026-09-14,495403620,9628223555,3575,2.1867184475646835,1.6470385062463946,2.693983826317985,4.09222972148118,1.7027620203990281,6.871824547062033,3.7764386958641,3.58916859371427,3.957868700064261,0.0518308244603801,0.03996777118005909,0.06537332448981975,0.1648632989247691,0.04740560168212307,0.33003613089981537,0.006650256987258,0.003555797524091179,0.009862356341164814
2026-09-14,495403620,9628223555,3923,1.3796282445720842,1.0457532334143054,1.693106321505397,0.5981539754161346,0.25362277798220795,1.016508466532501,3.7764386958641,3.596542755538486,3.9634089423512293,0.0075760198742828,0.005807501612440376,0.0094025226919265,0.0548113218882289,0.01514921106564218,0.11391863251354498,0.0009720562933176,0.0005263379025230533,0.001428428323964205
2026-09-14,495403620,9628223555,3989,1.7029473434474156,1.307613154887341,2.0638874873066575,3.477371055622202,1.5179531339679855,5.966961168489922,3.7764386958641,3.6025858356974623,3.9819653621569198,0.0440432285170748,0.034567390419081634,0.05456028924463302,0.2669896864369554,0.07384178700673484,0.5366239150402163,0.0056510540057292,0.003087882312488587,0.0083732890666417
2026-09-14,495403620,9628223555,4002,1.6183117602819028,1.2206407591200559,2.0356565166199423,0.9053203377471082,0.38462007385451435,1.5243856161637264,3.7764386958641,3.5878399133880454,3.958030630126821,0.0114664871475491,0.00864029757515876,0.014409399090079445,0.037794189205492,0.01140783643994069,0.0717161178001357,0.0014712304322032,0.0007761773217920772,0.002216238139931642
2026-09-14,495403620,9628223555,4016,1.727693675009642,1.297459116676666,2.160990416623134,1.5732018752208565,0.6706693718529028,2.6511516126949846,3.7764386958641,3.6020767526047597,3.9585526575750745,0.019925653197641,0.01501114534126435,0.025001894985774386,0.0446342669459924,0.013030385577475278,0.09177013908873305,0.0025566005515614,0.0013513154921089303,0.0038945107856287135
2026-09-14,495403620,9628223555,4047,1.5785290278737094,1.2087721243086886,1.9357510595740093,1.8021554277377,0.7918438275220456,3.0673882766914464,3.7764386958641,3.594621521630945,3.9681819673938166,0.0228255029611547,0.01773563723431998,0.028402144690462063,0.0391153443157752,0.010588703453033093,0.08154412003319297,0.0029286715412202,0.001617256219415324,0.004239228758518683
2026-09-14,495403620,9628223555,4188,2.2139974906855677,1.6759816004168082,2.7384061059535028,38.666391822437355,15.954431336528513,69.58835884158354,3.7764386958641,3.598229381336973,3.954856122689567,0.4897356950771669,0.3770335914063301,0.6160388456549598,1.8906915871547243,0.524430290761877,3.6419111949088556,0.0628365120949635,0.0337874229702686,0.09304453721271068
2026-09-14,495403620,9628223555,4189,1.51883430640055,1.1424581977552013,1.8435292166938655,0.7139034236701063,0.3078252403971329,1.2283038768955508,3.7764386958641,3.5873967729790244,3.9629637946585987,0.0090420639974524,0.007072262102268846,0.011412168602367781,0.0202076024208739,0.0056406872804812686,0.039953226840759457,0.0011601599994663,0.0006480220841762123,0.0017286970233575717
2026-09-14,495403620,9628223555,4321,1.572743874208789,1.1951679024599018,1.919165758504063,3.1674140963577577,1.332072643396337,5.4949413561431,3.7764386958641,3.5938684872582454,3.9563152908569053,0.0401174164685533,0.03119420969047159,0.050090752084565156,0.1751801719202101,0.05058028244914536,0.3732179535996405,0.0051473448851788,0.002782327076959545,0.007786475994822326
2026-09-14,495403620,9628223555,4560,1.6948477882609696,1.295294654151308,2.04510435162065,0.5037063541189435,0.2162374414900166,0.8688761136843193,3.7764386958641,3.5855089771522963,3.9609156443743676,0.0063797776265765,0.005046511443459068,0.00796779518887442,0.0161095014702992,0.004293245231173504,0.029392831254698614,0.0008185700532455,0.0004372252638610566,0.0012182364361684032
2026-09-14,495403620,9628223555,4634,2.122151895712914,1.6193773677320815,2.628289472750591,9.875796847311678,4.184577614053258,17.12273367358487,3.7764386958641,3.603366131534306,3.9538492378278534,0.1250835675505811,0.09611178419282611,0.15599182158395986,0.5094502557573892,0.14438200284822272,1.0366484254927653,0.0160490958373675,0.008579165300482573,0.02404347088901038
2026-09-14,495403620,9628223555,4865,1.3366030593059905,1.0169669049658678,1.6273881249535773,2.589523240107109,1.1084754184297063,4.443799921327343,3.7764386958641,3.5940206367014387,3.9578610106696934,0.0327980425413377,0.02561548712121738,0.04099089838611624,0.040836524890114,0.011052796113962458,0.08089785694019276,0.0042082180603869,0.0022710590729058296,0.006226870814991808
2026-09-14,495403620,9628223555,4888,1.5085792277875503,1.131430528656023,1.900766400364596,1.2221079896096285,0.5069626562773898,2.0778603984016093,3.7764386958641,3.603648134751045,3.9636113023364303,0.0154788144831121,0.011568644092326191,0.01943494341351264,0.0366034864265464,0.010878024872616625,0.0763200087586271,0.0019860400686752,0.0010412378645937206,0.002929438639920897
2026-09-14,495403620,9628223555,5249,2.166952674225049,1.6318241556831503,2.6491069156207434,9.577572338648345,4.046012404687599,16.369520719073464,3.7764386958641,3.581971577189631,3.977942250495009,0.1213063548302948,0.0935455041930062,0.1518618855677759,0.1247736899153441,0.0343381975231797,0.2542294655430735,0.0155644530490853,0.008172010249771863,0.0225898460996997
2026-09-14,495403620,9628223555,5436,1.526517240071381,1.161924726233499,1.9263317773062558,0.6254535095603796,0.2735827881109349,1.0473413152380473,3.7764386958641,3.590360646341083,3.9676855009236527,0.0079217867198372,0.005942735216503066,0.009852341923022572,0.0205217324802517,0.005775899733860711,0.03982031727283907,0.0010164205959223,0.0005624460931219508,0.00149867883387009
2026-09-14,495403620,9628223555,5702,1.5749341001101498,1.1831727544147668,1.9239209580756822,0.8129097086217867,0.3376797652297941,1.3749515853172907,3.7764386958641,3.6029978576594393,3.960911190409877,0.0102960447671213,0.007985441448043338,0.01298488138397456,0.0271993239543032,0.007964704758990127,0.055710955047163245,0.0013210544953999,0.000707570023594584,0.002006740639595637
2026-09-14,495403620,9628223555,5911,1.6814054140630093,1.2792002356611833,2.098508557421034,0.9716335538956437,0.39653124211499485,1.7011573378394425,3.7764386958641,3.585171064385009,3.9516984149397056,0.0123063883504449,0.0093244748565819,0.015296625555667827,0.0607450278981894,0.017435385133701815,0.1175218420291978,0.0015789956260104,0.0008532011391516481,0.0023082017020958196
2026-09-14,495403620,9628223555,5964,2.1607085201383374,1.6132939281779555,2.734759335991297,45.84684716486096,19.892416056376913,77.97531506160895,3.7764386958641,3.6002825048998184,3.9592484377833586,0.5806809610394233,0.4366232778869002,0.7401376554245678,0.8464636443637834,0.2291022853390694,1.5451873530911127,0.0745054252700926,0.03960407650731042,0.11247488220553023
2026-09-14,495403620,9628223555,6159,2.0390522286587816,1.528656364767975,2.500746990829444,1.1815526647270074,0.5015240321853357,2.0908000811813254,3.7764386958641,3.5828580877212577,3.965824982861844,0.0149651541883611,0.011573026015041633,0.01893248263268947,0.0473193984260204,0.013562477378181984,0.09172848011950273,0.00192013386325,0.000989724867325743,0.0028848266058644203
2026-09-14,495403620,9628223555,6229,1.4490950213719769,1.1072073535950573,1.755331282120244,0.7451783871570989,0.32711242384387706,1.2518753066506867,3.7764386958641,3.592835472698243,3.970420416332392,0.0094381823126071,0.007346022754952361,0.011646150559844488,0.0345065275540223,0.009957547566293062,0.07086001918189627,0.0012109847474915,0.0006376632708283819,0.00175126185370653
2026-09-14,495403620,9628223555,6261,1.4364118604268605,1.0745204225970926,1.7807126195759386,735.3069054184956,299.03008864609683,1260.2671670642271,3.7764386958641,3.5878544143877003,3.9697988036551672,9.31315339879231,7.107413898685356,11.778526904935228,7.440414725769337,2.1419184920103946,14.056393739298416,1.19494266411039,0.6461721851834216,1.7961710246225582
2026-09-14,495403620,9628223555,6298,2.0865617635651463,1.5737867775726124,2.572649053626884,53.06678363348607,22.740157562232874,91.27522373831152,3.7764386958641,3.602322461790627,3.954771668121125,0.6721262818521947,0.5169788336377811,0.8450986665136111,1.3321729029383582,0.3538083938309568,2.5086790338564517,0.0862384989770727,0.04545549109513193,0.12506670792354505
2026-09-14,495403620,9628223555,6360,1.8689706715121448,1.4132922949837825,2.2909409396622893,320.72869278074603,137.9429093424788,566.8025353436764,3.7764386958641,3.5910352166510577,3.9664224018508873,4.062243252783255,3.1463015465760193,5.100142744336388,10.389155014745748,3.104019287824729,21.155662721120613,0.521214197478455,0.2871229343185229,0.7759623878406747
2026-09-14,495403620,9628223555,6377,1.2763945224438282,0.9695070112765084,1.5643546403545487,0.8836231379869433,0.37969221398692216,1.5336213515028487,3.7764386958641,3.5967771672369557,3.9638080646159906,0.0111916776112839,0.008629612951043803,0.013924382779046493,0.1375881804207263,0.04022024539836749,0.3093011512343394,0.0014359704482507,0.0007658562029556746,0.0021057111880421046
2026-09-14,495403620,9628223555,6474,1.864659121193623,1.4101271029197142,2.321540481843158,3.5944062926915445,1.568343113100457,6.3265070707973905,3.7764386958641,3.588059471662814,3.9591328148601024,0.0455255580149468,0.03464777784969041,0.057041821774377055,0.1133880972455091,0.03167119925139507,0.2296912684258547,0.0058412472392591,0.003001442718049154,0.008781199318837982
2026-09-14,495403620,9628223555,6500,1.5865864091439716,1.2035359373825658,1.923750295098846,4.09557850191469,1.7697043992394872,6.951280570214804,3.7764386958641,3.588663470103184,3.9642738888362947,0.0518732390027247,0.04079706564262783,0.06521073016151971,0.2152171186871369,0.06537694083472174,0.42187002037360993,0.0066556990694461,0.0036718390773591127,0.009741603019336095
2026-09-14,495403620,9628223555,6504,1.5735992963015661,1.186336827055947,1.9403863113566957,1.3028941881911946,0.5652388351395353,2.2649800875025843,3.7764386958641,3.5837049736989828,3.963255041095835,0.0165020256815262,0.012669797685920556,0.02072283228035217,0.036596353973169,0.009753104052835202,0.0719831206143782,0.0021173252159314,0.0011363875994985764,0.003099421427697044
2026-09-14,495403620,9628223555,6538,1.4500387014072031,1.1126926799268748,1.7817401602114622,0.8817724242733499,0.37178975772917106,1.5454701942751923,3.7764386958641,3.5929967504627087,3.955573283541781,0.0111682370851785,0.008651721443038642,0.013853863629213854,0.0500183106632351,0.015200750942431614,0.09955444289259208,0.0014329628649422,0.0007504461833263153,0.002145592501051464
2026-09-14,495403620,9628223555,6574,1.5287503728059912,1.1455440479449706,1.9323473061575007,2.0565988049264075,0.8898591513709658,3.476501493794572,3.7764386958641,3.5824552452451788,3.989222103319699,0.0260481983902375,0.01942138960314819,0.03276073927388736,0.107462308195161,0.031296003185191594,0.22609250271699433,0.0033421658859117,0.0017548179608108064,0.005132582640144216
2026-09-14,495403620,9628223555,6617,1.5464734788021874,1.1701564905395307,1.9509849445290068,11.490894923863435,5.090315893551418,19.73690988989693,3.7764386958641,3.5909311182640025,3.958156107150997,0.145539864139364,0.10930615876835516,0.18224457378479633,0.1919241358132167,0.05104746680067164,0.3833325401891244,0.018673781644304,0.009987183855657085,0.028086557010127456
2026-09-14,495817671,9630806627,110,2.050681169281167,1.5349432675375547,2.5079537638172376,30.309876903002024,12.433607976225167,51.67481382738293,3.740683497144636,3.5587089229084516,3.9255528203726504,0.3347904444066547,0.2584130798521033,0.4222228078008299,0.7661963782972635,0.21608706254387633,1.5751294835534986,0.0429559536311156,0.023351087846330033,0.06578988281471922
2026-09-14,495817671,9630806627,235,1.706463643933822,1.288168256262871,2.0882380562692866,1.5887993535482903,0.6809029159362068,2.758285776634423,3.740683497144636,3.558583152472733,3.914732777008735,0.0175492247411521,0.01355199203281209,0.021968698821220125,0.0326281540347878,0.008586799474189544,0.06636593162855128,0.0022516881734154,0.0011928517041545981,0.0033665743645549372
2026-09-14,495817671,9630806627,299,1.6773135893615014,1.2623935537236166,2.098440761141189,1.580244225655854,0.6519311180818661,2.711127353955235,3.740683497144636,3.5582264657495832,3.9260345265303407,0.0174547283141877,0.013170779271832184,0.02189342926021492,0.035301866428897,0.010582316667195,0.06803285689475552,0.0022395636214671,0.0011588852470644255,0.003251441456401416
2026-09-14,495817671,9630806627,308,1.4712358223008881,1.1065391502045452,1.833150239573069,1.2354957418003283,0.5277056823382716,2.047446893864966,3.740683497144636,3.553769311779821,3.928718550534084,0.0136467782361364,0.010361736659359494,0.017165791229335838,0.0233844978133211,0.006163124000087618,0.045609364485931246,0.001750977015382,0.0009397660023803219,0.0026033779413072024
2026-09-14,495817671,9630806627,353,1.568857029333732,1.2028021211663389,1.942815983873294,41.23003984914844,17.525961553200105,70.81988668273574,3.740683497144636,3.5800907342853234,3.911789898673608,0.4554100766616223,0.34587285100449394,0.5586682060950812,0.4423322631934636,0.12565981692128336,0.8741030736182799,0.0584322953747679,0.030850758380464957,0.0875853111350303
2026-09-14,495817671,9630806627,444,1.6683094587111398,1.2512193029375211,2.119903161039797,3.16796329066949,1.3084903134292172,5.50358131325105,3.740683497144636,3.5601388717425677,3.9292203147674156,0.0349920206321313,0.026004750868167247,0.0440590657753247,0.1623769319152927,0.0456512880523599,0.3294021549262953,0.0044897207815976,0.002461403809901071,0.006696543299768012
2026-09-14,495817671,9630806627,505,1.6311822366050854,1.2258928790206944,2.0262416582815215,1.7191847267768101,0.7194121637961836,2.866361601234968,3.740683497144636,3.559472649546381,3.9199583210077495,0.0189894079918792,0.014358891302953907,0.023733378450884014,0.027397224651543,0.007551584925785488,0.052939699340151615,0.0024364737489063,0.0012501166105537594,0.003657347345955336
2026-09-14,495817671,9630806627,530,1.3893041522067378,1.0386944409889605,1.7263926999768093,1.167747849053351,0.4806134391732618,2.0021821868087586,3.740683497144636,3.554495039253534,3.93675150876505,0.0128984628538945,0.009718388697143183,0.01615273427891913,0.0213610553716631,0.005816224187387172,0.040972748090673555,0.0016549629223932,0.0008844566445583016,0.0024701507005469286
2026-09-14,495817671,9630806627,679,1.278928385192054,0.9631383434258115,1.5815744011553692,3.435883080111152,1.4429600117719512,5.738002469059034,3.740683497144636,3.5576166799940894,3.920619499136218,0.0379513525244897,0.02908318921740336,0.04775765380349648,0.0272024442963467,0.007496996227531094,0.0548939818223449,0.0048694237440658,0.002617337428010202,0.007107608969002327
2026-09-14,495817671,9630806627,815,1.3842150384250527,1.0725485316148176,1.6986290325914262,36.367607437938,15.088349343468472,63.369640521543765,3.740683497144636,3.5536881636465085,3.9199122116748084,0.4017016464671984,0.30736594326968664,0.48678516587186016,0.4315916574421035,0.12594232409307976,0.8699520607695274,0.0515411284505729,0.027466909088093544,0.07820400547952275
2026-09-14,495817671,9630806627,875,1.9182684844084332,1.4560691818930436,2.410140333358399,0.542401742933544,0.23352241689372052,0.9305697044997506,3.740683497144636,3.557290519441995,3.9307359003042044,0.0059911467520899,0.0045224499709222935,0.007485699787637649,0.0173841325177086,0.00531198359319792,0.035289985532731244,0.0007687059961824,0.00041747340748909305,0.001178352228883056
2026-09-14,495817671,9630806627,1089,1.6347004658824027,1.2273045113932113,1.9981296132030673,5.316997696275102,2.280847069558463,9.13877004769692,3.740683497144636,3.5564357269294518,3.9110247407849554,0.0587293715293444,0.04519648725672765,0.07358277764877334,0.1048372391006111,0.026530209070744482,0.18940212986202268,0.0075353887852748,0.004080225903064136,0.011149532792978693
2026-09-14,495817671,9630806627,1164,1.6247044694189776,1.2267835132903357,2.003796141302525,3.1961042585488415,1.3483066794054086,5.42374446718875,3.740683497144636,3.546235611849662,3.9301371016174467,0.0353028541987773,0.02687928629396745,0.04390397838477835,0.0647265213469674,0.01854461923676025,0.13732609717638802,0.0045296029003944,0.0024317389464469604,0.006771593215459138
2026-09-14,495817671,9630806627,1207,1.7025173487512706,1.3088363638537126,2.0616759906460214,1.4850731245300994,0.6260794136567512,2.5610075643490537,3.740683497144636,3.553203677625681,3.9342558359638553,0.0164035074417794,0.012942102156260488,0.02038637301072272,0.0244982308670585,0.0064958340731892834,0.04797372450320631,0.0021046846372976,0.0011914927889163202,0.003082844020423773
2026-09-14,495817671,9630806627,1424,1.526683094796369,1.1526086901490349,1.906703394233593,37.189499949966944,15.496472650569043,66.34707133680023,3.740683497144636,3.5542682874852756,3.930213829826019,0.4107799333978002,0.3137459817253517,0.519014417812109,0.0266889193252476,0.007564203863947165,0.05098445188181013,0.0527059361054987,0.0276810379408724,0.07890936753273414
2026-09-14,495817671,9630806627,1438,2.131157491152059,1.6006031874358055,2.5978325547822103,19.6542427773967,8.24713947165685,33.190644789090896,3.740683497144636,3.5556414600115334,3.932217023032309,0.2170926887950906,0.16829793614146568,0.27315318677967504,0.2254723203506491,0.0669276871218595,0.4734791199251998,0.0278545090797423,0.015474708738157029,0.04086656811848486
2026-09-14,495817671,9630806627,1486,1.4728269962096228,1.145441291861354,1.8101738139858203,1.0859129266305239,0.44370017770439046,1.8707844089270957,3.740683497144636,3.5472737167383777,3.930989265108831,0.0119945479309273,0.009324473030583152,0.014735732882259042,0.0205728991093746,0.005762077574190698,0.04046957577489336,0.0015389843209541,0.0008505663180680732,0.0022966189350719954
2026-09-14,495817671,9630806627,1590,1.8910700160682252,1.4502999775999403,2.299259403284754,1.468906216818232,0.6173515242318368,2.5317886187696272,3.740683497144636,3.556383605531125,3.9251750738905784,0.0162249344229955,0.012686793412480883,0.020113238296707917,0.0273538687023832,0.007696840763514277,0.05753828996126251,0.002081772471067,0.0011271083402610192,0.0030495941741314737
2026-09-14,495817671,9630806627,1738,1.6894436919619156,1.2539033704843987,2.1496133691344768,2.105691281481834,0.9059358227145876,3.499735131911502,3.740683497144636,3.568537208032438,3.924753612326232,0.0232586005600273,0.017146059024587317,0.029394129224633362,0.0274247230734619,0.007047697487353975,0.054587911941006026,0.0029842409897685,0.0015752978715276,0.004347508980710462
2026-09-14,495817671,9630806627,1785,1.2110525945703101,0.9225946424387691,1.4997882539780563,0.8025456466336269,0.35165742312123327,1.361695005905434,3.740683497144636,3.5529044788390385,3.9434077923076623,0.0088645894060522,0.006764281113959389,0.010996107466422617,0.0097584029778712,0.002690843374727125,0.018792722636685872,0.0011373887691451,0.0006173039449281714,0.001694682465921072
2026-09-14,495817671,9630806627,1817,1.4798141470946387,1.1103269589043256,1.8408250496384266,1.7096037186713056,0.7179188965548452,2.9037617239843683,3.740683497144636,3.544165589257839,3.952141444865346,0.0188835801136674,0.014391119854905095,0.02385921886234317,0.0184816287162066,0.004931162800029669,0.036481495582666564,0.0024228952925755,0.0012983471449280145,0.0036082166358816573
2026-09-14,495817671,9630806627,1924,2.3335995360265036,1.7580644279431819,2.9006901477434135,15.477577073021408,6.658930634268275,26.74718026543272,3.740683497144636,3.5541507554607032,3.922132223977054,0.1709589558280873,0.1299772431508125,0.21445386337718259,0.1820491825388022,0.05073814684833566,0.36068096119148546,0.0219352287440295,0.011520223587397226,0.033081136642848265
2026-09-14,495817671,9630806627,1976,1.682183437631225,1.2663430924988304,2.0494749672057324,0.756654632787691,0.32037318144184534,1.295112865116247,3.740683497144636,3.5559966491288044,3.922641487712053,0.0083576961260524,0.006478054257291032,0.010484213661791216,0.0088683613089924,0.002349810377536823,0.017371467096592277,0.0010723508190024,0.0005774000170488596,0.0016442354871919326
2026-09-14,495817671,9630806627,1981,1.7562789837454549,1.310320590010375,2.2229570397472656,4.6869422648378185,2.052544471004516,7.813297979643896,3.740683497144636,3.5549775573032463,3.9291570108603793,0.0517700381553833,0.03870803503238142,0.06566812727587772,0.0626675514164738,0.019055134980058855,0.12561774175842494,0.0066424576795344,0.0034776968157333864,0.010062852849581853
2026-09-14,495817671,9630806627,2019,1.4049052245820879,1.0633236122076,1.761964847930892,14.057517655135817,5.95682187888521,24.581981684887193,3.740683497144636,3.552527900319126,3.9227285252502444,0.1552735630724775,0.11745181276352329,0.19462180942774499,0.1914338630113551,0.05407806143803525,0.3959028816955474,0.0199226832393633,0.011163280486099221,0.02982730442749997
2026-09-14,495817671,9630806627,2438,1.6327707063017707,1.234065418688646,2.0343574725566143,8.903432970074793,3.927753628188076,15.569966622250702,3.740683497144636,3.5610015682597544,3.9260354838167246,0.0983436617157944,0.07484376836121272,0.12337999034258994,0.1013924145343397,0.02815548274069797,0.18688247293690297,0.0126181790524658,0.00682220694568258,0.01916268406584512
2026-09-14,495817671,9630806627,2533,1.4556911105395007,1.1004596840972918,1.8043540869336454,291.44824121546213,131.51002421703913,483.4753722056504,3.740683497144636,3.55301647110705,3.921672659112257,3.219217501619028,2.4710442728233786,4.051615217465282,2.701257203101564,0.8162050474143815,5.63000468053781,0.4130481022930718,0.22708559621394978,0.6122824494962257
2026-09-14,495817671,9630806627,2541,2.304390083410206,1.7484940873440884,2.8142272878821433,16.34510025177134,6.936010378422576,29.303831273978783,3.740683497144636,3.562034665799446,3.9186110428102685,0.1805412603513365,0.13976435546991742,0.22495207414977605,0.8819968492062595,0.24927738143542247,1.7738132398930628,0.0231647053783146,0.012269093602869608,0.033953980377124854
2026-09-14,495817671,9630806627,2586,2.529101712225061,1.8963024365886159,3.1478702965748315,14.51295188881718,6.1410766791044615,24.43823093805792,3.740683497144636,3.5687591542911306,3.9217515191329766,0.1603041024567231,0.12016742296354187,0.19947844503294282,0.2476594428240124,0.068247396533686,0.4638219769474763,0.0205681365972455,0.010751855721831061,0.030911863552402517
2026-09-14,495817671,9630806627,2821,1.7945047375777543,1.3599709148218713,2.235542537697709,16.197707905742938,6.8729626498880245,28.511043896501704,3.740683497144636,3.551397418110473,3.918852971095645,0.1789132250680886,0.13610899690775183,0.2237382057472158,0.3490932967447991,0.10641575013150968,0.6928914391984005,0.0229558170742862,0.012276368960251614,0.03350220418179778
2026-09-14,495817671,9630806627,2869,1.5943653765060204,1.2149232020601437,2.011471856696615,0.7959962536574579,0.33530841869992345,1.3414656063281225,3.740683497144636,3.548847364905679,3.928431744035155,0.0087922475027148,0.006600647894558972,0.01092827715641229,0.0204215430630827,0.006135705167596077,0.04068516015549627,0.0011281067974005,0.0006012585963782721,0.0017112441334235613
2026-09-14,495817671,9630806627,2899,1.2994477083826659,0.9730928371790946,1.650454907351626,26.45725594332321,11.502698035071985,45.74571866524935,3.740683497144636,3.5722013133650123,3.93049783361598,0.2922359765231671,0.21786936448075603,0.36952542811893957,0.2446108278294056,0.06853820773985939,0.46175326891186685,0.0374959180185712,0.020205759458902295,0.056280434145189566
2026-09-14,495817671,9630806627,2933,1.5879411764076403,1.190036539980028,1.9943509210184536,39.163680190025836,16.91537544144006,68.64482608406388,3.740683497144636,3.5494874396605107,3.939421940372427,0.4325859170388189,0.3260720352955494,0.5464555432230297,0.6457160928423686,0.18056294910595927,1.2661202795622342,0.0555037961932457,0.02966646519708166,0.08117530120390172
2026-09-14,495817671,9630806627,2987,1.3870495933252016,1.047070275062855,1.6868046598699284,6.991982223223198,3.0782933103599763,11.91899557480707,3.740683497144636,3.5510281789919875,3.9339066776060694,0.0772305622780169,0.0600450965344285,0.09673118514469688,0.0227713553849425,0.006540163201976148,0.043092825211442164,0.0099092208500725,0.005197108285236086,0.014457760549469123
2026-09-14,495817671,9630806627,3135,1.796134782840128,1.370303098078632,2.251951721681418,2.9297066742435467,1.1798030571318654,5.007057630612607,3.740683497144636,3.5588683436010067,3.9231300907841584,0.032360335958804,0.02434052846598346,0.040001146507268326,0.0592710011288611,0.01761942180155322,0.11620135549003507,0.004152057247026,0.002183903748149215,0.005992708402641052
2026-09-14,495817671,9630806627,3157,1.4610995346602083,1.1101457227748508,1.7998092481510866,1.3336996353346686,0.5663937664810832,2.295317800218395,3.740683497144636,3.565274540453903,3.9224641907986064,0.0147314980871619,0.011297546401364943,0.01831590887116349,0.0149319297642615,0.00436714085662922,0.029917222261353446,0.0018901541526088,0.001015478738424979,0.0028262644303143855
2026-09-14,495817671,9630806627,3215,2.1094400409092935,1.6232156174914436,2.612688426631494,2.1164610496786334,0.895704231472474,3.591531269767391,3.740683497144636,3.5577284899642345,3.9414021312883367,0.0233775589936858,0.017962378006136873,0.028911807295164394,0.2353542326308635,0.06456621120215345,0.47070200793397116,0.0029995041881233,0.0015704667489451372,0.004480667785315621
2026-09-14,495817671,9630806627,3327,1.8155632291683694,1.3905733444537245,2.1921672913118306,1.016740513515116,0.43812422307364285,1.711629279118212,3.740683497144636,3.5525299232454404,3.9386847301104315,0.0112304978821033,0.008876924025857805,0.013994013745884224,0.0203102814816213,0.005701520445483231,0.041671208601587434,0.0014409513602843,0.0007950753758439324,0.0021075241497763397
2026-09-14,495817671,9630806627,3412,1.733700521052574,1.3040689781253785,2.186673038529199,0.9849153337055256,0.4106111519933557,1.65727368216954,3.740683497144636,3.5501171099980176,3.9295768669599354,0.0108789700245052,0.008201929484540085,0.01375305936158628,0.013697851687549,0.004180553759265109,0.027493214370257476,0.0013958478795748,0.0007499857665927427,0.0020627744880508322
2026-09-14,495817671,9630806627,3567,2.0869432443669576,1.6016132019804339,2.5875613759791447,351.48853079969325,146.71046451342585,602.8653908051576,3.740683497144636,3.55089126665952,3.953658392762662,3.882397866769838,2.984144572548848,4.821174817188805,7.651167791979781,2.1695693983088047,14.96496020444541,0.4981387776406692,0.2667679874917953,0.7513506814699672
2026-09-14,495817671,9630806627,3587,1.8994430595353349,1.4179545995580873,2.3867515202782106,15.351605994525292,6.6013073750194815,26.684338190954286,3.740683497144636,3.5570464254568144,3.9243318892536316,0.169567531062917,0.1258475919978258,0.21183113452135463,0.3165988439336167,0.09024987407649254,0.6316376692946337,0.0217566992229741,0.011200586424540486,0.03167456509307554
2026-09-14,495817671,9630806627,3830,1.0038900005067568,0.742486833694372,1.266278850832279,1.1629686082722854,0.5031627767830172,1.9435490521912455,3.740683497144636,3.5584210441300175,3.9213844928795645,0.012845673324259,0.009587060839171602,0.016350315850420058,0.0146441261696748,0.00411662687250033,0.030543469352464877,0.0016481896568322,0.00086926148252327,0.0024524444451506076
2026-09-14,495817671,9630806627,3905,2.107257814647728,1.6062845035308968,2.5874358723648085,1.2018101290654404,0.5027368446703014,2.002489412871873,3.740683497144636,3.554870878912323,3.9289666200350557,0.0132747008009916,0.010180560893049515,0.016399056766078828,0.0441864887973814,0.013423809313423966,0.09332642369647326,0.0017032368802668,0.0009136231620597657,0.0024724363314290814
2026-09-14,495817671,9630806627,4002,1.7096629480847945,1.283785228602744,2.1579486783510418,2.497356003813609,1.035497382633663,4.200235294232387,3.740683497144636,3.568238649052848,3.9226701271332782,0.0275847681280281,0.020560339575807718,0.0345604198541664,0.0698978061156136,0.019728095520556245,0.13491699304451205,0.0035393185212699,0.0018948989620487654,0.0051504192559824495
2026-09-14,495817671,9630806627,4054,2.3756189143833653,1.7884131035788866,2.977375604810486,16.53001247331099,6.977588534388856,28.57942887611927,3.740683497144636,3.554727011015361,3.9228373570591644,0.1825837247606641,0.1382212556809333,0.23011271495782284,0.3533980987062524,0.09548163181622035,0.7130414785246904,0.0234267678353712,0.012577492079610526,0.0337526227794629
2026-09-14,495817671,9630806627,4256,2.5074503934366263,1.9048379065163488,3.052541068383869,1.6413802497003955,0.7369814946708794,2.857607892341164,3.740683497144636,3.5538524864435797,3.9215584044140406,0.0181300117118943,0.014213486475906076,0.022777398036965,0.0308651267884606,0.009473365050951726,0.06279926382262732,0.0023262072004712,0.0012490751732757072,0.0034961489655520187
2026-09-14,495817671,9630806627,4563,2.67110277086999,2.017082240274582,3.377520520105493,11.722357342217938,4.868655975302805,20.607094131456385,3.740683497144636,3.554761255554421,3.9275433820667427,0.1294803418916575,0.09638962798859346,0.1614002877668294,0.1811235306577922,0.050191663982560725,0.3590993569830727,0.0166132327112753,0.008871788070471304,0.02464115134374297
2026-09-14,495817671,9630806627,4579,2.173092708329815,1.6174850616866023,2.7343947111428286,1.9464328093995555,0.8766609982464997,3.2951779026375005,3.740683497144636,3.5595067261005027,3.927534235604042,0.0214994969247806,0.01618265624061826,0.027357102645313856,0.0209144813121229,0.005771701694389543,0.03980472263027044,0.0027585357002346,0.001466454080812673,0.004020996285511138
2026-09-14,495817671,9630806627,4652,2.1692471215794966,1.6261179488115458,2.655182282622072,1.9630078107536513,0.8244160753692636,3.5209809788687623,3.740683497144636,3.5531321274448024,3.9302998708104924,0.0216825775782302,0.016813774401574978,0.02745411913551189,0.0250811148494851,0.007582139601057785,0.053155025820624834,0.0027820262274935,0.001515882551420485,0.004087064393432429
2026-09-14,495817671,9630806627,4751,2.569552776793526,1.9716244145516149,3.207868944473105,3.869230612424726,1.6153432418576141,6.656953341325954,3.740683497144636,3.5463293264838,3.926742452691877,0.0427379312819712,0.03267946259546743,0.0531700859816025,0.073460916260859,0.021151538643996794,0.15191102343403592,0.0054835752486658,0.002919645566823567,0.00840801969439229
2026-09-14,495817671,9630806627,4828,2.537707531022212,1.9132320731588635,3.1098730306894145,1.3774986570140593,0.5826837793306647,2.3564160435991104,3.740683497144636,3.553629023780489,3.933317230326542,0.0152152840813956,0.011672688567722064,0.01897343238264923,0.0277639002598135,0.007852722099397429,0.05110094493807356,0.0019522272765073,0.0010508224764597515,0.0029211909818073474
2026-09-14,495817671,9630806627,4832,2.2400173602834363,1.7218869164542168,2.7216043376339503,1.6762220644109367,0.7163929212977161,2.7641265781784243,3.740683497144636,3.5577880689190384,3.9316277835888926,0.0185148600789202,0.014384889904413204,0.022736672490220513,0.0439694932653535,0.012603356099794369,0.08506922120399121,0.0023755859353938,0.001235085958668098,0.0034944371586207983
2026-09-14,495817671,9630806627,4887,1.36550494674213,1.0413161785506937,1.717616246989125,2.6791599452012633,1.122562606453447,4.655154140679402,3.740683497144636,3.5518213061519797,3.9500385440190886,0.0295928997521465,0.02219147043839333,0.036604089089073595,0.0375681212918169,0.010295296447011971,0.07085295533222034,0.0037969758420565,0.0020707599942209652,0.005570442593800561
2026-09-14,495817671,9630806627,4927,2.6834066786510102,2.0185568725650547,3.3356625802349456,1.2247651774494503,0.5108962294625793,2.0813634136684547,3.740683497144636,3.5572520599175412,3.92610597218448,0.0135282528320491,0.01031370894870704,0.017043390489126595,0.0176360961898003,0.004816849714434228,0.032006759006848046,0.0017357693777473,0.0009257401102759514,0.002607480348445737
2026-09-14,495817671,9630806627,4995,1.6993406519008996,1.2775174752030214,2.14120406343863,2.35040231471057,0.9438509591583434,4.0057808100260255,3.740683497144636,3.5583965269775146,3.92503618543065,0.0259615780689114,0.01955761548270103,0.03277983193214564,0.0107931912602105,0.0031680510320617155,0.02263649256207692,0.0033310518933573,0.0017754226659266901,0.005007988964450277
2026-09-14,495817671,9630806627,5210,2.0456463168746217,1.549219370275159,2.5673692694748924,132.76068909873447,57.48226391592872,231.73471876785763,3.740683497144636,3.5502465402544496,3.931465154355757,1.4664200136918668,1.1152368080582018,1.8481725468532937,2.834099439883219,0.8126228930133506,5.594339021488529,0.1881519355294827,0.10205601134779,0.27572552484845064
2026-09-14,495817671,9630806627,5304,2.663007899367499,2.0197963554282974,3.268264029054953,2.46706030940758,1.0435196981876902,4.233439668911826,3.740683497144636,3.547120888800046,3.938609682002837,0.0272501343376547,0.02100426582256268,0.033987330895622725,0.122901493046888,0.0352650341171126,0.2432636308333553,0.0034963826674459,0.0018569095498335063,0.005173633950894431
2026-09-14,495817671,9630806627,5345,2.399052255583488,1.8260828741448387,2.906010975957282,1.2800168680853918,0.5413314435178981,2.152943895997369,3.740683497144636,3.553389854514324,3.921534422055585,0.014138540301095,0.010999354709925883,0.01750426545631643,0.0333274082432111,0.008360115120816003,0.06530967038950963,0.0018140735248936,0.0009912130041331855,0.0027621195669409178
2026-09-14,495817671,9630806627,5493,1.907618809809722,1.4299056734987505,2.363565087767199,71.38299904235024,30.78702969180388,124.02649931473275,3.740683497144636,3.5495088952105993,3.927228405434682,0.78846727253126,0.6012158706129918,0.9937808803784449,0.6541338084773771,0.1828960723684488,1.3702738981532017,0.1011658611061355,0.05298331010570755,0.15135419494861857
2026-09-14,495817671,9630806627,5621,1.382437048915945,1.0587709047653895,1.7427586953291736,3.178941424998817,1.421210577920825,5.331442733170594,3.740683497144636,3.5532601190396003,3.9239132419760026,0.0351132805924615,0.02660522229418486,0.04379275524434846,0.0345600663689446,0.009273167397232964,0.06902541923223403,0.0045052792819081,0.002498370045852295,0.006671488816398538
2026-09-14,495817671,9630806627,5626,1.8937098995858137,1.4450969796798863,2.392353884850481,19.223086160108398,8.231405463184661,33.618813024212336,3.740683497144636,3.5631540952822576,3.9147436789384233,0.2123303099846203,0.15836798740103566,0.262177703451536,0.1642102861413202,0.04760502179301545,0.3205828168058224,0.0272434625974601,0.014523883547179215,0.04006011951744893
2026-09-14,495817671,9630806627,5630,1.3366027147105166,1.0062815882662937,1.6634122981901296,84.0811117170103,36.94079249692956,143.55566421174726,3.740683497144636,3.559376054352224,3.9271812928721963,0.9287254068377758,0.7108136262952623,1.1749952234330479,0.7516951555286587,0.22187465726456382,1.5436242557693405,0.1191619599026092,0.06363910755939214,0.17646556812733938
2026-09-14,495817671,9630806627,5783,1.815835832425825,1.379904843675748,2.2247504678756123,2.0595884047979682,0.8840402823616826,3.516673253791347,3.740683497144636,3.554888887405388,3.9235266060395246,0.0227493671301849,0.01767570079034305,0.028497634299619462,0.0255449122769457,0.006786005036758242,0.04540853070819316,0.0029189027820473,0.0016087918975518291,0.004316429554805853
2026-09-14,495817671,9630806627,6004,1.5900702215054396,1.1925741841737352,1.9557791149563917,0.5876946928753649,0.25035519652539473,0.9973027403805691,3.740683497144636,3.555909546771168,3.9284232057640254,0.0064914340639796,0.005014279655126967,0.008223239741553383,0.0119277429046103,0.0035774572596048286,0.023748956306575798,0.0008328963544522,0.00046109613626109494,0.0012487197688329417
2026-09-14,495817671,9630806627,6133,2.048980095497437,1.5423127507540133,2.511327280208832,0.8160499395815534,0.3433954097083439,1.4342312971936004,3.740683497144636,3.5520462181736767,3.9230735102284724,0.0090137522763569,0.006924978849519509,0.011275860438631578,0.0207242249641885,0.006064913483857074,0.041084982555249686,0.0011565274077991,0.0006215544355279897,0.0017166312520577836
2026-09-14,495817671,9630806627,6159,1.8663524925288664,1.441756458103441,2.2586837065700514,34.63476272038436,14.558972595792515,57.954463885015464,3.740683497144636,3.5553157383986966,3.9269298593715014,0.3825613558307806,0.3002198489885653,0.47032954186959114,0.3002569233278217,0.08638576390306768,0.5767294431344936,0.0490852954039601,0.02647472287884051,0.07183159538877869
2026-09-14,495817671,9630806627,6256,2.459772723558378,1.8626191791800795,2.995132736818305,1.1338338498501062,0.46345776375378145,1.9669955097250513,3.740683497144636,3.560993902029248,3.920811206880226,0.0125238627556758,0.009785479816481174,0.01573526156229081,0.0182389781263516,0.005389712848131751,0.03826914681548997,0.0016068991119764,0.0008784233548626904,0.0023620077669559048
2026-09-14,495817671,9630806627,6261,2.3942038403788617,1.8140553862025754,2.962560338056925,1.2502281814764467,0.5234698089386524,2.174878509946577,3.740683497144636,3.5559134702150623,3.9270886962576688,0.013809506710493,0.010556709502566227,0.017240292982145154,0.0249953465914788,0.007342718318152727,0.049947232194698044,0.0017718562158362,0.0009495152977872182,0.0026142496886680145
2026-09-14,495817671,9630806627,6360,1.906521331436621,1.4449116817087857,2.37019420922586,367.4088263417437,153.56660041603473,619.5933160223888,3.740683497144636,3.553092012993865,3.925585606834915,4.058246908871372,3.061057218993225,5.021275823575925,8.009825389711823,2.2793046313418053,16.156491514027568,0.5207014386269379,0.27847833430740626,0.7568529269371628
2026-09-14,495817671,9630806627,6463,2.902649416440047,2.2378720811369797,3.4809895396891393,0.9588755443515414,0.39159278943327147,1.6490485810118605,3.740683497144636,3.552908860494518,3.9435993202037367,0.0105913452123697,0.008434630776062482,0.013119941133779671,0.069158038571306,0.01979982781603941,0.13674972066775268,0.0013589436061713,0.0007271393510859086,0.0020309042687583637
2026-09-14,495817671,9630806627,6486,2.540589331703926,1.9635772795421995,3.177356012208854,1.6038508909184794,0.6969515661741659,2.724534455755841,3.740683497144636,3.5643660418944445,3.9180518027420606,0.017715477837504,0.013519649137913448,0.021876777880772916,0.086429195012955,0.023526162028474625,0.17511424095860104,0.0022730196075027,0.0012521270195736294,0.0033714877077937913
2026-09-14,495817671,9630806627,6489,2.4133090755525877,1.8275367925296804,2.9985254456966817,13.997550527578888,6.125052879517825,23.621198902005375,3.740683497144636,3.5460503850990697,3.93448172233598,0.1546111908250143,0.11793740845200995,0.19350466785713805,0.1641148186348437,0.04562229124026895,0.3158276453494705,0.0198376962511623,0.010825133761504771,0.029766752880546223
2026-09-14,495817671,9630806627,6504,2.0951664699908954,1.5879959353706472,2.5837777084380633,2.8175150384162566,1.266128305015705,4.792950696429952,3.740683497144636,3.5516936936070467,3.927629334872214,0.0311211132546825,0.024003421201451044,0.0390551505257642,0.0484885456115913,0.013238488985291534,0.09688395561100546,0.0039930563140357,0.0021632627725368947,0.005858458248779212
2026-09-14,495817671,9630806627,6510,1.9050208254620566,1.4354218613459981,2.3292986017239627,0.5188132289690616,0.21988649369939894,0.8905386200589709,3.740683497144636,3.550280163892706,3.930651061520036,0.0057305977205536,0.0044490837432958055,0.007219663263744908,0.0266410020841231,0.007827840686694579,0.05434727120345274,0.0007352757346433,0.0003898469106744181,0.0010873949150503864
2026-09-14,500635396,9657930100,797,2.6709150878633268,2.016623837535057,3.2414609213855017,598.6155666054065,257.95373796044174,1045.4382598457773,3.15850641781914,2.9714188461997186,3.3459875170495046,20.576169287345092,16.193304093625834,26.028633318030735,50.81053335396429,15.350249547643768,97.5787659722401,2.6400663118675696,1.430364029609355,3.8988350045267155
2026-09-14,500635396,9657930100,844,2.7622873262291683,2.0806088717891535,3.4342134257827754,2659.794971155535,1181.58407977821,4440.1297034777745,3.15850641781914,2.9751334560027733,3.3420874471312327,91.42493889104146,69.45581559491313,114.64244801072603,279.90819185426926,84.77826106134286,539.236087701832,11.730458563987302,6.059518672340527,17.30627347901022
2026-09-14,500635396,9657930100,998,2.7586983673611534,2.0637657536283944,3.3671427726285277,0.2024158237829257,0.09215319346305609,0.34880754029785965,3.15850641781914,2.979286693421379,3.33389690345299,0.0069576243735411,0.005406624701422471,0.008821195651009731,0.0163281217513215,0.004458904662938262,0.03212516542185196,0.0008927118290435,0.0004798215646316692,0.0013268418037422104
2026-09-14,500635396,9657930100,1934,2.4498330854025,1.8667693171093662,2.9443929342474897,364.75808678908726,162.95453572975399,598.5978617358738,3.15850641781914,2.9673997729404373,3.3533302030345102,12.537803160150208,9.959470990007956,15.708741162100576,26.2958155316029,7.588497763372731,54.5720295277086,1.608687763290182,0.8762023752317815,2.430682648942206
2026-09-14,500635396,9657930100,2253,2.8531024679045647,2.163253186971442,3.473027289909314,4.748353349515639,2.0545484624145818,7.954624008851063,3.15850641781914,2.9810830232118777,3.3550323180012156,0.163214803968119,0.12662100943696195,0.2032855988037801,0.3736274108475267,0.08964872168470063,0.6971299153018782,0.0209415999419928,0.011339786632188478,0.03133850328779862
2026-09-14,500635396,9657930100,2818,2.5176284507164577,1.895739476324153,3.173741354844202,1064.6952989558565,437.7969912461095,1844.1795192195164,3.15850641781914,2.973817068357998,3.3426308392023407,36.59669399342068,27.45264882872132,45.959690816514836,67.44371197667095,19.29263348543603,135.15592841336064,4.695611587778814,2.5218021920273754,7.007927055067051
2026-09-14,500635396,9657930100,2832,2.640948171723929,2.0358393870284193,3.244705015596113,11956.440226897916,5283.419167552333,19591.88647234907,3.15850641781914,2.9757070584281453,3.3454368083502515,410.9778494030435,318.3736090277977,507.421525147816,950.0436736629408,274.440581565761,1863.757608042401,52.7313301120665,27.99676782372418,78.47235564575291
2026-09-14,500635396,9657930100,2874,2.8895817410186773,2.1737913690704938,3.4968355550601244,6895.299079467051,3004.581773598335,11843.088396520943,3.15850641781914,2.974812171740906,3.342588721138452,237.01161323041916,185.26612441743836,298.0254326378795,664.6807866190007,189.31023742415223,1267.2245937099835,30.410246284076518,16.144479747332678,45.972325575875985
2026-09-14,500635396,9657930100,3366,2.6133391908360077,1.9601357544739486,3.284939929089848,37.70512380029635,16.221799570036147,64.94779139514988,3.15850641781914,2.9733897725117298,3.351276888752986,1.296035475179364,0.977724857587561,1.6385433595720629,3.768058698348397,1.1207872948414572,7.197151110030927,0.1662904085412393,0.09163797892647149,0.24499887714432003
2026-09-14,500635396,9657930100,3408,2.4654251564689336,1.8850187864098287,3.046822428168705,1008.4209337910015,434.8939638093557,1736.84616839168,3.15850641781914,2.997697142356601,3.3306798831680813,34.66237933679365,26.536482079673966,42.89167723132505,66.37386028244897,18.632510035871857,138.61744109411768,4.44742549977586,2.4467192678591143,6.517173118747122
2026-09-14,500635396,9657930100,3567,2.7148962187364596,2.0497507362771543,3.3075830491579947,2743.8010683242487,1226.0506410607059,4745.029436509371,3.15850641781914,2.9745025494556785,3.341127410548979,94.31247435276462,73.61838169078182,118.79443549174185,183.2011007734133,54.88792677420754,399.95125561861096,12.100949542670431,6.701092214712467,17.518332129854414
2026-09-14,500635396,9657930100,3587,2.2024757662236847,1.662072872676418,2.681526454820413,0.6124912459099345,0.26565511133831465,1.029765157480243,3.15850641781914,2.97227395788228,3.347436323788905,0.0210531170018289,0.016419212109635366,0.026490145145318573,0.0437922273647362,0.013724857809212588,0.0882593900369808,0.0027012620366862,0.001450237549875836,0.0039457412969907705
2026-09-14,500635396,9657930100,4196,2.428675997663677,1.8472641479352812,2.9334408137848538,51.95430119232065,21.856664670043973,87.05629203757896,3.15850641781914,2.9700852004955482,3.3435002050769547,1.7858214122312963,1.3923294458677253,2.2110083086877066,2.882718361537347,0.8317015859679407,5.375392713970024,0.2291333670326708,0.11762708591794813,0.34500303415800193
2026-09-14,500635396,9657930100,4536,2.5587428071831204,1.917945956741231,3.1200682464279024,3608.8801373203787,1535.6340174416841,6444.182205281717,3.15850641781914,2.9722069904045623,3.345068239389914,124.04777420729816,95.72105482684701,155.71643843088881,277.58832110999475,81.13460864688257,574.563025095907,15.916196312996927,8.413423001193,24.57819885560135
2026-09-14,500635396,9657930100,5166,2.871749594581967,2.1676496155844527,3.544809050711803,0.2592631850282528,0.10966889204488592,0.4374950901279914,3.15850641781914,2.9728535357961783,3.338186685302289,0.0089116345827239,0.0068790790622494345,0.01124950655561467,0.0189334209273583,0.005495394470011721,0.03724375366017799,0.0011434249940776,0.0006352261427696023,0.0017082119840934296
2026-09-14,500635396,9657930100,5331,2.4855344685141154,1.8830820338042265,3.0282478883183495,321.2005077870562,139.92755849537448,521.8445679829243,3.15850641781914,2.970526231973881,3.3485781741156084,11.040601668423074,8.623946249420392,13.868459551929075,20.506813330995342,6.186888983332108,39.935645099374234,1.4165863490187849,0.7475911616024389,2.1358291538341865
2026-09-14,500635396,9657930100,5553,2.0402848205404784,1.549655654796984,2.4785066882766924,6752.760697635101,2904.383664468869,11294.655944771437,3.15850641781914,2.9840403105397266,3.334702496500651,232.11215180954412,181.73541061952943,290.6659689769254,452.8911409185477,122.64564014033749,903.0495855053196,29.78161114490597,15.92855655112064,46.124746191180186
2026-09-14,500635396,9657930100,5573,1.6567661437294945,1.2584402269920871,2.0394323384220874,1234.2912116121101,557.0171201134182,2112.483543853496,3.15850641781914,2.979301086041002,3.3406362974700103,42.426201951333766,32.84921564615122,53.235519087589786,42.26599858700128,11.37978561576347,86.050666066301,5.443578197089114,2.9160944885859577,8.136937341577298
2026-09-14,500635396,9657930100,5867,2.2427146953965256,1.7137476265649396,2.840572107543182,2105.989923483423,921.402266427604,3512.762422128463,3.15850641781914,2.980764123215778,3.342765963738722,72.38903830845764,53.76790334144028,89.12141097057315,66.90574377622244,18.915260126681122,131.1405262480412,9.288019490789717,4.828560278040576,13.783503465024301
2026-09-14,500635396,9657930100,5874,1.6944981984326402,1.2708747777330534,2.0677112217228677,2.110865117353448,0.9217862400034151,3.7028133345165153,3.15850641781914,2.9719727829146616,3.3424022504075084,0.0725566129924023,0.05604776529985195,0.09118964515528048,0.1913587788773705,0.05915948778732204,0.3636337968604556,0.0093095204938008,0.004758688650846935,0.01367664568078504
2026-09-14,500635396,9657930100,6001,2.846057001195071,2.1419586879265227,3.4558580052000396,12.32369058201783,5.286128952957819,20.862777051191163,3.15850641781914,2.9734722392460196,3.334293253950054,0.4236013191210739,0.3303133869133936,0.5329313799146267,1.40550467130148,0.4090490570768974,2.8303044860699598,0.0543510094933957,0.02948548935976654,0.0821333328925644
2026-09-14,500635396,9657930100,6023,2.7085147685279396,2.057578958688804,3.2988168628821923,24.384290209515168,10.255187706272181,41.66440903469708,3.15850641781914,2.965217590403607,3.341282084763913,0.8381594320173567,0.6514774773980306,1.0444823413231719,1.5915481650630816,0.45750691557766354,3.1186830541418376,0.1075417124315753,0.05822154656359217,0.1604062391680847
2026-09-14,500635396,9657930100,6133,2.390122979222116,1.8210015733726919,3.0031721288482127,0.16699320355554947,0.07122650059115665,0.2874964173173149,3.15850641781914,2.9632777095799816,3.349862823096752,0.0057400452274908,0.00432212548559258,0.0071279931806316355,0.0115496366902034,0.003145775110685057,0.023159789333704765,0.0007364879158053,0.00038122964241191096,0.0011043363331790703
2026-09-14,500635396,9657930100,6434,2.4202838332328933,1.8599423368212462,2.912475170282145,7.115009165566189,2.8618176676497513,12.41393241355309,3.15850641781914,2.9734301612876046,3.3503611373318463,0.2445636920234069,0.19346885136928926,0.3029519865648478,0.4038354091586368,0.1172379945160335,0.793588528919533,0.0313792307693567,0.01677212115619393,0.045498171359068314
2026-09-14,500635396,9657930100,6452,2.2154357592506324,1.6710296008384735,2.8073120172461064,0.4841816675321601,0.21517725542596128,0.8063793429677559,3.15850641781914,2.972265242925423,3.3376425350575616,0.0166427412061235,0.012402733714836474,0.02083646326606193,0.0283197489715592,0.008493643578219181,0.05895666171643262,0.0021353800010986,0.0011492387321915536,0.0031475575069062327
2026-09-14,500635396,9657930100,6660,2.218931117454894,1.6599631196823728,2.7902760838966643,376.1310939526645,159.29189734709627,640.9727138034183,3.15850641781914,2.9668461231070093,3.346845199546082,12.928726707345916,9.73766116346932,16.36829279819369,25.295496545555856,6.98654762895121,51.96276852793867,1.6588459862837062,0.8626845911418478,2.437694114934787
2026-09-14,525368335,9811363528,33,2.453564477187634,1.8786946977522072,3.059104104975741,7.966408143360574,3.400312859982904,14.162443175148807,4.016511516363811,3.8221571975653066,4.209033606177585,0.0213671967814322,0.016214941281611776,0.02640300930931163,0.0411955319252869,0.011307484064403003,0.08032604240491158,0.0027415606672909,0.0014334737268559983,0.004149310923715821
2026-09-14,525368335,9811363528,181,2.7578295731765543,2.0681250389293213,3.4102615754644847,6.391533876957734,2.7160222448333373,10.784345031484252,4.016511516363811,3.8267030760756278,4.201383750192029,0.0171431289517807,0.013104447751133827,0.02160852889902293,0.0249695252371316,0.007034229722310463,0.047985045230142916,0.0021995832457226,0.0011861736282572197,0.0032493074940662158
2026-09-14,525368335,9811363528,709,1.1355300668360446,0.8500017056897643,1.4152734848922146,127.96286913586175,54.25619250850889,216.1029973023828,4.016511516363811,3.835529251585013,4.199357992066191,0.3432171383060985,0.2611547570764878,0.4348289512653713,0.0404164884110165,0.010732781620357143,0.07693707140845882,0.0440371573466208,0.02354618367499624,0.06588637682910778
2026-09-14,525368335,9811363528,926,2.566492741568972,1.9288343247733217,3.2165004804029995,55.915103888449615,22.85267670007173,97.85894527808672,4.016511516363811,3.8234416983452224,4.191201569191976,0.1499733639475232,0.11290985979828652,0.1882870983883515,0.031005031253269,0.008253370613220542,0.06099783045644018,0.0192426306522868,0.01033389759881603,0.028799701385215194
2026-09-14,525368335,9811363528,937,2.3217007836201375,1.7672192296145544,2.885461022665661,13.15319260735388,5.7976742884179915,21.990780090991095,4.016511516363811,3.8361061214421874,4.198248327788498,0.035278992701327,0.026658829828442757,0.04352771466651923,0.0293219000171186,0.008302143476157773,0.05564567779685407,0.0045265413035203,0.0023529337647382968,0.006649718871309918
2026-09-14,525368335,9811363528,1308,1.537441441687556,1.1567483672145433,1.9363144634240494,3.107471629626476,1.2927407430778555,5.317396154778087,4.016511516363811,3.828750256920853,4.190794704918519,0.008334742158332,0.006311588172591849,0.0105651495278913,0.0107194242675771,0.0029331132381914876,0.021784997457050783,0.0010694056645348,0.0005611757234864958,0.001624098399276426
2026-09-14,525368335,9811363528,1318,1.5050594877675163,1.1280621904771189,1.8666376944927847,16.937313454639416,7.600638830629046,29.160296939335375,4.016511516363811,3.834786706030552,4.200268783763262,0.0454286176431595,0.03464900927213921,0.05733473502631053,0.04525580418562,0.01279682399529754,0.08781851525261411,0.0058288091121111,0.003009902468869818,0.008864816930245436
2026-09-14,525368335,9811363528,1353,1.6192083771099741,1.217461659489918,2.0184450190914647,7.497148683536522,3.1846198320954673,13.353467567959795,4.016511516363811,3.8267597820182693,4.220987725213556,0.0201085669147255,0.015225812225247305,0.025243065856010927,0.0998473150986376,0.02835884452972817,0.20264153035168495,0.002580069659718,0.0013538652359774517,0.003841926372990922
2026-09-14,525368335,9811363528,1672,1.1355300668360446,0.865310759809256,1.4074597776752893,62.169642755115994,27.575249411049032,107.54922942278851,4.016511516363811,3.832199168484622,4.197601530061737,0.1667490500956849,0.12771500001712885,0.20773314499120704,0.0254207579850063,0.007696715082516532,0.05076865120952687,0.0213950684185072,0.011317105457576577,0.031196606696206008
2026-09-14,525368335,9811363528,1719,1.3339579574107205,1.0050940025416573,1.6748632230380025,3.941794739823374,1.6758074019428042,6.770812404833986,4.016511516363811,3.8277020340719763,4.209831366020499,0.0105725318565326,0.007992219360065141,0.013318051326552404,0.0155762475925522,0.00455212110006814,0.032323585280060844,0.0013565297211442,0.0007058219256394179,0.0020289745671703296
2026-09-14,525368335,9811363528,1916,2.0016693067530853,1.5157881060658778,2.4313920458513403,77.59635734062009,33.366465948603334,132.94672731651377,4.016511516363811,3.8305527765845975,4.194424179297417,0.2081259969339128,0.1623008758621054,0.26033789930230616,0.2967855178030106,0.08159081766516933,0.6023509759869478,0.0267040198520826,0.01425599046279768,0.04029231337003808
2026-09-14,525368335,9811363528,1952,1.3468217979897652,1.0138787094090191,1.6728328818018698,1863.9669068300714,769.8722460832957,3231.32297173025,4.016511516363811,3.82622544482566,4.207974034523955,4.999461109146058,3.8063699123831443,6.28025886197703,5.484199653422036,1.4963470542487816,10.633172411582622,0.6414657980028513,0.33890151209983094,0.9353703712623741
2026-09-14,525368335,9811363528,2078,1.65945507222956,1.277506446357743,2.025698596344151,8.217614208814005,3.517761200454864,13.936965573907688,4.016511516363811,3.8330661352800717,4.202087072787744,0.0220409721312059,0.017249877686390653,0.027352545355880466,0.0229409525190747,0.0063785624935855535,0.04620713113488396,0.0028280107532064,0.0015331958476951077,0.004163031658197988
2026-09-14,525368335,9811363528,2354,1.6214424633213442,1.2121417504682868,2.0472916999381194,3.9724635795453027,1.6994725652505043,6.836858264050437,4.016511516363811,3.824105987283849,4.198900919817328,0.0106547906514128,0.007959341260017627,0.013443207743531593,0.0158243586700729,0.004644457614714166,0.03204854758022289,0.0013670840993759,0.0007413321688250496,0.0020305056084036674
2026-09-14,525368335,9811363528,2557,1.4059583786232077,1.0569280091542128,1.7413768197425061,9.559035514334681,4.014808514249192,16.381917828310687,4.016511516363811,3.821358798814216,4.200328227999052,0.0256388813126171,0.019583426033972458,0.032265200625565586,0.0281078324548199,0.007530998958772931,0.05417504473740366,0.0032896476444253,0.0017518335018624936,0.004888280096760727
2026-09-14,525368335,9811363528,2624,1.5977699187597783,1.2275691514035696,1.933015929441178,2.924774306204892,1.2522374823006852,4.8541996878785945,4.016511516363811,3.8443336685721263,4.198069208274428,0.0078447183495163,0.006163395770922624,0.009705312440438995,0.0102618503239304,0.002812654424715469,0.018845672878857796,0.0010065321854338,0.000522279632483215,0.0014886184142255652
2026-09-14,525368335,9811363528,2633,1.665206839888409,1.2745716510892933,2.044143428396051,56.166239030852424,23.82082597148219,100.34597429332443,4.016511516363811,3.827707358179389,4.203653122133099,0.1506469490701893,0.11711612033226834,0.18783104757604913,0.2537969421532537,0.07758265176419656,0.5279801963259219,0.0193290563307351,0.0105281816089622,0.02925415724864227
2026-09-14,525368335,9811363528,2742,1.1355300668360446,0.8517711278650072,1.4276536837155154,206.64838806066103,82.65894929744938,355.5753176019293,4.016511516363811,3.844548085269724,4.21409807451339,0.5542644429959199,0.4131796120969217,0.6925297750236719,0.3734169365018258,0.09964020128753982,0.7373945759271201,0.0711160013987412,0.03753983693218243,0.1038916056496958
2026-09-14,525368335,9811363528,2806,1.625696938357529,1.2435476051839467,2.058417221561822,2.970239674997606,1.222766174995443,4.974098914194706,4.016511516363811,3.827774419716204,4.197656727900817,0.0079666638316272,0.006013145779949125,0.009953429027372169,0.010880985138851,0.0030987329057169423,0.021896969754266637,0.0010221786429794,0.0005462627084676111,0.0015643578658728777
2026-09-14,525368335,9811363528,2807,1.4327059416466286,1.0818025179088318,1.7667122621023625,9.530831334556435,4.031389474990589,17.08076311054482,4.016511516363811,3.832718846724533,4.1992191083766635,0.0255632331348517,0.019707003833521648,0.03218388268247229,0.0410044808550903,0.011626973977446664,0.08248339255052978,0.0032799414545663,0.001805007303325253,0.004905610120082687
2026-09-14,525368335,9811363528,2843,1.271186742919912,0.949094518597415,1.5830434516124317,345.74406030816056,147.9595129201157,592.2734375769973,4.016511516363811,3.8358912779838352,4.2096659114941515,0.927341562178539,0.6998994300009044,1.167400196258682,0.94678220730744,0.26650009014631326,1.8673975332746162,0.118984402962117,0.06347803749550313,0.1806962339259784
2026-09-14,525368335,9811363528,2914,1.3426125161136409,1.0113898645679256,1.6737371258749856,366.95597411022055,157.33509388901223,600.0781513515316,4.016511516363811,3.8362537799189353,4.193358672061935,0.9842353502148872,0.739494138305911,1.2237802054585682,0.6006756649547927,0.17650494390254498,1.2462535884215984,0.1262842735576451,0.06628254428449916,0.19069836401836052
2026-09-14,525368335,9811363528,2919,1.4198224282809209,1.065722889615654,1.7920055877839791,6.79884746177202,2.846775365521141,11.738542673483849,4.016511516363811,3.8395132804984287,4.21585846279088,0.0182356099497234,0.013644367342444313,0.022942900982288912,0.0183991473877641,0.005250656686801615,0.03609825536566965,0.0023397561923361,0.001223839701378173,0.003499432284216253
2026-09-14,525368335,9811363528,2961,1.2773677140523212,0.9644709378003846,1.6168594491474548,262.34826878525166,108.06011333910234,454.7572192408362,4.016511516363811,3.8205416629802387,4.200223243644548,0.7036605435630915,0.5253346595364315,0.8806829659546319,0.910221676042117,0.27379239567407776,1.928136916905609,0.0902845651252433,0.04673028269144749,0.13656181112899193
2026-09-14,525368335,9811363528,2978,1.1355300668360444,0.8654902175092797,1.4273506367446531,253.28101794426632,106.84262257435364,431.97965823250735,4.016511516363811,3.8323440050629185,4.199848959555499,0.679340708387761,0.5134224641720616,0.846726937323406,0.9283093749199348,0.2690581888061666,1.8598582169625726,0.0871641603181128,0.04588659510285198,0.12731479980559304
2026-09-14,525368335,9811363528,3073,1.7027367617283427,1.2834640563410102,2.109779306517147,2.429031474673999,1.0359804839090303,4.130759869211639,4.016511516363811,3.8387900320363473,4.206471690380561,0.0065150557909725,0.004948135150112067,0.008133825870681679,0.0166698088700045,0.004500231490798539,0.03229386995994485,0.0008359271871009,0.00045155721602277226,0.0012430705798926749
2026-09-14,525368335,9811363528,3313,1.4602782095151163,1.1165757280213098,1.8145164462795862,2.638212019792952,1.0822095241804914,4.680336244234247,4.016511516363811,3.832904371211506,4.204185841594338,0.0070761118892756,0.005385327241275995,0.008751548103486096,0.0163752821524574,0.004685736381067165,0.031805916562256585,0.0009079146053377,0.0004826470284562703,0.0013484676256898746
2026-09-14,525368335,9811363528,3575,2.4192646650277276,1.8441767003460516,3.000375135063418,7.398328946615025,3.1023928425278595,12.746103498618982,4.016511516363811,3.8229500186673016,4.213060464914814,0.0198435163766796,0.015170226898538875,0.024681119634266634,0.0532565705654793,0.016322482210462484,0.10999163299993077,0.0025460618234359,0.00138627896604579,0.0037134561061319274
2026-09-14,525368335,9811363528,3597,1.4826254314718303,1.1223393472926801,1.835043278850047,3.2209242276561696,1.3179753091564856,5.31495606941631,4.016511516363811,3.8288628189706584,4.2004455703501815,0.0086390403996273,0.006533461046953893,0.010682316191410187,0.0111315287552328,0.0029948450326186074,0.022168474984263668,0.0011084492554183,0.0005790287808913403,0.0016299531749268275
2026-09-14,525368335,9811363528,4091,1.2850025025608607,0.9696460787452564,1.5767410081561604,3.714617421962117,1.5904549268484443,6.4259973449822745,4.016511516363811,3.8421347086153768,4.187700912373918,0.0099632054991999,0.007714411145290072,0.012544401180575395,0.0481585866900932,0.012820305736801653,0.09422648764133364,0.0012783488913472,0.0007060243264079384,0.0018946766859604589
2026-09-14,525368335,9811363528,4212,1.8070547399543326,1.3625141896384723,2.225147830840615,2.1938587251213675,0.9256317520423623,3.6576898497549903,4.016511516363811,3.831129024918055,4.2086329125674915,0.0058842843910023,0.004512636748378445,0.007369672880023574,0.0142496238802299,0.004243525839253491,0.027301022264563244,0.0007549948084694,0.00039090282401091836,0.0011433308013460558
2026-09-14,525368335,9811363528,4437,1.9263350745508883,1.4760127019862492,2.327840512445427,7.1582340383965635,3.103616824508384,12.461930608997886,4.016511516363811,3.842117737011425,4.19902004131692,0.0191995429500357,0.015175788004311516,0.023933953242476387,0.0463208480109947,0.013237983590903234,0.08619096117124639,0.0024634355325224,0.00133808885779194,0.0036767182541842585
2026-09-14,525368335,9811363528,4606,2.601531206735102,1.9513799773827902,3.2501320281410884,5.981640721800909,2.464255204113163,10.587603727733756,4.016511516363811,3.8426436116493603,4.193460642102674,0.016043729128424,0.012119632501424607,0.02018592000663915,0.0282865506395914,0.007799735004363311,0.056098017351095944,0.0020585225654578,0.0011055813547732561,0.0030972305512040194
2026-09-14,525368335,9811363528,4662,1.8295908916076962,1.3823371492854895,2.2807649629105198,3.631197120164573,1.5454967158184694,6.308309626452632,4.016511516363811,3.826547544586909,4.195647310662371,0.0097394587400585,0.007400917900244784,0.012211025543935139,0.0271352373132875,0.007683248780526926,0.054251296683223565,0.0012496406185415,0.0006841735892910783,0.001859346536226957
2026-09-14,525368335,9811363528,4718,2.7390858171702868,2.074358669880743,3.4311567332858295,100.95128042007082,43.490089676876586,170.41676980782495,4.016511516363811,3.8318584392010013,4.207948832872299,0.2707676829075019,0.2046055000276523,0.33843401783913946,0.4732736638216487,0.13689646561537486,0.8680242731976913,0.0347413859209539,0.018692921644606397,0.05167423407737025
2026-09-14,525368335,9811363528,4760,1.8597767169312103,1.3938457174640693,2.302654894841248,3.0565339627967796,1.3480641261740747,5.333531393845773,4.016511516363811,3.8276711376784966,4.201626409146022,0.0081981190866602,0.006308247442403551,0.01042132329935918,0.0222070573048861,0.005737924523358937,0.041975107688723826,0.0010518759696772,0.0005600692295167377,0.0015391274164945567
2026-09-14,525368335,9811363528,4938,1.5397720051321058,1.162777225667789,1.8782803929127079,2.5518417812950966,1.1015345979998459,4.376654584885126,4.016511516363811,3.8371718699071407,4.205016350359359,0.0068444529221687,0.005307720752802465,0.008573691721259769,0.0166865416663868,0.004696827260207853,0.03397619860237772,0.0008781911409571,0.00046196365197798795,0.0013134039052938677
2026-09-14,525368335,9811363528,4969,2.307083000017141,1.7410847783322179,2.8429041444068326,432.07633512544345,174.53178833220954,728.3833491376519,4.016511516363811,3.847082267799523,4.195306393540205,1.1588987045460155,0.8866909072997905,1.4478199376282397,1.4117645749463832,0.3961245344030437,2.631312390915576,0.1486948025170371,0.07994013280795155,0.2207092459053611
2026-09-14,525368335,9811363528,5045,2.5864446372521015,1.950511670830824,3.123338853348758,401.3156550665818,167.74671530118843,686.158329387872,4.016511516363811,3.8365489808002087,4.19665319046096,1.076393579008836,0.8440959843062408,1.351644198374043,1.6943299778542975,0.45513433737269604,3.3351922523497524,0.1381088183406201,0.07379037805223493,0.2091097918954538
2026-09-14,525368335,9811363528,5070,2.2041806902077488,1.6718346675167133,2.6849367884161413,205.02744221476976,86.09600025462125,362.78654500758927,4.016511516363811,3.83021356190758,4.203056928049766,0.5499168037288973,0.4268866847017875,0.6855724920235494,1.0702736957062802,0.25800126621459174,1.979590055012823,0.0705581688982049,0.03762313588128227,0.10393136568420665
2026-09-14,525368335,9811363528,5260,1.4390631311440742,1.101592046618833,1.7354282086699622,22.98459751334472,9.61862887035565,39.93006139669014,4.016511516363811,3.845863887917341,4.1956690314389204,0.0616484128319441,0.0483915329391549,0.07623514674162257,0.1617218369285588,0.048132130038306645,0.3330991446416291,0.0079099221835144,0.004175943424183056,0.011235258414547923
2026-09-14,525368335,9811363528,5460,2.852669877618061,2.1420001378712916,3.4796477833109423,346.4121486349303,148.9602259075185,589.8615182105993,4.016511516363811,3.839076904835064,4.189791668766162,0.9291334832662584,0.7162665630631952,1.1635606816762885,2.034588590118541,0.5242446010155593,3.839530517791627,0.1192143189601411,0.06435902436301066,0.1768550124863352
2026-09-14,525368335,9811363528,5596,1.59425113173898,1.222894820117729,1.9959871943959813,70.28133264473479,29.177145839000318,119.71025017399931,4.016511516363811,3.8417586372324806,4.198518503546663,0.1885059160486165,0.14259395029622193,0.23274123733371493,0.3253472728382555,0.09300389460625026,0.6262397732583358,0.0241866263636238,0.013200636411396639,0.03536060228663128
2026-09-14,525368335,9811363528,5771,1.8887005221685615,1.4266062540218116,2.3051808532967124,9.353058494961623,3.917690431681236,16.421863605606713,4.016511516363811,3.8305105608567662,4.199089683818667,0.0250864175891679,0.01925221218881244,0.031108729276096873,0.0324575148823344,0.008858373046230293,0.06323877744108666,0.0032187626879283,0.0017315418307226862,0.004809615121904716
2026-09-14,525368335,9811363528,5891,1.5825288984121222,1.2081302743143338,2.0008277396415663,7.5894322587236465,3.0667809041402094,13.357922985426802,4.016511516363811,3.8233070817986565,4.192312511561876,0.0203560864084839,0.015307575031072607,0.025351429164244134,0.031228022892216,0.009665182295438482,0.06252369342997373,0.002611828140506,0.0013999944214056017,0.0038060334753932303
2026-09-14,525368335,9811363528,6343,2.8554425130209187,2.1576037614859205,3.5693904499439237,1.5010863537565924,0.6396093212992005,2.5543615365007115,4.016511516363811,3.826730712744299,4.195612275277982,0.0040261566981565,0.0030504205698196475,0.005046405408871073,0.0108996007678084,0.003032729310318808,0.021936376206071466,0.0005165840403364,0.0002701955391509751,0.0008057351415069521
2026-09-14,525368335,9811363528,6490,1.5562372539498934,1.1679137392576575,1.8991047231086629,11.372406874693505,4.541124982929877,20.43636010393867,4.016511516363811,3.8244176955915927,4.225170179449737,0.0305026369722983,0.02369069054062013,0.03852262439175892,0.0275092095703918,0.007617656935380353,0.0555025812753814,0.0039137014849123,0.002111157788543763,0.005924880033400069
2026-09-14,525368335,9811363528,6522,2.6911677154405673,2.04121310481637,3.2686367038312993,1237.1850430449804,509.7895382263123,2080.223799018484,4.016511516363811,3.827332413985889,4.190964917017477,3.318330644635447,2.5941345653371144,4.154041273733928,10.071290501439936,2.8726568116518703,19.12247686366231,0.4257650111737686,0.2329634612900607,0.6411901415482193
2026-09-14,525368335,9811363528,6607,1.9770216726552368,1.4870007811914507,2.4772885765882697,144.1909518291515,62.5751056468799,241.64330858267317,4.016511516363811,3.853021499801525,4.1951451580189065,0.3867434841890754,0.2924001409619608,0.48712743632408234,0.4956933960692098,0.1402657716967681,0.9109467406524935,0.0496218916982679,0.02695213315007131,0.07286131593828336
2026-09-15,63563817,1841014603,9,0.6537882134311644,0.49279983626785767,0.8050121485905942,117.22680674012402,50.3710537154544,200.3532505084359,3.4979196789648097,3.304234796108149,3.689077911992487,3.6663248904721546,2.8172202248326803,4.602056382938293,10.928579623289057,3.0007107793316017,20.138264503259276,0.470415104800394,0.25437161729073937,0.7043773815061167
2026-09-15,63563817,1841014603,726,0.8477036864305373,0.6535189322500286,1.0339769665631058,19.534984917258523,8.439326046356612,33.34078962175677,3.4979196789648097,3.304456590764653,3.6862197194124198,0.6109660702088257,0.47454548997588547,0.7508108542333316,1.1922031290801225,0.3329169882494924,2.3916388741424295,0.0783912164177454,0.041582999756295674,0.11590521008071243
2026-09-15,63563817,1841014603,1567,0.7837316903244611,0.5933826552455045,0.9657219467198042,3.1185394817995524,1.3548586420912103,5.260873514220233,3.4979196789648097,3.3093405761061883,3.68884777056885,0.0975338255983423,0.07487769645085711,0.12186166145800967,0.3179028834307231,0.0903640755019665,0.6141733923215192,0.0125142714192246,0.006512007112035579,0.01836509560363319
2026-09-15,63563817,1841014603,1667,0.8769812529662567,0.6555142197897067,1.1074257711386406,6.578294616843049,2.6988061370575513,11.210723674637535,3.4979196789648097,3.314351949626299,3.6922149743032358,0.2057393352363284,0.15221731852045006,0.25715592936980897,0.4620391535936331,0.1298715676421659,0.885412102259506,0.0263977944775911,0.013447330342431897,0.03954749980719403
2026-09-15,63563817,1841014603,2123,0.7709477115190201,0.5783859762620422,0.9444088590316779,0.5368700291183993,0.242941430070654,0.902642718040313,3.4979196789648097,3.311336134003388,3.6825693701623115,0.0167908689611314,0.01298449079327789,0.021201530878112447,0.0397512525158044,0.011633214967338696,0.07899793610941583,0.0021543858272263,0.001159501471300984,0.0031483320397977313
2026-09-15,63563817,1841014603,2478,0.8393165705749752,0.6283856669731885,1.0494410024431207,3.823378437927375,1.6959328805522733,6.424745519875375,3.4979196789648097,3.3166556956851196,3.6796042626515466,0.1195780037218205,0.09045730105698004,0.15106901014594065,0.6886307354640605,0.18393933700558737,1.3338302868818441,0.015342693523644,0.008076667601978291,0.02336405465228574
2026-09-15,63563817,1841014603,2505,0.8037306103877927,0.6148811976406449,1.0134313250459779,0.501119894555956,0.21897643110310136,0.8809026757197388,3.4979196789648097,3.308543885396402,3.6856301698836913,0.0156727662691884,0.011780192287475857,0.019415807490464666,0.0486510247194263,0.013366420625961755,0.09750032541153453,0.0020109254382207,0.0010602525385802804,0.002983558937732414
2026-09-15,63563817,1841014603,2570,0.7378246941434152,0.5673062238236747,0.9033479354350155,0.9177922285846346,0.39842432941573425,1.5576570613492764,3.4979196789648097,3.3105830271306678,3.696576272329352,0.0287043943745848,0.02237590380527419,0.03563012554239179,0.0976748536792049,0.02755139616265723,0.19267716712490424,0.0036829743929794,0.0019727612211721014,0.00556104541399603
2026-09-15,63563817,1841014603,2892,0.7932425577964939,0.5950409877650223,1.0107090017527838,2.540379007450308,1.0642997672705923,4.370365486192485,3.4979196789648097,3.301527984229245,3.6865445879162184,0.0794515780583836,0.058779900539715914,0.09984082067296235,0.2384823452682293,0.07217502361792974,0.4638191400639587,0.0101941926958027,0.005301196781196543,0.015317553128062534
2026-09-15,63563817,1841014603,2985,0.7768439881511195,0.5863220161140695,0.9586461327470112,9.613075146331022,4.230905266759661,16.43401245409435,3.4979196789648097,3.311144216581057,3.6948440641639113,0.3006535592247711,0.23157203775243854,0.37862408768994715,0.8006866487401865,0.24205784860772672,1.647904902237739,0.0385759527037219,0.020653398811886384,0.05654729389138061
2026-09-15,63563817,1841014603,3169,0.7209997791931797,0.5406444990740268,0.9104652942144161,0.5141127093803084,0.2191818436070175,0.8851016992178322,3.4979196789648097,3.305904940689078,3.693061391398176,0.016079122816061,0.012034797745608094,0.02026704373952688,0.0375739084250037,0.011411567203662066,0.0742092903463719,0.0020630638229231,0.0010997288161846053,0.0031345197072303295
2026-09-15,63563817,1841014603,3304,0.7379666870745882,0.5652628534477057,0.9130825214246423,0.6815558991445411,0.30170243785216744,1.1548668821818056,3.4979196789648097,3.3164724619981687,3.6828228335162407,0.0213159892926306,0.016492609239172427,0.02664090375825499,0.0492592178421911,0.013755904185234041,0.09701863479300492,0.0027349903886247,0.0014473797300960742,0.004074136335577341
2026-09-15,63563817,1841014603,3501,0.7683058491009742,0.5801536970368708,0.9443930991044337,1.1498861313584638,0.5068532296922416,1.9506296480138885,3.4979196789648097,3.3030774706729917,3.682416450992235,0.0359632430656774,0.027626252220327253,0.04497091388756157,0.1439468360589288,0.03965332158239208,0.2827303809311428,0.0046143354070086,0.002472819794526215,0.00683365364970764
2026-09-15,63563817,1841014603,4713,0.7576904694974024,0.5690605975467097,0.9299890778095331,0.6214612947089978,0.27394022047080796,1.0857362373443342,3.4979196789648097,3.3126293933084265,3.6854960706421434,0.0194365015700524,0.014988283795824288,0.024494611054435195,0.051898309685683,0.013977997367839926,0.09453691771681415,0.0024938389794069,0.0012920476714895776,0.003701296197813702
2026-09-15,63563817,1841014603,4827,0.8024641927959579,0.6148695393369509,0.9845825098798748,1.1539865943411367,0.4987621551419873,2.0075773446796323,3.4979196789648097,3.3177264020502073,3.673552223117814,0.0360914870221059,0.027987234424965417,0.044815512338794404,0.0891261464006495,0.027353364409181968,0.16990078111750684,0.0046307900028247,0.0025096170741056283,0.006999464730215773
2026-09-15,63563817,1841014603,4868,0.7678178766765807,0.5786086867230523,0.9340315145174539,0.5279702426321826,0.23309404251233254,0.8731645782838824,3.4979196789648097,3.320156128515908,3.6853567232520272,0.0165125238485955,0.012752062195098309,0.020585169297740392,0.0405934277216203,0.01082209407603371,0.08120919605128911,0.0021186722041307,0.0011138225628602417,0.0031681505351293087
2026-09-15,63563817,1841014603,5134,0.7557956603574484,0.5729081370038426,0.9213129459779312,5.969374501074134,2.5557550397724085,9.964649010917222,3.4979196789648097,3.311961572790488,3.6852858906085557,0.1866950650831551,0.14514392794359338,0.23341085805458492,0.4635430430393054,0.12685141348999676,0.8705769204660769,0.0239542815299979,0.012912192797611067,0.03491929458728225
2026-09-15,63563817,1841014603,5307,0.927617122318599,0.704482507277176,1.1401403023081722,6.225559005256554,2.7480348009689948,10.652466953082929,3.4979196789648097,3.31304960842296,3.67932226232895,0.194707358946277,0.14969141149721796,0.24226139266439595,0.2968905221104768,0.08253829717651984,0.6027244399063283,0.0249823148248941,0.013314414225351326,0.036798412468752484
2026-09-15,63563817,1841014603,5374,0.7582024012026638,0.5701763525502189,0.9231328730620396,3.3099189938595215,1.4330559296990861,5.806372032822706,3.4979196789648097,3.322342709550089,3.6922869669461718,0.1035193120933158,0.08061386578189816,0.13051631370614566,0.1736742277482565,0.04778114219760354,0.3524593444674006,0.0132822511648635,0.007258794890783951,0.019311056529542556
2026-09-15,63563817,1841014603,5418,0.7738661823852379,0.5791633714278399,0.9698374979221356,1.4217408220746242,0.6082639722933488,2.4135799631590924,3.4979196789648097,3.3101565861695357,3.6814496444724862,0.0444656295665213,0.03367510158518236,0.05639061079282385,0.1260891104043286,0.03691700101408122,0.25917060970117883,0.0057052510122355,0.003045480459328849,0.00852228418023725
2026-09-15,63563817,1841014603,5592,0.7558714565786518,0.5718666652593796,0.925257416079604,0.6160254899180351,0.26678540919298915,1.0577905779873882,3.4979196789648097,3.303401039564296,3.6875790816206897,0.0192664941548625,0.01488476657410327,0.02408295761225429,0.0434166590565362,0.012597652589058119,0.08916737844086448,0.0024720258399764,0.0013234144719258163,0.003673541426289489
2026-09-15,63563817,1841014603,6083,0.8071036815292248,0.6214288496260434,0.9799040313482631,10.301835230590786,4.457293631774042,17.560477678686176,3.4979196789648097,3.3217750736964167,3.667164509195259,0.322194862879688,0.2529349919914385,0.39884191015712916,1.162363074661631,0.3285610424976957,2.187548418280694,0.0413398524995907,0.02236327244430385,0.0608942434270241
2026-09-15,63563817,1841014603,6149,0.8484529928956898,0.6567592155173595,1.0546244030464829,14.15394541322747,6.143833202914687,24.813934403453544,3.4979196789648097,3.3166069123833664,3.6784413251173524,0.4426714657675504,0.3384331900120155,0.5434563631517272,2.6857162819192686,0.6970158374442017,5.26024203489019,0.0567978425759122,0.030765542662203736,0.08209940655779951
2026-09-15,63563817,1841014603,6352,0.8038545772771388,0.6065033884864486,0.9862273574669236,4.975393639071687,2.171343322020223,8.725763779285304,3.4979196789648097,3.310322266893076,3.6836563698768456,0.1556078344713773,0.11966111481200147,0.19457906250786874,0.7251387325280384,0.19706943957817102,1.4196050189876102,0.0199655725958286,0.010728793500713636,0.029112183616543847
2026-09-15,63563817,2874903000,193,0.7635758564747509,0.5738286624208397,0.9584456475819185,0.6441775979661089,0.2802522424261061,1.1019592158982272,3.616785521309269,3.4370920868173074,3.7927140837335127,0.0138314810643168,0.010465632991483148,0.0174804031244804,0.0134420474335579,0.003561651127199634,0.025443569227176718,0.001774675678995,0.0009716757588474651,0.002575499639491349
2026-09-15,63563817,2874903000,431,0.7960672877475006,0.6086955521108265,1.0029551691773662,15.571226663430169,6.297619057825164,27.13787364237947,3.616785521309269,3.431827451777897,3.798898136935437,0.3343381195239117,0.24896649108296548,0.41022515823829625,0.5560304406853717,0.15113294726729787,1.0806035846681623,0.0428979171876808,0.022590957048119018,0.06420710037461194
2026-09-15,63563817,2874903000,648,0.8338607143935164,0.6309714288809481,1.0562974853265885,0.7071242253598713,0.28777880513615395,1.2097501716050751,3.616785521309269,3.4367362656843627,3.810294090210526,0.0151830417016447,0.011390938875024155,0.019069378505399318,0.0147199301027708,0.004289488872855533,0.028937478128597555,0.001948090353866,0.00103922887412281,0.0028799854170561377
2026-09-15,63563817,2874903000,1812,0.8772615942030937,0.6572427849379517,1.097095596708674,0.8497528597406241,0.3527461067111576,1.4898241185531067,3.616785521309269,3.4221296784235133,3.794362236562638,0.0182454972447984,0.013807928187310376,0.023048743032896175,0.0176889749373893,0.005082933675206752,0.03395147763215834,0.0023410248013895,0.0012875840599858085,0.003438227404184438
2026-09-15,63563817,2874903000,2275,0.8451599948042297,0.6373880590698185,1.0605285741515813,31.8156986640615,13.470093825050263,56.223285986029616,3.616785521309269,3.4305691959606253,3.8018157593534245,0.6831318490574521,0.5149100631743543,0.8567395450317964,0.689069199468021,0.18937073932369233,1.2816981497895914,0.0876505901596363,0.04635778157232811,0.12847372342784907
2026-09-15,63563817,2874903000,2561,0.8361392558248303,0.6406700579322278,1.0247544033563163,49.081242257754894,20.6595535851984,84.18164425092566,3.616785521309269,3.443665379751125,3.7924540931581427,1.0538495518079138,0.8172147488655329,1.3071362646500158,0.9358256120008016,0.2613845785296934,1.8784875649871289,0.1352162621064728,0.0738717760581423,0.19713963685775368
2026-09-15,63563817,2874903000,2574,0.8927376217549697,0.6714769222298463,1.114654612860877,0.5270220649121585,0.23312373670447095,0.8959420035927848,3.616785521309269,3.436652845504068,3.804877088427757,0.0113159720771494,0.008588310672654179,0.014256633088991628,0.0109017817173171,0.0029410497619659936,0.02143593994551438,0.0014519182968274,0.0007906697998628302,0.0021845618305048
2026-09-15,63563817,2874903000,2669,0.7663640665295495,0.5772827295189544,0.928909146457127,0.9753749219724815,0.4300218341584265,1.6375415865303997,3.616785521309269,3.445501203344607,3.800017852681269,0.0209427955993304,0.016227762307497662,0.02611219089566034,0.0246203186964821,0.006499679483586655,0.0451791094799137,0.0026871070297874,0.001476009898821435,0.0038478145461334494
2026-09-15,63563817,2874903000,2797,0.8223237079902167,0.6118699137410541,1.018403992339395,0.6699850841967218,0.2778067014222108,1.091922635826421,3.616785521309269,3.4334686764165863,3.794098010131797,0.0143856073770656,0.01090582617810228,0.01815172007255834,0.0139468190391239,0.0040387235480694025,0.02711493856383318,0.0018457739573178,0.0009943047938371428,0.0027838309478377837
2026-09-15,63563817,2874903000,3163,0.8624168388620336,0.6597794483367848,1.0420315037181969,58.32348399847893,25.081350335259675,98.07846603914464,3.616785521309269,3.4479248263426165,3.805565678209476,1.2522946576797704,0.9831173357049182,1.5526993859415161,1.0954034481234172,0.3119990119526148,2.0828768020599004,0.1606781559823897,0.0847570930074186,0.23927816050609335
2026-09-15,63563817,2874903000,3422,0.7986096263257335,0.6070857053093967,0.9717197160174621,0.9283409453680496,0.39922291751704736,1.587592616840532,3.616785521309269,3.4233376065734644,3.8055046592227657,0.0199329039811839,0.015554550140149382,0.024897082288212642,0.0179879896254171,0.005355445207488677,0.0340560948674737,0.0025575308777606,0.0014097671539910104,0.0037660952507452073
2026-09-15,63563817,2874903000,4527,0.8587007980380141,0.6491771714700934,1.0565389483545446,12.278208936751753,5.159479743991029,20.61066785416715,3.616785521309269,3.432059028790451,3.8077846616957536,0.2636319781200183,0.20312276446007227,0.33058326968510676,0.362958715686,0.10256143799407998,0.7214040812172934,0.0338258251303235,0.018289137169397784,0.04910519690107306
2026-09-15,63563817,2874903000,4667,0.5245186416225869,0.3980399227491887,0.6413274931655151,1.5648934586461287,0.6991791889778616,2.7287380782047412,3.616785521309269,3.453028087634557,3.795537465734564,0.0336006627819366,0.025975870555653664,0.04185269436901579,0.0567900696240114,0.015393856115158778,0.10874630691101608,0.0043111998462012,0.002241605628283558,0.006242502985082908
2026-09-15,63563817,2874903000,4798,0.6902746838487805,0.5259083160950917,0.8564346162847367,15.52783224771988,6.734647300594043,25.80591538582068,3.616785521309269,3.4326556256854324,3.8105441499671504,0.3334063748605005,0.25487837719045847,0.4150659493802621,0.3613370654624412,0.10606424550036751,0.7242199375962262,0.0427783678360604,0.02269536340974838,0.06295732972576432
2026-09-15,63563817,2874903000,4860,0.7478224732554469,0.5633479008085626,0.9152070011921778,6.268348695297836,2.8065648885144716,10.589792555270694,3.616785521309269,3.4373313705993356,3.8055124675285703,0.1345910608460935,0.10445801913340219,0.16969984272080543,0.3286053858530318,0.09748763867932883,0.6285918260860712,0.0172689736683313,0.00924527589214166,0.02585571035708658
2026-09-15,63563817,2874903000,5241,0.8523023742397658,0.640177741960784,1.0372520601703215,0.7671000265295113,0.32519129467486757,1.3334946582785894,3.616785521309269,3.427938136825678,3.8032126339175774,0.0164708141433041,0.012816932963915272,0.020766714471717365,0.017340990885232,0.004949158585219112,0.03541660588026797,0.0021133205574622,0.0011587252937346872,0.003117344793611602
2026-09-15,63563817,2874903000,5532,0.8745319481077458,0.6565279313345733,1.104248809625418,7.9837290620884795,3.4177406645932646,13.903043576445704,3.616785521309269,3.439117577396918,3.802846766572914,0.171422908361868,0.12789574332154682,0.21511453250014417,0.3046419602126681,0.09137111823168449,0.6366691438242048,0.0219947570963498,0.011372778743743813,0.03328146122501275
2026-09-15,63563817,2874903000,6282,0.8155439548441391,0.6237248356158097,1.0027275319222086,20.237922626449993,8.42104314750281,34.28388061778281,3.616785521309269,3.4335620353572724,3.810058412439252,0.4345392396020245,0.3351353532119692,0.5387783625039246,0.5393555007486326,0.15458395207170508,1.1020609591602524,0.0557544211284955,0.030370640000657055,0.08049882699793813
2026-09-15,63563817,4190988309,9,1.0515656552679882,0.7925434912470859,1.2842403190886529,3.1121979738242977,1.2742410055440097,5.491556480916529,3.853998081674222,3.68633684870821,4.030154345203849,0.0152952180583542,0.011932626258537953,0.019335670437110243,0.090792023190593,0.026501190406187137,0.18693328779734886,0.0019624833643531,0.0010621180378097754,0.002895719380708203
2026-09-15,63563817,4190988309,2478,0.9796096482748785,0.737911497397393,1.2250821314622529,9.967489996383678,4.199076812970796,16.65690843823976,3.853998081674222,3.66913258218517,4.055932330868959,0.0489862580309486,0.036996868061206015,0.06142203442762487,0.1640181889198022,0.04816587588532061,0.3326629716763085,0.0062852792356981,0.0033121367077687397,0.009388749063934785
2026-09-15,63563817,4190988309,2941,0.8541693683601728,0.6459873221363337,1.0705314115899769,4.319483291269693,1.7732399918296462,7.538867033211442,3.853998081674222,3.6693323986533706,4.03686475574036,0.0212285463184089,0.016103360244381366,0.026686519043049008,0.1937644040762192,0.0516210279853249,0.36678101611923,0.0027237708439549,0.0014637209818038999,0.004041882241858233
2026-09-15,63563817,4190988309,4097,0.9815985896433509,0.7439390454133914,1.1851522849809784,3.6324992485289656,1.5193507456749855,6.498667044006418,3.853998081674222,3.6696672789322693,4.0323148601656005,0.0178522923574768,0.01404458992258689,0.02237411511197857,0.3157815543061292,0.09089761967255086,0.635724423672503,0.0022905738665152,0.0012262907951652584,0.003323927298778199
2026-09-15,63563817,4190988309,4101,0.8189837993971991,0.619392822294597,1.0103297658944526,3.938554597717126,1.6912863611569546,6.560922396308785,3.853998081674222,3.6678998266967837,4.03547594533711,0.0193564329497947,0.014945313146555665,0.024378220394354392,0.0639267973097004,0.018697294642022445,0.13034443500539866,0.0024835656158848,0.0013626810727178486,0.003637016177363779
2026-09-15,63563817,4190988309,4177,0.8760250082259798,0.6571550990924189,1.073368302222223,66.89405549477269,29.7234395430067,113.59097507322947,3.853998081674222,3.6632340553548937,4.047966674056737,0.3287577378449764,0.2551073893081476,0.4166812153237524,2.5595518637702463,0.7090730859818851,4.944614629297958,0.0421819152209308,0.0223425472924056,0.0626262602460926
2026-09-15,63563817,4190988309,5374,1.1019393389444616,0.8225851447775537,1.383135146535017,6.4262722202455045,2.552509766974597,11.317031954430902,3.853998081674222,3.6777858829376036,4.035160196473053,0.0315825778879413,0.02383451570860892,0.04007652774489727,0.0908801288147535,0.02631069104058488,0.18194462304069253,0.0040522654513329,0.0021944028250344538,0.006144579008775833
2026-09-15,63563817,4190988309,6083,0.872024203122465,0.6466595205467667,1.0998817485896337,2.521440536095801,1.0752301647369824,4.293575993157553,3.853998081674222,3.6823839178203808,4.031107459833581,0.0123918796763975,0.009179298621046671,0.015612768432559345,0.0741403255705197,0.02365259355898211,0.1505893020370346,0.0015899647605686,0.0008627642457588228,0.002373441582833879
2026-09-15,63563817,4190988310,925,0.8809722768965813,0.6568817692030803,1.1095339683929388,5.068186806838292,2.1736073565556486,8.696520466067058,3.739550942646773,3.5554693477197623,3.927394672106083,0.0895810992804537,0.06730783186587479,0.11368915657827919,0.1532980628333511,0.04394806814470543,0.3044535222578808,0.0114938810566573,0.0060423125633671465,0.01675837391709202
2026-09-15,63563817,4190988310,1186,0.864143563287585,0.644812779849454,1.0812681298074722,2.6037743293161313,1.1300730207189396,4.480933675381288,3.739550942646773,3.5520812628917464,3.9252336830838277,0.0460221723444866,0.03476541298925396,0.05829711969032218,0.0737575843399618,0.02209669598676702,0.14813593369906664,0.0059049663282256,0.0030546706278022275,0.00889828440101771
2026-09-15,63563817,4190988310,1567,0.899761368142082,0.687975010297353,1.130973673978073,16.683454321517466,7.078957624620433,27.99601459328137,3.739550942646773,3.5531172804459037,3.932972479402517,0.2948830094226744,0.2220127937438436,0.36497023251471833,0.9953197041593872,0.2827544961745464,1.9395740908446593,0.0378355508378197,0.020459478514099294,0.0537124265035298
2026-09-15,63563817,4190988310,1667,0.9540159898878118,0.7215728066483207,1.1673039022588658,4.007758608380537,1.6331132956300431,6.795523687942379,3.739550942646773,3.5628873369999474,3.9186141285719915,0.0708378430931196,0.05474943746278613,0.0885693465828404,0.1606331739035543,0.0436063301825404,0.30801194136090804,0.009088990304455,0.004972386365270142,0.013720439546743233
2026-09-15,63563817,4190988310,2123,0.9007931051512391,0.6824582141926675,1.0971839037020337,3.3042939426765265,1.440232174481527,5.736276879256963,3.739550942646773,3.5582161640420207,3.916486763151303,0.0584039805579629,0.04554441448189081,0.07322147705728543,0.1490094768494765,0.04564887956256149,0.3091291965049106,0.0074936388497191,0.004087916025871981,0.011088918111078674
2026-09-15,63563817,4190988310,2892,0.8657868901372066,0.6499421687071492,1.093023792561935,6.996129751256978,2.8891664700056094,12.058125077909146,3.739550942646773,3.559434624054571,3.9179289914097084,0.1236578322213141,0.09227110355770671,0.15517459307977702,0.2134474436583067,0.060711070210353026,0.4350428961139198,0.0158661640311662,0.008132888056127002,0.023707772563165856
2026-09-15,63563817,4190988310,2985,0.8834763313054536,0.6669516059657166,1.0844789115909348,55.52139953855518,22.94968533146616,94.88709368803376,3.739550942646773,3.5504963778474727,3.922096716777759,0.981350568519354,0.7537832864839132,1.225667116215847,1.604868437741356,0.47003010633446674,3.208986403188374,0.1259141359064082,0.06641687931372181,0.1870025611076684
2026-09-15,63563817,4190988310,3169,0.902868762589751,0.6809364698744802,1.1263239031290706,47.40411112132665,20.196348940997677,81.30052000902006,3.739550942646773,3.5566638142278038,3.938089964858905,0.8378760583433074,0.6377292270139769,1.054855634685381,1.222813400197037,0.3548525159466318,2.3994301347578118,0.1075053536088965,0.05836557256393032,0.1592257068496767
2026-09-15,63563817,4190988310,3304,0.9027538507285625,0.6785954183106958,1.1416984178462568,0.782075247781472,0.3256018790917225,1.365747072082125,3.739550942646773,3.546235376217334,3.9429346558831573,0.0138233184936612,0.010316475425169658,0.01735685837189186,0.0322481308905622,0.00943572846261041,0.06317875319508971,0.0017736283641375,0.0009280659568393177,0.0026240079718988824
2026-09-15,63563817,4190988310,4403,0.8536507868998228,0.6470341076950596,1.095819282059713,1.2334125189188418,0.5171729964010191,2.0592722738923817,3.739550942646773,3.5528521503164496,3.933736310439233,0.0218007846833789,0.015976100926122314,0.027057181744780133,0.1439858686729319,0.03902959424056845,0.2576748857803305,0.0027971930251499,0.0015120839646710585,0.004061263679966465
2026-09-15,63563817,4190988310,4675,0.8676217288626779,0.6526156429453298,1.1023574288581754,1.0614453675624735,0.46090664929044556,1.7996386653984453,3.739550942646773,3.5583146288755505,3.9263902648165003,0.0187612348313793,0.013976180118610274,0.02360768723115117,0.0620095575501611,0.017321469913493964,0.12361392652098503,0.0024071975378732,0.0013202739892854648,0.003526493337244589
2026-09-15,63563817,4190988310,4773,0.9933918934870617,0.7466845215430729,1.22615082918205,8.469800181176112,3.683274194394151,14.381972311602755,3.739550942646773,3.5804358292907583,3.91942954515777,0.1497052180262602,0.11432658014818096,0.1877368552330721,0.2464599647191093,0.06961299586195772,0.5152947222886799,0.0192082256567065,0.00996350858789993,0.02915897168082281
2026-09-15,63563817,4190988310,4791,0.9678615782458758,0.7319418876373851,1.2001187825793,1.0498728586665647,0.4493484889468317,1.8404143621214044,3.739550942646773,3.557743472650272,3.9250272495381497,0.0185566886873955,0.014123052045477577,0.023156676395413616,0.1186962712802925,0.03330365645139831,0.2369054510347926,0.0023809528381717,0.0012349212004737608,0.0036443452656250794
2026-09-15,63563817,4190988310,4827,0.9087936843057164,0.6896222534803038,1.1175068227533544,4.332171645644244,1.8082594196685178,7.326704732997003,3.739550942646773,3.551919076898421,3.9208875971488566,0.0765719009735005,0.058798423865244115,0.09528062608888879,0.2500513166114337,0.07132630464942284,0.4745219263684955,0.0098247100017848,0.005330640216403128,0.014393994130710961
2026-09-15,63563817,4190988310,5010,0.8724831904912609,0.6708379165315823,1.0614280738174313,2.9745932702794384,1.197959952671429,5.068766274364198,3.739550942646773,3.5467521575685854,3.922363204364944,0.0525764627902702,0.04077821162744213,0.06452101695734182,0.0973925416130785,0.029095449522154322,0.19177634060652696,0.0067459275957221,0.0036999654793393373,0.009727638249486414
2026-09-15,63563817,4190988310,5134,0.8279728789583275,0.6360672460554497,1.029120246201819,8.307515890608759,3.688328752151931,14.317129074233288,3.739550942646773,3.55013981105741,3.9175712631710486,0.146836814453338,0.11162644794696788,0.18060522612751995,0.8577892694825905,0.24031165624188217,1.640511548494663,0.0188401894330558,0.009809756140049634,0.0274239714509119
2026-09-15,63563817,4190988310,5267,0.839421293858216,0.6360973308005118,1.0555714090487962,5.400831569530676,2.2736006075999047,9.31676171463737,3.739550942646773,3.5625420993176746,3.928347142823869,0.0954606543654524,0.07146098917066025,0.11858605088104175,0.2111932735142121,0.05763071969982129,0.4176455235001943,0.0122482690621167,0.006500079426357784,0.0182684567070504
2026-09-15,63563817,4190988310,5330,0.9089483191294575,0.6754561648791176,1.1634609911645355,5.4659864454646785,2.4042831856900904,9.033448997074958,3.739550942646773,3.5491105700771435,3.9354782362241116,0.0966122783351479,0.07133420644585317,0.12287187047117322,0.7584912935018445,0.20028123896196212,1.5131286875068226,0.0123960304653144,0.006602028639368529,0.01860986916384584
2026-09-15,63563817,4190988310,5418,0.9547319580832294,0.7302719352573995,1.1865980148886568,0.6496276353556784,0.2726489524225721,1.1302308826688778,3.739550942646773,3.563929797629063,3.941503223251117,0.011482283490341,0.008722686464229783,0.01417324416185189,0.0590797236426565,0.01764909132426931,0.1184465001208751,0.0014732572133728,0.0007833633548733356,0.0021065621179453637
2026-09-15,63563817,4190988310,6325,0.8305672316834412,0.6199996870561137,1.04615235919636,4.108070212082276,1.8072809004434696,6.888698858739692,3.739550942646773,3.5531323928532994,3.9354160673026266,0.072610868451629,0.054444487063292295,0.09186654408963267,0.1374813205190052,0.038904319367170176,0.26248020133493716,0.0093164818483726,0.004899075502507426,0.014172008659184445
2026-09-15,63563817,4190988310,6352,0.9305626982094762,0.7008672481931981,1.180500282576821,3.0809170639632177,1.307725071396022,5.322251139302303,3.739550942646773,3.5502142511684998,3.928772891305799,0.0544557546713449,0.04053976448150837,0.06828283608542411,0.3129296707686201,0.0888483375572776,0.5965609150704582,0.0069870538771064,0.0035884152675304953,0.010291883990787547
2026-09-15,495403620,8878077181,1048,0.3266362876909331,0.24972786141259531,0.3984881285669783,8.92308957893949,6.184360239820736,12.048848202694927,1.2404606684711723,1.0626227810549869,1.4301428031336951,6.268276909690196,4.85080942219587,7.740372482402681,65.70977663911505,20.13127038743441,127.28486630086924,0.8042637320693276,0.4362455087891845,1.1676249380495272
2026-09-15,495403620,8878077181,1607,0.5699462766960651,0.42697891167845586,0.712649882223735,4.651771142980827,3.2863855235451602,6.345542548331032,1.2404606684711723,1.0419808444968999,1.428958961017537,3.267768342652388,2.4882937779301657,4.153091020492248,33.25778235141402,9.836573772845753,62.24821147082019,0.4192775144851576,0.22377758141527407,0.6310852343777351
2026-09-15,495403620,8878077181,3989,0.389732060224033,0.2959618158115207,0.4803926840911208,183.80564246761105,128.9451123136913,250.85569098558454,1.2404606684711723,1.0622631987818665,1.4186358690956073,129.119477548429,99.4026626964125,161.34619193221985,1273.6422891951045,350.73607387729754,2460.534902142196,16.566931294213315,9.055761908293874,24.400148679560097
2026-09-15,495403620,8878077181,5778,0.5287604428284352,0.3963617454905401,0.656367356731648,135.4771384495326,96.25546106075383,185.0751153073909,1.2404606684711723,1.0622534229661251,1.4371973823224933,95.1697516002115,72.92978961443691,120.76985544527442,1004.2766399423102,292.43459065921724,1954.8914671058371,12.210944204422512,6.641999495354601,18.12185139083904
2026-09-15,495403620,9628223555,104,0.7508438928708385,0.5759756447463208,0.9285352195328435,5.181748905344625,2.29313993052787,8.763211781211947,3.72778153178567,3.5417966165946235,3.914781600930604,0.0545856500787313,0.04181796035862211,0.06741509768504397,0.0712156799154749,0.022009299324606713,0.14341012348188234,0.0070037203656212,0.0038063861046478196,0.010138329818116234
2026-09-15,495403620,9628223555,400,0.7609257090251432,0.5780870218526938,0.9570701007577099,1.9284889493578823,0.7896192476127302,3.3038204652988115,3.72778153178567,3.5512706271282335,3.906863478392212,0.0203151146250589,0.015251332163096525,0.025249817236525363,0.0308913460957991,0.009338422659322415,0.05706012579681075,0.0026065711743697,0.0013579466528806988,0.003846116047226839
2026-09-15,495403620,9628223555,444,0.8536847799722421,0.6447724577784361,1.057778946752614,247.33667978312118,107.42399736620371,417.51325974560103,3.72778153178567,3.5400006017568044,3.9220715929413172,2.6054974297097377,1.9932218217482165,3.269972631665177,23.642131456522733,6.756033667941391,48.972529056554045,0.3343035282113857,0.17811367268676814,0.4943581197516749
2026-09-15,495403620,9628223555,665,0.804263159492937,0.5993742886404273,1.0092151141707502,20.516452580999328,8.516704740353664,35.34697065588711,3.72778153178567,3.5398085462565314,3.9241382801036506,0.2161246949438649,0.1634225778767478,0.2751678134168233,0.2683494247381454,0.07128593602655878,0.518819023920081,0.0277303087040053,0.01534465391089797,0.04108300715613488
2026-09-15,495403620,9628223555,700,0.6478258219954763,0.48923418224554394,0.7927695542520157,3.191547750738047,1.3895271539509837,5.479751555330879,3.72778153178567,3.5406701808754257,3.9093355424506178,0.0336204458984225,0.026094005543372982,0.04228349917890031,0.0576661685463323,0.016289090817279552,0.11683042592550777,0.0043137381582966,0.0022799783194004325,0.0063400849960111435
2026-09-15,495403620,9628223555,875,0.6564151798682311,0.49453892286981116,0.8210220638213857,29.487510347593286,12.389790607590538,49.739564948004535,3.72778153178567,3.54184040429058,3.909491269376962,0.3106277341741717,0.23492004118329485,0.39000914755752647,0.3636864060620287,0.09241350143802024,0.6985578706253209,0.0398557090521876,0.021385645224481716,0.059610823783890085
2026-09-15,495403620,9628223555,1018,0.8113344531541803,0.6104181425485043,1.0220394419226824,2.3381542837514995,1.0172887823485903,4.060600465036813,3.72778153178567,3.5479838378298054,3.908574760342166,0.0246306167848667,0.01851541155241319,0.031000849370222475,0.0917577213986574,0.02445012872344787,0.1813895894046048,0.0031602802594669,0.0016765033316575102,0.004679747030766811
2026-09-15,495403620,9628223555,1257,0.7534146947689956,0.5596790782482837,0.930930713080658,5.201099319907608,2.27411687748796,9.101482801345227,3.72778153178567,3.5372351452477497,3.91109110799504,0.0547894914800628,0.041835193645620924,0.06958571110837256,0.0842233657146533,0.024849163210828588,0.16653770625851907,0.0070298746419155,0.0037423478188832525,0.010479901370503168
2026-09-15,495403620,9628223555,1318,0.6825684457495335,0.510502017931518,0.8342895342302605,36.9333467723882,15.60560365075268,65.62681107588716,3.72778153178567,3.5381987204183263,3.9245085194506246,0.3890637659178395,0.3026720812684296,0.4946420156370451,0.4294227516725527,0.12238030784866388,0.8363971536156016,0.0499196000588771,0.02690772395485279,0.07547629343020291
2026-09-15,495403620,9628223555,1655,0.7712998720971539,0.5786728130463074,0.9664415730966062,23.201914653358408,9.957492201545351,40.00399323913322,3.72778153178567,3.5461512865212708,3.926876985549689,0.2444139261781885,0.1853877758980753,0.30961495286408325,0.2729857827570207,0.07236577394430671,0.5066114196103776,0.0313600147648075,0.016807182671224042,0.045868473085804634
2026-09-15,495403620,9628223555,1676,0.8511462627548271,0.6421516537365549,1.0552176906609871,5.861885692860985,2.5082678983431816,10.166068176528334,3.72778153178567,3.543366395608964,3.911325811828428,0.061750356313483,0.047467021363445584,0.07800029097898213,0.1750461428875737,0.04699988713286664,0.35791495655486016,0.0079230022446068,0.004305677651156579,0.011565111086003825
2026-09-15,495403620,9628223555,1735,0.6532030433714345,0.5019802671420402,0.7934657031166448,1.763671782267366,0.7923877012232066,2.9693848652892516,3.72778153178567,3.5558956988570576,3.906835831568773,0.0185788953728116,0.014498435361562806,0.022917255787248327,0.0252981976852924,0.007041151037108099,0.053873244666905226,0.0023838021110974,0.001262083528416613,0.0036058261256698165
2026-09-15,495403620,9628223555,1802,0.9023818503464143,0.6851519036898761,1.1084754944785356,4.450602438836262,1.8958498927286536,7.568959578604576,3.72778153178567,3.5395212388282324,3.913526776416927,0.0468835969869727,0.03625030284770097,0.05864768917205087,0.1400156421331572,0.041751804583380986,0.2799359583385057,0.0060154931297444,0.0032423672030434413,0.008921304229293209
2026-09-15,495403620,9628223555,2541,0.5427406427889974,0.404149896607397,0.6846384139525237,738.3033807419881,308.0850065089472,1286.491836501347,3.72778153178567,3.540057291116987,3.9152395460154255,7.777445555410638,5.822319059223179,9.86313306021061,22.730178690736345,6.1586327875010065,44.51696019609513,0.9979006158280452,0.5226179118375031,1.4809292036107167
2026-09-15,495403620,9628223555,2584,0.3985829969985144,0.30117988524396483,0.4939400260993452,5.376428358393339,2.251477812824102,9.481366639924905,3.72778153178567,3.54110404097177,3.916712822428655,0.0566364450315078,0.0429545637298135,0.07044620030666414,0.0430859473063709,0.01248981840680885,0.08477557243356051,0.0072668516896186,0.0037732554138945377,0.01078245761846156
2026-09-15,495403620,9628223555,2633,0.7865579763106033,0.5950755970148676,0.9646671895361608,1.414619198734009,0.6185146398222607,2.3541320582425063,3.72778153178567,3.5350030318437473,3.924717167609424,0.0149019008808213,0.0114290877693558,0.018527555443843546,0.0382685022526263,0.010590374394129614,0.07807888471206749,0.0019120180218599,0.0009761072152959572,0.0029258020104129716
2026-09-15,495403620,9628223555,2723,0.6685574667913121,0.5034743639962237,0.8327872508960847,9.398235677121189,4.073566091317336,16.642464583156162,3.72778153178567,3.545268871080138,3.908162520896183,0.0990030226087666,0.07562852575078043,0.1250956881883833,0.2167587935566983,0.06507109625829524,0.4233245907802234,0.0127027796628413,0.0068997926067372395,0.018701322904394073
2026-09-15,495403620,9628223555,2780,0.797459748298062,0.6134238943630135,0.9685978929110877,2.2173420693846464,0.9696516269403932,3.7078892167464748,3.72778153178567,3.5480305510648367,3.915830798345842,0.0233579551065164,0.018224257507182786,0.02877615083438464,0.0647627820812976,0.019574061040680244,0.13094812650913099,0.0029969888724018,0.0016210308917157118,0.004367543472665799
2026-09-15,495403620,9628223555,2843,0.7800715215552178,0.5949826790620248,0.9688001806491958,3.568323679067804,1.4676853374163479,6.063068125935461,3.72778153178567,3.552221878245193,3.9191998271453836,0.0375894840277468,0.028873099201833504,0.04701357654097765,0.0532738297033944,0.014593130824806308,0.10520532137066244,0.0048229934870905,0.002598091439840529,0.0071671239639195935
2026-09-15,495403620,9628223555,2874,1.0315551862061414,0.7759551696819016,1.2795583997214988,97.36698571209156,42.24232699889418,169.49416402271,3.72778153178567,3.5374610647437237,3.9111668520345018,1.025684630495924,0.7860817874077454,1.2962584213221522,5.488133585625184,1.5212696414990896,10.21381839973315,0.1316025058774201,0.07075912691935841,0.19669188101838453
2026-09-15,495403620,9628223555,2996,0.8014542329085059,0.6045305069029159,0.9974744963220095,1.7237655042530033,0.7246285660042499,2.9372792210967558,3.72778153178567,3.540089830299908,3.9088182660001083,0.0181585141140073,0.01393435631761909,0.02299166887872381,0.1062590573748217,0.030885741460621164,0.2117917257602146,0.0023298642578454,0.0012502882172795748,0.0034754543274468862
2026-09-15,495403620,9628223555,2997,0.8216507009369762,0.6211467117712025,1.0342090061890736,4.159523631451547,1.7850982214807825,6.9133827121481275,3.72778153178567,3.5367289673910407,3.911102493519376,0.0438173106393559,0.033009052593372404,0.05496005827751894,0.0825578683340588,0.022709415709014535,0.17574641570944335,0.0056220671632375,0.0030052504228830243,0.008253526149646756
2026-09-15,495403620,9628223555,3165,0.6712185299706054,0.5071601858429303,0.820564917660734,1.4710656105243909,0.6292808636682067,2.5171316238100268,3.72778153178567,3.5386098693457044,3.9122225507178072,0.0154965194427149,0.011929871406041332,0.019302055289949792,0.022203568497553,0.00674939650086295,0.04679721984413179,0.0019883117387197,0.0010171314394237525,0.002939820102481344
2026-09-15,495403620,9628223555,3374,1.206628487800602,0.9270169892892706,1.4797848912892706,36.73368293561776,15.901301428863924,62.417549310417904,3.72778153178567,3.54907614191846,3.9100341106152556,0.3869604644019967,0.29959410564795363,0.4782380864422574,3.3070182962989514,0.9493135853369223,6.720057190970992,0.0496497317759071,0.02654897249539287,0.07291833373651058
2026-09-15,495403620,9628223555,3382,1.2119801653115756,0.9067213544049001,1.511475384230466,23.370939149048322,10.17295827512286,40.1106439225922,3.72778153178567,3.546783809507647,3.904689720461756,0.2461944663288213,0.18757361184399207,0.31267919108152276,1.3076059176223995,0.37278838370672546,2.4866217566782964,0.0315884705090701,0.01714357755704091,0.04660002228823089
2026-09-15,495403620,9628223555,3393,0.9698953574204655,0.732707765381621,1.2110707411471477,5.68350351027033,2.371973470882068,9.45262678013248,3.72778153178567,3.5522145578862885,3.9073813676924023,0.0598712402897153,0.04549652187490801,0.07519982908666364,0.1326245090232485,0.0367183468222138,0.2619026670562846,0.0076818985269439,0.004119718215071715,0.011644400235923408
2026-09-15,495403620,9628223555,3575,1.08269596235818,0.8229212791044999,1.3505053707092645,2.7351128533530003,1.1381180211358066,4.662279153535821,3.72778153178567,3.547726408806579,3.9132197755060973,0.0288122631694825,0.021892627170951782,0.03592823690184518,0.0916459424495653,0.026360001689982548,0.17874046017706705,0.0036968147131835,0.001995824849870716,0.005411732941711214
2026-09-15,495403620,9628223555,3989,0.8431694601161337,0.641265688169314,1.0328621601824974,2.32416136815207,0.9845629116193154,3.8697628135046878,3.72778153178567,3.5512650136341524,3.9260110170479248,0.0244832124222771,0.018921144892735654,0.03047556566269461,0.1484170308963374,0.042816389584387,0.2892031994759711,0.0031413672496418,0.0016813316685105445,0.0046738924342066765
2026-09-15,495403620,9628223555,4188,1.0962024610465977,0.8277561722980137,1.328980316505061,25.843354510801092,11.067354493919652,43.63538412616106,3.72778153178567,3.547565937354219,3.9020834812387153,0.2722394179949887,0.21323024775256233,0.3423459240588314,1.0510174824277811,0.2897717880857158,1.948523579379288,0.0349302198175946,0.018587177263649432,0.05115775758728022
2026-09-15,495403620,9628223555,4321,0.7787026465733647,0.6027588152175944,0.9306341696537209,2.1169962876302604,0.8813226706904459,3.6893328106537866,3.72778153178567,3.5402387133931295,3.9127374388603875,0.0223008912020744,0.017825920490968296,0.0275224688475718,0.0973809955537794,0.026702205564699995,0.1851837269979837,0.0028613601863895,0.0015926405263240772,0.004216156135111862
2026-09-15,495403620,9628223555,4634,1.0507275372181455,0.7920876980842284,1.2716305551322427,6.600660585771582,2.9271698631438063,11.114101646332676,3.72778153178567,3.537782526380454,3.907792310827566,0.069532768878819,0.054481807838148516,0.08746598604346188,0.2831985654271438,0.08482936338040106,0.5592618015587256,0.0089215401625192,0.004829477010610685,0.013084820501521557
2026-09-15,495403620,9628223555,4865,0.661783750531687,0.49999998691415853,0.8331547780559555,1.73075285618156,0.7527265983203922,2.933064712757602,3.72778153178567,3.544020428626895,3.9126443597320972,0.0182321203721098,0.013708973513704868,0.022843420701025862,0.0227006363698939,0.00635210543430138,0.04584142571558245,0.0023393084551421,0.0012881464762456382,0.003431388012970568
2026-09-15,495403620,9628223555,5249,1.0729094610317074,0.8012484683185269,1.3249730643521729,6.401337080473468,2.731107937095904,10.961982645754647,3.72778153178567,3.5451972343622806,3.914312873433145,0.0674330524874194,0.05146502513066104,0.08510442202801642,0.0693605111857596,0.01943490231435369,0.14060449495435545,0.0086521318760691,0.004564715536041744,0.012789313079202868
2026-09-15,495403620,9628223555,5703,1.2002949635940445,0.8964136343696477,1.4468018621378331,37.456593027587935,16.068912642629687,64.61476751870624,3.72778153178567,3.538282727845828,3.921563253549791,0.3945757537646223,0.3093186406754458,0.4992369238536551,0.8630520450761078,0.24182427062379408,1.7205945999424184,0.0506268266190058,0.026802391648397882,0.07637395952306827
2026-09-15,495403620,9628223555,5705,1.1596236411958616,0.8723636932239522,1.4268482021729405,2.1416280132758194,0.904031699696355,3.5991144995673037,3.72778153178567,3.5394924068861937,3.9173999996400517,0.0225603670627316,0.01736555456435965,0.02840325343887938,0.0825453386732257,0.022205276572683084,0.16015111765200882,0.0028946527526052,0.0015194804158277506,0.004371039573743857
2026-09-15,495403620,9628223555,5964,1.0698178328316739,0.8123617140576898,1.340160296461813,30.64253688719334,13.54550947832567,52.826617990036794,3.72778153178567,3.5407597063856135,3.907408106922556,0.3227950305202426,0.2451864899048966,0.4044859552017417,0.4705410995869261,0.13504479498683403,0.9217871255220208,0.0414168582020212,0.022646788856581963,0.06004328573951515
2026-09-15,495403620,9628223555,6027,1.2347869703315502,0.9379407623048673,1.5314407323364738,7.50786082554524,3.180356122096015,12.814369332230012,3.72778153178567,3.531738181640628,3.9151980111162796,0.0790894100330342,0.06048908875987565,0.09876471746589877,0.5722240783186915,0.14924929950227112,1.0914765791012804,0.0101477240072141,0.005410918629430714,0.01488124304910338
2026-09-15,495403620,9628223555,6261,0.7112014458466571,0.5402265608937572,0.8822542688191664,491.4551340294169,204.42527215024188,846.2126944148729,3.72778153178567,3.541489555102662,3.931847594481885,5.177093384022549,3.9888227969022227,6.514222355724347,4.136055769913493,1.1530723198909876,8.0000291735202,0.6642572602159003,0.35140812140370176,0.9791530865506789
2026-09-15,495403620,9628223555,6298,1.0331060220116053,0.7734203529142915,1.2941234568446023,35.46810660299292,15.17857416226219,61.56052703812648,3.72778153178567,3.5545056645159123,3.9056078764510334,0.373628612916617,0.28145500291917636,0.4709427820760772,0.7405422572054964,0.21026424506762603,1.4041021457147524,0.0479391620634475,0.024686577711649046,0.0730548959080907
2026-09-15,495403620,9628223555,6360,0.9253715319709424,0.6971494517055342,1.1158499550568861,214.36460113647027,90.80812639869333,384.92560450114604,3.72778153178567,3.5400514426507304,3.9089369051103717,2.258162508575655,1.7575859830503235,2.813173334006274,5.775232769235484,1.6609078750249429,11.512668436237124,0.2897380305516613,0.15627557860304356,0.4374644466494828
2026-09-15,495403620,9628223555,6474,0.9232367815523115,0.7012579276986691,1.1277165840884307,2.402383877116424,1.0238356638729915,4.11008888058988,3.72778153178567,3.5375506903893017,3.90666071342854,0.0253072250443871,0.019707025279873332,0.03169153367591267,0.0630313656650805,0.017137356720261208,0.11954004502744466,0.0032470938275002,0.0017764415921217981,0.004868391120071341
2026-09-15,495403620,9628223555,6500,0.7855564126353883,0.5909542870713523,0.9895420025906809,2.737351090730747,1.1882462543791963,4.560670281688514,3.72778153178567,3.535198588189042,3.933243787027181,0.0288358412402317,0.021642905688363287,0.03624064172394552,0.1196371536837406,0.03321007045079,0.24128668137305195,0.0036998399444311,0.001975453979547522,0.005576932981251633
2026-09-15,495403620,9628223555,6574,0.7569204247277269,0.5821340454273228,0.9532414486576496,1.3745635542158772,0.5956781842616885,2.313369670134013,3.72778153178567,3.552626228642254,3.909934453747896,0.0144799461633533,0.010879494815108035,0.017815122593827667,0.059737276795266,0.01723125362876784,0.11635180454920682,0.0018578782828656,0.0009459481767001373,0.0027991315161612976
2026-09-15,495403620,9628223555,6617,0.7656955531965467,0.5744456422758104,0.9701711034817447,7.680139444138934,3.2929644594811807,13.097953280911474,3.72778153178567,3.5453041722066105,3.9134648160345207,0.0809042298095971,0.06045192199450086,0.10209618378624252,0.1066888064082032,0.028453852918246935,0.21779699399633715,0.0103805780670396,0.005672211414313844,0.015770691651933007
2026-09-15,495817671,9630806627,110,1.0153406921395585,0.7848942029100328,1.2300317488026513,28.432011630250244,12.329768612933384,50.49737121749652,3.6920263330662055,3.5114995089074874,3.8852192082426376,0.3412309116360899,0.26801993095888454,0.4200222439776522,0.7809359347815626,0.23134670210778757,1.5171098000867553,0.0437823105845246,0.024137322412714546,0.06691530126610386
2026-09-15,495817671,9630806627,235,0.8449104635559226,0.6417237027276441,1.029314691804643,1.4903643803023203,0.6424809249937009,2.6952415838150063,3.6920263330662055,3.5106042863198867,3.8714027140946716,0.0178868242871509,0.013913992425277705,0.022317824266303053,0.0332558313340072,0.010425133570113862,0.06708306237509222,0.0022950045544116,0.0012064235970088892,0.003350460665781722
2026-09-15,495817671,9630806627,299,0.8304775828971794,0.6379423105489569,1.0121517089761252,1.4823393155997477,0.6502791691733808,2.562920605210027,3.6920263330662055,3.5183300131528057,3.8730222857845042,0.0177905103090895,0.013889304828671132,0.022036606424070983,0.0359809793271261,0.009560234001532003,0.06902933361642642,0.002282646797956,0.0012301788697857358,0.0032807125710423036
2026-09-15,495817671,9630806627,308,0.7284436120506876,0.5557226385068741,0.9059081715643007,1.1589498295555276,0.5050175262931287,1.9779877842762625,3.6920263330662055,3.5135563575266664,3.879770094039883,0.0139093044847718,0.01064336527236348,0.017350366311564253,0.0238343508395027,0.00691376614361736,0.04734041699632309,0.0017846609676923,0.0009570191660202406,0.002702235817546734
2026-09-15,495817671,9630806627,353,0.776778177853019,0.5885823707912132,0.966573976746061,38.67560897557585,16.609752779783445,65.92620593618875,3.6920263330662055,3.5187606378447085,3.8631049562656523,0.4641709310070556,0.3528633598184577,0.5794746120058183,0.4508415358879348,0.12114390011964675,0.9225446731376237,0.0595563742107047,0.03165806127621746,0.08666937527644178
2026-09-15,495817671,9630806627,444,0.8260194250988874,0.6245045688881447,1.0075071373054627,2.971690298104008,1.2827950841833238,5.047636277242927,3.6920263330662055,3.5050962657708005,3.8786396440278192,0.0356651721555739,0.027422289751841047,0.04424009636296818,0.165500623463141,0.041580964502678466,0.3160267152870125,0.0045760908262354,0.00245545525669196,0.006665152775365905
2026-09-15,495817671,9630806627,505,0.8076368603418327,0.6157832794558774,0.9863017215273325,1.6126716068667895,0.6863823749543001,2.7075909221034946,3.6920263330662055,3.504988322706206,3.885859562021628,0.0193547122073947,0.014936466031703167,0.023923763117921343,0.0279242722384354,0.007710972234237869,0.05442886133536603,0.0024833448326098,0.0013079829170434304,0.0037338278537024597
2026-09-15,495817671,9630806627,679,0.6332276568731612,0.47975151646919345,0.7737030479012124,3.223011023055199,1.42266883123342,5.45400500620047,3.6920263330662055,3.513353347510758,3.8756035537090607,0.0386814342900792,0.03020784031737291,0.04871667378161447,0.0277257460297279,0.007597927007952341,0.054369995592723756,0.0049630983366162,0.002637765064212445,0.0075795656371417134
2026-09-15,495817671,9630806627,815,0.6853575661774552,0.513784051542065,0.856541251012729,34.11443184582901,15.127097637355613,56.48298627391608,3.6920263330662055,3.523575417085557,3.885058557932717,0.4094293020868827,0.3099315279997503,0.5166939313035878,0.4398943162098058,0.12117573277679304,0.8933710284448874,0.0525326406697006,0.028966908691364365,0.07719081679162713
2026-09-15,495817671,9630806627,1089,0.8093788187715709,0.6143810545019049,1.0041934830838957,4.987579988434299,2.106016006183786,8.719036172534285,3.6920263330662055,3.513204453290886,3.8706213166420103,0.0598591646783304,0.04578806079592032,0.0748394508345423,0.1068540220392007,0.028668782480832253,0.21418449166238246,0.0076803491416153,0.004073095119921752,0.011542443161165733
2026-09-15,495817671,9630806627,1164,0.8044295647774184,0.5998674563007028,1.0118594314461675,2.9980877980450176,1.258191581107048,4.9486609928349665,3.6920263330662055,3.503475671029631,3.87166913393326,0.0359819855800662,0.02698297308466479,0.04551501422089094,0.0659716844604335,0.018999489045606027,0.12786299959943723,0.0046167402025828,0.0024663211181222056,0.0068318969912482
2026-09-15,495817671,9630806627,1207,0.8429565595838888,0.6385784993996569,1.0211988128880616,1.3930645920708091,0.6067646612112573,2.4200407975633187,3.6920263330662055,3.5044304423522927,3.881027913122835,0.0167190667653823,0.01304548708163205,0.020862019373131216,0.0249695108777095,0.007061561424896041,0.050575754010046436,0.0021451731037369,0.0011667160781389254,0.003176022858284329
2026-09-15,495817671,9630806627,1424,0.7558968665478467,0.563987876735321,0.9326304821070883,34.885402849061386,15.100796299541418,59.57896769734356,3.6920263330662055,3.504809702391236,3.8788342414746744,0.4186822224113128,0.31981351296668764,0.528855161513644,0.0272023415662561,0.007579971074706427,0.05272564855319646,0.0537198550094439,0.028999786864361207,0.08003791766341228
2026-09-15,495817671,9630806627,1438,1.0551864202679735,0.7985416605237826,1.3286926332781397,18.43655322553161,7.794825456316204,30.67813031398027,3.6920263330662055,3.5078290793535847,3.8840807112036178,0.2212689677533054,0.16765134048630745,0.27895488998939655,0.2298098008635423,0.06920450449067252,0.46111092463712827,0.0283903548551425,0.014952082153378482,0.04253299602632663
2026-09-15,495817671,9630806627,1590,0.9363134395348928,0.7043044175998873,1.17416215068211,1.377899304563804,0.5919293069147266,2.33702597596879,3.6920263330662055,3.50521650284615,3.8768787431116123,0.0165370583676461,0.012546289632058172,0.02091620608945213,0.0278800833038267,0.007931597701686314,0.056162997567848615,0.0021218201543793,0.0011335741078716132,0.0030775184581204474
2026-09-15,495817671,9630806627,1738,0.8364834832558161,0.6294283541065149,1.0590385453294586,1.9752319646524241,0.821535299893678,3.3134741469275704,3.6920263330662055,3.5152804654782783,3.862639596210579,0.0237060329306414,0.017708041342253667,0.029794493413572067,0.0279523003379032,0.0075891100415003175,0.05489123734773329,0.0030416496897068,0.0015929562490615494,0.004514026714333861
2026-09-15,495817671,9630806627,1817,0.732690943310151,0.5568926534686822,0.9054759972037932,1.603684244042531,0.6648921474702025,2.76492058504592,3.6920263330662055,3.511926058013868,3.8734428680141844,0.0192468490688448,0.014704091805014337,0.02390802268119744,0.0188371652147572,0.005504748472043949,0.03505944874949733,0.0024695052381547,0.0013030973621850268,0.003667184898160928
2026-09-15,495817671,9630806627,1924,1.1554202591699114,0.8711639297803068,1.4411523074109873,14.51865475281568,6.30832655699551,25.062230746966762,3.6920263330662055,3.5069546320951943,3.8748486744576587,0.1742477409428852,0.13260398587548777,0.219364615982444,0.1855513134379684,0.05432439982001134,0.38035313874577825,0.0223572028572522,0.012138287982583398,0.033361604316322395
2026-09-15,495817671,9630806627,1981,0.8695752151327102,0.6672903497206105,1.0780722420154987,4.396560043223011,1.8944799779954002,7.8831134540127685,3.6920263330662055,3.5079512951213823,3.896741147683651,0.052765953078593,0.040135331966266063,0.06484251920475859,0.0638731048964491,0.018766613414420947,0.12380816163576397,0.0067702405239276,0.0035581857895772887,0.010031860631496472
2026-09-15,495817671,9630806627,2019,0.6956017661281203,0.527797954906113,0.8448728265388893,13.186576473183212,5.7118611080246655,22.477361917224222,3.6920263330662055,3.503626427901646,3.8783888035603207,0.1582606102522799,0.12393256972858605,0.1983851102032596,0.1951165374429312,0.05317771062107464,0.39026298984251945,0.020305942266893,0.01076492291013686,0.029840024319459334
2026-09-15,495817671,9630806627,2438,0.8084233492146203,0.6108727610516556,1.000656578558969,8.3518156078558,3.5382894952586574,14.514107785661801,3.6920263330662055,3.5021981306815975,3.8898495384779634,0.1002355264462895,0.07645069080084607,0.125231942777874,0.1033429289818452,0.028130646104880554,0.20196338863517502,0.0128609185182935,0.006629015822928997,0.019159479659065996
2026-09-15,495817671,9630806627,2533,0.720747058029833,0.544627378731953,0.8991512658445976,273.39139798443796,110.06308383742444,487.5294177064775,3.6920263330662055,3.5038994356915687,3.8772105543069273,3.2811465182589945,2.5009207565926856,4.1288888817352225,2.753222067915939,0.8280490782971932,6.007357135330046,0.4209940279060972,0.2218983536048068,0.6179345086755538
2026-09-15,495817671,9630806627,2541,1.140957969136378,0.8617047018201208,1.3782883819388896,15.33243027207196,6.632907039175253,26.063089316311995,3.6920263330662055,3.501271398622295,3.886922212441794,0.1840143858751597,0.14450505923825274,0.23113445227672788,0.8989640829729271,0.25256502891368904,1.756336112716678,0.0236103316542402,0.012319223928473743,0.0356238469994382
2026-09-15,495817671,9630806627,2586,1.2522180051431746,0.9494931187134877,1.5633369193981388,13.613793370233154,5.566903287780174,23.75392462229391,3.6920263330662055,3.5011366291934816,3.875905454584235,0.1633879158099208,0.12373504549344397,0.20372931401385097,0.252423734474205,0.07477405447126464,0.524531886449299,0.0209638114010522,0.011000748543254339,0.031538932629234344
2026-09-15,495817671,9630806627,2821,0.8885016888991075,0.6780302430137539,1.0749275570842325,15.194169369474146,6.290531267414332,26.13783761483872,3.6920263330662055,3.5078453109950787,3.8665244046237977,0.1823550275979253,0.14286737429598959,0.226497385952018,0.3558088997497085,0.10107557155457897,0.6761338465856229,0.023397424391189,0.012355423162545615,0.03403668815701002
2026-09-15,495817671,9630806627,2899,0.6433872585326891,0.4791924341567803,0.8002993737419818,24.81808064817374,10.718360138348412,42.51421114831451,3.6920263330662055,3.5024920139644755,3.8882366894017317,0.2978577947549816,0.22755505105971707,0.3800382526115079,0.2493164688936966,0.07926245549486281,0.48757018663746426,0.0382172365846264,0.020750141616510297,0.058860865935104964
2026-09-15,495817671,9630806627,2933,0.7862271899126105,0.5898091153251385,0.9979649008387698,36.737271903337295,14.902007975646713,61.35658524903801,3.6920263330662055,3.506839402762461,3.8675289924599725,0.4409076974793134,0.32432065751518985,0.5487549925451894,0.6581379201369589,0.18930638907749728,1.3313969962425574,0.0565715387788017,0.029819518176513626,0.08573120295777562
2026-09-15,495817671,9630806627,2987,0.6867610212719557,0.5158142105068181,0.8670458025516925,6.5587896776281065,2.750543530656112,11.13453635403693,3.6920263330662055,3.500848441391385,3.872970439089794,0.0787162656667328,0.05884727317784898,0.0989179415447173,0.0232094135689458,0.006775374700216672,0.04453844625912939,0.0100998469773755,0.005296982310474272,0.014782744551399487
2026-09-15,495817671,9630806627,3135,0.8893087628166491,0.6648534911764741,1.0955743212367555,2.7481950715207235,1.1466378137719702,4.740497317679146,3.6920263330662055,3.5106882212876904,3.878313017761768,0.0329828617758121,0.02532000055103785,0.041723334635061,0.0604112157561013,0.016121650770157384,0.11927595976705962,0.004231931659741,0.0022861504182836575,0.006430925118644816
2026-09-15,495817671,9630806627,3157,0.7234248965804403,0.5526705068589244,0.8815056440230541,1.2510695294825949,0.5450413262475632,2.1301445991721977,3.6920263330662055,3.507884650589246,3.8714425950216214,0.0150148924253842,0.011684773713146124,0.018637133426589333,0.0152191798680111,0.0044621399304675844,0.030233243729394028,0.0019265156266454,0.0010420179348701146,0.0028320977659041925
2026-09-15,495817671,9630806627,3215,1.0444335976004073,0.7836697907175694,1.2677595335613199,1.9853344406249422,0.8237683529447641,3.4913941275092353,3.6920263330662055,3.5097673817095147,3.869443635975935,0.023827279261387,0.018689696998039032,0.03023472619372102,0.2398818040737137,0.06674676534250804,0.4970874126159625,0.0030572064412464,0.0016792157182249291,0.004655732951978405
2026-09-15,495817671,9630806627,3327,0.8989282455707767,0.6718158626954098,1.1233724716974074,0.9537477607350056,0.41226804026733765,1.6703019883976808,3.6920263330662055,3.5110369930887875,3.873917582220065,0.0114465420913174,0.008698501338217387,0.014545166920135954,0.0207009960116161,0.006166604654124527,0.04165498806469425,0.0014686713421067,0.0007768799921719672,0.002242332444379165
2026-09-15,495817671,9630806627,3567,1.0332949021686726,0.7772365264704871,1.2885902264614992,329.7118550989281,146.9808059532407,564.2946488335994,3.6920263330662055,3.5020777383120576,3.881332231055592,3.957084653585708,3.0084313435366914,4.9877162153791526,7.7983554727332445,2.276270329942953,15.62082912200065,0.5077216143222999,0.2712067815362405,0.7502474350360221
2026-09-15,495817671,9630806627,3575,1.4949708188315096,1.1333072950792151,1.8877416552955066,8.480494066792794,3.676995973270204,14.591055564173754,3.6920263330662055,3.5046167998877578,3.8802423517152085,0.1017798796359977,0.07615223521168267,0.12684621032937193,0.3447411452592683,0.08676766069038074,0.6451144334710891,0.0130590698249258,0.006965667757508644,0.019193871014179093
2026-09-15,495817671,9630806627,3587,0.9404591311599749,0.7096764832399719,1.188230339694726,14.400488512313418,5.875887075730881,25.246746042121117,3.6920263330662055,3.5014976926242287,3.879000439517048,0.1728295516675159,0.12921258040839784,0.21634408344849462,0.3226893492669784,0.09491982410282698,0.6461880632233724,0.0221752392625001,0.011985237438342197,0.03338057411966821
2026-09-15,495817671,9630806627,3905,1.043353125825458,0.7991378171958439,1.2807495473784034,1.1273513013937322,0.4725969304878342,1.951716551927117,3.6920263330662055,3.5099098086968636,3.8762101124818327,0.01353007016568,0.010434119808673533,0.01672236079173842,0.0450365174150625,0.013545448115515847,0.09153058076449976,0.0017360025543522,0.0009295068115797355,0.0025344709377749138
2026-09-15,495817671,9630806627,3989,1.5230101454767355,1.1847623707572976,1.855752993907123,55.03601503933819,23.39611883880156,98.59011817297528,3.6920263330662055,3.509179418149618,3.8838985928014274,0.6605227174537995,0.5164212850681371,0.8088958820138455,5.579760514010027,1.714005593305762,12.089120001209299,0.08474968057565,0.0461135546336095,0.12402026351202554
2026-09-15,495817671,9630806627,4002,0.8464945146213342,0.6433111990858971,1.0406808863000596,2.3426309341531337,1.0243150346727625,3.991429115076859,3.6920263330662055,3.5104289179808625,3.8731675235249816,0.0281154249542259,0.02168353262702405,0.03507732802486874,0.0712424521093499,0.0196067745088415,0.13787329374871643,0.0036074055004564,0.0019451793480656746,0.00537897645280944
2026-09-15,495817671,9630806627,4054,1.1762250460588872,0.8916391192613151,1.468275221453611,15.505885944158216,6.878653770485959,26.76479718298774,3.6920263330662055,3.5049129298122526,3.870777263955168,0.1860961392834015,0.14151557731015368,0.23303603355888353,0.3601965174362392,0.09595058675353614,0.726819283625693,0.0238774351644205,0.012586861245773868,0.03575133587267862
2026-09-15,495817671,9630806627,4256,1.2414979257209362,0.9470157868771818,1.513164117279377,1.5396875943857231,0.6901223905017493,2.5959431831111233,3.6920263330662055,3.5016267572089084,3.8735574002189597,0.0184787839952918,0.014326474292569514,0.022891175832140467,0.0314588881670207,0.00932951951201983,0.06193795854833677,0.002370957121754,0.001257367954567308,0.0035891970421614372
2026-09-15,495817671,9630806627,4563,1.322526083906892,1.0038490847847268,1.6604474416470865,10.996091670932698,4.554240917385898,19.02599621579406,3.6920263330662055,3.5225969525965013,3.874117301882162,0.1319711891688388,0.0993469123564499,0.16432781476628028,0.184607851494309,0.048972374867798,0.3592147566947201,0.0169328258237084,0.009054703927646294,0.02421383024424455
2026-09-15,495817671,9630806627,4579,1.075949536968948,0.8097151399339365,1.320630007038916,1.825840452995031,0.7693577509031287,3.1382793624696146,3.6920263330662055,3.515576577764204,3.867784479859101,0.0219130890342866,0.016944328696249105,0.02763587801633017,0.0213168193052102,0.006066933639559497,0.04001467359309508,0.0028116024581871,0.0015787093955104304,0.00408416783692192
2026-09-15,495817671,9630806627,4652,1.0740454961208508,0.8084721194422463,1.3267123959076994,1.8413885176197533,0.778888635491574,3.21600015640238,3.6920263330662055,3.5003272135461954,3.873960936381959,0.0220996913871228,0.016903426171576346,0.02773868634449638,0.0255636072703423,0.007596152299902779,0.04897862353942564,0.0028355448440879,0.00149300405428335,0.004249584251279345
2026-09-15,495817671,9630806627,4751,1.2722462828257173,0.9737848754121295,1.5889259412181236,3.6295102944694384,1.5106704350051916,6.133827777547992,3.6920263330662055,3.503538735718644,3.8778085731515852,0.0435600942585672,0.03303915706039384,0.05390982189813218,0.0748741069269681,0.023003354622401606,0.14353105802102675,0.0055890645040789,0.003013969452623702,0.008451379522789718
2026-09-15,495817671,9630806627,4760,1.4744839218162682,1.0965467171612409,1.8313865717583404,17.634691856458183,7.6158663765473875,31.01031270453314,3.6920263330662055,3.5047235991449077,3.88204520303073,0.2116453122225947,0.1607873036513127,0.268537312827453,0.6165173439112613,0.16823755278806402,1.2211873007895022,0.0271555725976271,0.014195140805785175,0.04082830736349227
2026-09-15,495817671,9630806627,4828,1.256478949333246,0.9529097693079033,1.5333328977225167,1.2921548987128777,0.5554269117547661,2.202114557022865,3.6920263330662055,3.502903935031031,3.8833890279809644,0.0155079844436232,0.012115297672283053,0.01949479907221953,0.0282980016028727,0.008470083103807504,0.05478516152550567,0.001989782778457,0.0010573698797409058,0.002930086079448069
2026-09-15,495817671,9630806627,4832,1.1090855131770985,0.8373852816257629,1.3547668175775958,1.572370732439001,0.637948708458956,2.7614880520483225,3.6920263330662055,3.518502867263082,3.887932160395094,0.0188710354173186,0.014587271234414202,0.02360007177922322,0.0448153462221806,0.012898448637197826,0.09478471046782323,0.0024212857203679,0.0012418523147727724,0.003556940418860246
2026-09-15,495817671,9630806627,4887,0.6760937577786156,0.5144618870823242,0.844852813741238,2.513171015714524,1.1203314334501617,4.27890327805489,3.6920263330662055,3.5058374915987778,3.879404117091537,0.0301621864798779,0.022797713560111715,0.03743856042934636,0.0382908295433355,0.010845760515164227,0.07413595141850152,0.003870019307567,0.0020205367273168776,0.005751188652860567
2026-09-15,495817671,9630806627,4927,1.3286180393164082,1.0005237834434375,1.639695109566632,1.1488841166611852,0.48593819787727277,2.009616598657972,3.6920263330662055,3.521934916420754,3.8773758539227305,0.0137884993714414,0.010573503939937109,0.017328246452702666,0.0179753663866812,0.005119645025303597,0.036874208925660484,0.0017691608274305,0.0009582958384354022,0.0026455424169364683
2026-09-15,495817671,9630806627,4995,0.8413837019270831,0.623164664111254,1.0641722721264468,2.204781765126437,0.9389330868474308,3.7124331134362896,3.6920263330662055,3.513239729306765,3.8672810848358306,0.0264610081571671,0.01976027694933343,0.03374449110920227,0.0110008228783402,0.0028624855733876227,0.020705872221642774,0.0033951322638444,0.001768438438716247,0.0051468478335669485
2026-09-15,495817671,9630806627,5194,1.4944993587824522,1.1316562549784683,1.8303468366002222,8.47003409036157,3.532072878131295,14.623845363771318,3.6920263330662055,3.497221664897863,3.887188396701827,0.1016543427116416,0.07848993217363605,0.12694962727021195,0.1147258839652482,0.031603143856716004,0.24006094067976072,0.0130429625602421,0.006860184744741709,0.01949465541656261
2026-09-15,495817671,9630806627,5210,1.0128478177698808,0.756992174831384,1.2730524309874736,124.53542496574416,52.89000782009646,217.42249251574486,3.6920263330662055,3.5136525059465105,3.872390109628683,1.494629966556282,1.124538853647921,1.8911647556927955,2.888619843905044,0.8139307949315996,6.038141648300879,0.1917714696214052,0.10147378337605588,0.28778636984283684
2026-09-15,495817671,9630806627,5304,1.3185181217930138,0.9869947593262461,1.652033899900473,2.314212182856857,1.0295695533736517,4.025181581506059,3.6920263330662055,3.4999373979626855,3.876638725314119,0.0277743531884114,0.020930340982756177,0.035033217202487275,0.125265785224057,0.035487341835413265,0.2557130496882778,0.003563643609393,0.0019376723777713599,0.005221510689441643
2026-09-15,495817671,9630806627,5345,1.187827446875599,0.8965393359663304,1.4413608159462552,1.200712682787971,0.5279699270867566,2.0629616250192346,3.6920263330662055,3.5178210736921183,3.8699357261151253,0.0144105274255316,0.011272524445832212,0.01812276871879385,0.0339685370825366,0.009864188194683233,0.0692144039065999,0.0018489713736846,0.0009846847949889833,0.002839812973871429
2026-09-15,495817671,9630806627,5486,1.553588260870404,1.1781993526689505,1.9207532814634272,7.344234074622218,3.176929029755842,12.94885826062273,3.6920263330662055,3.505161283763532,3.8780774669067912,0.0881428905257562,0.06701731388368258,0.1092546225435896,0.1547797464749938,0.042802239539372844,0.3281569874610685,0.0113093488228053,0.006050916825547209,0.016868987790017373
2026-09-15,495817671,9630806627,5493,0.9445071382644952,0.7060486518824444,1.1755235249365628,66.96042383236244,28.186443410193654,111.77618778142178,3.6920263330662055,3.5078735062687723,3.874219175234399,0.8036352392155689,0.6089899166586985,1.013923307522273,0.6667175645313376,0.18715380848548016,1.3358292944646923,0.1031120172299287,0.054140534767125895,0.15436616425325003
2026-09-15,495817671,9630806627,5621,0.6844772415683262,0.515283817424302,0.8527675966624841,2.9819882722667224,1.3057456941886352,5.106696749611974,3.6920263330662055,3.513632514390749,3.8743851378828293,0.0357887647862061,0.027434479505109487,0.04540261960913469,0.035224908222884,0.009998387391947567,0.07010655077708501,0.0045919486244471,0.002524403068046835,0.006842212383812919
2026-09-15,495817671,9630806627,5626,0.9376205082289737,0.7089513446935478,1.152262960402077,18.032108487356393,7.863262407144096,30.556126992543472,3.6920263330662055,3.506439471928814,3.8760657018176445,0.216414965563495,0.16788655966388674,0.2728670531454465,0.167369243811774,0.04520690957831928,0.3114933950167211,0.027767552453,0.015002994081352047,0.040834575972750364
2026-09-15,495817671,9630806627,5630,0.661783579914327,0.505518632544541,0.8108956974205976,78.8718174986071,33.867660086783054,133.69674778701105,3.6920263330662055,3.504373550247659,3.8730293224097188,0.9465915580454526,0.7316832706148274,1.173683377464662,0.7661557261256026,0.22969172233158777,1.5139798957314072,0.1214543119564547,0.06567555086357585,0.1839455134733103
2026-09-15,495817671,9630806627,5702,1.5535882608704035,1.1687950326103012,1.9564797241695702,6.054004163722433,2.524667024173832,10.173819923321071,3.6920263330662055,3.501828806165698,3.8890934063787754,0.0726580091025908,0.05425266359003565,0.09081509874237116,0.0858663470580141,0.023910314907118445,0.1645393732970281,0.0093225303233237,0.004827344362206736,0.013819535524925292
2026-09-15,495817671,9630806627,5783,0.8990632178835126,0.679706492974924,1.1245657508880547,1.9319854425291982,0.7922555578641649,3.378893946009013,3.6920263330662055,3.5086810764917997,3.875577302766452,0.0231870035224831,0.01747412555373154,0.028910717839964347,0.0260363274089132,0.007508493677037168,0.05457874282527052,0.0029750545895105,0.0015290080604104018,0.004381633385559163
2026-09-15,495817671,9630806627,5834,1.5535882608704048,1.1785409383993701,1.8988765361016677,8.051775236379326,3.4803720931626634,13.924321909200403,3.6920263330662055,3.4941705018685147,3.8926549117023743,0.0966345484072394,0.07512768512515301,0.12104658280746597,0.1191009479311062,0.03259625665453515,0.2239356436387644,0.0123988878711935,0.006732697829831868,0.018373968007263014
2026-09-15,495817671,9630806627,6119,1.4756372881786413,1.1131131993151604,1.8533329949651423,6.945231474934661,3.026747729873728,12.008887977311883,3.6920263330662055,3.515614695670388,3.870850349311516,0.0833542029503862,0.06271843283420778,0.10442616351657456,0.09152977412573,0.026366451587322877,0.19339853379049016,0.0106949267421332,0.0056791412533705185,0.015847461295488564
2026-09-15,495817671,9630806627,6159,0.9240752097045418,0.7083847315787367,1.1433604289635657,32.48894571894081,13.569427099206273,55.48003903162512,3.6920263330662055,3.51129860242382,3.867885347243275,0.3899207945587084,0.2982078229393813,0.4813190208337574,0.3060330488987606,0.0799617156013652,0.579373517641486,0.0500295628226679,0.02587525662309561,0.07324329578498752
2026-09-15,495817671,9630806627,6256,1.2178915850284224,0.9091537736590273,1.5342644512014902,1.0635865364732895,0.4524370443482773,1.764792389427765,3.6920263330662055,3.510097792121021,3.878994842880872,0.0127647880904253,0.009607965611641216,0.01621415486951065,0.0185898468636019,0.004970263610770401,0.037913933857579775,0.0016378115160817,0.0008895302597843728,0.002441779610807123
2026-09-15,495817671,9630806627,6261,1.1854268819689804,0.8979092719330741,1.4947284695660075,1.1727695772171214,0.49792152254790156,1.9663255049573511,3.6920263330662055,3.510484815748805,3.877460442212692,0.0140751641908831,0.010596555880437878,0.01763983763924767,0.0254761893135383,0.006646685265143815,0.04904496041031013,0.0018059419270626,0.0009808458344258825,0.00269138286489177
2026-09-15,495817671,9630806627,6360,0.943963750795178,0.7116920274025916,1.1671368034792926,344.64580053282816,147.78892445207705,595.280229092892,3.6920263330662055,3.501887076463914,3.8813373249337006,4.136316565875429,3.1465110421123716,5.160088416896372,8.163912692648031,2.229796985951634,16.03979585647684,0.5307183211942014,0.2780075868063193,0.8058439979011986
2026-09-15,495817671,9630806627,6463,1.4371702981794119,1.0937316782714284,1.7642521538833795,0.899467834051805,0.3874749172054563,1.5207900865031347,3.6920263330662055,3.506818467414422,3.8704285238370586,0.0107950936779402,0.008304059475330822,0.01339492592779445,0.0704884497663175,0.020088032749999866,0.1337765545780085,0.001385085958158,0.000734499538167632,0.0020369502558231496
2026-09-15,495817671,9630806627,6486,1.2579057969303296,0.9452098917933749,1.5760730200571815,1.5044834041787676,0.6495080874735574,2.566181191918256,3.6920263330662055,3.502488859385525,3.8820043146064553,0.0180562758001647,0.013596413869594471,0.022671089447215572,0.0880918593703603,0.024250952499613343,0.17485474631364087,0.0023167463677081,0.0012378427439622976,0.0034967702426260704
2026-09-15,495817671,9630806627,6489,1.1948863352449701,0.9018355774833524,1.4728469270320363,13.130324258909303,5.587999908147244,21.730934391827468,3.6920263330662055,3.508443301463399,3.882774029167271,0.157585491143303,0.12152273179194656,0.19846675663847474,0.1672719429975554,0.04548338344781425,0.3390526214716812,0.0202193197672811,0.010995795842882667,0.03036209212149441
2026-09-15,495817671,9630806627,6504,1.0373664154403106,0.7806490654886776,1.3226117679311653,2.642954252370061,1.1255374631314872,4.622134640213797,3.6920263330662055,3.5079091175013124,3.877377755737104,0.0317197988196229,0.023601649649975402,0.03998700690188513,0.0494213333330666,0.014016458720395301,0.10534748061290686,0.0040698718558078,0.0021801591753031436,0.006249364650366647
2026-09-15,500635396,9657930100,509,2.0174528828287794,1.5214477103390085,2.480332106437493,19.551264123187433,8.386211513634208,33.21039032315095,3.109849253740709,2.9158341215887447,3.301744696380912,0.5673607100033294,0.43969049856381703,0.7168031165792358,1.4376114671666402,0.43359065885490206,2.8668187909962963,0.0727963439763438,0.03951816981862979,0.11048122281430987
2026-09-15,500635396,9657930100,797,1.3224331576164754,1.0039564823541127,1.6640732755240666,98.11345718761189,43.1646455855337,167.38172608435482,3.109849253740709,2.9277554758410083,3.289894324670739,2.8471673432525644,2.1484323467145208,3.5610595830368603,7.03075918740744,1.9312118584606026,13.260499784730431,0.3653114669791119,0.20012967066249593,0.5400782088989146
2026-09-15,500635396,9657930100,844,1.367673711406334,1.0468739838144634,1.6707997159220622,435.94202895565945,185.48537078999482,714.6807940757227,3.109849253740709,2.924315205936368,3.307726075616484,12.650659185522365,9.816202329340552,15.666527489712301,38.7314794118079,10.570873281787089,75.09674888702229,1.6231679800164094,0.8717736795828315,2.4257858206441436
2026-09-15,500635396,9657930100,861,1.878797721726879,1.4269349719383286,2.27928079463099,35.03906281045557,15.14108041089098,60.89641618259118,3.109849253740709,2.921248389782223,3.3020471528613498,1.0168031810492637,0.7968283728701472,1.2727949364314006,2.964087617443631,0.8358102574386272,5.953974893344148,0.130462953847242,0.07153413855318669,0.19092163965120718
2026-09-15,500635396,9657930100,1934,1.212970235363739,0.9237422773053046,1.527987499235599,59.784073069350946,27.318130161383138,98.38036409722338,3.109849253740709,2.9196960754872276,3.3008180624781067,1.7348818945824798,1.3083049174035801,2.1641027788094194,3.638606675055831,1.0324668568661235,7.32657439149813,0.2225974709380496,0.12037356903673938,0.3357778948839034
2026-09-15,500635396,9657930100,1998,1.7307802063253497,1.3079155083080258,2.1792751906195313,3.766773057010577,1.61995793132869,6.50511031145658,3.109849253740709,2.9333523168581577,3.282809754317425,0.109308483716526,0.08218731504566135,0.13694195599069664,0.5227247867856559,0.1429321767535738,1.0050221495593425,0.0140250423405493,0.007271447456427601,0.02068377517397572
2026-09-15,500635396,9657930100,2253,1.4126384334639224,1.0641435562673307,1.7635007133852372,0.7782579971160056,0.325298402174245,1.3928647362419582,3.109849253740709,2.9231065029361876,3.331766135993179,0.0225843713750372,0.017015951913159355,0.02819886768195305,0.0516996007551031,0.015559689602963653,0.10638653595318615,0.0028977326736232,0.0015151122092514912,0.004296042375565959
2026-09-15,500635396,9657930100,2533,1.492231132608881,1.1311254490604368,1.8244523405270685,1804.0067110353937,777.6869979354218,2976.746982920217,3.109849253740709,2.9201888140816203,3.292471722161333,52.3507084746471,40.453598180323986,65.24964659069452,137.70542218785317,39.89350966978285,273.2160134706312,6.716961739390354,3.5574432756257712,9.961491559135878
2026-09-15,500635396,9657930100,2818,1.2465373223262908,0.9553337540453165,1.5328295016900968,174.50420810456973,74.0681130838008,287.17571688548634,3.109849253740709,2.9351869078155093,3.290249601418021,5.06396061067771,3.9382435695942224,6.318938603837492,9.332326601663926,2.599742750412431,18.05134736727456,0.6497415347907817,0.3637344111034935,0.9785404834524027
2026-09-15,500635396,9657930100,2832,1.3075958294983607,0.9897313980907093,1.6289981675375904,1959.6677968229064,866.5196776203945,3306.8352106338307,3.109849253740709,2.9198523852724345,3.2939526133473174,56.86785803571058,43.238483177951295,71.16618710881004,131.459515008083,38.85009155269883,264.5302596344025,7.296543595239763,3.9687080679712166,10.9682432498728
2026-09-15,500635396,9657930100,2874,1.430700183367934,1.0856957176933684,1.7427573273706303,1130.143717455377,485.16150950156805,1944.9964574812402,3.109849253740709,2.925325352914998,3.307721781120449,32.79578946411116,25.554822106186112,41.02056658179342,91.97326173888426,27.68925720393915,193.03924811814318,4.207928974833629,2.254037170500177,6.202855845790702
2026-09-15,500635396,9657930100,3366,1.2939259708270414,0.9804539703662323,1.5759524265289029,6.179892698253234,2.6235552190011293,10.656771015972769,3.109849253740709,2.9261299469374884,3.3007434150803414,0.1793351205801074,0.1403506744991585,0.22559548201869856,0.5213941083886713,0.1515067008835301,0.9864617614694512,0.0230099492168077,0.012725261556087008,0.034118841843852214
2026-09-15,500635396,9657930100,3408,1.2206902380953344,0.9220862509319032,1.4921431579658393,165.2808062811275,73.55296534788049,282.69818042803325,3.109849253740709,2.9130781343084027,3.3059089831315878,4.796305497728366,3.721711091879788,6.022565937597566,9.18428904966258,2.651290421241733,17.929261302492513,0.6153995133470105,0.3201569570744926,0.8950158416430434
2026-09-15,500635396,9657930100,3567,1.3442092545206377,1.004599766318646,1.6720685063052596,449.71068667985077,189.8868611513534,765.231424328504,3.109849253740709,2.9249508303079415,3.2896980117022303,13.05021367841704,9.930305673316756,16.52805811071063,25.34991821200345,6.963777812998865,53.32026601923495,1.674433613658689,0.8577933935709218,2.5380034639447535
2026-09-15,500635396,9657930100,4196,1.2024948614098618,0.9079827074526908,1.5169972950279569,8.515341491473746,3.5740711840929853,15.042631331499537,3.109849253740709,2.92926700202334,3.294589993290189,0.2471078168696805,0.18556425669473883,0.31002800060364494,0.3988877253294882,0.10679088462678998,0.8355046899408957,0.0317056597662236,0.01695276850888084,0.047958659866027396
2026-09-15,500635396,9657930100,4482,1.6819503555965112,1.2510592892670056,2.0821487635027625,14.408967210326388,6.165094697300336,24.682744471910947,3.109849253740709,2.9323749468378493,3.31172122742306,0.4181357182510761,0.3176065887804381,0.5285946657506135,1.058919556889108,0.287548871323068,2.129277187426004,0.0536497347065543,0.028559022546347797,0.07826225676562505
2026-09-15,500635396,9657930100,4536,1.2668940114972196,0.9393706821433795,1.5786516552963692,591.497656298612,256.6056462354623,1008.4961989994916,3.109849253740709,2.9327980421887907,3.2943838835566113,17.164748434086132,13.086420557925942,21.99227617849051,38.41047314666816,10.55079372824604,78.51545756429701,2.2023571763857444,1.1940181201097162,3.2855557038474554
2026-09-15,500635396,9657930100,4721,1.534169359544556,1.1484846689817685,1.8870750974271977,738.5924727779583,320.276356143121,1263.4026091753647,3.109849253740709,2.922597687246514,3.2875973882275065,21.4333122972562,16.41373497117403,26.969360970804278,50.484346333531015,14.562510337999372,101.90466394083647,2.750043750005718,1.4011688817755599,4.201751059364669
2026-09-15,500635396,9657930100,4766,1.6243166293204154,1.2098202742767716,2.0602960619608175,0.7977278287403139,0.3549811594383051,1.3653792371337259,3.109849253740709,2.931043699144795,3.2928837889709124,0.0231493689846246,0.017203859105571397,0.02929775625728041,0.0448489390831292,0.01252168204335588,0.08501053061047356,0.0029702258153021,0.0015268527353951272,0.0044790451247352535
2026-09-15,500635396,9657930100,5331,1.230646833550669,0.9281160801092706,1.5477150002979394,52.64495877687712,22.74197886520264,90.76359230524035,3.109849253740709,2.9173761100804465,3.304292258621722,1.527710996156065,1.147968743290312,1.9143386069277133,2.837570375488061,0.8145042922512651,5.740812738801838,0.1960159968989873,0.10381112483381366,0.2908563380481398
2026-09-15,500635396,9657930100,5337,1.4658147576668346,1.1045407136573737,1.7877127391685814,7.724616372974389,3.404074580864698,12.964019782901198,3.109849253740709,2.922582615173061,3.299748428255786,0.2241616604563364,0.17469788898458127,0.28275098070776816,0.6098545143275973,0.1762134291332967,1.208578499034757,0.0287615075439258,0.01584435102734161,0.04407074402134046
2026-09-15,500635396,9657930100,5553,1.0101932142750227,0.7652516083279943,1.2750781197247265,1106.7815953794493,477.28747239728983,1962.2535016712595,3.109849253740709,2.934676155321343,3.297228323532439,32.11784096499273,24.203122657557145,40.327806584811626,62.66748864751991,18.350261876868107,120.60940513945756,4.120943444693937,2.224110546834233,6.243994033305622
2026-09-15,500635396,9657930100,5573,0.8203040571525577,0.62123528283732,0.9992409195770942,202.3010803450322,82.84611038599964,349.07634283214406,3.109849253740709,2.9213881647716593,3.3017034081822625,5.870601709220115,4.566436399706059,7.344995098141395,5.848434036856891,1.8655846401025973,11.219027843778768,0.7532392247781695,0.40583853484964616,1.1251362565821146
2026-09-15,500635396,9657930100,5867,1.110421027513348,0.8362014277222941,1.3928210192762696,345.1730207636453,156.37736423734756,576.1365287755518,3.109849253740709,2.9252469568029156,3.290747523148758,10.016621375504617,7.5100967941824495,12.50921168626673,9.25788653797663,2.7458333701408146,18.32611490751927,1.285202521562964,0.6927763579104916,1.8814196632291509
2026-09-15,500635396,9657930100,6001,1.4091500564541615,1.0693183370146362,1.7149313144928713,2.0198603505668897,0.9161051371546324,3.44403439048689,3.109849253740709,2.919133794815254,3.29306561037583,0.0586145936848187,0.045841144854794,0.07351824528866184,0.1944825984049974,0.05657896335321096,0.37206033893886825,0.0075206619857209,0.003931642881349247,0.010934037630276398
2026-09-15,500635396,9657930100,6023,1.3410496477672178,1.0039844001461253,1.6427706487750515,3.996599972611775,1.7633182000403158,6.6368230198236,3.109849253740709,2.923877521196622,3.2991756191945254,0.1159778612663247,0.08913198220040196,0.14584140793894493,0.2202258248673355,0.06418584770337446,0.4373736029060826,0.0148807700877533,0.0076419868855122815,0.02207214677964995
2026-09-15,500635396,9657930100,6180,1.7935277025792027,1.3459691651297347,2.2757709812388836,16.464251925528657,6.948617079364768,28.232800762681226,3.109849253740709,2.9208209091427664,3.302089726086746,0.4777782962413755,0.3559326122346613,0.6018125312121235,1.618498757100017,0.41700149703008793,2.9995655850665024,0.061302294262524,0.0324970603445081,0.0933088831679353
2026-09-15,500635396,9657930100,6434,1.1983397025439502,0.9061836380113436,1.4884027001778528,1.1661543403893593,0.49656178192510436,2.02251623161393,3.109849253740709,2.930999822752491,3.2979972409639107,0.0338407864764146,0.02569533183151511,0.04220429823894042,0.0558795450783635,0.015347093270647707,0.1117730130759764,0.0043420093942575,0.002286090046245172,0.006473683453169717
2026-09-15,500635396,9657930100,6660,1.0986452162119371,0.8300388042667203,1.383101627691437,61.648115743771136,26.69567568285664,108.14282942326834,3.109849253740709,2.91907823968246,3.3086635437224743,1.7889747945899668,1.3516370405285318,2.25224839197596,3.500190448833983,0.9733266054809844,7.237170849431772,0.2295379680260483,0.12716538741624164,0.33586155752005414
2026-09-15,525368335,9811363528,33,1.2148177355868441,0.9186904641522586,1.5180511305147004,8.798307065823547,3.7463139499717895,14.859533405716988,3.96785435228538,3.7923144799562065,4.154332196715582,0.0160473842527354,0.012141272808343042,0.020062329001834116,0.0309390388015417,0.009324603514339823,0.0612361257217593,0.00205899154345,0.0010963397389341305,0.003101789817410981
2026-09-15,525368335,9811363528,181,1.3654665725601705,1.0288305299149443,1.7143666974703784,7.0589751527222075,2.978572629148755,12.205377914471464,3.96785435228538,3.776395254037052,4.157809450018619,0.0128749867285567,0.009651699712856326,0.016082851216274684,0.0187528371833801,0.005231144049816246,0.03378289946085051,0.0016519507714543,0.0008543400279743664,0.0024274771414139616
2026-09-15,525368335,9811363528,206,1.4956285046650524,1.115092153122127,1.846601471128294,4.774258684340425,2.0345652128963763,8.197662233866424,3.96785435228538,3.782953791548367,4.147262761951577,0.0087078528921971,0.0066980469895238605,0.011092019067581557,0.0125552781238672,0.0036512286150160865,0.024238425675573893,0.0011172783790969,0.0006136821383116234,0.001697313979908584
2026-09-15,525368335,9811363528,270,1.5603021127058865,1.1795384275100094,1.9154127651430461,9.836222632168337,3.942215165798486,16.874874388639245,3.96785435228538,3.7830424814559684,4.183841811851248,0.0179404563847287,0.013817824104498251,0.022438261311200625,0.0550655568326844,0.01625215406133835,0.1072688109150417,0.0023018859273276,0.0012250766320326296,0.0034804703943150605
2026-09-15,525368335,9811363528,433,1.6239669701946162,1.2142047768261304,2.0538818926590383,15.746950272494583,6.646739672821287,27.444028771570167,3.96785435228538,3.7942180636932332,4.155547949769304,0.028721134638847,0.021281704995877657,0.035999021770980515,0.1231498905443576,0.03208269941449264,0.23688986010100233,0.0036851222858701,0.001976873018187049,0.005558933386013809
2026-09-15,525368335,9811363528,469,1.517162971808381,1.1650086068128467,1.881642344708533,4.785619720051174,2.034091663020005,8.46386346401147,3.96785435228538,3.776332295382827,4.151429229298771,0.0087285744814978,0.006665338591222464,0.010765356262205901,0.0343912063733554,0.009911863020943046,0.06458790316177306,0.0011199371038127,0.0006049979995192041,0.0016683220452516534
2026-09-15,525368335,9811363528,557,1.6829519214863407,1.2740416054340193,2.0426093075414737,3.8695729450183896,1.7045721062290788,6.523354079395891,3.96785435228538,3.778073495914301,4.1559551362913485,0.0070577809433259,0.0054848418945717585,0.00879358182374986,0.0124426510454586,0.003383281106551205,0.024424571750730022,0.0009055626168703,0.0004689094020623841,0.0013426113229803019
2026-09-15,525368335,9811363528,640,1.7573102439623334,1.3233670511803786,2.190102816305107,14.340843236480405,6.070510834366168,24.746385077180136,3.96785435228538,3.778423520602196,4.1770358520656075,0.0261565117246225,0.020021006855805074,0.03313371257131739,0.1070728091553977,0.0290713335008448,0.21330731850363535,0.0033560632436386,0.0018024262337850115,0.004940394894399756
2026-09-15,525368335,9811363528,653,1.7116954966135556,1.296312186024326,2.107932603328863,19.408703695136637,8.090015346525226,33.064436297138684,3.96785435228538,3.77988827199524,4.169356046779511,0.0353998699651192,0.02715362902096495,0.04415450635599887,0.1014019900962874,0.03003641989161688,0.20012535278052665,0.0045420507011906,0.002485710957965742,0.0067220336510924504
2026-09-15,525368335,9811363528,709,0.5622277618176679,0.4252662390116914,0.6963476145489128,141.325497059072,56.13325271697798,240.39403100214844,3.96785435228538,3.7789178039680476,4.147111131112633,0.2577660155582979,0.19548134835052497,0.320088824659676,0.030353953861344,0.00871920856521927,0.06342132131864309,0.0330731811405892,0.017352155478912723,0.05004780295640342
2026-09-15,525368335,9811363528,751,1.5607844963898698,1.178473902823898,1.9095693890909686,4.442032632480288,1.9348805932048074,7.886773247750571,3.96785435228538,3.7847169434541432,4.152692206436231,0.0081019000568297,0.00626440911545857,0.010150691689835971,0.0243119456321238,0.007500679923767957,0.048552582283612714,0.0010395303957432,0.0005441887489819192,0.0015308027408938163
2026-09-15,525368335,9811363528,829,1.5229419076659183,1.1478164572074485,1.8766987722856063,4.311721758418856,1.8434015461681887,7.444116590117378,3.96785435228538,3.779899580146743,4.15279895191077,0.0078642238024402,0.006050193618161189,0.009892166002670582,0.0235985315780762,0.007275842403259294,0.04526616290191749,0.0010090348713537,0.00053964223357293,0.0014564031278046735
2026-09-15,525368335,9811363528,888,1.6956279094997087,1.302719758649813,2.061023694964738,8.397180019725239,3.368904246134975,13.710363396754415,3.96785435228538,3.779305819060224,4.150039230251755,0.0153157617036761,0.01191858343791214,0.01885630636606679,0.0451706405270202,0.012869763847882479,0.09055302686625051,0.0019651192576129,0.0010651462936946553,0.002836129325266188
2026-09-15,525368335,9811363528,926,1.270731187095865,0.9590253488478098,1.554711597004767,61.75408857710807,25.32118874899162,105.19126178506703,3.96785435228538,3.7924185327583007,4.149338343083285,0.1126343489901317,0.08754383270196898,0.1419203148313201,0.0232856783278702,0.006343745189908954,0.04561099328202634,0.0144517740972741,0.00771551150875193,0.021667177063190643
2026-09-15,525368335,9811363528,937,1.149528905757761,0.8797757460617541,1.4190787802343097,14.526726197907744,6.1334552482710025,25.15254923771992,3.96785435228538,3.7907136359825904,4.157880767082087,0.0264955468691957,0.02049820587603321,0.03306348224632717,0.0220215974638135,0.0066860997969434,0.04508029148255248,0.0033995638219643,0.0018660887352528366,0.005006712081714941
2026-09-15,525368335,9811363528,1167,1.550480323363179,1.1665727784638007,1.9438714195286408,47.53708245918646,19.628635563414154,81.1547635403177,3.96785435228538,3.778067032253222,4.150456361680443,0.0867037059253999,0.0652562056725795,0.10873716825269054,0.1099410696478698,0.031872157248891884,0.22149197833758488,0.0111246913811358,0.005943814775040308,0.01670120491108513
2026-09-15,525368335,9811363528,1318,0.7451905078724398,0.563883805511226,0.9168432155139943,18.706007196145205,8.121155775587832,32.86624474434256,3.96785435228538,3.790289900436038,4.148319677920659,0.0341182096811573,0.026332334840489822,0.042814889009372754,0.0339884217614285,0.0100927216284173,0.06879338072593315,0.0043776047301406,0.0023104884595281164,0.006661404992249587
2026-09-15,525368335,9811363528,1353,0.8017083196357201,0.6010468256635274,1.0069553862210252,8.280045042867409,3.5017764859254497,14.680108330015987,3.96785435228538,3.7880964567201043,4.150147879413878,0.0151021171958168,0.011349912775964819,0.019014933932950607,0.0749882306731187,0.020783226557354265,0.14766278459562057,0.0019377071742442,0.0010150478615412975,0.0028510254342387987
2026-09-15,525368335,9811363528,1672,0.5622277618176681,0.42261829756446606,0.6994110386022055,68.66176053593627,28.629118210981492,118.07765215976185,3.96785435228538,3.7935183564194705,4.152879789658243,0.1252333712095029,0.0953655886204147,0.15782502974505158,0.0190917262757206,0.004908940232611222,0.03912091037470817,0.0160683166936791,0.008653128861692396,0.024462955423441346
2026-09-15,525368335,9811363528,1916,0.9910737611471823,0.7574558127272235,1.199411412042732,85.69942316861199,37.09980736871503,146.67138256067773,3.96785435228538,3.7777978449324623,4.147775260003463,0.1563086584198188,0.12213308624017766,0.1933947780889858,0.2228945293218238,0.06390192402188019,0.4134143252091035,0.0200554932059768,0.010979607677887493,0.028918735874648126
2026-09-15,525368335,9811363528,1952,0.6668432894611901,0.5028397044037418,0.8121576850173219,2058.6132064898266,888.1370558872392,3600.7870107861504,3.96785435228538,3.788531690496323,4.166199730783585,3.7547401909421496,2.93408492284377,4.738964719197485,4.118792886734134,1.2409916237813485,8.036825730847893,0.4817594057227257,0.2698830769923778,0.7270663885467323
2026-09-15,525368335,9811363528,2078,0.8216354091761044,0.6292342150468488,1.0175598287698306,9.07574551222614,3.706002761796764,15.627898454497204,3.96785435228538,3.791263963457264,4.159812717677205,0.0165534090280241,0.012741897022400063,0.020605602037788336,0.0172293203893247,0.0051184518755073806,0.035104294120971345,0.002123918058369,0.0011455311246015784,0.0032606235808224477
2026-09-15,525368335,9811363528,2557,0.6961232075735582,0.5340455452403863,0.8552496634501351,10.557246308511528,4.504314922097799,18.46957854687936,3.96785435228538,3.771816026671321,4.155803516987279,0.0192555439240741,0.014832505772990863,0.023753544616196758,0.0211097978825604,0.005953587899477663,0.042776173768924744,0.0024706208488428,0.0013038508861141613,0.003720797114312178
2026-09-15,525368335,9811363528,2633,0.8244832452235813,0.6210898139421063,1.032548923831296,62.031446209045455,26.731165558495913,106.4895538437506,3.96785435228538,3.7904591022783456,4.147076320916204,0.1131402263665212,0.08563909300503689,0.14237331757758756,0.1906088617365316,0.04955419819400527,0.3695288934491617,0.0145166816998842,0.007890959718996447,0.021940384318947362
2026-09-15,525368335,9811363528,2742,0.5622277618176679,0.42589353619418535,0.7087790648323695,228.2278208964022,91.26106211477757,391.23847695774055,3.96785435228538,3.7860635605951054,4.142565496606193,0.4162686652885333,0.3094789127170108,0.5150399290427382,0.2804469449881205,0.08205158272700132,0.5905031928524088,0.0534101787639468,0.028206412133190716,0.07658156819982172
2026-09-15,525368335,9811363528,2807,0.709366557910055,0.5319736071010353,0.8736791871160253,10.526096125558672,4.659636110456489,18.07529314443913,3.96785435228538,3.7824140018375147,4.155232631020011,0.0191987285672506,0.014727736963556387,0.02418788655418154,0.0307955528874251,0.008687704458836302,0.058290836056840524,0.00246333104152,0.0013387905306747278,0.003669468246330065
2026-09-15,525368335,9811363528,2843,0.6293945868959064,0.4703785794516437,0.77951898799956,381.84869017388144,160.80579496561523,654.6644079128712,3.96785435228538,3.77956489800514,4.1618578697516355,0.696460422645003,0.5347753733909224,0.8862388223579959,0.7110609112623341,0.19978450299362618,1.4219012432102194,0.0893607392948974,0.04920103576902077,0.1322071646563086
2026-09-15,525368335,9811363528,2914,0.664759174564376,0.5006188834160072,0.8360629633464675,405.27568141073215,172.42763132612964,686.2332432812401,3.96785435228538,3.790950282656337,4.150039601243223,0.7391893166754842,0.5582437843471546,0.9322999352846721,0.4511248597447595,0.12952516756533225,0.8849016641638907,0.0948431550010421,0.05137392466099692,0.14224804445395525
2026-09-15,525368335,9811363528,2961,0.632454931722633,0.47590401126702003,0.7975550088593807,289.74421638795627,124.28731913050734,488.17953286379833,3.96785435228538,3.7780904119796266,4.152822005294305,0.52846948175365,0.39660982019141044,0.6646679606972217,0.6836028846852442,0.201232879490196,1.3560657731779633,0.0678063276086092,0.03586113555176312,0.1036100141350365
2026-09-15,525368335,9811363528,2978,0.5622277618176679,0.43000378573656295,0.7087211448746794,279.7301010806093,110.26458896664695,487.68088556245834,3.96785435228538,3.7915295142915366,4.146552604793447,0.5102045638454735,0.38063908407444463,0.6273594691313614,0.6971872491915315,0.19188476502207533,1.4575016270964123,0.0654628110003909,0.03323116710212999,0.09781664807969893
2026-09-15,525368335,9811363528,3222,1.6751562374114592,1.2587688170820555,2.0367684969253728,40.92866195945872,16.566381447074235,70.5770341722323,3.96785435228538,3.7953817680238178,4.1498897773075685,0.0746504936120083,0.05797343216449541,0.09380472306662423,0.1443335588475354,0.04045865727952135,0.28818318710007074,0.0095781800099476,0.005311909579345147,0.01395578451820952
2026-09-15,525368335,9811363528,3515,1.7573102439623314,1.3473304216823676,2.1762641025815515,69.97847369375775,30.04404944932366,119.80610635992211,3.96785435228538,3.7788531345451815,4.154161671924459,0.1276349470849655,0.09714894941895637,0.15691902136373503,0.2539700851974504,0.07451030327598578,0.4979713120141756,0.016376455661417,0.008752386075436826,0.024414323614824145
2026-09-15,525368335,9811363528,3575,1.1978350882887763,0.9115318097355987,1.4601958188442934,8.170905940346694,3.612987540734054,13.788600734530284,3.96785435228538,3.79025004563751,4.1496140801152475,0.0149030565012939,0.011594709212865267,0.018573668969900085,0.039997229580501,0.010804932668404592,0.07961717367306363,0.0019121662960424,0.0010109318742304136,0.002771187689178736
2026-09-15,525368335,9811363528,3595,1.7301609921434924,1.3005607324501263,2.124278830453934,112.61650334170157,45.95289993322854,187.18319902465947,3.96785435228538,3.776442364274604,4.157434748427887,0.2054031859542272,0.1591012710024152,0.25986903452946253,0.2058938284416388,0.058777477953984934,0.4138044704201792,0.0263546641755878,0.013873043846908878,0.039007266068297665
2026-09-15,525368335,9811363528,3923,1.757310243962332,1.3434263507981914,2.15457180784717,10.487104539947586,4.428491736170278,18.091165203377138,3.96785435228538,3.7767008520436156,4.162552649463795,0.0191276111406544,0.014725085042167158,0.02361611827022429,0.0717438131602706,0.020490431487473395,0.13830748968745166,0.0024542061786983,0.0012952903427859278,0.003717504964501395
2026-09-15,525368335,9811363528,3936,1.564175895053243,1.167451555886502,1.9255545295598189,5.783320944765387,2.493362758062719,9.366579471009958,3.96785435228538,3.789843190499114,4.150099281253284,0.0105482989810672,0.008046282961841858,0.013271265007387437,0.0181730651273837,0.004984068767461875,0.03663633759867709,0.0013534204738755,0.0007124683235814351,0.0019743747847412855
2026-09-15,525368335,9811363528,4025,1.757310243962331,1.3275442581150978,2.1456480088137564,144.97068992956054,62.45055653131496,249.35883094278944,3.96785435228538,3.779151316247869,4.165377094066241,0.2644145458074051,0.20513706432085052,0.33155349127032363,0.858758894948226,0.24395389914519214,1.5470632986785637,0.0339262340334275,0.017651846914408607,0.05083726115073737
2026-09-15,525368335,9811363528,4045,1.757310243962331,1.3245939427410802,2.195441692088447,70.18739432273325,30.214956546701032,125.99246519054603,3.96785435228538,3.7796344555770442,4.15266812327371,0.1280160010293676,0.09730701451992625,0.161280403134459,0.5121534354989428,0.15188860277047228,0.9818859376327298,0.0164253475454004,0.00892815174473507,0.024499922052626685
2026-09-15,525368335,9811363528,4053,1.6054950815207345,1.1998364636409127,1.975467054011934,8.09437120642305,3.5104274533407085,13.84938517090459,3.96785435228538,3.7978074741135557,4.144111499519179,0.0147634634779128,0.011304366713690292,0.018612044092390062,0.0364238774227657,0.01076925779181983,0.07452947488627118,0.0018942555356256,0.0010081361310208651,0.0028503620142196788
2026-09-15,525368335,9811363528,4437,0.9537740030903079,0.7286318327699663,1.1541569791050483,7.905738911609548,3.3744760064889836,13.760263127981077,3.96785435228538,3.7829456834148565,4.151495992608211,0.0144194137766804,0.01134147850820927,0.01796496664695157,0.0347883007265032,0.009786986187327984,0.06760542715925917,0.0018501115546374,0.001051339604731433,0.0026530980928024654
2026-09-15,525368335,9811363528,4594,1.713858651575429,1.2874034220873358,2.103692875244363,70.60165390099203,29.567483947556532,124.85105597729198,3.96785435228538,3.7810326869877544,4.16085066758915,0.1287715762307058,0.10026976596382628,0.16384642271153005,0.2552620877424635,0.06854278392083003,0.49307795387111725,0.016522293123913,0.008739941802948877,0.02464192689492404
2026-09-15,525368335,9811363528,4606,1.2880795589472334,0.9884330455112,1.621567774921632,6.6062784607247504,2.7743700830899933,11.463491121944706,3.96785435228538,3.7865077665518885,4.164348900855857,0.0120493054114492,0.009102194989329914,0.014932550204366159,0.0212440190783962,0.0059039977559150495,0.04252486254764793,0.0015460100883664,0.0008522456015002888,0.002289359448969272
2026-09-15,525368335,9811363528,4718,1.3561860961595498,1.0299604135296359,1.6995031595003416,111.49320644923002,47.851810841731094,189.8054631110896,3.96785435228538,3.7885821549611474,4.162145421832494,0.203354385346504,0.15329895767429932,0.25295324507090483,0.3554422520948228,0.10271703193741577,0.7032476060411003,0.0260917887399978,0.013821341062814558,0.037611151450098246
2026-09-15,525368335,9811363528,4969,1.1422912957658504,0.8613744824874877,1.4272088865875303,477.1962792698909,201.2893164918321,810.9204257287539,3.96785435228538,3.7792529287438934,4.147547293276785,0.8703665375769405,0.6553351402453933,1.0858231111143528,1.0602761398816245,0.28500609547518396,2.29473425518093,0.1116741091475625,0.05982039508778762,0.1630758478281279
2026-09-15,525368335,9811363528,5045,1.2806098419915481,0.9656429187640743,1.5876236493686082,443.223398848215,183.27684286398528,784.0474863933882,3.96785435228538,3.7748909237775785,4.173705061867953,0.808402814076477,0.6187212295530125,1.0172463553793702,1.2724909817213852,0.3632368314601306,2.4759991555370915,0.1037237304017936,0.05521736484704892,0.1545187501737291
2026-09-15,525368335,9811363528,5070,1.0913419312182393,0.8248266209446617,1.3558635535884043,226.43761847048683,100.61744875503061,391.88549204712075,3.96785435228538,3.787777674038205,4.161129541103531,0.4130034841572182,0.31381897190710906,0.5158607828953417,0.8038066164394393,0.23284170405231921,1.6494983082494536,0.0529912332067564,0.028653765204163083,0.07630555726277205
2026-09-15,525368335,9811363528,5182,1.7354043950079012,1.305123046980633,2.14889664665993,4.434634453981589,1.9077862611410135,7.672869242578573,3.96785435228538,3.7827489520689483,4.155841695742054,0.0080884063912585,0.0061694582651574325,0.010158080209106675,0.0131041254304101,0.00366159141071265,0.02687289537376859,0.0010377990641527,0.000533720073962572,0.001531626836016908
2026-09-15,525368335,9811363528,5260,0.7125141526122866,0.5418139531345201,0.889770562841933,25.38478373881251,10.373145348231928,42.965967502769345,3.96785435228538,3.7801338678697616,4.163643612656752,0.046299745596704,0.03515794471876088,0.057736616194176714,0.1214577888263826,0.03460642879017296,0.24012403623824086,0.0059405809162483,0.003137680934226684,0.008783170771432066
2026-09-15,525368335,9811363528,5460,1.4124242477935705,1.0665841444994368,1.7669587015087147,382.58653351656085,153.28735140611985,647.0677715904693,3.96785435228538,3.7818370273101185,4.163299058045934,0.6978061878643476,0.5303143862539053,0.878546361446578,1.5280350278110304,0.42205783243243555,3.0489470016049296,0.0895334103771411,0.04826575909985866,0.1341321948304465
2026-09-15,525368335,9811363528,5484,1.4936271396080618,1.1259172888898816,1.8240511283955565,112.00499130339894,47.78350022978705,190.2752693155246,3.96785435228538,3.7836491723459416,4.178456752547581,0.2042878385833751,0.1588759314442828,0.25738810398230616,0.2645564736596078,0.08061721140607837,0.5526101173605928,0.0262115573135332,0.01426826599971501,0.03888872052913447
2026-09-15,525368335,9811363528,5596,0.7893513978633463,0.5997962846194096,0.9901073188722971,77.62052208202218,32.49541486048579,134.41398681156727,3.96785435228538,3.788555904711371,4.1599634723702925,0.1415734111607243,0.10623737727885786,0.17537023185891537,0.2443452396245829,0.07122115875573956,0.4970271168620382,0.0181648580084087,0.009900731481129908,0.02597351593745808
2026-09-15,525368335,9811363528,5608,1.7031271884610393,1.288409864413119,2.080349175312325,3.821681050245682,1.5751058966765807,6.420006695562618,3.96785435228538,3.7818427614974297,4.151790078342343,0.0069704300890923,0.005396622036520746,0.008713731952263637,0.0104634363495778,0.0030540017461318796,0.02052190405991135,0.0008943548918388,0.000470286752566626,0.0013555166922127732
2026-09-15,525368335,9811363528,5771,0.9351402471283145,0.721353761959445,1.156736529041671,10.32975984848608,4.367306310467304,17.870664922539675,3.96785435228538,3.781192677510593,4.156369367575686,0.0188406274396855,0.014439140969981374,0.02315408311883721,0.0243765353639078,0.006592295938921109,0.048248952500366725,0.0024173841643377,0.0013121802734608334,0.0036013977865019
2026-09-15,525368335,9811363528,5891,0.7835474432175399,0.5893286195283872,0.9553682705616009,8.381965176431537,3.5389242761384554,14.698855933411508,3.96785435228538,3.7835747336030607,4.150585832097498,0.0152880110881483,0.011850118647594577,0.01921041432485389,0.0234531506035547,0.005990922097645213,0.04442416111630631,0.0019615586597113,0.0010336955427346262,0.0029762614578566827
2026-09-15,525368335,9811363528,6029,1.616729532138358,1.2233584117724021,2.0212317561490263,4.352842524726847,1.9096840482299944,7.388581863096997,3.96785435228538,3.7807402974959876,4.16282605895862,0.0079392246784922,0.006014989250920582,0.00993796030194119,0.014358501602315,0.004276803902220956,0.027587259787918945,0.0010186580078793,0.0005626286777794905,0.001494757037426802
2026-09-15,525368335,9811363528,6272,1.5367804010140027,1.145188218766514,1.925910268458959,4.601666994109371,1.9715419420659817,7.989306867964717,3.96785435228538,3.794768381505635,4.151314899741064,0.0083930599267725,0.006306645108265874,0.01060614442435263,0.0146262213976389,0.003995976745788671,0.029345942179156984,0.0010768882417674,0.0005709661002764502,0.0016254270199374998
2026-09-15,525368335,9811363528,6474,1.7573102439623305,1.3304116618797734,2.148167970506967,405.5850365624851,170.48836853946324,688.384282441,3.96785435228538,3.7869227320074463,4.158622851186507,0.7397535548810391,0.5701508823454478,0.9206021706696809,1.295122322769246,0.35844294430875534,2.617859012580232,0.0949155507058768,0.05057958113668194,0.14229471773538033
2026-09-15,525368335,9811363528,6483,1.7573102439623307,1.326046982764017,2.1313206222535896,704.3763233428601,294.7453707919012,1179.1214901126725,3.96785435228538,3.789290105416946,4.150865407219125,1.284724144616319,1.00355025212248,1.6129790954401204,2.5912736690050964,0.7358623779474422,4.999491644623324,0.1648390857831076,0.0873732888383929,0.2521277779043787
2026-09-15,525368335,9811363528,6490,0.7705298289312998,0.5891838429436215,0.9517226642726703,12.559980582745082,5.3847320459984065,21.245372796637906,3.96785435228538,3.7725249229265563,4.157509486744528,0.0229083655651361,0.01740307169404453,0.02811159540467693,0.0206602147158228,0.006093251863017983,0.0415796326036152,0.0029393033923792,0.00153773852280453,0.00440057189827169
2026-09-15,525368335,9811363528,6522,1.3324607119774141,0.9871002320431612,1.6661048367255369,1366.3791632141674,582.9099103922888,2346.076879967539,3.96785435228538,3.7805823053447596,4.153925443534833,2.49216256070467,1.8843845999562798,3.180611445850612,7.563831279515724,2.30136166335609,16.630314549441092,0.3197618725007561,0.17218334708442362,0.46973638628783304
2026-09-15,525368335,9811363528,6607,0.9788701352303927,0.7502949224730371,1.2169850694201665,159.24821303388575,70.0493230804784,264.7723696575947,3.96785435228538,3.781548561460855,4.154683037262017,0.2904555668491011,0.2223884004996584,0.36071607103861125,0.3722801087147711,0.09829886687496697,0.6813083321305203,0.037267479015364,0.019992394755250165,0.05396371897924953
2026-09-16,63563817,1841014603,9,0.6208809151747421,0.47138046725509236,0.7541370808119653,112.91933169182307,47.87368919748807,191.60028020345578,3.483330362426333,3.3041378341884666,3.661407359670375,3.759174976964969,2.93654222539541,4.69802691790262,11.205347120327575,3.2335434165153405,22.54268676697379,0.4823284197610379,0.26192359201592874,0.7211046009476216
2026-09-16,63563817,1841014603,726,0.8050359884369646,0.605890745217889,1.01337904286177,18.817176186668423,8.260139886862232,32.79276081493862,3.483330362426333,3.2913973641219494,3.6681517105174892,0.6264388639061294,0.468294741961985,0.7832437126238713,1.2223958254686988,0.34699335410705545,2.3580230618609574,0.0803764839775264,0.04193259504816576,0.1150607486670016
2026-09-16,63563817,1841014603,1567,0.7442839120429207,0.5599469110812361,0.9307837629731908,3.003949407297011,1.3146310841879605,5.136373935230828,3.483330362426333,3.288647617851914,3.6815448537127904,0.100003881308814,0.0752483134056699,0.12508323102952892,0.3259538116884458,0.08929029235967745,0.6763558932760009,0.0128311968283513,0.006941927705084859,0.019163307739465847
2026-09-16,63563817,1841014603,1667,0.8328399193297946,0.6315200035982809,1.0037333347113546,6.3365766406437265,2.783833097114031,10.703322743492206,3.483330362426333,3.295733763478069,3.6644157204806866,0.2109497106495323,0.16645393641493494,0.26456068488983847,0.4737403552284907,0.13590707148171727,0.9591476008707956,0.0270663220547356,0.014304518711366268,0.039034025324209846
2026-09-16,63563817,1841014603,2123,0.7321433926862932,0.5597422824916306,0.9106702335608041,0.5171428676261222,0.22678094803808882,0.8962156855530764,3.483330362426333,3.2950841186363213,3.682635054010554,0.0172161001873588,0.013058413171643182,0.021245315569673552,0.0407579588328212,0.011446913624919763,0.08235135212126435,0.0022089459651917,0.0011960918079848377,0.0034020238819653156
2026-09-16,63563817,1841014603,2478,0.7970710235429832,0.6075568110800987,0.9675644413067169,3.6828893318218165,1.6245076993087726,6.400142944013829,3.483330362426333,3.310877633915623,3.6633875448928626,0.1226063350861857,0.09559772197321087,0.1522441243799278,0.7060704149181769,0.1873085119386359,1.327306830191189,0.0157312496005591,0.008339896925943875,0.023406341066754363
2026-09-16,63563817,1841014603,2505,0.7632762210756285,0.5665948944459115,0.9664824377343667,0.4827063365771981,0.20893001966034025,0.8160021616584703,3.483330362426333,3.291618893897286,3.6894809059544404,0.0160696804922273,0.011897923138360432,0.02029514127739209,0.0498831163199065,0.013161062873863325,0.09861261552789163,0.0020618523067895,0.0010489481903959172,0.003165147988689094
2026-09-16,63563817,1841014603,2570,0.700687565066544,0.5333694966182794,0.8535616985240138,0.8840681231226828,0.39627825509809195,1.4717941261000902,3.483330362426333,3.3025169443598528,3.6697153755691243,0.0294313357738003,0.022909178239807468,0.03666198964683843,0.1001484782356109,0.03069543651828336,0.20809775391444305,0.0037762460545783,0.001955887038040165,0.0054848144296167104
2026-09-16,63563817,1841014603,2892,0.7533160664605573,0.5637517105526082,0.9211175775942658,2.447033274913778,1.0870647505689488,4.015502029413484,3.483330362426333,3.3024279141183874,3.6616120638693577,0.0814636972875623,0.06284436414475657,0.10268181432164043,0.2445219347195705,0.06914644472691724,0.46887773722414194,0.0104523616541852,0.005368970548128111,0.014876646576990931
2026-09-16,63563817,1841014603,2985,0.7377428904383981,0.5506769758116694,0.9355313722506049,9.259844551187562,4.139244285893618,15.77561665481964,3.483330362426333,3.300302502631117,3.664006055329401,0.3082676403223026,0.2300995442001286,0.390910068801711,0.8209641172422663,0.2174061388628603,1.4977346584952909,0.0395528925179653,0.021375795508209335,0.05939439852158068
2026-09-16,63563817,1841014603,3169,0.6847095030925934,0.5111379691487249,0.8657172985555417,0.4952217112962449,0.212712818578848,0.839257738493853,3.483330362426333,3.2977818986909972,3.6673160931608213,0.0164863273388415,0.012305473608702556,0.02084185095408709,0.0385254693791819,0.010451504283331393,0.07999929023037118,0.0021153110088604,0.0011058683102667857,0.0031458610757925257
2026-09-16,63563817,1841014603,3304,0.700822411029262,0.5274852572174223,0.8691519200584359,0.6565122740459581,0.28316989749952065,1.0823253469534961,3.483330362426333,3.2943643666133595,3.676384919640793,0.0218558193330385,0.01659885071528535,0.027350381404132814,0.0505067135691384,0.014898979346377888,0.10436948284450923,0.0028042543552995,0.001502190725335818,0.004225386971224535
2026-09-16,63563817,1841014603,3501,0.729634503840968,0.5501929138007072,0.8956219595313999,1.107633779208049,0.476498016829715,1.8933609761222416,3.483330362426333,3.29216214951416,3.681819050187823,0.0368740154945635,0.028560801069042536,0.046492202966663336,0.147592302883721,0.043382308981114275,0.2881401067858645,0.0047311938743793,0.0025394808043131076,0.007221001432561627
2026-09-16,63563817,1841014603,4713,0.7195534309984318,0.546054382553615,0.8884507745636095,0.5986258137354946,0.2601953248800463,1.0024121428498927,3.483330362426333,3.2980135200482925,3.672567798236373,0.0199287327142649,0.015309108927658565,0.0249085200325985,0.0532126390297376,0.015964347623857945,0.10602787896578118,0.0025569956750648,0.0013446465948036516,0.0037613681297475102
2026-09-16,63563817,1841014603,4827,0.7620735464215797,0.5668785992235816,0.9372606666282848,1.111583605329422,0.4722121555364061,1.8759328151366728,3.483330362426333,3.2950833661191035,3.670851349772719,0.0370055083691348,0.02838012971297036,0.046922884953158564,0.0913832770181475,0.02499078374117852,0.17961941265014003,0.0047480653290976,0.002545608906446514,0.007042837617139558
2026-09-16,63563817,1841014603,4868,0.7291710926640549,0.5521291543220802,0.8883597619543973,0.5085700871477854,0.21504414570338856,0.869196737187318,3.483330362426333,3.2911018620744983,3.6873389159157677,0.0169307054602174,0.013111197536888134,0.021095523092413065,0.0416214610605291,0.011923142467680331,0.08770357971579615,0.0021723278272775,0.001155298565281148,0.0032455021400863175
2026-09-16,63563817,1841014603,5134,0.7177539937973174,0.5480813844692378,0.8945686962531271,5.750030967390525,2.514603375925513,9.687572317923697,3.483330362426333,3.296617010590981,3.6718860278719485,0.1914231354856078,0.14536618818991873,0.23726607219677928,0.4752823149963914,0.13113055240440719,0.9304873553175418,0.0245609260037742,0.012976849228498196,0.0361285574582803
2026-09-16,63563817,1841014603,5307,0.8809271198303293,0.6574170666679354,1.084653011572211,5.996802049601526,2.4726426907720263,10.44516087155425,3.483330362426333,3.299588069048732,3.6832322063834972,0.1996383424248226,0.15359407032110237,0.2534098896794571,0.3044093044892541,0.0919302512500111,0.5849306699283879,0.0256149944643491,0.013685418233934321,0.039027531704974104
2026-09-16,63563817,1841014603,5374,0.7200395955072705,0.5443464525458523,0.895141867977358,3.188296703100755,1.3728541341503855,5.526308902782897,3.483330362426333,3.2910333628673527,3.670714285939629,0.1061409504100366,0.0805442345053221,0.13244984966737844,0.1780725472587386,0.04916604118702137,0.3725666306197157,0.0136186256816756,0.007157361726905377,0.0203928663860667
2026-09-16,63563817,1841014603,5418,0.7349149673722575,0.5550299802248149,0.897069129425636,1.369499235581988,0.5706825360909149,2.3529380650155565,3.483330362426333,3.2951971446466146,3.6757125828844224,0.0455917262371228,0.03514157937836499,0.05679769948070697,0.129282330174511,0.0356335643688907,0.2533573301371214,0.0058497370845672,0.0031849277998704964,0.008870191442720334
2026-09-16,63563817,1841014603,5592,0.7178259749469021,0.5486506380626683,0.9059269696990906,0.5933897597524399,0.25361419878557634,1.0215023328363806,3.483330362426333,3.2975095335841758,3.687168186834217,0.0197544202841767,0.014745889489057818,0.024348282668643598,0.0445161908255718,0.012763788402144653,0.08857341030639466,0.0025346301721382,0.0013546525105459606,0.00374769541486373
2026-09-16,63563817,1841014603,6083,0.7664795145187023,0.5811286042262428,0.9405033278445193,9.923296625260472,4.441648680037146,16.38618621608796,3.483330362426333,3.288287893832502,3.6811818934203595,0.3303544911555775,0.2559005951218299,0.4141509117843706,1.191800076003271,0.34987876727348655,2.3997720661489343,0.042386789829261,0.023080375064811004,0.06313782114810768
2026-09-16,63563817,1841014603,6149,0.8057475798579671,0.6109277473577818,0.9798822157385928,13.633861582592653,6.092581030551344,23.10094204054895,3.483330362426333,3.316737917903689,3.675371510680648,0.4538821699774342,0.35566557321339487,0.570460860624912,2.753732346103708,0.7836168307542717,5.550803314411442,0.0582362542697268,0.031186585741911015,0.087268454116327
2026-09-16,63563817,1841014603,6352,0.763393948306142,0.5701025678532655,0.9498190623083386,4.792573772138134,2.1103468935070437,7.948532229216714,3.483330362426333,3.3033034903200793,3.664181185230173,0.1595486187311973,0.11990502653589492,0.19976773186747207,0.7435029447994839,0.20169940465022618,1.450658149880338,0.0204712027557188,0.01073749536637032,0.03007032804669889
2026-09-16,63563817,2874903000,193,0.7251425872077075,0.548805810410554,0.8907983470267183,0.9781152038795758,0.42919489141375483,1.667737524222278,3.6021962047707925,3.4186791282069016,3.782077366813182,0.0248002135266244,0.01924770401777761,0.031242057933514353,0.0241019486660242,0.007366044600110146,0.049122112874288006,0.0031820407066261,0.0017006941264673284,0.004746077072369683
2026-09-16,63563817,2874903000,431,0.7559986185180475,0.5701870249018245,0.9355326305675136,23.643253862302597,10.311579587044926,40.14454908864655,3.6021962047707925,3.424235914038957,3.7822168165504273,0.599477180114954,0.4610060450610272,0.7563912315910023,0.9969774344450792,0.2805297029064527,1.914001030131051,0.0769171115309707,0.04289733293552719,0.11405920766887861
2026-09-16,63563817,2874903000,648,0.7918897784403411,0.5985222563020243,0.9660246046706236,1.0736930280380168,0.4539482655793143,1.7662146915291321,3.6021962047707925,3.4184690747679616,3.8109081446541775,0.0272235992772372,0.02103103767221352,0.03394441496402798,0.0263932278117478,0.007659676903210186,0.05142642596993536,0.0034929780337596,0.0019052208445453093,0.00521736774138657
2026-09-16,63563817,2874903000,1812,0.8331061500756447,0.6341252401552191,1.0311024729599674,1.2902594287231337,0.5627380380835845,2.17559029066873,3.6021962047707925,3.4165408051378185,3.7839532555130058,0.0327146630684761,0.025088158560737303,0.04079386145285809,0.0317168037318572,0.009422144270790448,0.0670827956409514,0.0041975198913386,0.0022715242724446923,0.006185056608638658
2026-09-16,63563817,2874903000,2249,0.7908031882319717,0.5959854373361003,0.9663687292468519,0.8040550709181279,0.35044527947089965,1.417692130419844,3.6021962047707925,3.4211681589511627,3.791699805912848,0.0203869006092965,0.015807033978736004,0.02563048740339864,0.0215618852002235,0.005869315124888111,0.04334473428442912,0.0026157818178089,0.0014009769653492332,0.0038239362881260816
2026-09-16,63563817,2874903000,2275,0.8026203291264736,0.6077861444001676,0.9735834547063877,48.30875797405619,20.39927340163255,82.86682649226205,3.6021962047707925,3.423264272687907,3.7836850680426326,1.224873622463512,0.960787968191437,1.5390205747545973,1.2355194500812157,0.3371033868338926,2.454726400000836,0.1571598455379134,0.08412690046957433,0.22908773107498545
2026-09-16,63563817,2874903000,2561,0.7940536334320251,0.6027517155227481,0.9924284774007079,74.52465431532605,30.984716987149955,126.74787498280823,3.6021962047707925,3.4136374912109946,3.7867416745991123,1.8895804223134307,1.4423818179118035,2.3748765528582028,1.6779603427288,0.4595679267010781,3.3113585414372766,0.2424463731245795,0.1344974873590203,0.3567657450565483
2026-09-16,63563817,2874903000,2574,0.8478032185639945,0.6372590956434534,1.0647460077646935,0.8002270369036052,0.3431357186878828,1.3797523768527682,3.6021962047707925,3.422722638607966,3.7901061024121088,0.0202898404055794,0.015286807732542838,0.025541425863703768,0.0195471860192632,0.0055139039812467,0.03872431671247344,0.0026033283153868,0.0014381063454477075,0.0038401372787149335
2026-09-16,63563817,2874903000,2669,0.7277904575347619,0.5456400923508656,0.9028071550463532,1.4810032433326534,0.6343968361384414,2.520656482871343,3.6021962047707925,3.4126141476554785,3.7944972619390223,0.0375509924828805,0.028641740203165494,0.047390153969420985,0.044144889726531,0.01137885629525024,0.08319957473237917,0.004818054752894,0.0025525771653064702,0.007197996673048962
2026-09-16,63563817,2874903000,2797,0.7809334672880437,0.5929429012807252,0.9687944365858475,1.0173011530321863,0.4370586504673763,1.7752450035393814,3.6021962047707925,3.4218418500556926,3.790935910123665,0.0257937773751093,0.019830234834073413,0.03239998724398744,0.0250070181923371,0.007308823203167382,0.050648214896200784,0.0033095218917021,0.0017631683674255451,0.004918358563104566
2026-09-16,63563817,2874903000,3163,0.8190085798038698,0.6174130372565115,1.0251767639786928,88.55801378546145,39.09337125719053,149.86997165027884,3.6021962047707925,3.413476018908441,3.7856152365089133,2.245397722744724,1.705459821710854,2.8318147881215316,1.9640875993675269,0.5512116037205923,3.9416721411912548,0.2881002193254885,0.15380775839440416,0.4360621894535319
2026-09-16,63563817,2874903000,3422,0.7584129928837959,0.5742453265906282,0.9235358027423897,1.4095871103298794,0.5937403510770407,2.373059480268113,3.6021962047707925,3.4161015365951823,3.784616554277165,0.0357402289443018,0.02788374657765139,0.04484430700747579,0.0322529455851996,0.009064042916754124,0.060838276887227316,0.0045857211367481,0.002489123521725386,0.007178471181310756
2026-09-16,63563817,2874903000,4527,0.8154795794636295,0.6258724679058056,1.0095326477386943,18.64315579802614,7.970610424125346,31.549891633294965,3.6021962047707925,3.4196639576831807,3.7873481636573776,0.4726991695531382,0.3631333261864573,0.5857318614139678,0.6507946597007231,0.19164886805427025,1.3081576163692985,0.0606506068139974,0.03333272593196772,0.0896483661603074
2026-09-16,63563817,2874903000,4667,0.4981179035451248,0.3767807150830017,0.6076952121979712,2.3761244652526923,1.0235586177949518,4.087003217085848,3.6021962047707925,3.4174496714420086,3.7940304521996064,0.0602468848969637,0.046950963902256344,0.0757254155820525,0.1018261101018428,0.028705079212245802,0.19945115570326602,0.0077300963551685,0.0041654891153780575,0.011689254899379851
2026-09-16,63563817,2874903000,4738,0.772922542101924,0.5912340812151445,0.9355900370375501,0.7181614983066933,0.3062756447658945,1.2529018360165194,3.6021962047707925,3.412001264342443,3.787322183104174,0.0182090600718229,0.014281764804099815,0.022599977380476925,0.019258526364404,0.005325477110984232,0.03770573140791047,0.0023363496574631,0.0012511607776269072,0.003424439429609123
2026-09-16,63563817,2874903000,4798,0.6555309022485313,0.49567148469410777,0.8045529600050665,23.57736353373642,10.041963674953681,40.409630665192026,3.6021962047707925,3.4159830759527177,3.7886849559489284,0.5978065239271152,0.46329775751503816,0.7520052972231519,0.6478869972432482,0.2006666040180898,1.2888086740724805,0.0767027546670359,0.04115507107452236,0.11342678930124715
2026-09-16,63563817,2874903000,4836,0.7439841948317508,0.5616640218720379,0.9145500351660036,0.5802964724142978,0.23888870149488892,1.0288930474856353,3.6021962047707925,3.4141769146387606,3.793685705949501,0.0147134778884322,0.011291649571594939,0.01838605827656396,0.0142238898763853,0.004166467925841876,0.026991690928254708,0.0018878420351813,0.0010507700014232284,0.0028006230484472023
2026-09-16,63563817,2874903000,4860,0.7101821232694442,0.5323695836469104,0.8969114286443309,9.517821062487334,3.931204564806984,16.636746364976517,3.6021962047707925,3.4124236379233492,3.800199865647843,0.2413253507579158,0.1817174009721931,0.3061485009146674,0.5891981941698533,0.16101981395296514,1.0716703979241082,0.0309637289545164,0.016515323562226042,0.04537878816937074
2026-09-16,63563817,2874903000,5241,0.8094032092539484,0.609740136306548,1.0096209677945076,1.1647599099753876,0.48839871312217314,2.0154688292051515,3.6021962047707925,3.4140464654818667,3.7883426394819164,0.0295326096149691,0.0223111954419414,0.03694321831910881,0.0310928597514707,0.008950205103338545,0.05993250682147035,0.0037892401961315,0.0020156912153867575,0.005527476555529621
2026-09-16,63563817,2874903000,5351,0.7824508920840679,0.5934952334631688,0.9809705126888899,0.7638421284071928,0.3241288585413467,1.277880455488306,3.6021962047707925,3.4262444891689943,3.7977348680378706,0.0193672972365553,0.014701000570032598,0.024298840542338305,0.0257655078639859,0.0072717448442540834,0.05141530000701899,0.002484959579799,0.0013706868843096885,0.0036683518249229123
2026-09-16,63563817,2874903000,5532,0.8305138959924918,0.6346424232375745,1.0444813003949196,12.122444478632204,5.307272049565181,20.58829079791803,3.6021962047707925,3.413477290884752,3.8050352748797445,0.3073658505074643,0.23239242536874272,0.3824666201997804,0.5462311665099291,0.16527938472112544,1.0949591484795838,0.03943718658275,0.02133469785412988,0.058826596152748926
2026-09-16,63563817,2874903000,6242,0.7518393766183523,0.5786230704661264,0.9071281378628119,0.8691630053951398,0.3878813808986523,1.5093963721340202,3.6021962047707925,3.420561458271841,3.7889642471451253,0.022037719112989,0.017380111878360437,0.027247650100747745,0.0213655268385751,0.005651445768209339,0.0394080688709305,0.0028275933682362,0.00152739811679111,0.004074877230587715
2026-09-16,63563817,2874903000,6282,0.7744949612833154,0.5859647718703365,0.943082060278877,30.72913529268071,13.841518724282896,53.60624557198113,3.6021962047707925,3.4133968835218353,3.783336864175086,0.779140446569358,0.6074007378415713,0.9775789911162789,0.9670787984482204,0.2791486473245832,1.863955620710446,0.0999691641566302,0.05431039718504969,0.14695278305900863
2026-09-16,63563817,4190988309,9,0.9986369178829718,0.7610176066385873,1.204149706029359,9.424369658725569,3.913459831901311,16.55646394816959,3.839408765135745,3.6607840338002204,4.020689885868189,0.0644235195474111,0.05053393209423946,0.07995923437398657,0.3824163642814731,0.10772519298608509,0.7336445880693447,0.0082659877683679,0.00454053407307364,0.012392993101507795
2026-09-16,63563817,4190988309,2478,0.9303026919725143,0.6962842902746335,1.1426398928616053,30.183589754891226,13.050326299455921,52.29917598099968,3.839408765135745,3.654259418509835,4.034195401825146,0.2063303069595666,0.15897258424462782,0.2608825434759801,0.6908452416470399,0.19391205376537426,1.2995270115696722,0.0264736202795662,0.013927087593632013,0.03876513642304273
2026-09-16,63563817,4190988309,2941,0.8111762314563833,0.6111655824236576,0.9951138686387861,13.080275233129477,5.3212910088685295,23.47809549206728,3.839408765135745,3.6511897979740593,4.033902817339013,0.0894147192525327,0.06921272601750275,0.11269355692358544,0.8161364198821855,0.2335513368165042,1.6326355397979626,0.0114725333363626,0.006182920810909558,0.017296950868502494
2026-09-16,63563817,4190988309,4017,0.898551951695225,0.684825208020373,1.1330111942297134,5.598279039882461,2.353093953316325,9.566850168694188,3.839408765135745,3.6687035714508296,4.018097159783867,0.0382689614497253,0.028632166847531157,0.04737057744571313,0.1713417004195026,0.0511761197123162,0.3548457658357991,0.0049101751887177,0.0026085479088182634,0.00723489408095872
2026-09-16,63563817,4190988309,4097,0.9321915234193294,0.7074909891519965,1.1380263812946656,10.99994745906545,4.489498692393504,19.050984985694672,3.839408765135745,3.648090160908383,4.031299016211811,0.0751939233934323,0.05861212206695057,0.09427984684116023,1.3300731092726774,0.36651849067083436,2.5549966235761996,0.0096479058485509,0.005284318331941916,0.014310622751638986
2026-09-16,63563817,4190988309,4101,0.7777616672138993,0.5933824335919305,0.9789317188792855,11.926745534774524,5.2414461567237876,20.994564751045633,3.839408765135745,3.653824050162765,4.024901357809099,0.081529370336737,0.06147417631078308,0.10141775514273867,0.2692599171460131,0.07132527561770591,0.5080920046942432,0.0104607879653369,0.00554073515402687,0.015208158793974644
2026-09-16,63563817,4190988309,4177,0.8319318055136119,0.6345401769724613,1.0464720540090873,202.5688283513075,83.81370370533357,349.0869916682152,3.839408765135745,3.653745048499067,4.02042268138748,1.384728883263198,1.0395007628072128,1.7143256453658522,10.780842504896707,3.0117267187558534,20.89876587424659,0.1776703926139241,0.09456383081720603,0.263532040263469
2026-09-16,63563817,4190988309,5374,1.0464751293698906,0.7949249908549256,1.324760851329466,19.46006150611412,7.878669235160231,34.921167000135284,3.839408765135745,3.650880849063707,4.028884615798397,0.1330259421299586,0.09908976592671258,0.1651367490571284,0.3827874595724661,0.10717600567097457,0.7742512132509681,0.0170681579995429,0.008836127894594946,0.024970706798455096
2026-09-16,63563817,4190988309,5649,0.8607827520166768,0.6521495810760647,1.0461763828032347,3.1096964898054513,1.2671243172491171,5.432590060134575,3.839408765135745,3.6509800090910063,4.014887210831156,0.0212573996831729,0.01643933734142998,0.02637167799049434,0.1299608137379898,0.038914885830174314,0.24693945049932786,0.0027274729322899,0.0014756029070594047,0.004027909032001426
2026-09-16,63563817,4190988309,6083,0.8281323740110625,0.623023104047592,1.0217356632416186,7.635435635896403,3.303037605802032,13.473449853374854,3.839408765135745,3.6506139950028786,4.023579225203449,0.05219464587605,0.040046106597535554,0.06567418610779478,0.3122793425487263,0.09105315735577157,0.6318074725990737,0.0066969378173791,0.003559868488837181,0.010160071872262652
2026-09-16,63563817,4190988309,6245,0.948291133595915,0.7149008387199658,1.1837483440694505,1.7682139044625578,0.7618904278292897,2.9274508533897223,3.839408765135745,3.6471026109905833,4.026960841680585,0.0120872341772672,0.009209649107798997,0.015249477712530794,0.1457616942525534,0.040627878558668645,0.2756771162980516,0.0015508766140781,0.0008334721436869581,0.0023164413938477893
2026-09-16,63563817,4190988310,925,0.8366300619775788,0.6332954438045734,1.0189489671785408,6.9827716574207574,2.933160801472634,11.91662773246987,3.724961626108296,3.5347772026328066,3.9094049910195348,0.191921946505794,0.14873715485183886,0.23931238758884515,0.3284315871413276,0.09131432747069704,0.6532666464958444,0.0246249269435017,0.013358689691739051,0.035985639488607814
2026-09-16,63563817,4190988310,990,0.8587577397696602,0.6444322372436061,1.047910941644474,0.789971781659133,0.3399171456754762,1.337882026229008,3.724961626108296,3.548913721903766,3.909186065781392,0.0217124273080802,0.01686799897562448,0.0274290470495544,0.0628638591745749,0.0190501221097315,0.12428093446471618,0.0027858561564319,0.0014971554856043833,0.00430786608119711
2026-09-16,63563817,4190988310,1186,0.8206483925437849,0.6180591085113715,1.0214437196858228,3.587389874535436,1.5334915335743529,6.201340563820618,3.724961626108296,3.5289257877446474,3.9139197447897724,0.0985996508799386,0.07501100810916538,0.12396795401163417,0.1580210514886547,0.04529699393341462,0.30171598778565817,0.0126510242511528,0.006686705058980878,0.01856932487836913
2026-09-16,63563817,4190988310,1567,0.8544734368322349,0.6424555474389749,1.0506693206260764,22.985883859019808,9.907090687117156,39.3549573670903,3.724961626108296,3.5392891345633872,3.9178212315246417,0.6317685567866153,0.48594413449106816,0.7947118473092009,2.132410728814631,0.6023356089389884,3.996140836463542,0.0810603208195486,0.04303676742821324,0.12383997014008978
2026-09-16,63563817,4190988310,1667,0.905997246087164,0.6890862316574519,1.135383080136558,5.521750495843353,2.40971538838913,9.582899296506408,3.724961626108296,3.534919816956762,3.9072174694760817,0.1517656820634215,0.11423501532179307,0.1882210057449069,0.3441466049077513,0.1118746958138561,0.688048184835965,0.0194725975918008,0.010311639506629472,0.02869584365187051
2026-09-16,63563817,4190988310,2123,0.8554532431445924,0.639448036045036,1.083093933586088,4.55254153454587,2.0028951651558446,7.579898083751452,3.724961626108296,3.537621906660009,3.9133621855157403,0.1251269088729232,0.0934187772823234,0.1582322608256731,0.3192435695789966,0.09071894150136955,0.6496733347552198,0.0160546568319059,0.008648001882911273,0.024730766106353358
2026-09-16,63563817,4190988310,2892,0.822209005380425,0.6204700722085525,1.0241360984117513,9.639024864853706,4.137475901093827,16.40618644173375,3.724961626108296,3.5445391525516183,3.9053220745835264,0.2649292437501512,0.2019381721433574,0.3333153056087851,0.4572979229297157,0.12430178980029988,0.8946289257871293,0.0339922733763419,0.01791412353796942,0.05170085196071331
2026-09-16,63563817,4190988310,2985,0.8390080791413764,0.6378538281250611,1.0178166618297035,76.49545615708041,34.562617399371106,129.03976551823487,3.724961626108296,3.541553336002297,3.904107115727585,2.10248273390316,1.6490276382117237,2.6313316072840993,3.438331100809663,1.036108775465668,6.85356780668825,0.26976322752529,0.14489899118281463,0.41250498391418455
2026-09-16,63563817,4190988310,3169,0.8574244259581363,0.6490954505798522,1.0444287539676975,65.31173646085061,28.915590296514537,110.06090874186414,3.724961626108296,3.5347126873556944,3.9207064467167214,1.7950974492942071,1.3985983982302845,2.250420402025348,2.619801811734165,0.7881290715740319,5.115404346464512,0.2303235474115078,0.12327846501323704,0.3646222710094187
2026-09-16,63563817,4190988310,3304,0.8573152979866048,0.6482084236228878,1.0466388815865124,1.0775161517157101,0.45900834916490113,1.8431029642906294,3.724961626108296,3.5406511666203366,3.901452464143937,0.0296156035703876,0.023045604543907368,0.037210910698304865,0.0690896227833281,0.018363431638423154,0.12963644552683545,0.0037998889005978,0.0020740986563002,0.005591927134280259
2026-09-16,63563817,4190988310,4048,0.7854834910380436,0.5889305889200037,0.9618707197063822,0.6390710826861121,0.2775411985300713,1.0822518264443632,3.724961626108296,3.5491697704658582,3.897410324236305,0.0175649114938964,0.01357598298154685,0.022172962111201636,0.0739095281137953,0.021787668051324777,0.14844315302200708,0.0022537008934161,0.0012007415964420262,0.003406021132437168
2026-09-16,63563817,4190988310,4403,0.8106837518963688,0.6057859533176349,1.0188071498032492,1.6993529113012813,0.7031017361704904,2.8717419645932574,3.724961626108296,3.5362924031518825,3.9086787314569538,0.0467068285400153,0.03514575199405513,0.05910791380368389,0.3084807899331749,0.08073025502909016,0.6088070913443258,0.00599281250269,0.003199344450959771,0.00879733730732697
2026-09-16,63563817,4190988310,4675,0.8239514906740796,0.6261405032600927,1.0178704728849886,1.4624226252193513,0.6323809570635415,2.498148900083296,3.724961626108296,3.53548307518821,3.928315188330882,0.0401947837644004,0.03079281946911167,0.0500575536433158,0.1328516368701956,0.038234433944981924,0.2477885072384984,0.0051572716499013,0.002758237347598607,0.0075497393167532284
2026-09-16,63563817,4190988310,4773,0.9433912317239338,0.7118524271914843,1.1844505086561095,11.669396915103448,5.133427105770351,20.088988971506765,3.724961626108296,3.5332115652611558,3.9193580648604054,0.3207341554861344,0.24290355441802233,0.4041669699995444,0.528025206385658,0.16016802613222128,1.067119743098149,0.0411524335331464,0.022448812664632882,0.06133294094919682
2026-09-16,63563817,4190988310,4791,0.9191459407168358,0.692665721213862,1.1428974774605969,1.4464783304117252,0.5884559077341304,2.489868177664018,3.724961626108296,3.5442913691629223,3.899617301546525,0.0397565537541308,0.03020133636677967,0.04983216372628282,0.2542993940926075,0.07431319674242283,0.5156602427445974,0.0051010436771039,0.002670247600821819,0.007836390842713153
2026-09-16,63563817,4190988310,4827,0.8630511269933856,0.6526718266797347,1.0624080098530682,5.968715590384335,2.498663402712784,9.810939006392015,3.724961626108296,3.5396568896911424,3.9314961032998808,0.1640505476115149,0.12474975318046366,0.20306550947717358,0.5357194336246436,0.1564588967354763,1.05725878185659,0.021048831691862,0.011350356114461177,0.03109575864769699
2026-09-16,63563817,4190988310,5010,0.8285682590449873,0.6241769086945931,1.0507043709021706,4.098291298224064,1.8135882730350683,6.855319767538999,3.724961626108296,3.53831037343989,3.9135680462951643,0.1126418107152383,0.08342033969808182,0.1404253294764825,0.2086574800822575,0.058708190399511286,0.4206937574874413,0.01445273148875,0.007758535132466059,0.021171780929848658
2026-09-16,63563817,4190988310,5134,0.7862982970121065,0.5938928728741404,0.9702754827955897,11.445806747964818,4.90000361814867,19.288624550962773,3.724961626108296,3.5516910888354123,3.9070668560863595,0.3145887647728066,0.24182766682722304,0.3950866357048464,1.837760290064382,0.5142101140371181,3.8021766277227984,0.0403639369588351,0.021479453966267763,0.06030594792799793
2026-09-16,63563817,4190988310,5267,0.7971704757609996,0.5997427541048591,0.9943679966420524,7.441078388725958,3.204247827196246,12.976972114877888,3.724961626108296,3.5433243236377048,3.9124235355968975,0.2045185376996827,0.15537969166768711,0.257617153686075,0.4524685039951654,0.12206398791468057,0.8949932164879261,0.0262411576223485,0.014667328065362846,0.0389496060620033
2026-09-16,63563817,4190988310,5330,0.8631979785408898,0.6546810785773409,1.0661815124450538,7.530846431516333,3.419266366697001,12.381076299420075,3.724961626108296,3.5382937008410535,3.9078030768929723,0.2069858183658112,0.1593049330164267,0.25943575212063347,1.6250205855222637,0.43749510226765287,3.1403084427346126,0.0265577269738932,0.014468235509595315,0.04016215482470176
2026-09-16,63563817,4190988310,5418,0.9066771772625386,0.6804615639257182,1.1259847052905392,0.895034381379329,0.3696356906223082,1.5218260896950162,3.724961626108296,3.539644659998972,3.902645662024362,0.0246000798954064,0.018770561252435883,0.031060208788956385,0.1265746419717348,0.037643554943161885,0.25679187934749687,0.0031563621631484,0.0017100025058656046,0.004752441485662692
2026-09-16,63563817,4190988310,6325,0.7887620674826704,0.6025936941971675,0.9823912388271323,5.659956695845173,2.488403983827496,9.582819700148516,3.724961626108296,3.5279744211435284,3.935855034706576,0.155564288723476,0.11887588599806995,0.1937999518543534,0.2945452147229271,0.0858818708457385,0.6138573464034308,0.0199599853720624,0.010479814784868549,0.029922528486491497
2026-09-16,63563817,4190988310,6352,0.8837244352564456,0.6796635012571723,1.0840237942252529,4.24478050897515,1.7953050896742109,7.278723022801223,3.724961626108296,3.548392375626333,3.925749222671401,0.1166680764802899,0.09008518923090768,0.14368064263118008,0.6704324085218598,0.19088206177765404,1.2630346176977747,0.0149693295231313,0.008105424516826686,0.02202419087947982
2026-09-16,495403620,8878077181,1048,0.3101956154371378,0.2377408066964463,0.38101867289710545,6.977804249711838,4.845874966240885,9.44588844054065,1.2258713519326956,1.0524555543328418,1.4072468912039569,4.8289828271398,3.7270505733562205,5.973199993823102,50.62178769973348,14.680217695926252,97.40308906145486,0.6195922430692521,0.34337264919290633,0.895129034718387
2026-09-16,495403620,8878077181,1607,0.5412590172256869,0.40594410508763296,0.6792551673955055,3.6376580089126382,2.5326703840663156,5.135006705049058,1.2258713519326956,1.0372273998597727,1.410008923563934,2.5174377823470926,1.9115169193446813,3.1984889760833433,25.62127699069648,7.895242550362637,49.75807605521083,0.3230048600681351,0.17548305269795078,0.48349325650238345
2026-09-16,495403620,8878077181,3989,0.37011557145533097,0.2795061148104109,0.4571032204941513,143.73494436108817,98.91497784814695,198.6756455212915,1.2258713519326956,1.0437040138793616,1.4123760770874203,99.4716322127055,76.05065099377855,124.37304836209303,981.1941603763496,299.8670137001245,1838.97783506689,12.762905549807956,6.86647930345522,18.851285782520616
2026-09-16,495403620,8878077181,5778,0.5021462010282726,0.3794182299850275,0.6101128852726925,105.94233504379153,74.43775843692136,149.90216226295414,1.2258713519326956,1.043048709936642,1.411231752499131,73.31729270202551,57.3640956942304,92.24269703287594,773.6790642657662,218.36403193058499,1462.8043412158027,9.407121016398216,4.913067498657473,14.184407582130332
2026-09-16,495403620,9628223555,104,0.7130514649574613,0.5413015140253871,0.8693259128644015,2.8863716267348223,1.1821030176552878,4.942893582121186,3.713192215247193,3.537095698729409,3.897583347274327,0.0271133542950555,0.021231742220799817,0.034098015341988745,0.0353736917692933,0.010437225204374807,0.06899602419016752,0.0034788328321214,0.0018977032178626651,0.005229964690994546
2026-09-16,495403620,9628223555,444,0.810716033986318,0.6107187248593196,1.0092118905588972,137.77308871756196,59.06261575815447,230.74815582412708,3.713192215247193,3.531601840623354,3.8996655900011943,1.294182125449004,0.9856342543621682,1.6287593105542775,11.743332996477372,3.472938771556253,24.96786051225791,0.166052610819083,0.08637579086895615,0.24876181004146805
2026-09-16,495403620,9628223555,665,0.7637819652432136,0.5769599770439152,0.9645580422511065,11.428208071421174,4.8043108414372355,18.754614098728375,3.713192215247193,3.5383788892619576,3.893944289050346,0.1073517531588882,0.0807751092316762,0.13503931884550383,0.1332924088674893,0.0362077110932636,0.24491819729803838,0.0137739801357977,0.00757759373706964,0.020787068308665956
2026-09-16,495403620,9628223555,700,0.615218630393268,0.4710930799498144,0.7614688242634783,1.7777767434327112,0.7677451656790807,3.1304621670497035,3.713192215247193,3.5163826769049282,3.917906232461717,0.0166996828321544,0.012809159683404979,0.02070447688447285,0.0286434846158449,0.00869267358888059,0.05593081767834286,0.0021426860096431,0.0011387843358734548,0.0031951955787920794
2026-09-16,495403620,9628223555,875,0.6233756578025107,0.46566511120123716,0.7863008376327724,16.42532540108479,6.882150157402757,28.546694205851093,3.713192215247193,3.526426845417459,3.897877361562423,0.1542925598651963,0.11486659402869073,0.19395847931616575,0.1806474451763537,0.05112163609316463,0.34112806745037333,0.0197968136723312,0.010666720456483213,0.028979262745938515
2026-09-16,495403620,9628223555,1257,0.7154928699911863,0.5367217437349077,0.8911654283167115,2.8971503675651458,1.2352622194319565,4.9546938918010905,3.713192215247193,3.5289040911353853,3.89932692146541,0.0272146052276382,0.020484261061183763,0.03401181088842149,0.0418347677072593,0.011540147835591999,0.07819449734472532,0.003491824034343,0.0018239857378869251,0.005211154568290114
2026-09-16,495403620,9628223555,1318,0.6482125443073496,0.49195490669667064,0.7962622775641446,20.572854416309006,8.986839434310488,35.18961108093338,3.713192215247193,3.535597444914907,3.898270306663302,0.1932526932718597,0.14951638064959205,0.24200196969821472,0.2132994911956376,0.06386781102172072,0.41935004422564576,0.0247956710532363,0.01320359378797048,0.03677913338677343
2026-09-16,495403620,9628223555,1655,0.7324778278711859,0.5558376511628984,0.9139520380105142,12.924081918828692,5.598216698090956,22.315602753081883,3.713192215247193,3.5228436245866175,3.897589321278213,0.1214033594142299,0.09238540060921509,0.1519073509909901,0.1355953468660535,0.039195529882765666,0.2758857686082804,0.0155768994151007,0.00842683828569849,0.02283391908809697
2026-09-16,495403620,9628223555,1676,0.8083052886398032,0.6162972344095052,0.976928781761443,3.2652257746133357,1.3845824700013891,5.433722956608962,3.713192215247193,3.536557224148539,3.897469128722223,0.0306721499270655,0.02431335705987824,0.038540501483405674,0.0869475394043982,0.0252541962950222,0.17541330624315618,0.0039354511816152,0.0020950627929416225,0.005842247766518826
2026-09-16,495403620,9628223555,1802,0.856962021599902,0.6473261423636439,1.0835281570221467,2.479103572135309,1.0514259292372181,4.321001182369087,3.713192215247193,3.5372987753005956,3.904828264349661,0.0232876504407302,0.017497622632994567,0.0292884306117627,0.069547465207018,0.02058465431823273,0.14689132844237823,0.0029879682924718,0.0015963514394667802,0.004469496160584467
2026-09-16,495403620,9628223555,2541,0.5154227318183977,0.3845696963786242,0.6540575964217182,411.25457073693053,166.27944398740348,720.173457533068,3.713192215247193,3.5229685964319724,3.8912924115375183,3.863151500856887,2.873258641217987,4.886699379154193,11.290355335599273,3.273657291830464,21.763758780036266,0.4956693343947921,0.26124927055932606,0.7495149808035393
2026-09-16,495403620,9628223555,2584,0.37852101164498225,0.28607088535983183,0.4644212078894244,2.9948131034022794,1.2605625928932702,5.041464452788288,3.713192215247193,3.5237676641335005,3.89886993249245,0.0281320076624633,0.021461422685041233,0.034841513873443516,0.0214013114540118,0.006449887892172902,0.04038598695695603,0.0036095331778081,0.001897881823857116,0.005376982874020241
2026-09-16,495403620,9628223555,2723,0.6349067837271463,0.47803718020129005,0.7904903813351193,5.235066607156816,2.1936069104053364,9.04256212390177,3.713192215247193,3.5240055227962523,3.9034134085566907,0.0491760015804428,0.03758461002710723,0.06215054799743705,0.1076667206075303,0.030088820141177787,0.21594489833225225,0.0063096246590817,0.0032872287216812453,0.009505544721071865
2026-09-16,495403620,9628223555,2843,0.7408079715342734,0.5627855674744506,0.9242102906986852,1.9876508768448269,0.8880390237115663,3.3041443471789442,3.713192215247193,3.5216121241073943,3.899795968394823,0.0186711516769364,0.014278569229253841,0.023448363605609143,0.0264617560078539,0.007262169586522049,0.05148685258085407,0.0023956392396307,0.0013033854932188174,0.0035159382252749486
2026-09-16,495403620,9628223555,2874,0.9796336411506049,0.7491800962804858,1.2072989743820497,54.23599178728117,22.504269445699947,91.89612301920448,3.713192215247193,3.538782446419621,3.8981155594931214,0.5094699681952545,0.39173281594056675,0.631279313222071,2.726022366122295,0.7453260848021969,5.318200488142648,0.0653685572448981,0.034665798114299214,0.0977464169065833
2026-09-16,495403620,9628223555,2997,0.7802943348800996,0.5954144987554437,0.9684038091190899,2.3169649034384445,1.0162097651649191,3.9811328711631977,3.713192215247193,3.5363372818906127,3.9036522089960495,0.0217645883621718,0.01656471504532117,0.026941451518426956,0.0410074921105561,0.01130313446384212,0.07798327385772345,0.0027925487841886,0.0015107614258565308,0.004062890813852412
2026-09-16,495403620,9628223555,3374,1.1458949310967217,0.8619806228427684,1.414241316778604,20.461635926875083,8.513700336227489,35.79880768582606,3.713192215247193,3.5333980714130115,3.8958453268545776,0.1922079538210378,0.1466665880974144,0.24063370011722843,1.642636079018196,0.4686153559370919,3.3579805207930318,0.0246616236807504,0.013028724876461222,0.03574911053807408
2026-09-16,495403620,9628223555,3382,1.1509772411819643,0.8678318043426242,1.4406045716144011,13.018233395167023,5.544853813868329,22.32012536848383,3.713192215247193,3.5201892040593883,3.9020025295549816,0.1222877785623808,0.0925253016325497,0.15359240333767257,0.6495037247811094,0.17385543209344184,1.3064368333661593,0.0156903765723886,0.008286735794885565,0.023079604343170242
2026-09-16,495403620,9628223555,3393,0.9210773531364005,0.6949987399382724,1.1367055531928003,3.1658621945369965,1.328721795943577,5.510407031354904,3.713192215247193,3.5346917752739904,3.8968234714308054,0.029738770480815,0.022812088598413105,0.03731035938211952,0.0658762005745634,0.01875995981201176,0.12499384870155975,0.0038156920759321,0.0020489013462029245,0.005598822328518067
2026-09-16,495403620,9628223555,3575,1.0282003348408864,0.7819397697457583,1.2963623136616955,1.5235303491279164,0.6560957630795394,2.5363062463845805,3.713192215247193,3.5258793242567346,3.901619974704611,0.0143113997354194,0.010751081418865301,0.01782400297539169,0.0455216485011904,0.012134288909482175,0.0875234737634557,0.0018362525983098,0.0009846311863524239,0.0027571399954472663
2026-09-16,495403620,9628223555,4188,1.041027007292593,0.7704258634365057,1.3155357688021687,14.395434001944617,5.973266210549876,24.77453296660812,3.713192215247193,3.522352448133229,3.9015823575656383,0.1352246185870894,0.10035807846394548,0.17136551878968512,0.522053122344964,0.15118368009464886,1.0575839572357537,0.0173502635539882,0.009331062665358195,0.025541506083050124
2026-09-16,495403620,9628223555,4634,0.9978409850547001,0.7518437870158068,1.2228248815808305,3.67674298550932,1.5434764187893997,6.253141681519196,3.713192215247193,3.5322725382744626,3.895569411866646,0.0345377685584951,0.02667135649197007,0.04337922173081379,0.1406681578561446,0.037631991686659885,0.29052419351732944,0.0044314370661035,0.0023711568117259552,0.006542938420071411
2026-09-16,495403620,9628223555,5249,1.0189064201218485,0.7696859757476034,1.2418578744480504,3.565714505418972,1.5895756354178725,6.174943815503513,3.713192215247193,3.5275788496166482,3.902113637518588,0.0334948139750839,0.026058751518392955,0.042044753216227866,0.0344522060575142,0.009472008739762831,0.06561377594908324,0.0042976187045795,0.0023244529969370783,0.006311813340601724
2026-09-16,495403620,9628223555,5703,1.139880193870103,0.8572816258268572,1.4002461892343494,20.864316218179447,9.092959972979044,36.3740016761644,3.713192215247193,3.520469833029355,3.8994970529337136,0.1959905621673242,0.15072430873413645,0.2461864719500958,0.4286884175732422,0.12527469626420673,0.8714948606031605,0.0251469587655546,0.01332830432886928,0.03730512695585909
2026-09-16,495403620,9628223555,5705,1.1012559920977505,0.8354213294272907,1.3410172109680571,1.1929435948459954,0.5184042784291117,2.1127339657945545,3.713192215247193,3.53390768611759,3.892039991747837,0.0112060075845695,0.008719896679780702,0.01399716659552545,0.0410012695569602,0.011212329996602124,0.07858826478508812,0.0014378090839653,0.0007989410186293489,0.0021621849667660714
2026-09-16,495403620,9628223555,5964,1.015970403676792,0.7654325427914581,1.2683488059302104,17.068706102848665,7.3261189715069,29.098643490832643,3.713192215247193,3.5293012455844326,3.9005696377058943,0.1603362060651345,0.12220532771103025,0.20249855188457114,0.2337234702278143,0.06598751822744682,0.4730910075426609,0.0205722557145541,0.010817853329897991,0.030798874989491964
2026-09-16,495403620,9628223555,6027,1.1726361051414385,0.8771520879971085,1.480056757107906,4.182077571871766,1.7989335714894734,7.217843575283369,3.713192215247193,3.5239186335528543,3.9060114208088197,0.0392846679357904,0.029435277312642727,0.049667419915057555,0.2842306307788134,0.07752295465931652,0.5654316784480335,0.0050404974289345,0.0026663544246485066,0.007623318874339671
2026-09-16,495403620,9628223555,6261,0.6754043518977634,0.5048620972274308,0.8260803990013668,273.7535466535234,115.55709957712989,452.30399341873755,3.713192215247193,3.5352522012610876,3.887322734418633,2.571525035513695,1.9841619214087027,3.2465841280658596,2.0544290341445173,0.5462765252015276,3.980743938284874,0.3299446326269866,0.17365197953415082,0.49150250454098043
2026-09-16,495403620,9628223555,6298,0.9811064183197267,0.7364020356054417,1.233296943384515,19.756676341797018,8.915832160310643,33.07890692008735,3.713192215247193,3.5207853718653674,3.9232866070907266,0.1855858616355145,0.1389666803087894,0.23273585520888995,0.367836316946267,0.10159910868669834,0.7342117350012198,0.0238119629762268,0.012876465311522528,0.03528645807665782
2026-09-16,495403620,9628223555,6360,0.8787945573865321,0.6685264513292655,1.1066292219116742,119.4067664770682,49.60474311157457,209.132006905113,3.713192215247193,3.527007980663963,3.8898355048231408,1.1216566622026127,0.8480912662182141,1.4038675301164767,2.868628049036976,0.7948660895154461,5.626311476270054,0.1439163882260722,0.07472757065384526,0.21407714048153836
2026-09-16,495403620,9628223555,6474,0.8767672559357559,0.6605100049762309,1.067513111268904,1.3381915637154203,0.5902083710241067,2.2468265293331005,3.713192215247193,3.5174618604989902,3.9096336626048642,0.0125704055727277,0.00979696322926417,0.015833804606497744,0.0313084436884437,0.008780530110650157,0.06095436065408063,0.001612870880659,0.0008653811728988599,0.0024210733760204805
2026-09-16,495403620,9628223555,6500,0.746016790114253,0.5622907361869233,0.9429406041522005,1.524777181154707,0.6356338945008218,2.6096161608354733,3.713192215247193,3.5241399152873587,3.8843303882777054,0.014323111948142,0.010633392012770481,0.01783180065732213,0.0594252247088431,0.01648732572930598,0.1122206913754791,0.0018377553570505,0.0009794505233556578,0.0026276885003929814
2026-09-16,495403620,9628223555,6617,0.7271555926634277,0.5479347700171181,0.9039035163911273,4.2780414349781815,1.800998971669474,7.332900967697715,3.713192215247193,3.536529353440436,3.8880057894397546,0.040186111878707,0.030498869308340074,0.050312488735595316,0.0529936237031846,0.014722162852321908,0.11152939052861992,0.0051561589863651,0.0027867727955463843,0.007661154194843941
2026-09-16,495817671,9630806627,110,0.9642352755815454,0.7294166984280588,1.1912583287117562,17.923232433598272,7.755284724375043,29.646317330719977,3.677437016527729,3.494920291775281,3.864350972811955,0.1948624830041388,0.149608054659554,0.2443347424587856,0.4459593493129445,0.14087696904244032,0.9532444344918054,0.0250022183255701,0.013534098057073592,0.03757424848716931
2026-09-16,495817671,9630806627,353,0.737680392587759,0.5635886897284295,0.913987196282176,24.380684966076373,10.149236581554025,42.17044630709655,3.677437016527729,3.5058858237707904,3.8639623740236932,0.2650683032445354,0.2035024027500997,0.33002541377449396,0.2574564518521275,0.08018443549896836,0.5206231902455682,0.0340101156812599,0.018829451719957275,0.049813682769592214
2026-09-16,495817671,9630806627,444,0.7844431668719737,0.5944603548827212,0.952978448396407,1.873321369442023,0.8504600515526526,3.125766906051965,3.677437016527729,3.5034201489274133,3.857885237399818,0.020366864898203,0.015955104463025095,0.02557760256052054,0.0945103762275089,0.028164362693429545,0.18991022836183552,0.0026132110960602,0.0013786503033324576,0.003906749514092179
2026-09-16,495817671,9630806627,679,0.601355238648333,0.4541409321196789,0.7439177850001258,2.0317512690175192,0.8743229756461106,3.3353608874722824,3.677437016527729,3.4985895121452337,3.8557345346187395,0.0220893244895603,0.0168950532950533,0.027675359441641977,0.015832996164852,0.004639480579126645,0.033575236111851585,0.0028342146986837,0.0014656576360468567,0.004186635608495937
2026-09-16,495817671,9630806627,815,0.6508612791854722,0.4922637502421417,0.8084784826080424,21.50536854263949,9.163173668720082,38.48987954902484,3.677437016527729,3.493044232587327,3.856604127176149,0.2338076866247795,0.179219934439295,0.2943452026094338,0.2512049623907439,0.07147750487015737,0.5291920634106595,0.0299991601105948,0.01631505047778355,0.0449993976404795
2026-09-16,495817671,9630806627,1089,0.7686401366653817,0.5791981377092406,0.9520954165213881,3.144116384299246,1.3296610767835542,5.349894372435664,3.677437016527729,3.4898737388758683,3.8642080246036943,0.0341830262910643,0.026083417055772048,0.04287634957570094,0.0610197931143908,0.017960008199672375,0.1300214288109325,0.0043859211541492,0.002386550136776933,0.0063742996637185315
2026-09-16,495817671,9630806627,1164,0.7639399948056887,0.5883785508350392,0.9194384120432972,1.8899621050567617,0.855343034489174,3.1794329274042172,3.677437016527729,3.4919443136694683,3.864667127704506,0.020547783997083,0.016238894425589196,0.025375947649370588,0.0376736275212029,0.010684242806793814,0.07511074627374434,0.0026364242807622,0.0013830923805262002,0.003930298879384907
2026-09-16,495817671,9630806627,1424,0.7178501059492726,0.5394103308719088,0.8857684639480586,21.99138075691496,9.557146240933356,38.69470137140945,3.677437016527729,3.4972537998914954,3.857798781578564,0.239091641245963,0.18369530593179528,0.30164700165580133,0.0155341023398411,0.004545023319559339,0.029993221951381144,0.0306771284143161,0.016120309216240896,0.04618264300583677
2026-09-16,495817671,9630806627,1438,1.002075437942899,0.7594106482267879,1.251069028909693,11.622203822564247,4.849099134196982,20.312391073813124,3.677437016527729,3.488065412036604,3.8675078058819294,0.1263573132377436,0.0956084862993989,0.1575068118613243,0.1312346204154257,0.038663283515188725,0.26978743005448735,0.0162125263103386,0.00874791335514256,0.023347467524341827
2026-09-16,495817671,9630806627,1738,0.7943805347710053,0.6064504667435001,0.9716902408635693,1.2451648066029366,0.5467065692700857,2.205914657426527,3.677437016527729,3.516579820872905,3.8551522059607195,0.0135375081957415,0.010553330330991843,0.016909160192915593,0.0159623710985858,0.0045283473031054455,0.03408908581384439,0.0017369569055883,0.0009493004210206078,0.0025618862555320102
2026-09-16,495817671,9630806627,1924,1.0972641800315712,0.8258820650651079,1.3706860395664888,9.152402435753963,3.8362923612275512,16.318649085588966,3.677437016527729,3.495848646739378,3.873552481659973,0.0995054809834934,0.07588955429007348,0.1259510976378043,0.1059604709412899,0.031601378011287234,0.21104809296642027,0.0127672485836451,0.007040314503367687,0.018640423009151388
2026-09-16,495817671,9630806627,1981,0.8258066515934765,0.617368173746788,1.0368406996318014,2.7715438409546187,1.194575998571977,4.854316070006418,3.677437016527729,3.488841991263625,3.8720611123376103,0.0301323947342695,0.02281121165528352,0.03831035297555509,0.0364752173958937,0.010182200402420773,0.07330756653593011,0.003866196818412,0.001990656282078663,0.005879823793588172
2026-09-16,495817671,9630806627,2019,0.6605898550605581,0.49150574817678144,0.835415564794342,8.31267498396525,3.4923607004996753,14.323848687089189,3.677437016527729,3.4926484488252743,3.861838984617377,0.090375912591826,0.06740022968794274,0.11456044763134009,0.1114227672005837,0.031179689158528555,0.221421646712922,0.0115958611588947,0.006131796093349698,0.017602321345999036
2026-09-16,495817671,9630806627,2438,0.7677327590150121,0.577730549575638,0.9642313958280554,5.264894169466886,2.1792504246532274,9.117253381885734,3.677437016527729,3.498957284869384,3.856258249068776,0.0572402525279512,0.0425717151595914,0.07105212691501087,0.0590147581563176,0.014809090064785995,0.11787551874060094,0.007344324410996,0.003915087578717056,0.011368348731760751
2026-09-16,495817671,9630806627,2533,0.6844695022116385,0.5243277218911774,0.843815906999759,172.342971810663,73.55298269743999,300.4809029753828,3.677437016527729,3.4878125495246026,3.861013222102661,1.873723366572216,1.4440587247303642,2.32396585512251,1.5722481435402842,0.45468689354122993,2.9997438474299685,0.240411802059229,0.13282851550836733,0.3577882472798083
2026-09-16,495817671,9630806627,2541,1.0835298243379774,0.8152406859047184,1.3434813766500409,9.665398162416281,4.181458696319034,16.60403837419543,3.677437016527729,3.495547718382557,3.8631157588497733,0.105082802007381,0.07940441919348291,0.13085504717146246,0.5133602152544693,0.1393112658676582,0.9173043806288461,0.0134828578469638,0.007173692482516004,0.02050601750051773
2026-09-16,495817671,9630806627,2586,1.1891897789825214,0.8947505228700817,1.5040402005634308,8.58198765246482,3.7847143402372736,15.104248795949138,3.677437016527729,3.5009041559016527,3.865026841257437,0.093303896452032,0.0700525872684197,0.11775562288983693,0.1441484694058774,0.039368881881018315,0.27782239049402324,0.0119715419497684,0.0066770428493720824,0.01727518820760869
2026-09-16,495817671,9630806627,2821,0.8437804940575975,0.6284835910907308,1.0294543687585527,9.578240046628752,4.035130224118888,17.009785351010997,3.677437016527729,3.497646732303367,3.856453368654708,0.1041352136234641,0.08095816491975544,0.1326092482680043,0.2031873553070448,0.057745730434627024,0.4093788418346548,0.0133612756352819,0.0071052204303194985,0.020242026474672593
2026-09-16,495817671,9630806627,2899,0.6110034743408587,0.4703456237205105,0.7458110857159962,15.645049908569819,6.731929567177618,27.273963087795252,3.677437016527729,3.488644033446439,3.8596135794022697,0.1700939427752288,0.13279324946403342,0.21056574689717283,0.1423740521137303,0.04310706113025658,0.2687089479601815,0.021824241524383,0.011827156973146001,0.032695422325998466
2026-09-16,495817671,9630806627,2933,0.7466538049780912,0.5744691420705083,0.9202483943018167,23.158778668489845,9.538821468802114,40.97700376443519,3.677437016527729,3.490739910069253,3.864149926793119,0.2517836629862434,0.19439345326084714,0.31140099640150004,0.3758346185144703,0.10474275001075266,0.7321199947434819,0.0323056034991616,0.017820481217521174,0.04710940851567394
2026-09-16,495817671,9630806627,2987,0.6521940937966556,0.4911278304739316,0.8223084780452596,4.13458994480655,1.7574396454326768,7.203914110548293,3.677437016527729,3.5058902574867723,3.852531290500166,0.0449515156283225,0.03361097456731266,0.05627575475695185,0.0132539102043504,0.0037012437694810946,0.02612115477529228,0.0057675935894788,0.003047084328939299,0.008779656073401618
2026-09-16,495817671,9630806627,3135,0.844546945306245,0.6391707807850248,1.026361797195337,1.73243242429566,0.7505472040735959,2.9404001094580585,3.677437016527729,3.4943402121232987,3.86862125627627,0.0188351116399241,0.014660478772704013,0.02354136921342997,0.0344982797673472,0.009444142190893783,0.06431149875928742,0.0024166764486823,0.0012791149441024696,0.0035818901998549597
2026-09-16,495817671,9630806627,3215,0.9918638399951286,0.764445548624375,1.2406010483258427,1.251533376290752,0.5461785289183766,2.196561814670531,3.677437016527729,3.4912475827643967,3.8602521852470737,0.0136067476762398,0.01027416781877289,0.016673735806182675,0.1369863149017466,0.03697501195734969,0.25169143093875124,0.001745840814802,0.0009125930587530554,0.002615699843181777
2026-09-16,495817671,9630806627,3567,0.9812857915209697,0.7431177085413961,1.2021373118469052,207.84678733060264,90.22548542076889,345.0393523768722,3.677437016527729,3.4941234038522815,3.8656204377181727,2.2597230278480134,1.7478491984939204,2.8274857574252015,4.453309692303809,1.2902133012354815,8.988493584425491,0.2899382560796709,0.1593740043560918,0.4369657908254956
2026-09-16,495817671,9630806627,3575,1.4197240499095802,1.0877895049445623,1.7357743010660152,5.346011716442401,2.3133222482149307,9.194412538058048,3.677437016527729,3.5024522472320543,3.856448851142981,0.0581221674770216,0.0452623825724335,0.0722245856430804,0.1968670296392518,0.055839625918101085,0.36730008516692614,0.0074574802620419,0.004025599401713426,0.010959482066697375
2026-09-16,495817671,9630806627,3587,0.8931227483814632,0.6753253315459902,1.0844395591166596,9.07791187978288,4.016401261902729,15.222791464135009,3.677437016527729,3.4860244534383655,3.8590157806249774,0.0986956150873354,0.07722127558171765,0.12400216968061181,0.1842741793909451,0.05290142136070122,0.34972255909452205,0.0126633371295878,0.006752080607605145,0.01886235457771118
2026-09-16,495817671,9630806627,3989,1.4463520655738666,1.0964071382271339,1.7847672788073956,34.69410700961974,15.519499879733917,59.51523535210894,3.677437016527729,3.491236922179884,3.866606521549414,0.3771964606581037,0.29174490712207096,0.4749118697203396,3.1863641652137957,0.8746127701099584,6.366379647611585,0.0483969418618459,0.02618605391118142,0.0728855334827006
2026-09-16,495817671,9630806627,4002,0.8038876781981495,0.6059721901147525,0.9868218232350039,1.4767691981924698,0.647222663678538,2.562100803636335,3.677437016527729,3.4854920724880034,3.866519299276428,0.0160555253551462,0.012425650223345243,0.020235057089011528,0.0406835393050865,0.011607038421801538,0.07645355839501859,0.0020600361037818,0.0011177900762228679,0.003041349093136352
2026-09-16,495817671,9630806627,4054,1.1170217939779146,0.8379663260249509,1.3714375437571864,9.774742197070422,4.170340259003114,17.141137667182917,3.677437016527729,3.4936181222923386,3.8635384871063225,0.1062715970628117,0.08252313656103549,0.135059520598373,0.2056929246990898,0.05863505922369904,0.42418056213414645,0.0136353885602238,0.007201605501320289,0.020367353606002742
2026-09-16,495817671,9630806627,4256,1.1790092762054996,0.8889723429511724,1.4540135028243517,0.970602392710735,0.428717373890232,1.6469247049861593,3.677437016527729,3.4929368702331676,3.8556300229406055,0.010552448781439,0.00809196260140274,0.013235285042798799,0.017964835033955,0.0050770064263209605,0.03707694631682405,0.0013539529222633,0.0007124712302772409,0.0020811882828043714
2026-09-16,495817671,9630806627,4563,1.2559590222790613,0.9486710910826384,1.5693395380739892,6.931817187890076,2.873630124838438,11.70033975444396,3.677437016527729,3.4956099192267867,3.860373092165333,0.0753631418867813,0.05723040161659246,0.09467341513935566,0.1054217044886986,0.029184189746442865,0.19915847152552862,0.009669617763796,0.005210164166270388,0.014390235988036255
2026-09-16,495817671,9630806627,4579,1.0217934790980427,0.7609631281111923,1.2774727674322064,1.1509900415971446,0.5039700825849083,1.9898709065602993,3.677437016527729,3.4910044381636016,3.866461609059876,0.0125136343708973,0.0095167405505413,0.015976302187216948,0.0121731300556718,0.003553671997936256,0.024647087596586903,0.0016055867387304,0.0008512018365237566,0.0024331425659161344
2026-09-16,495817671,9630806627,4652,1.019985274850833,0.7656991324818881,1.2523864061209702,1.1607913627080106,0.4748190463353505,1.9965787814173164,3.677437016527729,3.486150162585889,3.8617115133531095,0.0126201949355421,0.00967272039055334,0.01582078635485453,0.014598290146049,0.003586637293811296,0.02619939997866613,0.0016192592038508,0.0008555699094587994,0.002396904239361583
2026-09-16,495817671,9630806627,4751,1.2082099679694909,0.9136966293207587,1.5129187341238461,2.2880039643149006,0.9972399532640066,3.836671312004334,3.677437016527729,3.502089153415547,3.8639566025735617,0.0248753195195944,0.018808642074534466,0.031143636935710522,0.0427574220224811,0.012632213031779112,0.08327897246418174,0.0031916773303869,0.0016999392232982175,0.004699268589163646
2026-09-16,495817671,9630806627,4760,1.400268325400326,1.0397730422898754,1.7451208593559966,11.116718870939817,4.516291875871621,18.997449539140387,3.677437016527729,3.498593167709426,3.8517784583636256,0.1208616498210198,0.09081609444129912,0.15242197703443816,0.3520668733263503,0.09897020143112258,0.7233792158131751,0.0155073942886664,0.00829669620534709,0.022437305782062236
2026-09-16,495817671,9630806627,4828,1.1932362559209146,0.8951652223327834,1.5162264440790227,0.814560445615131,0.3464845662441675,1.3934855550163752,3.677437016527729,3.490277697083907,3.8655441628225753,0.0088559511559967,0.006600539075796249,0.011179960292940624,0.0161597866517338,0.004625121444707312,0.03131006877181578,0.0011362804212964,0.0006151551328775103,0.0016961334522388922
2026-09-16,495817671,9630806627,4832,1.0532616132899295,0.8063508443077687,1.2953862524150561,0.9912055015189354,0.44195774833488366,1.6487840510079756,3.677437016527729,3.4911631584786273,3.8679905240387926,0.0107764470448574,0.00837800616695245,0.013459080282549234,0.0255921413255926,0.007082797955629302,0.053903139986002865,0.0013826934648253,0.0007291128302141138,0.0020650405827952216
2026-09-16,495817671,9630806627,4887,0.6420637485501479,0.48561668273913866,0.803331594832457,1.5842758429403245,0.6815748162309393,2.657124516516705,3.677437016527729,3.494962702551261,3.8577142672749,0.0172243441947513,0.013105360439386787,0.021679547834402003,0.0218662671552992,0.006734004096422952,0.04398123717316642,0.0022100037289517,0.0011982788178406568,0.0032749456600151216
2026-09-16,495817671,9630806627,4995,0.7990341094159291,0.6088246448233743,0.9736662480533763,1.3898705504275857,0.599972271107037,2.444503322986552,3.677437016527729,3.482100491983684,3.8744931042313557,0.0151107579234956,0.011848110661134172,0.018948157818569327,0.0062821027258867,0.0018802131420352745,0.012250332385712484,0.0019388158399893,0.00107330178162488,0.0029063345054502073
2026-09-16,495817671,9630806627,5194,1.4192763199861682,1.0826007944891884,1.746235699042077,5.339417747674095,2.296380775419898,9.191091724709347,3.677437016527729,3.4939584501889716,3.883933120682182,0.058050477443887,0.044577440963608383,0.07190314297751546,0.0655150794516124,0.01715822176783848,0.12014800161426595,0.0074482819297998,0.0038986424703755765,0.010965233873488415
2026-09-16,495817671,9630806627,5210,0.961867875729018,0.726922929736622,1.1929195447240124,78.505783772614,33.753700930785044,132.8838785575522,3.677437016527729,3.503071542000758,3.8538691466142496,0.8535196992391172,0.6443260307368969,1.0573736001407719,1.6495681175633234,0.464325985821752,3.248047981167257,0.1095125420581762,0.05746387460951643,0.1645757414175627
2026-09-16,495817671,9630806627,5304,1.2521527940018795,0.9484979822110152,1.5188188220122436,1.4588543155642515,0.6216851575723724,2.5121489107617094,3.677437016527729,3.490894109769508,3.864099659321542,0.0158607536517386,0.012428680266944984,0.019901901613121824,0.0715339704565774,0.01934738846659689,0.14041366860813156,0.0020350455331128,0.0010960680527513165,0.003027940581083016
2026-09-16,495817671,9630806627,5486,1.4753910844486515,1.1055258200047646,1.8676267714031722,4.629725732772997,1.967425187390727,8.044779048165907,3.677437016527729,3.4969195233250883,3.8482109465156076,0.050334662302607,0.037335765907974744,0.06307340333333414,0.088388141387596,0.025069740126690054,0.15904037149508402,0.0064582889267961,0.0033735078055230853,0.009840729995624548
2026-09-16,495817671,9630806627,5493,0.8969670060539867,0.6829453846655973,1.0826799010326684,42.21112602999876,17.911858642429937,69.74555256872215,3.677437016527729,3.497465124168729,3.8579806174683795,0.4589219527827586,0.3614278738915513,0.572975092183919,0.3807340839955525,0.10758138501667187,0.7861685606211273,0.0588828936231292,0.031785277652930315,0.08933024883957397
2026-09-16,495817671,9630806627,5621,0.650025264192027,0.48546666688004,0.7901093674135073,1.87981316511843,0.7995982257956028,3.1223451779877704,3.677437016527729,3.4902957882431016,3.856830631196729,0.0204374440992119,0.01583730864816342,0.025775623273893926,0.0201154495553457,0.005541651600513331,0.04026980286727716,0.0026222669007778,0.0014276845595307796,0.003972089329864243
2026-09-16,495817671,9630806627,5626,0.8904270026230829,0.662763365835004,1.1010583004383494,11.367245601677372,4.786036581321617,19.652275723249268,3.677437016527729,3.496496772461976,3.8543019589813894,0.1235853918129451,0.09468763936307048,0.15730572157737668,0.0955774639709274,0.026798924548246623,0.1847864185054851,0.0158568694205377,0.008521508723243606,0.023767267287616405
2026-09-16,495817671,9630806627,5630,0.6284738487230096,0.4736980594611741,0.7833401306041702,49.71993897791815,21.204785863245956,86.4761194686277,3.677437016527729,3.4935519885392816,3.865526025480155,0.5405582279840087,0.40818390911660957,0.6750013710674155,0.4375189892136887,0.1265270576802728,0.9121273162744467,0.0693573982296657,0.03695961411652299,0.10356308661617986
2026-09-16,495817671,9630806627,5702,1.4753910844486537,1.1093018172699252,1.7951142306537653,3.816378798482046,1.6869338404891956,6.42021891832645,3.677437016527729,3.5000785153061007,3.8642555634645,0.0414919045162025,0.032382262494142666,0.05240220408821029,0.0490346256013667,0.013856666864554237,0.0996385193468626,0.0053237013070174,0.0028294587165381127,0.007635919592063932
2026-09-16,495817671,9630806627,5783,0.8538104267586913,0.6440538863412432,1.0673273181348735,1.2179026724663087,0.517749335258295,2.0662160974376693,3.677437016527729,3.4917731589464345,3.8510996970900546,0.0132411126002742,0.010097157924579672,0.0167330292029569,0.0148682404168672,0.004196251983163305,0.03068782697856086,0.0016989272793905,0.0008826316395818274,0.0025874247229184517
2026-09-16,495817671,9630806627,5834,1.4753910844486524,1.1187108967996982,1.818493335799243,5.0757519838551115,2.1605719634220866,8.74879124382629,3.677437016527729,3.491729668462903,3.8585873275736886,0.0551838870779306,0.04240524136137489,0.06893082182580292,0.0680134938263164,0.018956964437085447,0.13876682764672574,0.007080478353274,0.0036761867653693036,0.010620327385663464
2026-09-16,495817671,9630806627,6119,1.4013636390629003,1.0611089204315947,1.725303165493583,4.378198750375245,1.8553262469111507,7.549994230693622,3.677437016527729,3.4893413547566414,3.8664567340368023,0.0476000455132445,0.03665313662141329,0.059595929711411574,0.0522687670206023,0.014816895216390789,0.10909897128273173,0.0061074184824173,0.003277809130446612,0.008982598127668055
2026-09-16,495817671,9630806627,6159,0.8775634832579545,0.6571893578609309,1.076562936796656,20.480679755907016,8.254416353972314,33.873519657020026,3.677437016527729,3.4909967744138126,3.8676050609909645,0.2226672072481416,0.17065787507550817,0.27956013130943613,0.1747624781105665,0.05181056966790622,0.3605882721811265,0.0285697587536374,0.015264199400569823,0.04259175699378087
2026-09-16,495817671,9630806627,6360,0.8964509690525341,0.6770607262482968,1.1171492574524304,217.26098397624816,93.43431913874348,370.31255021958754,3.677437016527729,3.493069619048846,3.8650626556111995,2.362074751548303,1.7728330147148899,2.92517205118801,4.662063876889783,1.3020979701609332,8.580138799421194,0.3030706974942593,0.16142003461941634,0.4478002297261487
2026-09-16,495817671,9630806627,6486,1.1945912856135377,0.8985238224925062,1.475772312979577,0.9484100086067502,0.38992116201407634,1.6295724331778816,3.677437016527729,3.4936336461017845,3.8560670053014814,0.0103111718194677,0.00785990025456661,0.012909372347362833,0.050305517478631,0.01377897882089881,0.101670415083446,0.0013229954019282,0.0007085646792974595,0.0019335790528719954
2026-09-16,495817671,9630806627,6489,1.134743799468636,0.8522236589057323,1.4103348544716865,8.277214476149984,3.5227488104871534,14.833472733897649,3.677437016527729,3.4997162044721373,3.856144011515719,0.0899903837745733,0.06863250836438076,0.11357913583968622,0.0955219051948126,0.02590443642872405,0.18398390706030826,0.0115463951174528,0.006042873890041535,0.017434383880909888
2026-09-16,495817671,9630806627,6504,0.985152372218374,0.7498712862543244,1.2143770446629523,1.6660897866313185,0.6902254889587597,2.8098439388795375,3.677437016527729,3.485526680948555,3.8681599985296935,0.0181138304116517,0.013950163892358973,0.02259146750796193,0.0282224252367917,0.008326001444916568,0.058778098623531685,0.0023241310265704,0.0012490718432916772,0.003353308915056764
2026-09-16,500635396,9657930100,509,1.915907883439592,1.4544986321900104,2.397294274195423,16.41451022703691,7.408576170192976,29.164607197467078,3.095259937202232,2.9169580640543136,3.275340690422841,0.474395589608553,0.3589438368661913,0.5916075408525483,1.2020510542411955,0.35082642004737136,2.469544675008572,0.0608682693621876,0.03186915954722183,0.0925224460315856
2026-09-16,500635396,9657930100,797,1.2558707732726502,0.9489068361203354,1.579991409073016,82.37238714295185,35.31647260779246,140.21877779339957,3.095259937202232,2.9133331853041415,3.291179752449801,2.380643505389481,1.8004740549854379,2.9979060854137876,5.878731096408963,1.6562962776725723,11.80930421774184,0.3054531983759761,0.16189174484369256,0.45953426707683115
2026-09-16,500635396,9657930100,844,1.2988342220822346,0.9845444729190178,1.6026735858705397,366.00062504608354,162.25480749820173,623.6005195291957,3.095259937202232,2.9112841146462203,3.2748733174805134,10.577780263577116,8.1302132881721,13.234626208214834,32.38511705146756,9.374961460459401,65.25488088879949,1.3572031284454331,0.748014580290493,2.0048489061659795
2026-09-16,500635396,9657930100,861,1.7842316899107327,1.3669193884212798,2.2325342909245585,29.41748612685137,13.149031631240215,50.31916305273851,3.095259937202232,2.9164993191981865,3.2819126725910284,0.8501944610544915,0.6430601042110485,1.0502887225536799,2.4784057735050347,0.7022761623313845,4.809037354354057,0.1090858907613497,0.05845095379422054,0.15889641034335872
2026-09-16,500635396,9657930100,1934,1.1519174777714976,0.8741416191869028,1.388864179154649,50.19247063892421,22.316373963662627,86.91554485095588,3.095259937202232,2.9035858645864256,3.2850482888773764,1.4506120726917804,1.1463592611957594,1.8213723055846704,3.0424012073070545,0.904903729361496,6.36553148714722,0.1861236662286471,0.10155471295662834,0.27871261739411446
2026-09-16,500635396,9657930100,1998,1.6436643799831292,1.2627874588324324,2.0070077669593007,3.162441800195252,1.403489993619966,5.279766859659814,3.095259937202232,2.905490713910436,3.295368650687539,0.0913976976258024,0.07107721137777137,0.112966369986673,0.4370735040845175,0.12704069792630662,0.8777717258977008,0.0117269633192871,0.006549104944024737,0.01782785515922412
2026-09-16,500635396,9657930100,2253,1.341535722672426,1.017795481131859,1.6244946207562496,0.6533963038264043,0.2839148076158879,1.1586082050534758,3.095259937202232,2.90757821552211,3.2831996273103936,0.0188837997914319,0.014761754914662792,0.02356111016048527,0.0432283411277688,0.012837826626950774,0.09051812313048996,0.0024229234787678,0.001330415627536936,0.003643086170440294
2026-09-16,500635396,9657930100,2533,1.4171222610515788,1.0670028728953276,1.7649089065106591,1514.5765440621917,668.3725911016766,2487.024647724784,3.095259937202232,2.9106883856736423,3.275478265500187,43.77276097121606,33.268593831848484,55.02894045785288,115.14164192808325,32.17889283941181,229.25380203339512,5.616351129489076,3.0006646455319625,8.407598469857312
2026-09-16,500635396,9657930100,2818,1.1837950235040555,0.8942156490377619,1.4617628487028036,146.50720532765962,64.22382296984372,253.280101510473,3.095259937202232,2.9192613916430856,3.2808535782353823,4.2342032197120725,3.2526927903028087,5.317135172286972,7.803174310015364,2.124213344946279,14.813625570108854,0.5432778629420671,0.29965273525367797,0.791928475488858
2026-09-16,500635396,9657930100,2832,1.24178025638741,0.9316436335469597,1.5175782207180029,1645.2637936717983,715.1646681941312,2730.3717974960186,3.095259937202232,2.9085676267493086,3.292090889680578,47.54975181500933,36.990719194532055,60.2551316801197,109.91916221691632,29.157611705245863,204.70556817181128,6.100965449466684,3.3262768970205867,9.009916990930819
2026-09-16,500635396,9657930100,2874,1.3586883656532607,1.0322908936229493,1.7089545991589417,948.8263958498759,408.28672892244066,1614.020438532481,3.095259937202232,2.906369463229839,3.2738629152548584,27.422021812990405,20.68388434547252,34.24210527106629,76.90294488490719,24.047712597462414,159.37924818973136,3.518437031731611,1.8402802080721579,5.211582306068991
2026-09-16,500635396,9657930100,3366,1.22879844639482,0.9445162111848734,1.4925808484934202,5.188406830587305,2.2428173123525106,8.960973659909545,3.095259937202232,2.9071437676435887,3.2802210977345516,0.1499500919297197,0.1172448391627757,0.18527728799432433,0.4359608660679032,0.12736547636424353,0.9141175815958613,0.0192396446897709,0.010475887249750357,0.027710699820903874
2026-09-16,500635396,9657930100,3408,1.1592489075260797,0.8724251414962458,1.4391122652271455,138.7635810384432,61.81139210507176,233.8100613771371,3.095259937202232,2.9204497213582408,3.2693076596564805,4.010404814546189,3.066600704176234,5.058523048023839,7.679393449895014,2.180461645291046,13.962021389932062,0.5145629635904408,0.2794633583692724,0.7573059661423895
2026-09-16,500635396,9657930100,3567,1.2765508080255463,0.9682037528633849,1.5532613455092532,377.5602524497682,167.8128218115693,636.3577558139561,3.095259937202232,2.9074159624162954,3.2870039106180844,10.911864935125436,8.545172345342184,13.7087773968421,21.196195745310657,6.020103702625583,42.143857666339485,1.400068526486677,0.76524871058234,2.096197454352167
2026-09-16,500635396,9657930100,4196,1.1419693636365746,0.873576785405184,1.3946808964136246,7.149162231699693,3.216101467554307,11.82129340187755,3.095259937202232,2.9224879981409257,3.272114298636715,0.2066178634150208,0.16122511287428978,0.2573988127582029,0.3335278122485365,0.0966063828019028,0.7125243121279498,0.0265105157823297,0.01434748429307406,0.039079993920359456
2026-09-16,500635396,9657930100,4482,1.5972922952842359,1.2196514533406184,1.9560630437286064,12.097229851729972,5.291012817781606,20.70709911045054,3.095259937202232,2.901761062505587,3.2968051381957566,0.3496219143163305,0.2721638280327606,0.4364968442146737,0.8854098476329282,0.2433969650076229,1.7203355847385777,0.0448589348671853,0.023646738610743737,0.06617343134271078
2026-09-16,500635396,9657930100,4536,1.203127093955498,0.9073590759082356,1.4621041950911426,496.5992951820128,222.1569124342032,811.7831996855468,3.095259937202232,2.907753239500781,3.281872701833288,14.352211072921529,11.212810143419368,18.06804006389742,32.116708271531174,9.902797881587317,63.36399186702205,1.8414889781129813,0.9896067929070888,2.688663259753433
2026-09-16,500635396,9657930100,4721,1.4569495999140736,1.1033145023756394,1.822764244644909,620.0945950500984,272.12646199189044,1085.0644819083504,3.095259937202232,2.9068138843957803,3.29775635104379,17.92134745192278,13.672589164248071,22.58821664309823,42.21221148549378,12.283521309161511,79.17556891764583,2.2994341177098576,1.2293688791862882,3.4711888464402367
2026-09-16,500635396,9657930100,4766,1.542559462877491,1.1665410887824823,1.879900374332117,0.6697424567842626,0.2826916738056027,1.1700402370942249,3.095259937202232,2.926662736660771,3.274081398834507,0.0193562197883138,0.015127165285113386,0.02437767637956725,0.037500198072022,0.010609563536629837,0.08192468028634127,0.0024835382657772,0.0013514123966398936,0.003758612817105328
2026-09-16,500635396,9657930100,5331,1.1687043549803704,0.8913137917672301,1.4084807515588054,44.19873613373628,19.344717859114443,75.15898775216748,3.095259937202232,2.917832022509803,3.2724104090987405,1.277387214001675,1.01013520855428,1.5962459134617546,2.372618987228981,0.6870058528802783,4.67094944504499,0.1638977063126274,0.08708154310673229,0.23763342252326614
2026-09-16,500635396,9657930100,5337,1.3920355086252232,1.0682843004341627,1.6845308891781194,6.485298859951093,2.9535517613003535,10.99838872614607,3.095259937202232,2.908340046269233,3.2777038147914754,0.187431555002269,0.14763405905114746,0.23279756451492947,0.5099265401267864,0.15126859000036547,1.0246838354157197,0.0240487783334276,0.012883497375381693,0.036192766169256145
2026-09-16,500635396,9657930100,5553,0.9593468871069325,0.7196394288998372,1.1878981435561327,929.2124304466834,409.6463245370889,1622.5084692074925,3.095259937202232,2.900470231726722,3.280274029094414,26.8551588025618,20.514179089172522,33.86258817877475,52.39908128386446,14.991857176057774,105.03569734751659,3.445704546088775,1.8254323206941143,5.115820232991286
2026-09-16,500635396,9657930100,5573,0.7790154720800236,0.5857067724346365,0.9565288670772679,169.84442026406617,72.41972047814305,293.5803690196833,3.095259937202232,2.898164588348118,3.2981416231651357,4.908671826234524,3.7848784039680465,6.181156889690557,4.890136447039635,1.3948898577434161,9.14318708503241,0.629816898543185,0.33363570404859255,0.9163274550453229
2026-09-16,500635396,9657930100,5867,1.0545299068233418,0.7868419634544028,1.297887346460961,289.7943598262472,127.72841934040973,497.04839962044645,3.095259937202232,2.9078906317172732,3.2747965849703657,8.375343783853038,6.414914708790487,10.581225016709153,7.740931753403038,2.0403742408931085,16.40425256855087,1.0746151368252506,0.5689126769145701,1.562076114114057
2026-09-16,500635396,9657930100,6001,1.3382229270823593,1.002913806586398,1.6718251134110744,1.6957992062241825,0.7401459161562886,2.875593936680833,3.095259937202232,2.919059376296386,3.2779763008306073,0.0490102752483806,0.03729507887890493,0.062169699567743784,0.162615571987116,0.04776884592233664,0.3195906189691048,0.006288360812534,0.0033942608101692217,0.009226403831392423
2026-09-16,500635396,9657930100,6023,1.2735502346099434,0.9560631856027784,1.5760706494264132,3.3553957859393986,1.4617853120640754,5.664600080283669,3.095259937202232,2.9026855777032368,3.27985248339961,0.0969742587639862,0.07409986274663174,0.12215366155727499,0.1841406273060691,0.049424934307026366,0.3848407771057146,0.0124424750839597,0.006547445114653892,0.01832337743653389
2026-09-16,500635396,9657930100,6180,1.7032535896058523,1.3100560865837305,2.071017117677494,13.82277006247045,5.968360990570723,23.294197031060413,3.095259937202232,2.916958007233567,3.275425713147367,0.3994917340273792,0.31107846704547215,0.4917719453310371,1.3532989674951463,0.3851124239831341,2.7700808106286803,0.0512575812410283,0.027894340224795772,0.07482930126971778
2026-09-16,500635396,9657930100,6434,1.138023347501129,0.8556987863486042,1.4163151242407495,0.9790595643653672,0.43356905525587097,1.6870452055465395,3.095259937202232,2.9065022761452557,3.279809713310228,0.0282957903022882,0.021524022931744036,0.035625614219813986,0.0467233789269828,0.012685101340422734,0.09320358247681958,0.0036305476350588,0.0019335959304113482,0.005370593416195321
2026-09-16,500635396,9657930100,6660,1.0433468106041945,0.7843588622723168,1.3179888055864413,51.75745052298122,21.71639968439349,86.79078470524271,3.095259937202232,2.911365546164447,3.280384949695809,1.495841540068753,1.1187188662780467,1.8798266585005226,2.9266651980514875,0.8220980435736924,5.771278999988427,0.1919269229698861,0.10077640332602766,0.2827296906632578
2026-09-16,525368335,9811363528,33,1.1536719872682135,0.8864489246539569,1.3984663178485612,7.953618859884587,3.358073848080322,13.45956456489875,3.953265035746904,3.7729205077032617,4.133011426253084,0.0164166419996439,0.012842938429519484,0.02026108576640799,0.0316509604193856,0.008961640753478052,0.06448828479491156,0.0021063698928598,0.001095824715168634,0.0032452401030718977
2026-09-16,525368335,9811363528,181,1.2967381757501457,0.9782918388010076,1.5801527447562183,6.381272954545995,2.5516173013820005,11.011092532060028,3.953265035746904,3.768617505096343,4.137779259215881,0.0131712463775655,0.010160129122061224,0.016410803996327484,0.0191843490038579,0.005179178917342004,0.03430720717136281,0.0016899629547714,0.0008940187657248982,0.0025163861473783155
2026-09-16,525368335,9811363528,206,1.4203486322648937,1.0651210717415747,1.7404816227895732,4.31590209982214,1.8209312007179248,7.333565190123107,3.953265035746904,3.7572153873704237,4.1566138758685796,0.0089082241588981,0.006801581569054842,0.011114236510817816,0.0128441802232258,0.0035293243176207877,0.02525044933811243,0.0011429874128677,0.0006181710960925681,0.0017058502122173091
2026-09-16,525368335,9811363528,270,1.4817670061711978,1.1094565239865941,1.8308538717427039,8.891888300693527,3.714876172220907,15.273669177282024,3.953265035746904,3.764559021652713,4.154553279526389,0.0183532740887996,0.013990383607224032,0.023087261744244962,0.056332639244501,0.016253775061954273,0.10887085754992086,0.002354853323651,0.0012026088237808246,0.0034975398396880778
2026-09-16,525368335,9811363528,433,1.5422274032386585,1.169449094884135,1.901551582209013,14.235151834300684,6.068158875917567,23.760620478740535,3.953265035746904,3.7685317168223396,4.143598727746765,0.0293820203848289,0.02264940736674363,0.03682840188814278,0.1259836228569354,0.03687835118899633,0.235355847182405,0.0037699185455429,0.0020434239366491644,0.005582377295580953
2026-09-16,525368335,9811363528,469,1.4407991992728009,1.0907313405934853,1.8019052101001907,4.326172452069794,1.8609912087022955,7.440554302592283,3.953265035746904,3.76714060985008,4.145288106683727,0.0089294226471624,0.006788243786978948,0.011214284757355652,0.0351825624796385,0.009620441651717122,0.06807925732167416,0.0011457073270533,0.0006121865516513774,0.0016748365137992383
2026-09-16,525368335,9811363528,557,1.5982434490883357,1.196722946258724,1.9886628853625825,3.4980718184770385,1.4233664450378656,6.141716102029718,3.953265035746904,3.758804423616087,4.145448813082537,0.0072201841381439,0.005468451661268261,0.00908723852347063,0.0127289628902175,0.003612097549118268,0.02486260480419723,0.0009264000816866,0.0005001421594793773,0.001400849288236558
2026-09-16,525368335,9811363528,640,1.6688590740893812,1.2597859194463858,2.056654442889828,12.964039627255005,5.598987407970574,22.982271136754566,3.953265035746904,3.773437387461671,4.12976981879574,0.0267583852305604,0.020542025914533968,0.033535737140319884,0.1095366043172089,0.03056625336607379,0.21481268036983261,0.0034332878205189,0.001889550733764131,0.005131094222266606
2026-09-16,525368335,9811363528,653,1.625540266106075,1.2339141483086387,1.9886829415743787,17.545355889467785,7.58415723166332,30.150563458586227,3.953265035746904,3.7763406167258187,4.13862542009172,0.0362144366568146,0.028056247743761288,0.04521788001660629,0.1037352948142272,0.029974424654502698,0.21002340403765238,0.0046465653001659,0.0025723561738416564,0.006877731993683801
2026-09-16,525368335,9811363528,709,0.5339290004357868,0.40349001961533615,0.6635983363233885,127.75743236993515,52.17106523761554,222.84364484934775,3.953265035746904,3.779620270586896,4.140685423151319,0.2636973265829055,0.20048876851342412,0.32973307814331093,0.0310524118826168,0.008949167739879058,0.06121125384486066,0.0338342097947861,0.0183457560180927,0.0504373704906199
2026-09-16,525368335,9811363528,751,1.4822251099072712,1.1193768564693316,1.83005817605652,4.01557199730904,1.6448600686647679,7.093427734029468,3.953265035746904,3.764471637503005,4.138609744623618,0.0082883287551164,0.006399143637361183,0.010461896782688879,0.0248713754381225,0.007305911452585766,0.04818940623623834,0.0010634505005518,0.0005624011824802495,0.0015980380114970427
2026-09-16,525368335,9811363528,829,1.4462872623951475,1.1061815531986148,1.8153328896277174,3.897771597276124,1.5767719748616602,6.6885613370794035,3.953265035746904,3.773915804203741,4.135970784690488,0.0080451832098214,0.006076487838479497,0.009972005223480782,0.0241415446454444,0.006635276986200432,0.04552671746951208,0.0010322532279181,0.0005450204273786176,0.0015593171294555632
2026-09-16,525368335,9811363528,888,1.6102814131825236,1.219544460667173,2.0057191896410913,7.591002250378276,3.318144986262479,12.597718161809938,3.953265035746904,3.779663882152762,4.130942345632673,0.0156681843269467,0.011959749915443211,0.019669556467843963,0.0462100374527065,0.01252180313630266,0.08820847581208556,0.0020103375430111,0.0011033349557625278,0.0029819864498555897
2026-09-16,525368335,9811363528,926,1.2067711319611234,0.8970379020294901,1.485513824472241,55.82533909857029,23.18160723511763,96.51102304105434,3.953265035746904,3.772673697965692,4.138462146935897,0.1152261156380393,0.08799323455208048,0.1457186659464549,0.0238214921804399,0.006716858837001567,0.04810270303401977,0.0147843158702255,0.007834802275974209,0.022384442920197013
2026-09-16,525368335,9811363528,937,1.0916693576976593,0.8223264767216538,1.3564961307495327,13.132076310088252,5.647240611594745,22.18574926160376,3.953265035746904,3.7712495076279953,4.138501200416593,0.0271052208174144,0.02065498071828673,0.03407211395741792,0.0225283239087564,0.006481297081403578,0.04315644027423817,0.003477789250101,0.0018324676790713792,0.005125835022773097
2026-09-16,525368335,9811363528,1167,1.472439579597156,1.119016888927067,1.8196328085746571,42.97324800718577,18.54613159414786,71.9968216988855,3.953265035746904,3.760348382037387,4.138244251404275,0.0886987974309491,0.06781908257356074,0.11028058570883006,0.1124708634072527,0.03289121265236227,0.23396769710105386,0.0113806755635819,0.006081654020213366,0.01693435466356062
2026-09-16,525368335,9811363528,1318,0.7076826333090271,0.5411308208587995,0.88111411550554,16.910121976329723,7.146455302992327,29.490455409528373,3.953265035746904,3.7662607278652356,4.131033115479076,0.034903284095731,0.0264370664954143,0.0430470259016098,0.0347705097011534,0.009926201983897974,0.06615314881854875,0.0044783352638605,0.002357491072879191,0.006547697191615385
2026-09-16,525368335,9811363528,1353,0.7613557188287207,0.5812829211859588,0.9456907188114686,7.485112649946887,3.2597840583956654,12.596987324294583,3.953265035746904,3.761974383635432,4.151802060625183,0.0154496232301188,0.01182057672730926,0.019230927478839602,0.0767137412305228,0.022620458501646748,0.1534008626078965,0.0019822946269191,0.0010667894108036303,0.002921409266798826
2026-09-16,525368335,9811363528,1672,0.5339290004357871,0.4080977535721161,0.6644794357842557,62.069834640506386,26.60322120133765,104.71796267470937,3.953265035746904,3.764879107756596,4.146866453185419,0.1281150470271686,0.09779015368468202,0.1592254443522612,0.019531035426268,0.005500123776999104,0.037981791037777955,0.0164380558390807,0.008894375726465922,0.02460096902186675
2026-09-16,525368335,9811363528,1916,0.9411897785635495,0.7194359799424007,1.1538231917319675,77.47178366413382,32.28537792190463,132.3093488725508,3.953265035746904,3.766338560874995,4.136713248472064,0.1599053914819349,0.12355013865509161,0.19814993790703642,0.2280234334470411,0.06168123054701579,0.4386861982959102,0.020516979192871,0.011246150881164173,0.029527842178167688
2026-09-16,525368335,9811363528,1952,0.6332788865463254,0.4875274257033249,0.7712910666939935,1860.9744588801896,789.508187275981,3167.747150594999,3.953265035746904,3.7650869158231997,4.1344534845542915,3.841138480497973,3.010136745013067,4.762176358810086,4.213568195371195,1.2233485251147984,8.594404172654919,0.4928449100493058,0.2605714669586426,0.7302075261965768
2026-09-16,525368335,9811363528,2078,0.7802798128035454,0.5971158098545426,0.9618737267157086,8.20442177992365,3.4585171222868762,14.091041374518877,3.953265035746904,3.770601579591919,4.132533470038742,0.0169343109781655,0.012980476636706359,0.020909985183316562,0.0176257753868901,0.005376794118086177,0.03523576311934596,0.0021727904404266,0.0011807379241272936,0.0032224299822597815
2026-09-16,525368335,9811363528,2557,0.6610850506532601,0.5029099865257739,0.8287009438149462,9.54368970214345,4.23594113930446,16.13265953776322,3.953265035746904,3.768495409181051,4.143116405792226,0.0196986227220411,0.014864217944907785,0.02449342988729009,0.0215955439050051,0.006115139286903196,0.043981389698210166,0.0025274709549864,0.0013759034667370203,0.0037363146574904724
2026-09-16,525368335,9811363528,2633,0.7829843079521277,0.5895807166240833,0.9484845526817635,56.07606894357252,24.38530739330514,94.00233753465123,3.953265035746904,3.7761683070300576,4.1363205033698085,0.1157436337862609,0.09091575249918242,0.1462601015564358,0.194994857247142,0.05380336002264832,0.3995068888667698,0.0148507170652109,0.008212516779727551,0.021886155374856615
2026-09-16,525368335,9811363528,2742,0.5339290004357868,0.4071600147238026,0.6691254638792944,206.31663429644595,85.73556335432151,358.0834443674058,3.953265035746904,3.7724065229520245,4.138794184389078,0.4258472003101937,0.3235703767401561,0.5317545205924119,0.2869001592420073,0.07767787631508767,0.6040578834315339,0.0546391717448357,0.028893092174019808,0.08193328749741434
2026-09-16,525368335,9811363528,2807,0.6736618198699348,0.5147858617225239,0.8500983066063503,9.515530127165658,4.109604454726668,16.17712149757937,3.953265035746904,3.7670705339081287,4.128836808318786,0.0196405000398487,0.014834898578582587,0.024497990791624263,0.031504172559863,0.009336833041685812,0.05897304220452263,0.0025200134086828,0.0013503242331544994,0.0037138856759143337
2026-09-16,525368335,9811363528,2843,0.597715099614752,0.45546324718585557,0.729613077760766,345.18901466924854,146.65959407481594,584.5650370353845,3.953265035746904,3.7775583391483143,4.136789870693021,0.7124863003703336,0.5572135072411254,0.8926053287796196,0.7274227530104628,0.22762963206554035,1.4277022056589304,0.0914169714005876,0.04880246164752938,0.13464985923676906
2026-09-16,525368335,9811363528,2914,0.631299671966007,0.4771168746487283,0.7946077269335099,366.3668753168814,160.64440619764738,605.7174725603123,3.953265035746904,3.764970575674171,4.135638817832859,0.7561983970517656,0.5663032747287364,0.9431419884666696,0.4615054467284131,0.13185916661639868,0.9317462062949863,0.0970255388777575,0.05110025745859754,0.14972684120689642
2026-09-16,525368335,9811363528,2961,0.600621407280955,0.4511953033507243,0.7500015561598533,261.9270954713555,111.4465421060835,449.25816753324716,3.953265035746904,3.7635842908986383,4.144773761415897,0.5406297978455292,0.4067319690817375,0.6760922333686706,0.6993328888692286,0.1984566486395211,1.416904813755095,0.0693665811430499,0.036441694653767516,0.10246547014635765
2026-09-16,525368335,9811363528,2978,0.5339290004357868,0.403257040524896,0.6474013638059962,252.87439635359155,101.38187138473643,433.17630421676085,3.953265035746904,3.761925231213255,4.135497991350473,0.5219446026953835,0.4035761149508711,0.6479136157886596,0.713229844595773,0.20278588123868968,1.4038399664594994,0.0669691400276665,0.034282060895142394,0.09800113339936654
2026-09-16,525368335,9811363528,3222,1.5908401472799123,1.1895019232560933,1.99688560146091,36.99927263640643,15.663866595486926,63.6005754722777,3.953265035746904,3.770297724594179,4.135588196384096,0.0763682323505151,0.05777644661638593,0.09699265894082694,0.1476547337427417,0.04304439731014803,0.3049515843715316,0.0097985778941598,0.005133016202807945,0.014426481423428483
2026-09-16,525368335,9811363528,3515,1.6688590740893774,1.2650085846173276,2.0686159016090073,63.26013461265921,27.181487991378273,109.19465306486747,3.953265035746904,3.7646611732396065,4.146840364156315,0.1305718819420997,0.10051606939521335,0.16436977825776297,0.2598140457499564,0.06937204271855206,0.5194884291656133,0.0167532849277488,0.008784032282727807,0.025387043493702525
2026-09-16,525368335,9811363528,3575,1.1375441321311874,0.8647010378429539,1.3781559316272196,7.386451774449274,3.1800907297384993,12.965313073098605,3.953265035746904,3.763081532340603,4.1405143945424845,0.0152459825602616,0.011919316754604812,0.018996967400189982,0.0409175838922811,0.01115454911341641,0.07945892352732845,0.0019561661058758,0.0010431388933068275,0.002824249812494902
2026-09-16,525368335,9811363528,3595,1.6430763328754825,1.2455061895791595,2.007334338179119,101.80466781536934,43.8411366258632,174.75400336340465,3.953265035746904,3.7713648504236668,4.144886079010076,0.2101296045058211,0.16417774959130335,0.26459808200760926,0.2106315368948178,0.05971187353925611,0.42685727886465724,0.0269610967053553,0.014627331617799354,0.03949695299934319
2026-09-16,525368335,9811363528,3923,1.6688590740893807,1.2625006968287216,2.0379440813287784,9.480281740134263,3.963070893328944,16.643233443165613,3.953265035746904,3.771094051343752,4.144174825272921,0.019567745717426,0.01507812936278435,0.024339367551353276,0.0733946692242651,0.019178740286832537,0.14237752482691454,0.0025106785206875,0.0013408359347108843,0.0036972580541640276
2026-09-16,525368335,9811363528,3936,1.485445808388196,1.1129761008303767,1.8774335648516391,5.228088866045564,2.230854219679745,8.720200982722377,3.953265035746904,3.7780449151822966,4.136770881756117,0.0107910203855858,0.008128935305734402,0.013712366436235433,0.0185912360476472,0.005407038077830032,0.03771337952517347,0.0013845633262836,0.0007308740171437061,0.0020289677291342556
2026-09-16,525368335,9811363528,4025,1.668859074089377,1.266782680765224,2.025909349049924,131.0526633876895,55.07928484135948,230.09755207412312,3.953265035746904,3.765003959311466,4.140034790883661,0.2704988378040983,0.21240917748309093,0.3396965754434332,0.8785193050862835,0.25862727652714856,1.7401637606148894,0.0347068912154189,0.018342484122298088,0.051866260294948646
2026-09-16,525368335,9811363528,4045,1.668859074089378,1.267710514281116,2.0437929750974106,63.448998159111156,27.151755277918905,106.27246423788392,3.953265035746904,3.763287151707077,4.154593941297653,0.1309617051513212,0.10136145291411372,0.16341363497198585,0.5239383098419232,0.14214551775276252,0.9941932492898808,0.0168033019696907,0.00897211376520793,0.025653840381873655
2026-09-16,525368335,9811363528,4053,1.5246852651131466,1.1399856638844181,1.8790309507765197,7.317264786325526,3.1003619911895215,12.864079163567025,3.953265035746904,3.7572804904551362,4.146952605748788,0.0151031773749654,0.011700646218372043,0.019285950218330378,0.0372620071315274,0.010442953521573836,0.07582775101494824,0.0019378432026378,0.0010479826527645128,0.00291306230893409
2026-09-16,525368335,9811363528,4437,0.9057674392763189,0.6768306901102175,1.1218325467417616,7.146741984711506,3.042970203611154,12.13807183175364,3.953265035746904,3.7564571763394023,4.152726317812133,0.0147512103224589,0.011259195822324753,0.018661853447527847,0.0355887936032125,0.010704040159786325,0.0671847078650187,0.0018926833701523,0.0010161792668513122,0.0027779905353312886
2026-09-16,525368335,9811363528,4594,1.627594542406565,1.2377326600244756,2.034872926229111,63.82348814938508,26.770561770712163,111.46501196065371,3.953265035746904,3.77021161464439,4.139579577222861,0.131734670038259,0.09971172290208669,0.1639293062890274,0.2611357869984057,0.0708448806974222,0.5057072807440165,0.01690247876639,0.008932903552013028,0.02579246132139768
2026-09-16,525368335,9811363528,4606,1.223246303539,0.9291929232588788,1.4946577310588671,5.972037759021609,2.5307737740089555,10.55962093929761,3.953265035746904,3.7811528312405507,4.1342391345969665,0.0123265657589778,0.009536579810783112,0.01534011117094535,0.021732854236229,0.005840931744007125,0.04346979173501812,0.0015815845285309,0.0008506532347932093,0.002343857520258592
2026-09-16,525368335,9811363528,4718,1.2879248160680663,0.978706412753833,1.5766196124130645,100.78921264020721,42.549557696067595,171.35581208249772,3.953265035746904,3.7707239039223497,4.165705745555548,0.2080336574443643,0.1605224338222162,0.2585891729605415,0.36362113159031,0.10348860984150125,0.7392076570255086,0.0266921720502781,0.014171381269272755,0.03910869012861403
2026-09-16,525368335,9811363528,4969,1.0847960402790522,0.816387580680095,1.349079404625676,431.3826821340659,178.49114779206846,731.6592149583141,3.953265035746904,3.7593712740714436,4.146070425525686,0.8903940686873577,0.6780105048331809,1.120411468567804,1.0846735775821004,0.3003993091375265,2.1695956212355942,0.1142437813472858,0.05954292596469317,0.16872993983973744
2026-09-16,525368335,9811363528,5045,1.2161525618589464,0.9192512858490739,1.5158552326485075,400.67136252126284,163.0950806211685,681.1772843791974,3.953265035746904,3.765102718396821,4.137652864162962,0.8270044660043664,0.6326948360985396,1.0433214743777814,1.3017714764341612,0.37775684646743946,2.6143423139835686,0.106110452337937,0.05839422112347724,0.16379545492223851
2026-09-16,525368335,9811363528,5070,1.0364111238213576,0.7798921184710762,1.309552297392025,204.6982986406536,85.85744515778039,365.1948774340488,3.953265035746904,3.758710479290816,4.1344697511801245,0.4225068796882941,0.3137192324032905,0.5267804730170422,0.8223025674411791,0.2356456903579796,1.674627364329766,0.0542105852659065,0.028859881228770787,0.08073113076201245
2026-09-16,525368335,9811363528,5182,1.648055818131124,1.248201996584656,2.0192093063714562,4.008883969161526,1.694935586192913,6.784758903449955,3.953265035746904,3.760155513598892,4.146953510439066,0.0082745243516473,0.006429804008691514,0.010401457558967988,0.0134056573984902,0.0035030153982983973,0.025058529949845296,0.0010616792991175,0.0005737454713909473,0.0015772822467633146
2026-09-16,525368335,9811363528,5260,0.6766509858401581,0.5137441568200256,0.828283601214959,22.94769815470001,9.543334037631702,39.44910168220282,3.953265035746904,3.777674671063853,4.1291396207964555,0.0473651242230968,0.03686743351603836,0.05943948986054342,0.1242525888961648,0.03388933515510424,0.23539558477391026,0.0060772764391925,0.0033019259375140345,0.008929307253175756
2026-09-16,525368335,9811363528,5460,1.3413323176671188,1.017525240906593,1.632034053031128,345.8560151720588,148.49936960649725,582.1112170298826,3.953265035746904,3.7605989563758033,4.1346496418907055,0.7138630206609482,0.5575673721410129,0.8942961785539323,1.5631957979154083,0.4169625007057413,2.9145230285328014,0.0915936142347983,0.04927658932380357,0.13559011885178157
2026-09-16,525368335,9811363528,5484,1.4184480024544301,1.097046898574811,1.705401088029661,101.25186735074753,43.50072278769848,170.65553608202063,3.953265035746904,3.7683599975988264,4.139272907181552,0.2089885984449568,0.16561415861786616,0.2574535058606854,0.2706440433413103,0.080458639871398,0.5442394327943095,0.0268146976540617,0.01474488417639337,0.03909919031935223
2026-09-16,525368335,9811363528,5596,0.7496207613284802,0.5659493654947184,0.9362408222826485,70.16850109520699,29.446118006254725,120.96800684213433,3.953265035746904,3.7734177730855047,4.139084961804255,0.1448310740588278,0.10969864548125989,0.181472684104582,0.2499677249127952,0.07281836585161906,0.5243944403543229,0.0185828389237384,0.009759677926473472,0.027329349690638924
2026-09-16,525368335,9811363528,5608,1.6174032289158449,1.2260491560303886,2.015966573172364,3.4547776328041677,1.488690272201175,5.846123426879468,3.953265035746904,3.759022809515011,4.14199877042254,0.0071308229103332,0.005468421148623518,0.00899160868830662,0.0107042048609227,0.003214335304574457,0.022647551974323332,0.000914934411676,0.0004915206498354734,0.0013412358517349546
2026-09-16,525368335,9811363528,5771,0.888071581172511,0.6692901943478221,1.1218121583530294,9.338042873919012,3.9689313336835594,16.35409489319123,3.953265035746904,3.774502974074701,4.132711383623551,0.0192741580328478,0.014424279986622839,0.02417688595745785,0.0249374494772721,0.007364121848610124,0.049036439220945964,0.0024730091690793,0.0013439115521697797,0.0036169430306857995
2026-09-16,525368335,9811363528,5891,0.744108938695265,0.5631285715183016,0.9125102105091195,7.577247875205686,3.0464984322388826,13.16078558583615,3.953265035746904,3.7710412580606514,4.133494304893838,0.0156397946521188,0.012034477308178386,0.019501023349329703,0.0239928174613353,0.006765119273387716,0.04813749084783704,0.0020066949493354,0.0010758842913922843,0.0029619861454409694
2026-09-16,525368335,9811363528,6029,1.5353542491016237,1.153079460858684,1.9334926377637136,3.9349445765945683,1.590709583349396,6.688768838703906,3.953265035746904,3.763593166893872,4.136737838355455,0.0081219099809028,0.006033334605700762,0.010116742546606784,0.0146888974927963,0.00418628530985675,0.02977926573217458,0.001042097808837,0.0005566044446080192,0.0015286101546036714
2026-09-16,525368335,9811363528,6272,1.4594292191299052,1.1163952489124203,1.766551825446109,4.159880487760768,1.841218296285154,7.221238130014756,3.953265035746904,3.7693268435196803,4.1395702962858865,0.0085861882410925,0.006774118758339316,0.010719259937562795,0.0149627777320441,0.004261611228687873,0.028110748231319888,0.0011016679541319,0.0005999826535713726,0.0016000191343584914
2026-09-16,525368335,9811363528,6474,1.668859074089377,1.259559525534199,2.017905061924587,366.6465427205113,158.44859227793518,608.5119092157589,3.953265035746904,3.7657148598969483,4.13405441977594,0.7567756436768859,0.595390531866341,0.9538554448760118,1.3249237168067598,0.3763713545348949,2.728202944843238,0.097099603653729,0.052071492911711356,0.14330211255982267
2026-09-16,525368335,9811363528,6483,1.6688590740893767,1.2655706632173358,2.0830018076090426,636.7521288591012,264.27376310916645,1088.6068187435264,3.953265035746904,3.767904878136909,4.130546837808071,1.314286229468968,1.0045526400405327,1.6533924385726098,2.6509000505910367,0.8132125888267441,5.466833063702292,0.1686321078582151,0.09100685645976758,0.24884706868275722
2026-09-16,525368335,9811363528,6490,0.7317465434954233,0.5496164987424192,0.9270295161758214,11.354149755526933,4.82758259944211,19.01815256740331,3.953265035746904,3.7637797207926136,4.13255313641433,0.0234354971027031,0.017487588913955965,0.029496041561852513,0.0211356153164746,0.0059882454521861675,0.04469870309962014,0.0030069380523987,0.00158443976837766,0.004590380499253115
2026-09-16,525368335,9811363528,6522,1.2653936080388353,0.9770553854648483,1.5373493115281525,1235.198846276576,524.5379453391623,2156.613781662858,3.953265035746904,3.772694833139649,4.161310005814945,2.5495082948933225,1.9881723991355176,3.128291496543831,7.737878295887032,2.0644896195058835,15.11508239214551,0.3271197309459569,0.17689887344528404,0.4833936211138851
2026-09-16,525368335,9811363528,6607,0.9296004010372991,0.7071595700850546,1.165104219530165,143.95946554983541,57.05112013087517,243.90986283798185,3.953265035746904,3.7624129343800976,4.136343643203179,0.2971390822247687,0.22425346034981766,0.36947482409932847,0.3808464442050563,0.10496986999024449,0.7395417584304773,0.0381250207444263,0.020436816691590528,0.05677990661582859
2026-09-17,63563817,1841014603,9,0.5923988184855551,0.445777926260625,0.7392217254707533,71.5978171418939,31.339978050187067,121.22511234615556,3.474588104548414,3.2970659554256243,3.65147692422815,1.7015563984022004,1.2870400638770079,2.1342388869716857,5.071998565042782,1.4545203964086344,10.27461372471118,0.2183215768897858,0.11443809436203564,0.3326769728471747
2026-09-17,63563817,1841014603,726,0.7681060195805638,0.5870129726060507,0.9373519927164649,11.931249644298008,5.061261281082311,20.51295972664764,3.474588104548414,3.29502692255112,3.6542982830152275,0.2835518593109476,0.22196966575726151,0.35444775439231324,0.5533063625144582,0.15121010035628962,1.0323017092826956,0.0363816850930873,0.019200399480865115,0.053992682232704876
2026-09-17,63563817,1841014603,1567,0.7101408649160075,0.5355939044373268,0.8921133391610278,1.9046891224908091,0.8241210853357348,3.2717282904034195,3.474588104548414,3.29035102262527,3.6516637878461737,0.0452658487746681,0.03419431254826683,0.05695584302774633,0.1475400329898538,0.04138454111577356,0.3021872336382501,0.0058079247288071,0.0031313363077379373,0.008689504629573139
2026-09-17,63563817,1841014603,1667,0.7946344816537315,0.5935164482120167,1.0076830584661123,4.017780139428185,1.6966767181904605,6.732668230150597,3.474588104548414,3.2843021593843464,3.6728663406137416,0.0954844683332824,0.07087093156074574,0.12032596111972232,0.2144342640135926,0.06264402420471757,0.4183432411780582,0.0122513245606082,0.0065435971643094505,0.01820696292250661
2026-09-17,63563817,1841014603,2478,0.7605064369920979,0.5737040893036401,0.9273490371829829,2.3351788829613547,1.0010685103965662,3.7782180097562974,3.474588104548414,3.28113281427503,3.6553612377353377,0.055496644008601,0.043197155194295615,0.06982492375535683,0.3195963604504994,0.09966165270773425,0.6582812489623292,0.0071206072531161,0.0037900018283855753,0.010733467633388158
2026-09-17,63563817,1841014603,2892,0.7187586811100852,0.5410699021851266,0.8838636144736903,1.5515699660760984,0.6450723557773402,2.6482708942770876,3.474588104548414,3.3185538559139935,3.6491211104943075,0.0368738029835924,0.02841203360286684,0.04641233917099836,0.1106806337820479,0.03255218303954281,0.2318065515664192,0.0047311666077366,0.0025109480118762264,0.007005462904760505
2026-09-17,63563817,1841014603,2985,0.7038999040884103,0.5288261480798673,0.8860452836044573,5.871312327183856,2.506010909535083,10.093853101676586,3.474588104548414,3.2837515515774953,3.656815594927555,0.1395345480650381,0.10528225139721914,0.1763995711592316,0.3716019526319541,0.10495263304538378,0.7352274390116791,0.0179032576250593,0.009650723466245787,0.026444681733567912
2026-09-17,63563817,1841014603,3501,0.6961634790788125,0.5232972821778211,0.8491103829227431,0.7023081265608121,0.2961269917198639,1.2062060479731047,3.474588104548414,3.279915979608025,3.6679709629093042,0.0166906888240895,0.013008596049150275,0.021107962261420445,0.0668063178697247,0.02010301764055041,0.13711080085409036,0.0021415320155557,0.0011633746359774196,0.0031162170952946737
2026-09-17,63563817,1841014603,4827,0.727114423177565,0.5472314513629993,0.9169061017520277,0.704812516978332,0.2970975012019401,1.1761645359207398,3.474588104548414,3.289751775585509,3.6518959284923715,0.0167502068612188,0.012499924633728707,0.020944076111779703,0.0413638093670059,0.011944186721323247,0.07872828067654686,0.0021491685956488,0.0011180931647870207,0.003126888000847177
2026-09-17,63563817,1841014603,5134,0.684827971832813,0.5183172228454466,0.8336187981576895,3.6458740631389612,1.575691021809173,6.015913939086668,3.474588104548414,3.289250085381737,3.6620106912721577,0.086645942398051,0.0676481525276855,0.10879981961075377,0.2151322199561708,0.0598358969636088,0.41515459125856957,0.0111172799169085,0.0061843768756885955,0.016432034950554654
2026-09-17,63563817,1841014603,5307,0.8405157449758253,0.6470553501731335,1.0111993354896829,3.802342280674316,1.6488879726593835,6.244634196477977,3.474588104548414,3.276567878199952,3.662297260542682,0.0903644844894423,0.07118256286752947,0.11124296519116043,0.1377881099384487,0.03756191272303924,0.2766005115952763,0.0115943948534959,0.006042848860440497,0.017246985516014345
2026-09-17,63563817,1841014603,5374,0.6870087245656037,0.516660384480439,0.8731075582106069,2.021576628181623,0.8566623648582774,3.5248666608354164,3.474588104548414,3.2829733722230854,3.6551265100164554,0.0480437363017042,0.03575033701971154,0.06041471203270023,0.0806029197027297,0.02252349423281888,0.1554079234285635,0.006164347111218,0.0032920037598992893,0.009089899053908336
2026-09-17,63563817,1841014603,5418,0.7012017082795138,0.5312203502162004,0.8591986155499,0.8683469540365735,0.3776641372400507,1.481432120496893,3.474588104548414,3.2904180422293723,3.688546194040795,0.0206366810421856,0.015879193124593835,0.025683009179564627,0.0585184732494193,0.015713343226521237,0.1097676649119534,0.0026478303928874,0.0014319524620296023,0.003945020636931957
2026-09-17,63563817,1841014603,6083,0.7313182732738196,0.551286013621719,0.914080440076476,6.291981547245434,2.71453806845398,10.59172431364432,3.474588104548414,3.2821011783360183,3.6512298583357112,0.1495319534550386,0.1138936900630834,0.18884572109147688,0.5394574563501399,0.14722452493268093,1.0250121009924729,0.0191859946013952,0.010210296873600123,0.029185383985458665
2026-09-17,63563817,1841014603,6149,0.7687849676795366,0.5780322829502716,0.9441325663254316,8.644708695163557,3.757008178312493,14.687588298355722,3.474588104548414,3.288673711949498,3.662005865501992,0.2054456403807284,0.15891615895818664,0.25956668063932475,1.2464519267424168,0.3503424598902966,2.3505703814695402,0.0263601113751919,0.014137180185303076,0.03882941787915771
2026-09-17,63563817,1841014603,6352,0.7283742533595259,0.5487341169808393,0.915266161073285,3.038787306129804,1.240872260049205,5.365277982045732,3.474588104548414,3.2897835494686656,3.658433651786187,0.0722182350040257,0.05405759070792083,0.09016572825466868,0.3365398636523274,0.09273510856221209,0.6893249589156454,0.0092661042332075,0.005079899001175741,0.01379265997862077
2026-09-17,63563817,2874903000,431,0.7213181746144649,0.5544220911333289,0.8968673555086136,10.664850266347226,4.8029558850296015,17.731328531817642,3.5934539468928737,3.4121851096393447,3.775551938903289,0.2828885603902376,0.21573709374959762,0.34898962334057704,0.4704658000787269,0.11846790255270105,0.9285737275338322,0.036296579206233,0.01921854574238601,0.05410851804023113
2026-09-17,63563817,2874903000,1812,0.7948884994137088,0.5975705577142004,0.9771449531170923,0.582002098780103,0.2458916924739165,0.9621218174201505,3.5934539468928737,3.409133953874653,3.7806170774037318,0.0154377916010246,0.011833663765907573,0.01935035901027693,0.0149669096465439,0.003814197223144852,0.027549297323746176,0.0019807765462234,0.0010536972292988305,0.0029289329716691024
2026-09-17,63563817,2874903000,2275,0.7658011754688784,0.5851250427861543,0.9628194036513026,21.790810666001644,9.669079174667834,36.67201047916224,3.5934539468928737,3.398841116533294,3.791720133712724,0.5780082143762504,0.43570864896102895,0.7169557215531434,0.583031896574166,0.16606217333331755,1.1497449684837706,0.0741624931952706,0.03890885962479765,0.10928514288252064
2026-09-17,63563817,2874903000,2561,0.7576274656902675,0.57415365625964,0.9442769727370875,33.616111664704306,14.402687656756758,57.847869688885446,3.5934539468928737,3.399790810131704,3.7771788797494232,0.8916781011687632,0.6767410772024004,1.1129977290779278,0.7918162543243814,0.2365867594461188,1.5580916332496952,0.1144085316878454,0.06368613405416675,0.16857290733328312
2026-09-17,63563817,2874903000,2669,0.6944040259754396,0.5246916289760554,0.8603036520137681,0.6680416517741368,0.28915378014407395,1.1400449363861913,3.5934539468928737,3.398559782752053,3.7623284053700594,0.017720018231051,0.013617927935986058,0.02232845629784893,0.0208316265174215,0.0059146938385260025,0.04133384626147463,0.0022736021717244,0.0011987198847230164,0.0034845892969318152
2026-09-17,63563817,2874903000,3163,0.7814376366662762,0.5995311060058556,0.9820722076289254,39.946192369515394,17.192891840398165,68.34531408176618,3.5934539468928737,3.4048681568558457,3.7720867578316235,1.0595855141203148,0.8034558071287904,1.3161148944987984,0.9268374808046314,0.2681854527795458,1.828500804598132,0.1359522261557395,0.07326610760321244,0.19612461136389997
2026-09-17,63563817,2874903000,3422,0.7236217927265607,0.5420262784823567,0.8841594980262795,0.6358276932323771,0.2770256212733603,1.1148178736361478,3.5934539468928737,3.4166251986653453,3.7787315661467353,0.016865532689411,0.013131683382703745,0.021420621051616018,0.0152199111243719,0.003703499096127415,0.02767809245342362,0.0021639657053366,0.001126079487313698,0.00326646384593394
2026-09-17,63563817,2874903000,4527,0.7780705245826244,0.5852391857208104,0.9699822653472508,8.409437594285794,3.626392410522841,14.38767765933767,3.5934539468928737,3.405571192498699,3.7923183419540782,0.2230630187322686,0.1688084416758066,0.2797839938301202,0.3071048792087285,0.0861208474520586,0.6299249652034781,0.0286205441330975,0.015204132858413625,0.042512572014237464
2026-09-17,63563817,2874903000,4667,0.4752673988112271,0.36587907794977637,0.5755500733648957,1.071807307879895,0.45181277711652135,1.8945486749622589,3.5934539468928737,3.4045463860783074,3.770821782769515,0.028430031249349,0.022342872041661858,0.035146680430848364,0.048050940677614,0.012725979218024331,0.09437290377740412,0.0036477716866817,0.001942571272909046,0.005424622204769684
2026-09-17,63563817,2874903000,4798,0.6254592829021101,0.4705119655498644,0.7719910794535295,10.635128684349825,4.509851718917511,18.55784493498411,3.5934539468928737,3.401101547414334,3.782650971707877,0.2821001859326705,0.2165309807402438,0.3552711226987043,0.3057327664894523,0.07988861081474544,0.5809479679049393,0.0361954252539354,0.01946987014454328,0.05277809342544197
2026-09-17,63563817,2874903000,4860,0.6776034509225913,0.5058210250201463,0.8483478792063935,4.293238966569863,1.8164557534007195,7.303634067139825,3.5934539468928737,3.4100677961710306,3.7703361138808984,0.1138795351395211,0.085927410175755,0.14411487973517165,0.2780379941285854,0.07621390098287148,0.549788896012673,0.0146115401819665,0.0077389746920828225,0.02175064087028123
2026-09-17,63563817,2874903000,5241,0.7722728998772779,0.5849819889491954,0.9591579389924613,0.5253925680673789,0.22632059207431238,0.880004573604897,3.5934539468928737,3.412798165653369,3.7863534140727113,0.013936205713952,0.010653370891916251,0.017467659360741343,0.0146724754561453,0.004352061498689078,0.027957164716887365,0.0017881125833898,0.0009607449347258821,0.002735177186418536
2026-09-17,63563817,2874903000,5532,0.7924151615826674,0.5914787222397179,0.9756760131146688,5.468116126654977,2.357306049943408,9.26803816129539,3.5934539468928737,3.3997199090790096,3.7807426983983854,0.145043527146104,0.11140359235182945,0.18376622648554497,0.2577621908775027,0.0764524716232946,0.4944880933630501,0.0186100981395204,0.00981969116383812,0.02798134333676231
2026-09-17,63563817,2874903000,6282,0.738966021943392,0.5570023682361053,0.8941345146480967,13.861105337530454,5.956671951498528,23.23176371025659,3.5934539468928737,3.4205299087584025,3.776458008332499,0.3676702472536864,0.2883611174234674,0.46289503607449195,0.456356876998046,0.13062084547313943,0.8596142930768689,0.0471746621100881,0.025238653111683704,0.06868022976525676
2026-09-17,63563817,4190988309,9,0.9528257606105198,0.7325099633779739,1.192509065843076,5.738367796653616,2.471675517176676,9.47941859161974,3.830666507257826,3.6434609064947483,4.008513093926917,0.0263753731678049,0.020072878656865953,0.032678049054820905,0.1565635405246096,0.0425247781322746,0.312605997219606,0.0033841446962668,0.0017862797954271083,0.005197201395048138
2026-09-17,63563817,4190988309,2478,0.8876262775823016,0.683201445562611,1.0791126255139132,18.378368890957088,7.893751608163682,31.5231310269468,3.830666507257826,3.6394738874061647,4.020852991671819,0.084472859686207,0.06581998280560238,0.10396226905288346,0.2828361670298403,0.0799942811451937,0.5300489208437139,0.0108384582188401,0.005515147105683948,0.01621333335802379
2026-09-17,63563817,4190988309,2941,0.7739645870143771,0.5907407752152606,0.9620314766772821,7.964397856682764,3.361077160663256,13.993287367201301,3.830666507257826,3.6517744595127914,4.019747246211265,0.0366069190701534,0.02779743582509443,0.0452685944246585,0.3341311153530877,0.0857052187696013,0.6644251944561147,0.0046969235365794,0.0025468858856338462,0.006736425273241148
2026-09-17,63563817,4190988309,4017,0.8573320608225348,0.6457056589761312,1.072008194915585,3.408714285321759,1.4258815544250205,6.007970331823637,3.830666507257826,3.6434392522007246,4.015401451418669,0.0156675407509115,0.011851375282989463,0.01967579107169053,0.0701483126784018,0.019714597827823543,0.14077029855380913,0.0020102549677083,0.0010833871929595313,0.0029305436289859318
2026-09-17,63563817,4190988309,4097,0.889428461366766,0.6698947763479232,1.1232847883532084,6.697715105910784,2.83476955526645,11.518983267331759,3.830666507257826,3.6558451454238603,4.012295554380826,0.0307848401409646,0.023232733074690322,0.038956828111040724,0.5445398537128531,0.14637363226684413,1.082386191692391,0.0039499101235707,0.002196406005749521,0.005851161819243978
2026-09-17,63563817,4190988309,4101,0.7420828720290049,0.5562259160489346,0.9355142468522779,7.262029668992603,3.0637908754643166,12.418227077640442,3.830666507257826,3.650779764890002,4.006041388798394,0.0333786103057124,0.025011006215316597,0.04206587818081995,0.1102366154459973,0.032948613111650184,0.2184387333956477,0.0042827089617339,0.002223408923539183,0.006423834343977242
2026-09-17,63563817,4190988309,4177,0.7937680263663986,0.6081145344956116,0.9927059968676364,123.3413450946296,52.68333867516617,211.69792870269913,3.830666507257826,3.640241071011042,4.019565269649459,0.5669162589729744,0.43122708095913076,0.7039491493735118,4.413741184519788,1.3168578688167827,8.40197757513497,0.0727393178031952,0.03897509987230979,0.10763447037520847
2026-09-17,63563817,4190988309,5374,0.9984694569630438,0.7488850228988918,1.2356108076521646,11.84896111410521,4.918549437021369,20.816854150227574,3.830666507257826,3.6457446523598085,4.009573620017253,0.0544616138438501,0.04155153804972643,0.06855729239993605,0.156715468229028,0.048088568261368106,0.3127152013115771,0.0069878056498844,0.0038212437908608553,0.010100488014761587
2026-09-17,63563817,4190988309,6083,0.7901428887948997,0.5952625505760208,0.9956949012241705,4.649110758107556,1.9831660572242733,7.792857226368504,3.830666507257826,3.6447789387625256,4.013597206336459,0.0213687995417532,0.016117423134421823,0.026959593071987947,0.1278490266568932,0.03574985702106653,0.24294509345973567,0.0027417663126406,0.0014195526851608652,0.004041035842794558
2026-09-17,63563817,4190988310,925,0.7982507564844802,0.6026515914763567,0.9958060323425632,6.761280604741791,2.982097658053631,11.669846266886866,3.716219368230377,3.5396227234375157,3.898758372580933,0.127257793587791,0.09681620391265554,0.15997658921584598,0.2177733181904752,0.0642695322010772,0.4514172167928827,0.0163280642320703,0.008834504403015513,0.024807096251177572
2026-09-17,63563817,4190988310,990,0.8193633561142647,0.6280710287129637,1.0061429105556736,0.7649141613406829,0.3342473519256925,1.31956718285542,3.716219368230377,3.529800234736266,3.8993095077561386,0.0143968715612844,0.011142662504916545,0.017850068497841706,0.041683174964331,0.011909025885047018,0.08203946873583028,0.0018472192308705,0.0010161724208034152,0.0027003493952364394
2026-09-17,63563817,4190988310,1186,0.7830022251500267,0.5880604763877948,0.9569011243096288,3.473599097193664,1.4931436133703102,5.815865732625092,3.716219368230377,3.5325861537043184,3.9001728004611524,0.0653785255721227,0.05085423715978421,0.08275080280322554,0.1047791068577377,0.030971548127798926,0.2091077234078331,0.0083885217152003,0.004538206411189764,0.012176204760168247
2026-09-17,63563817,4190988310,1567,0.8152755899482669,0.6121485970266656,1.0247470459276982,22.256779673528975,9.548618996284903,38.04500273359179,3.716219368230377,3.51994881299385,3.900819356570034,0.4189071330121283,0.3149608490007869,0.5272498039696761,1.413938783777986,0.39578329370913845,2.7866493569446362,0.0537487126112697,0.028985527318394398,0.07863761879027796
2026-09-17,63563817,4190988310,1667,0.8644358121108446,0.6518598786500422,1.05432162950967,5.3466025506182895,2.3182466794674275,9.023854722230523,3.716219368230377,3.53680128453436,3.8988126962874,0.1006313572173541,0.07784878442662649,0.12591263481456882,0.2281934852646013,0.0642388845435355,0.43257643370401605,0.0129117063724025,0.006829882865373115,0.019301913583069756
2026-09-17,63563817,4190988310,2123,0.8162104489326532,0.6143014003753322,1.0350994564914708,4.408136314261646,1.847017887987755,7.6708849891165904,3.716219368230377,3.5289978735671377,3.900616140693733,0.0829679662745749,0.061936160920894816,0.10436244946370803,0.2116810041324111,0.059992390683648165,0.4180642275802154,0.0106453698774915,0.00566069921360886,0.015948731358532572
2026-09-17,63563817,4190988310,2892,0.7844912469220665,0.6059951161756217,0.950987942231884,9.333278127419314,4.051075313258858,16.042154465110986,3.716219368230377,3.533221968246973,3.9015703475826804,0.1756667783620157,0.1377943907671574,0.21624069254136594,0.303220783540468,0.08103771032389952,0.5894641325936957,0.0225392752747761,0.012362836888274253,0.03343217044101096
2026-09-17,63563817,4190988310,2985,0.8005196852335236,0.6031197974220197,0.9802542987699652,74.06904579579019,31.349694602509704,128.37195695921878,3.716219368230377,3.5290466072002573,3.895869262656914,1.3940943871660647,1.070907198465578,1.7405520252637896,2.279856101342923,0.6646466315732842,4.604132545054349,0.1788720522135478,0.09519321347618612,0.2599717763523668
2026-09-17,63563817,4190988310,3169,0.8180912063230359,0.6218704313818016,0.9925585299927882,63.24007198688644,27.858450692777073,106.02599746860676,3.716219368230377,3.518866002205828,3.909347538256058,1.1902762949581174,0.9263583954202994,1.478547551115802,1.7371134894217288,0.46959812946831203,3.402525011797354,0.1527207666427073,0.08154613266767645,0.2275991597198854
2026-09-17,63563817,4190988310,3304,0.8179870844539018,0.6117744114464578,1.0197757631730258,1.0433376801315797,0.44077810314812105,1.804931186700811,3.716219368230377,3.522447818675382,3.893426569369478,0.01963723426113,0.014890636788664941,0.0248214214442052,0.0458112935090036,0.012279573210441676,0.09286012146940796,0.002519594386451,0.0013508596852937842,0.0037203561960327566
2026-09-17,63563817,4190988310,4403,0.7734946993074897,0.5845864874085505,0.964566891870919,1.6454500064210498,0.6968904101379618,2.774712110441193,3.716219368230377,3.538903266655161,3.9063292025535508,0.0309699226399961,0.02349226040369744,0.03876219755709931,0.2045445280441255,0.061095697049836015,0.39111169875912194,0.0039736575016072,0.002115020165618546,0.00590092544339918
2026-09-17,63563817,4190988310,4675,0.7861537979909768,0.6005700370466167,0.9857689197971217,1.4160350465150815,0.5836656363439523,2.459137117421825,3.716219368230377,3.5220807027908685,3.912173816490745,0.0266519770731178,0.02019701328819683,0.03315115098006214,0.0880900069209129,0.024910964630453898,0.17910315961171036,0.0034196349103076,0.0018147689478731092,0.005109099140953611
2026-09-17,63563817,4190988310,4773,0.9001143977595174,0.678759572966165,1.1242645607575636,11.299247235053189,4.831151430894136,19.52409309260605,3.716219368230377,3.533633650491077,3.8923669365283784,0.2126693678897727,0.1595163056666884,0.26421510225636546,0.3501179557933276,0.10052269167012005,0.7131068508318731,0.0272869660961272,0.013791799926681012,0.04089652342808267
2026-09-17,63563817,4190988310,4791,0.8769813276402666,0.6581709102345676,1.1116187855303898,1.400596543602208,0.6022544908242274,2.3534825786243907,3.716219368230377,3.52633981173168,3.901433375985271,0.0263614004897982,0.01977922289414574,0.03340611966056734,0.1686184424697962,0.048343181342543944,0.32813767204757865,0.0033823519040334,0.0018422312932603524,0.004866643646518303
2026-09-17,63563817,4190988310,4827,0.8234597898368572,0.6172316181654244,1.0477571677014348,5.779390028829996,2.365056630875057,9.589029409515113,3.716219368230377,3.526453246506389,3.903393272119183,0.1087770891857952,0.08019007784616763,0.136123501576797,0.3552197871838207,0.09541740807018706,0.6428942688568073,0.0139568607087158,0.007369439686217966,0.020970153098364537
2026-09-17,63563817,4190988310,5010,0.790558778175264,0.5971774088818759,0.9765981088417275,3.9682948470216513,1.666160372411715,6.636177689071566,3.716219368230377,3.5410068299137945,3.897296663511592,0.0746894672857704,0.057006808939494204,0.09322634358037009,0.1383546298978907,0.039365348860498764,0.27933340507731746,0.0095831806046508,0.005200622204794636,0.014132935418177246
2026-09-17,63563817,4190988310,5134,0.7502278951448841,0.5570742288539379,0.9474449874333395,11.08274977695452,4.7772317377045255,18.529152996900287,3.716219368230377,3.5233490430749588,3.9146765323822255,0.2085945497531493,0.15526811636467264,0.26407250532797494,1.218564752422251,0.36586696555332104,2.4839867016778987,0.026764138453175,0.014267434576337175,0.03951889327971624
2026-09-17,63563817,4190988310,5267,0.7606013269702048,0.5784164992756862,0.9411230997089893,7.20504964968486,3.1602008039793814,12.14584445998089,3.716219368230377,3.5264598678722274,3.8942164507786123,0.1356102156840446,0.10434928489860691,0.16978317360546016,0.3000185318512404,0.0865291499325644,0.6218411861118097,0.0173997383561931,0.009315730141238697,0.026318979588584125
2026-09-17,63563817,4190988310,5330,0.8235999047624535,0.6198357704565183,1.0089580404848502,7.2919706255821355,3.024868236407579,12.485116624711443,3.716219368230377,3.536440855763604,3.9115987146931013,0.1372462033402036,0.1058503092648917,0.17230131868956483,1.077503316282483,0.30942444948476483,2.1798432697300996,0.0176096470052395,0.009403123832318862,0.02602212912800529
2026-09-17,63563817,4190988310,5418,0.865084552336383,0.6505480088775412,1.0783086818604886,0.866644171710632,0.36708866857964584,1.5214220875479978,3.716219368230377,3.5379796205145997,3.896750055470444,0.0163115882278673,0.0123649043053952,0.02049531387929726,0.0839279160356791,0.023208599832116858,0.16510313991310363,0.0020928907597943,0.0010886911825093947,0.0031716783942265345
2026-09-17,63563817,4190988310,6325,0.7525786433803504,0.5606773684112009,0.9440631803888515,5.480424585357706,2.3359525741528144,9.141783425303476,3.716219368230377,3.526256507221462,3.9074944820554656,0.1031500955851159,0.07669920785456857,0.12914541105873245,0.195304252037013,0.0541163330826419,0.35583934586342136,0.0132348781066683,0.006889965670074266,0.019843080034568167
2026-09-17,63563817,4190988310,6352,0.8431847372299932,0.6322100653452939,1.062204336371738,4.110137489257865,1.789815855604767,6.997720166562905,3.716219368230377,3.540226791740189,3.9070197287645008,0.077359165933536,0.05820074983152318,0.09778567867169836,0.4445439875476539,0.1243762501537122,0.9562195162546503,0.0099257215977957,0.005308868963411784,0.014575128725114498
2026-09-17,495403620,8878077181,1048,0.2959657989046779,0.22057030288792961,0.3706776040409828,8.820295438087513,6.11999434439002,12.182523255699806,1.2171290940547763,1.0313391784448211,1.404607632968138,6.242313493104081,4.711927508704776,7.91859092757797,65.43760450485205,19.46656649970525,129.61695925006794,0.8009324442813649,0.41674915324459116,1.1794512562056199
2026-09-17,495403620,8878077181,1607,0.5164294705513822,0.3952626095526054,0.6402078859287155,4.5981824022431255,3.247808794124914,6.15557855438143,1.2171290940547763,1.0357289784349868,1.39841393940056,3.2542329511243304,2.484778257533744,4.024601864208459,33.12002561400836,9.855254633287263,67.65924236366584,0.4175408291628251,0.22158357937893086,0.6210579748150864
2026-09-17,495403620,8878077181,3989,0.3531370056229482,0.2662366009076692,0.4342223581224898,181.68819080686842,129.99576127697952,247.45077037093856,1.2171290940547763,1.030872445347965,1.4029551739666752,128.5846548987366,99.72334475839298,162.64491886632615,1268.366766425024,365.75748244429127,2424.0976781260924,16.498309810760368,8.92917024618139,24.545160395841105
2026-09-17,495403620,8878077181,5778,0.4791109034369947,0.3672345324082126,0.6082668875795264,133.9164339578129,92.07823942310013,183.45078648286523,1.2171290940547763,1.0459396867741941,1.3912205391599044,94.77555128521796,70.53303347048148,116.82796663305881,1000.1168500810428,273.79878799629256,1896.9001041820568,12.160365549221511,6.618872112363461,17.43077734010884
2026-09-17,495403620,9628223555,104,0.680341165328475,0.5081306351751945,0.831312469167179,3.460296197383556,1.4544286899323489,6.115899392051941,3.704449957369274,3.5193415861409987,3.8924172956139653,0.0353158550804428,0.027513864112595723,0.04501326377199458,0.0460751612873082,0.013215775040651238,0.09289955763322887,0.004531271004366,0.002412012461012034,0.0067514311948432
2026-09-17,495403620,9628223555,444,0.7735255004989524,0.5843878482209437,0.9599232838802749,165.1678274375949,69.34047632780957,282.31900397387585,3.704449957369274,3.5199834699630452,3.8829935209612527,1.6857062878456015,1.2786284618181765,2.100294002466853,15.29600037209498,4.512844037217773,30.515248632233003,0.2162878969401565,0.11326914619266419,0.32654473824169616
2026-09-17,495403620,9628223555,665,0.7287444705291235,0.5487110071999399,0.9068346449529736,13.700587139224924,5.6691616994063745,23.167391635687586,3.704449957369274,3.5153691083137852,3.8933098232834658,0.1398284777735788,0.10638766018261764,0.1758230011484491,0.1736168630905247,0.04692212029424921,0.3435798888595609,0.017940970860732,0.009752598625219332,0.026702052643801502
2026-09-17,495403620,9628223555,700,0.5869962835831395,0.44280971196150076,0.7329578584839853,2.1312690725842525,0.884804545093394,3.64958388830544,3.704449957369274,3.515120235716462,3.8973337889046893,0.0217517765565062,0.016462473736682744,0.02724940905654704,0.0373088928350145,0.010781712307833466,0.07405560134005706,0.002790904939989,0.0014752221876959647,0.004262602996323034
2026-09-17,495403620,9628223555,875,0.5947791180711846,0.4534812201171945,0.7244424590677118,19.69132781867307,8.40783275372131,33.85233178214429,3.704449957369274,3.5274613989150283,3.884262301154667,0.2009701019558895,0.15703745404842226,0.250871130309731,0.2352980306171717,0.07091926582211008,0.483860785773943,0.0257858685189109,0.013358066115280284,0.037584408284884074
2026-09-17,495403620,9628223555,1018,0.7351517839741,0.56607592997969,0.8945658798428254,1.561385303952891,0.6718175790348512,2.703376879199407,3.704449957369274,3.5120546358848586,3.903585906428242,0.0159355309412032,0.012429781953314775,0.01964269849845349,0.0593654645847522,0.017172847813317262,0.12118614943807982,0.0020446399819167,0.0010885798266351476,0.003040842517289804
2026-09-17,495403620,9628223555,1257,0.6826705741121468,0.5161460532305522,0.8484539247011116,3.4732181742696815,1.4588823125359895,6.095562225834446,3.704449957369274,3.5134598900032636,3.8978932960022523,0.0354477370457521,0.02703544873815905,0.044441553789622154,0.0544908821073405,0.014047126547886611,0.10311945143466147,0.004548192382145,0.002398410908484385,0.006820765063088146
2026-09-17,495403620,9628223555,1318,0.6184766450215587,0.46825823193791294,0.7643220334178242,24.66354947991141,10.59665540035361,42.980667896442505,3.704449957369274,3.5328066289269295,3.8900390234099236,0.2517166998190745,0.19402133767103094,0.3166931521464216,0.2778281797155776,0.07812063167036709,0.5592594376742532,0.0322970116568556,0.01736761944876363,0.04788698321202736
2026-09-17,495403620,9628223555,1655,0.6988763693527816,0.535718472558032,0.8705813270318341,15.49389923986592,6.767740265187167,26.5600250205326,3.704449957369274,3.5171025829939784,3.8796615151154525,0.1581310584336187,0.11975167021924342,0.1946051661195239,0.1766164941568286,0.050185640065884426,0.33375932129282276,0.0202893198632127,0.010563370944717992,0.0293682871984976
2026-09-17,495403620,9628223555,1676,0.7712253449295976,0.582519228005565,0.9701486244881841,3.9144815636776324,1.6403764583634053,6.759975217575343,3.704449957369274,3.536669607966412,3.88609474789206,0.0399512803910933,0.030052055397775813,0.05004978171624643,0.1132514523540306,0.031834799942269364,0.2207269930538439,0.005126028465433,0.002752234050252929,0.007527197839015593
2026-09-17,495403620,9628223555,1802,0.8176500141575415,0.6142105070944952,0.992719861114816,2.9720472680064915,1.2541470316891759,5.111718372273368,3.704449957369274,3.51964634954909,3.8792340309613134,0.0303327763353054,0.02366955679698746,0.03825600321835528,0.0905874000548493,0.025037828408517277,0.18498700249794167,0.0038919071781502,0.002031414421544236,0.005766545282828138
2026-09-17,495403620,9628223555,2541,0.4917783908108717,0.3717964518643197,0.6016796664446126,493.0282027593407,207.34815982268438,842.1161677369275,3.704449957369274,3.5183593380360647,3.888618313209946,5.031856108845714,3.892881047762559,6.299864861510212,14.705983820171856,4.387063448130444,30.214277407384806,0.645622302850069,0.3565777570720472,0.9565997362352504
2026-09-17,495403620,9628223555,2584,0.36115685728129476,0.2707617183097092,0.452343518705341,3.590300292285236,1.522782273588112,6.17683874992555,3.704449957369274,3.5184453480397693,3.8928285284828905,0.0366426795814446,0.027793341005093213,0.046432297608238436,0.027875770817396,0.007509065626837163,0.0558617704055449,0.004701511860083,0.002521867303007817,0.007145572790592751
2026-09-17,495403620,9628223555,2723,0.6057812687358404,0.4551458983102905,0.7618468714574137,6.276004434979977,2.6863600476805716,10.352610024878262,3.704449957369274,3.5198822454809866,3.8773255502200925,0.0640530320142999,0.048043638501584926,0.08041794031704205,0.1402387278410104,0.04240361563524454,0.26572397266591075,0.0082184516287942,0.004447942542144236,0.012257598919903183
2026-09-17,495403620,9628223555,2780,0.7225798859270808,0.5443424421972732,0.9120654623379846,1.4807086766263555,0.6157946308629005,2.6337722843810623,3.704449957369274,3.519183745389107,3.8800201967556083,0.0151121436019352,0.011355767043207976,0.019026998660362428,0.0419002630328871,0.012119162328054784,0.08201165598311014,0.0019389936322166,0.001007897913656542,0.0029141545369313153
2026-09-17,495403620,9628223555,2843,0.7068243786138468,0.5320050687360838,0.86100763470795,2.382874449083133,1.0770854770447627,4.0811630249110715,3.704449957369274,3.5413788832302466,3.888306024351594,0.0243196662708646,0.01898366011103636,0.03072353839317139,0.0344671333716917,0.010193493561403666,0.07105869374941964,0.0031203831355071,0.0016265710134527748,0.004780631610566645
2026-09-17,495403620,9628223555,2874,0.9346942342445657,0.6988993147648467,1.146169941806564,65.02024802413311,27.371967541884022,111.04415902617639,3.704449957369274,3.5122218169126134,3.887457916610224,0.6635980059311104,0.511271228655142,0.8384665745339909,3.5507156833807114,1.0208450127392614,6.727336329089774,0.0851442615783061,0.044068485659480836,0.12978570777519552
2026-09-17,495403620,9628223555,2997,0.7444993568917276,0.5592490107296209,0.9135600594638031,2.7776690897365444,1.2278460660759354,4.731759055437094,3.704449957369274,3.5286888927434594,3.8849159894160854,0.0283489485983121,0.021780079919610198,0.03557874351867585,0.0534133366844821,0.01479101745698472,0.10243542244505363,0.0036373682159244,0.001952178205463142,0.00539972731869243
2026-09-17,495403620,9628223555,3374,1.0933285058363151,0.8300353339478308,1.3491944225104604,24.530217146758552,10.592565180586389,42.18959106228612,3.704449957369274,3.513748764979358,3.8866231970956675,0.2503559072491425,0.19258903407959085,0.31304654952596456,2.1395766286845643,0.6149614617013767,4.286604788222475,0.0321224124605161,0.01695451644109624,0.047754131293298016
2026-09-17,495403620,9628223555,3382,1.0981776716201064,0.8308130419668945,1.3406425893619123,15.606772161666468,6.480222295142356,26.440640433945976,3.704449957369274,3.517493185883078,3.905453774035338,0.1592830418250487,0.12258263885423873,0.19780569810597673,0.84599565202716,0.24808951465654222,1.682912046157184,0.0204371273827307,0.010738284472443594,0.030393578634312007
2026-09-17,495403620,9628223555,3393,0.878824139051267,0.6630782324254035,1.0958741549346553,3.7953605737649743,1.639776983438749,6.376017744343858,3.704449957369274,3.52663500207166,3.885963086137003,0.0387355290863422,0.02947929304767953,0.048720632279068775,0.0858054802601839,0.023647785291939002,0.15938003392650926,0.0049700390770071,0.002622521303816293,0.0077068079452516525
2026-09-17,495403620,9628223555,3575,0.9810329946359554,0.7378173765500212,1.2054128681196687,1.8264683922168725,0.7570171303610959,3.0857765714968024,3.704449957369274,3.523017080226662,3.8762437733428934,0.0186409744626236,0.014371285999151877,0.023479129210694196,0.0592931441295072,0.016638249475342315,0.11959859084343119,0.0023917672921472,0.0012727936862734469,0.003577578370642967
2026-09-17,495403620,9628223555,3989,0.7639975479742898,0.5728580801461216,0.9486575352393335,1.5520410610810238,0.6711021927186002,2.641794104762454,3.704449957369274,3.5211626217107717,3.8810497033842455,0.01584016340378,0.011999935728073114,0.019871988971370592,0.0960229393411927,0.027182201389665397,0.2005185329096733,0.002032403660409,0.001067939918112715,0.003021340109364514
2026-09-17,495403620,9628223555,4188,0.993271260331974,0.7525084844542236,1.2095840200638193,17.25781478711534,7.412443436527979,28.72397155229175,3.704449957369274,3.5094787290480176,3.8933527520888616,0.1761336172573122,0.1372566200922453,0.22062663524394296,0.6799879030893545,0.18054581574712364,1.2873606253541745,0.0225991739674496,0.012174956160939481,0.033399146681276706
2026-09-17,495403620,9628223555,4321,0.7055840382325971,0.5239948714209545,0.8863608501614475,1.4136991577187135,0.5992417313664339,2.3671644658771025,3.704449957369274,3.521024248357751,3.8941260825090755,0.0144282430559236,0.010837941751799574,0.018332896783938415,0.0630036109385193,0.01863259803113633,0.1251877635511136,0.0018512444128659,0.0009718759001985749,0.0027739045596081803
2026-09-17,495403620,9628223555,4634,0.9520663401555844,0.7237631798467498,1.1916824806264323,4.407824670621535,1.9016462786803445,7.43664123668515,3.704449957369274,3.5223799740657706,3.886145458494095,0.0449863504186072,0.03424229892259059,0.056380318019868515,0.1832239691843081,0.054366243820292474,0.35538204289851255,0.005772063136508,0.0031398243898471275,0.008290571111094113
2026-09-17,495403620,9628223555,5249,0.9721654260505841,0.7373056785647388,1.1939107118993753,4.274719305905695,1.812030565920051,7.26093093486732,3.704449957369274,3.525314508352453,3.8954787187920137,0.0436278742932719,0.033537882159903935,0.05430751169999629,0.0448749026079452,0.013595755694274247,0.08939909928041025,0.0055977611561982,0.003045104922527022,0.008208586137096083
2026-09-17,495403620,9628223555,5703,1.0875896867818637,0.8142722376260908,1.3385140848529478,25.0129653550333,10.096187657196705,43.012518123790755,3.704449957369274,3.5210634673462247,3.8889359193391067,0.2552828455201106,0.19643067589632573,0.3228959729131157,0.5583779028409568,0.14674918492728353,1.0286704397289015,0.0327545730715698,0.017191571409431557,0.04801841075996037
2026-09-17,495403620,9628223555,5705,1.0507373195473997,0.7894439230678463,1.3097717677748346,1.4301478785995203,0.590454301047301,2.5142749995463998,3.704449957369274,3.5258136205239468,3.8910650945365113,0.0145961190439169,0.011022266289297668,0.01828711676760562,0.0534052299080349,0.014978457706384632,0.10748750182859719,0.001872784075292,0.0010205885206629568,0.002767200547905394
2026-09-17,495403620,9628223555,5964,0.9693640955045874,0.7283327190633021,1.1795210662715727,20.462638727044588,8.517054050124894,35.062613928554704,3.704449957369274,3.5202988662324333,3.8812081173500403,0.208842117155805,0.16350539247959658,0.26479401867166175,0.3044309551115958,0.0858454696195301,0.5668028043123268,0.0267959030810093,0.014664256272386988,0.04008370826432332
2026-09-17,495403620,9628223555,6027,1.1188429636362445,0.8357589482337573,1.361740099571732,5.0136397154632,2.140615712644669,8.606261401826615,3.704449957369274,3.5263412050827374,3.8996892661541818,0.0511693113874854,0.03984407274883519,0.06491976150181367,0.3702178589355535,0.10273314503897421,0.7392214490637844,0.0065653802371584,0.0035974765138973206,0.009851035458827368
2026-09-17,495403620,9628223555,6261,0.6444210641450137,0.48879894872182705,0.7951443724892329,328.18655439733584,137.08486047117736,562.9844972733162,3.704449957369274,3.5207640742226607,3.896777007283134,3.349478811441024,2.5663363982707583,4.174696680730315,2.6759477059112857,0.7842632966085092,5.517663848445381,0.4297615386474423,0.22880654873588469,0.6365547811563154
2026-09-17,495403620,9628223555,6298,0.9360994496949948,0.7072169356778694,1.1701495521508927,23.68508386611611,10.191668005458109,40.781817251266624,3.704449957369274,3.5165776312363084,3.8832069607961865,0.2417304593798544,0.18269516712151332,0.3022844295752929,0.4791164644138994,0.13574231351610283,0.9631951575547609,0.0310157072217288,0.016521850514180602,0.04621461001552069
2026-09-17,495403620,9628223555,6360,0.8384810110338149,0.6263059263110917,1.0379757196568429,143.14955003600932,59.95552776390153,236.43485890896343,3.704449957369274,3.5279978689864797,3.9008708544348427,1.4609872899680931,1.1091394367406735,1.8381719289584468,3.7364634477889234,1.0755355873547017,7.09660224889041,0.187454879110257,0.10237532698898068,0.28296258685029885
2026-09-17,495403620,9628223555,6474,0.8365467093749919,0.6280573861828493,1.0245447925208975,1.6042768527388396,0.6880165068032181,2.734055644311452,3.704449957369274,3.5167801727489207,3.892852904840901,0.016373282981692,0.01271242146495941,0.02073766744694118,0.040780069128352,0.01102306215894303,0.0766046146913029,0.002100806627851,0.0010994852510556854,0.0032300745199692594
2026-09-17,495403620,9628223555,6500,0.7117942494813012,0.5344620947023464,0.8743328493203646,1.8279629813610851,0.8116751518059969,3.0703590147744966,3.704449957369274,3.5199135488424047,3.895767948506433,0.0186562282705669,0.01436855607689157,0.02350573117428491,0.0774029108486945,0.021226196665959745,0.1512999977499688,0.0023937244623044,0.0012937704905326276,0.003623022428125664
2026-09-17,495403620,9628223555,6617,0.693798284696418,0.5200549701231983,0.8772313297920054,5.128684873334851,2.162737427976754,8.655464326927083,3.704449957369274,3.516347153606034,3.882638823936342,0.0523434646655123,0.038951833814437835,0.06570414848026904,0.0690255847138788,0.020463752467631362,0.1344938535053818,0.0067160323080564,0.003505957267388063,0.010117432081916277
2026-09-17,495817671,9630806627,110,0.9200022484760031,0.6992081080154414,1.120181739647972,12.243287767835673,5.27863029846943,21.339762505046966,3.66869475864981,3.4776685630251345,3.8607934732644913,0.1303004532853887,0.1013726462734646,0.16240575795911566,0.2982036586339683,0.08973025947215198,0.5872535721112031,0.0167184587342698,0.008997045594143546,0.024743623897288167
2026-09-17,495817671,9630806627,353,0.7038402732446019,0.5342697350196393,0.8899077330272738,16.65434753992163,6.928745115206233,28.85724371222168,3.66869475864981,3.4689668935647138,3.8743115851007763,0.1772456120263033,0.13272055872595817,0.2210663337267065,0.1721557267318856,0.04933972891255607,0.35175211678920476,0.0227418506672565,0.011940546673457751,0.0321941524401367
2026-09-17,495817671,9630806627,444,0.7484578666639136,0.560562489432691,0.9357609437209344,1.2796582418353377,0.5558887653760133,2.1483225914923065,3.66869475864981,3.480226728614363,3.8619464922064615,0.0136188948690376,0.010273576466830116,0.0171499374132569,0.0631971039386235,0.016783937250940927,0.12403407479491645,0.0017473993845261,0.0009446481271261762,0.0026004522036210025
2026-09-17,495817671,9630806627,815,0.6210038726652687,0.4682056451012509,0.7830918499709736,14.69023021282313,6.420334227979336,25.388153351241034,3.66869475864981,3.47536766540841,3.8621659918047313,0.1563422907224488,0.1175459515739388,0.19660008496858797,0.1679754837318217,0.0467432408056577,0.34926342592859433,0.0200598084654366,0.010749133558574575,0.03031377414154877
2026-09-17,495817671,9630806627,1089,0.7333797797166866,0.5512959667422598,0.9103810684537902,2.1477332116186054,0.8949468381424294,3.75132926063471,3.66869475864981,3.477295036651606,3.855360201996587,0.0228574722996533,0.01738903229853367,0.028715038009094668,0.0408026550653112,0.012449963878583369,0.0826537586988783,0.0029327734307607,0.001554175580056156,0.0043637009261929234
2026-09-17,495817671,9630806627,1164,0.7288952506929312,0.5503286713380693,0.8913023927852199,1.2910254343513068,0.5791064744736889,2.1860094660661336,3.66869475864981,3.4757291976428206,3.8508911920649878,0.0137398713882128,0.010638235093140647,0.01722946429923558,0.0251915630873988,0.0069711125340552425,0.0491047124863825,0.0017629215173556,0.0009351399046464256,0.002630921308558911
2026-09-17,495817671,9630806627,1424,0.6849196749660045,0.5116634130973696,0.8623104969896073,15.022223635619085,6.309381942883012,24.78957242935474,3.66869475864981,3.482850389416626,3.8653387865799393,0.1598755649783824,0.12076188834158273,0.20352069923414723,0.0103873283694565,0.0028472403619407218,0.020458786782779338,0.0205131522440289,0.011058371836949228,0.03091182256677743
2026-09-17,495817671,9630806627,1438,0.9561065430779052,0.7311792363007398,1.165319998648675,7.939080286975292,3.3617600273461385,13.531908513379902,3.66869475864981,3.481390069633085,3.8587102492584653,0.0844924810784582,0.0658455701840857,0.1049416622889547,0.0877538339346144,0.025448060749030665,0.17472910187490318,0.010840975780586,0.005968882156085181,0.016285384991154395
2026-09-17,495817671,9630806627,1924,1.0469286266180076,0.7859394961990174,1.3060405594442812,6.251969472829937,2.6214431638530367,11.283729797654429,3.66869475864981,3.4882862901920033,3.8613248539033087,0.0665372301691935,0.05063039833161819,0.08413542528618387,0.0708535467008726,0.018137759580216108,0.13623412438823682,0.0085371916123718,0.00468909932024388,0.012732135408253522
2026-09-17,495817671,9630806627,1981,0.7879238558392552,0.6045165669356171,0.9885486708622121,1.893230414882744,0.8156279223434091,3.278242644967598,3.66869475864981,3.4888375447143765,3.852703531795296,0.0201489000267544,0.01524681417121016,0.024932679612464915,0.02439021243566,0.006847843683274989,0.04938028358041317,0.0025852446798509,0.0013736387454370057,0.003960935513697586
2026-09-17,495817671,9630806627,2019,0.6302861628969241,0.4737602049827961,0.8028212262117612,5.678354660512342,2.3029603165597896,10.061571849926501,3.66869475864981,3.477366352671811,3.853154933339346,0.0604324753456933,0.044283921684651804,0.07504235726862098,0.0745060651526656,0.02097301211006773,0.14648229067766277,0.0077539089067009,0.004120399676519357,0.011595805221827394
2026-09-17,495817671,9630806627,2438,0.7325140268245294,0.5493676983724914,0.9111840754504276,3.5964279752919337,1.5011731801085755,6.118796645058973,3.66869475864981,3.4818340133425556,3.858003786082207,0.0382753557929017,0.029229962128871842,0.048480471185876985,0.0394619304721288,0.01130785456915407,0.07259290799949628,0.0049109956276328,0.002603299697541954,0.007260410782617493
2026-09-17,495817671,9630806627,2533,0.6530703625919182,0.4926260912742259,0.8010424958782398,117.72679170363969,49.893764596277094,203.3543211817678,3.66869475864981,3.4820388271247578,3.8565700061386874,1.2529195273117817,0.9669942965352206,1.5723964656297587,1.0513293669518833,0.3193682369818551,2.2000786121662728,0.1607583311229488,0.0875846580689091,0.23398818261787152
2026-09-17,495817671,9630806627,2541,1.033824316456926,0.7774001316166632,1.2859323133723524,6.6023944473970255,2.723047613183799,11.81308651654068,3.66869475864981,3.481197467617345,3.852584950377604,0.0702666641165493,0.05350799830313149,0.08850997220540592,0.3432732010091576,0.09679471111593858,0.6951934807455101,0.009015704050195,0.004704773308934581,0.013694243960515282
2026-09-17,495817671,9630806627,2586,1.1346372594269163,0.8596421590537314,1.3824488822753542,5.8623214427234975,2.3704811227247222,9.9909164248843,3.66869475864981,3.4867548119774447,3.8576302674105563,0.0623903608063734,0.048385029343836816,0.07781124827478299,0.0963890615280227,0.02877284564160284,0.18908039838182866,0.0080051192935836,0.004188342307055676,0.01177659388474214
2026-09-17,495817671,9630806627,2821,0.8050731718822426,0.6197941597770735,0.9806186991605698,6.54285713011177,2.742492624625129,10.980839266623256,3.66869475864981,3.4788321255469956,3.862680004215045,0.0696330320745054,0.05425288935141186,0.0858372043544864,0.1358671206109802,0.04027307176547944,0.2730643851896909,0.0089344046311943,0.004709925087553722,0.01346974634363369
2026-09-17,495817671,9630806627,2899,0.5829744922796088,0.44547795182383476,0.7238444034200902,10.687070369834778,4.686218962941859,18.441966051805515,3.66869475864981,3.483170085965701,3.8559522009446057,0.1137382490625298,0.08709756592161084,0.14152234781936346,0.0952025400501877,0.02528435164342229,0.18655968476021542,0.01459341219094,0.007682542002136729,0.02151426241874156
2026-09-17,495817671,9630806627,2933,0.712402042124743,0.5339723800096888,0.8993126413637258,15.819667681336016,6.369991934727603,27.373799853328833,3.66869475864981,3.477268818118774,3.875554520453312,0.1683624455121901,0.12495243073874938,0.2104440246790874,0.2513127131870128,0.0692434356495877,0.5021652122179887,0.0216020783253248,0.01140357481494398,0.032604561105364575
2026-09-17,495817671,9630806627,2987,0.6222755461563164,0.470293101344174,0.7707336008375469,2.8243217856544462,1.2605381729623537,4.71748506511371,3.66869475864981,3.4971272385463643,3.8590632984100472,0.0300581360066838,0.023044513657296962,0.037766195038528474,0.0088626118602267,0.0024573731070542688,0.017288065924978415,0.003856668904721,0.0020470951301592194,0.005742076441623757
2026-09-17,495817671,9630806627,3135,0.8058044631863082,0.6029689196316632,1.0217467034398287,1.1834175680779297,0.5208291092417195,2.062753436932551,3.66869475864981,3.4860025947232574,3.848147304042635,0.0125946435688251,0.009400797548277074,0.015929900276807542,0.0230682751296451,0.006993024179174202,0.044544207772078084,0.0016159807849406,0.0008571607403063803,0.0024321661838507085
2026-09-17,495817671,9630806627,3567,0.9362705943861707,0.6985553757780134,1.1856000923100145,141.97929529800038,60.61428097247998,236.63462825443096,3.66869475864981,3.4808150241370224,3.845695318326233,1.5110292990965013,1.1273956886629994,1.9134359551218207,2.9778346018935515,0.802837932487622,5.86541397693553,0.1938756185896573,0.10470863899864132,0.28786649750177856
2026-09-17,495817671,9630806627,3575,1.354596073395586,1.0222885490772102,1.6576037335929579,3.6518390180894107,1.5674693428573774,6.396954853958094,3.66869475864981,3.4799232731279353,3.8467223699321833,0.038865073532976,0.03016686643498536,0.04891439413630775,0.131640850905517,0.03782828750300555,0.26553465057663983,0.0049866605348047,0.002630369883074623,0.007541777552334962
2026-09-17,495817671,9630806627,3587,0.8521519150815633,0.655018516398669,1.034369886701977,6.201085000719689,2.7521409446312357,10.307461023180934,3.66869475864981,3.4980499839526487,3.851027927647688,0.0659956869246925,0.05145162135175142,0.08124959294873922,0.1232202772192861,0.03573265652342704,0.2551776383874417,0.0084677078296394,0.004543367446138723,0.012584945854760094
2026-09-17,495817671,9630806627,3989,1.380002563807194,1.0349304918979016,1.7141743402825502,23.699404489870727,10.074343743444404,39.73773346919938,3.66869475864981,3.4984562714967873,3.8459804339796064,0.2522233574985084,0.19163273584250273,0.3174048123144573,2.130654849096313,0.5486403801587294,4.138760833813955,0.0323620193777993,0.017464369625494254,0.04824535242970679
2026-09-17,495817671,9630806627,4054,1.0657798859687857,0.7983622038951015,1.3098633363465162,6.677087227071195,2.762760684490904,11.688161888554637,3.66869475864981,3.4777769710344093,3.853246271637406,0.0710615897307506,0.054551929629005305,0.0895025434589327,0.1375425478629592,0.03885406751066064,0.27751424027339855,0.0091176985616702,0.004840560115593546,0.013862735892711402
2026-09-17,495817671,9630806627,4563,1.1983435513636107,0.914032904176982,1.5110047023576032,4.735096421807502,1.9747847012718114,8.100428275519878,3.66869475864981,3.482275274000638,3.862129454071113,0.050393752218454,0.0379473653469373,0.06273149006290785,0.0704932825442935,0.017723491505693183,0.13123036103927857,0.0064658705759369,0.0035489294780063985,0.009612313823798522
2026-09-17,495817671,9630806627,4751,1.1527849222199968,0.8806368532838925,1.3950536884911253,1.5629262706751301,0.6535057326672138,2.6656353844792684,3.66869475864981,3.482412619554237,3.8491860291111886,0.0166336040924906,0.013037279183346915,0.02065290085779563,0.0285909907359085,0.008099704320983414,0.05717985833151749,0.0021342076455667,0.0012108887809484518,0.003100417526812458
2026-09-17,495817671,9630806627,4760,1.3360328547003884,1.0056915551354246,1.698971148531758,7.593785509107484,3.2951726505296333,13.038244290311011,3.66869475864981,3.482668297127263,3.8614595323933862,0.0808176457787888,0.05936119434269289,0.10028219488930791,0.2354197208218667,0.06203150866149826,0.4881148706333025,0.0103694687308123,0.0053585966912099775,0.015402310871772145
2026-09-17,495817671,9630806627,5194,1.3541688824944824,1.01077700065974,1.66733110942241,3.6473347351657184,1.5264757059839122,6.247746816581832,3.66869475864981,3.485357174617574,3.862872577380987,0.0388171362372257,0.029890760222445214,0.049306419092084004,0.0438085589756627,0.012127127621388121,0.08146883857034512,0.0049805098447601,0.0027035230685854435,0.007519500658023638
2026-09-17,495817671,9630806627,5210,0.9177434499830174,0.6978055026557702,1.113429475622464,53.6269838939494,22.74659578863005,89.65449891557309,3.66869475864981,3.481276545850834,3.8580207577847134,0.5707307091210431,0.448228144380652,0.7151996622387952,1.103031578907502,0.33820859583047463,2.228926954196423,0.0732287384136879,0.039805555627264406,0.10951339775779793
2026-09-17,495817671,9630806627,5304,1.1947119288105883,0.8909704803867271,1.520510571157588,0.9965375143509885,0.42473034605499677,1.7164395545477713,3.66869475864981,3.47978153261927,3.85490149322854,0.0106057533154579,0.007840342931553702,0.013380156325441457,0.0478332657448815,0.013848571859796537,0.09449570676347979,0.0013607922664856,0.0007396661004188423,0.0020395744094110226
2026-09-17,495817671,9630806627,5486,1.40770945582297,1.063163074616628,1.7316668234682453,3.162546956631407,1.3876173438700197,5.465826276352273,3.66869475864981,3.4843021271079886,3.8515578871238625,0.033657732285602,0.02589312768954157,0.04217437724446476,0.0591032951042877,0.01693981505718032,0.12177795655776033,0.0043185222623399,0.002339629467686478,0.006266333970587086
2026-09-17,495817671,9630806627,5493,0.8558198224813528,0.641932049409786,1.1005417819688796,28.834250430295477,12.122417996189155,49.06696348398532,3.66869475864981,3.4758443254899034,3.8589987424320413,0.3068714852134922,0.22463603202817295,0.3851211869168544,0.254588897128704,0.06981081137489095,0.48239894203460076,0.0393737560607638,0.020969436300098315,0.057794265712544084
2026-09-17,495817671,9630806627,5626,0.8495798331199981,0.6381299528084527,1.0613228222082447,7.764919915733359,3.373985299274352,13.373667895311188,3.66869475864981,3.4811396081221626,3.855024971584145,0.0826389613583065,0.06260523006358742,0.1041231496732852,0.0639106470105561,0.018242455601949124,0.12019831959356671,0.0106031562475515,0.005648807775946489,0.01566103757361245
2026-09-17,495817671,9630806627,5630,0.5996434361777693,0.4543430542617322,0.7302597131037356,33.96349087912013,14.867321823370881,56.97710352756278,3.66869475864981,3.487616268611321,3.8484531327111924,0.3614599559057685,0.28039956752449835,0.4506799786795645,0.2925597768420144,0.07981780939335335,0.5783337573868687,0.0463778383308142,0.025189411689373904,0.06768606952209306
2026-09-17,495817671,9630806627,5702,1.4077094558229692,1.0929818719695077,1.7678071238324102,2.606952943982859,1.0815909598814022,4.599963718100317,3.66869475864981,3.4941358319808202,3.8625499119483893,0.0277447656818977,0.02090287950859119,0.033808690716804035,0.0327884249583734,0.009507562593745187,0.061065238612242854,0.0035598473255411,0.00194559196931066,0.00530772827791291
2026-09-17,495817671,9630806627,5834,1.4077094558229695,1.068995512145862,1.708262514189642,3.46722573770703,1.479771388748729,5.834292736462523,3.66869475864981,3.472124107730726,3.8543991208038357,0.0369003076488054,0.028781559538848568,0.045993121862097724,0.0454791965436755,0.0123049572429247,0.09448960584001331,0.0047345673415058,0.002547956832304615,0.0070501236872543135
2026-09-17,495817671,9630806627,6119,1.3370779222869797,1.012327768097802,1.6257283049478106,2.990729914064859,1.264480382766675,5.167214965380423,3.66869475864981,3.4902189665671184,3.843642038229705,0.0318291516826539,0.02483366764555063,0.03988114727127504,0.0349510277947348,0.0104570901073811,0.07030434764915967,0.0040839025923245,0.0021641723346156566,0.006041859353512185
2026-09-17,495817671,9630806627,6159,0.8373064108143311,0.6452637894887964,1.0108313611358644,13.990269669563078,5.9950187012167175,24.013464278035443,3.66869475864981,3.480760126682898,3.868133104552165,0.1488928884215181,0.11742860354190676,0.18395629347079856,0.1168600014127215,0.03331698741157653,0.2383241520828629,0.0191039980916207,0.010091998180265143,0.027769722133492065
2026-09-17,495817671,9630806627,6360,0.8553274579997203,0.6382210510425231,1.0421616221701402,148.41010105161874,62.435641552326345,259.5524213271275,3.66869475864981,3.4836680708052956,3.849675183295393,1.5794698128356377,1.230836960971857,2.00985386141381,3.117424270435207,0.8550052295512155,6.213248573486857,0.2026570147847562,0.10459181100318311,0.30548197642113417
2026-09-17,495817671,9630806627,6489,1.0826889177288337,0.8324229601165188,1.311486113240051,5.654131600006015,2.3848774875735876,9.88870078494123,3.66869475864981,3.481863122772291,3.857463467202487,0.0601746789250108,0.04709001545949263,0.07419052951016449,0.0638734910810243,0.018830101615322392,0.12623174739579404,0.0077208318243704,0.0040609727772110745,0.011432692052023928
2026-09-17,495817671,9630806627,6504,0.9399598007713836,0.7039771075206066,1.1564669206251554,1.138099203550696,0.47167743251870486,1.9881553870564679,3.66869475864981,3.481984922669154,3.8447605709539894,0.0121123381985663,0.009282867217293624,0.015249549896650805,0.0188717433852028,0.005355453556363495,0.036951594397331027,0.0015540976354451,0.0008207927068826024,0.00241127600606092
2026-09-17,500635396,9657930100,509,1.828018125113965,1.3717352931841127,2.260476831364286,17.259276880918367,7.400523134908215,29.931647974770787,3.086517679324313,2.9175365602945273,3.2605902703835374,0.4914634038127988,0.37590299776797126,0.6194481353832514,1.245298471601748,0.3752873037812048,2.5988323700604274,0.06305818919948,0.033391643039750014,0.09769247143147093
2026-09-17,500635396,9657930100,797,1.1982593506644865,0.9114446527088542,1.501894277566056,86.6116524862957,37.00397645455028,149.8501465632088,3.086517679324313,2.90483582703825,3.2719801534814628,2.4662943780586235,1.8610079870310343,3.066601178601091,6.090236282907804,1.6108148227036783,11.244576799031265,0.3164428038928268,0.16923748780795608,0.46681877218804024
2026-09-17,500635396,9657930100,844,1.239251907676324,0.9289350833866532,1.5196451153441939,384.8366970455457,172.81142054130171,623.7353209676627,3.086517679324313,2.9049045485768934,3.26618369307148,10.958347464208185,8.357289823107356,13.671687265099933,33.5502682487206,8.929447203343647,64.70918757076178,1.406032559801529,0.7177640203524811,2.1192035565344973
2026-09-17,500635396,9657930100,861,1.702382404055898,1.2876774004138052,2.0629519222752766,30.931446143213837,13.048522418389192,53.51333580742275,3.086517679324313,2.893862421126699,3.2689425227905025,0.8807827762009492,0.6913904910660816,1.1076537988799076,2.567573911305821,0.7218140876576367,5.22592882227579,0.113010585354751,0.06134012554564057,0.16674088402566478
2026-09-17,500635396,9657930100,1934,1.099074776090744,0.8325740912691174,1.3263547501196855,52.775606891018235,22.36365212947888,88.19628759807979,3.086517679324313,2.9040861140909335,3.266897533022854,1.5028022077577272,1.1759646157643058,1.8734023439452576,3.151860747127038,0.9433804949535132,6.125457738588412,0.1928200252775672,0.10341403023453329,0.282297553009932
2026-09-17,500635396,9657930100,1998,1.5682634348887288,1.179768639766954,1.983458401758825,3.3251956718620774,1.4439653571372408,5.60160854597123,3.086517679324313,2.909507962583462,3.268433292375751,0.0946860053588738,0.07131131929103086,0.1198904858296974,0.4527985411558671,0.13346777583140634,0.9330592400155958,0.0121488761810983,0.006373692513132245,0.018301432447378144
2026-09-17,500635396,9657930100,2253,1.2799945329993652,0.9646104209954772,1.595739316618503,0.687023128603351,0.2859472385866259,1.1617354530349582,3.086517679324313,2.900834446680533,3.268298632684602,0.0195632023062808,0.014872675161718535,0.024603624498478284,0.0447836130539348,0.012554147445712932,0.09383052343741438,0.0025100955692868,0.0012966370241870484,0.0037766109023436713
2026-09-17,500635396,9657930100,2533,1.3521136381849692,1.0052499248233653,1.6890750781277823,1592.5236848697075,709.5092531469046,2749.828348709804,3.086517679324313,2.898321142229272,3.2846885214396435,45.347618919299805,34.23612815397146,57.52519041951983,119.28421200871156,36.73228896335822,236.39275403986747,5.818416409797103,3.077061604529136,8.715821993193838
2026-09-17,500635396,9657930100,2818,1.1294899812720334,0.8528528730496712,1.3638184923245904,154.0471458649221,69.10973478019335,255.0473211783009,3.086517679324313,2.907039798868144,3.2729299970980006,4.386541520642948,3.450566457819031,5.51788766020194,8.08391716872398,2.1194751122888733,15.237000668103422,0.5628239315361908,0.3020491438657928,0.8348726160409635
2026-09-17,500635396,9657930100,2832,1.184815217738742,0.9094854097758058,1.4691133975847628,1729.9366707847853,742.8959397616759,2930.661410608023,3.086517679324313,2.8950500419606366,3.26980416627442,49.26049743975325,37.71364154394224,60.919741696124,113.87383534685578,32.921274935240845,216.4849231454487,6.320466068313119,3.4142958385946796,9.367963522987242
2026-09-17,500635396,9657930100,2874,1.2963603210070211,0.9805404733683807,1.5947851254993386,997.6573872199775,444.6309740681109,1684.8526239713076,3.086517679324313,2.892538480832434,3.2714287330282867,28.408611713286568,21.901669798867037,35.621637420884845,79.66976015636685,21.113294345191786,155.51734900464513,3.64502341051897,1.98154680557024,5.507352561711748
2026-09-17,500635396,9657930100,3366,1.1724289312328189,0.8926930904533934,1.464313676750411,5.4554262068720165,2.328615678266558,9.392424286383843,3.086517679324313,2.90338146104616,3.271279664470906,0.1553449980191872,0.11747863625900849,0.19270376774875164,0.4516458709975541,0.12331438436863114,0.8962807567020527,0.0199318488422345,0.010821207037465603,0.029592291939909553
2026-09-17,500635396,9657930100,3408,1.1060698861324212,0.8393503070624725,1.3426097179408896,145.90499807013046,65.08411912869497,251.15605439483892,3.086517679324313,2.902727667100757,3.2748401437474177,4.154691270068473,3.2693767783838834,5.229634581195031,7.955682880185801,2.260212004695826,16.36986250946743,0.5330759241499868,0.29054445920614475,0.7883466113503655
2026-09-17,500635396,9657930100,3567,1.217990715978571,0.9292091234990989,1.4892108007771678,396.99125391408296,171.6027128780491,678.0469299657861,3.086517679324313,2.895201864584746,3.2698746569098796,11.304452340540044,8.77273599767082,14.059737150272516,21.95879311448493,6.093900664531593,42.90168941741208,1.450440234117215,0.7977309676039332,2.1502903579009436
2026-09-17,500635396,9657930100,4196,1.08958301862864,0.817950326049008,1.335620525041754,7.517091187590126,3.156435819356151,13.17394337585414,3.086517679324313,2.901368132068762,3.2659827344748296,0.2140515646926489,0.16695653509422956,0.27262117270915814,0.3455274819917878,0.10549045057271542,0.7096202994531575,0.0274643116051325,0.015127859431837651,0.0401375568040717
2026-09-17,500635396,9657930100,4482,1.5240186086830385,1.136256827963943,1.870487169458711,12.719809441839827,5.4455685464216295,22.20180227212515,3.086517679324313,2.909311201994048,3.277042081585818,0.3622006233093205,0.2787176071969299,0.45882030834373483,0.917265152912292,0.2556300725509271,1.7129938285278659,0.0464728711346908,0.024537334802436576,0.06890368060584008
2026-09-17,500635396,9657930100,4536,1.1479352183769478,0.869992651879339,1.398428364630896,522.1566193007874,232.83170252452678,883.2764833217987,3.086517679324313,2.89663105320254,3.2672129177763027,14.868575967320243,11.550798041776671,18.566781730650327,33.27220553887228,9.467626012973712,65.13439039038863,1.9077422025735489,1.0303928450102748,2.8085881552907517
2026-09-17,500635396,9657930100,4721,1.3901139501754345,1.0480441397529416,1.699023263779608,652.0075507925493,286.40098588319614,1097.0281527077716,3.086517679324313,2.898309954411054,3.275389207537148,18.56612258062935,14.387012281841075,23.323279887368138,43.73092452682975,12.206710968647975,79.83776026746844,2.382163272600473,1.2519322012228953,3.5387197811244757
2026-09-17,500635396,9657930100,4766,1.4717965730918847,1.1084308752834806,1.8622873631265875,0.704210506759951,0.30136542407346073,1.2340829604655552,3.086517679324313,2.906266849201606,3.2688494813918414,0.0200526183710291,0.014968245288468842,0.02514831972879279,0.0388493811808368,0.011026761229371643,0.07725384670618701,0.0025728910705769,0.0013978537100021685,0.003795766105013729
2026-09-17,500635396,9657930100,5331,1.1150915773509338,0.8386360332569754,1.3868270023485856,46.47340921136805,20.830529198626845,79.5267230378965,3.086517679324313,2.896467476616001,3.2652757737915814,1.32334512247472,1.00356344538793,1.6595624826466915,2.457981205561264,0.7193052878878299,4.823766928855852,0.1697944271370523,0.0908011801385016,0.2545308759698695
2026-09-17,500635396,9657930100,5337,1.3281777075841223,1.0108262735779623,1.6346476165182087,6.819062395558443,2.9048027272913353,11.627558065080928,3.086517679324313,2.899635479829647,3.2831073999795795,0.1941749726165055,0.1491756104559396,0.24123984500859172,0.5282726911397041,0.1485001390642387,1.07531208213836,0.0249140059383127,0.013436724454823266,0.036724471282624585
2026-09-17,500635396,9657930100,5553,0.9153381084035962,0.684679710877636,1.1107663026021273,977.0340106074423,413.8100702960222,1667.8132513261871,3.086517679324313,2.895665910033963,3.2646722421674097,27.82135449862796,21.693887289927627,35.194322452803256,54.28429697692755,15.122973821963873,107.95058407607476,3.5696742059527486,1.9230738038076811,5.393557020714135
2026-09-17,500635396,9657930100,5573,0.7432791602432989,0.5595894647978908,0.9363205230780441,178.58540172919518,76.82631114218698,301.3797908271713,3.086517679324313,2.904446376549923,3.2792115221950504,5.08527616832787,3.8387309497810267,6.423071121299868,5.066073922704741,1.464378445461893,10.53871496185411,0.6524764697966611,0.3516806931412235,0.9709025995540588
2026-09-17,500635396,9657930100,5867,1.006154732077749,0.7572588616117126,1.2517123617870174,304.70851980539624,131.1052281655961,508.6897834586484,3.086517679324313,2.9043926025040556,3.275625389570575,8.676672107849706,6.635257954781468,10.96776185418668,8.019435185814077,2.17717270839856,15.28563310077396,1.1132776665646609,0.5682025745698759,1.7140700799707749
2026-09-17,500635396,9657930100,6001,1.2768337075568732,0.9781222919101437,1.5926138847064308,1.7830728809660505,0.7721796254800204,3.0852568696446974,3.086517679324313,2.912830747964624,3.2572236723028225,0.0507735679410017,0.03826133248310698,0.06229847726567792,0.1684661583863578,0.045255520392750645,0.31531737234407964,0.0065146035874033,0.0035030611815095197,0.009727560405889006
2026-09-17,500635396,9657930100,6023,1.2151277899282806,0.9160024615110669,1.501178464065571,3.5280800683763704,1.555192615757308,6.106099357837455,3.086517679324313,2.896761069792511,3.2691448565918644,0.1004632031394864,0.07717441318463687,0.1264762617106518,0.1907656473281783,0.05772074587043593,0.375159543426349,0.0128901310291021,0.006979686709612493,0.018904214420400543
2026-09-17,500635396,9657930100,6180,1.62511906776811,1.2358450549315692,1.978080375203599,14.534153912710268,6.245105581900456,24.412400899385734,3.086517679324313,2.8928962709464363,3.2687364473576377,0.4138646597284102,0.3233847732692063,0.5176062107674128,1.401987998717396,0.3868396384778532,2.847192469909349,0.0531017280506876,0.028098735816339003,0.07855089068001621
2026-09-17,500635396,9657930100,6434,1.0858180208017947,0.8201134081761612,1.3469324034796701,1.0294465141771736,0.46834207043328463,1.7360409786746458,3.086517679324313,2.900494897149793,3.2651191907415984,0.0293138172237152,0.022404280639411654,0.03679598094356662,0.0484043942688252,0.014673941086575128,0.09682780269974438,0.0037611676033483,0.00202726313848189,0.005554694311384103
2026-09-17,500635396,9657930100,6660,0.9954846457128484,0.7605971743689944,1.2408574751367578,54.42112849251035,24.671786050504192,91.92357426241979,3.086517679324313,2.8940254076810326,3.2756978605911864,1.5496589592251602,1.178022455124203,1.9218481584981872,3.031960821601805,0.8376630957540218,5.810805284847842,0.1988320739395503,0.10427489247066296,0.30136014903399444
2026-09-17,525368335,9811363528,33,1.1007487997681875,0.8453146222710652,1.3401600619508613,9.869055836962316,4.204283642888479,16.95465993000881,3.944522777868984,3.759729953266925,4.123997871278269,0.0190890673734326,0.014844585923872894,0.023534576038832026,0.0368033435761471,0.009604543988323907,0.06768639285780242,0.0024492607440086,0.0013304260722787516,0.003559629318446016
2026-09-17,525368335,9811363528,181,1.237252014717346,0.9227941596934475,1.5629417403350716,7.9180483714009515,3.276491601307637,13.4536102772258,3.944522777868984,3.753163529712737,4.135861190165191,0.0153153616034555,0.011385770702469574,0.019284144887398807,0.0223073226100628,0.006443839559631412,0.044006086878348775,0.0019650679219586,0.001068378327269227,0.002925106704193706
2026-09-17,525368335,9811363528,206,1.3551920038555023,1.0326358109770313,1.6954260203633957,5.355283084565133,2.359780261577681,9.035259314584716,3.944522777868984,3.7510779275637325,4.139240143007616,0.0103583728062616,0.007840385718201868,0.012872655029215283,0.0149350538075641,0.004053800724684451,0.02944760035073002,0.0013290516183882,0.0007109999626352091,0.002014313698526008
2026-09-17,525368335,9811363528,270,1.413792890508879,1.0529602435610101,1.7728128552548352,11.033285077366699,4.624532859421356,19.376965867795654,3.944522777868984,3.7602505573228964,4.1289044353755076,0.0213409596289171,0.016088815114217846,0.02708787766178471,0.065502894692828,0.019766462864158525,0.12874966404397287,0.0027381942572703,0.001467043436217838,0.004030487690080887
2026-09-17,525368335,9811363528,433,1.4714797462529488,1.113928475143533,1.8311037750969499,17.6633447887897,7.519766714099832,29.508277037546847,3.944522777868984,3.767338366095151,4.12575799644595,0.034165049249246,0.026225403323947294,0.043109980668850655,0.1464921956737898,0.041615562020120005,0.2718561533409225,0.0043836145740551,0.002451478036769669,0.006368374517437083
2026-09-17,525368335,9811363528,469,1.3747044279560785,1.0439918142210936,1.7203571181167365,5.368026984188675,2.262968332945438,9.392199540993492,3.944522777868984,3.7741898526703967,4.123628820427776,0.0103830224954044,0.007865390331479953,0.012961097032233226,0.0409098496181209,0.011495602634656626,0.08219642203978623,0.0013322143457645,0.0006873706291304904,0.0020126498749623036
2026-09-17,525368335,9811363528,557,1.5249261295553724,1.151549281728513,1.9093088313865647,4.340497931937531,1.7355037561545574,7.838464257736932,3.944522777868984,3.7583414131730137,4.131137054120178,0.0083955404474136,0.006335448034209782,0.010504379120480143,0.0148010799660742,0.004254814627544982,0.029571045353920643,0.0010772065099002,0.0005651462699301239,0.0015847368492987665
2026-09-17,525368335,9811363528,640,1.592302355486647,1.1931541969768302,1.9977300224313166,16.086115830012158,6.879014566672327,27.10756928005969,3.944522777868984,3.759153890097749,4.125803599750306,0.0311143187280272,0.023495979546477763,0.03933994773296035,0.1273678060071811,0.03490603811793608,0.2483818932595445,0.0039921845287837,0.0020804498963264933,0.0060230630375625715
2026-09-17,525368335,9811363528,653,1.5509707409365519,1.1761817644246166,1.8848549409416784,21.770731688586967,9.103834223145004,37.78362116389917,3.944522777868984,3.7587083507279124,4.130364302237725,0.0421096983174306,0.0326741866452124,0.05236104146675567,0.1206221157294971,0.0364682177496399,0.23040662887751362,0.0054029685690391,0.0028778341189877365,0.007834496504729008
2026-09-17,525368335,9811363528,709,0.5094357086564882,0.38320524296565356,0.6414583114572069,158.52473177978422,68.95102946918882,273.45077888002345,3.944522777868984,3.7536537082594097,4.122291327970452,0.3066239907130832,0.23040789085298988,0.3856864156376437,0.0361073605716698,0.009162485833013061,0.07724518288805457,0.0393420007867973,0.021340266851210515,0.05945515606027867
2026-09-17,525368335,9811363528,751,1.4142299793376065,1.0713452879286547,1.7685652611391078,4.982625383783798,2.081864153289116,8.34890155518508,3.944522777868984,3.7640197372232054,4.119373210285556,0.0096375654590379,0.007310706971821752,0.012068434593778906,0.0289201256276479,0.008963878595291025,0.05929635749513805,0.0012365669985264,0.0006586070814362458,0.001846395378984937
2026-09-17,525368335,9811363528,829,1.3799407333892046,1.0522794415246992,1.6923496530794946,4.8364559142912835,2.0808746700813625,8.405818766921692,3.944522777868984,3.7612438091004408,4.130005685253002,0.0093548394417596,0.007290957531246597,0.011725813679237347,0.0280714892556458,0.007884800548303771,0.05596177539778597,0.0012002912747373,0.0006387088292216713,0.0018176926424734426
2026-09-17,525368335,9811363528,888,1.5364118678540861,1.1667005562955894,1.8881978064994072,9.41911225296155,3.9248910290869228,15.890345187574773,3.944522777868984,3.7681740541416437,4.125505945657633,0.0182187710116402,0.014030869152222146,0.022707634774172883,0.0537324602023137,0.014316685667589613,0.10558150690579829,0.0023375956389046,0.0012429508632221134,0.003505719271199045
2026-09-17,525368335,9811363528,926,1.1514120909241432,0.8817987824087389,1.4187969286750794,69.2695248391664,30.269775532411867,116.94108979052703,3.944522777868984,3.759990385685452,4.135628349455161,0.1339834983634574,0.1033306978601327,0.1662570641965915,0.0276993357009374,0.007688472437784877,0.054572609965295275,0.0171910191559844,0.009451913458127688,0.025015642316314046
2026-09-17,525368335,9811363528,937,1.0415904594119583,0.7903756250307715,1.2647230777440865,16.294620128351095,7.054379107861052,27.32316920632632,3.944522777868984,3.754357075131928,4.142590560695059,0.0315176149160714,0.024788136690252364,0.03966484736319712,0.0261956559012619,0.00751680600477768,0.05569507414080213,0.0040439302480617,0.0022146659949380185,0.005988410401234767
2026-09-17,525368335,9811363528,1167,1.4048933473808414,1.0568347058157692,1.7748339865284823,53.32231930753336,22.125994273512543,86.69503684105199,3.944522777868984,3.765142189930332,4.126137458393794,0.1031378647141681,0.07680242528729296,0.1289809704376302,0.130779729042137,0.03461168186209094,0.2533861878359994,0.0132333088004527,0.007077094205364905,0.019457934595893164
2026-09-17,525368335,9811363528,1318,0.6752186217819645,0.5083647462493137,0.8551069222298364,20.98251732787571,9.035315652857944,35.809199301972654,3.944522777868984,3.7623164848835904,4.12575199064501,0.0405851069801345,0.03032516846025289,0.05100912477968926,0.0404307185565874,0.011579941933430852,0.07959301589376655,0.005207352846173,0.0027425609072136126,0.008153047512163582
2026-09-17,525368335,9811363528,1353,0.7264295249829279,0.5468706972906129,0.8954675226747768,9.287721501437813,3.9390256414620337,15.956023328319716,3.944522777868984,3.757038961041664,4.1323936210989975,0.0179646304991619,0.013901635760936762,0.022763083481428307,0.0892017879586869,0.02555012034227071,0.1751724863737319,0.0023049876351452,0.001235575888688383,0.0033735339319841033
2026-09-17,525368335,9811363528,1672,0.5094357086564881,0.38991709193481644,0.6281759104615958,77.01785741311852,33.522387367210925,128.92416576851386,3.944522777868984,3.7590259806151054,4.141423190313198,0.1489705898319216,0.11470056372455685,0.1847864559184743,0.0227104460794702,0.007019912766802099,0.04317851020674854,0.0191139677255757,0.010359940646263223,0.028628033550070563
2026-09-17,525368335,9811363528,1916,0.898013933372082,0.6874678189518049,1.0969851864927318,96.12899071078368,39.663316926846484,162.15514711460708,3.944522777868984,3.7539117842461684,4.130519214888789,0.1859360014304105,0.1435398611930805,0.2290446593558129,0.2651428138516893,0.07458448438876772,0.5332044375046532,0.0238568883587915,0.012705823599248801,0.035094371854301094
2026-09-17,525368335,9811363528,1952,0.6042280492005573,0.4662727312448847,0.7571002973455857,2309.145253929583,946.103172954641,4092.0908323108843,3.944522777868984,3.7565019058150275,4.131488975728667,4.466428203011518,3.37841285100191,5.485625285005521,4.899484858113849,1.4460414357248517,9.5897565649921,0.573073951155627,0.3081385768403554,0.8338360495559255
2026-09-17,525368335,9811363528,2078,0.7444855009963652,0.5589199067844228,0.9219850174039695,10.180258729431316,4.185048288312654,17.387217050855387,3.944522777868984,3.7519486224781624,4.13502956685197,0.0196910067158871,0.015007509461144673,0.02475613894543315,0.0204950329519441,0.005463275990652067,0.04050440983336017,0.002526493768174,0.0013551721824717892,0.0037537351695344123
2026-09-17,525368335,9811363528,2557,0.6307586420420656,0.47549859236585584,0.7962026638925402,11.842057144700327,4.87497184794788,20.471348276231243,3.944522777868984,3.7626595914809435,4.117452338102684,0.0229053143897099,0.017260521905097546,0.02890200180892988,0.0251110308340213,0.006539005487563639,0.044415951940461655,0.0029389119052495,0.0015880901712035838,0.004410586501248696
2026-09-17,525368335,9811363528,2633,0.7470659309813485,0.5595607539769579,0.9084467037308767,69.58064100759051,28.552820683719684,117.13652586431164,3.944522777868984,3.767210318202096,4.124128766199245,0.1345852699612803,0.10480662055391268,0.1701535146893011,0.2267376152379198,0.0662574232203014,0.4626671270856852,0.0172682306573413,0.009061555377367456,0.02590200267910175
2026-09-17,525368335,9811363528,2742,0.5094357086564881,0.38547726469624377,0.6295285492921746,256.0030166056522,115.49105779984856,428.5666841424391,3.944522777868984,3.7584655613403566,4.127510654442245,0.4951698432472796,0.3813838797031114,0.6228427355276269,0.33360394708713,0.08970866805910407,0.6247180105725945,0.0635337512806089,0.03475932847647847,0.09552466830239054
2026-09-17,525368335,9811363528,2807,0.6427584684857972,0.4934012953673912,0.8088857422507088,11.807116502873649,4.9182116037311285,20.99962918954634,3.944522777868984,3.762500692582184,4.125598679708419,0.0228377309980543,0.01717363170329143,0.028154533494846284,0.0366326629555597,0.010793217448133849,0.07105600894030652,0.0029302404838075,0.0015316799840859481,0.004316604915098502
2026-09-17,525368335,9811363528,2843,0.5702957042947604,0.4320630685717247,0.7004334808803113,428.31946239378715,182.49518931090893,751.7034750087143,3.944522777868984,3.748561817784923,4.1239944518717415,0.8284702417393622,0.6417602630539544,1.0403796106221825,0.8458381637935328,0.237808036772529,1.600556076416765,0.1062985216080074,0.05740044505322822,0.1573120420670203
2026-09-17,525368335,9811363528,2914,0.6023396284901543,0.45451113804443316,0.7570666692897005,454.5974942515737,198.0392992113482,780.5926034830653,3.944522777868984,3.760532214210108,4.124370063753711,0.879298115130835,0.6626500030271151,1.1037562213883363,0.5366328082855332,0.15226492140240325,1.0507523372254302,0.1128200929642086,0.06039635656842946,0.16702517248995064
2026-09-17,525368335,9811363528,2919,0.6369785054948313,0.48816129115683443,0.8023588503207992,8.422642268714748,3.7721227505811172,14.488425319076752,3.944522777868984,3.755596365885188,4.1446509216234375,0.016291364481661,0.012309086935672918,0.020231646561167757,0.0164374658743133,0.004603223802217081,0.032273892710026585,0.0020902959118265,0.001131617017491734,0.0030574498344122744
2026-09-17,525368335,9811363528,2961,0.5730686889131226,0.43337628718804383,0.7084346564521904,325.0059161375668,141.5028453838251,537.2510050711542,3.944522777868984,3.757465751076766,4.133395619917751,0.6286376257674312,0.48139568402816735,0.7869313483782845,0.8131756122799628,0.22990525787786203,1.6295113961005985,0.0806586004899237,0.04158685792005415,0.12076227819754554
2026-09-17,525368335,9811363528,2978,0.5094357086564881,0.3826108550301116,0.6183961206773657,313.7730939697206,134.5242877110333,541.8996201686875,3.944522777868984,3.7591273499595412,4.1375002040608235,0.6069107146324544,0.47426788462192254,0.7665371124637216,0.8293348229782234,0.2364114253550107,1.601788765730713,0.0778708859572837,0.041702373521892426,0.11699284983854634
2026-09-17,525368335,9811363528,3222,1.5178624444959328,1.1322631915845975,1.896468142955484,45.90965594713416,19.753168436639097,76.99126028825468,3.944522777868984,3.760415907082988,4.122851508962256,0.0888000361882339,0.06681857378530036,0.11191687446341342,0.1716910984601446,0.05478026637754197,0.3337659227872503,0.0113936652036277,0.005991600303541301,0.017028339206680326
2026-09-17,525368335,9811363528,3515,1.5923023554866431,1.2016071685228054,1.9556607918652313,78.49481432217857,33.68611973257316,135.24487313442535,3.944522777868984,3.7601194118414933,4.134654239434232,0.1518273707044252,0.11644074566514755,0.18951168707170868,0.3021085615951165,0.09197956358303014,0.614383759226864,0.0194805126755399,0.010441011883976196,0.028325924500660987
2026-09-17,525368335,9811363528,3575,1.0853607888076775,0.82163857893518,1.358128928310419,9.165300520558292,3.8801704642039647,15.84701587066892,3.944522777868984,3.7523694423400835,4.1263460635462845,0.0177278396256947,0.01338223211478722,0.02212018521550745,0.0475784595873774,0.014201525934328144,0.09384232612670404,0.0022746057113154,0.0012425585724540101,0.003421462860107418
2026-09-17,525368335,9811363528,3595,1.567702363669966,1.1818636571573353,1.9817582027282847,126.32186896421022,51.657937982689454,217.36920705365577,3.944522777868984,3.7609696659985867,4.135474498382877,0.2443361054220106,0.1832467959062708,0.30726965730073524,0.2449197461964796,0.07198423479774654,0.48227136935826204,0.0313500298179557,0.01703954176159705,0.046924766315560126
2026-09-17,525368335,9811363528,3923,1.592302355486645,1.1967226894132756,1.9886624585478276,11.76337888985583,5.133796919775598,19.697494305350972,3.944522777868984,3.750965529502772,4.130494527431365,0.0227531322020354,0.017223801061670516,0.028621774173625363,0.0853424117371468,0.025361313810141797,0.19138088436024453,0.0029193858670771,0.001513883693547104,0.0043490902338765266
2026-09-17,525368335,9811363528,3936,1.4173029325048965,1.085789939503372,1.7321528683235763,6.487147920669855,2.767779760471299,11.164672322485842,3.944522777868984,3.7609386928704236,4.128479257510992,0.0125476647173582,0.009722615909029418,0.015510419116736934,0.0216176587821798,0.006077388214426539,0.043693364824158074,0.0016099530699954,0.000816868099890389,0.0024018466853505988
2026-09-17,525368335,9811363528,4025,1.5923023554866433,1.1995311894476113,1.9933295034969394,162.61353809384815,66.94899224838127,273.6219617404758,3.944522777868984,3.753113940313937,4.130089864188757,0.3145327005730233,0.2342200114497477,0.3892167733855858,1.0215313743212615,0.2880421263323721,1.9169894024864989,0.0403567435302099,0.020627105291419125,0.06087759977666879
2026-09-17,525368335,9811363528,4045,1.5923023554866436,1.211624096797233,1.9689795016924068,78.72915741121325,34.33440319080337,134.74884794099634,3.944522777868984,3.7553958558671194,4.136532737775096,0.1522806451704919,0.11705108708034602,0.1902167176670926,0.6092289632307083,0.18180956068386042,1.2121232604570613,0.0195386709571511,0.010501897764465406,0.029068073672438133
2026-09-17,525368335,9811363528,4053,1.454742330678914,1.1083186661170605,1.7543437746978074,9.079451616149873,4.027166683333631,15.184374311884884,3.944522777868984,3.7555960152373786,4.132638062449033,0.0175617877209066,0.013970695709432893,0.02211403975709301,0.0433278007039422,0.012522655651118842,0.08905242595571922,0.0022533000915117,0.0012462655958415082,0.0032461146948450804
2026-09-17,525368335,9811363528,4437,0.8642165473856813,0.6529830668463411,1.0875686284694916,8.867862657035072,3.770142805777945,15.75726534512274,3.944522777868984,3.7576921802994363,4.132884322708532,0.017152525075853,0.012915757415646451,0.021511695006150505,0.0413822094156612,0.012310888287663191,0.07844898550263343,0.002200788834104,0.0011770260280978928,0.0032974486306953715
2026-09-17,525368335,9811363528,4594,1.552930780009279,1.178992260127537,1.9091287772973882,79.19383563363601,33.612573954699975,134.05355377455143,3.944522777868984,3.7531419234736556,4.141608571089237,0.1531794417769082,0.11815088216561048,0.19132038168006235,0.303645456953528,0.08447837153063985,0.5953193312613895,0.0196539928428084,0.010817830666352956,0.02858864241596269
2026-09-17,525368335,9811363528,4606,1.1671314856398503,0.8702128212588451,1.4692355180152794,7.4102588889975065,2.9993660715776587,12.715055261999078,3.944522777868984,3.7651334493521227,4.133055769632554,0.0143331777146162,0.010703616788018844,0.018071595329327107,0.0252706932412903,0.006802766721348935,0.04804065039069013,0.0018390468652317,0.0009641068327453958,0.002802474179568833
2026-09-17,525368335,9811363528,4718,1.2288429563376384,0.9252053359675018,1.5429041948206415,125.06186243737295,52.77525748872087,219.58011851723663,3.944522777868984,3.772815158104271,4.134450947755707,0.2418989574436114,0.18185975900371062,0.30327561475606934,0.4228141432339418,0.1241753259937277,0.8652954799295338,0.0310373267008227,0.01619705578228637,0.04536601462190836
2026-09-17,525368335,9811363528,4969,1.0350324464044052,0.7847567563218621,1.2699749581155355,535.2708180293063,221.66773933238778,932.0552815486193,3.944522777868984,3.7618061935240594,4.156753559850541,1.035339233782149,0.8033783498814797,1.3001103745066427,1.261245048917675,0.35628442563460944,2.4441562803510033,0.13284125894824,0.06974682488974562,0.20196409688574446
2026-09-17,525368335,9811363528,5045,1.1603631600443969,0.873390735119705,1.4614208275234102,497.16341373654035,214.26466051035771,851.7472109631075,3.944522777868984,3.767880556619372,4.1186654273737515,0.9616305812029629,0.7231841356098182,1.2100842331122845,1.513683798498631,0.4509945062302417,2.9869312280117675,0.1233839237246645,0.06557869379071457,0.1855376658236356
2026-09-17,525368335,9811363528,5070,0.9888671244537482,0.7536673762987095,1.2039981467108996,253.9949456234705,112.79243622582858,422.4506634724011,3.944522777868984,3.765201753061305,4.123648445896168,0.4912857632600191,0.3855485192421706,0.6159211030718392,0.9561632340142124,0.27181082470175344,1.9576967175794655,0.0630353966751541,0.03349689227676264,0.09652593837716611
2026-09-17,525368335,9811363528,5182,1.5724534215781811,1.179305176718007,1.9347045189038443,4.974326900936082,2.0181491780083283,8.570133103613509,3.944522777868984,3.7583416047727685,4.123509665586733,0.0096215142479804,0.0073745537925549816,0.012098296742129276,0.0155879320891041,0.004161588356770586,0.030824622001772828,0.0012345075159772,0.0006373153628990249,0.0018536782515999335
2026-09-17,525368335,9811363528,5260,0.6456105103922868,0.4932181733866795,0.7875789109319143,28.474097704238083,12.031513394131878,48.32297200786347,3.944522777868984,3.7582572487623187,4.130944278975884,0.0550755795137142,0.042943851322704174,0.06857401714942175,0.144479370671608,0.0416106027307659,0.29255043089728733,0.0070665817359,0.0038449877008068455,0.010502204475857795
2026-09-17,525368335,9811363528,5460,1.2798004589315772,0.9782720913974572,1.5602871455356877,429.1470765988843,188.47599176655027,719.1962478541826,3.944522777868984,3.762231527284062,4.13299317738189,0.8300710416113358,0.6507989522527435,1.0379865156712256,1.8176646312575824,0.533096776504231,3.6463477805917623,0.1065039154184403,0.057862814191095784,0.15710692205834448
2026-09-17,525368335,9811363528,5484,1.3533785629418296,1.0352125221624677,1.6673812142391118,125.63593398877606,54.75270908921251,208.35283000431878,3.944522777868984,3.7539467860955704,4.127928180828938,0.2430093463909373,0.18545886845488874,0.29871099813101953,0.3147015318842598,0.08150397150202149,0.5968498320943613,0.031179797362488,0.01682269309909686,0.04577948064692499
2026-09-17,525368335,9811363528,5596,0.715232893248543,0.5429749025673829,0.8733509829478373,87.0668974095276,36.22858037143868,148.03407561218546,3.944522777868984,3.769908044132042,4.144151050505028,0.1684077887594348,0.13080791739486092,0.2103987775161808,0.2906593912069704,0.08018583747733281,0.5302074709024788,0.0216078961808182,0.011662007799903302,0.03275408615108399
2026-09-17,525368335,9811363528,5608,1.5432069796424626,1.1637745134021122,1.9209040741389118,4.286777430427839,1.7553706330945733,7.198398537699766,3.944522777868984,3.759818632243885,4.12849226281286,0.0082916324049834,0.006312042962660797,0.010418538044513396,0.0124467166006594,0.003767990854610108,0.024777314208128662,0.0010638743819166,0.0005590727298517224,0.0016075693202680197
2026-09-17,525368335,9811363528,5771,0.8473324635355057,0.6326853392001014,1.0574776805458757,11.586885771465871,4.919272746127567,19.403974030426486,3.944522777868984,3.755117825836339,4.134743921738183,0.0224117531396863,0.016951855687240537,0.028333529990999126,0.0289969585527697,0.00804378559701376,0.05654993280363194,0.0028755845477208,0.0015607409516027,0.004312146885681388
2026-09-17,525368335,9811363528,5891,0.7099739182409088,0.5458816099269854,0.8607768862488864,9.402045339737894,4.1493378698100525,16.37861337826166,3.944522777868984,3.754544005295715,4.136928841137316,0.0181857596008462,0.01432618234376353,0.022590318113989514,0.0278985511129915,0.007563971691824664,0.05755629101562496,0.0023333600442063,0.0013116261292584386,0.003419831996880314
2026-09-17,525368335,9811363528,6029,1.4649218890366384,1.1189620632527533,1.8305461523877493,4.882581139704797,2.066365665764546,8.279651330321332,3.944522777868984,3.7752519042255375,4.124287908783025,0.009444056439827,0.0071557622243943585,0.011706325229446118,0.0170800682705157,0.004949941344128102,0.035633855232948625,0.0012117384390639,0.0006370680956155077,0.0017872365761561172
2026-09-17,525368335,9811363528,6272,1.39247982011578,1.0428234336139808,1.7007892053010374,5.161687438528306,2.208712227574073,8.617485192067154,3.944522777868984,3.754130502243887,4.12945344835946,0.0099839134464757,0.007696252977400033,0.012552176680442072,0.0173985328065173,0.004800942254082722,0.03571311885903256,0.0012810058656959,0.0007029434096770185,0.0019211205777864594
2026-09-17,525368335,9811363528,6474,1.5923023554866433,1.2171864913401518,1.977725560320105,454.9445006345681,189.14727178758406,774.4478881423686,3.944522777868984,3.766617202692924,4.13628669441407,0.8799693068165869,0.6745461771310614,1.096025322019038,1.5406048204705325,0.44230036505003023,2.855588497038085,0.1129062115479748,0.06172286593724881,0.16627063425007316
2026-09-17,525368335,9811363528,6483,1.5923023554866431,1.2071081570105364,1.982516426699345,790.0985286518126,332.13401796572407,1374.6696320870055,3.944522777868984,3.7655618606622503,4.121627325143835,1.5282357597570058,1.1663071014213802,1.9155062250565573,3.082433766723516,0.911013977307763,6.514604853303248,0.1960833277361898,0.10311771475343745,0.2889383376911066
2026-09-17,525368335,9811363528,6490,0.6981786316874898,0.5374842420911035,0.8473644757139489,14.088523035371995,6.166495316350635,23.01759905979036,3.944522777868984,3.7556595394770027,4.133884897222708,0.0272505060116421,0.021289149009600033,0.033563158091355065,0.0245762319321536,0.007096008986615945,0.04945787922321406,0.0034964303558159,0.0018897440168136972,0.005132941043752931
2026-09-17,525368335,9811363528,6522,1.2073453378904484,0.9240343622266899,1.4906523253927075,1532.6667325851565,662.8277238067496,2666.364172070116,3.944522777868984,3.760710690310159,4.129758951476952,2.964536730024438,2.269420542520686,3.661014944276541,8.997509232099143,2.4730273285932207,18.847089082708784,0.3803707795136152,0.1967024532261714,0.5591414403969185
2026-09-17,525368335,9811363528,6607,0.8869562033215431,0.67880378434708,1.1173249966246088,178.62862963880355,75.27504244310269,316.50963785168244,3.944522777868984,3.767451162976814,4.125070772970536,0.3455096416850965,0.2620083472142472,0.4312712479774205,0.4428435246185312,0.12718667657503266,0.9257945781144173,0.0443313015508317,0.02395808770482135,0.06485530937620103
