方案ID,推广单元ID,关键词ID,类,C,K,V,d,qbar,eta_raw,eta,w,totC
63563817,1841014603,9,重点词,3424.41,3271.0,9750.0,2.9807398349128706,0.8438207903347595,1.1319951497667706,1.1300956164680698,0.7315411581490635,4681.09
63563817,1841014603,726,重点词,252.86,135.0,255.0,1.8888888888888888,0.8438207903347595,0.6327081277434472,0.6933453647930004,0.05401733356974551,4681.09
63563817,1841014603,1186,潜力词,1.79,1.0,1.0,1.0,0.8438207903347595,0.662059082065831,0.9883198640065234,0.0003823895716595921,4681.09
63563817,1841014603,1567,重点词,37.32,23.0,77.0,3.347826086956522,0.8438207903347595,0.7303583174879492,0.8847568988622341,0.007972502130913954,4681.09
63563817,1841014603,1667,重点词,88.09,41.0,86.0,2.097560975609756,0.8438207903347595,0.551578113665698,0.7139439208690808,0.01881826668575054,4681.09
63563817,1841014603,2123,潜力词,6.32,3.0,2.0,0.6666666666666666,0.8438207903347595,0.562540707388214,0.9509101077893025,0.001350112901055096,4681.09
63563817,1841014603,2478,重点词,49.0,25.0,166.0,6.64,0.8438207903347595,0.6046355902539987,0.8043145850752116,0.010467647492357549,4681.09
63563817,1841014603,2505,黄金词,6.15,2.0,7.0,3.5,0.8438207903347595,0.38539374208059757,0.9326833751343844,0.0013137965730203862,4681.09
63563817,1841014603,2570,重点词,10.34,7.0,27.0,3.857142857142857,0.8438207903347595,0.8022824273002769,0.966118665864847,0.0022088872463464707,4681.09
63563817,1841014603,2889,潜力词,1.89,1.0,1.0,1.0,0.8438207903347595,0.627029501004147,0.9864152198284418,0.0004037521175623626,4681.09
63563817,1841014603,2892,重点词,30.77,18.0,54.0,3.0,0.8438207903347595,0.6932578363393266,0.8831440339750042,0.006573255374282485,4681.09
63563817,1841014603,2985,重点词,114.03,75.0,197.0,2.6266666666666665,0.8438207903347595,0.7794565620217295,0.8466831175232447,0.024359711092929212,4681.09
63563817,1841014603,3169,潜力词,5.66,4.0,4.0,1.0,0.8438207903347595,0.8375164359702032,0.9834772372905383,0.0012091200980968108,4681.09
63563817,1841014603,3304,潜力词,7.68,5.0,6.0,1.2,0.8438207903347595,0.7715402063136965,0.9695809428656239,0.001640643525332775,4681.09
63563817,1841014603,3501,重点词,13.49,8.0,40.0,5.0,0.8438207903347595,0.7027936289979764,0.9368512530348512,0.0028818074422837414,4681.09
63563817,1841014603,4048,黄金词,2.81,2.0,23.0,11.5,0.8438207903347595,0.8434774070447243,0.9916714924028721,0.0006002875398678513,4681.09
63563817,1841014603,4186,黄金词,3.17,2.0,3.0,1.5,0.8438207903347595,0.7476881746989511,0.984957147146806,0.0006771927051178251,4681.09
63563817,1841014603,4675,黄金词,1.45,1.0,3.0,3.0,0.8438207903347595,0.8173005219985087,0.9948510351194916,0.00030975691559017237,4681.09
63563817,1841014603,4713,黄金词,7.19,4.0,8.0,2.0,0.8438207903347595,0.6592966658680598,0.9571663407517286,0.0015359670504091997,4681.09
63563817,1841014603,4827,重点词,14.14,7.0,13.0,1.8571428571428572,0.8438207903347595,0.5866761172761572,0.908880578395461,0.00302066399065175,4681.09
63563817,1841014603,4868,潜力词,6.19,3.0,3.0,1.0,0.8438207903347595,0.5743549710328776,0.9531101133777099,0.0013223415913814944,4681.09
63563817,1841014603,5134,重点词,68.89,48.0,115.0,2.3958333333333335,0.8438207903347595,0.8257238544214864,0.8990168755244025,0.014716657872418604,4681.09
63563817,1841014603,5267,黄金词,3.36,2.0,4.0,2.0,0.8438207903347595,0.7054081886296653,0.9814499908882249,0.000717781542333089,4681.09
63563817,1841014603,5307,重点词,88.18,34.0,40.0,1.1764705882352942,0.8438207903347595,0.4569393936780049,0.6534441723442356,0.018837492977063035,4681.09
63563817,1841014603,5374,重点词,38.32,26.0,33.0,1.2692307692307692,0.8438207903347595,0.8040769749306831,0.9149935425650338,0.00818612758994166,4681.09
63563817,1841014603,5418,重点词,16.8,10.0,27.0,2.7,0.8438207903347595,0.7054081886296653,0.9259110414517723,0.0035889077116654454,4681.09
63563817,1841014603,5592,潜力词,7.11,4.0,3.0,0.75,0.8438207903347595,0.6667149124601055,0.9585071445909885,0.0015188770136869833,4681.09
63563817,1841014603,5801,黄金词,0.5,1.0,2.0,2.0,0.8438207903347595,2.370171513795675,1.0135660545920364,0.00010681272951385254,4681.09
63563817,1841014603,6083,重点词,126.96,76.0,279.0,3.6710526315789473,0.8438207903347595,0.7094086131398524,0.7915151306749304,0.027121888278157435,4681.09
63563817,1841014603,6149,重点词,183.37,97.0,613.0,6.319587628865979,0.8438207903347595,0.6268927219233803,0.7068317196687246,0.039172500421910283,4681.09
63563817,1841014603,6352,重点词,61.07,36.0,181.0,5.027777777777778,0.8438207903347595,0.6985932085855928,0.8342764675278849,0.01304610678282195,4681.09
63563817,1841014603,6414,潜力词,1.78,1.0,1.0,1.0,0.8438207903347595,0.6657785151111447,0.9885107330416731,0.000380253317069315,4681.09
63563817,2526158329,770,重点词,41.28,30.0,49.0,1.6333333333333333,0.5831099195710456,1.2463245121625233,1.111396536613376,0.4725815684029765,87.35000000000001
63563817,2526158329,934,黄金词,3.84,2.0,4.0,2.0,0.5831099195710456,0.893199233716475,0.9923827090912195,0.04396107613050944,87.35000000000001
63563817,2526158329,1262,潜力词,2.21,1.0,1.0,1.0,0.5831099195710456,0.7759920944505122,0.9905179568805905,0.0253005151688609,87.35000000000001
63563817,2526158329,2397,重点词,8.06,6.0,24.0,4.0,0.5831099195710456,1.2766321553863265,1.0384026037274163,0.09227246708643388,87.35000000000001
63563817,2526158329,3286,潜力词,1.9,1.0,1.0,1.0,0.5831099195710456,0.9026013309134905,0.9964343454477,0.02175157412707498,87.35000000000001
63563817,2526158329,5236,黄金词,7.11,5.0,36.0,7.2,0.5831099195710456,1.2060074041741435,1.0256472184149565,0.08139668002289639,87.35000000000001
63563817,2526158329,5700,潜力词,3.63,2.0,1.0,0.5,0.5831099195710456,0.9448719166587505,0.9962686007359922,0.04155695477962221,87.35000000000001
63563817,2526158329,6207,黄金词,2.68,2.0,3.0,1.5,0.5831099195710456,1.2798078572653968,1.0142347201494164,0.030681167716084715,87.35000000000001
63563817,2526158329,6545,重点词,14.84,6.0,37.0,6.166666666666667,0.5831099195710456,0.6933729900548378,0.9298219489884914,0.1698912421293646,87.35000000000001
63563817,2526158329,6604,黄金词,1.8,1.0,2.0,2.0,0.5831099195710456,0.9527458492975733,0.9983579638752053,0.0206067544361763,87.35000000000001
63563817,2874903000,193,潜力词,4.83,5.0,4.0,0.8,0.7089409426561936,1.4602015839175861,1.0405393698763805,0.0024447650140460102,1975.6499999999999
63563817,2874903000,431,重点词,121.72,94.0,161.0,1.7127659574468086,0.7089409426561936,1.0893209384328992,1.0633132111929449,0.061610103004074615,1975.6499999999999
63563817,2874903000,648,潜力词,5.79,4.0,3.0,0.75,0.7089409426561936,0.9744764974538087,0.9973511188431181,0.0029306810416824844,1975.6499999999999
63563817,2874903000,1307,黄金词,0.81,1.0,0.0,0.0,0.7089409426561936,1.741425592672084,1.0118196168089821,0.00040999164831827505,1975.6499999999999
63563817,2874903000,1490,潜力词,1.88,1.0,1.0,1.0,0.7089409426561936,0.7502950691831852,0.9909513247892134,0.0009515855541214284,1975.6499999999999
63563817,2874903000,1812,潜力词,7.32,4.0,3.0,0.75,0.7089409426561936,0.7707949344614142,0.9707295694392456,0.003705109710728115,1975.6499999999999
63563817,2874903000,2249,潜力词,4.33,3.0,3.0,1.0,0.7089409426561936,0.9772896513148186,0.9981900274285509,0.0021916837496520135,1975.6499999999999
63563817,2874903000,2275,重点词,264.04,180.0,181.0,1.0055555555555555,0.7089409426561936,0.9615961650188981,0.9677106464513751,0.13364715410118191,1975.6499999999999
63563817,2874903000,2499,黄金词,1.08,1.0,0.0,0.0,0.7089409426561936,1.306069194504063,1.0064713142142598,0.0005466555310910334,1975.6499999999999
63563817,2874903000,2561,重点词,402.98,281.0,248.0,0.8825622775800712,0.7089409426561936,0.9835869749071742,0.9853986470663011,0.20397337585098577,1975.6499999999999
63563817,2874903000,2574,潜力词,4.62,2.0,1.0,0.5,0.7089409426561936,0.6106297532746269,0.9670653507896152,0.0023384708830005317,1975.6499999999999
63563817,2874903000,2596,潜力词,1.47,1.0,1.0,1.0,0.7089409426561936,0.959561040860128,0.9988450501275382,0.000744058917318351,1975.6499999999999
63563817,2874903000,2669,潜力词,7.34,7.0,9.0,1.2857142857142858,0.7089409426561936,1.3452156826227135,1.0441904972174871,0.0037152329613038748,1975.6499999999999
63563817,2874903000,2797,潜力词,5.41,4.0,3.0,0.75,0.7089409426561936,1.0429240148350376,1.0041909207770718,0.0027383392807430467,1975.6499999999999
63563817,2874903000,2959,潜力词,1.27,2.0,2.0,1.0,0.7089409426561936,2.2213460315974616,1.0302537441023751,0.0006428264115607523,1975.6499999999999
63563817,2874903000,3163,重点词,614.71,402.0,350.0,0.8706467661691543,0.7089409426561936,0.9224561199360414,0.9282890305334418,0.31114316807126774,1975.6499999999999
63563817,2874903000,3422,潜力词,7.28,6.0,4.0,0.6666666666666666,0.7089409426561936,1.1625451071959243,1.0206586658586998,0.0036848632095765953,1975.6499999999999
63563817,2874903000,3465,潜力词,1.98,2.0,1.0,0.5,0.7089409426561936,1.4248027576407962,1.01618140554307,0.0010022018070002278,1975.6499999999999
63563817,2874903000,4345,黄金词,0.56,1.0,0.0,0.0,0.7089409426561936,2.5188477322578358,1.0168226805788052,0.00028345101612127656,1975.6499999999999
63563817,2874903000,4363,潜力词,0.15,1.0,1.0,1.0,0.7089409426561936,9.403698200429254,1.025135687538672,7.592437931819907e-05,1975.6499999999999
63563817,2874903000,4527,重点词,103.53,68.0,96.0,1.411764705882353,0.7089409426561936,0.9264727291063305,0.9504183002955668,0.05240300660542101,1975.6499999999999
63563817,2874903000,4667,重点词,8.06,19.0,37.0,1.9473684210526316,0.7089409426561936,3.3251290162808154,1.3227788472480775,0.004079669982031231,1975.6499999999999
63563817,2874903000,4738,潜力词,3.78,3.0,3.0,1.0,0.7089409426561936,1.1194878810034827,1.0083983672404828,0.0019132943588186166,1975.6499999999999
63563817,2874903000,4798,重点词,105.25,107.0,116.0,1.0841121495327102,0.7089409426561936,1.4340081341272166,1.2942309572746509,0.05327360615493636,1975.6499999999999
63563817,2874903000,4836,潜力词,2.94,3.0,2.0,0.6666666666666666,0.7089409426561936,1.439341561290192,1.0243986435623946,0.001488117834636702,1975.6499999999999
63563817,2874903000,4860,重点词,46.03,41.0,111.0,2.707317073170732,0.7089409426561936,1.2564141632118164,1.1229068409105478,0.023298661200111356,1975.6499999999999
63563817,2874903000,5241,潜力词,6.42,4.0,4.0,1.0,0.7089409426561936,0.8788502991055377,0.9862144438188152,0.0032495634348189205,1975.6499999999999
63563817,2874903000,5351,黄金词,4.07,3.0,6.0,2.0,0.7089409426561936,1.0397209312513918,1.0029899054964522,0.0020600814921671352,1975.6499999999999
63563817,2874903000,5532,重点词,68.56,43.0,82.0,1.9069767441860466,0.7089409426561936,0.8846828091127289,0.9333152276718006,0.03470250297370486,1975.6499999999999
63563817,2874903000,5995,黄金词,0.92,1.0,0.0,0.0,0.7089409426561936,1.5332116631134654,1.0096338320908167,0.00046566952648495436,1975.6499999999999
63563817,2874903000,6242,潜力词,4.45,4.0,3.0,0.75,0.7089409426561936,1.2679143641028208,1.0218956642838852,0.002252423253106573,1975.6499999999999
63563817,2874903000,6282,重点词,162.07,119.0,149.0,1.2521008403361344,0.7089409426561936,1.03570070264492,1.0272835048694402,0.08203376104067016,1975.6499999999999
63563817,4190988309,9,重点词,34.07,14.0,71.0,5.071428571428571,0.6598062953995157,0.6227868689126272,0.8471315406667447,0.013961741468052322,2440.2400000000002
63563817,4190988309,2397,黄金词,2.26,2.0,36.0,18.0,0.6598062953995157,1.3412356905090526,1.014756843868168,0.0009261384126151524,2440.2400000000002
63563817,4190988309,2478,重点词,101.65,54.0,148.0,2.740740740740741,0.6598062953995157,0.8051372536631812,0.8693847796561978,0.04165573877979215,2440.2400000000002
63563817,4190988309,2706,黄金词,0.48,2.0,0.0,0.0,0.6598062953995157,6.314984709480123,1.0505386818651044,0.00019670196374127133,2440.2400000000002
63563817,4190988309,2941,重点词,38.41,28.0,269.0,9.607142857142858,0.6598062953995157,1.104834606813497,1.0455457216118813,0.01574025505687965,2440.2400000000002
63563817,4190988309,3617,潜力词,1.68,1.0,1.0,1.0,0.6598062953995157,0.9021406727828746,0.9968188144403103,0.0006884568730944497,2440.2400000000002
63563817,4190988309,4017,重点词,18.21,10.0,21.0,2.1,0.6598062953995157,0.8322879353515812,0.9552259683734392,0.007462380749434482,2440.2400000000002
63563817,4190988309,4097,重点词,37.12,19.0,418.0,22.0,0.6598062953995157,0.7757632078456185,0.904457418218886,0.015211618529324981,2440.2400000000002
63563817,4190988309,4101,重点词,33.58,27.0,56.0,2.074074074074074,0.6598062953995157,1.2186152744916974,1.0878332246641684,0.013760941546733105,2440.2400000000002
63563817,4190988309,4135,潜力词,1.57,1.0,1.0,1.0,0.6598062953995157,0.965347981067025,0.9989450519735357,0.000643379339737075,2440.2400000000002
63563817,4190988309,4177,重点词,2053.55,1402.0,10918.0,7.787446504992867,0.6598062953995157,1.0347281804903077,1.0339027144806976,0.8415360784185162,2440.2400000000002
63563817,4190988309,5374,重点词,73.72,28.0,44.0,1.5714285714285714,0.6598062953995157,0.5756470055304723,0.7471443359821082,0.030210143264596923,2440.2400000000002
63563817,4190988309,5649,重点词,9.69,6.0,26.0,4.333333333333333,0.6598062953995157,0.9384497401085012,0.9900080077341494,0.003970920893026915,2440.2400000000002
63563817,4190988309,6082,潜力词,1.85,1.0,1.0,1.0,0.6598062953995157,0.8192412596082319,0.9935505560323091,0.0007581221519194832,2440.2400000000002
63563817,4190988309,6083,重点词,22.89,16.0,84.0,5.25,0.6598062953995157,1.0593945515248437,1.018651958902506,0.009380224895911877,2440.2400000000002
63563817,4190988309,6224,潜力词,3.44,2.0,2.0,1.0,0.6598062953995157,0.8811606571367613,0.9923501620611987,0.0014096974068124445,2440.2400000000002
63563817,4190988309,6245,黄金词,6.07,2.0,61.0,30.5,0.6598062953995157,0.4993727612109487,0.9458033290627869,0.002487460249811494,2440.2400000000002
63563817,4190988310,228,潜力词,4.64,4.0,3.0,0.75,0.6589868503720475,1.3081732435640239,1.0261699094095367,0.0009662218020453083,4802.21
63563817,4190988310,925,重点词,109.28,74.0,122.0,1.6486486486486487,0.6589868503720475,1.0275767864891636,1.018920085557106,0.022756189337825708,4802.21
63563817,4190988310,990,重点词,12.69,8.0,28.0,3.5,0.6589868503720475,0.9566467848915793,0.9912242415101953,0.0026425333336109833,4802.21
63563817,4190988310,1108,潜力词,1.73,1.0,1.0,1.0,0.6589868503720475,0.8771566257423512,0.9958917642090523,0.0003602508011936171,4802.21
63563817,4190988310,1186,重点词,55.07,39.0,57.0,1.4615384615384615,0.6589868503720475,1.0746642008141718,1.0391335066035639,0.011467636775567915,4802.21
63563817,4190988310,1567,重点词,367.4,238.0,812.0,3.411764705882353,0.6589868503720475,0.9830170633727701,0.9850514352734924,0.07650644182574273,4802.21
63563817,4190988310,1583,潜力词,0.48,1.0,1.0,1.0,0.6589868503720475,3.161418671946391,1.0205523170074144,9.995397952192844e-05,4802.21
63563817,4190988310,1667,重点词,93.58,53.0,120.0,2.2641509433962264,0.6589868503720475,0.859441023876001,0.9083889888168004,0.0194868612576293,4802.21
63563817,4190988310,2123,重点词,72.85,47.0,122.0,2.595744680851064,0.6589868503720475,0.9790199758285598,0.9875588542052143,0.015170098767026014,4802.21
63563817,4190988310,2212,潜力词,3.45,2.0,2.0,1.0,0.6589868503720475,0.8796991087155175,0.9922350219844441,0.0007184192278138607,4802.21
63563817,4190988310,2294,潜力词,6.61,4.0,4.0,1.0,0.6589868503720475,0.9182940771765612,0.990459704118302,0.0013764495929998897,4802.21
63563817,4190988310,2892,重点词,148.25,104.0,175.0,1.6826923076923077,0.6589868503720475,1.0645397646108858,1.0482623964870812,0.030871203050262273,4802.21
63563817,4190988310,2980,潜力词,1.88,1.0,1.0,1.0,0.6589868503720475,0.8071707247522699,0.9930123547134594,0.0003914864197942197,4802.21
63563817,4190988310,2985,重点词,1810.51,1217.0,1985.0,1.6310599835661463,0.6589868503720475,1.020029898428732,1.0194916078947192,0.37701599888384724,4802.21
63563817,4190988310,3169,重点词,1047.53,674.0,977.0,1.4495548961424332,0.6589868503720475,0.9763750620489117,0.9774513395971831,0.21813498368459522,4802.21
63563817,4190988310,3180,黄金词,3.89,3.0,14.0,4.666666666666667,0.6589868503720475,1.170293801440309,1.0122925011616777,0.0008100437090422951,4802.21
63563817,4190988310,3304,重点词,17.28,11.0,26.0,2.3636363636363638,0.6589868503720475,0.9659890386502861,0.9912647233632126,0.0035983432627894243,4802.21
63563817,4190988310,3501,黄金词,1.01,1.0,0.0,0.0,0.6589868503720475,1.5024563985487798,1.0099486563915756,0.00021031983191072443,4802.21
63563817,4190988310,3818,黄金词,5.74,2.0,9.0,4.5,0.6589868503720475,0.5287390113359817,0.9514704328142902,0.0011952830051163944,4802.21
63563817,4190988310,4048,重点词,9.39,8.0,49.0,6.125,0.6589868503720475,1.2928485303806325,1.0463015271977463,0.0019553497243977253,4802.21
63563817,4190988310,4155,潜力词,5.39,4.0,6.0,1.5,0.6589868503720475,1.1261454267415716,1.0122752094265584,0.0011223998950483213,4802.21
63563817,4190988310,4403,重点词,25.77,19.0,160.0,8.421052631578947,0.6589868503720475,1.118825699967058,1.0404135975735924,0.005366279275583533,4802.21
63563817,4190988310,4675,重点词,22.54,16.0,61.0,3.8125,0.6589868503720475,1.0771825821006336,1.023982566867222,0.00469367228838389,4802.21
63563817,4190988310,4713,黄金词,4.68,1.0,7.0,7.0,0.6589868503720475,0.32424806891757857,0.9421631485467131,0.0009745513003388023,4802.21
63563817,4190988310,4773,重点词,205.93,107.0,171.0,1.5981308411214954,0.6589868503720475,0.7884740591034167,0.8297990192285649,0.04288233958948068,4802.21
63563817,4190988310,4791,重点词,24.87,13.0,116.0,8.923076923076923,0.6589868503720475,0.7932148175691789,0.9313109725249831,0.005178865563979918,4802.21
63563817,4190988310,4827,重点词,96.36,61.0,207.0,3.3934426229508197,0.6589868503720475,0.9606303312016431,0.9740799310917622,0.020065761389027135,4802.21
63563817,4190988310,5010,重点词,63.52,44.0,78.0,1.7727272727272727,0.6589868503720475,1.0511518002441398,1.0286219375573271,0.013227243290068531,4802.21
63563817,4190988310,5134,重点词,168.35,129.0,782.0,6.062015503875969,0.6589868503720475,1.162786125137633,1.1255097053671652,0.03505677594274303,4802.21
63563817,4190988310,5267,重点词,110.96,83.0,183.0,2.2048192771084336,0.6589868503720475,1.135102017757248,1.0931344426586993,0.02310602826615246,4802.21
63563817,4190988310,5330,重点词,121.6,77.0,649.0,8.428571428571429,0.6589868503720475,0.9609048858152845,0.9722962361022064,0.025321674812221872,4802.21
63563817,4190988310,5418,重点词,15.18,8.0,64.0,8.0,0.6589868503720475,0.7997264624686522,0.9533575897556634,0.003161044602380987,4802.21
63563817,4190988310,5812,潜力词,5.56,4.0,6.0,1.5,0.6589868503720475,1.0917129226865234,1.0091778950708616,0.0011578002627956711,4802.21
63563817,4190988310,5840,潜力词,3.66,2.0,2.0,1.0,0.6589868503720475,0.8292245696908565,0.9883518808249822,0.0007621490938547044,4802.21
63563817,4190988310,6325,重点词,83.51,64.0,118.0,1.84375,0.6589868503720475,1.1629599042293512,1.101930803701544,0.017389910062242178,4802.21
63563817,4190988310,6352,重点词,70.17,42.0,269.0,6.404761904761905,0.6589868503720475,0.9082827479897283,0.9464442075929037,0.014612022381361915,4802.21
63563817,4190988310,6364,潜力词,0.9,1.0,1.0,1.0,0.6589868503720475,1.6860899583714084,1.0121312566313216,0.00018741371160361584,4802.21
495403620,8878077181,1048,重点词,1263.59,2840.0,29775.0,10.484154929577464,1.3584312096575868,1.6545294770951366,1.629615711114308,0.010171727750376934,124225.7
495403620,8878077181,1607,重点词,1149.42,805.0,8194.0,10.17888198757764,1.3584312096575868,0.5155603144610864,0.535755062153259,0.009252674768586534,124225.7
495403620,8878077181,3989,重点词,75197.1,124758.0,1230619.0,9.864048798473846,1.3584312096575868,1.2213205395518953,1.2211734770474587,0.6053264340631609,124225.7
495403620,8878077181,5778,重点词,46615.59,40349.0,425786.0,10.552578750402736,1.3584312096575868,0.6371826467637042,0.6375713886110014,0.3752491634178757,124225.7
495403620,9628223555,6,潜力词,4.69,3.0,2.0,0.6666666666666666,0.7871055425316781,0.8126722708070989,0.9839355083211794,5.185529740560982e-05,90443.98999999999
495403620,9628223555,14,潜力词,1.48,2.0,1.0,0.5,0.7871055425316781,1.71686168922761,1.020609077312682,1.6363718584286254e-05,90443.98999999999
495403620,9628223555,31,黄金词,0.83,1.0,0.0,0.0,0.7871055425316781,1.5306959638896767,1.0086657023416965,9.176950287133507e-06,90443.98999999999
495403620,9628223555,55,潜力词,0.9,1.0,1.0,1.0,0.7871055425316781,1.4116418333649239,1.0072785392932895,9.950909949903804e-06,90443.98999999999
495403620,9628223555,57,潜力词,5.02,6.0,2.0,0.3333333333333333,0.7871055425316781,1.5184991833009143,1.047307631773366,5.550396438724121e-05,90443.98999999999
495403620,9628223555,62,潜力词,5.88,7.0,10.0,1.4285714285714286,0.7871055425316781,1.51247339289099,1.053925260382946,6.501261167270484e-05,90443.98999999999
495403620,9628223555,104,重点词,210.57,164.0,201.0,1.225609756097561,0.7871055425316781,0.9894967687926237,0.9915122024970747,0.00232818123127916,90443.98999999999
495403620,9628223555,149,潜力词,1.23,1.0,1.0,1.0,0.7871055425316781,1.0329086585597003,1.0007901161434403,1.3599576931535197e-05,90443.98999999999
495403620,9628223555,175,潜力词,6.73,4.0,2.0,0.5,0.7871055425316781,0.7551130163616234,0.9709485386940547,7.441069329205845e-05,90443.98999999999
495403620,9628223555,190,潜力词,4.14,3.0,2.0,0.6666666666666666,0.7871055425316781,0.9206359782814723,0.9939311590337143,4.577418576955749e-05,90443.98999999999
495403620,9628223555,235,重点词,46.26,36.0,60.0,1.6666666666666667,0.7871055425316781,0.9886985603334097,0.9945688281843293,0.0005114767714250554,90443.98999999999
495403620,9628223555,306,黄金词,0.65,2.0,2.0,1.0,0.7871055425316781,3.909162000087481,1.0373337670297507,7.186768297152747e-06,90443.98999999999
495403620,9628223555,400,重点词,79.42,60.0,80.0,1.3333333333333333,0.7871055425316781,0.9598169101196913,0.9753412069363767,0.0008781125202459556,90443.98999999999
495403620,9628223555,444,重点词,11427.64,6746.0,61262.0,9.081233323450935,0.7871055425316781,0.7499923192445509,0.7510814267647181,0.12635046286657634,90443.98999999999
495403620,9628223555,523,重点词,9.83,10.0,24.0,2.4,0.7871055425316781,1.2924492879231246,1.0480490807334835,0.00010868604978617155,90443.98999999999
495403620,9628223555,524,重点词,8.95,6.0,14.0,2.3333333333333335,0.7871055425316781,0.8517168603542559,0.9774871229884747,9.895627116848782e-05,90443.98999999999
495403620,9628223555,528,黄金词,1.27,1.0,0.0,0.0,0.7871055425316781,1.0003761023845916,1.0000093163649002,1.4041839595975367e-05,90443.98999999999
495403620,9628223555,552,潜力词,0.94,1.0,1.0,1.0,0.7871055425316781,1.3515719681153526,1.0064875863766871,1.0393172614343971e-05,90443.98999999999
495403620,9628223555,570,潜力词,4.51,4.0,2.0,0.5,0.7871055425316781,1.1268094457014914,1.010491847369542,4.986511541562906e-05,90443.98999999999
495403620,9628223555,646,潜力词,4.58,6.0,4.0,0.6666666666666666,0.7871055425316781,1.664381200910609,1.0557505661445694,5.0639075078399356e-05,90443.98999999999
495403620,9628223555,652,黄金词,2.01,4.0,7.0,1.75,0.7871055425316781,2.528313731399864,1.05906384541653,2.222369888811849e-05,90443.98999999999
495403620,9628223555,665,重点词,893.04,602.0,734.0,1.2192691029900333,0.7871055425316781,0.8564314535934737,0.8640434608469586,0.009873956246291213,90443.98999999999
495403620,9628223555,700,重点词,111.9,117.0,191.0,1.6324786324786325,0.7871055425316781,1.328381457134285,1.226966553757421,0.0012372298037713729,90443.98999999999
495403620,9628223555,703,潜力词,1.38,1.0,1.0,1.0,0.7871055425316781,0.9206359782814723,0.9978683855591365,1.5258061923185831e-05,90443.98999999999
495403620,9628223555,711,黄金词,0.81,1.0,0.0,0.0,0.7871055425316781,1.5684909259610265,1.00906273666657,8.955818954913424e-06,90443.98999999999
495403620,9628223555,734,潜力词,1.77,1.0,1.0,1.0,0.7871055425316781,0.7177839830669105,0.9903511232379454,1.9570122901477482e-05,90443.98999999999
495403620,9628223555,755,潜力词,5.73,7.0,13.0,1.8571428571428572,0.7871055425316781,1.5520669372075078,1.056761951376261,6.335412668105421e-05,90443.98999999999
495403620,9628223555,859,重点词,32.11,16.0,41.0,2.5625,0.7871055425316781,0.6330626720789444,0.8565052052180601,0.0003550263538793457,90443.98999999999
495403620,9628223555,875,重点词,1047.58,1054.0,1220.0,1.157495256166983,0.7871055425316781,1.278263658269504,1.2655874224475363,0.011582638050355806,90443.98999999999
495403620,9628223555,909,黄金词,5.4,2.0,0.0,0.0,0.7871055425316781,0.4705472777883079,0.948392694946875,5.970545969942283e-05,90443.98999999999
495403620,9628223555,958,潜力词,0.37,1.0,1.0,1.0,0.7871055425316781,3.43372337845522,1.0178772612671916,4.0909296460715635e-06,90443.98999999999
495403620,9628223555,1018,重点词,102.67,67.0,256.0,3.8208955223880596,0.7871055425316781,0.829083496171276,0.8850592948968683,0.0011351776939518038,90443.98999999999
495403620,9628223555,1040,黄金词,5.45,6.0,29.0,4.833333333333333,0.7871055425316781,1.398690990856989,1.0391860396784598,6.025828802997303e-05,90443.98999999999
495403620,9628223555,1049,潜力词,1.61,1.0,1.0,1.0,0.7871055425316781,0.7891165528126903,0.9934213844221746,1.7801072243716805e-05,90443.98999999999
495403620,9628223555,1092,重点词,24.51,26.0,46.0,1.7692307692307692,0.7871055425316781,1.3477119094548842,1.1143795316164167,0.0002709964476357136,90443.98999999999
495403620,9628223555,1094,潜力词,2.51,3.0,3.0,1.0,0.7871055425316781,1.5184991833009143,1.024784478196254,2.7751982193620604e-05,90443.98999999999
495403620,9628223555,1164,重点词,18.53,13.0,78.0,6.0,0.7871055425316781,0.8913226902520026,0.9706144673919395,0.0002048781793019083,90443.98999999999
495403620,9628223555,1241,黄金词,3.09,4.0,10.0,2.5,0.7871055425316781,1.644631262172727,1.0375195065005411,3.416479082800306e-05,90443.98999999999
495403620,9628223555,1257,重点词,212.08,164.0,241.0,1.4695121951219512,0.7871055425316781,0.9824515965893189,0.9857995062754225,0.0023448766468617765,90443.98999999999
495403620,9628223555,1270,潜力词,3.53,4.0,1.0,0.25,0.7871055425316781,1.439634730910404,1.0289914178986312,3.902968013684492e-05,90443.98999999999
495403620,9628223555,1285,潜力词,2.38,1.0,1.0,1.0,0.7871055425316781,0.5338141386674082,0.9788178245518983,2.6314628534190056e-05,90443.98999999999
495403620,9628223555,1316,重点词,45.15,213.0,54.0,0.2535211267605634,0.7871055425316781,5.993615491828481,3.3695400888707923,0.0004992039824868408,90443.98999999999
495403620,9628223555,1318,重点词,1364.38,1278.0,1396.0,1.0923317683881064,0.7871055425316781,1.1900426836631548,1.183324450809779,0.015085358352721947,90443.98999999999
495403620,9628223555,1327,潜力词,1.34,1.0,1.0,1.0,0.7871055425316781,0.9481176492749488,0.9986458443714148,1.4815799258745664e-05,90443.98999999999
495403620,9628223555,1332,潜力词,7.5,5.0,6.0,1.2,0.7871055425316781,0.8469851000189543,0.980041534785081,8.292424958253169e-05,90443.98999999999
495403620,9628223555,1339,潜力词,1.29,1.0,1.0,1.0,0.7871055425316781,0.9848663953708771,0.9996193731727127,1.4262970928195451e-05,90443.98999999999
495403620,9628223555,1373,潜力词,0.49,1.0,1.0,1.0,0.7871055425316781,2.5928115306702684,1.015458063973627,5.41771763939207e-06,90443.98999999999
495403620,9628223555,1439,黄金词,5.2,9.0,3.0,0.3333333333333333,0.7871055425316781,2.198903625049208,1.1129401965626067,5.749414637722198e-05,90443.98999999999
495403620,9628223555,1465,黄金词,0.97,1.0,6.0,6.0,0.7871055425316781,1.3097707732251873,1.0058951863847054,1.07248696126741e-05,90443.98999999999
495403620,9628223555,1475,潜力词,0.64,1.0,1.0,1.0,0.7871055425316781,1.9851213281694242,1.012450190561383,7.076202631042705e-06,90443.98999999999
495403620,9628223555,1531,黄金词,3.87,9.0,16.0,1.7777777777777777,0.7871055425316781,2.9545991861126315,1.1404176508308128,4.278891278458636e-05,90443.98999999999
495403620,9628223555,1647,黄金词,1.1,1.0,0.0,0.0,0.7871055425316781,1.1549796818440285,1.003336157534803,1.216222327210465e-05,90443.98999999999
495403620,9628223555,1655,重点词,968.54,714.0,783.0,1.096638655462185,0.7871055425316781,0.9365860389042271,0.9396990222478254,0.010708727025422032,90443.98999999999
495403620,9628223555,1666,重点词,16.26,12.0,31.0,2.5833333333333335,0.7871055425316781,0.9376218819398017,0.9846926018765647,0.00017977977309492873,90443.98999999999
495403620,9628223555,1676,重点词,270.03,159.0,450.0,2.830188679245283,0.7871055425316781,0.7480870508999764,0.7874447594116821,0.0029856046819694707,90443.98999999999
495403620,9628223555,1719,潜力词,5.28,6.0,5.0,0.8333333333333334,0.7871055425316781,1.4437246023050356,1.042381799930727,5.8378671706102316e-05,90443.98999999999
495403620,9628223555,1735,重点词,62.35,65.0,76.0,1.1692307692307693,0.7871055425316781,1.3244754972229036,1.180071626629711,0.0006893769281961135,90443.98999999999
495403620,9628223555,1752,黄金词,4.32,2.0,9.0,4.5,0.7871055425316781,0.5881840972353849,0.9672488089112089,4.776436775953826e-05,90443.98999999999
495403620,9628223555,1764,重点词,12.51,20.0,178.0,8.9,0.7871055425316781,2.0311393285826242,1.2063598304362284,0.00013831764830366287,90443.98999999999
495403620,9628223555,1802,重点词,217.36,110.0,329.0,2.9909090909090907,0.7871055425316781,0.6429542763301779,0.7097267411098424,0.0024032553185678786,90443.98999999999
495403620,9628223555,1921,潜力词,1.63,1.0,1.0,1.0,0.7871055425316781,0.7794341411217371,0.9930365611084337,1.8022203575936888e-05,90443.98999999999
495403620,9628223555,2006,潜力词,4.41,2.0,2.0,1.0,0.7871055425316781,0.5761803401489485,0.9656488752078086,4.875945875452864e-05,90443.98999999999
495403620,9628223555,2043,黄金词,1.63,2.0,0.0,0.0,0.7871055425316781,1.5588682822434743,1.0176439143919593,1.8022203575936888e-05,90443.98999999999
495403620,9628223555,2093,潜力词,2.33,2.0,2.0,1.0,0.7871055425316781,1.0905387553892116,1.004031249762218,2.5761800203639847e-05,90443.98999999999
495403620,9628223555,2176,重点词,17.75,10.0,27.0,2.7,0.7871055425316781,0.715762056354046,0.9255317564617612,0.000196254057345325,90443.98999999999
495403620,9628223555,2178,潜力词,1.35,4.0,1.0,0.25,0.7871055425316781,3.7643782223064632,1.0726759610538215,1.4926364924855707e-05,90443.98999999999
495403620,9628223555,2186,潜力词,2.48,3.0,3.0,1.0,0.7871055425316781,1.536868125034393,1.0253702924940036,2.742028519529048e-05,90443.98999999999
495403620,9628223555,2188,潜力词,5.13,3.0,3.0,1.0,0.7871055425316781,0.7429693859815388,0.9760825857080591,5.672018671445168e-05,90443.98999999999
495403620,9628223555,2226,重点词,43.74,46.0,78.0,1.6956521739130435,0.7871055425316781,1.3361218998927262,1.1568377629753341,0.0004836142235653249,90443.98999999999
495403620,9628223555,2354,黄金词,2.88,2.0,81.0,40.5,0.7871055425316781,0.8822761458530773,0.9935884133898802,3.184291183969217e-05,90443.98999999999
495403620,9628223555,2370,潜力词,1.26,1.0,1.0,1.0,0.7871055425316781,1.00831559526066,1.000204402068444,1.3931273929865325e-05,90443.98999999999
495403620,9628223555,2432,潜力词,3.85,3.0,4.0,1.3333333333333333,0.7871055425316781,0.9899825844377389,0.9992838059440167,4.256778145236627e-05,90443.98999999999
495403620,9628223555,2534,潜力词,6.02,7.0,6.0,0.8571428571428571,0.7871055425316781,1.4772995930563158,1.0512913879007324,6.656053099824544e-05,90443.98999999999
495403620,9628223555,2541,重点词,21686.91,29926.0,87461.0,2.9225756866938446,0.7871055425316781,1.7531457526568257,1.7514133404771348,0.23978276500185366,90443.98999999999
495403620,9628223555,2547,潜力词,2.17,2.0,2.0,1.0,0.7871055425316781,1.170947142883347,1.0071105098726636,2.399274954587917e-05,90443.98999999999
495403620,9628223555,2551,黄金词,2.83,2.0,16.0,8.0,0.7871055425316781,0.8978640636243332,0.9945287772109951,3.129008350914196e-05,90443.98999999999
495403620,9628223555,2584,重点词,115.98,262.0,182.0,0.6946564885496184,0.7871055425316781,2.870021937467228,2.306694446966195,0.0012823405955442702,90443.98999999999
495403620,9628223555,2633,重点词,60.22,42.0,105.0,2.5,0.7871055425316781,0.8860853753104305,0.9377613981236992,0.0006658264413146745,90443.98999999999
495403620,9628223555,2682,黄金词,6.07,4.0,26.0,6.5,0.7871055425316781,0.8372175617979778,0.9823775744625242,6.711335932879566e-05,90443.98999999999
495403620,9628223555,2690,潜力词,5.24,9.0,8.0,0.8888888888888888,0.7871055425316781,2.1821181011938706,1.1121343021407655,5.793640904166214e-05,90443.98999999999
495403620,9628223555,2723,重点词,340.06,332.0,721.0,2.1716867469879517,0.7871055425316781,1.2403651702918286,1.209553863019636,0.003759896041738097,90443.98999999999
495403620,9628223555,2738,潜力词,2.73,2.0,2.0,1.0,0.7871055425316781,0.930752857163686,0.9964148549223757,3.0184426848041536e-05,90443.98999999999
495403620,9628223555,2748,重点词,43.02,39.0,182.0,4.666666666666667,0.7871055425316781,1.1517579811973226,1.0701852112568138,0.00047565349560540186,90443.98999999999
495403620,9628223555,2780,重点词,95.7,65.0,179.0,2.753846153846154,0.7871055425316781,0.8629158542512858,0.9099591438012907,0.0010581134246731045,90443.98999999999
495403620,9628223555,2795,潜力词,3.49,4.0,4.0,1.0,0.7871055425316781,1.456134842439463,1.029760901105136,3.858741747240475e-05,90443.98999999999
495403620,9628223555,2813,潜力词,5.37,11.0,3.0,0.2727272727272727,0.7871055425316781,2.6024681844157813,1.1554136563177309,5.9373762701092694e-05,90443.98999999999
495403620,9628223555,2834,潜力词,1.88,1.0,1.0,1.0,0.7871055425316781,0.6757859840576763,0.9882513039712496,2.0786345228687943e-05,90443.98999999999
495403620,9628223555,2843,重点词,150.65,108.0,141.0,1.3055555555555556,0.7871055425316781,0.9107971204983113,0.93302559782243,0.0016656717599477866,90443.98999999999
495403620,9628223555,2854,潜力词,4.83,6.0,5.0,0.8333333333333334,0.7871055425316781,1.5782331056253807,1.0509368210864598,5.340321673115041e-05,90443.98999999999
495403620,9628223555,2874,重点词,5435.94,1915.0,10266.0,5.360835509138381,0.7871055425316781,0.44757019021630967,0.4526051505857604,0.06010283270342231,90443.98999999999
495403620,9628223555,2890,黄金词,6.51,6.0,19.0,3.1666666666666665,0.7871055425316781,1.170947142883347,1.0196932560638932,7.19782486376375e-05,90443.98999999999
495403620,9628223555,2955,潜力词,3.09,3.0,3.0,1.0,0.7871055425316781,1.2334734466295452,1.0135888670198774,3.416479082800306e-05,90443.98999999999
495403620,9628223555,2993,重点词,22.18,15.0,23.0,1.5333333333333334,0.7871055425316781,0.8592049030850528,0.9567354495764265,0.0002452346474320737,90443.98999999999
495403620,9628223555,2996,重点词,74.77,50.0,316.0,6.32,0.7871055425316781,0.8495905109191063,0.9098652120014552,0.000826699485504786,90443.98999999999
495403620,9628223555,2997,重点词,184.97,118.0,214.0,1.8135593220338984,0.7871055425316781,0.8104901481502671,0.8508165412748645,0.0020451331260374515,90443.98999999999
495403620,9628223555,3008,重点词,45.41,54.0,204.0,3.7777777777777777,0.7871055425316781,1.5108080401130874,1.2431170013786321,0.0005020786898057019,90443.98999999999
495403620,9628223555,3070,重点词,9.57,8.0,14.0,1.75,0.7871055425316781,1.0620502821554285,1.0099684606383659,0.00010581134246731044,90443.98999999999
495403620,9628223555,3093,黄金词,0.32,1.0,0.0,0.0,0.7871055425316781,3.9702426563388484,1.0188886655411056,3.5381013155213524e-06,90443.98999999999
495403620,9628223555,3135,黄金词,2.7,2.0,22.0,11.0,0.7871055425316781,0.9410945555766158,0.996982074004874,2.9852729849711413e-05,90443.98999999999
495403620,9628223555,3153,潜力词,0.72,1.0,1.0,1.0,0.7871055425316781,1.7645522917061547,1.0108532659705922,7.960727959923042e-06,90443.98999999999
495403620,9628223555,3165,重点词,53.44,53.0,64.0,1.2075471698113207,0.7871055425316781,1.2600171304548442,1.1343321292682411,0.0005908629196920658,90443.98999999999
495403620,9628223555,3222,潜力词,1.65,1.0,1.0,1.0,0.7871055425316781,0.7699864545626858,0.9926520358185563,1.824333490815697e-05,90443.98999999999
495403620,9628223555,3327,重点词,22.08,13.0,59.0,4.538461538461538,0.7871055425316781,0.7480167323536961,0.9228108969252167,0.0002441289907709733,90443.98999999999
495403620,9628223555,3353,潜力词,0.8,1.0,1.0,1.0,0.7871055425316781,1.5880970625355393,1.0092613710635518,8.845253288803381e-06,90443.98999999999
495403620,9628223555,3374,重点词,2398.88,445.0,3848.0,8.647191011235956,0.7871055425316781,0.23567771387591374,0.2512832618432312,0.026523376511805818,90443.98999999999
495403620,9628223555,3379,重点词,31.79,21.0,74.0,3.5238095238095237,0.7871055425316781,0.8392585923434118,0.9375232993103934,0.00035148825256382435,90443.98999999999
495403620,9628223555,3382,重点词,1533.0,276.0,1485.0,5.380434782608695,0.7871055425316781,0.22873570215776065,0.25309654542504556,0.01694971661466948,90443.98999999999
495403620,9628223555,3393,重点词,298.34,124.0,269.0,2.1693548387096775,0.7871055425316781,0.5280526533603457,0.5957949951298316,0.0032986160827270005,90443.98999999999
495403620,9628223555,3416,潜力词,4.17,3.0,2.0,0.6666666666666666,0.7871055425316781,0.9140126978621809,0.993380707958008,4.6105882767887624e-05,90443.98999999999
495403620,9628223555,3417,黄金词,6.95,6.0,10.0,1.6666666666666667,0.7871055425316781,1.096815237434617,1.0118150289757786,7.684313794647938e-05,90443.98999999999
495403620,9628223555,3451,潜力词,2.63,3.0,3.0,1.0,0.7871055425316781,1.449214049462089,1.0224478994886053,2.907877018694111e-05,90443.98999999999
495403620,9628223555,3567,潜力词,1.35,2.0,2.0,1.0,0.7871055425316781,1.8821891111532316,1.0231928977615747,1.4926364924855707e-05,90443.98999999999
495403620,9628223555,3575,重点词,160.27,44.0,142.0,3.227272727272727,0.7871055425316781,0.3487927659652522,0.503643014225762,0.0017720359307456474,90443.98999999999
495403620,9628223555,3659,潜力词,5.77,7.0,6.0,0.8571428571428571,0.7871055425316781,1.541307374384579,1.0560040084310387,6.379638934549437e-05,90443.98999999999
495403620,9628223555,3677,潜力词,6.93,10.0,9.0,0.9,0.7871055425316781,1.833301082292109,1.1014364394920835,7.662200661425928e-05,90443.98999999999
495403620,9628223555,3769,潜力词,1.24,3.0,3.0,1.0,0.7871055425316781,3.073736250068786,1.0501840934833195,1.371014259764524e-05,90443.98999999999
495403620,9628223555,3922,潜力词,2.35,2.0,2.0,1.0,0.7871055425316781,1.081257574492282,1.0036476657126432,2.598293153585993e-05,90443.98999999999
495403620,9628223555,3923,重点词,14.78,15.0,143.0,9.533333333333333,0.7871055425316781,1.2893886840613311,1.0660260072619092,0.00016341605451064244,90443.98999999999
495403620,9628223555,3973,黄金词,4.8,7.0,35.0,5.0,0.7871055425316781,1.8527799062914627,1.0746960501861136,5.3071519732820285e-05,90443.98999999999
495403620,9628223555,3989,重点词,106.06,63.0,407.0,6.4603174603174605,0.7871055425316781,0.7546680365056683,0.8332698446225245,0.0011726594547631082,90443.98999999999
495403620,9628223555,4002,重点词,26.24,17.0,59.0,3.4705882352941178,0.7871055425316781,0.8230990872897613,0.9391149009769589,0.0002901243078727509,90443.98999999999
495403620,9628223555,4016,重点词,48.68,27.0,55.0,2.037037037037037,0.7871055425316781,0.7046609809114144,0.8543058020953348,0.0005382336626236857,90443.98999999999
495403620,9628223555,4047,重点词,50.95,36.0,52.0,1.4444444444444444,0.7871055425316781,0.8976878390779889,0.9483625101636803,0.0005633320688306654,90443.98999999999
495403620,9628223555,4052,潜力词,1.19,1.0,1.0,1.0,0.7871055425316781,1.0676282773348165,1.0015721361599617,1.3157314267095028e-05,90443.98999999999
495403620,9628223555,4163,潜力词,0.49,2.0,2.0,1.0,0.7871055425316781,5.185623061340537,1.0406210200050874,5.41771763939207e-06,90443.98999999999
495403620,9628223555,4171,潜力词,1.68,2.0,1.0,0.5,0.7871055425316781,1.51247339289099,1.016659351781286,1.85750319064871e-05,90443.98999999999
495403620,9628223555,4188,重点词,1533.24,434.0,1683.0,3.877880184331797,0.7871055425316781,0.35962230316997945,0.3798459488847801,0.01695237019065612,90443.98999999999
495403620,9628223555,4189,重点词,19.42,15.0,28.0,1.8666666666666667,0.7871055425316781,0.9813164135132065,0.9947733326192232,0.00021471852358570208,90443.98999999999
495403620,9628223555,4251,黄金词,1.23,1.0,0.0,0.0,0.7871055425316781,1.0329086585597003,1.0007901161434403,1.3599576931535197e-05,90443.98999999999
495403620,9628223555,4321,重点词,89.22,64.0,291.0,4.546875,0.7871055425316781,0.9113491325019011,0.9431875420328949,0.000986466873033797,90443.98999999999
495403620,9628223555,4422,黄金词,5.1,4.0,31.0,7.75,0.7871055425316781,0.9964530588458288,0.9996716987316465,5.6388489716121546e-05,90443.98999999999
495403620,9628223555,4479,潜力词,7.22,8.0,6.0,0.75,0.7871055425316781,1.4077314681755475,1.0514474169910426,7.982841093145051e-05,90443.98999999999
495403620,9628223555,4498,潜力词,3.53,2.0,2.0,1.0,0.7871055425316781,0.719817365455202,0.9815235438082732,3.902968013684492e-05,90443.98999999999
495403620,9628223555,4529,潜力词,1.62,2.0,2.0,1.0,0.7871055425316781,1.5684909259610265,1.01784105579343,1.7911637909826848e-05,90443.98999999999
495403620,9628223555,4560,重点词,15.29,8.0,17.0,2.125,0.7871055425316781,0.6647365075361316,0.9214860039857169,0.0001690549034822546,90443.98999999999
495403620,9628223555,4581,潜力词,3.58,2.0,2.0,1.0,0.7871055425316781,0.7097640502952131,0.98060760171812,3.958250846739513e-05,90443.98999999999
495403620,9628223555,4613,潜力词,5.38,5.0,3.0,0.6,0.7871055425316781,1.1807413104353452,1.0175584732781178,5.9484328367202734e-05,90443.98999999999
495403620,9628223555,4634,重点词,375.36,121.0,502.0,4.148760330578512,0.7871055425316781,0.40954762269139017,0.4789538171277041,0.004150192843106546,90443.98999999999
495403620,9628223555,4637,潜力词,5.75,11.0,9.0,0.8181818181818182,0.7871055425316781,2.4304789826630864,1.147538191037,6.357525801327429e-05,90443.98999999999
495403620,9628223555,4706,潜力词,6.41,11.0,14.0,1.2727272727272727,0.7871055425316781,2.180226856523049,1.1341119331734224,7.08725919765371e-05,90443.98999999999
495403620,9628223555,4717,潜力词,1.77,3.0,3.0,1.0,0.7871055425316781,2.153351949200731,1.0394327400055108,1.9570122901477482e-05,90443.98999999999
495403620,9628223555,4762,潜力词,0.97,2.0,1.0,0.5,0.7871055425316781,2.6195415464503746,1.0308211752022143,1.07248696126741e-05,90443.98999999999
495403620,9628223555,4828,重点词,11.05,8.0,22.0,2.75,0.7871055425316781,0.9198028235499957,0.9854843767441025,0.0001221750610515967,90443.98999999999
495403620,9628223555,4865,重点词,61.99,63.0,65.0,1.0317460317460319,0.7871055425316781,1.291177479461061,1.1611759259915275,0.000685396564216152,90443.98999999999
495403620,9628223555,4888,重点词,33.02,26.0,57.0,2.1923076923076925,0.7871055425316781,1.0003761023845916,1.000149589264505,0.00036508782949535955,90443.98999999999
495403620,9628223555,4914,潜力词,2.05,2.0,2.0,1.0,0.7871055425316781,1.2394903902716405,1.0094323784833212,2.2665961552558663e-05,90443.98999999999
495403620,9628223555,4931,潜力词,0.81,2.0,1.0,0.5,0.7871055425316781,3.136981851922053,1.0340672170843705,8.955818954913424e-06,90443.98999999999
495403620,9628223555,5064,潜力词,1.33,3.0,3.0,1.0,0.7871055425316781,2.865739060214507,1.0483427420628346,1.4705233592635622e-05,90443.98999999999
495403620,9628223555,5163,潜力词,2.85,4.0,3.0,0.75,0.7871055425316781,1.7831265263556932,1.0422310425754726,3.1511214841362044e-05,90443.98999999999
495403620,9628223555,5249,重点词,371.71,111.0,99.0,0.8918918918918919,0.7871055425316781,0.3793898984508243,0.4529724672242913,0.00410983637497638,90443.98999999999
495403620,9628223555,5313,重点词,11.64,18.0,32.0,1.7777777777777777,0.7871055425316781,1.9646561598377805,1.1821641417993474,0.00012869843535208918,90443.98999999999
495403620,9628223555,5314,潜力词,0.29,1.0,1.0,1.0,0.7871055425316781,4.380957413891143,1.0194964734545324,3.206404317191225e-06,90443.98999999999
495403620,9628223555,5395,黄金词,1.19,1.0,0.0,0.0,0.7871055425316781,1.0676282773348165,1.0015721361599617,1.3157314267095028e-05,90443.98999999999
495403620,9628223555,5406,潜力词,6.44,8.0,5.0,0.625,0.7871055425316781,1.5782331056253807,1.065978405390281,7.120428897486722e-05,90443.98999999999
495403620,9628223555,5436,重点词,17.1,13.0,31.0,2.3846153846153846,0.7871055425316781,0.9658602017760005,0.991299693746194,0.0001890672890481723,90443.98999999999
495403620,9628223555,5495,黄金词,1.56,9.0,18.0,2.0,0.7871055425316781,7.329678750164028,1.191510838833512,1.7248243913166593e-05,90443.98999999999
495403620,9628223555,5508,黄金词,1.4,1.0,0.0,0.0,0.7871055425316781,0.9074840357345939,0.9974801099227323,1.5479193255405916e-05,90443.98999999999
495403620,9628223555,5534,黄金词,0.1,1.0,0.0,0.0,0.7871055425316781,12.704776500284314,1.0233628273458768,1.1056566611004226e-06,90443.98999999999
495403620,9628223555,5549,潜力词,3.05,3.0,3.0,1.0,0.7871055425316781,1.2496501475689492,1.0143531187574986,3.3722528163562886e-05,90443.98999999999
495403620,9628223555,5588,潜力词,1.37,2.0,1.0,0.5,0.7871055425316781,1.8547118978517247,1.0227945357223451,1.5147496257075791e-05,90443.98999999999
495403620,9628223555,5629,黄金词,1.1,1.0,0.0,0.0,0.7871055425316781,1.1549796818440285,1.003336157534803,1.216222327210465e-05,90443.98999999999
495403620,9628223555,5643,潜力词,5.44,3.0,3.0,1.0,0.7871055425316781,0.7006310570009732,0.970624692461856,6.014772236386299e-05,90443.98999999999
495403620,9628223555,5702,重点词,22.93,16.0,40.0,2.5,0.7871055425316781,0.8865086088292589,0.964317049231522,0.0002535270723903269,90443.98999999999
495403620,9628223555,5703,重点词,2433.25,464.0,1009.0,2.1745689655172415,0.7871055425316781,0.2422692405684546,0.25752607655821697,0.026903390706226032,90443.98999999999
495403620,9628223555,5705,重点词,134.41,26.0,101.0,3.8846153846153846,0.7871055425316781,0.24575864073163617,0.4502598497952346,0.0014861131181850779,90443.98999999999
495403620,9628223555,5862,潜力词,5.94,8.0,5.0,0.625,0.7871055425316781,1.7110810101393015,1.0755062781592324,6.567600566936511e-05,90443.98999999999
495403620,9628223555,5888,潜力词,1.8,1.0,1.0,1.0,0.7871055425316781,0.7058209166824619,0.9897775608113598,1.9901819899807608e-05,90443.98999999999
495403620,9628223555,5911,重点词,29.26,17.0,100.0,5.882352941176471,0.7871055425316781,0.7381449094491912,0.9033323246339052,0.0003235151390379837,90443.98999999999
495403620,9628223555,5912,黄金词,2.7,4.0,36.0,9.0,0.7871055425316781,1.8821891111532316,1.0451975445941883,2.9852729849711413e-05,90443.98999999999
495403620,9628223555,5964,重点词,1774.21,550.0,790.0,1.4363636363636363,0.7871055425316781,0.39384441949692384,0.4104586136002091,0.019616671046909808,90443.98999999999
495403620,9628223555,6017,黄金词,4.12,4.0,7.0,1.75,0.7871055425316781,1.2334734466295452,1.0177736622341782,4.555305443733741e-05,90443.98999999999
495403620,9628223555,6027,重点词,501.74,66.0,512.0,7.757575757575758,0.7871055425316781,0.16712146709825104,0.24259891416586885,0.005547521731405261,90443.98999999999
495403620,9628223555,6028,黄金词,4.42,3.0,4.0,1.3333333333333333,0.7871055425316781,0.862315147078121,0.9888172170173704,4.887002442063868e-05,90443.98999999999
495403620,9628223555,6039,潜力词,2.31,5.0,3.0,0.6,0.7871055425316781,2.7499516234381636,1.0772775425376058,2.554066887141976e-05,90443.98999999999
495403620,9628223555,6093,黄金词,6.74,3.0,7.0,2.3333333333333335,0.7871055425316781,0.565494502980014,0.9483861993317818,7.452125895816848e-05,90443.98999999999
495403620,9628223555,6106,黄金词,1.1,3.0,9.0,3.0,0.7871055425316781,3.4649390455320854,1.0530613101777946,1.216222327210465e-05,90443.98999999999
495403620,9628223555,6152,潜力词,7.16,9.0,8.0,0.8888888888888888,0.7871055425316781,1.5969691131642296,1.0747777965405159,7.916501693479026e-05,90443.98999999999
495403620,9628223555,6157,黄金词,4.06,3.0,8.0,2.6666666666666665,0.7871055425316781,0.9387765886909594,0.9954020153548889,4.488966044067715e-05,90443.98999999999
495403620,9628223555,6159,重点词,43.15,13.0,43.0,3.3076923076923075,0.7871055425316781,0.38276267555897125,0.7140763226019282,0.00047709084926483234,90443.98999999999
495403620,9628223555,6164,潜力词,0.15,1.0,1.0,1.0,0.7871055425316781,8.469851000189543,1.022342525424296,1.658484991650634e-06,90443.98999999999
495403620,9628223555,6198,潜力词,0.27,2.0,2.0,1.0,0.7871055425316781,9.410945555766158,1.0451751601364008,2.9852729849711413e-06,90443.98999999999
495403620,9628223555,6210,潜力词,1.06,4.0,3.0,0.75,0.7871055425316781,4.794255283126156,1.0787683235431595,1.171996060766448e-05,90443.98999999999
495403620,9628223555,6229,重点词,19.34,17.0,68.0,4.0,0.7871055425316781,1.1167590512142367,1.0325659078523701,0.00021383399825682174,90443.98999999999
495403620,9628223555,6261,重点词,18916.77,16391.0,13078.0,0.7978768836556647,0.7871055425316781,1.1008432814701463,1.1005774394699792,0.2091545275700464,90443.98999999999
495403620,9628223555,6298,重点词,1983.14,693.0,1366.0,1.971139971139971,0.7871055425316781,0.44396311479255274,0.45763745313638166,0.02192671950894692,90443.98999999999
495403620,9628223555,6360,重点词,10735.93,5191.0,13273.0,2.55692544789058,0.7871055425316781,0.6142969897621899,0.6160849812021391,0.1187025251760786,90443.98999999999
495403620,9628223555,6377,重点词,20.2,24.0,370.0,15.416666666666666,0.7871055425316781,1.509478396073384,1.1466020455937658,0.00022334264554228536,90443.98999999999
495403620,9628223555,6383,潜力词,4.85,6.0,5.0,0.8333333333333334,0.7871055425316781,1.5717249278702246,1.0505536171407583,5.362434806337049e-05,90443.98999999999
495403620,9628223555,6440,潜力词,2.62,3.0,3.0,1.0,0.7871055425316781,1.4547454007959137,1.022642207337235,2.896820452083107e-05,90443.98999999999
495403620,9628223555,6474,重点词,120.04,56.0,136.0,2.4285714285714284,0.7871055425316781,0.5926920060112643,0.7124602940578225,0.0013272302559849474,90443.98999999999
495403620,9628223555,6500,重点词,116.38,82.0,350.0,4.2682926829268295,0.7871055425316781,0.8951638365898898,0.926668874277746,0.0012867632221886718,90443.98999999999
495403620,9628223555,6504,重点词,36.72,26.0,52.0,2.0,0.7871055425316781,0.8995756781247065,0.9574771552207013,0.00040599712595607517,90443.98999999999
495403620,9628223555,6538,重点词,22.9,20.0,102.0,5.1,0.7871055425316781,1.1095874672737394,1.0344245953438769,0.00025319537539199673,90443.98999999999
495403620,9628223555,6542,潜力词,7.58,10.0,7.0,0.7,0.7871055425316781,1.6760918865810441,1.089002717962562,8.380877491141204e-05,90443.98999999999
495403620,9628223555,6560,黄金词,4.72,2.0,4.0,2.0,0.7871055425316781,0.5383379873001829,0.9601782766823257,5.218699440393995e-05,90443.98999999999
495403620,9628223555,6574,重点词,56.31,43.0,187.0,4.348837209302325,0.7871055425316781,0.9701747283115353,0.9842022288704971,0.000622595265865648,90443.98999999999
495403620,9628223555,6617,重点词,318.27,238.0,301.0,1.2647058823529411,0.7871055425316781,0.9500539815463811,0.9568351500441706,0.003518973455284315,90443.98999999999
495817671,9630806627,64,潜力词,6.47,13.0,10.0,0.7692307692307693,0.6255889624509309,3.2118110947044975,1.253416287988987,3.789190966732719e-05,170748.84999999998
495817671,9630806627,108,潜力词,2.28,2.0,3.0,1.5,0.6255889624509309,1.4021874347326653,1.0175399263808431,1.335294498323122e-05,170748.84999999998
495817671,9630806627,110,重点词,2838.16,1511.0,3464.0,2.2925215089344806,0.6255889624509309,0.8510175408801495,0.8535967341921518,0.016621839620003298,170748.84999999998
495817671,9630806627,114,潜力词,5.49,6.0,6.0,1.0,0.6255889624509309,1.746987623601353,1.0739045243029632,3.2152485946464654e-05,170748.84999999998
495817671,9630806627,136,重点词,20.16,35.0,42.0,1.2,0.6255889624509309,2.775162631241733,1.5100809385095972,0.00011806814511488659,170748.84999999998
495817671,9630806627,235,重点词,123.8,96.0,181.0,1.8854166666666667,0.6255889624509309,1.2395427532887147,1.170629418050304,0.0007250414863701865,170748.84999999998
495817671,9630806627,243,重点词,12.22,11.0,60.0,5.454545454545454,0.6255889624509309,1.4389059272952225,1.086201067688004,7.156709986626558e-05,170748.84999999998
495817671,9630806627,292,潜力词,0.96,1.0,1.0,1.0,0.6255889624509309,1.66509757874504,1.0125293107455895,5.622292624518409e-06,170748.84999999998
495817671,9630806627,299,重点词,121.03,97.0,200.0,2.0618556701030926,0.6255889624509309,1.2811194458624977,1.19893519577114,0.000708818829526524,170748.84999999998
495817671,9630806627,308,重点词,83.0,85.0,147.0,1.7294117647058824,0.6255889624509309,1.6370115954890996,1.3975335520721448,0.0004860940498281541,170748.84999999998
495817671,9630806627,353,重点词,2953.6,2626.0,2546.0,0.9695354150799695,0.6255889624509309,1.4211959615767522,1.414184442706451,0.01729792030810164,170748.84999999998
495817671,9630806627,370,黄金词,3.46,8.0,31.0,3.875,0.6255889624509309,3.6959391343242505,1.1744846502948354,2.02636796675351e-05,170748.84999999998
495817671,9630806627,381,潜力词,0.31,1.0,1.0,1.0,0.6255889624509309,5.1564312115975435,1.02561108478623,1.8155319933340695e-06,170748.84999999998
495817671,9630806627,391,重点词,11.9,8.0,13.0,1.625,0.6255889624509309,1.0746175970388157,1.014344901530887,6.969300232475944e-05,170748.84999999998
495817671,9630806627,444,重点词,241.33,194.0,925.0,4.768041237113402,0.6255889624509309,1.2849947087617628,1.2360820137489315,0.0014133623740364872,170748.84999999998
495817671,9630806627,456,重点词,26.44,31.0,39.0,1.2580645161290323,0.6255889624509309,1.8741794229747497,1.302371846460654,0.00015484730936694453,170748.84999999998
495817671,9630806627,505,重点词,128.05,108.0,155.0,1.4351851851851851,0.6255889624509309,1.3482023972220674,1.2504202019898103,0.0007499318443433149,170748.84999999998
495817671,9630806627,518,黄金词,1.57,3.0,11.0,3.6666666666666665,0.6255889624509309,3.0544465138762513,1.0625456859954567,9.194791063014482e-06,170748.84999999998
495817671,9630806627,530,重点词,74.08,84.0,140.0,1.6666666666666667,0.6255889624509309,1.8125468243790501,1.4851182200999358,0.00043385358085867056,170748.84999999998
495817671,9630806627,584,潜力词,0.24,1.0,1.0,1.0,0.6255889624509309,6.66039031498016,1.0270400811225164,1.4055731561296021e-06,170748.84999999998
495817671,9630806627,617,潜力词,5.13,6.0,5.0,0.8333333333333334,0.6255889624509309,1.8695832463102202,1.0809171422741053,3.0044126212270248e-05,170748.84999999998
495817671,9630806627,677,潜力词,1.39,1.0,1.0,1.0,0.6255889624509309,1.1499954500685168,1.0040570865070098,8.140611195917279e-06,170748.84999999998
495817671,9630806627,679,重点词,200.65,252.0,174.0,0.6904761904761905,0.6255889624509309,2.0075774046847745,1.8065845052862561,0.0011751177240725197,170748.84999999998
495817671,9630806627,714,潜力词,5.76,12.0,7.0,0.5833333333333334,0.6255889624509309,3.33019515749008,1.240708825450912,3.373375574711045e-05,170748.84999999998
495817671,9630806627,798,潜力词,0.89,2.0,2.0,1.0,0.6255889624509309,3.5921206193151423,1.0453328227783547,5.212333787313942e-06,170748.84999999998
495817671,9630806627,815,重点词,2298.65,2510.0,2693.0,1.0729083665338646,0.6255889624509309,1.7454676117477859,1.7295974818487418,0.013462169730572127,170748.84999999998
495817671,9630806627,847,重点词,19.53,16.0,39.0,2.4375,0.6255889624509309,1.3095698315168363,1.0869538157561311,0.00011437851558004638,170748.84999999998
495817671,9630806627,875,重点词,47.51,29.0,95.0,3.2758620689655173,0.6255889624509309,0.975717040460154,0.9881685631449278,0.00027824491936548915,170748.84999999998
495817671,9630806627,1018,黄金词,0.15,1.0,0.0,0.0,0.6255889624509309,10.656624503968256,1.0288832238403836,8.784832225810013e-07,170748.84999999998
495817671,9630806627,1040,潜力词,6.4,5.0,3.0,0.6,0.6255889624509309,1.24882318405878,1.0282352549286558,3.748195083012273e-05,170748.84999999998
495817671,9630806627,1041,潜力词,2.11,4.0,4.0,1.0,0.6255889624509309,3.030319764161589,1.0822102226517165,1.2357330664306085e-05,170748.84999999998
495817671,9630806627,1056,潜力词,1.01,2.0,1.0,0.5,0.6255889624509309,3.16533401107968,1.0428736983177902,5.915120365378743e-06,170748.84999999998
495817671,9630806627,1089,重点词,396.88,330.0,591.0,1.790909090909091,0.6255889624509309,1.3291244531002537,1.2922997514912924,0.0023243494758529853,170748.84999999998
495817671,9630806627,1092,黄金词,4.16,3.0,6.0,2.0,0.6255889624509309,1.1527598622081046,1.0117334015285397,2.4363268039579773e-05,170748.84999999998
495817671,9630806627,1164,重点词,237.11,200.0,369.0,1.845,0.6255889624509309,1.348314010877009,1.2876553764029384,0.001388647712707875,170748.84999999998
495817671,9630806627,1185,潜力词,3.09,4.0,6.0,1.5,0.6255889624509309,2.0692474764986906,1.062233465857618,1.809675438516863e-05,170748.84999999998
495817671,9630806627,1207,重点词,115.45,90.0,134.0,1.488888888888889,0.6255889624509309,1.246118932902308,1.1717402889306223,0.0006761392536465108,170748.84999999998
495817671,9630806627,1265,潜力词,1.37,2.0,1.0,0.5,0.6255889624509309,2.333567409628085,1.0355652589291509,8.023480099573147e-06,170748.84999999998
495817671,9630806627,1287,潜力词,3.95,6.0,6.0,1.0,0.6255889624509309,2.4280916591320074,1.1045590742089235,2.3133391527966373e-05,170748.84999999998
495817671,9630806627,1314,重点词,14.45,12.0,18.0,1.5,0.6255889624509309,1.3274687963420666,1.0734200792419373,8.462721710863646e-05,170748.84999999998
495817671,9630806627,1365,潜力词,3.6,5.0,8.0,1.6,0.6255889624509309,2.2201301049933866,1.0819490369025409,2.1083597341944034e-05,170748.84999999998
495817671,9630806627,1377,潜力词,1.03,1.0,1.0,1.0,0.6255889624509309,1.5519356073740178,1.0111403816499163,6.032251461722876e-06,170748.84999999998
495817671,9630806627,1424,重点词,2592.53,2414.0,145.0,0.06006628003314002,0.6255889624509309,1.4884162315911116,1.4791747805651798,0.015183294060252825,170748.84999999998
495817671,9630806627,1437,潜力词,0.91,1.0,1.0,1.0,0.6255889624509309,1.7565864566980638,1.0135237414180953,5.329464883658075e-06,170748.84999999998
495817671,9630806627,1438,重点词,1912.61,934.0,966.0,1.0342612419700214,0.6255889624509309,0.7806050857236722,0.7861944517789844,0.01120130530893766,170748.84999999998
495817671,9630806627,1486,重点词,73.03,75.0,130.0,1.7333333333333334,0.6255889624509309,1.6416133872332312,1.3808585358826535,0.00042770419830060353,170748.84999999998
495817671,9630806627,1524,潜力词,5.5,9.0,6.0,0.6666666666666666,0.6255889624509309,2.6157169237012994,1.1601160915379665,3.221105149463672e-05,170748.84999999998
495817671,9630806627,1566,黄金词,0.93,1.0,4.0,4.0,0.6255889624509309,1.7188104038658476,1.0131257348438099,5.446595980002209e-06,170748.84999999998
495817671,9630806627,1575,重点词,33.9,202.0,144.0,0.7128712871287128,0.6255889624509309,9.52494756549375,4.444525893566604,0.0001985372083033063,170748.84999999998
495817671,9630806627,1590,重点词,126.84,80.0,136.0,1.7,0.6255889624509309,1.0081953173101472,1.005878161318814,0.0007428454130144948,170748.84999999998
495817671,9630806627,1608,潜力词,0.89,1.0,1.0,1.0,0.6255889624509309,1.7960603096575711,1.013922060829146,5.212333787313942e-06,170748.84999999998
495817671,9630806627,1656,潜力词,0.51,2.0,2.0,1.0,0.6255889624509309,6.268602649393091,1.0531971362342203,2.9868429567754048e-06,170748.84999999998
495817671,9630806627,1666,重点词,28.78,19.0,26.0,1.368421052631579,0.6255889624509309,1.0552946433742019,1.0202003025680315,0.00016855164763920815,170748.84999999998
495817671,9630806627,1691,潜力词,1.24,1.0,1.0,1.0,0.6255889624509309,1.2891078028993859,1.0069963636923347,7.262127973336278e-06,170748.84999999998
495817671,9630806627,1723,潜力词,3.03,5.0,3.0,0.6,0.6255889624509309,2.6377783425664,1.093578509861893,1.7745361096136228e-05,170748.84999999998
495817671,9630806627,1738,重点词,162.44,128.0,148.0,1.15625,0.6255889624509309,1.2595862501612318,1.1984898817369163,0.0009513387645070524,170748.84999999998
495817671,9630806627,1754,潜力词,2.05,5.0,4.0,0.8,0.6255889624509309,3.8987650624274113,1.1141684606719728,1.2005937375273684e-05,170748.84999999998
495817671,9630806627,1785,重点词,44.38,65.0,68.0,1.0461538461538462,0.6255889624509309,2.3411917285644543,1.6306642181997297,0.0002599139027876323,170748.84999999998
495817671,9630806627,1817,重点词,115.52,116.0,109.0,0.9396551724137931,0.6255889624509309,1.605135616075551,1.4223372786916846,0.0006765492124837152,170748.84999999998
495817671,9630806627,1824,潜力词,4.04,5.0,5.0,1.0,0.6255889624509309,1.9783337569247998,1.0731396813097,2.366048146151497e-05,170748.84999999998
495817671,9630806627,1844,重点词,8.64,13.0,68.0,5.230769230769231,0.6255889624509309,2.4051409470761684,1.2070330454082212,5.0600633620665684e-05,170748.84999999998
495817671,9630806627,1853,潜力词,4.59,8.0,6.0,0.75,0.6255889624509309,2.786045621952485,1.15017309772416,2.6881586610978643e-05,170748.84999999998
495817671,9630806627,1924,重点词,1649.24,645.0,683.0,1.0589147286821705,0.6255889624509309,0.6251536591150644,0.6361834824738876,0.009658864466729939,170748.84999999998
495817671,9630806627,1976,重点词,58.12,47.0,46.0,0.9787234042553191,0.6255889624509309,1.2926566199755025,1.157317820504774,0.000340382965976052,170748.84999999998
495817671,9630806627,1981,重点词,375.87,274.0,329.0,1.2007299270072993,0.6255889624509309,1.1652626363186616,1.1458596921903288,0.002201303259143473,170748.84999999998
495817671,9630806627,1983,潜力词,5.04,4.0,5.0,1.25,0.6255889624509309,1.268645774281935,1.0245998310752353,2.9517036278721647e-05,170748.84999999998
495817671,9630806627,2019,重点词,901.8,964.0,1186.0,1.2302904564315353,0.6255889624509309,1.7087468432843311,1.67151492254025,0.00528144113415698,170748.84999999998
495817671,9630806627,2096,黄金词,5.78,12.0,18.0,1.5,0.6255889624509309,3.3186719908551656,1.2402639674998719,3.385088684345459e-05,170748.84999999998
495817671,9630806627,2097,黄金词,0.91,1.0,0.0,0.0,0.6255889624509309,1.7565864566980638,1.0135237414180953,5.329464883658075e-06,170748.84999999998
495817671,9630806627,2124,潜力词,5.91,6.0,7.0,1.1666666666666667,0.6255889624509309,1.6228362188784144,1.0658372751488363,3.4612238969691454e-05,170748.84999999998
495817671,9630806627,2125,黄金词,0.15,1.0,0.0,0.0,0.6255889624509309,10.656624503968256,1.0288832238403836,8.784832225810013e-07,170748.84999999998
495817671,9630806627,2128,重点词,32.54,38.0,55.0,1.4473684210526316,0.6255889624509309,1.8667105000804871,1.3416859664722445,0.00019057229375190522,170748.84999999998
495817671,9630806627,2129,潜力词,1.95,1.0,1.0,1.0,0.6255889624509309,0.8197403464590967,0.9932337569893211,1.1420281893553018e-05,170748.84999999998
495817671,9630806627,2152,重点词,18.12,21.0,38.0,1.8095238095238095,0.6255889624509309,1.8525588955573953,1.226781667461832,0.00010612077328778497,170748.84999999998
495817671,9630806627,2195,潜力词,0.65,1.0,1.0,1.0,0.6255889624509309,2.4592210393772893,1.0187264299229069,3.8067606311843395e-06,170748.84999999998
495817671,9630806627,2203,潜力词,0.78,1.0,1.0,1.0,0.6255889624509309,2.049350866147741,1.0161184260652862,4.568112757421207e-06,170748.84999999998
495817671,9630806627,2354,黄金词,2.39,2.0,4.0,2.0,0.6255889624509309,1.3376516113767685,1.0154034615611849,1.3997166013123956e-05,170748.84999999998
495817671,9630806627,2367,潜力词,3.84,5.0,4.0,0.8,0.6255889624509309,2.0813719734313,1.0771260842863333,2.2489170498073634e-05,170748.84999999998
495817671,9630806627,2432,潜力词,2.71,3.0,3.0,1.0,0.6255889624509309,1.769550194385873,1.0395651873797327,1.5871263554630093e-05,170748.84999999998
495817671,9630806627,2438,重点词,663.8,552.0,565.0,1.0235507246376812,0.6255889624509309,1.329268618452202,1.3062041313092907,0.003887581087661791,170748.84999999998
495817671,9630806627,2479,潜力词,0.8,1.0,1.0,1.0,0.6255889624509309,1.9981170944940478,1.015718379440851,4.685243853765341e-06,170748.84999999998
495817671,9630806627,2501,重点词,15.12,17.0,17.0,1.0,0.6255889624509309,1.7972481802327416,1.185110449710059,8.855110883616493e-05,170748.84999999998
495817671,9630806627,2516,潜力词,1.29,6.0,4.0,0.6666666666666666,0.6255889624509309,7.434854305094132,1.1618436742751301,7.554955714196612e-06,170748.84999999998
495817671,9630806627,2527,黄金词,2.29,5.0,0.0,0.0,0.6255889624509309,3.490160863745061,1.1090546639505867,1.3411510531403288e-05,170748.84999999998
495817671,9630806627,2533,重点词,19372.48,19493.0,16351.0,0.8388139332067922,0.6255889624509309,1.6084382184613422,1.606871893722016,0.11345599106523999,170748.84999999998
495817671,9630806627,2541,重点词,1719.88,695.0,3422.0,4.923741007194245,0.6255889624509309,0.6459480338969524,0.6559501799775638,0.010072571499017418,170748.84999999998
495817671,9630806627,2586,重点词,1676.01,523.0,808.0,1.5449330783938815,0.6255889624509309,0.498810981042064,0.5133296981687879,0.00981564443918656,170748.84999999998
495817671,9630806627,2629,潜力词,4.43,5.0,3.0,0.6,0.6255889624509309,1.8041689340804046,1.0654504570636816,2.5944537840225574e-05,170748.84999999998
495817671,9630806627,2699,潜力词,1.08,1.0,1.0,1.0,0.6255889624509309,1.4800867366622574,1.0101506201173696,6.3250792025832105e-06,170748.84999999998
495817671,9630806627,2745,潜力词,2.05,3.0,3.0,1.0,0.6255889624509309,2.3392590374564466,1.0527469937903113,1.2005937375273684e-05,170748.84999999998
495817671,9630806627,2814,潜力词,2.07,2.0,2.0,1.0,0.6255889624509309,1.5444383339084429,1.021643697929527,1.2123068471617818e-05,170748.84999999998
495817671,9630806627,2821,重点词,1327.25,927.0,1812.0,1.9546925566343043,0.6255889624509309,1.1164465151831124,1.1122190141780983,0.00777311238113756,170748.84999999998
495817671,9630806627,2825,重点词,10.3,8.0,14.0,1.75,0.6255889624509309,1.241548485899214,1.0412595257837796,6.0322514617228764e-05,170748.84999999998
495817671,9630806627,2869,重点词,57.95,52.0,127.0,2.4423076923076925,0.6255889624509309,1.4343687856937426,1.2331789822228103,0.0003393873516571269,170748.84999999998
495817671,9630806627,2874,潜力词,6.68,7.0,5.0,0.7142857142857143,0.6255889624509309,1.6750682229291423,1.0795599105357563,3.912178617894059e-05,170748.84999999998
495817671,9630806627,2891,潜力词,4.31,6.0,5.0,0.8333333333333334,0.6255889624509309,2.225281218926086,1.0972373790014993,2.5241751262160772e-05,170748.84999999998
495817671,9630806627,2896,潜力词,6.25,9.0,8.0,0.8888888888888888,0.6255889624509309,2.301830892857143,1.1446478769841268,3.6603467607541726e-05,170748.84999999998
495817671,9630806627,2899,重点词,1569.85,1892.0,1578.0,0.8340380549682875,0.6255889624509309,1.9265216639973186,1.897922668287922,0.0091939125797919,170748.84999999998
495817671,9630806627,2933,重点词,2839.7,2473.0,3691.0,1.492519207440356,0.6255889624509309,1.3920748176733544,1.3852908121074936,0.016630858714421798,170748.84999999998
495817671,9630806627,2966,黄金词,1.5,1.0,0.0,0.0,0.6255889624509309,1.0656624503968255,1.0019124985552472,8.784832225810014e-06,170748.84999999998
495817671,9630806627,2987,重点词,442.84,485.0,133.0,0.27422680412371137,0.6255889624509309,1.7506761644469573,1.6745179625511133,0.0025935167352518045,170748.84999999998
495817671,9630806627,2997,黄金词,0.71,1.0,3.0,3.0,0.6255889624509309,2.251399543091885,1.017521074257449,4.15815392021674e-06,170748.84999999998
495817671,9630806627,3016,重点词,22.59,16.0,51.0,3.1875,0.6255889624509309,1.1321779021480218,1.0411337485813996,0.0001322995733206988,170748.84999999998
495817671,9630806627,3040,潜力词,1.98,4.0,4.0,1.0,0.6255889624509309,3.2292801527176533,1.084916789195478,1.1595978538069218e-05,170748.84999999998
495817671,9630806627,3082,黄金词,5.14,3.0,16.0,5.333333333333333,0.6255889624509309,0.9329729624096722,0.9937519228651743,3.010269176044231e-05,170748.84999999998
495817671,9630806627,3127,潜力词,5.8,7.0,10.0,1.4285714285714286,0.6255889624509309,1.9292165050287358,1.0965852281212665,3.396801793979872e-05,170748.84999999998
495817671,9630806627,3132,重点词,36.2,53.0,318.0,6.0,0.6255889624509309,2.3403360443797685,1.562878942071318,0.0002120072843828817,170748.84999999998
495817671,9630806627,3135,重点词,240.28,168.0,310.0,1.8452380952380953,0.6255889624509309,1.1176416576494093,1.0973781779661018,0.0014072129914784201,170748.84999999998
495817671,9630806627,3149,潜力词,1.86,2.0,2.0,1.0,0.6255889624509309,1.7188104038658476,1.0257807048050611,1.0893191960004418e-05,170748.84999999998
495817671,9630806627,3157,重点词,88.98,92.0,89.0,0.967391304347826,0.6255889624509309,1.6527468886801744,1.4179120604026616,0.00052111624763505,170748.84999999998
495817671,9630806627,3215,重点词,203.86,101.0,1085.0,10.742574257425742,0.6255889624509309,0.7919545827289269,0.8329309904479597,0.001193917265035753,170748.84999999998
495817671,9630806627,3303,潜力词,3.47,3.0,3.0,1.0,0.6255889624509309,1.3819830048373818,1.0247892468072886,2.0322245215707165e-05,170748.84999999998
495817671,9630806627,3327,重点词,84.29,58.0,107.0,1.8448275862068966,0.6255889624509309,1.0999244653520444,1.062719734786833,0.0004936490055423507,170748.84999999998
495817671,9630806627,3382,重点词,14.26,18.0,31.0,1.7222222222222223,0.6255889624509309,2.017733952364256,1.2258463454826374,8.35144716933672e-05,170748.84999999998
495817671,9630806627,3412,重点词,77.97,59.0,72.0,1.2203389830508475,0.6255889624509309,1.2095822349636918,1.1276949821061113,0.0004566355790976045,170748.84999999998
495817671,9630806627,3417,重点词,15.19,16.0,49.0,3.0625,0.6255889624509309,1.6837326405216468,1.1593173617046144,8.896106767336941e-05,170748.84999999998
495817671,9630806627,3420,潜力词,1.26,1.0,1.0,1.0,0.6255889624509309,1.268645774281935,1.0066034661645578,7.379259069680412e-06,170748.84999999998
495817671,9630806627,3437,潜力词,1.98,2.0,1.0,0.5,0.6255889624509309,1.6146400763588267,1.0234126077566463,1.1595978538069218e-05,170748.84999999998
495817671,9630806627,3443,潜力词,7.46,22.0,21.0,0.9545454545454546,0.6255889624509309,4.71405641596451,1.482193889020105,4.3689898936361805e-05,170748.84999999998
495817671,9630806627,3505,潜力词,0.5,1.0,1.0,1.0,0.6255889624509309,3.1969873511904767,1.0217523500117869,2.928277408603338e-06,170748.84999999998
495817671,9630806627,3526,重点词,29.64,25.0,39.0,1.56,0.6255889624509309,1.3482571487814088,1.1296125300085502,0.00017358828478200588,170748.84999999998
495817671,9630806627,3539,黄金词,0.89,2.0,120.0,60.0,0.6255889624509309,3.5921206193151423,1.0453328227783547,5.212333787313942e-06,170748.84999999998
495817671,9630806627,3567,重点词,33494.72,17166.0,33833.0,1.97093090993825,0.6255889624509309,0.8192259088975176,0.8194953612749745,0.1961636637669888,170748.84999999998
495817671,9630806627,3575,重点词,1246.44,197.0,682.0,3.4619289340101522,0.6255889624509309,0.2526421280545088,0.28146559354251793,0.007299844186359089,170748.84999999998
495817671,9630806627,3587,重点词,1331.48,832.0,1556.0,1.8701923076923077,0.6255889624509309,0.9988484529209889,0.9988901309430743,0.007797885608014345,170748.84999999998
495817671,9630806627,3678,潜力词,3.98,11.0,11.0,1.0,0.6255889624509309,4.4179473446099555,1.2520087149230756,2.330908817248257e-05,170748.84999999998
495817671,9630806627,3714,潜力词,1.0,1.0,1.0,1.0,0.6255889624509309,1.5984936755952384,1.0117351701097106,5.856554817206676e-06,170748.84999999998
495817671,9630806627,3774,潜力词,2.56,9.0,9.0,1.0,0.6255889624509309,5.619704328264509,1.2250084299915742,1.499278033204909e-05,170748.84999999998
495817671,9630806627,3784,潜力词,6.91,15.0,11.0,0.7333333333333333,0.6255889624509309,3.469957327630763,1.2999016892273514,4.046879378689813e-05,170748.84999999998
495817671,9630806627,3809,重点词,17.29,21.0,27.0,1.2857142857142858,0.6255889624509309,1.941490294245229,1.241913615507505,0.00010125983278950343,170748.84999999998
495817671,9630806627,3830,重点词,53.31,116.0,129.0,1.1120689655172413,0.6255889624509309,3.47824547681575,2.278823602449401,0.00031221293730528793,170748.84999999998
495817671,9630806627,3842,黄金词,1.8,2.0,2.0,1.0,0.6255889624509309,1.7761040839947093,1.0269688677836,1.0541798670972017e-05,170748.84999999998
495817671,9630806627,3873,黄金词,1.53,1.0,4.0,4.0,0.6255889624509309,1.0447671082321819,1.001329199992145,8.960528870326214e-06,170748.84999999998
495817671,9630806627,3877,潜力词,1.5,1.0,1.0,1.0,0.6255889624509309,1.0656624503968255,1.0019124985552472,8.784832225810014e-06,170748.84999999998
495817671,9630806627,3882,潜力词,2.83,3.0,3.0,1.0,0.6255889624509309,1.694516263881878,1.0372038808780184,1.6574050132694895e-05,170748.84999999998
495817671,9630806627,3905,重点词,115.64,57.0,204.0,3.5789473684210527,0.6255889624509309,0.7879119639305481,0.8519327427489047,0.00067725199906178,170748.84999999998
495817671,9630806627,3913,潜力词,0.45,3.0,1.0,0.3333333333333333,0.6255889624509309,10.656624503968255,1.0861344108381705,2.6354496677430042e-06,170748.84999999998
495817671,9630806627,3964,重点词,15.17,14.0,36.0,2.5714285714285716,0.6255889624509309,1.4752084019995608,1.110617024065265,8.884393657702527e-05,170748.84999999998
495817671,9630806627,3973,潜力词,7.09,8.0,7.0,0.875,0.6255889624509309,1.803660000671637,1.0998064355362043,4.152297365399533e-05,170748.84999999998
495817671,9630806627,3989,重点词,8240.76,1204.0,10226.0,8.493355481727574,0.6255889624509309,0.23354476837290092,0.2381671144040675,0.04826246267544409,170748.84999999998
495817671,9630806627,4001,潜力词,1.61,2.0,2.0,1.0,0.6255889624509309,1.9857064293108548,1.0307496095948552,9.429053255702749e-06,170748.84999999998
495817671,9630806627,4002,重点词,194.96,150.0,388.0,2.5866666666666664,0.6255889624509309,1.2298627992372062,1.1829443637299384,0.0011417939271626135,170748.84999999998
495817671,9630806627,4016,黄金词,5.08,4.0,21.0,5.25,0.6255889624509309,1.2586564374765654,1.023855749861673,2.9751298471409914e-05,170748.84999999998
495817671,9630806627,4054,重点词,1793.1,669.0,1298.0,1.9402092675635276,0.6255889624509309,0.5963929892215796,0.6073421241241466,0.01050138844273329,170748.84999999998
495817671,9630806627,4056,潜力词,5.66,7.0,4.0,0.5714285714285714,0.6255889624509309,1.9769356411955241,1.0993434374625703,3.314810026538979e-05,170748.84999999998
495817671,9630806627,4110,潜力词,1.55,5.0,4.0,0.8,0.6255889624509309,5.156431211597543,1.124975138273059,9.077659966670348e-06,170748.84999999998
495817671,9630806627,4158,重点词,11.34,13.0,17.0,1.3076923076923077,0.6255889624509309,1.8324883406294619,1.153903126552626,6.64133316271237e-05,170748.84999999998
495817671,9630806627,4173,重点词,27.6,28.0,50.0,1.7857142857142858,0.6255889624509309,1.6216602506038647,1.2211059654209624,0.00016164091295490425,170748.84999999998
495817671,9630806627,4177,潜力词,1.93,2.0,1.0,0.5,0.6255889624509309,1.6564701301505063,1.024397984810138,1.1303150797208884e-05,170748.84999999998
495817671,9630806627,4190,重点词,21.98,25.0,49.0,1.96,0.6255889624509309,1.8181229249263402,1.2498241440661426,0.00012872707488220274,170748.84999999998
495817671,9630806627,4244,重点词,14.34,17.0,46.0,2.7058823529411766,0.6255889624509309,1.8950064494504222,1.1994776575243868,8.398299607874373e-05,170748.84999999998
495817671,9630806627,4256,重点词,187.93,58.0,100.0,1.7241379310344827,0.6255889624509309,0.49333599310660253,0.5998093270479713,0.0011006223467976506,170748.84999999998
495817671,9630806627,4286,黄金词,1.71,1.0,11.0,11.0,0.6255889624509309,0.9347916231551101,0.9978436216514258,1.0014708737423416e-05,170748.84999999998
495817671,9630806627,4355,重点词,19.69,16.0,32.0,2.0,0.6255889624509309,1.2989283295847542,1.0844582983143036,0.00011531556435079945,170748.84999999998
495817671,9630806627,4538,潜力词,5.54,4.0,2.0,0.5,0.6255889624509309,1.1541470581915079,1.0153758498808236,3.244531368732499e-05,170748.84999999998
495817671,9630806627,4563,重点词,1429.75,374.0,522.0,1.3957219251336899,0.6255889624509309,0.418140678211309,0.43780140880055357,0.008373409249901246,170748.84999999998
495817671,9630806627,4579,重点词,193.14,89.0,82.0,0.9213483146067416,0.6255889624509309,0.7365948903799121,0.7907622650652966,0.0011311349973952972,170748.84999999998
495817671,9630806627,4593,黄金词,5.08,6.0,11.0,1.8333333333333333,0.6255889624509309,1.8879846562148481,1.0818983669856832,2.9751298471409914e-05,170748.84999999998
495817671,9630806627,4606,黄金词,1.3,1.0,0.0,0.0,0.6255889624509309,1.2296105196886447,1.0058185901675485,7.613521262368679e-06,170748.84999999998
495817671,9630806627,4652,重点词,194.44,90.0,101.0,1.1222222222222222,0.6255889624509309,0.7398911273584213,0.7930961823088342,0.001138748518657666,170748.84999999998
495817671,9630806627,4688,黄金词,2.48,5.0,9.0,1.8,0.6255889624509309,3.222769507248464,1.105039412690095,1.4524255946672556e-05,170748.84999999998
495817671,9630806627,4718,黄金词,1.41,1.0,0.0,0.0,0.6255889624509309,1.1336834578689634,1.0036664788094776,8.257742292261412e-06,170748.84999999998
495817671,9630806627,4721,重点词,18.53,32.0,59.0,1.84375,0.6255889624509309,2.760485570374939,1.4760221453239109,0.00010852196076283971,170748.84999999998
495817671,9630806627,4735,潜力词,8.0,12.0,12.0,1.0,0.6255889624509309,2.3977405133928573,1.192791794950739,4.685243853765341e-05,170748.84999999998
495817671,9630806627,4751,重点词,453.98,133.0,230.0,1.7293233082706767,0.6255889624509309,0.4683018169394394,0.5210517458116725,0.0026587587559154867,170748.84999999998
495817671,9630806627,4760,重点词,2556.38,436.0,1281.0,2.938073394495413,0.6255889624509309,0.2726289685256198,0.286582632831561,0.014971579603610802,170748.84999999998
495817671,9630806627,4762,潜力词,3.14,7.0,5.0,0.7142857142857143,0.6255889624509309,3.5635209328556265,1.1514763968604942,1.8389582126028963e-05,170748.84999999998
495817671,9630806627,4804,重点词,24.55,27.0,65.0,2.4074074074074074,0.6255889624509309,1.7580174843613616,1.2496221226166522,0.0001437784207624239,170748.84999999998
495817671,9630806627,4807,黄金词,0.31,1.0,6.0,6.0,0.6255889624509309,5.1564312115975435,1.02561108478623,1.8155319933340695e-06,170748.84999999998
495817671,9630806627,4828,重点词,159.62,47.0,88.0,1.872340425531915,0.6255889624509309,0.47067537121273145,0.5969335118451302,0.0009348232799225297,170748.84999999998
495817671,9630806627,4832,重点词,171.45,73.0,180.0,2.4657534246575343,0.6255889624509309,0.6806068143391799,0.7527208774822867,0.0010041063234100846,170748.84999999998
495817671,9630806627,4854,潜力词,7.17,12.0,10.0,0.8333333333333334,0.6255889624509309,2.675303222753537,1.2101088701616731,4.199149803937187e-05,170748.84999999998
495817671,9630806627,4887,重点词,167.05,190.0,239.0,1.2578947368421052,0.6255889624509309,1.8181011575162842,1.629642010426608,0.0009783374822143753,170748.84999999998
495817671,9630806627,4923,黄金词,2.4,3.0,14.0,4.666666666666667,0.6255889624509309,1.9981170944940478,1.0457152867707196,1.4055731561296021e-05,170748.84999999998
495817671,9630806627,4927,重点词,150.07,36.0,45.0,1.25,0.6255889624509309,0.3834595343601558,0.5375407223543188,0.0008788931814182058,170748.84999999998
495817671,9630806627,4931,潜力词,1.62,3.0,2.0,0.6666666666666666,0.6255889624509309,2.960173473324515,1.0615164863770963,9.487618803874816e-06,170748.84999999998
495817671,9630806627,4995,重点词,182.38,142.0,50.0,0.352112676056338,0.6255889624509309,1.244577815190941,1.19195327452674,0.0010681184675621536,170748.84999999998
495817671,9630806627,5009,潜力词,2.96,5.0,8.0,1.6,0.6255889624509309,2.7001582358027676,1.0950239497352,1.733540225893176e-05,170748.84999999998
495817671,9630806627,5027,潜力词,0.1,1.0,1.0,1.0,0.6255889624509309,15.984936755952383,1.0299100534050944,5.856554817206676e-07,170748.84999999998
495817671,9630806627,5048,潜力词,2.15,3.0,1.0,0.3333333333333333,0.6255889624509309,2.2304562915282395,1.050728303485824,1.2591592856994353e-05,170748.84999999998
495817671,9630806627,5061,潜力词,1.26,1.0,1.0,1.0,0.6255889624509309,1.268645774281935,1.0066034661645578,7.379259069680412e-06,170748.84999999998
495817671,9630806627,5082,黄金词,0.74,1.0,0.0,0.0,0.6255889624509309,2.1601265886422136,1.0169194654236349,4.33385056473294e-06,170748.84999999998
495817671,9630806627,5194,重点词,1244.51,197.0,219.0,1.1116751269035532,0.6255889624509309,0.2530339282868454,0.2818852338662984,0.007288541035561881,170748.84999999998
495817671,9630806627,5199,潜力词,2.75,2.0,3.0,1.5,0.6255889624509309,1.1625408549783551,1.0084736938614307,1.610552574731836e-05,170748.84999999998
495817671,9630806627,5210,重点词,12400.94,6640.0,12836.0,1.933132530120482,0.6255889624509309,0.8559026981787172,0.8564813585120787,0.07262678489489095,170748.84999999998
495817671,9630806627,5273,潜力词,0.36,1.0,1.0,1.0,0.6255889624509309,4.440260209986773,1.0245928053136464,2.1083597341944032e-06,170748.84999999998
495817671,9630806627,5284,潜力词,0.91,1.0,1.0,1.0,0.6255889624509309,1.7565864566980638,1.0135237414180953,5.329464883658075e-06,170748.84999999998
495817671,9630806627,5304,重点词,299.99,77.0,371.0,4.818181818181818,0.6255889624509309,0.4102937198601065,0.4945398811989866,0.0017569078796138308,170748.84999999998
495817671,9630806627,5345,重点词,140.22,49.0,122.0,2.489795918367347,0.6255889624509309,0.5585949943243951,0.6746198617609435,0.0008212061164687201,170748.84999999998
495817671,9630806627,5428,潜力词,3.11,4.0,3.0,0.75,0.6255889624509309,2.0559404187720105,1.0618334532551488,1.8213885481512763e-05,170748.84999999998
495817671,9630806627,5486,重点词,1121.76,52.0,93.0,1.7884615384615385,0.6255889624509309,0.07409933598180751,0.11360830812705024,0.006569648931749761,170748.84999999998
495817671,9630806627,5493,重点词,6217.86,3852.0,3190.0,0.828141225337487,0.6255889624509309,0.9902760175354315,0.9903535877305585,0.0364152379357167,170748.84999999998
495817671,9630806627,5501,潜力词,0.59,1.0,1.0,1.0,0.6255889624509309,2.709311314568201,1.0199346447043929,3.4553673421519385e-06,170748.84999999998
495817671,9630806627,5602,潜力词,1.5,1.0,1.0,1.0,0.6255889624509309,1.0656624503968255,1.0019124985552472,8.784832225810014e-06,170748.84999999998
495817671,9630806627,5621,重点词,200.67,223.0,215.0,0.9641255605381166,0.6255889624509309,1.776369610094873,1.6215107099283448,0.0011752348551688635,170748.84999999998
495817671,9630806627,5626,重点词,1662.23,1045.0,802.0,0.7674641148325358,0.6255889624509309,1.0049306600151748,1.0047866764377589,0.009734941113805453,170748.84999999998
495817671,9630806627,5630,重点词,5131.63,5913.0,4780.0,0.8083882969727718,0.6255889624509309,1.8418890496381546,1.8337652637866162,0.030053672396622294,170748.84999999998
495817671,9630806627,5655,潜力词,3.04,5.0,4.0,0.8,0.6255889624509309,2.629101440123747,1.093372329901512,1.7803926644308295e-05,170748.84999999998
495817671,9630806627,5679,重点词,28.92,27.0,42.0,1.5555555555555556,0.6255889624509309,1.4923696141449319,1.1804273852137788,0.00016937156531361707,170748.84999999998
495817671,9630806627,5702,重点词,924.69,93.0,107.0,1.1505376344086022,0.6255889624509309,0.1607672969647743,0.20381855957315367,0.005415497673922841,170748.84999999998
495817671,9630806627,5734,潜力词,4.55,4.0,7.0,1.75,0.6255889624509309,1.4052691653584513,1.0338033859281568,2.6647324418290376e-05,170748.84999999998
495817671,9630806627,5742,潜力词,1.27,1.0,1.0,1.0,0.6255889624509309,1.2586564374765654,1.0064071323502093,7.4378246178524785e-06,170748.84999999998
495817671,9630806627,5783,重点词,170.77,117.0,128.0,1.0940170940170941,0.6255889624509309,1.0951792472017503,1.073623046811808,0.0010001238661343842,170748.84999999998
495817671,9630806627,5795,潜力词,1.29,1.0,1.0,1.0,0.6255889624509309,1.2391423841823552,1.0060146943964756,7.554955714196612e-06,170748.84999999998
495817671,9630806627,5813,潜力词,2.31,3.0,3.0,1.0,0.6255889624509309,2.0759658124613485,1.047514452815632,1.3528641627747422e-05,170748.84999999998
495817671,9630806627,5832,潜力词,5.52,8.0,6.0,0.75,0.6255889624509309,2.3166575008626644,1.130906869682311,3.232818259098085e-05,170748.84999999998
495817671,9630806627,5834,重点词,1229.83,157.0,191.0,1.21656050955414,0.6255889624509309,0.20406357550917803,0.23515897194819033,0.0072025668108452855,170748.84999999998
495817671,9630806627,5870,潜力词,7.27,11.0,10.0,0.9090909090909091,0.6255889624509309,2.4186286700890816,1.1800843448847147,4.257715352109253e-05,170748.84999999998
495817671,9630806627,6004,重点词,42.67,39.0,74.0,1.8974358974358974,0.6255889624509309,1.4610089840218958,1.2122720767045894,0.0002498991940502089,170748.84999999998
495817671,9630806627,6091,黄金词,6.28,7.0,45.0,6.428571428571429,0.6255889624509309,1.7817604664278133,1.0872326888622363,3.6779164252057927e-05,170748.84999999998
495817671,9630806627,6119,重点词,1007.59,169.0,182.0,1.0769230769230769,0.6255889624509309,0.2681104726878942,0.30271223364025307,0.005901006068269275,170748.84999999998
495817671,9630806627,6133,重点词,76.35,40.0,98.0,2.45,0.6255889624509309,0.837455756696916,0.9017787655228297,0.0004471479602937297,170748.84999999998
495817671,9630806627,6154,潜力词,4.51,6.0,5.0,0.8333333333333334,0.6255889624509309,2.126599124960406,1.0932115584951647,2.641306222560211e-05,170748.84999999998
495817671,9630806627,6157,黄金词,6.75,7.0,17.0,2.4285714285714284,0.6255889624509309,1.6576971450617286,1.0782282947870778,3.953174501614506e-05,170748.84999999998
495817671,9630806627,6159,重点词,2951.62,1910.0,1493.0,0.7816753926701571,0.6255889624509309,1.034388884879119,1.0338160461307244,0.01728632432956357,170748.84999999998
495817671,9630806627,6209,潜力词,7.2,4.0,3.0,0.75,0.6255889624509309,0.8880520419973547,0.9859086486430235,4.216719468388807e-05,170748.84999999998
495817671,9630806627,6250,潜力词,3.0,3.0,3.0,1.0,0.6255889624509309,1.5984936755952384,1.0338770005053908,1.7569664451620028e-05,170748.84999999998
495817671,9630806627,6256,重点词,127.35,41.0,59.0,1.4390243902439024,0.6255889624509309,0.5146308653270889,0.6514702041127982,0.0007458322559712702,170748.84999999998
495817671,9630806627,6261,重点词,136.68,48.0,89.0,1.8541666666666667,0.6255889624509309,0.5613674014381872,0.6788498844470292,0.0008004739124158085,170748.84999999998
495817671,9630806627,6270,潜力词,0.9,2.0,1.0,0.5,0.6255889624509309,3.5522081679894186,1.0451274528721113,5.2708993354860085e-06,170748.84999999998
495817671,9630806627,6280,潜力词,3.71,4.0,4.0,1.0,0.6255889624509309,1.7234433160056477,1.0499716012359142,2.172781837183677e-05,170748.84999999998
495817671,9630806627,6360,重点词,31984.96,19838.0,39158.0,1.9738884968242767,0.6255889624509309,0.9914321461230009,0.9914455187850505,0.18732167156616283,170748.84999999998
495817671,9630806627,6378,潜力词,1.85,3.0,2.0,0.6666666666666666,0.6255889624509309,2.5921519063706566,1.0568077343642375,1.0834626411832351e-05,170748.84999999998
495817671,9630806627,6463,重点词,127.09,21.0,177.0,8.428571428571429,0.6255889624509309,0.26413067265323786,0.4718977197329042,0.0007443095517187965,170748.84999999998
495817671,9630806627,6474,重点词,23.07,18.0,34.0,1.8888888888888888,0.6255889624509309,1.2471992267323055,1.0780468887466033,0.000135110719632958,170748.84999999998
495817671,9630806627,6486,重点词,186.06,55.0,295.0,5.363636363636363,0.6255889624509309,0.4725204351162964,0.584246175369559,0.0010896705892894743,170748.84999999998
495817671,9630806627,6489,重点词,1542.48,551.0,581.0,1.0544464609800364,0.6255889624509309,0.5710090343167992,0.5844783075787302,0.009033618674444953,170748.84999999998
495817671,9630806627,6504,重点词,269.55,136.0,212.0,1.5588235294117647,0.6255889624509309,0.8065113703615373,0.8367865432043573,0.0015786343509780595,170748.84999999998
495817671,9630806627,6510,重点词,45.13,28.0,155.0,5.535714285714286,0.6255889624509309,0.9917532221729818,0.996087700164687,0.0002643063189005373,170748.84999999998
495817671,9630806627,6538,潜力词,1.11,1.0,1.0,1.0,0.6255889624509309,1.4400843924281423,1.009557692733227,6.500775847099411e-06,170748.84999999998
495817671,9630806627,6596,潜力词,1.48,3.0,1.0,0.3333333333333333,0.6255889624509309,3.240189882963321,1.064403283348596,8.66770112946588e-06,170748.84999999998
495817671,9630806627,6617,重点词,17.81,11.0,19.0,1.7272727272727273,0.6255889624509309,0.987278519458036,0.9966587587604722,0.00010430524129445089,170748.84999999998
500635396,9657930100,509,重点词,2532.96,350.0,889.0,2.54,0.4437697649690968,0.3113737544921464,0.3247039308306854,0.0031344777529867295,808096.34
500635396,9657930100,797,重点词,8332.06,3712.0,9168.0,2.4698275862068964,0.4437697649690968,1.0039171408279144,1.0038937746098968,0.010310726070111888,808096.34
500635396,9657930100,844,重点词,38287.88,15931.0,48781.0,3.0620174502542215,0.4437697649690968,0.9376138373334943,0.9376952009387152,0.04738034081431429,808096.34
500635396,9657930100,861,重点词,4227.49,768.0,2244.0,2.921875,0.4437697649690968,0.40937462699550664,0.41627850488890317,0.005231418323216264,808096.34
500635396,9657930100,998,黄金词,2.91,1.0,3.0,3.0,0.4437697649690968,0.7743713943823535,0.9875906399102752,3.6010557850070208e-06,808096.34
500635396,9657930100,1934,重点词,4656.78,2449.0,5135.0,2.096774193548387,0.4437697649690968,1.1850736851410926,1.1831076522572408,0.00576265448745876,808096.34
500635396,9657930100,1998,重点词,418.66,97.0,484.0,4.989690721649485,0.4437697649690968,0.5220986325235439,0.5730845676872507,0.0005180817920793949,808096.34
500635396,9657930100,2253,重点词,70.6,27.0,62.0,2.2962962962962963,0.4437697649690968,0.8617898081674437,0.9190908827248884,8.736582076340056e-05,808096.34
500635396,9657930100,2533,重点词,172871.87,59522.0,156572.0,2.6304895668828334,0.4437697649690968,0.7758816419178028,0.7759464452761294,0.21392482732937512,808096.34
500635396,9657930100,2818,重点词,13968.87,6980.0,12860.0,1.842406876790831,0.4437697649690968,1.1259949364848758,1.1255455602638078,0.017286144372340558,808096.34
500635396,9657930100,2832,重点词,164553.1,74970.0,173306.0,2.3116713352007467,0.4437697649690968,1.0266531241357293,1.0266450279564545,0.20363054731815766,808096.34
500635396,9657930100,2874,重点词,103832.28,39270.0,110134.0,2.804532722179781,0.4437697649690968,0.8522574401045562,0.8523285506731226,0.1284899768262779,808096.34
500635396,9657930100,2992,重点词,10.54,3.0,38.0,12.666666666666666,0.4437697649690968,0.6413911074912664,0.9375662747432764,1.3042999303771132e-05,808096.34
500635396,9657930100,3366,重点词,513.5,239.0,700.0,2.928870292887029,0.4437697649690968,1.0488170614975327,1.0444854677532973,0.0006354440362890396,808096.34
500635396,9657930100,3408,重点词,12956.21,6733.0,12890.0,1.9144512104559632,0.4437697649690968,1.171043226474045,1.1703856820146135,0.016033001708682406,808096.34
500635396,9657930100,3567,重点词,38819.52,16735.0,32505.0,1.9423364206752316,0.4437697649690968,0.9714441698227356,0.9714809027566351,0.048038232669139425,808096.34
500635396,9657930100,3587,黄金词,7.03,6.0,11.0,1.8333333333333333,0.4437697649690968,1.923260959589743,1.1138089522341907,8.699457789896685e-06,808096.34
500635396,9657930100,4196,重点词,657.56,352.0,563.0,1.5994318181818181,0.4437697649690968,1.2062839994734054,1.1917068611760593,0.0008137148597901087,808096.34
500635396,9657930100,4482,重点词,1556.31,396.0,1005.0,2.537878787878788,0.4437697649690968,0.5733784528984899,0.5866580050117655,0.0019258966078227753,808096.34
500635396,9657930100,4536,重点词,48121.97,23315.0,52173.0,2.237743941668454,0.4437697649690968,1.091777933544107,1.0916826728213835,0.059549793283310754,808096.34
500635396,9657930100,4721,重点词,72765.96,23486.0,55320.0,2.355445797496381,0.4437697649690968,0.727315903125996,0.7275031451103591,0.0900461447455634,808096.34
500635396,9657930100,4766,重点词,83.21,22.0,40.0,1.8181818181818181,0.4437697649690968,0.5957848415858463,0.7475058679405323,0.00010297039583176431,808096.34
500635396,9657930100,5166,潜力词,3.88,1.0,1.0,1.0,0.4437697649690968,0.5807785457867652,0.9698110756802645,4.801407713342694e-06,808096.34
500635396,9657930100,5331,重点词,4160.45,2130.0,3953.0,1.8558685446009389,0.4437697649690968,1.1536699669026527,1.151845102970025,0.005148457917777477,808096.34
500635396,9657930100,5337,重点词,727.12,260.0,711.0,2.7346153846153847,0.4437697649690968,0.8057671319585332,0.8182640994823047,0.0008997937052901391,808096.34
500635396,9657930100,5553,重点词,71798.68,51724.0,100920.0,1.9511252030005413,0.4437697649690968,1.6233715615499564,1.6229377529110571,0.0888491587525319,808096.34
500635396,9657930100,5573,重点词,10656.71,10553.0,10503.0,0.9952620108026153,0.4437697649690968,2.231490699804011,2.2257396768482947,0.013187425152797994,808096.34
500635396,9657930100,5867,重点词,24613.57,15146.0,13988.0,0.9235441700779083,0.4437697649690968,1.3866460978804382,1.3858622573863806,0.030458707435799055,808096.34
500635396,9657930100,5874,重点词,18.64,22.0,61.0,2.772727272727273,0.4437697649690968,2.6596167740535552,1.450688471275616,2.3066556643481396e-05,808096.34
500635396,9657930100,6001,重点词,182.78,71.0,244.0,3.436619718309859,0.4437697649690968,0.8753303085312292,0.9021087455680817,0.00022618590253731382,808096.34
500635396,9657930100,6023,重点词,344.18,149.0,280.0,1.8791946308724832,0.4437697649690968,0.9755351644204912,0.97863842125487,0.00042591456360265164,808096.34
500635396,9657930100,6133,潜力词,2.08,2.0,2.0,1.0,0.4437697649690968,2.166750728512162,1.0465983393875826,2.5739505267404132e-06,808096.34
500635396,9657930100,6180,重点词,1896.27,400.0,1364.0,3.41,0.4437697649690968,0.47533753266204676,0.48881619870884285,0.002346589021799059,808096.34
500635396,9657930100,6434,重点词,89.74,49.0,76.0,1.5510204081632653,0.4437697649690968,1.2304169503563605,1.1479720704521237,0.00011105111551427148,808096.34
500635396,9657930100,6452,潜力词,5.59,5.0,4.0,0.8,0.4437697649690968,2.0155820730345693,1.1021245509671387,6.9174920406148606e-06,808096.34
500635396,9657930100,6660,重点词,4349.38,2727.0,5333.0,1.9556288962229555,0.4437697649690968,1.4128630761439038,1.4081707890927295,0.005382254299035682,808096.34
500635396,9700005700,389,重点词,6387.87,4897.0,24764.0,5.05697365734123,0.4518640272729432,1.6965484476658665,1.6911386735661575,0.2372238011468526,26927.61
500635396,9700005700,416,重点词,2417.24,1207.0,507.0,0.420049710024855,0.4518640272729432,1.1050444028079505,1.102915619171013,0.08976808561918416,26927.61
500635396,9700005700,1900,潜力词,0.8,1.0,1.0,1.0,0.4518640272729432,2.7663189024891155,1.02781604570849,2.9709283519777655e-05,26927.61
500635396,9700005700,3371,重点词,4326.98,2145.0,3643.0,1.6983682983682984,0.4518640272729432,1.0970707598998197,1.0959618816333,0.16068934450550937,26927.61
500635396,9700005700,3897,重点词,12164.19,1125.0,364.0,0.32355555555555554,0.4518640272729432,0.20467347289381405,0.2079292210322751,0.4517367118730552,26927.61
500635396,9700005700,4956,黄金词,0.65,1.0,0.0,0.0,0.4518640272729432,3.404700187678911,1.0308599234351687,2.4138792859819345e-05,26927.61
500635396,9700005700,5248,潜力词,1.81,1.0,1.0,1.0,0.4518640272729432,1.222682387840493,1.0077794850799322,6.721725396349695e-05,26927.61
500635396,9700005700,5453,重点词,1623.0,2785.0,3265.0,1.1723518850987433,0.4518640272729432,3.797509867372612,3.713902280182755,0.06027270894074892,26927.61
500635396,9700005700,5963,潜力词,2.98,2.0,2.0,1.0,0.4518640272729432,1.4852718939538876,1.027295399093669,0.00011066708111117176,26927.61
500635396,9700005700,6656,潜力词,2.09,2.0,2.0,1.0,0.4518640272729432,2.117756097599323,1.0448475761947127,7.761550319541912e-05,26927.61
500635396,9773660250,232,重点词,2235.16,1712.0,3698.0,2.1600467289719627,0.6537207372154543,1.1716634484416888,1.1679073996651985,0.34740143675570484,6433.9400000000005
500635396,9773660250,3457,重点词,13.65,5.0,11.0,2.2,0.6537207372154543,0.56033156889077,0.9057113262428752,0.0021215615936735497,6433.9400000000005
500635396,9773660250,4229,重点词,65.11,48.0,251.0,5.229166666666667,0.6537207372154543,1.1277199936637459,1.0722426269433283,0.010119771088943944,6433.9400000000005
500635396,9773660250,4514,黄金词,5.52,2.0,6.0,3.0,0.6537207372154543,0.5542410083593486,0.9556810224449498,0.0008579501829361168,6433.9400000000005
500635396,9773660250,6586,重点词,4114.5,2439.0,5984.0,2.4534645346453465,0.6537207372154543,0.9067811256561247,0.9079003341366613,0.6394992803787415,6433.9400000000005
525368335,9811363528,32,潜力词,0.8,1.0,1.0,1.0,0.5530654996936872,2.2601301305040846,1.0198445689843163,4.484809725220193e-06,178379.92
525368335,9811363528,33,重点词,183.41,75.0,149.0,1.9866666666666666,0.5530654996936872,0.7393697608104524,0.7952007533106767,0.0010281986896282945,178379.92
525368335,9811363528,47,黄金词,0.38,1.0,55.0,55.0,0.5530654996936872,4.758168695798073,1.0283466475665595,2.1302846194795917e-06,178379.92
525368335,9811363528,61,潜力词,6.13,8.0,11.0,1.375,0.5530654996936872,2.359679092206548,1.1484915880140056,3.436485451949973e-05,178379.92
525368335,9811363528,74,黄金词,0.73,1.0,0.0,0.0,0.5530654996936872,2.4768549375387225,1.021251805724488,4.092388874263426e-06,178379.92
525368335,9811363528,110,潜力词,1.5,1.0,1.0,1.0,0.5530654996936872,1.2054027362688449,1.0059826039689954,8.409018234787861e-06,178379.92
525368335,9811363528,113,潜力词,1.44,1.0,1.0,1.0,0.5530654996936872,1.2556278502800469,1.007155989587933,8.072657505396347e-06,178379.92
525368335,9811363528,154,黄金词,1.48,2.0,0.0,0.0,0.5530654996936872,2.4433839248692806,1.041495885951953,8.296897991657357e-06,178379.92
525368335,9811363528,159,潜力词,1.03,1.0,1.0,1.0,0.5530654996936872,1.7554408780614248,1.0152479738272244,5.7741925212209985e-06,178379.92
525368335,9811363528,172,潜力词,0.95,1.0,1.0,1.0,0.5530654996936872,1.903267478319229,1.0168420825201818,5.325711548698979e-06,178379.92
525368335,9811363528,181,重点词,165.4,49.0,72.0,1.469387755102041,0.5530654996936872,0.5356535738558652,0.643440580853111,0.0009272344106892749,178379.92
525368335,9811363528,202,潜力词,6.04,7.0,6.0,0.8571428571428571,0.5530654996936872,2.095484889209085,1.1180715333837057,3.386031342541245e-05,178379.92
525368335,9811363528,206,重点词,122.53,26.0,38.0,1.4615384615384615,0.5530654996936872,0.38366691189492336,0.5622831201210512,0.0006869046695390377,178379.92
525368335,9811363528,213,潜力词,1.1,1.0,1.0,1.0,0.5530654996936872,1.6437310040029705,1.0138572231781462,6.166613372177765e-06,178379.92
525368335,9811363528,235,潜力词,1.29,1.0,1.0,1.0,0.5530654996936872,1.4016310886847034,1.010101464308896,7.231755681917561e-06,178379.92
525368335,9811363528,257,黄金词,3.48,3.0,16.0,5.333333333333333,0.5530654996936872,1.558710434830403,1.0363558772103554,1.9508922304707837e-05,178379.92
525368335,9811363528,263,潜力词,1.31,2.0,2.0,1.0,0.5530654996936872,2.7604642815317058,1.0449465641942417,7.343875925048066e-06,178379.92
525368335,9811363528,270,重点词,263.36,50.0,167.0,3.34,0.5530654996936872,0.3432761437582145,0.44806358571663063,0.0014763993615424876,178379.92
525368335,9811363528,295,潜力词,2.99,4.0,4.0,1.0,0.5530654996936872,2.4188683670946722,1.0800606985773364,1.676197634801047e-05,178379.92
525368335,9811363528,303,潜力词,1.3,2.0,2.0,1.0,0.5530654996936872,2.781698622158873,1.045150257481609,7.287815803482814e-06,178379.92
525368335,9811363528,307,黄金词,7.98,7.0,39.0,5.571428571428571,0.5530654996936872,1.5860562319326907,1.0806610681411326,4.473597700907142e-05,178379.92
525368335,9811363528,317,潜力词,5.17,5.0,2.0,0.4,0.5530654996936872,1.7486500042584794,1.0701562537976497,2.8983082849235495e-05,178379.92
525368335,9811363528,363,黄金词,1.21,1.0,9.0,9.0,0.5530654996936872,1.4943009127299731,1.01167943964857,6.783274709395541e-06,178379.92
525368335,9811363528,377,潜力词,2.08,2.0,1.0,0.5,0.5530654996936872,1.7385616388492955,1.0294970854225525,1.1660505285572501e-05,178379.92
525368335,9811363528,378,黄金词,0.59,1.0,0.0,0.0,0.5530654996936872,3.0645832278021485,1.024077962134874,3.307547172349892e-06,178379.92
525368335,9811363528,396,潜力词,4.0,8.0,5.0,0.625,0.5530654996936872,3.616208208806535,1.1937932006523357,2.2424048626100963e-05,178379.92
525368335,9811363528,432,黄金词,2.08,3.0,0.0,0.0,0.5530654996936872,2.6078424582739435,1.0642149061676232,1.1660505285572501e-05,178379.92
525368335,9811363528,433,重点词,438.82,72.0,332.0,4.611111111111111,0.5530654996936872,0.29666718817974397,0.36860909029302247,0.0024600302545264062,178379.92
525368335,9811363528,435,黄金词,0.7,1.0,0.0,0.0,0.5530654996936872,2.5830058634332396,1.0218560967337922,3.924208509567669e-06,178379.92
525368335,9811363528,469,重点词,124.59,25.0,119.0,4.76,0.5530654996936872,0.3628108404372878,0.5452924142853639,0.0006984530545814798,178379.92
525368335,9811363528,472,潜力词,2.19,4.0,6.0,1.5,0.5530654996936872,3.3024732500516305,1.0966165245758397,1.2277166622790277e-05,178379.92
525368335,9811363528,493,黄金词,0.55,1.0,0.0,0.0,0.5530654996936872,3.287462008005941,1.0248883106706879,3.0833066860888826e-06,178379.92
525368335,9811363528,501,潜力词,1.81,3.0,2.0,0.6666666666666666,0.5530654996936872,2.9968576316076256,1.0697609016253582,1.0146882003310686e-05,178379.92
525368335,9811363528,516,潜力词,7.59,6.0,4.0,0.6666666666666666,0.5530654996936872,1.42933130782867,1.056583167675284,4.254963226802658e-05,178379.92
525368335,9811363528,543,潜力词,1.58,3.0,3.0,1.0,0.5530654996936872,3.433109058993546,1.0745310646221364,8.85749920730988e-06,178379.92
525368335,9811363528,557,重点词,111.75,13.0,26.0,2.0,0.5530654996936872,0.21033873250328838,0.4544380423940802,0.0006264718584916957,178379.92
525368335,9811363528,560,黄金词,1.56,3.0,5.0,1.6666666666666667,0.5530654996936872,3.477123277698591,1.0749478726378938,8.745378964179377e-06,178379.92
525368335,9811363528,561,潜力词,1.12,2.0,2.0,1.0,0.5530654996936872,3.228757329291549,1.0488303640220373,6.27873361530827e-06,178379.92
525368335,9811363528,568,黄金词,2.89,2.0,4.0,2.0,0.5530654996936872,1.251283117234095,1.0137305390207323,1.6201375132357946e-05,178379.92
525368335,9811363528,579,重点词,12.94,14.0,25.0,1.7857142857142858,0.5530654996936872,1.9562177327392387,1.1965913165180448,7.254179730543661e-05,178379.92
525368335,9811363528,597,潜力词,0.87,1.0,1.0,1.0,0.5530654996936872,2.0782805797738706,1.0184412051189948,4.877230576176959e-06,178379.92
525368335,9811363528,609,黄金词,7.94,8.0,14.0,1.75,0.5530654996936872,1.8217673596002697,1.1126136146915109,4.4511736522810414e-05,178379.92
525368335,9811363528,618,重点词,8.11,8.0,37.0,4.625,0.5530654996936872,1.7835798810389818,1.1093586789748089,4.54647585894197e-05,178379.92
525368335,9811363528,640,重点词,432.45,35.0,165.0,4.714285714285714,0.5530654996936872,0.14633748098997426,0.23480908623508,0.0024243199570893404,178379.92
525368335,9811363528,644,潜力词,0.97,2.0,2.0,1.0,0.5530654996936872,3.728049699800552,1.0519169748637736,5.437831791829484e-06,178379.92
525368335,9811363528,653,重点词,570.08,73.0,221.0,3.0273972602739727,0.5530654996936872,0.23153171418298926,0.2934969675226398,0.0031958754101919094,178379.92
525368335,9811363528,660,黄金词,2.76,3.0,4.0,1.3333333333333333,0.5530654996936872,1.9653305482644214,1.050498717081308,1.5472593552009663e-05,178379.92
525368335,9811363528,661,潜力词,2.71,2.0,2.0,1.0,0.5530654996936872,1.3343941729913413,1.0171923393816455,1.5192292944183403e-05,178379.92
525368335,9811363528,666,潜力词,6.06,6.0,9.0,1.5,0.5530654996936872,1.7902020835675918,1.0854196330078416,3.3972433668542957e-05,178379.92
525368335,9811363528,669,潜力词,1.5,1.0,1.0,1.0,0.5530654996936872,1.2054027362688449,1.0059826039689954,8.409018234787861e-06,178379.92
525368335,9811363528,674,潜力词,5.07,4.0,4.0,1.0,0.5530654996936872,1.4265121139276271,1.039266686355785,2.842248163358297e-05,178379.92
525368335,9811363528,709,重点词,1363.47,2319.0,263.0,0.11341095299698145,0.5530654996936872,3.075237018864498,3.001827713436562,0.00764362939505747,178379.92
525368335,9811363528,710,潜力词,6.56,8.0,16.0,2.0,0.5530654996936872,2.2050050053698382,1.1397601279212541,3.677543974680558e-05,178379.92
525368335,9811363528,725,潜力词,6.12,7.0,2.0,0.2857142857142857,0.5530654996936872,2.068092929873018,1.1164777036853684,3.4308794397934476e-05,178379.92
525368335,9811363528,735,重点词,23.37,23.0,24.0,1.0434782608695652,0.5530654996936872,1.7794777236317993,1.2482812375804162,0.00013101250409799489,178379.92
525368335,9811363528,751,重点词,118.97,21.0,76.0,3.619047619047619,0.5530654996936872,0.319157654807671,0.5206260649373771,0.0006669472662618079,178379.92
525368335,9811363528,752,潜力词,5.46,8.0,7.0,0.875,0.5530654996936872,2.6492367830084502,1.1623662610029957,3.0608826374627814e-05,178379.92
525368335,9811363528,766,潜力词,6.28,4.0,4.0,1.0,0.5530654996936872,1.1516586652250111,1.0169228219192088,3.5205756342978515e-05,178379.92
525368335,9811363528,785,潜力词,0.15,1.0,1.0,1.0,0.5530654996936872,12.054027362688451,1.0330628934078419,8.409018234787861e-07,178379.92
525368335,9811363528,809,黄金词,6.97,2.0,4.0,2.0,0.5530654996936872,0.5188247071458443,0.9411305636090317,3.9073904730980926e-05,178379.92
525368335,9811363528,810,潜力词,1.87,1.0,1.0,1.0,0.5530654996936872,0.9669005905899825,0.9988067110931805,1.0483242732702202e-05,178379.92
525368335,9811363528,829,重点词,112.68,22.0,79.0,3.590909090909091,0.5530654996936872,0.35301997068576396,0.5518704837525933,0.0006316854497972642,178379.92
525368335,9811363528,831,黄金词,1.96,2.0,4.0,2.0,0.5530654996936872,1.8450041881665995,1.0318746768438516,1.0987783826789472e-05,178379.92
525368335,9811363528,836,重点词,22.95,53.0,54.0,1.0188679245283019,0.5530654996936872,4.175578106029333,1.9990338249948345,0.00012865797899225427,178379.92
525368335,9811363528,848,重点词,8.34,8.0,27.0,3.375,0.5530654996936872,1.7343924262861081,1.1049851360169032,4.675414138542051e-05,178379.92
525368335,9811363528,874,重点词,16.71,15.0,34.0,2.2666666666666666,0.5530654996936872,1.6230737023368649,1.1560719767058762,9.367646313553677e-05,178379.92
525368335,9811363528,884,潜力词,4.94,5.0,4.0,0.8,0.5530654996936872,1.8300648829992587,1.0746363400439813,2.769370005323469e-05,178379.92
525368335,9811363528,888,重点词,244.33,31.0,104.0,3.3548387096774195,0.5530654996936872,0.22940787965661721,0.36031402587742084,0.001369716950203812,178379.92
525368335,9811363528,901,潜力词,2.85,3.0,2.0,0.6666666666666666,0.5530654996936872,1.903267478319229,1.0487097883294192,1.5977134646096938e-05,178379.92
525368335,9811363528,905,黄金词,0.75,1.0,0.0,0.0,0.5530654996936872,2.4108054725376897,1.020849341958685,4.2045091173939305e-06,178379.92
525368335,9811363528,911,潜力词,1.96,4.0,4.0,1.0,0.5530654996936872,3.690008376333199,1.1014706777831615,1.0987783826789472e-05,178379.92
525368335,9811363528,926,重点词,1346.58,500.0,94.0,0.188,0.5530654996936872,0.6713689882529325,0.6831345516917282,0.007548943849733758,178379.92
525368335,9811363528,937,重点词,286.55,134.0,107.0,0.7985074626865671,0.5530654996936872,0.8455276565696662,0.868477046471662,0.0016064027834523078,178379.92
525368335,9811363528,944,潜力词,1.08,3.0,3.0,1.0,0.5530654996936872,5.0225114011201875,1.0850491838921263,6.05449312904726e-06,178379.92
525368335,9811363528,954,重点词,22.07,35.0,90.0,2.5714285714285716,0.5530654996936872,2.8674056934351775,1.5718557465535503,0.00012372468829451207,178379.92
525368335,9811363528,957,重点词,11.4,9.0,31.0,3.4444444444444446,0.5530654996936872,1.4274506087394219,1.079363793805039,6.390853858438775e-05,178379.92
525368335,9811363528,989,潜力词,2.24,3.0,3.0,1.0,0.5530654996936872,2.421567996968662,1.0609554424427605,1.255746723061654e-05,178379.92
525368335,9811363528,993,潜力词,2.26,4.0,5.0,1.25,0.5530654996936872,3.2001842555810045,1.0951476543745327,1.2669587473747043e-05,178379.92
525368335,9811363528,1010,潜力词,4.3,4.0,2.0,0.5,0.5530654996936872,1.6819573064216442,1.054003985591401,2.4105852273058534e-05,178379.92
525368335,9811363528,1014,潜力词,2.6,4.0,4.0,1.0,0.5530654996936872,2.781698622158873,1.0880687531865603,1.4575631606965627e-05,178379.92
525368335,9811363528,1093,潜力词,6.03,5.0,6.0,1.2,0.5530654996936872,1.4992571346627426,1.0537305108337736,3.38042533038472e-05,178379.92
525368335,9811363528,1124,潜力词,6.52,6.0,3.0,0.5,0.5530654996936872,1.663899482579694,1.0765857152586624,3.655119926054457e-05,178379.92
525368335,9811363528,1135,潜力词,1.46,1.0,1.0,1.0,0.5530654996936872,1.2384274687693613,1.006764557022994,8.184777748526851e-06,178379.92
525368335,9811363528,1136,潜力词,0.15,1.0,1.0,1.0,0.5530654996936872,12.054027362688451,1.0330628934078419,8.409018234787861e-07,178379.92
525368335,9811363528,1143,潜力词,7.32,5.0,4.0,0.8,0.5530654996936872,1.2350437871607018,1.0300160593512968,4.103600898576477e-05,178379.92
525368335,9811363528,1149,潜力词,0.37,1.0,1.0,1.0,0.5530654996936872,4.886767849738561,1.0285508061227568,2.0742244979143393e-06,178379.92
525368335,9811363528,1167,重点词,1264.77,257.0,325.0,1.264591439688716,0.5530654996936872,0.36740494701142484,0.39146219858350867,0.0070903159952084285,178379.92
525368335,9811363528,1188,潜力词,0.39,1.0,1.0,1.0,0.5530654996936872,4.636164370264789,1.0281425700417397,2.186344741044844e-06,178379.92
525368335,9811363528,1194,潜力词,3.39,3.0,3.0,1.0,0.5530654996936872,1.600092127790502,1.038102871571639,1.900438121062057e-05,178379.92
525368335,9811363528,1205,重点词,12.68,11.0,18.0,1.6363636363636365,0.5530654996936872,1.5685445700659262,1.1150150789476059,7.108423414474005e-05,178379.92
525368335,9811363528,1209,重点词,21.0,22.0,86.0,3.909090909090909,0.5530654996936872,1.8942042998510422,1.2644829619277729,0.00011772625528703006,178379.92
525368335,9811363528,1233,黄金词,3.36,2.0,3.0,1.5,0.5530654996936872,1.0762524430971832,1.0048015031635407,1.883620084592481e-05,178379.92
525368335,9811363528,1235,重点词,10.08,10.0,27.0,2.7,0.5530654996936872,1.7937540718286384,1.1331731199073347,5.650860253777443e-05,178379.92
525368335,9811363528,1236,黄金词,1.34,2.0,0.0,0.0,0.5530654996936872,2.6986628423929364,1.0443359604364342,7.5120562897438234e-06,178379.92
525368335,9811363528,1241,重点词,24.82,23.0,67.0,2.9130434782608696,0.5530654996936872,1.6755195165703125,1.2240897407280829,0.00013914122172495647,178379.92
525368335,9811363528,1255,潜力词,1.5,1.0,1.0,1.0,0.5530654996936872,1.2054027362688449,1.0059826039689954,8.409018234787861e-06,178379.92
525368335,9811363528,1257,潜力词,0.61,1.0,1.0,1.0,0.5530654996936872,2.9641050891856846,1.0236732682158323,3.419667415480397e-06,178379.92
525368335,9811363528,1265,潜力词,4.26,1.0,1.0,1.0,0.5530654996936872,0.4244375831932553,0.9548120918614683,2.3881611786797526e-05,178379.92
525368335,9811363528,1270,重点词,16.29,16.0,160.0,10.0,0.5530654996936872,1.7759156335452597,1.1906722834583239,9.132193802979617e-05,178379.92
525368335,9811363528,1282,黄金词,0.65,1.0,0.0,0.0,0.5530654996936872,2.781698622158873,1.0228648391787416,3.643907901741407e-06,178379.92
525368335,9811363528,1292,黄金词,6.18,8.0,15.0,1.875,0.5530654996936872,2.3405878374152334,1.1474694345892869,3.464515512732599e-05,178379.92
525368335,9811363528,1294,潜力词,1.3,2.0,2.0,1.0,0.5530654996936872,2.781698622158873,1.045150257481609,7.287815803482814e-06,178379.92
525368335,9811363528,1295,潜力词,0.23,1.0,1.0,1.0,0.5530654996936872,7.861322193057685,1.0314175613060574,1.2893827960008055e-06,178379.92
525368335,9811363528,1296,重点词,10.54,6.0,14.0,2.3333333333333335,0.5530654996936872,1.0292812738538526,1.0050978630066008,5.908736812977603e-05,178379.92
525368335,9811363528,1308,重点词,44.83,48.0,61.0,1.2708333333333333,0.5530654996936872,1.9359579971304226,1.4424654329996502,0.0002513175249770265,178379.92
525368335,9811363528,1315,黄金词,0.63,1.0,0.0,0.0,0.5530654996936872,2.870006514925821,1.0232688940233707,3.531787658610902e-06,178379.92
525368335,9811363528,1318,重点词,239.2,249.0,245.0,0.9839357429718876,0.5530654996936872,1.882181948145542,1.729660864441264,0.0013409581078408376,178379.92
525368335,9811363528,1323,重点词,16.79,16.0,60.0,3.75,0.5530654996936872,1.723029521766068,1.1817587314036875,9.412494410805879e-05,178379.92
525368335,9811363528,1325,黄金词,5.23,8.0,63.0,7.875,0.5530654996936872,2.76574241591322,1.1672068230169497,2.931944357862701e-05,178379.92
525368335,9811363528,1327,重点词,8.67,6.0,34.0,5.666666666666667,0.5530654996936872,1.2512831172340952,1.037133537181176,4.860412539707384e-05,178379.92
525368335,9811363528,1337,潜力词,0.15,1.0,1.0,1.0,0.5530654996936872,12.054027362688451,1.0330628934078419,8.409018234787861e-07,178379.92
525368335,9811363528,1353,重点词,113.91,107.0,560.0,5.233644859813084,0.5530654996936872,1.6984210268734057,1.4853708692035241,0.0006385808447497901,178379.92
525368335,9811363528,1370,潜力词,1.66,2.0,2.0,1.0,0.5530654996936872,2.178438680003937,1.0378669804259881,9.305980179831899e-06,178379.92
525368335,9811363528,1381,潜力词,2.27,3.0,2.0,0.6666666666666666,0.5530654996936872,2.389564895687138,1.06034651450564,1.2725647595312297e-05,178379.92
525368335,9811363528,1398,潜力词,5.87,4.0,4.0,1.0,0.5530654996936872,1.2320981972083593,1.0243854737356914,3.290729135880316e-05,178379.92
525368335,9811363528,1402,潜力词,0.75,1.0,1.0,1.0,0.5530654996936872,2.4108054725376897,1.020849341958685,4.2045091173939305e-06,178379.92
525368335,9811363528,1437,重点词,19.68,21.0,43.0,2.0476190476190474,0.5530654996936872,1.9293793796986087,1.262488320787437,0.00011032631924041674,178379.92
525368335,9811363528,1523,潜力词,7.77,7.0,9.0,1.2857142857142858,0.5530654996936872,1.6289226165795203,1.0845893842967433,4.3558714456201115e-05,178379.92
525368335,9811363528,1525,重点词,29.45,32.0,180.0,5.625,0.5530654996936872,1.964663203426301,1.357574969677842,0.00016509705800966834,178379.92
525368335,9811363528,1535,黄金词,6.01,10.0,18.0,1.8,0.5530654996936872,3.0084926861951207,1.2155158193899782,3.3692133060716696e-05,178379.92
525368335,9811363528,1575,重点词,33.51,40.0,8.0,0.2,0.5530654996936872,2.1582860094339216,1.464784626704954,0.0001878574673651608,178379.92
525368335,9811363528,1617,潜力词,3.61,3.0,2.0,0.6666666666666666,0.5530654996936872,1.5025795881467598,1.0338427963665324,2.023770388505612e-05,178379.92
525368335,9811363528,1628,黄金词,2.96,3.0,14.0,4.666666666666667,0.5530654996936872,1.8325379436519604,1.0465315769110612,1.6593795983314714e-05,178379.92
525368335,9811363528,1629,黄金词,6.69,8.0,16.0,2.0,0.5530654996936872,2.1621573744732645,1.1371464603144494,3.750422132715386e-05,178379.92
525368335,9811363528,1638,重点词,19.33,26.0,59.0,2.269230769230769,0.5530654996936872,2.432007589988875,1.3992601574280246,0.0001083642149856329,178379.92
525368335,9811363528,1641,潜力词,0.34,1.0,1.0,1.0,0.5530654996936872,5.317953248244904,1.0291637684625201,1.906044133218582e-06,178379.92
525368335,9811363528,1649,重点词,12.97,12.0,31.0,2.5833333333333335,0.5530654996936872,1.6728796648295459,1.138593762948058,7.270997767013238e-05,178379.92
525368335,9811363528,1652,潜力词,2.48,3.0,2.0,0.6666666666666666,0.5530654996936872,2.1872227069394365,1.0561035120657356,1.3902910148182598e-05,178379.92
525368335,9811363528,1660,重点词,24.25,18.0,38.0,2.111111111111111,0.5530654996936872,1.3420978919281987,1.1117289411347988,0.0001359457947957371,178379.92
525368335,9811363528,1672,重点词,662.43,3390.0,507.0,0.1495575221238938,0.5530654996936872,9.25301226382724,8.673796603072692,0.003713590632847015,178379.92
525368335,9811363528,1677,重点词,24.31,21.0,39.0,1.8571428571428572,0.5530654996936872,1.5619163386453567,1.1838270245252134,0.0001362821555251286,178379.92
525368335,9811363528,1678,黄金词,5.64,6.0,10.0,1.6666666666666667,0.5530654996936872,1.9235150046843272,1.0936129515891373,3.161790856280236e-05,178379.92
525368335,9811363528,1688,黄金词,0.64,2.0,9.0,4.5,0.5530654996936872,5.650325326260211,1.0587718840601605,3.5878477801761543e-06,178379.92
525368335,9811363528,1694,黄金词,0.85,2.0,11.0,5.5,0.5530654996936872,4.2543625985959235,1.0543993748044551,4.765110333046454e-06,178379.92
525368335,9811363528,1705,重点词,14.22,13.0,33.0,2.5384615384615383,0.5530654996936872,1.6529784358117072,1.1445866296674319,7.971749286578892e-05,178379.92
525368335,9811363528,1716,黄金词,3.37,2.0,2.0,1.0,0.5530654996936872,1.0730588156695948,1.004613232317904,1.889226096749006e-05,178379.92
525368335,9811363528,1719,重点词,49.34,66.0,98.0,1.4848484848484849,0.5530654996936872,2.418623244641582,1.704599062720109,0.0002766006398029554,178379.92
525368335,9811363528,1742,重点词,13.43,15.0,37.0,2.466666666666667,0.5530654996936872,2.019475917055027,1.2158530910617849,7.528874326213398e-05,178379.92
525368335,9811363528,1816,黄金词,1.16,2.0,6.0,3.0,0.5530654996936872,3.117420869660806,1.0480103246443813,6.502974101569279e-06,178379.92
525368335,9811363528,1879,潜力词,1.82,2.0,2.0,1.0,0.5530654996936872,1.9869275872563377,1.034662450961145,1.0202942124875938e-05,178379.92
525368335,9811363528,1881,黄金词,2.24,3.0,8.0,2.6666666666666665,0.5530654996936872,2.421567996968662,1.0609554424427605,1.255746723061654e-05,178379.92
525368335,9811363528,1906,潜力词,0.81,1.0,1.0,1.0,0.5530654996936872,2.23222728938675,1.0196438516906763,4.540869846785445e-06,178379.92
525368335,9811363528,1916,重点词,1457.46,924.0,1318.0,1.4264069264069263,0.5530654996936872,1.1463012312300984,1.1414486569916409,0.008170538477649278,178379.92
525368335,9811363528,1930,黄金词,6.29,5.0,39.0,7.8,0.5530654996936872,1.437284661687812,1.048863395310292,3.526181646454377e-05,178379.92
525368335,9811363528,1935,潜力词,1.11,2.0,2.0,1.0,0.5530654996936872,3.25784523315904,1.0490355744239197,6.222673493743018e-06,178379.92
525368335,9811363528,1939,黄金词,0.2,1.0,0.0,0.0,0.5530654996936872,9.040520522016338,1.0320339463028538,1.1212024313050483e-06,178379.92
525368335,9811363528,1952,重点词,23556.53,28520.0,31283.0,1.0968793828892005,0.5530654996936872,2.1890800155023338,2.186561475048692,0.1320581935455515,178379.92
525368335,9811363528,1958,潜力词,0.73,2.0,1.0,0.5,0.5530654996936872,4.953709875077445,1.0568935188016269,4.092388874263426e-06,178379.92
525368335,9811363528,1988,潜力词,0.15,1.0,1.0,1.0,0.5530654996936872,12.054027362688451,1.0330628934078419,8.409018234787861e-07,178379.92
525368335,9811363528,2010,潜力词,2.75,3.0,2.0,0.6666666666666666,0.5530654996936872,1.9724772048035644,1.0506978637575317,1.541653343044441e-05,178379.92
525368335,9811363528,2019,潜力词,4.98,5.0,3.0,0.6,0.5530654996936872,1.815365566669947,1.0738545020374013,2.7917940539495703e-05,178379.92
525368335,9811363528,2030,潜力词,0.5,1.0,1.0,1.0,0.5530654996936872,3.616208208806535,1.025903051572342,2.8030060782626204e-06,178379.92
525368335,9811363528,2042,潜力词,0.31,1.0,1.0,1.0,0.5530654996936872,5.832593885171831,1.0297774618247517,1.7378637685228247e-06,178379.92
525368335,9811363528,2043,黄金词,2.64,2.0,0.0,0.0,0.5530654996936872,1.3697758366691422,1.0185449887691211,1.4799872093226637e-05,178379.92
525368335,9811363528,2054,潜力词,0.92,1.0,1.0,1.0,0.5530654996936872,1.9653305482644212,1.0174411646583517,5.157531184003222e-06,178379.92
525368335,9811363528,2056,重点词,24.53,26.0,52.0,2.0,0.5530654996936872,1.9164576728285756,1.3016329895945922,0.00013751547819956418,178379.92
525368335,9811363528,2060,黄金词,0.83,1.0,0.0,0.0,0.5530654996936872,2.178438680003937,1.0192426540311483,4.652990089915949e-06,178379.92
525368335,9811363528,2076,潜力词,3.75,5.0,5.0,1.0,0.5530654996936872,2.4108054725376897,1.0984282887816992,2.1022545586969652e-05,178379.92
525368335,9811363528,2078,重点词,127.96,115.0,117.0,1.017391304347826,0.5530654996936872,1.6249763364049372,1.4493817262664408,0.0007173453155489697,178379.92
525368335,9811363528,2091,潜力词,4.76,5.0,2.0,0.4,0.5530654996936872,1.899269017230323,1.078168745836675,2.6684617865060145e-05,178379.92
525368335,9811363528,2093,黄金词,1.85,3.0,11.0,3.6666666666666665,0.5530654996936872,2.932060709843136,1.06893562802719,1.0371122489571696e-05,178379.92
525368335,9811363528,2101,黄金词,3.75,3.0,5.0,1.6666666666666667,0.5530654996936872,1.446483283522614,1.0311499965248336,2.1022545586969652e-05,178379.92
525368335,9811363528,2175,重点词,8.76,7.0,19.0,2.7142857142857144,0.5530654996936872,1.4448320468975882,1.0663160097144804,4.910866649116111e-05,178379.92
525368335,9811363528,2186,重点词,8.06,8.0,48.0,6.0,0.5530654996936872,1.7946442723605631,1.1103140343649007,4.5184457981593445e-05,178379.92
525368335,9811363528,2198,潜力词,2.35,2.0,2.0,1.0,0.5530654996936872,1.5388120037474617,1.0241873583344132,1.3174128567834316e-05,178379.92
525368335,9811363528,2206,重点词,32.01,43.0,63.0,1.4651162790697674,0.5530654996936872,2.4288808650215716,1.5577182842255886,0.00017944844913037294,178379.92
525368335,9811363528,2217,黄金词,2.02,2.0,8.0,4.0,0.5530654996936872,1.7902020835675916,1.030684509973213,1.1324144556180987e-05,178379.92
525368335,9811363528,2225,潜力词,2.93,5.0,5.0,1.0,0.5530654996936872,3.085501884647214,1.1154453149823604,1.6425615618618958e-05,178379.92
525368335,9811363528,2243,黄金词,2.54,2.0,3.0,1.5,0.5530654996936872,1.423704019215171,1.020483597426847,1.4239270877574112e-05,178379.92
525368335,9811363528,2267,黄金词,1.45,2.0,5.0,2.5,0.5530654996936872,2.493936695728645,1.0421031721828284,8.1287176269616e-06,178379.92
525368335,9811363528,2274,重点词,15.49,4.0,0.0,0.0,0.5530654996936872,0.4669087422603661,0.8739107713790362,8.683712830457598e-05,178379.92
525368335,9811363528,2278,黄金词,0.72,1.0,2.0,2.0,0.5530654996936872,2.5112557005600937,1.0214531566325564,4.036328752698174e-06,178379.92
525368335,9811363528,2288,潜力词,1.64,2.0,2.0,1.0,0.5530654996936872,2.2050050053698382,1.03826894285063,9.193859936701395e-06,178379.92
525368335,9811363528,2291,黄金词,2.75,3.0,0.0,0.0,0.5530654996936872,1.9724772048035644,1.0506978637575317,1.541653343044441e-05,178379.92
525368335,9811363528,2295,潜力词,5.07,2.0,1.0,0.5,0.5530654996936872,0.7132560569638136,0.9736010206792544,2.842248163358297e-05,178379.92
525368335,9811363528,2331,潜力词,3.33,4.0,5.0,1.25,0.5530654996936872,2.171896822106027,1.073174881260324,1.8668020481229053e-05,178379.92
525368335,9811363528,2335,黄金词,0.59,1.0,0.0,0.0,0.5530654996936872,3.0645832278021485,1.024077962134874,3.307547172349892e-06,178379.92
525368335,9811363528,2354,重点词,60.44,58.0,87.0,1.5,0.5530654996936872,1.7351098288449622,1.4023002359234835,0.0003388273747403855,178379.92
525368335,9811363528,2357,黄金词,7.84,9.0,19.0,2.111111111111111,0.5530654996936872,2.0756297116874247,1.145797664931352,4.3951135307157886e-05,178379.92
525368335,9811363528,2371,重点词,20.29,22.0,81.0,3.6818181818181817,0.5530654996936872,1.9604874468640656,1.2772555170987607,0.00011374598665589714,178379.92
525368335,9811363528,2382,重点词,26.76,27.0,51.0,1.8888888888888888,0.5530654996936872,1.8243202847118172,1.2873737730444008,0.00015001688530861545,178379.92
525368335,9811363528,2418,潜力词,7.31,6.0,7.0,1.1666666666666667,0.5530654996936872,1.484079976254392,1.0617453258841318,4.097994886419951e-05,178379.92
525368335,9811363528,2424,潜力词,6.26,4.0,3.0,0.75,0.5530654996936872,1.155338085880682,1.0172843302099728,3.5093636099848004e-05,178379.92
525368335,9811363528,2436,潜力词,1.86,2.0,1.0,0.5,0.5530654996936872,1.9441979617239435,1.0338644081914101,1.0427182611136948e-05,178379.92
525368335,9811363528,2442,黄金词,2.2,2.0,0.0,0.0,0.5530654996936872,1.6437310040029705,1.027130425456064,1.233322674435553e-05,178379.92
525368335,9811363528,2453,潜力词,2.48,3.0,1.0,0.3333333333333333,0.5530654996936872,2.1872227069394365,1.0561035120657356,1.3902910148182598e-05,178379.92
525368335,9811363528,2460,潜力词,0.84,1.0,1.0,1.0,0.5530654996936872,2.1525048861943663,1.0190421735720547,4.709050211481202e-06,178379.92
525368335,9811363528,2467,黄金词,4.9,8.0,2.0,0.25,0.5530654996936872,2.952006701066559,1.174222820313773,2.7469459566973683e-05,178379.92
525368335,9811363528,2500,重点词,27.75,34.0,83.0,2.4411764705882355,0.5530654996936872,2.2153347585481473,1.433768997423937,0.00015556683734357544,178379.92
525368335,9811363528,2518,重点词,16.92,15.0,61.0,4.066666666666666,0.5530654996936872,1.6029291705702726,1.152444135774791,9.485372568840708e-05,178379.92
525368335,9811363528,2534,重点词,12.84,11.0,25.0,2.272727272727273,0.5530654996936872,1.5489988433361326,1.1121760844754287,7.198119608978409e-05,178379.92
525368335,9811363528,2546,重点词,12.2,11.0,56.0,5.090909090909091,0.5530654996936872,1.6302577990521265,1.123619696920192,6.839334830960793e-05,178379.92
525368335,9811363528,2547,黄金词,0.65,1.0,4.0,4.0,0.5530654996936872,2.781698622158873,1.0228648391787416,3.643907901741407e-06,178379.92
525368335,9811363528,2553,潜力词,2.88,4.0,2.0,0.5,0.5530654996936872,2.5112557005600937,1.0823074209079626,1.6145315010792694e-05,178379.92
525368335,9811363528,2557,重点词,126.11,148.0,160.0,1.0810810810810811,0.5530654996936872,2.1219523229853587,1.803414953447752,0.0007069741930593981,178379.92
525368335,9811363528,2569,重点词,8.56,6.0,19.0,3.1666666666666665,0.5530654996936872,1.2673626900022903,1.039081704686127,4.798746405985607e-05,178379.92
525368335,9811363528,2571,潜力词,7.58,8.0,5.0,0.625,0.5530654996936872,1.9082892922461927,1.1195698651480748,4.249357214646133e-05,178379.92
525368335,9811363528,2572,潜力词,4.75,5.0,7.0,1.4,0.5530654996936872,1.903267478319229,1.0783656716350014,2.6628557743494893e-05,178379.92
525368335,9811363528,2577,重点词,22.78,23.0,65.0,2.8260869565217392,0.5530654996936872,1.8255660404422807,1.2584005825951519,0.000127704956925645,178379.92
525368335,9811363528,2586,潜力词,5.37,2.0,1.0,0.5,0.5530654996936872,0.6734093498708631,0.968325956453071,3.0104285280540542e-05,178379.92
525368335,9811363528,2597,重点词,12.23,15.0,19.0,1.2666666666666666,0.5530654996936872,2.2176256390882267,1.2392987556813273,6.85615286743037e-05,178379.92
525368335,9811363528,2610,潜力词,0.1,1.0,1.0,1.0,0.5530654996936872,18.081041044032677,1.0340938942994664,5.606012156525242e-07,178379.92
525368335,9811363528,2624,重点词,43.85,44.0,57.0,1.2954545454545454,0.5530654996936872,1.8142891811572124,1.3804643643446326,0.00024582363306363184,178379.92
525368335,9811363528,2633,重点词,877.62,769.0,1298.0,1.6879063719115734,0.5530654996936872,1.5843212965590037,1.552825571124073,0.004919948388809682,178379.92
525368335,9811363528,2638,重点词,8.93,9.0,34.0,3.7777777777777777,0.5530654996936872,1.8222773728588362,1.1246043940205228,5.00616885577704e-05,178379.92
525368335,9811363528,2655,潜力词,0.99,3.0,3.0,1.0,0.5530654996936872,5.479103346676569,1.0869643520927594,5.549952034959989e-06,178379.92
525368335,9811363528,2675,黄金词,1.83,1.0,5.0,5.0,0.5530654996936872,0.9880350297285614,0.9995775439784539,1.0259002246441192e-05,178379.92
525368335,9811363528,2711,黄金词,0.35,1.0,0.0,0.0,0.5530654996936872,5.166011726866479,1.0289593665224084,1.9621042547838343e-06,178379.92
525368335,9811363528,2718,潜力词,1.15,2.0,2.0,1.0,0.5530654996936872,3.1445288772230744,1.0482152142484171,6.446913980004026e-06,178379.92
525368335,9811363528,2719,潜力词,1.63,3.0,5.0,1.6666666666666667,0.5530654996936872,3.327798965159388,1.0734904573544413,9.137799815136143e-06,178379.92
525368335,9811363528,2724,重点词,17.48,15.0,24.0,1.6,0.5530654996936872,1.5515767486298062,1.1428802840256223,9.799309249606121e-05,178379.92
525368335,9811363528,2731,潜力词,3.0,2.0,2.0,1.0,0.5530654996936872,1.2054027362688449,1.0116265699774818,1.6818036469575722e-05,178379.92
525368335,9811363528,2734,黄金词,7.95,8.0,54.0,6.75,0.5530654996936872,1.819475828330332,1.112421619244627,4.4567796644375666e-05,178379.92
525368335,9811363528,2742,重点词,2201.88,6284.0,4228.0,0.6728198599618078,0.5530654996936872,5.160193194938022,5.0678216388396065,0.012343766047209798,178379.92
525368335,9811363528,2749,潜力词,4.24,5.0,3.0,0.6,0.5530654996936872,2.1321982363246077,1.0885051718660828,2.3769491543667022e-05,178379.92
525368335,9811363528,2759,黄金词,1.33,2.0,8.0,4.0,0.5530654996936872,2.718953540456041,1.044539415718031,7.4559961681785706e-06,178379.92
525368335,9811363528,2762,潜力词,3.98,5.0,4.0,0.8,0.5530654996936872,2.2714875683458136,1.093748064505675,2.231192838297046e-05,178379.92
525368335,9811363528,2767,潜力词,4.47,6.0,3.0,0.5,0.5530654996936872,2.426985375037943,1.1171034445826988,2.5058874339667825e-05,178379.92
525368335,9811363528,2768,潜力词,3.5,4.0,2.0,0.5,0.5530654996936872,2.0664046907465914,1.0697647928525809,1.9621042547838344e-05,178379.92
525368335,9811363528,2770,潜力词,1.86,2.0,2.0,1.0,0.5530654996936872,1.9441979617239435,1.0338644081914101,1.0427182611136948e-05,178379.92
525368335,9811363528,2790,潜力词,6.8,6.0,4.0,0.6666666666666666,0.5530654996936872,1.5953859744734713,1.0712786025778098,3.8120882664371634e-05,178379.92
525368335,9811363528,2796,潜力词,0.56,1.0,1.0,1.0,0.5530654996936872,3.228757329291549,1.0246856033307608,3.139366807654135e-06,178379.92
525368335,9811363528,2806,重点词,45.31,44.0,60.0,1.3636363636363635,0.5530654996936872,1.7558283070788736,1.359317811286788,0.00025400841081215866,178379.92
525368335,9811363528,2807,重点词,128.13,146.0,236.0,1.6164383561643836,0.5530654996936872,2.0602762759921727,1.7626632192380682,0.0007182983376155791,178379.92
525368335,9811363528,2826,潜力词,0.15,1.0,1.0,1.0,0.5530654996936872,12.054027362688451,1.0330628934078419,8.409018234787861e-07,178379.92
525368335,9811363528,2835,黄金词,2.16,2.0,15.0,7.5,0.5530654996936872,1.6741704670400623,1.0279181021627022,1.210898625809452e-05,178379.92
525368335,9811363528,2843,重点词,4124.08,5431.0,5542.0,1.0204382250046031,0.5530654996936872,2.3810918777070635,2.3645482096687527,0.023119642614482613,178379.92
525368335,9811363528,2858,黄金词,7.04,6.0,13.0,2.1666666666666665,0.5530654996936872,1.5409978162527849,1.0667711189765008,3.9466325581937697e-05,178379.92
525368335,9811363528,2859,黄金词,4.18,3.0,3.0,1.0,0.5530654996936872,1.2976823715812926,1.022966266393684,2.3433130814275506e-05,178379.92
525368335,9811363528,2877,黄金词,1.46,1.0,3.0,3.0,0.5530654996936872,1.2384274687693613,1.006764557022994,8.184777748526851e-06,178379.92
525368335,9811363528,2890,黄金词,3.71,4.0,82.0,20.5,0.5530654996936872,1.9494383874967842,1.0655821340088079,2.0798305100708644e-05,178379.92
525368335,9811363528,2904,潜力词,4.24,6.0,3.0,0.5,0.5530654996936872,2.5586378835895296,1.1218404245283848,2.3769491543667022e-05,178379.92
525368335,9811363528,2914,重点词,4623.04,5627.0,3428.0,0.6092056157810556,0.5530654996936872,2.200760061664443,2.187912321631569,0.02591681844010245,178379.92
525368335,9811363528,2916,潜力词,1.83,1.0,1.0,1.0,0.5530654996936872,0.9880350297285614,0.9995775439784539,1.0259002246441192e-05,178379.92
525368335,9811363528,2919,重点词,90.58,106.0,104.0,0.9811320754716981,0.5530654996936872,2.115908976228156,1.719014333950394,0.0005077925811380563,178379.92
525368335,9811363528,2953,潜力词,0.85,1.0,1.0,1.0,0.5530654996936872,2.1271812992979617,1.0188417719646659,4.765110333046454e-06,178379.92
525368335,9811363528,2955,潜力词,2.82,5.0,5.0,1.0,0.5530654996936872,3.2058583411405457,1.11776827947778,1.580895428140118e-05,178379.92
525368335,9811363528,2961,重点词,3144.54,4114.0,5321.0,1.2933884297520661,0.5530654996936872,2.365541632644216,2.3441685768577147,0.01762832946667988,178379.92
525368335,9811363528,2964,潜力词,4.03,3.0,2.0,0.6666666666666666,0.5530654996936872,1.3459832042704223,1.0258062615807848,2.2592228990796722e-05,178379.92
525368335,9811363528,2976,潜力词,0.15,1.0,1.0,1.0,0.5530654996936872,12.054027362688451,1.0330628934078419,8.409018234787861e-07,178379.92
525368335,9811363528,2978,重点词,2698.76,4658.0,6365.0,1.3664662945470158,0.5530654996936872,3.120747646441484,3.0821712038557094,0.01512928136754406,178379.92
525368335,9811363528,2990,潜力词,3.5,2.0,1.0,0.5,0.5530654996936872,1.0332023453732957,1.0021721160524586,1.9621042547838344e-05,178379.92
525368335,9811363528,2996,黄金词,1.0,1.0,3.0,3.0,0.5530654996936872,1.8081041044032675,1.0158451785177112,5.606012156525241e-06,178379.92
525368335,9811363528,3024,黄金词,4.23,5.0,14.0,2.8,0.5530654996936872,2.137238894093697,1.0887058919789108,2.371343142210177e-05,178379.92
525368335,9811363528,3029,黄金词,1.8,1.0,3.0,3.0,0.5530654996936872,1.0045022802240375,1.0001564498919548,1.0090821881745434e-05,178379.92
525368335,9811363528,3043,黄金词,0.95,1.0,8.0,8.0,0.5530654996936872,1.903267478319229,1.0168420825201818,5.325711548698979e-06,178379.92
525368335,9811363528,3045,重点词,24.51,22.0,68.0,3.090909090909091,0.5530654996936872,1.6229412605822882,1.2049159884159426,0.00013740335795643367,178379.92
525368335,9811363528,3072,潜力词,5.77,6.0,6.0,1.0,0.5530654996936872,1.8801775782356336,1.0910637372497687,3.2346690143150634e-05,178379.92
525368335,9811363528,3073,重点词,38.81,35.0,99.0,2.8285714285714287,0.5530654996936872,1.6306014855479094,1.2755730622014902,0.0002175693317947446,178379.92
525368335,9811363528,3078,重点词,33.02,29.0,54.0,1.8620689655172413,0.5530654996936872,1.5879775598938448,1.2338595402035022,0.00018511052140846346,178379.92
525368335,9811363528,3082,潜力词,1.32,1.0,1.0,1.0,0.5530654996936872,1.3697758366691422,1.0095109919018563,7.3999360466133185e-06,178379.92
525368335,9811363528,3090,黄金词,1.9,1.0,0.0,0.0,0.5530654996936872,0.9516337391596145,0.9982293661734735,1.0651423097397958e-05,178379.92
525368335,9811363528,3124,潜力词,0.3,2.0,2.0,1.0,0.5530654996936872,12.054027362688451,1.0659285926204083,1.6818036469575723e-06,178379.92
525368335,9811363528,3158,潜力词,1.99,1.0,1.0,1.0,0.5530654996936872,0.9085950273383253,0.9965013291864449,1.115596419148523e-05,178379.92
525368335,9811363528,3179,黄金词,3.04,5.0,4.0,0.8,0.5530654996936872,2.973855434873795,1.1131319857092068,1.7042276955836734e-05,178379.92
525368335,9811363528,3181,重点词,11.07,13.0,50.0,3.8461538461538463,0.5530654996936872,2.1233381533191036,1.2036245842024313,6.205855457273442e-05,178379.92
525368335,9811363528,3185,潜力词,2.72,4.0,2.0,0.5,0.5530654996936872,2.658976624122452,1.0855921171777898,1.5248353065748657e-05,178379.92
525368335,9811363528,3202,重点词,32.23,27.0,119.0,4.407407407407407,0.5530654996936872,1.5147009251904509,1.201736724053122,0.00018068177180480849,178379.92
525368335,9811363528,3211,潜力词,4.96,6.0,6.0,1.0,0.5530654996936872,2.1872227069394365,1.1071438250804149,2.7805820296365195e-05,178379.92
525368335,9811363528,3222,重点词,1176.51,172.0,337.0,1.9593023255813953,0.5530654996936872,0.2643359648089366,0.29432610085312144,0.006595529362273511,178379.92
525368335,9811363528,3280,重点词,30.61,27.0,55.0,2.037037037037037,0.5530654996936872,1.594864776833983,1.2258877412093814,0.00017160003211123763,178379.92
525368335,9811363528,3281,潜力词,1.75,2.0,1.0,0.5,0.5530654996936872,2.0664046907465914,1.0360619943730731,9.810521273919172e-06,178379.92
525368335,9811363528,3300,黄金词,0.1,1.0,0.0,0.0,0.5530654996936872,18.081041044032677,1.0340938942994664,5.606012156525242e-07,178379.92
525368335,9811363528,3313,重点词,36.15,43.0,107.0,2.488372093023256,0.5530654996936872,2.150718575085491,1.4828610155466104,0.00020265733945838745,178379.92
525368335,9811363528,3320,潜力词,0.15,1.0,1.0,1.0,0.5530654996936872,12.054027362688451,1.0330628934078419,8.409018234787861e-07,178379.92
525368335,9811363528,3331,潜力词,1.01,1.0,1.0,1.0,0.5530654996936872,1.7902020835675916,1.0156460322368805,5.662072278090494e-06,178379.92
525368335,9811363528,3352,潜力词,4.01,3.0,3.0,1.0,0.5530654996936872,1.3526963374588037,1.026186119481759,2.2480108747666215e-05,178379.92
525368335,9811363528,3359,潜力词,2.83,3.0,1.0,0.3333333333333333,0.5530654996936872,1.9167181318762554,1.0491068013100475,1.586501440296643e-05,178379.92
525368335,9811363528,3365,黄金词,1.95,1.0,2.0,2.0,0.5530654996936872,0.9272328740529578,0.9972686064370215,1.093172370522422e-05,178379.92
525368335,9811363528,3396,潜力词,1.26,1.0,1.0,1.0,0.5530654996936872,1.4350032574629106,1.0106926278658461,7.063575317221804e-06,178379.92
525368335,9811363528,3413,潜力词,1.41,1.0,1.0,1.0,0.5530654996936872,1.2823433364562182,1.0077437094807093,7.90447714070059e-06,178379.92
525368335,9811363528,3460,黄金词,0.6,1.0,0.0,0.0,0.5530654996936872,3.013506840672113,1.0238755751858353,3.3636072939151445e-06,178379.92
525368335,9811363528,3463,潜力词,0.53,2.0,2.0,1.0,0.5530654996936872,6.823034356238745,1.0610767506195633,2.9711864429583777e-06,178379.92
525368335,9811363528,3473,黄金词,7.85,7.0,13.0,1.8571428571428572,0.5530654996936872,1.6123221313150158,1.083089519979652,4.400719542872314e-05,178379.92
525368335,9811363528,3476,黄金词,6.72,7.0,19.0,2.7142857142857144,0.5530654996936872,1.8834417754200705,1.1046672907408825,3.767240169184962e-05,178379.92
525368335,9811363528,3481,重点词,8.14,12.0,62.0,5.166666666666667,0.5530654996936872,2.665509736221033,1.2331828216862608,4.563293895411546e-05,178379.92
525368335,9811363528,3486,黄金词,0.15,1.0,2.0,2.0,0.5530654996936872,12.054027362688451,1.0330628934078419,8.409018234787861e-07,178379.92
525368335,9811363528,3487,潜力词,5.23,5.0,4.0,0.8,0.5530654996936872,1.7285890099457624,1.0689936723160662,2.931944357862701e-05,178379.92
525368335,9811363528,3495,黄金词,2.74,4.0,10.0,2.5,0.5530654996936872,2.6395680356252083,1.0851804402277792,1.5360473308879162e-05,178379.92
525368335,9811363528,3515,重点词,2110.21,88.0,180.0,2.0454545454545454,0.5530654996936872,0.07540157670918417,0.09680223736927777,0.011829862912821128,178379.92
525368335,9811363528,3535,重点词,9.73,8.0,21.0,2.625,0.5530654996936872,1.4866220796738068,1.0792705982793593,5.4546498282990595e-05,178379.92
525368335,9811363528,3541,黄金词,3.12,4.0,3.0,0.75,0.5530654996936872,2.3180821851323943,1.07741747774121,1.7490757928358753e-05,178379.92
525368335,9811363528,3544,黄金词,0.9,1.0,4.0,4.0,0.5530654996936872,2.009004560448075,1.0178409450766852,5.045410940872717e-06,178379.92
525368335,9811363528,3575,重点词,167.95,71.0,201.0,2.8309859154929575,0.5530654996936872,0.7643667246956356,0.8184234522258866,0.0009415297416884141,178379.92
525368335,9811363528,3595,重点词,3343.5,420.0,418.0,0.9952380952380953,0.5530654996936872,0.22712837560920363,0.2385159050683284,0.018743701645342142,178379.92
525368335,9811363528,3597,重点词,44.81,51.0,65.0,1.2745098039215685,0.5530654996936872,2.057873450670981,1.4999821677519949,0.00025120540473389603,178379.92
525368335,9811363528,3634,黄金词,1.18,1.0,0.0,0.0,0.5530654996936872,1.5322916139010743,1.012272452215773,6.615094344699784e-06,178379.92
525368335,9811363528,3643,潜力词,3.44,5.0,4.0,0.8,0.5530654996936872,2.628058291283819,1.1048001594688686,1.928468181844683e-05,178379.92
525368335,9811363528,3649,重点词,33.42,4.0,3.0,0.75,0.5530654996936872,0.21640982697824865,0.6860754785137027,0.00018735292627107355,178379.92
525368335,9811363528,3665,黄金词,3.95,5.0,15.0,3.0,0.5530654996936872,2.2887393726623637,1.0943562654683285,2.2143748018274703e-05,178379.92
525368335,9811363528,3673,黄金词,0.85,1.0,0.0,0.0,0.5530654996936872,2.1271812992979617,1.0188417719646659,4.765110333046454e-06,178379.92
525368335,9811363528,3692,重点词,16.38,15.0,49.0,3.2666666666666666,0.5530654996936872,1.6557729893802817,1.1618192462496084,9.182647912388344e-05,178379.92
525368335,9811363528,3697,黄金词,1.28,1.0,0.0,0.0,0.5530654996936872,1.4125813315650528,1.0102984419735426,7.175695560352309e-06,178379.92
525368335,9811363528,3703,潜力词,1.28,1.0,1.0,1.0,0.5530654996936872,1.4125813315650528,1.0102984419735426,7.175695560352309e-06,178379.92
525368335,9811363528,3716,潜力词,1.44,1.0,1.0,1.0,0.5530654996936872,1.2556278502800469,1.007155989587933,8.072657505396347e-06,178379.92
525368335,9811363528,3733,潜力词,0.71,1.0,1.0,1.0,0.5530654996936872,2.546625499159532,1.021654586953328,3.980268631132921e-06,178379.92
525368335,9811363528,3742,潜力词,1.99,2.0,1.0,0.5,0.5530654996936872,1.8171900546766506,1.0312792500251307,1.115596419148523e-05,178379.92
525368335,9811363528,3759,潜力词,0.97,1.0,1.0,1.0,0.5530654996936872,1.864024849900276,1.016443086215485,5.437831791829484e-06,178379.92
525368335,9811363528,3769,潜力词,4.68,6.0,12.0,2.0,0.5530654996936872,2.3180821851323943,1.1128131789762181,2.6236136892538125e-05,178379.92
525368335,9811363528,3775,潜力词,4.81,4.0,6.0,1.5,0.5530654996936872,1.5036208768426342,1.0441966140779615,2.6964918472886405e-05,178379.92
525368335,9811363528,3779,黄金词,2.4,2.0,0.0,0.0,0.5530654996936872,1.5067534203360564,1.0232100803207356,1.3454429175660578e-05,178379.92
525368335,9811363528,3843,黄金词,6.63,5.0,13.0,2.6,0.5530654996936872,1.363577755960232,1.0425661402439754,3.716786059776234e-05,178379.92
525368335,9811363528,3916,黄金词,0.58,1.0,0.0,0.0,0.5530654996936872,3.117420869660806,1.0242804291103849,3.2514870507846396e-06,178379.92
525368335,9811363528,3923,重点词,316.24,20.0,94.0,4.7,0.5530654996936872,0.11435012044037868,0.235261255155268,0.0017728452843795422,178379.92
525368335,9811363528,3924,黄金词,4.53,6.0,21.0,3.5,0.5530654996936872,2.394839873381811,1.1158742825310763,2.539523506905934e-05,178379.92
525368335,9811363528,3934,潜力词,4.48,4.0,6.0,1.5,0.5530654996936872,1.6143786646457745,1.0505215935685217,2.511493446123308e-05,178379.92
525368335,9811363528,3936,重点词,155.23,28.0,51.0,1.8214285714285714,0.5530654996936872,0.3261413059543355,0.49031289247815374,0.0008702212670574131,178379.92
525368335,9811363528,3951,黄金词,4.31,1.0,0.0,0.0,0.5530654996936872,0.4195137133186236,0.9539330529258565,2.4161912394623786e-05,178379.92
525368335,9811363528,3979,潜力词,1.82,1.0,1.0,1.0,0.5530654996936872,0.9934637936281688,0.9997704381397774,1.0202942124875938e-05,178379.92
525368335,9811363528,3996,潜力词,1.7,6.0,5.0,0.8333333333333334,0.5530654996936872,6.381543897893885,1.1769559889056014,9.530220666092909e-06,178379.92
525368335,9811363528,4005,潜力词,3.61,1.0,1.0,1.0,0.5530654996936872,0.5008598627155866,0.9663888100056569,2.023770388505612e-05,178379.92
525368335,9811363528,4012,潜力词,1.78,5.0,4.0,0.8,0.5530654996936872,5.078944113492324,1.1402186273081563,9.978701638614928e-06,178379.92
525368335,9811363528,4025,重点词,4371.61,319.0,1051.0,3.2946708463949843,0.5530654996936872,0.13193885303232503,0.14175497370972165,0.024507298803587305,178379.92
525368335,9811363528,4032,重点词,11.18,11.0,52.0,4.7272727272727275,0.5530654996936872,1.7789933048690467,1.1423528138024834,6.26752159099522e-05,178379.92
525368335,9811363528,4039,潜力词,1.21,2.0,2.0,1.0,0.5530654996936872,2.9886018254599462,1.0469870769147926,6.783274709395541e-06,178379.92
525368335,9811363528,4041,黄金词,0.78,1.0,2.0,2.0,0.5530654996936872,2.3180821851323943,1.0202462407326363,4.372689482089688e-06,178379.92
525368335,9811363528,4042,黄金词,1.73,7.0,20.0,2.857142857142857,0.5530654996936872,7.316028168105707,1.2112261498322612,9.698401030788666e-06,178379.92
525368335,9811363528,4045,重点词,2116.51,24.0,117.0,4.875,0.5530654996936872,0.02050285541087848,0.04310827021600565,0.011865180789407239,178379.92
525368335,9811363528,4053,重点词,223.0,37.0,100.0,2.7027027027027026,0.5530654996936872,0.2999993357081655,0.4282045855784648,0.0012501407109051287,178379.92
525368335,9811363528,4091,重点词,44.79,64.0,337.0,5.265625,0.5530654996936872,2.5835825559680536,1.7482715759237168,0.00025109328449076556,178379.92
525368335,9811363528,4108,黄金词,2.36,3.0,2.0,0.6666666666666666,0.5530654996936872,2.2984374208516116,1.0585239173645875,1.3230188689399568e-05,178379.92
525368335,9811363528,4111,潜力词,0.54,1.0,1.0,1.0,0.5530654996936872,3.3483409340801247,1.0250910982272115,3.02724656452363e-06,178379.92
525368335,9811363528,4158,潜力词,4.79,3.0,3.0,1.0,0.5530654996936872,1.1324242825072657,1.0115771548313526,2.6852798229755904e-05,178379.92
525368335,9811363528,4163,黄金词,1.26,1.0,0.0,0.0,0.5530654996936872,1.4350032574629106,1.0106926278658461,7.063575317221804e-06,178379.92
525368335,9811363528,4171,潜力词,5.91,6.0,7.0,1.1666666666666667,0.5530654996936872,1.8356386846733679,1.0883316871117796,3.3131531845064176e-05,178379.92
525368335,9811363528,4189,重点词,8.85,8.0,19.0,2.375,0.5530654996936872,1.634444388161146,1.0954092240480227,4.9613207585248376e-05,178379.92
525368335,9811363528,4202,黄金词,1.12,1.0,0.0,0.0,0.5530654996936872,1.6143786646457745,1.0134605654225992,6.27873361530827e-06,178379.92
525368335,9811363528,4212,重点词,37.2,30.0,81.0,2.7,0.5530654996936872,1.4581484712929575,1.1954486597717662,0.00020854365222273898,178379.92
525368335,9811363528,4251,潜力词,2.47,4.0,2.0,0.5,0.5530654996936872,2.9281038127988137,1.0907645591311812,1.3846850026617346e-05,178379.92
525368335,9811363528,4254,潜力词,0.93,3.0,1.0,0.3333333333333333,0.5530654996936872,5.83259388517183,1.0882448912862714,5.213591305568474e-06,178379.92
525368335,9811363528,4255,黄金词,7.61,25.0,149.0,5.96,0.5530654996936872,5.939895218144768,1.6525360633584738,4.266175251115708e-05,178379.92
525368335,9811363528,4264,潜力词,0.15,1.0,1.0,1.0,0.5530654996936872,12.054027362688451,1.0330628934078419,8.409018234787861e-07,178379.92
525368335,9811363528,4289,黄金词,1.5,1.0,0.0,0.0,0.5530654996936872,1.2054027362688449,1.0059826039689954,8.409018234787861e-06,178379.92
525368335,9811363528,4292,潜力词,3.3,3.0,2.0,0.6666666666666666,0.5530654996936872,1.6437310040029707,1.0398557657262628,1.8499840116533293e-05,178379.92
525368335,9811363528,4307,黄金词,1.92,2.0,10.0,5.0,0.5530654996936872,1.8834417754200705,1.032669649630326,1.0763543340528462e-05,178379.92
525368335,9811363528,4323,潜力词,5.2,5.0,4.0,0.8,0.5530654996936872,1.7385616388492955,1.069574647137977,2.9151263213931254e-05,178379.92
525368335,9811363528,4333,黄金词,3.45,2.0,3.0,1.5,0.5530654996936872,1.0481762924076914,1.003109601661488,1.934074194001208e-05,178379.92
525368335,9811363528,4352,重点词,29.26,39.0,434.0,11.128205128205128,0.5530654996936872,2.4099815472224004,1.5205155194515194,0.00016403191569992856,178379.92
525368335,9811363528,4366,潜力词,1.82,3.0,4.0,1.3333333333333333,0.5530654996936872,2.9803913808845066,1.0695544637825125,1.0202942124875938e-05,178379.92
525368335,9811363528,4378,重点词,23.08,17.0,38.0,2.235294117647059,0.5530654996936872,1.3317924512502404,1.104786121713951,0.00012938676057260254,178379.92
525368335,9811363528,4379,潜力词,4.62,5.0,6.0,1.2,0.5530654996936872,1.9568226238130602,1.0809322688029355,2.5899776163146613e-05,178379.92
525368335,9811363528,4393,黄金词,3.55,2.0,4.0,2.0,0.5530654996936872,1.0186501996638126,1.0012363811168354,1.9901343155664604e-05,178379.92
525368335,9811363528,4399,潜力词,2.49,5.0,7.0,1.4,0.5530654996936872,3.630731133339894,1.1247955900555597,1.3958970269747851e-05,178379.92
525368335,9811363528,4420,潜力词,1.53,1.0,1.0,1.0,0.5530654996936872,1.1817673884988678,1.005396935851024,8.577198599483619e-06,178379.92
525368335,9811363528,4437,重点词,129.39,89.0,223.0,2.50561797752809,0.5530654996936872,1.2436916708547092,1.175769358893421,0.0007253619129328009,178379.92
525368335,9811363528,4443,潜力词,1.39,1.0,1.0,1.0,0.5530654996936872,1.300794319714581,1.008135903958032,7.792356897570084e-06,178379.92
525368335,9811363528,4476,潜力词,2.68,4.0,2.0,0.5,0.5530654996936872,2.6986628423929364,1.0864164088385169,1.5024112579487647e-05,178379.92
525368335,9811363528,4480,黄金词,3.63,3.0,11.0,3.6666666666666665,0.5530654996936872,1.4943009127299731,1.0334572499200037,2.0349824128186624e-05,178379.92
525368335,9811363528,4519,潜力词,5.33,8.0,9.0,1.125,0.5530654996936872,2.7138523143013393,1.1650972860152926,2.9880044794279534e-05,178379.92
525368335,9811363528,4541,潜力词,1.13,1.0,1.0,1.0,0.5530654996936872,1.6000921277905022,1.0132623529122484,6.334793736873521e-06,178379.92
525368335,9811363528,4544,潜力词,1.61,2.0,3.0,1.5,0.5530654996936872,2.2460920551593384,1.038872470622099,9.025679572005639e-06,178379.92
525368335,9811363528,4549,黄金词,3.28,2.0,65.0,32.5,0.5530654996936872,1.1025025026849191,1.0063102141292517,1.838771987340279e-05,178379.92
525368335,9811363528,4550,潜力词,3.97,3.0,2.0,0.6666666666666666,0.5530654996936872,1.3663255197002022,1.0269466798815972,2.2255868261405207e-05,178379.92
525368335,9811363528,4557,潜力词,0.52,1.0,1.0,1.0,0.5530654996936872,3.477123277698591,1.0254969141805872,2.9151263213931253e-06,178379.92
525368335,9811363528,4578,潜力词,4.05,5.0,1.0,0.2,0.5530654996936872,2.2322272893867505,1.0923315545238914,2.2704349233927223e-05,178379.92
525368335,9811363528,4594,重点词,2076.36,273.0,546.0,2.0,0.5530654996936872,0.2377296906615866,0.25565399109374326,0.01164009940132275,178379.92
525368335,9811363528,4606,重点词,146.02,51.0,93.0,1.8235294117647058,0.5530654996936872,0.6315115006476281,0.7255040777704654,0.0008185898950958157,178379.92
525368335,9811363528,4614,重点词,19.9,24.0,120.0,5.0,0.5530654996936872,2.180628065611981,1.336115858450335,0.00011155964191485228,178379.92
525368335,9811363528,4615,潜力词,2.39,2.0,2.0,1.0,0.5530654996936872,1.513057827952525,1.0234053866922415,1.3398369054095326e-05,178379.92
525368335,9811363528,4637,潜力词,3.48,3.0,3.0,1.0,0.5530654996936872,1.558710434830403,1.0363558772103554,1.9508922304707837e-05,178379.92
525368335,9811363528,4638,潜力词,0.37,1.0,1.0,1.0,0.5530654996936872,4.886767849738561,1.0285508061227568,2.0742244979143393e-06,178379.92
525368335,9811363528,4639,潜力词,1.71,3.0,2.0,0.6666666666666666,0.5530654996936872,3.172112463865382,1.0718296714989326,9.586280787658162e-06,178379.92
525368335,9811363528,4660,潜力词,0.28,1.0,1.0,1.0,0.5530654996936872,6.457514658583098,1.0303918875179647,1.5696834038270676e-06,178379.92
525368335,9811363528,4662,重点词,62.34,48.0,145.0,3.0208333333333335,0.5530654996936872,1.3921879533422656,1.2176339417069326,0.00034947879783778354,178379.92
525368335,9811363528,4674,黄金词,1.48,1.0,0.0,0.0,0.5530654996936872,1.2216919624346403,1.0063734286014623,8.296897991657357e-06,178379.92
525368335,9811363528,4706,黄金词,4.31,5.0,90.0,18.0,0.5530654996936872,2.0975685665931176,1.0871022007368132,2.4161912394623786e-05,178379.92
525368335,9811363528,4718,重点词,2594.66,813.0,1424.0,1.7515375153751538,0.5530654996936872,0.566543838838174,0.5747387705337762,0.014545695502049781,178379.92
525368335,9811363528,4723,重点词,10.24,10.0,19.0,1.9,0.5530654996936872,1.7657266644563159,1.1301633639447655,5.740556448281847e-05,178379.92
525368335,9811363528,4736,黄金词,0.92,1.0,0.0,0.0,0.5530654996936872,1.9653305482644212,1.0174411646583517,5.157531184003222e-06,178379.92
525368335,9811363528,4739,潜力词,3.37,8.0,10.0,1.25,0.5530654996936872,4.292235262678379,1.20788519458921,1.889226096749006e-05,178379.92
525368335,9811363528,4750,潜力词,2.04,2.0,1.0,0.5,0.5530654996936872,1.7726510827483015,1.030288397555852,1.1436264799311491e-05,178379.92
525368335,9811363528,4760,重点词,53.34,40.0,119.0,2.975,0.5530654996936872,1.3559085897287344,1.1837058658421782,0.0002990246884290564,178379.92
525368335,9811363528,4764,潜力词,2.46,2.0,2.0,1.0,0.5530654996936872,1.4700033369132257,1.0220398057340172,1.3790789905052092e-05,178379.92
525368335,9811363528,4807,潜力词,2.65,4.0,9.0,2.25,0.5530654996936872,2.7292137424954985,1.0870354495273138,1.4855932214791887e-05,178379.92
525368335,9811363528,4817,潜力词,0.83,1.0,1.0,1.0,0.5530654996936872,2.178438680003937,1.0192426540311483,4.652990089915949e-06,178379.92
525368335,9811363528,4833,潜力词,6.88,8.0,8.0,1.0,0.5530654996936872,2.1024466330270553,1.1333479753028504,3.856936363689366e-05,178379.92
525368335,9811363528,4845,潜力词,4.63,4.0,2.0,0.5,0.5530654996936872,1.5620769800460195,1.0476371301045775,2.5955836284711865e-05,178379.92
525368335,9811363528,4849,黄金词,7.46,9.0,22.0,2.4444444444444446,0.5530654996936872,2.1813588390924137,1.1533751642817507,4.1820850687678296e-05,178379.92
525368335,9811363528,4880,重点词,18.79,23.0,87.0,3.782608695652174,0.5530654996936872,2.2132194998017645,1.331391109191382,0.00010533696842110926,178379.92
525368335,9811363528,4891,黄金词,4.61,4.0,19.0,4.75,0.5530654996936872,1.568853886683963,1.0480208096980967,2.584371604158136e-05,178379.92
525368335,9811363528,4920,潜力词,2.5,2.0,2.0,1.0,0.5530654996936872,1.446483283522614,1.021261108739172,1.4015030391313102e-05,178379.92
525368335,9811363528,4938,重点词,36.87,40.0,106.0,2.65,0.5530654996936872,1.961599245352067,1.4081289763569782,0.00020669366821108562,178379.92
525368335,9811363528,4939,黄金词,0.33,1.0,5.0,5.0,0.5530654996936872,5.479103346676569,1.029368251627325,1.8499840116533296e-06,178379.92
525368335,9811363528,4951,潜力词,1.95,1.0,1.0,1.0,0.5530654996936872,0.9272328740529578,0.9972686064370215,1.093172370522422e-05,178379.92
525368335,9811363528,4957,重点词,15.54,14.0,32.0,2.2857142857142856,0.5530654996936872,1.6289226165795203,1.149122024132526,8.711742891240223e-05,178379.92
525368335,9811363528,4968,黄金词,0.59,1.0,0.0,0.0,0.5530654996936872,3.0645832278021485,1.024077962134874,3.307547172349892e-06,178379.92
525368335,9811363528,4969,重点词,9353.77,4456.0,5427.0,1.2179084380610412,0.5530654996936872,0.8613545008291801,0.8620916812322037,0.052437348329341105,178379.92
525368335,9811363528,4999,重点词,9.03,6.0,17.0,2.8333333333333335,0.5530654996936872,1.2013980760154601,1.03080848088124,5.062228977342292e-05,178379.92
525368335,9811363528,5013,黄金词,1.65,2.0,10.0,5.0,0.5530654996936872,2.1916413386706273,1.038067922726167,9.249920058266647e-06,178379.92
525368335,9811363528,5045,重点词,9739.85,3556.0,5599.0,1.5745219347581552,0.5530654996936872,0.6601352377354907,0.6618710394191963,0.05460171750273237,178379.92
525368335,9811363528,5049,黄金词,0.32,1.0,2.0,2.0,0.5530654996936872,5.650325326260211,1.0295728160652478,1.7939238900880772e-06,178379.92
525368335,9811363528,5070,重点词,4240.55,2224.0,4333.0,1.9482913669064748,0.5530654996936872,0.9482787676581732,0.9488815019503016,0.023772574850353112,178379.92
525368335,9811363528,5111,黄金词,4.1,5.0,24.0,4.8,0.5530654996936872,2.2050050053698387,1.0913220059522426,2.2984649841753487e-05,178379.92
525368335,9811363528,5113,黄金词,2.91,3.0,11.0,3.6666666666666665,0.5530654996936872,1.8640248499002756,1.0475205502402156,1.631349537548845e-05,178379.92
525368335,9811363528,5150,黄金词,1.17,1.0,12.0,12.0,0.5530654996936872,1.5453881234215963,1.012470277592403,6.559034223134531e-06,178379.92
525368335,9811363528,5155,黄金词,3.94,3.0,0.0,0.0,0.5530654996936872,1.376729013505026,1.0275178404377048,2.2087687896709447e-05,178379.92
525368335,9811363528,5167,潜力词,2.4,3.0,1.0,0.3333333333333333,0.5530654996936872,2.2601301305040846,1.0577158838398817,1.3454429175660578e-05,178379.92
525368335,9811363528,5182,重点词,132.06,13.0,23.0,1.7692307692307692,0.5530654996936872,0.17798995424233285,0.4037424659850734,0.0007403299653907233,178379.92
525368335,9811363528,5196,黄金词,5.93,9.0,13.0,1.4444444444444444,0.5530654996936872,2.744171490662632,1.1849264605690937,3.324365208819467e-05,178379.92
525368335,9811363528,5219,黄金词,8.05,7.0,16.0,2.2857142857142856,0.5530654996936872,1.572264438611537,1.0793579454060787,4.512839786002819e-05,178379.92
525368335,9811363528,5220,黄金词,6.19,4.0,8.0,2.0,0.5530654996936872,1.168403298483533,1.0185516358357904,3.470121524889124e-05,178379.92
525368335,9811363528,5222,黄金词,6.44,4.0,15.0,3.75,0.5530654996936872,1.1230460275796692,1.0140399790505505,3.6102718288022554e-05,178379.92
525368335,9811363528,5228,潜力词,6.63,5.0,4.0,0.8,0.5530654996936872,1.363577755960232,1.0425661402439754,3.716786059776234e-05,178379.92
525368335,9811363528,5230,黄金词,0.22,1.0,0.0,0.0,0.5530654996936872,8.218655020014854,1.0316229411470186,1.233322674435553e-06,178379.92
525368335,9811363528,5242,潜力词,3.64,3.0,1.0,0.3333333333333333,0.5530654996936872,1.4901956904422533,1.0332645845117412,2.0405884249751876e-05,178379.92
525368335,9811363528,5255,潜力词,7.45,9.0,3.0,0.3333333333333333,0.5530654996936872,2.184286837534149,1.1535759258421132,4.1764790566113044e-05,178379.92
525368335,9811363528,5260,重点词,310.37,345.0,915.0,2.652173913043478,0.5530654996936872,2.0098460418826796,1.8697336515778984,0.001739937993020739,178379.92
525368335,9811363528,5271,重点词,20.07,22.0,132.0,6.0,0.5530654996936872,1.981977593267159,1.2812657385025243,0.00011251266398146158,178379.92
525368335,9811363528,5292,黄金词,3.93,3.0,5.0,1.6666666666666667,0.5530654996936872,1.3802321407658529,1.027708368500089,2.20316277751442e-05,178379.92
525368335,9811363528,5309,潜力词,4.65,10.0,5.0,0.5,0.5530654996936872,3.888395923447887,1.2457647034589692,2.6067956527842372e-05,178379.92
525368335,9811363528,5313,潜力词,0.89,1.0,1.0,1.0,0.5530654996936872,2.03157764539693,1.0180409531224852,4.989350819307464e-06,178379.92
525368335,9811363528,5326,黄金词,1.8,2.0,0.0,0.0,0.5530654996936872,2.009004560448075,1.0350619345329448,1.0090821881745434e-05,178379.92
525368335,9811363528,5327,潜力词,1.93,2.0,2.0,1.0,0.5530654996936872,1.873683009744319,1.0324707916196136,1.0819603462093714e-05,178379.92
525368335,9811363528,5378,潜力词,0.15,1.0,1.0,1.0,0.5530654996936872,12.054027362688451,1.0330628934078419,8.409018234787861e-07,178379.92
525368335,9811363528,5395,潜力词,3.89,3.0,1.0,0.3333333333333333,0.5530654996936872,1.3944247591798977,1.0284711878495048,2.1807387288883187e-05,178379.92
525368335,9811363528,5406,黄金词,0.86,1.0,0.0,0.0,0.5530654996936872,2.1024466330270553,1.018641449162471,4.821170454611707e-06,178379.92
525368335,9811363528,5449,黄金词,4.71,6.0,25.0,4.166666666666667,0.5530654996936872,2.3033173304500223,1.1122029725172655,2.6404317257233884e-05,178379.92
525368335,9811363528,5460,重点词,9272.73,2590.0,5678.0,2.1922779922779925,0.5530654996936872,0.5050281449373014,0.5076827957480763,0.051983037104176295,178379.92
525368335,9811363528,5474,潜力词,3.52,4.0,5.0,1.25,0.5530654996936872,2.0546637550037135,1.0693650302244595,1.9733162790968848e-05,178379.92
525368335,9811363528,5481,黄金词,0.15,1.0,0.0,0.0,0.5530654996936872,12.054027362688451,1.0330628934078419,8.409018234787861e-07,178379.92
525368335,9811363528,5484,重点词,2870.73,670.0,867.0,1.2940298507462686,0.5530654996936872,0.4219936218140296,0.431888517579574,0.016093347278101706,178379.92
525368335,9811363528,5492,潜力词,5.47,7.0,4.0,0.5714285714285714,0.5530654996936872,2.313844374921915,1.1295606405412453,3.0664886496193066e-05,178379.92
525368335,9811363528,5497,黄金词,0.15,1.0,0.0,0.0,0.5530654996936872,12.054027362688451,1.0330628934078419,8.409018234787861e-07,178379.92
525368335,9811363528,5500,重点词,27.94,29.0,39.0,1.3448275862068966,0.5530654996936872,1.876700752601817,1.3142804596830222,0.00015663197965331524,178379.92
525368335,9811363528,5501,潜力词,0.15,1.0,1.0,1.0,0.5530654996936872,12.054027362688451,1.0330628934078419,8.409018234787861e-07,178379.92
525368335,9811363528,5505,潜力词,4.09,6.0,7.0,1.1666666666666667,0.5530654996936872,2.6524754587822996,1.1249514628659565,2.2928589720188235e-05,178379.92
525368335,9811363528,5508,黄金词,3.2,5.0,34.0,6.8,0.5530654996936872,2.8251626631301057,1.1097842203386528,1.7939238900880773e-05,178379.92
525368335,9811363528,5515,黄金词,2.51,1.0,0.0,0.0,0.5530654996936872,0.7203602009574772,0.9866331004456917,1.4071090512878354e-05,178379.92
525368335,9811363528,5522,潜力词,2.41,1.0,1.0,1.0,0.5530654996936872,0.7502506657274969,0.9885156287808295,1.3510489297225832e-05,178379.92
525368335,9811363528,5551,潜力词,0.3,2.0,2.0,1.0,0.5530654996936872,12.054027362688451,1.0659285926204083,1.6818036469575723e-06,178379.92
525368335,9811363528,5588,重点词,17.72,17.0,43.0,2.5294117647058822,0.5530654996936872,1.7346371204771756,1.1922293233144647,9.933853541362726e-05,178379.92
525368335,9811363528,5591,潜力词,0.31,2.0,1.0,0.5,0.5530654996936872,11.665187770343662,1.065716720508975,1.7378637685228247e-06,178379.92
525368335,9811363528,5596,重点词,1051.38,988.0,1708.0,1.728744939271255,0.5530654996936872,1.6991067503190362,1.6673689872255064,0.005894049061127509,178379.92
525368335,9811363528,5608,重点词,111.69,12.0,19.0,1.5833333333333333,0.5530654996936872,0.19426313235597825,0.4434241403478212,0.0006261354977623041,178379.92
525368335,9811363528,5624,潜力词,5.22,14.0,5.0,0.35714285714285715,0.5530654996936872,4.849321352805698,1.3638800699320128,2.9263383457061755e-05,178379.92
525368335,9811363528,5658,潜力词,2.07,2.0,2.0,1.0,0.5530654996936872,1.7469604873461524,1.0296947994777519,1.1604445164007247e-05,178379.92
525368335,9811363528,5705,黄金词,4.36,3.0,16.0,5.333333333333333,0.5530654996936872,1.2441083287178447,1.0195789608758243,2.4442213002450053e-05,178379.92
525368335,9811363528,5721,潜力词,5.21,4.0,4.0,1.0,0.5530654996936872,1.388179734666616,1.0366313424671811,2.9207323335496503e-05,178379.92
525368335,9811363528,5726,潜力词,5.1,3.0,2.0,0.6666666666666666,0.5530654996936872,1.0635906496489809,1.0058858859021742,2.8590661998278727e-05,178379.92
525368335,9811363528,5730,黄金词,2.54,2.0,4.0,2.0,0.5530654996936872,1.423704019215171,1.020483597426847,1.4239270877574112e-05,178379.92
525368335,9811363528,5745,黄金词,6.58,6.0,30.0,5.0,0.5530654996936872,1.6487271468722804,1.075444054903139,3.688755998993608e-05,178379.92
525368335,9811363528,5755,重点词,29.05,27.0,41.0,1.5185185185185186,0.5530654996936872,1.6805098388601798,1.250079833256018,0.00016285465314705826,178379.92
525368335,9811363528,5764,重点词,11.39,9.0,51.0,5.666666666666667,0.5530654996936872,1.4287038577374371,1.0795396145891742,6.38524784628225e-05,178379.92
525368335,9811363528,5771,重点词,165.76,118.0,152.0,1.2881355932203389,0.5530654996936872,1.287139746136496,1.2205982773432777,0.0009292525750656239,178379.92
525368335,9811363528,5792,黄金词,0.45,1.0,0.0,0.0,0.5530654996936872,4.01800912089615,1.0269198038533849,2.5227054704363585e-06,178379.92
525368335,9811363528,5800,潜力词,3.02,3.0,4.0,1.3333333333333333,0.5530654996936872,1.7961299050363584,1.0453472710903395,1.6930156712706226e-05,178379.92
525368335,9811363528,5802,黄金词,4.09,3.0,13.0,4.333333333333333,0.5530654996936872,1.3262377293911498,1.0246683733261195,2.2928589720188235e-05,178379.92
525368335,9811363528,5817,黄金词,4.01,6.0,14.0,2.3333333333333335,0.5530654996936872,2.7053926749176074,1.1266177490542417,2.2480108747666215e-05,178379.92
525368335,9811363528,5831,重点词,52.79,3.0,19.0,6.333333333333333,0.5530654996936872,0.10275264847906428,0.5391994582470065,0.00029594138174296746,178379.92
525368335,9811363528,5841,潜力词,3.53,6.0,5.0,0.8333333333333334,0.5530654996936872,3.073264766691106,1.1367200565368876,1.97892229125341e-05,178379.92
525368335,9811363528,5872,黄金词,0.96,2.0,3.0,1.5,0.5530654996936872,3.766883550840141,1.052123394992279,5.381771670264231e-06,178379.92
525368335,9811363528,5885,潜力词,1.71,2.0,1.0,0.5,0.5530654996936872,2.114741642576921,1.0368634347090802,9.586280787658162e-06,178379.92
525368335,9811363528,5888,黄金词,2.86,4.0,6.0,1.5,0.5530654996936872,2.5288169292353393,1.0827169204996796,1.6033194767662187e-05,178379.92
525368335,9811363528,5891,重点词,112.7,110.0,170.0,1.5454545454545454,0.5530654996936872,1.7647866147680518,1.5297569236899784,0.0006317975700403947,178379.92
525368335,9811363528,5896,重点词,18.37,25.0,53.0,2.12,0.5530654996936872,2.4606751556930693,1.3924616441433622,0.00010298244331536868,178379.92
525368335,9811363528,5897,潜力词,0.43,2.0,1.0,0.5,0.5530654996936872,8.409786532108221,1.0631808092168658,2.4105852273058536e-06,178379.92
525368335,9811363528,5902,潜力词,7.4,7.0,5.0,0.7142857142857143,0.5530654996936872,1.7103687474084963,1.091580639909806,4.148448995828678e-05,178379.92
525368335,9811363528,5913,黄金词,4.42,6.0,31.0,5.166666666666667,0.5530654996936872,2.4544399607284175,1.1181298167295037,2.4778573731841565e-05,178379.92
525368335,9811363528,5921,黄金词,1.97,1.0,0.0,0.0,0.5530654996936872,0.9178193423366839,0.9968848201732398,1.1043843948354724e-05,178379.92
525368335,9811363528,5928,潜力词,0.85,1.0,1.0,1.0,0.5530654996936872,2.1271812992979617,1.0188417719646659,4.765110333046454e-06,178379.92
525368335,9811363528,6021,潜力词,2.94,2.0,1.0,0.5,0.5530654996936872,1.2300027921110663,1.0127731055686917,1.6481675740184207e-05,178379.92
525368335,9811363528,6029,重点词,120.76,18.0,36.0,2.0,0.5530654996936872,0.26950872705580337,0.48340286881739764,0.0006769820280219881,178379.92
525368335,9811363528,6130,潜力词,2.93,3.0,1.0,0.3333333333333333,0.5530654996936872,1.8513011307883285,1.0471247366939318,1.6425615618618958e-05,178379.92
525368335,9811363528,6152,潜力词,7.29,9.0,8.0,0.8888888888888888,0.5530654996936872,2.23222728938675,1.156797642514041,4.0867828621069004e-05,178379.92
525368335,9811363528,6173,潜力词,1.4,1.0,1.0,1.0,0.5530654996936872,1.2915029317166198,1.007939768568157,7.848417019135337e-06,178379.92
525368335,9811363528,6220,潜力词,0.76,2.0,2.0,1.0,0.5530654996936872,4.758168695798073,1.0562688772420517,4.260569238959183e-06,178379.92
525368335,9811363528,6229,潜力词,1.21,1.0,1.0,1.0,0.5530654996936872,1.4943009127299731,1.01167943964857,6.783274709395541e-06,178379.92
525368335,9811363528,6231,潜力词,0.88,2.0,1.0,0.5,0.5530654996936872,4.109327510007427,1.0537776770598768,4.933290697742212e-06,178379.92
525368335,9811363528,6246,重点词,53.38,10.0,23.0,2.3,0.5530654996936872,0.3387231368308857,0.6585513739991553,0.0002992489289153174,178379.92
525368335,9811363528,6250,潜力词,1.47,1.0,1.0,1.0,0.5530654996936872,1.2300027921110663,1.0065689548164614,8.240837870092103e-06,178379.92
525368335,9811363528,6272,重点词,121.35,23.0,43.0,1.8695652173913044,0.5530654996936872,0.3426979349095604,0.5344989460243662,0.000680289575194338,178379.92
525368335,9811363528,6305,潜力词,3.8,5.0,6.0,1.2,0.5530654996936872,2.3790843478990364,1.0974074446471438,2.1302846194795915e-05,178379.92
525368335,9811363528,6307,重点词,20.78,8.0,22.0,2.75,0.5530654996936872,0.6960939766711328,0.9107775195708693,0.00011649293261259451,178379.92
525368335,9811363528,6340,黄金词,1.45,1.0,0.0,0.0,0.5530654996936872,1.2469683478643225,1.0069602352653695,8.1287176269616e-06,178379.92
525368335,9811363528,6343,重点词,40.22,9.0,35.0,3.888888888888889,0.5530654996936872,0.40459813375508225,0.7345703495857836,0.00022547380893544517,178379.92
525368335,9811363528,6353,潜力词,1.5,2.0,2.0,1.0,0.5530654996936872,2.4108054725376897,1.041091421530224,8.409018234787861e-06,178379.92
525368335,9811363528,6366,重点词,12.65,13.0,36.0,2.769230769230769,0.5530654996936872,1.858130700177271,1.173269806181045,7.09160537800443e-05,178379.92
525368335,9811363528,6372,潜力词,4.92,4.0,10.0,2.5,0.5530654996936872,1.4700033369132257,1.0421051787620734,2.7581579810104184e-05,178379.92
525368335,9811363528,6383,潜力词,2.7,5.0,4.0,0.8,0.5530654996936872,3.3483409340801247,1.1203134823912015,1.5136232822618151e-05,178379.92
525368335,9811363528,6432,潜力词,5.13,4.0,2.0,0.5,0.5530654996936872,1.4098277617179475,1.0381356143227476,2.8758842362974483e-05,178379.92
525368335,9811363528,6457,潜力词,0.73,1.0,1.0,1.0,0.5530654996936872,2.4768549375387225,1.021251805724488,4.092388874263426e-06,178379.92
525368335,9811363528,6474,重点词,12230.47,690.0,1211.0,1.7550724637681159,0.5530654996936872,0.1020068592652821,0.10566304319283013,0.06856416350001726,178379.92
525368335,9811363528,6483,重点词,21240.56,994.0,2010.0,2.022132796780684,0.5530654996936872,0.08461431712614205,0.08676406255997249,0.11907483757140377,178379.92
525368335,9811363528,6487,潜力词,4.97,9.0,4.0,0.4444444444444444,0.5530654996936872,3.274232784633684,1.205620100775503,2.7861880417930444e-05,178379.92
525368335,9811363528,6490,重点词,166.07,165.0,145.0,0.8787878787878788,0.5530654996936872,1.7964543700038489,1.6121496608809145,0.0009309904388341467,178379.92
525368335,9811363528,6503,潜力词,5.49,7.0,15.0,2.142857142857143,0.5530654996936872,2.3054150693666435,1.1291535183064132,3.077700673932357e-05,178379.92
525368335,9811363528,6510,黄金词,1.89,2.0,4.0,2.0,0.5530654996936872,1.9133376766172145,1.03326668353838,1.0595362975832704e-05,178379.92
525368335,9811363528,6518,重点词,10.03,8.0,46.0,5.75,0.5530654996936872,1.4421568130833642,1.0738769421160443,5.622830192994816e-05,178379.92
525368335,9811363528,6522,重点词,31241.97,10293.0,31253.0,3.0363353735548433,0.5530654996936872,0.59569916835023,0.5963451820586186,0.17514286361379688,178379.92
525368335,9811363528,6523,潜力词,1.35,1.0,1.0,1.0,0.5530654996936872,1.33933637363205,1.0089212094333646,7.5681164113090755e-06,178379.92
525368335,9811363528,6542,潜力词,2.88,3.0,2.0,0.6666666666666666,0.5530654996936872,1.8834417754200705,1.0481148319442095,1.6145315010792694e-05,178379.92
525368335,9811363528,6554,重点词,22.07,120.0,24.0,0.2,0.5530654996936872,9.831105234634894,3.704349833889165,0.00012372468829451207,178379.92
525368335,9811363528,6595,黄金词,2.0,1.0,0.0,0.0,0.5530654996936872,0.9040520522016338,0.9963096943154475,1.1212024313050481e-05,178379.92
525368335,9811363528,6601,潜力词,0.75,1.0,1.0,1.0,0.5530654996936872,2.4108054725376897,1.020849341958685,4.2045091173939305e-06,178379.92
525368335,9811363528,6607,重点词,2674.93,1735.0,2223.0,1.2812680115273776,0.5530654996936872,1.1727636316238814,1.1695935752990607,0.01499569009785406,178379.92
525368335,9811363528,6616,黄金词,5.75,3.0,6.0,2.0,0.5530654996936872,0.9433586631669222,0.9941580683983822,3.223456990002014e-05,178379.92
525368335,9811363528,6639,潜力词,0.69,1.0,1.0,1.0,0.5530654996936872,2.6204407310192286,1.022057686020976,3.868148388002416e-06,178379.92
525368335,9811363528,6641,黄金词,0.37,1.0,0.0,0.0,0.5530654996936872,4.886767849738561,1.0285508061227568,2.0742244979143393e-06,178379.92
525368335,9811363528,6662,黄金词,3.14,2.0,2.0,1.0,0.5530654996936872,1.1516586652250111,1.0089613889500664,1.7602878171489257e-05,178379.92
